time_s,base_translation_m,base_rotation_deg,robot_target_minimum_m,robot_target_censored
0.0,0.0,0.0,0.38597417994660893,False
0.020000000000000004,1.534569504064735e-05,0.007603774049742258,0.38507336342837106,False
0.04000000000000002,5.709046104551319e-05,0.028249350826899437,0.38263172361003256,False
0.06000000000000004,0.0001229522967399806,0.060515114689616505,0.37881112083393537,False
0.08000000000000006,0.0002020269989424415,0.09856593752766564,0.374211287955068,False
0.10000000000000007,0.0002810403559563563,0.13610039838089621,0.36948818039900083,False
0.12000000000000009,0.00035602148998126415,0.17145765790579148,0.3647984888677805,False
0.1400000000000001,0.0004289958566335661,0.20564115035651934,0.36011784098097527,False
0.16000000000000011,0.0005036795228929198,0.24068237967947212,0.35543848041458487,False
0.18000000000000013,0.000581729760255467,0.2775459273157815,0.3507590937883887,False
0.20000000000000015,0.0006623277222761837,0.31578103889608383,0.3460809017450676,False
0.22000000000000017,0.0007444321554164117,0.35479208619950536,0.34140359193491404,False
0.24000000000000019,0.0008269372755342333,0.3939560407514364,0.3367256296745914,False
0.2600000000000002,0.0009087384177989466,0.43266718202052634,0.3320450863309062,False
0.2800000000000002,0.0009891740198482162,0.47057328331727166,0.3273601294408012,False
0.3000000000000002,0.001068154724126418,0.5076323509340361,0.3226706936882603,False
0.32000000000000023,0.0011459413154144289,0.5439841846169208,0.3179762235908247,False
0.34000000000000025,0.0012229621348377258,0.5798503686210124,0.313275318449403,False
0.36000000000000026,0.001299659699035329,0.6154634010892756,0.308567800679901,False
0.3800000000000003,0.0013764919545734854,0.6510712529886387,0.30385364055475045,False
0.4000000000000003,0.0014538693735178176,0.6868760808581781,0.2991342673610288,False
0.4200000000000003,0.0015320245318421195,0.7229839655069459,0.2944113448586583,False
0.44000000000000034,0.001611044772743062,0.7594388867970104,0.28968592897064893,False
0.46000000000000035,0.0016909120265533614,0.7962285291029154,0.28495940861650354,False
0.48000000000000037,0.0017709583040119148,0.8330463722270448,0.28026304084103054,False
0.5000000000000003,0.0018436965363979032,0.8665771824664377,0.2759693121777062,False
0.5200000000000004,0.0019051904728077701,0.8950934785294112,0.27226498680587613,False
0.5400000000000004,0.001957644916922068,0.9195873089827326,0.269023504551111,False
0.5600000000000004,0.002002527939606223,0.9407233334426347,0.2661558582748326,False
0.5800000000000004,0.002040944601718924,0.9590175723318215,0.26359285396196613,False
0.6000000000000004,0.0020738693238388064,0.9749170475736356,0.2612771635972551,False
0.6200000000000004,0.0021021285320172445,0.9887748690622142,0.25916107507336117,False
0.6400000000000005,0.002126465404068623,1.0009062251202037,0.25720115057968346,False
0.6600000000000005,0.0021476291340354957,1.01163513823519,0.25535620587007035,False
0.6800000000000005,0.0021663475317505315,1.0212784811008015,0.25358864820287913,False
0.7000000000000005,0.0021833895506960426,1.0301902552244426,0.2518617849544057,False
0.7200000000000005,0.002199451974206793,1.0386850042850542,0.25014258641402387,False
0.7400000000000005,0.0022151278742259623,1.0470147774046208,0.24840234458283153,False
0.7600000000000006,0.0022309918293821978,1.05542283944405,0.24661415259638503,False
0.7800000000000006,0.002247600977356209,1.0641437081850673,0.24475283826905375,False
0.8000000000000006,0.0022654491903509703,1.073373857016493,0.242795773691223,False
0.8200000000000006,0.0022843444121908108,1.0829974332012497,0.24076296564805244,False
0.8400000000000006,0.0023029489094559576,1.092420547632555,0.23874887086575983,False
0.8600000000000007,0.002320617961673148,1.1013459401663186,0.2367963531361826,False
0.8800000000000007,0.0023386124818080447,1.1103271389346598,0.23482795757371264,False
0.9000000000000007,0.002358450120483811,1.1200546087827163,0.2327585298739531,False
0.9200000000000007,0.0023790050585743338,1.130060171517101,0.2306661167363971,False
0.9400000000000007,0.0024000557447713153,1.1402512709153272,0.22856696267407312,False
0.9600000000000007,0.002423735577300513,1.1515371298535237,0.22633338829609617,False
0.9800000000000008,0.002451178510048665,1.1643972843734667,0.22390468069002364,False
1.0000000000000007,0.0024826434616594876,1.1789398401958662,0.22127608930451023,False
1.0200000000000007,0.002518451713161764,1.1952996739709831,0.2184399031256854,False
1.0400000000000007,0.002558912372824516,1.21360610046901,0.21538984708908038,False
1.0600000000000007,0.002604297974801236,1.2339718455471953,0.21212238126162294,False
1.0800000000000007,0.0026548281120301396,1.2564853138592553,0.2086375699479727,False
1.1000000000000008,0.0027106521927319515,1.281202512306346,0.20493996852773735,False
1.1200000000000008,0.0027664871390063114,1.3055331041468794,0.20128788981067536,False
1.1400000000000008,0.0028213867899189015,1.3288194954375168,0.19764753373089722,False
1.1600000000000008,0.002878021293389093,1.3522080196880166,0.19384515584590153,False
1.1800000000000008,0.002936805928068105,1.375882857171222,0.189888038677922,False
1.2000000000000008,0.002998029389518182,1.3999503159076938,0.18578381889489973,False
1.2200000000000009,0.0030622453841196774,1.4247725268693578,0.18154661391170013,False
1.2400000000000009,0.0031306680436988437,1.4512426624018686,0.17719240282337073,False
1.260000000000001,0.0032044778148245102,1.4803060383135667,0.1727412023162321,False
1.280000000000001,0.003281834297140138,1.5113946432576746,0.16825384657358772,False
1.300000000000001,0.0033606560479357847,1.5436312520341016,0.16377519214816014,False
1.320000000000001,0.0034408645810132202,1.576974628943729,0.15930817250033452,False
1.340000000000001,0.003522548289024463,1.6114518863797815,0.15485292452642974,False
1.360000000000001,0.003605252789526415,1.6467078999301905,0.15041064136808913,False
1.380000000000001,0.0036886600744604203,1.682503798500552,0.14598282512260813,False
1.400000000000001,0.0037728537952582248,1.7189078394892159,0.14157146281871752,False
1.420000000000001,0.003857737898746253,1.7558336953018687,0.13717836471437764,False
1.440000000000001,0.003943025706615691,1.7930531635844937,0.13280482417845177,False
1.460000000000001,0.004028312758723383,1.8302619184175688,0.12845217779686952,False
1.480000000000001,0.004113358366237489,1.8672882620150064,0.12412215403901461,False
1.500000000000001,0.004197899109481145,1.9039388050001054,0.11981943603830726,False
1.5200000000000011,0.004281461736073407,1.9398806787278098,0.11554866900354764,False
1.5400000000000011,0.004363397264848863,1.9746834658450876,0.11131220586086928,False
1.5600000000000012,0.004443379967223817,2.0081512760881943,0.10711264612900165,False
1.5800000000000012,0.004521418961862242,2.040318120377018,0.10295361577707458,False
1.6000000000000012,0.004597469019123673,2.0711786286141933,0.09883878308522932,False
1.6200000000000012,0.004671319762886392,2.1006350198108756,0.09477175884441551,False
1.6400000000000012,0.004744476254202492,2.1295700036303757,0.0907339795479158,False
1.6600000000000013,0.004820683210150355,2.1597374430425424,0.08665160211600376,False
1.6800000000000013,0.004900894796503278,2.1913294148349705,0.08250281882059651,False
1.7000000000000013,0.004983581812224211,2.2234158224464995,0.07832552404866483,False
1.7200000000000013,0.005067616437636513,2.2553446245301774,0.07415537896511075,False
1.7400000000000013,0.005152239222782513,2.2867399103929484,0.07002917994401639,False
1.7600000000000013,0.005236927231714345,2.3174233596244815,0.06597710552643914,False
1.7800000000000014,0.005321676630882028,2.3476141471307064,0.06203060426972085,False
1.8000000000000014,0.005405754234316656,2.377016493504758,0.058240739504239386,False
1.8200000000000014,0.005488560945082921,2.405351482918558,0.05459987702550922,False
1.8400000000000014,0.005570825947108505,2.4330959865130737,0.05102339610864463,False
1.8600000000000014,0.005653155173238887,2.460677012860551,0.04746157351735218,False
1.8800000000000014,0.005730525487867786,2.486336132643971,0.04411668141121962,False
1.9000000000000015,0.0057997462725713385,2.509025197077421,0.04112490351257964,False
1.9200000000000015,0.005861956718483597,2.5292373115385165,0.038441314456138805,False
1.9400000000000015,0.005918159389487221,2.547433018356321,0.03602745390800718,False
1.9600000000000015,0.005969269051228324,2.5640977550425785,0.03385561857952748,False
1.9800000000000015,0.006015871406244526,2.579494101584203,0.03190405110050733,False
2.0000000000000013,0.0060583591085835815,2.5937584284848443,0.030152092670812952,False
2.019999999999999,0.006097098923413805,2.607028150931932,0.028579950556176435,False
2.039999999999997,0.006132439124149169,2.6194377791693677,0.027169415328081377,False
2.0599999999999947,0.006164507321829527,2.630890426787048,0.025904385045991525,False
2.0799999999999925,0.00619341342248324,2.641266693245915,0.02477058294099078,False
2.0999999999999903,0.006219426321784842,2.6506276084040556,0.023754622489997025,False
2.119999999999988,0.006242846131125251,2.659087681809178,0.02284436031221129,False
2.139999999999986,0.0062639440464303505,2.6667495439385367,0.022028794192548187,False
2.1599999999999837,0.006282942213192503,2.6736820197749873,0.021297983156357284,False
2.1799999999999815,0.006300037568170485,2.679943091810401,0.020643099036535443,False
2.1999999999999793,0.006315415589629636,2.6855927450986568,0.020056239933023797,False
2.219999999999977,0.006329251322819577,2.6906931348288277,0.019530385235907926,False
2.239999999999975,0.006341705208804026,2.6953031724649743,0.019059239976997527,False
2.2599999999999727,0.006352919539235629,2.6994737265039923,0.01863711224345217,False
2.2799999999999705,0.0063630221712010805,2.703250454409937,0.018258902169385024,False
2.2999999999999683,0.0063721283300726735,2.706674677869531,0.017920044469394703,False
2.319999999999966,0.006380341629834185,2.709783594751986,0.017616445112547563,False
2.339999999999964,0.006387755070621517,2.712610532792891,0.01734442992322778,False
2.3599999999999617,0.006394452109113604,2.715185340923745,0.0171007099695541,False
2.3799999999999595,0.006400507745306718,2.717534889088947,0.016882342129353304,False
2.3999999999999573,0.006405989100438634,2.7196829597422982,0.01668666403384819,False
2.419999999999955,0.006410956455874805,2.7216510988144296,0.01651132656298227,False
2.439999999999953,0.006415464063654651,2.723458850520081,0.01635423164154933,False
2.4599999999999507,0.006419560526418823,2.725123639231892,0.016213482726162923,False
2.4799999999999485,0.006423289394126611,2.7266610261883018,0.016087378456142457,False
2.4999999999999463,0.0064266896871237565,2.7280848527617545,0.015974388092991194,False
2.519999999999944,0.006429796369899236,2.7294075680055854,0.015873149654005398,False
2.539999999999942,0.0064326408146058375,2.7306403754328086,0.015782446077478397,False
2.5599999999999397,0.006435251141331895,2.7317932147275634,0.01570117479963516,False
2.5799999999999375,0.006437650350464499,2.7328715163728656,0.01562829939336311,False
2.5999999999999353,0.00643986392671073,2.733888014475934,0.01556302031742392,False
2.619999999999933,0.006441911303867558,2.7348483758297593,0.015504521911869481,False
2.639999999999931,0.006443807004349506,2.7357533114872497,0.015452058708740841,False
2.6599999999999286,0.006445573846891855,2.736619417312672,0.015405108263443365,False
2.6799999999999264,0.006447225170559994,2.7374494920210033,0.015363038441441941,False
2.6999999999999242,0.006448768761837936,2.7382397568082535,0.015325296653395227,False
2.719999999999922,0.006450216523792201,2.73899462180346,0.015291473894961863,False
2.73999999999992,0.006451579374569365,2.7397181092455196,0.015261174610333056,False
2.7599999999999176,0.006452866778320468,2.740413665278886,0.015234028385184376,False
2.7799999999999154,0.006454087154361263,2.74108428003001,0.015209703892436728,False
2.7999999999999132,0.006455248202116035,2.7417327194209347,0.015187914484368825,False
2.819999999999911,0.006456356673262834,2.7423613994383134,0.015168392015567356,False
2.839999999999909,0.00645743550229448,2.743004735293494,0.015150935551399772,False
2.8599999999999066,0.006458486738685318,2.743656974217764,0.015135328975423454,False
2.8799999999999044,0.00645950140152908,2.7442936807698213,0.01512132018379705,False
2.899999999999902,0.006460483215536533,2.7449166260444344,0.015108731819525547,False
2.9199999999999,0.006461436164730794,2.745527618936962,0.015097439724163655,False
2.939999999999898,0.006462364120953967,2.746128022133587,0.015087320862111269,False
2.9599999999998956,0.00646327028762126,2.746718956674085,0.015078254848392127,False
2.9799999999998934,0.00646415745837707,2.7473013836865734,0.015070132199673526,False
2.999999999999891,0.006465028124177238,2.7478761482449885,0.0150628546068105,False
3.019999999999889,0.00646588451578003,2.748443999807444,0.015056334028178344,False
3.039999999999887,0.006466728630785162,2.749005604287596,0.01505049163147545,False
3.0599999999998846,0.006467562256753723,2.7495615529922195,0.015045256812676619,False
3.0799999999998824,0.0064683870359628585,2.750112397609071,0.015040570243893523,False
3.09999999999988,0.006469204352009331,2.7506586124839463,0.015036370511382662,False
3.119999999999878,0.006470015492057425,2.7512006087682424,0.015032608087231598,False
3.139999999999876,0.006470821622925859,2.7517387709931533,0.015029239721606635,False
3.1599999999998736,0.006471623773673989,2.7522734562459825,0.015026224849830565,False
3.1799999999998714,0.006472432121010062,2.7528328294882978,0.015023542235984023,False
3.199999999999869,0.006473245049328542,2.7534094964838003,0.015021136380019671,False
3.219999999999867,0.0064740555915021375,2.7539812241123247,0.015018962256829794,False
3.2399999999998648,0.006474865037734712,2.7545492607583864,0.01501701098277298,False
3.2599999999998626,0.006475674056438636,2.7551141833076866,0.015015264597143444,False
3.2799999999998604,0.006476482985154783,2.7556762629890494,0.015013699546130075,False
3.299999999999858,0.006477292164866553,2.7562356379309825,0.015012297500476075,False
3.319999999999856,0.006478101967637149,2.756792413312257,0.01501104290568574,False
3.3399999999998538,0.006478912733507301,2.7573466861168283,0.01500991863074495,False
3.3599999999998515,0.006479724790131486,2.7578985308796673,0.015008913941594941,False
3.3799999999998493,0.006480538400592469,2.758448027370476,0.015008015903278396,False
3.399999999999847,0.0064813537838896715,2.7589952433605114,0.0150072110130341,False
3.419999999999845,0.006482171151574087,2.759540226795463,0.015006489400985961,False
3.4399999999998427,0.006482990693288565,2.7600830184938987,0.015005842422234048,False
3.4599999999998405,0.0064838125727496344,2.7606236532420705,0.015005262333734538,False
3.4799999999998383,0.006484636930243876,2.7611621604981855,0.015004742186843265,False
3.499999999999836,0.00648546389876696,2.7616985664383176,0.015004278081451515,False
3.519999999999834,0.0064862935696776425,2.7622329055526254,0.01500386377534774,False
3.5399999999998317,0.006487124055559876,2.762773908399661,0.015003547382339673,False
3.5599999999998295,0.006487958098550928,2.7633201608631874,0.015003270260358702,False
3.5799999999998273,0.006488797201679566,2.7638647722066803,0.015002989523563394,False
3.599999999999825,0.006489640445172087,2.7644074989750913,0.015002731369008312,False
3.619999999999823,0.006490487082073638,2.764948154394374,0.015002485187119236,False
3.6399999999998207,0.0064913366081975135,2.7654866099626267,0.015002257491193669,False
3.6599999999998185,0.006492189142040371,2.7660228490931695,0.015002055926561862,False
3.6799999999998163,0.0064930446850658165,2.766556897160488,0.015001876704296964,False
3.699999999999814,0.00649390321202294,2.7670887708192073,0.015001715845809564,False
3.719999999999812,0.006494764708303951,2.7676184773377925,0.015001571294025042,False
3.7399999999998097,0.0064956291598268785,2.7681460252349823,0.015001441352837956,False
3.7599999999998075,0.006496496548568386,2.7686714249795727,0.015001324516874422,False
3.7799999999998053,0.006497366852552096,2.7691946889854795,0.015001219436123522,False
3.799999999999803,0.006498240044688405,2.769715839614029,0.01500112331861489,False
3.819999999999801,0.006499116108166949,2.770234889623388,0.015001035548047284,False
3.8399999999997987,0.006499995021449943,2.7707518493436387,0.015000956564520695,False
3.8599999999997965,0.00650087674788448,2.771266738748172,0.015000885530899899,False
3.8799999999997943,0.006501761245384157,2.771779580000669,0.015000821615812107,False
3.899999999999792,0.0065026484698658855,2.7722903972539035,0.015000764082368136,False
3.91999999999979,0.00650353837514909,2.7727992167285342,0.015000712279175401,False
3.9399999999997877,0.006504430911558644,2.7733060768815734,0.015000663966297073,False
3.9599999999997855,0.006505326041012573,2.773811005791203,0.015000619114815504,False
3.9799999999997833,0.006506223721104655,2.774314028003142,0.015000578754964862,False
3.999999999999781,0.006507123894581107,2.7748151787708566,0.01500054252073634,False
4.019999999999779,0.006508026499206006,2.7753144961490843,0.015000509988762553,False
4.039999999999777,0.006508931471316865,2.7758120206737864,0.015000480785507269,False
4.059999999999775,0.006509838745651407,2.7763077953922153,0.015000454585517239,False
4.079999999999773,0.0065107482545008356,2.7768018772564242,0.015000429445522623,False
4.0999999999997705,0.006511659941814759,2.7772943127897873,0.015000405597532242,False
4.119999999999768,0.0065125737469189,2.7777851442161183,0.015000384319738028,False
4.139999999999766,0.006513489594383323,2.7782744248903604,0.015000365473390708,False
4.159999999999764,0.006514407403394502,2.7787622238712175,0.015000347096199847,False
4.179999999999762,0.006515327105866573,2.779248599108371,0.015000329485199809,False
4.1999999999997595,0.006516248629682765,2.7797336034136,0.015000314054024357,False
4.219999999999757,0.006517171887855165,2.7802173012947096,0.015000300738720983,False
4.239999999999755,0.006518096788136481,2.7806997737039243,0.015000287636925607,False
4.259999999999753,0.006519023250885045,2.7811810905559646,0.015000275078868416,False
4.279999999999751,0.006519951192298113,2.7816613161576056,0.015000264525523457,False
4.2999999999997485,0.006520880514109076,2.7821405399629193,0.015000254255305845,False
4.319999999999746,0.006521811126139813,2.7826188409404558,0.015000244613666933,False
4.339999999999744,0.00652274293418099,2.7830963060041753,0.015000235327048903,False
4.359999999999742,0.006523675843789511,2.783573019422193,0.015000226923404495,False
4.37999999999974,0.006524609753617572,2.784049073857278,0.015000219225410467,False
4.3999999999997375,0.006525544560755413,2.7845245595484234,0.015000212786713572,False
4.419999999999735,0.0065264801562680145,2.7849995742296283,0.01500020760623139,False
4.439999999999733,0.0065274164318597444,2.78547422806382,0.015000202640060209,False
4.459999999999731,0.006528353284821718,2.785948625239587,0.01500019832742546,False
4.479999999999729,0.006529290618134149,2.786422885753626,0.015000193838378246,False
4.499999999999726,0.006530228342348219,2.7868971304003685,0.015000189142480658,False
4.519999999999724,0.006531166283854342,2.7873714207815006,0.015000191270681834,False
4.539999999999722,0.006532104443068332,2.787845821989562,0.015000200820052326,False
4.55999999999972,0.006533040750949939,2.7883195589208727,0.0150002122481167,False
4.579999999999718,0.006533974991923515,2.7887925269659632,0.015000223680723996,False
4.599999999999715,0.0065349080532793955,2.789265002335583,0.015000234219686949,False
4.619999999999713,0.006535839611540209,2.7897368011273334,0.015000243803212613,False
4.639999999999711,0.00653676938563922,2.790207765987224,0.015000252570118217,False
4.659999999999709,0.006537697109813061,2.7906777514805543,0.015000260563979552,False
4.679999999999707,0.006538622536740524,2.7911466220660937,0.01500026794745236,False
4.699999999999704,0.006539545426988805,2.791614249141074,0.015000274752118254,False
4.719999999999702,0.006540465554386798,2.792080510943958,0.01500028112594287,False
4.7399999999997,0.006541382698681208,2.7925452913196334,0.015000287064909575,False
4.759999999999698,0.006542296641130272,2.79300847704767,0.015000292434984998,False
4.779999999999696,0.0065432071742750715,2.7934699592088093,0.015000297271798222,False
4.799999999999693,0.006544114100266208,2.7939296337699204,0.01500030161604796,False
4.819999999999691,0.006545017242218097,2.794387404020114,0.015000305859403693,False
4.839999999999689,0.006545916426029257,2.7948431790966084,0.015000309945153587,False
4.859999999999687,0.0065468114779974424,2.795296870242622,0.015000313598631769,False
4.879999999999685,0.006547702249169529,2.7957483936952086,0.015000317303754005,False
4.899999999999682,0.0065485885925061224,2.7961976720258406,0.01500032097542659,False
4.91999999999968,0.00654947036053617,2.79664462994207,0.015000324236473305,False
4.939999999999678,0.006550347418388538,2.7970891942127443,0.015000327091352628,False
4.959999999999676,0.006551219640690173,2.79753129562171,0.015000329569099583,False
4.979999999999674,0.006552086910454939,2.797970868985394,0.015000331694399002,False
4.999999999999671,0.00655294911903808,2.7984078531016223,0.015000333487433362,False
5.019999999999669,0.006553806166170145,2.7988421907063454,0.015000334965649747,False
5.039999999999667,0.006554657989063935,2.799273830901882,0.01500033761051797,False
5.059999999999665,0.0065555045288734366,2.7997027341847476,0.01500034208858756,False
5.079999999999663,0.0065563457210330404,2.8001288665651747,0.01500034805761974,False
5.09999999999966,0.006557181513098612,2.8005521944995913,0.015000355810339658,False
5.119999999999658,0.006558011866056675,2.8009726888710014,0.015000365632428046,False
5.139999999999656,0.006558836721518828,2.801390329339494,0.015000375925223644,False
5.159999999999654,0.00655965605321214,2.8018050898069546,0.015000387189621357,False
5.1799999999996515,0.0065604698302633695,2.8022169508339765,0.015000398993458914,False
5.199999999999649,0.006561278012515911,2.8026258994958333,0.015000409567604558,False
5.219999999999647,0.006562080702263423,2.803031920817929,0.015000422266632469,False
5.239999999999645,0.006562877871529873,2.803435000472181,0.015000437636342893,False
5.259999999999643,0.0065636694230220335,2.803835133911305,0.015000452612199563,False
5.2799999999996405,0.006564455359289986,2.8042323222709293,0.015000465746458342,False
5.299999999999638,0.006565235705718645,2.804626564345203,0.015000476649783661,False
5.319999999999636,0.00656601049382212,2.8050178589700914,0.01500048536844327,False
5.339999999999634,0.006566779758178378,2.805406206839212,0.015000492079933035,False
5.359999999999632,0.006567543536504419,2.805791611301232,0.015000496977261978,False
5.3799999999996295,0.006568301870257575,2.8061740786188945,0.015000500234485974,False
5.399999999999627,0.006569055203593766,2.806553724407434,0.015000497449113288,False
5.419999999999625,0.006569803065125612,2.8069304158826243,0.015000497193904127,False
5.439999999999623,0.006570545675505226,2.8073042283338547,0.01500049524579198,False
5.459999999999621,0.006571283328580184,2.807675240257898,0.0150004896190234,False
5.4799999999996185,0.00657201576537223,2.8080433825192377,0.015000485861190063,False
5.499999999999616,0.006572743047811655,2.8084086921370415,0.015000482021672576,False
5.519999999999614,0.006573465271509033,2.808771207091967,0.015000476954394586,False
5.539999999999612,0.006574182537067923,2.809130962086528,0.015000470263547136,False
5.55999999999961,0.00657489494645118,2.809487990992882,0.015000461924759559,False
5.5799999999996075,0.006575602602591258,2.8098423284882035,0.015000452064685832,False
5.599999999999605,0.006576307641787616,2.8101944102575245,0.015000465010129579,False
5.619999999999603,0.006577013632452656,2.8105451964439285,0.015000503111515571,False
5.639999999999601,0.006577721087248016,2.8108950219596913,0.015000536845607568,False
5.659999999999599,0.006578429045710419,2.811243685125556,0.015000557947642107,False
5.6799999999995965,0.00657913714335857,2.8115910210658632,0.015000575610905802,False
5.699999999999594,0.006579844946637698,2.8119369211051257,0.015000589496971101,False
5.719999999999592,0.0065805521068984995,2.8122813208770743,0.015000596686330745,False
5.73999999999959,0.006581258452167484,2.8126241016563007,0.015000609514150727,False
5.759999999999588,0.00658196366939184,2.8129652497217665,0.015000618999538494,False
5.7799999999995855,0.006582667561055691,2.8133047720703397,0.015000617379400671,False
5.799999999999583,0.006583369984878295,2.813642596985632,0.015000613772499538,False
5.819999999999581,0.0065840686014031384,2.813977837434798,0.01500073532051703,False
5.839999999999579,0.006584766371522006,2.814311648602148,0.015000817365968316,False
5.859999999999577,0.006585462581667317,2.814643927728294,0.015000868985212064,False
5.8799999999995745,0.006586157728278748,2.814974747250736,0.015000894485695238,False
5.899999999999572,0.006586851424970052,2.8153040768319144,0.01500089749659986,False
5.91999999999957,0.00658754179868771,2.815631162033559,0.015000998717145282,False
5.939999999999568,0.006588231774739345,2.8159570454401135,0.015001048155628426,False
5.959999999999566,0.006588922166457148,2.81628240215898,0.015000965321887145,False
5.979999999999563,0.006589609941818303,2.8166060112711664,0.015000921037693977,False
5.999999999999561,0.006590296026351685,2.8169278696874183,0.015000899735386937,False
6.019999999999559,0.006590982229264325,2.8172490164664223,0.015000791651383873,False
6.039999999999557,0.006591666491470739,2.8175687849157,0.01500069049589328,False
6.059999999999555,0.006592348458487686,2.8178868236012464,0.015000645435775778,False
6.079999999999552,0.006593029896143495,2.81820389637797,0.01500057751738019,False
6.09999999999955,0.0065937111068591495,2.8185201985645265,0.015000457347110287,False
6.119999999999548,0.006594390810646686,2.8188351142730994,0.015000350730946363,False
6.139999999999546,0.006595069002638842,2.819148631901398,0.015000276056332022,False
6.159999999999544,0.0065957463462481825,2.8194610939460656,0.01500021060406247,False
6.179999999999541,0.006596422957434501,2.8197725821776047,0.015000151729404056,False
6.199999999999539,0.006597098942853801,2.820083165113047,0.015000098351934749,False
6.219999999999537,0.0065977744258371804,2.820392914184959,0.015000049682538576,False
6.239999999999535,0.006598449538618354,2.8207019023894047,0.015000005110149827,False
6.259999999999533,0.006599124417142388,2.8210102032169933,0.014999964159504657,False
6.27999999999953,0.006599799198567381,2.821317890317402,0.014999926455838457,False
6.299999999999528,0.0066004740199919485,2.8216250373976672,0.014999891697357335,False
6.319999999999526,0.006601149017723474,2.8219317181680514,0.014999859635531737,False
6.339999999999524,0.006601824326821821,2.8222380062941275,0.01499983006149119,False
6.359999999999522,0.006602500080804424,2.822543975332347,0.014999802796701107,False
6.379999999999519,0.006603176411452338,2.822849698679575,0.014999777686494957,False
6.399999999999517,0.00660385344868012,2.8231552495159207,0.014999754595523966,False
6.419999999999515,0.006604531320445753,2.8234607007558585,0.014999733404477893,False
6.439999999999513,0.006605210152685429,2.8237661249967676,0.014999714007635105,False
6.459999999999511,0.006605890069263677,2.8240715944788524,0.014999696310973384,False
6.479999999999508,0.006606571191933082,2.8243771810378417,0.014999680230655493,False
6.499999999999506,0.006607253640300142,2.824682956070086,0.014999665691766185,False
6.519999999999504,0.0066079375158640905,2.8249890451016375,0.014999646303468641,False
6.539999999999502,0.006608623001399378,2.825295484352966,0.01499962719910607,False
6.5599999999995,0.006609310174721876,2.8256023395866494,0.014999608702456207,False
6.579999999999497,0.00660999919023202,2.825909667795449,0.014999592657997987,False
6.599999999999495,0.006610690098010768,2.8262175375555914,0.014999578642304442,False
6.619999999999493,0.006611383055736313,2.826526015247176,0.014999567193013399,False
6.639999999999491,0.006612078100820653,2.826835166771213,0.014999557961729896,False
6.6599999999994886,0.0066127753069429905,2.827145093234259,0.014999546906474152,False
6.679999999999486,0.006613474872633327,2.827455863058727,0.014999535029357719,False
6.699999999999484,0.0066141769020790905,2.8277675273310434,0.014999524211614903,False
6.719999999999482,0.00661488148252255,2.828080141032455,0.014999515556804531,False
6.73999999999948,0.00661558869720809,2.8283937630099,0.014999509545578028,False
6.7599999999994775,0.006616298628162297,2.8287084541804797,0.01499950628880986,False
6.779999999999475,0.006617011356798526,2.8290242761684694,0.01499950570385703,False
6.799999999999473,0.006617726963912096,2.829341290456987,0.014999507620249616,False
6.819999999999471,0.006618445529449597,2.829659557885958,0.014999511838844987,False
6.839999999999469,0.006619167132194673,2.8299791383688557,0.01499951816270305,False
6.8599999999994665,0.006619891849446592,2.8303000907270706,0.014999526411371486,False
6.879999999999464,0.006620619756733897,2.8306224726078364,0.014999536425819384,False
6.899999999999462,0.006621350927582649,2.830946340445469,0.014999548068447083,False
6.91999999999946,0.006622085433340944,2.831271749437047,0.01499956122059839,False
6.939999999999458,0.00662282334305461,2.831598753532528,0.014999575779115537,False
6.9599999999994555,0.006623564723386773,2.8319274054284698,0.01499959165307139,False
6.979999999999453,0.006624309638570426,2.832257756564339,0.014999608761022708,False
6.999999999999451,0.006625058150382898,2.832589857113667,0.014999627028578003,False
7.019999999999449,0.0066258103181354305,2.8329237559675016,0.014999646386460222,False
7.039999999999447,0.00662656619867273,2.833259500726102,0.014999666769075722,False
7.0599999999994445,0.006627325846377961,2.833597137676241,0.014999688113487996,False
7.079999999999442,0.006628089313180277,2.8339367117757277,0.014999710358662481,False
7.09999999999944,0.006628856648563071,2.8342782666307467,0.014999733444931978,False
7.119999999999438,0.006629627899571744,2.8346218444788773,0.01499975731363271,False
7.139999999999436,0.006630403110820411,2.8349674861613363,0.014999781906827566,False
7.1599999999994335,0.00663118232449713,2.8353152311050134,0.014999807167117825,False
7.179999999999431,0.006631965580367533,2.835665117296825,0.014999833037509304,False
7.199999999999429,0.006632752915776778,2.836017181262202,0.014999859461291148,False
7.219999999999427,0.006633544293365288,2.8363714164876104,0.014999889582200056,False
7.239999999999425,0.00663433976490429,2.836727865321909,0.014999923019223508,False
7.2599999999994225,0.006635139423604103,2.8370865964855922,0.014999956978995584,False
7.27999999999942,0.006635943298996229,2.837447644783275,0.014999990814545786,False
7.299999999999418,0.00663675141460108,2.837811039396568,0.015000024259319211,False
7.319999999999416,0.006637563792724239,2.838176807278432,0.015000057188337312,False
7.339999999999414,0.006638380453772954,2.838544973481571,0.015000089550447593,False
7.3599999999994115,0.006639201415662462,2.8389155612292964,0.015000121334145773,False
7.379999999999409,0.006640026693611959,2.839288591989945,0.015000152546356059,False
7.399999999999407,0.006640856300122168,2.839664085529698,0.015000183199559989,False
7.419999999999405,0.006641690244587463,2.8400420596804565,0.015000213327008806,False
7.439999999999403,0.006642528532032441,2.840422529522242,0.015000243052848167,False
7.4599999999994,0.006643371165646769,2.8408055088209294,0.015000272467253176,False
7.479999999999398,0.006644218147994315,2.8411910108203147,0.01500030154425915,False
7.499999999999396,0.006645069480671485,2.8415790480925223,0.015000330142366061,False
7.519999999999394,0.006645925161901637,2.8419696310110663,0.01500035813445187,False
7.539999999999392,0.00664678518586029,2.842362767155692,0.015000385467955013,False
7.559999999999389,0.006647649544032439,2.842758462028159,0.015000412106424612,False
7.579999999999387,0.006648518607373826,2.8431568666982083,0.015000422128358106,False
7.599999999999385,0.006649392206445561,2.8435579184689503,0.01500042046386847,False
7.619999999999383,0.006650269967405374,2.8439614756850737,0.015000420817401506,False
7.639999999999381,0.006651151881568409,2.844367539853616,0.015000422887892035,False
7.659999999999378,0.00665203794592103,2.84477611388869,0.015000426136403145,False
7.679999999999376,0.006652928146198822,2.845187195108885,0.015000430275851155,False
7.699999999999374,0.006653822460899928,2.8456007769516103,0.015000435125121217,False
7.719999999999372,0.006654720863467866,2.8460168498335374,0.01500044054481023,False
7.73999999999937,0.00665562332257036,2.8464354010642685,0.015000446449905135,False
7.759999999999367,0.006656529803248988,2.8468564155006764,0.01500045275232791,False
7.779999999999365,0.006657440267611932,2.84727987602097,0.015000459313779349,False
7.799999999999363,0.006658354673828727,2.847705762818727,0.015000466004604222,False
7.819999999999361,0.006659273155351593,2.8481341346360893,0.015000462940090012,False
7.839999999999359,0.006660195556747601,2.848564915161893,0.015000452629963263,False
7.859999999999356,0.006661121631792214,2.848997983310901,0.015000443514750182,False
7.879999999999354,0.006662051328699694,2.84943330711616,0.01500043588454573,False
7.899999999999352,0.0066629845933132556,2.849870856060405,0.015000429559804952,False
7.91999999999935,0.006663921363449102,2.850310595858132,0.015000424363936832,False
7.939999999999348,0.006664861565741578,2.8507524897005503,0.015000417431149559,False
7.959999999999345,0.006665805093965787,2.851196472522723,0.015000411751884565,False
7.979999999999343,0.006666751876432104,2.8516425027401207,0.015000406449231535,False
7.999999999999341,0.006667701828979141,2.8520905289393,0.015000402446125919,False
8.019999999999348,0.006668654869746737,2.8525405048364045,0.015000398632008041,False
8.039999999999354,0.006669610906210776,2.8529923731320803,0.015000395856849919,False
8.059999999999361,0.0066705698465903875,2.8534460803129647,0.015000393084749203,False
8.079999999999368,0.00667153159029223,2.853901562968617,0.01500039111838514,False
8.099999999999374,0.0066724960475300354,2.8543587625026823,0.015000391331094874,False
8.119999999999381,0.006673463134104706,2.8548176286421367,0.015000391794257318,False
8.139999999999388,0.006674432736496605,2.8552780923268384,0.015000392166579883,False
8.159999999999394,0.006675404736424387,2.8557400792010843,0.015000392332967679,False
8.179999999999401,0.006676379010575864,2.8562035108240216,0.015000392246399836,False
8.199999999999408,0.006677355430120338,2.856668304888223,0.015000391882756488,False
8.219999999999414,0.0066783338605615515,2.857134375245687,0.015000391224810146,False
8.239999999999421,0.006679314161674407,2.857601631876145,0.015000390257388101,False
8.259999999999428,0.006680296187445448,2.8580699808222527,0.0150003889662773,False
8.279999999999434,0.006681279786004386,2.8585393241263604,0.015000387338134746,False
8.299999999999441,0.00668226479954776,2.8590095597617298,0.015000385360529283,False
8.319999999999448,0.006683251064256985,2.8594805815587074,0.01500038302193009,False
8.339999999999455,0.00668423839651477,2.8599522758901372,0.015000382878453934,False
8.359999999999461,0.006685226678785161,2.860424558405526,0.015000383858904906,False
8.379999999999468,0.0066862157832529735,2.860897337302252,0.015000383323574437,False
8.399999999999475,0.006687205498048894,2.861370484475068,0.015000382927357538,False
8.419999999999481,0.006688195646646205,2.8618438849226355,0.015000382883491996,False
8.439999999999488,0.006689186121493535,2.8623174586111766,0.015000381467588234,False
8.459999999999495,0.006690176934342905,2.862791164561261,0.015000369511691659,False
8.479999999999501,0.006691167482202271,2.863264685960213,0.015000351302406331,False
8.499999999999508,0.0066921568873637765,2.8637376008126667,0.015000334367023214,False
8.519999999999515,0.006693144460879901,2.864209582886711,0.015000318395655767,False
8.539999999999521,0.006694129304605691,2.864680231543328,0.015000310854428283,False
8.559999999999528,0.006695110618121101,2.8651491917324172,0.015000313808977386,False
8.579999999999535,0.006696087960359613,2.8656162480083265,0.015000320014535148,False
8.599999999999541,0.006697060885894379,2.8660811804655633,0.01500032600202623,False
8.619999999999548,0.006698028856131921,2.866543734872074,0.015000331951618002,False
8.639999999999555,0.006698991354622158,2.8670036680810007,0.015000337957753447,False
8.659999999999561,0.006699947890448264,2.867460748889613,0.015000343992614944,False
8.679999999999568,0.006700897995470435,2.8679147566630214,0.01500034998931577,False
8.699999999999575,0.006701841222505488,2.8683654804995204,0.015000355878047772,False
8.719999999999581,0.00670277714424981,2.8688127187722956,0.01500036159709932,False
8.739999999999588,0.006703705352567382,2.8692562788341873,0.015000367094443162,False
8.759999999999595,0.006704625372953496,2.8696959528977506,0.015000371423962346,False
8.779999999999601,0.006705536822362442,2.870131552010761,0.015000374173432942,False
8.799999999999608,0.006706439388520248,2.8705629092593807,0.015000376078667214,False
8.819999999999615,0.006707332573910471,2.870989842879648,0.01500037957982292,False
8.839999999999621,0.006708215592513459,2.8714121588864754,0.015000388900438264,False
8.859999999999628,0.006709087532575687,2.871829714909534,0.01500039693782446,False
8.879999999999635,0.006709947588060562,2.8722423466458853,0.015000402124373306,False
8.899999999999642,0.0067107950516200185,2.8726498917650107,0.015000405652729433,False
8.919999999999648,0.006711629284423636,2.8730522071928326,0.015000408017637327,False
8.939999999999655,0.006712449723524598,2.873449162202865,0.015000411562919208,False
8.959999999999662,0.006713255842999764,2.8738406588844168,0.015000412680209099,False
8.979999999999668,0.006714047162998908,2.874226580582412,0.015000411848812217,False
8.999999999999675,0.006714823274428792,2.8746068203843635,0.01500041174790615,False
9.019999999999682,0.006715583844923989,2.8749812953080562,0.015000415740819768,False
9.039999999999688,0.006716328590581868,2.875349961231571,0.015000422871124673,False
9.059999999999695,0.006717057250520062,2.8757127814310346,0.015000430033686445,False
9.079999999999702,0.006717769595341359,2.8760697032880627,0.015000436901623436,False
9.099999999999708,0.006718465444121899,2.8764206535806314,0.015000448973559153,False
9.119999999999715,0.006719144672021864,2.876765620378246,0.015000464992903606,False
9.139999999999722,0.00671980718088095,2.877104613497533,0.015000479975754363,False
9.159999999999728,0.006720452889967301,2.8774376110269646,0.015000493390498044,False
9.179999999999735,0.006721081752715368,2.877764593584827,0.015000505243369018,False
9.199999999999742,0.006721693743430585,2.878085497108646,0.015000523767728069,False
9.219999999999748,0.006722288897930454,2.8784003454481866,0.015000547448430225,False
9.239999999999755,0.006722867286906919,2.878709203496821,0.015000568912731898,False
9.259999999999762,0.006723428986197213,2.8790120865907416,0.015000587115205763,False
9.279999999999768,0.006723974098930095,2.8793090069983576,0.015000602072115931,False
9.299999999999775,0.0067245027373187445,2.8795999092554005,0.015000624484496353,False
9.319999999999782,0.006725015061271233,2.8798848431172477,0.015000653172307555,False
9.339999999999788,0.006725511270487977,2.8801639211610643,0.015000678641942426,False
9.359999999999795,0.006725999073655113,2.880439023560152,0.015000698104008975,False
9.379999999999802,0.006726496235602355,2.8807145073944644,0.015000715578217584,False
9.399999999999809,0.006727003016193306,2.8809904718055557,0.015000722734808195,False
9.419999999999815,0.006727514477867668,2.8812657184458472,0.015000724440104293,False
9.439999999999822,0.006728029699071386,2.8815400519041194,0.015000723099049077,False
9.459999999999829,0.006728546772667075,2.8818130443060728,0.015000717653488305,False
9.479999999999835,0.006729064609797633,2.8820844384521376,0.015000710040091304,False
9.499999999999842,0.0067295820528612575,2.88235396713707,0.015000700436983757,False
9.519999999999849,0.006730098275959511,2.8826213855456184,0.015000696668943086,False
9.539999999999855,0.006730612453329028,2.882886457559404,0.015000705048843677,False
9.559999999999862,0.006731123901213284,2.883149104985091,0.015000715484588721,False
9.579999999999869,0.006731632205705709,2.883409253337059,0.01500072539113544,False
9.599999999999875,0.0067321369592945515,2.8836668149982487,0.015000733477035691,False
9.619999999999882,0.0067326378796646776,2.8839217473042242,0.01500073634902015,False
9.639999999999889,0.006733134785241035,2.884173996295555,0.015000735009520889,False
9.659999999999895,0.0067336274622290795,2.884423550862045,0.015000723908228663,False
9.679999999999902,0.006734116031295656,2.884670364037301,0.015000712582072607,False
9.699999999999909,0.006734600247983577,2.884914278252654,0.015000710606914127,False
9.719999999999915,0.006735078749871752,2.885155043633097,0.015000709077889307,False
9.739999999999922,0.006735551450714436,2.8853926388362234,0.015000707165208757,False
9.759999999999929,0.00673601859793715,2.8856271065336205,0.0150007035516037,False
9.779999999999935,0.006736480367901647,2.885858503426647,0.015000691147565845,False
9.799999999999942,0.006736936862913753,2.886086806353884,0.015000680539835241,False
9.819999999999949,0.006737386385007493,2.886311411720235,0.015000764948835444,False
9.839999999999955,0.006737831712036795,2.886533256619908,0.015000809475378253,False
9.859999999999962,0.006738272643425146,2.8867523628066873,0.015000818044160986,False
9.879999999999969,0.006738709616248841,2.8869686495725557,0.01500080781413757,False
9.899999999999975,0.006739143135877287,2.8871825221718277,0.01500074248625868,False
9.919999999999982,0.006739572260395518,2.887393489577168,0.015000702288891717,False
9.939999999999989,0.006739998417941403,2.8876018396868526,0.015000634997259689,False
9.959999999999996,0.006740421547881624,2.8878076292373267,0.015000540572612622,False
9.980000000000002,0.0067408413958465535,2.888010709988878,0.015000456197304265,False
10.000000000000009,0.006741258578541833,2.888211276272511,0.01500036685469959,False
10.020000000000016,0.006741673359319271,2.8884093306784906,0.015000277477181497,False
10.040000000000022,0.00674208594346424,2.888604929666961,0.015000193273897209,False
10.060000000000029,0.006742541821985942,2.8888099782775094,0.015000324530546874,False
10.080000000000036,0.006743083562551023,2.8890366567356507,0.01500062021824126,False
10.100000000000042,0.006743708190867351,2.889285119290294,0.015000910526825194,False
10.120000000000049,0.006744402618833528,2.889552071805012,0.015001184104558876,False
10.140000000000056,0.006745157283549877,2.8898350680689484,0.015001445756367325,False
10.160000000000062,0.006745964258144709,2.8901320409961553,0.015001702521010414,False
10.180000000000069,0.006746816865893117,2.890441288435378,0.015001943262131476,False
10.200000000000076,0.006747709178547215,2.890761234025888,0.015002168253162185,False
10.220000000000082,0.006748636050086139,2.8910904974999134,0.015002374698771644,False
10.240000000000089,0.006749592983459388,2.8914278411195586,0.015002563460449064,False
10.260000000000096,0.0067505760207221,2.891772134876104,0.01500273990807906,False
10.280000000000102,0.0067515818876182085,2.8921224771582383,0.015002894443494971,False
10.300000000000109,0.006752607683024868,2.8924780290832905,0.015003027533966592,False
10.320000000000116,0.006753650857459207,2.892838023056903,0.015003142917458356,False
10.340000000000122,0.006754709218480064,2.8932017857804717,0.01500324272996728,False
10.360000000000129,0.00675578094001463,2.8935687523078,0.015003323651997628,False
10.380000000000136,0.006756864601033207,2.893938497551555,0.015003372550751161,False
10.400000000000142,0.006757959129430252,2.894310720484581,0.015003370938213327,False
10.42000000000015,0.006759063935482959,2.8946853783986914,0.015003285760577856,False
10.440000000000156,0.006760178110447108,2.8950619631641694,0.01500311123294604,False
10.460000000000163,0.006761299922388214,2.895439700792591,0.015002887074635941,False
10.48000000000017,0.0067624277249760415,2.8958181175261215,0.015002659558270988,False
10.500000000000176,0.006763558045299556,2.8961960218853178,0.0150025799156817,False
10.520000000000183,0.006764694441998657,2.8965750339037735,0.01500246743541188,False
10.54000000000019,0.006765838044077248,2.8969554852052495,0.015002234641411582,False
10.560000000000196,0.006766985158525533,2.897335858915821,0.015002029396904962,False
10.580000000000203,0.006768135079373306,2.897716100378106,0.015001867073921307,False
10.60000000000021,0.00676928809140991,2.8980964496918378,0.015001721641311921,False
10.620000000000216,0.006770443874125573,2.8984768247325126,0.015001593085706446,False
10.640000000000223,0.006771602285887507,2.8988572120181786,0.015001477672290122,False
10.66000000000023,0.006772763045329392,2.899237557782951,0.015001375788289315,False
10.680000000000236,0.006773926011841973,2.8996178559393173,0.015001285109636029,False
10.700000000000243,0.006775091189237134,2.8999981512323916,0.015001199630581764,False
10.72000000000025,0.006776255336183701,2.9003774531675353,0.01500124932658216,False
10.740000000000256,0.006777422398002848,2.9007571324408348,0.015001257061271134,False
10.760000000000263,0.006778590735901757,2.901136654741676,0.015001285904724862,False
10.78000000000027,0.006779758601781732,2.901515488563944,0.015001404281170378,False
10.800000000000276,0.0067809283762308445,2.901894506992661,0.015001505084997344,False
10.820000000000283,0.0067820998002076525,2.9022736803523763,0.01500159264432312,False
10.84000000000029,0.00678327268508468,2.902653008127805,0.015001666276717562,False
10.860000000000296,0.006784446914759971,2.90303251320722,0.015001721934666859,False
10.880000000000303,0.006785622266783416,2.903412187422069,0.01500176295430819,False
10.90000000000031,0.006786798461241596,2.9037920080012403,0.015001796155690347,False
10.920000000000316,0.006787975298875111,2.904171980821958,0.015001822968891498,False
10.940000000000323,0.006789152590704287,2.904552117212314,0.015001844265401826,False
10.96000000000033,0.006790330153618579,2.9049324328595576,0.01500186047254562,False
10.980000000000336,0.00679150790456633,2.9053129761624503,0.015001865692045152,False
11.000000000000343,0.006792685621134181,2.9056937567821333,0.015001862566171743,False
11.02000000000035,0.006793863043196484,2.9060747739796398,0.015001856171534213,False
11.040000000000356,0.006795039989732141,2.9064560527979837,0.015001846577965269,False
11.060000000000363,0.006796216266586746,2.906837616854522,0.01500183428790971,False
11.08000000000037,0.006797391685722107,2.907219493608785,0.015001819300265739,False
11.100000000000376,0.006798566058619004,2.9076017120883577,0.015001801547929997,False
11.120000000000383,0.006799739196566371,2.907984302870774,0.01500178091944523,False
11.14000000000039,0.006800910911341503,2.90836729813259,0.015001757238788696,False
11.160000000000396,0.006802081012123007,2.9087507304658393,0.015001730375753926,False
11.180000000000403,0.006803249307325355,2.909134633222527,0.015001700174530407,False
11.20000000000041,0.006804415611049841,2.909519042421336,0.015001666270921978,False
11.220000000000416,0.006805579738257804,2.9099039950276997,0.015001628276036148,False
11.240000000000423,0.006806741382450373,2.910289492125592,0.015001592077968423,False
11.26000000000043,0.006807900358011531,2.910675568594181,0.015001556860864148,False
11.280000000000436,0.006809056573911183,2.9110622881514785,0.015001517287114258,False
11.300000000000443,0.006810209876647814,2.9114496976918707,0.015001471802425394,False
11.32000000000045,0.006811359968712926,2.911837800741989,0.01500142571261976,False
11.340000000000456,0.006812506677019703,2.9122266354427633,0.015001378328706542,False
11.360000000000463,0.0068136499466492926,2.91261627543383,0.015001323907367482,False
11.38000000000047,0.006814789510873825,2.913006729881964,0.015001266430001672,False
11.400000000000476,0.006815925063361288,2.913397992351262,0.015001211337973011,False
11.420000000000483,0.006817056394735343,2.9137900823605527,0.015001159874041433,False
11.44000000000049,0.006818183195544927,2.914182985854187,0.015001117649808474,False
11.460000000000496,0.006819305445644908,2.914576773990931,0.015001078314651282,False
11.480000000000503,0.006820423010463259,2.9149714829106217,0.01500104073616776,False
11.50000000000051,0.006821535719820184,2.915367145030331,0.01500100592231229,False
11.520000000000516,0.006822643415474181,2.915763791274492,0.015000974726335407,False
11.540000000000523,0.006823745994277399,2.916161456057084,0.01500094548114441,False
11.56000000000053,0.006824843344365896,2.916560168253278,0.015000917213325232,False
11.580000000000537,0.0068259352843114685,2.916959931925238,0.015000892356528893,False
11.600000000000543,0.0068270217103933535,2.917360769730798,0.01500087037449364,False
11.62000000000055,0.006828102551133101,2.917762709561562,0.015000849852634071,False
11.640000000000557,0.006829177655026381,2.9181657513704646,0.015000833374987794,False
11.660000000000563,0.0068302469743666385,2.9185699194635313,0.015000819365583203,False
11.68000000000057,0.006831310556425974,2.918975261696269,0.015000802785852094,False
11.700000000000577,0.006832368264010457,2.919381591501892,0.015000782283758576,False
11.720000000000583,0.006833419042094149,2.919788453540068,0.015000760875278473,False
11.74000000000059,0.006834462354156195,2.92019572838604,0.015000740771520863,False
11.760000000000597,0.00683549764399813,2.920603429131866,0.015000768290897974,False
11.780000000000603,0.006836525078194383,2.9210116537596806,0.015000825911761407,False
11.80000000000061,0.006837546193165337,2.9214208781728446,0.015000871625426102,False
11.820000000000617,0.0068385617788636974,2.921831389027121,0.015000907079325061,False
11.840000000000623,0.006839571788381255,2.9222431645901037,0.01500093424199573,False
11.86000000000063,0.006840576268260927,2.9226562009126127,0.015000954359469704,False
11.880000000000637,0.006841575309795627,2.9230704962691982,0.01500096829710001,False
11.900000000000643,0.006842569023632394,2.9234860425386042,0.015000976728123458,False
11.92000000000065,0.006843557545216608,2.923902827098732,0.015000980176268015,False
11.940000000000657,0.006844541024431085,2.9243208289633795,0.01500097910056832,False
11.960000000000663,0.0068455208566929465,2.9247403846958613,0.015000936302373436,False
11.98000000000067,0.006846496999565737,2.9251614232484986,0.015000867144907632,False
12.000000000000677,0.006847468527118607,2.92558357477877,0.015000806875080562,False
12.020000000000683,0.006848436949839181,2.9260072349014665,0.015000754750696697,False
12.04000000000069,0.0068494085240302085,2.9264344649294607,0.015000709758544105,False
12.060000000000697,0.006850387242355626,2.926866421562679,0.015000687660515774,False
12.080000000000704,0.006851373377450672,2.9273030651732372,0.015000681288173296,False
12.10000000000071,0.0068523670498711105,2.9277443484939343,0.015000672268960045,False
12.120000000000717,0.006853368174952103,2.9281900154647014,0.01500066366939268,False
12.140000000000724,0.006854376805082002,2.9286398881930356,0.015000648552214835,False
12.16000000000073,0.006855392839964321,2.9290937277174462,0.015000624198826435,False
12.180000000000737,0.006856415864257605,2.929551231298433,0.015000599102374843,False
12.200000000000744,0.0068574454373733695,2.930012184263236,0.01500057705257547,False
12.22000000000075,0.006858481198067291,2.9304764142738913,0.015000559931057039,False
12.240000000000757,0.006859522817980581,2.9309437619285785,0.01500054684166194,False
12.260000000000764,0.006860569929899395,2.9314140499689647,0.015000535810423467,False
12.28000000000077,0.006861622128803655,2.9318870772774788,0.01500052616038031,False
12.300000000000777,0.0068626789934840724,2.932362630238384,0.015000517463611517,False
12.320000000000784,0.006863740087488579,2.9328404845126124,0.015000509407979546,False
12.34000000000079,0.006864804958910131,2.9333204056676214,0.015000501752139525,False
12.360000000000797,0.006865873140095753,2.9338021494900124,0.015000494304134864,False
12.380000000000804,0.006866944147353131,2.9342854621655725,0.015000486909211318,False
12.40000000000081,0.006868017480678955,2.9347700803859906,0.015000479441469521,False
12.420000000000817,0.006869092660682922,2.935255744748701,0.015000472923111009,False
12.440000000000824,0.006870169226760571,2.935742202182792,0.015000466288310036,False
12.46000000000083,0.006871246635206335,2.93622917223499,0.015000462229176604,False
12.480000000000837,0.006872324472227395,2.9367164047823326,0.01500045449581457,False
12.500000000000844,0.006873402268733249,2.9372036386361775,0.015000438221652245,False
12.52000000000085,0.006874479282627898,2.9376905290930337,0.015000420595576042,False
12.540000000000857,0.006875554907906354,2.938176816914621,0.015000405100369136,False
12.560000000000864,0.0068766287727449645,2.938662363609409,0.015000389663005423,False
12.58000000000087,0.006877700529020858,2.9391470359458984,0.01500037284068826,False
12.600000000000877,0.006878769812097142,2.939630685858953,0.015000354563428275,False
12.620000000000884,0.006879836268223388,2.9401131671155403,0.015000335027534444,False
12.64000000000089,0.0068808995592398205,2.9405943391092104,0.0150003144743751,False
12.660000000000897,0.006881959363677894,2.941074067847867,0.015000293124225576,False
12.680000000000904,0.0068830151755559415,2.941552122035918,0.015000277834261024,False
12.70000000000091,0.006884066673177287,2.942028373492232,0.015000268038877532,False
12.720000000000917,0.006885113697502762,2.9425027765721463,0.015000258336947236,False
12.740000000000924,0.006886156009271718,2.942975234501052,0.015000247985311846,False
12.76000000000093,0.00688719337148136,2.943445646828329,0.015000236949269824,False
12.780000000000937,0.006888225559677827,2.943913917774838,0.015000225326353653,False
12.800000000000944,0.006889252364112963,2.944379957956217,0.015000213212052874,False
12.82000000000095,0.006890273589933388,2.944843684478635,0.015000200679142197,False
12.840000000000957,0.006891289056857492,2.945305020710749,0.015000187784694259,False
12.860000000000964,0.006892298598866147,2.9457638960930526,0.015000174575378403,False
12.88000000000097,0.006893302063934125,2.946220245985069,0.015000161089917015,False
12.900000000000977,0.006894299313768109,2.9466740115300643,0.015000147360816694,False
12.920000000000984,0.0068952902235250736,2.947125139505601,0.015000133416884009,False
12.94000000000099,0.006896274681449872,2.9475735821312607,0.01500011928976512,False
12.960000000000997,0.006897252588781534,2.9480192970487136,0.01500010500599028,False
12.980000000001004,0.006898223990788881,2.948462319455622,0.015000085800931167,False
13.00000000000101,0.006899188826072729,2.9489026177980144,0.015000062224054268,False
13.020000000001017,0.006900146948528501,2.9493401121013503,0.015000038397022266,False
13.040000000001024,0.006901098294314617,2.9497747713215707,0.015000015082408785,False
13.06000000000103,0.006902042823018482,2.950206578068931,0.014999992395595997,False
13.080000000001037,0.006902980697995023,2.95063562227243,0.014999962498743333,False
13.100000000001044,0.006903911911661787,2.9510618961565687,0.014999926130314431,False
13.12000000000105,0.006904836327194953,2.9514853195870527,0.014999889875433232,False
13.140000000001058,0.006905753927411979,2.9519058786212993,0.014999854970831663,False
13.160000000001064,0.006906664724188035,2.9523235773396026,0.014999821631418041,False
13.18000000000107,0.00690756874510038,2.952738427517651,0.014999789768796958,False
13.200000000001078,0.006908466029083381,2.9531504453843915,0.014999759226002808,False
13.220000000001084,0.006909356667319877,2.9535596832036757,0.014999727513429435,False
13.240000000001091,0.006910240720080301,2.953966161775685,0.014999694462395366,False
13.260000000001098,0.006911118217308029,2.954369877553163,0.01499966203190185,False
13.280000000001104,0.006911989220065591,2.954770851259121,0.014999630860371546,False
13.300000000001111,0.0069128538074615,2.9551691140844425,0.014999601064302608,False
13.320000000001118,0.006913712070431123,2.9555647025402476,0.01499957258086375,False
13.340000000001124,0.006914564108872831,2.9559576565650083,0.014999545308807443,False
13.360000000001131,0.0069154100304791195,2.9563480189278373,0.0149995191542124,False
13.380000000001138,0.00691624995023664,2.956735835053897,0.014999494040527623,False
13.400000000001144,0.006917084286560303,2.9571213249056423,0.014999457651844326,False
13.420000000001151,0.006917912868813866,2.957504355264175,0.014999423293634795,False
13.440000000001158,0.006918763437177376,2.9578946485816866,0.014999435662264443,False
13.460000000001164,0.006919652296725165,2.9582983602135355,0.014999420011330167,False
13.480000000001171,0.006920569885464435,2.9587119617844477,0.014999414640956608,False
13.500000000001178,0.0069215127145779345,2.9591342419029343,0.014999408371027196,False
13.520000000001184,0.006922477219746961,2.959563859885556,0.014999406684327414,False
13.540000000001191,0.006923460331537816,2.959999648717591,0.014999421571930415,False
13.560000000001198,0.006924460221411103,2.9604410263847063,0.014999433442133309,False
13.580000000001204,0.006925474564201135,2.960887182188272,0.014999458521239297,False
13.600000000001211,0.006926501554758535,2.961337473188527,0.014999496484453116,False
13.620000000001218,0.0069275394757942295,2.9617912340160837,0.01499954440653705,False
13.640000000001224,0.006928587069848527,2.962248036527592,0.014999600014965524,False
13.660000000001231,0.006929643083084401,2.962707411684876,0.014999661185757376,False
13.680000000001238,0.006930706415658328,2.9631689318947503,0.014999724937277144,False
13.700000000001245,0.006931776208196553,2.9636323188395886,0.014999791756948648,False
13.720000000001251,0.0069328516246054605,2.9640972610544103,0.014999860076726625,False
13.740000000001258,0.006933931945451102,2.9645635028691038,0.014999929775656395,False
13.760000000001265,0.006935016530351283,2.965030832959563,0.015000002448255537,False
13.780000000001271,0.006936102701062324,2.9654986231121065,0.015000156766907254,False
13.800000000001278,0.00693719319813515,2.9659673590791167,0.015000269695972387,False
13.820000000001285,0.006938286272680244,2.9664365901013605,0.015000361416047964,False
13.840000000001291,0.006939382674287625,2.9669064414808477,0.015000431953728542,False
13.860000000001298,0.006940481549899051,2.967376713949148,0.015000477551065351,False
13.880000000001305,0.006941580943416796,2.9678471036004725,0.015000561168373356,False
13.900000000001311,0.006942682550000957,2.9683179527555814,0.015000633362293325,False
13.920000000001318,0.006943786336883661,2.9687890359972777,0.015000667292346167,False
13.940000000001325,0.006944892047668795,2.9692603534105944,0.015000646611552683,False
13.960000000001331,0.0069459991985940175,2.9697317742609872,0.01500058740745299,False
13.980000000001338,0.006947107311961296,2.970203066477994,0.015000515129495762,False
14.000000000001345,0.006948216224361281,2.9706741607534135,0.015000429504941853,False
14.020000000001351,0.006949325683673446,2.971144977652143,0.015000331185222357,False
14.040000000001358,0.006950434104244369,2.971614830459625,0.015000292484399155,False
14.060000000001365,0.006951542929372449,2.9720844536519113,0.015000234449582733,False
14.080000000001371,0.006952652740235509,2.972554159727109,0.015000122243309561,False
14.100000000001378,0.006953762474230506,2.9730235292827127,0.015000021178822773,False
14.120000000001385,0.0069548723301026865,2.9734926954425833,0.014999936455358024,False
14.140000000001391,0.006955982545238087,2.973961752835915,0.014999864010347905,False
14.160000000001398,0.006957093323334055,2.974430776360084,0.014999801696682899,False
14.180000000001405,0.006958204861980345,2.974899840816717,0.014999748456768198,False
14.200000000001411,0.006959317359645219,2.9753690189070507,0.01499970216344947,False
14.220000000001418,0.006960430992936629,2.9758383866843023,0.01499966298989548,False
14.240000000001425,0.006961545953506196,2.976308032150767,0.014999631602391759,False
14.260000000001432,0.006962662456203129,2.9767780480042036,0.014999607158304909,False
14.280000000001438,0.006963780711422658,2.9772485256496304,0.01499958902181751,False
14.300000000001445,0.006964900926924471,2.977719556822409,0.014999576692426032,False
14.320000000001452,0.0069660233084695815,2.978191233859048,0.014999569733029669,False
14.340000000001458,0.006967148059643475,2.978663649490467,0.014999567743955031,False
14.360000000001465,0.006968275381473596,2.9791368965502674,0.01499957035503188,False
14.380000000001472,0.006969405472038526,2.9796110677033196,0.014999577222706199,False
14.400000000001478,0.006970538353409044,2.9800861726826904,0.014999590591190912,False
14.420000000001485,0.006971674139689297,2.980562278962234,0.014999609556021969,False
14.440000000001492,0.006972813076743663,2.9810395168160735,0.014999631198490626,False
14.460000000001498,0.006973955197478487,2.981517914201565,0.014999656458386055,False
14.480000000001505,0.006975100612890397,2.981997535249253,0.01499968441942962,False
14.500000000001512,0.006976249547635797,2.982478492380385,0.01499971313741673,False
14.520000000001518,0.006977402175451991,2.9829608728116797,0.014999742354049862,False
14.540000000001525,0.006978558658261078,2.98344475849778,0.01499977204965052,False
14.560000000001532,0.006979719152129293,2.983930229716236,0.014999802234587564,False
14.580000000001538,0.006980883808079094,2.9844173654802915,0.014999832907881608,False
14.600000000001545,0.006982052771861,2.984906243305511,0.01499986405356503,False
14.620000000001552,0.0069832261835605335,2.985396938912151,0.014999895643934015,False
14.640000000001558,0.00698440417721643,2.985889525945409,0.01499992764233888,False
14.660000000001565,0.006985586880463981,2.98638407572523,0.014999960004817904,False
14.680000000001572,0.006986774414190993,2.9868806570139474,0.014999992681043262,False
14.700000000001578,0.00698796689219651,2.9873793357856204,0.015000025614965556,False
14.720000000001585,0.006989164420847335,2.9878801750126986,0.015000058745338624,False
14.740000000001592,0.006990367098730346,2.988383234436812,0.01500009200618679,False
14.760000000001599,0.006991575016299875,2.9888885703573784,0.015000125327238793,False
14.780000000001605,0.0069927882555199435,2.989396235405329,0.015000158634329288,False
14.800000000001612,0.006994006889501336,2.9899062783283137,0.015000191849780246,False
14.820000000001619,0.0069952309821336425,2.990418743764941,0.01500022489275159,False
14.840000000001625,0.006996460587712439,2.9909336720256356,0.015000257679590963,False
14.860000000001632,0.006997695750561898,2.9914510988635246,0.015000290124163127,False
14.880000000001639,0.006998936430273645,2.9919710576339344,0.015000314723946143,False
14.900000000001645,0.007000182455144532,2.9924934885364523,0.015000332668494518,False
14.920000000001652,0.007001433712845114,2.9930183339082026,0.015000350280915186,False
14.940000000001659,0.007002690193531374,2.9935456025606157,0.015000368238243895,False
14.960000000001665,0.007003821627373831,2.994026220152013,0.015000312016699803,False
14.980000000001672,0.007004865881920749,2.994474021216072,0.015000300602175668,False
15.000000000001679,0.007005923674949487,2.9949274197063103,0.015000348241397473,False
15.020000000001685,0.007006989729895735,2.9953847183133853,0.015000382358131276,False
15.040000000001692,0.00700806219912464,2.9958451574990748,0.015000408808513697,False
15.060000000001699,0.007009140634679996,2.9963085254994404,0.015000431329076696,False
15.080000000001705,0.007010224951347384,2.9967747848877,0.015000448199151454,False
15.100000000001712,0.007011315032205963,2.9972438984873615,0.015000455520908758,False
15.120000000001719,0.0070123757228880285,2.9977031126714,0.01500044174749695,False
15.140000000001725,0.007013417179800086,2.998155938154101,0.015000438979460497,False
15.160000000001732,0.007014466245352856,2.998612157359434,0.015000452264405375,False
15.180000000001739,0.007015521292702759,2.9990712596120033,0.015000464876614128,False
15.200000000001745,0.0070165817233784,2.9995330127824418,0.01500047558338616,False
15.220000000001752,0.007017647250568527,2.999997286183914,0.015000484964077845,False
15.240000000001759,0.007018717657227807,3.0004639752751743,0.015000493428401008,False
15.260000000001765,0.007019792715603089,3.0009329596286336,0.015000503659104776,False
15.280000000001772,0.007020872237288012,3.001404149538323,0.015000514916592385,False
15.300000000001779,0.007021956009932465,3.0018774523328764,0.015000524777490025,False
15.320000000001786,0.007023043740995398,3.00235271967772,0.015000535596049419,False
15.340000000001792,0.007024135172731331,3.002829829991151,0.015000546620791998,False
15.360000000001799,0.007025230027973514,3.003308660337871,0.015000555412523521,False
15.380000000001806,0.007026327961586439,3.003789048806321,0.015000561761481259,False
15.400000000001812,0.007027428600647405,3.0042708090273487,0.015000567911911787,False
15.420000000001819,0.007028531599579741,3.0047537666618713,0.015000575495370932,False
15.440000000001826,0.007029636635329491,3.0052377646453183,0.015000584054796672,False
15.460000000001832,0.007030743381910426,3.005722655831153,0.015000590243671723,False
15.480000000001839,0.007031851446661445,3.006208242202048,0.015000595364175279,False
15.500000000001846,0.0070329604661676795,3.0066943497690475,0.015000597438052553,False
15.520000000001852,0.0070340700827723705,3.007180805798599,0.015000594160368613,False
15.540000000001859,0.007035179920854392,3.0076674304403026,0.015000582195379412,False
15.560000000001866,0.007036289543140077,3.0081540226980934,0.01500055702029393,False
15.580000000001872,0.007037394877257483,3.0086390539099495,0.015000536087546154,False
15.600000000001879,0.007038497512029049,3.009123370761453,0.015000517687240665,False
15.620000000001886,0.0070396009279872895,3.0096085937471573,0.015000496512195849,False
15.640000000001892,0.007040705344936798,3.0100950396177333,0.015000480407380343,False
15.660000000001899,0.007041811204508715,3.0105831135352,0.015000470845568168,False
15.680000000001906,0.0070429189811358804,3.0110732256296666,0.015000467563815569,False
15.700000000001912,0.007044029137305986,3.011565769319691,0.015000469652301162,False
15.720000000001919,0.0070451421091267145,3.012061114543665,0.015000476062617745,False
15.740000000001926,0.007046258303011693,3.0125596068199396,0.015000485825752459,False
15.760000000001932,0.007047378082823734,3.013061576368119,0.015000494673357253,False
15.78000000000194,0.007048501743528927,3.013567303501184,0.015000501773226474,False
15.800000000001946,0.007049629562806667,3.014077040571762,0.015000509203219246,False
15.820000000001953,0.007050761830566545,3.014591042031771,0.015000517284460791,False
15.84000000000196,0.007051898825670366,3.0151095521245566,0.0150005259668774,False
15.860000000001966,0.00705304081160195,3.0156328017067486,0.015000535093686589,False
15.880000000001973,0.007054188024555372,3.016161018644121,0.015000541216180593,False
15.90000000000198,0.007055340627635565,3.016694377926629,0.015000544544988007,False
15.920000000001986,0.0070564987776296295,3.0172330335486257,0.015000547756419881,False
15.940000000001993,0.007057662671969706,3.017777143307735,0.01500055452077976,False
15.960000000002,0.007058832554032375,3.018326894447587,0.015000564627305814,False
15.980000000002006,0.007060008649285255,3.0188824727670696,0.015000575156654048,False
16.00000000000201,0.007061191108764927,3.0194440048039177,0.015000587500253479,False
16.020000000002,0.007062380077596533,3.0200116110867006,0.015000604916300507,False
16.04000000000199,0.007063575750409162,3.0205854413420683,0.01500062532783292,False
16.060000000001978,0.007064778302084617,3.0211656311683908,0.015000645045886354,False
16.080000000001966,0.007065987850934153,3.021752282277886,0.0150006628809239,False
16.100000000001955,0.007067204374665211,3.0223454144600144,0.015000688965945549,False
16.120000000001944,0.007068427970273728,3.0229450937633815,0.01500072357600157,False
16.140000000001933,0.007069658832912218,3.0235514416753277,0.015000758197840714,False
16.160000000001922,0.007070897071569586,3.024164541839482,0.015000789710987738,False
16.18000000000191,0.007072142749698588,3.0247844459826867,0.01500081646242369,False
16.2000000000019,0.007073395896931823,3.025411182156286,0.015000837697551556,False
16.22000000000189,0.007074656517568764,3.026044760726199,0.015000853222722734,False
16.240000000001878,0.007075924596635442,3.026685178303556,0.015000863164165854,False
16.260000000001867,0.007077200103915196,3.0273324202106218,0.015000867808751234,False
16.280000000001856,0.007078482996500428,3.027986461951575,0.015000867505999943,False
16.300000000001845,0.0070797732203435,3.0286472700578373,0.015000862612227946,False
16.320000000001833,0.007081070711164082,3.0293148025374568,0.015000853462177841,False
16.340000000001822,0.0070823753949645005,3.029989009107168,0.015000840357735582,False
16.36000000000181,0.007083687188323939,3.0306698313147225,0.01500082356651443,False
16.3800000000018,0.007085005998583209,3.031357202615151,0.015000803325565693,False
16.40000000000179,0.007086331723989628,3.0320510484365863,0.015000779847222784,False
16.420000000001778,0.007087664253842155,3.0327512862736516,0.015000753325279597,False
16.440000000001767,0.007089003468657372,3.03345782579681,0.01500072394059463,False
16.460000000001756,0.007090349240364451,3.0341705689867786,0.015000691865690079,False
16.480000000001745,0.007091701432529925,3.034889410301633,0.015000657268277125,False
16.500000000001734,0.007093059900609315,3.0356142368515555,0.015000620313779543,False
16.520000000001723,0.007094424492220947,3.036344928598014,0.01500058116703331,False
16.54000000000171,0.007095795047437095,3.037081358562421,0.015000539993327755,False
16.5600000000017,0.00709717139908797,3.03782339304184,0.015000496958964219,False
16.58000000000169,0.007098553373074775,3.038570891830761,0.015000452231481432,False
16.60000000000168,0.007099940788688887,3.0393237084488964,0.015000405979645798,False
16.620000000001667,0.007101333458934888,3.0400816903711516,0.015000358373291068,False
16.640000000001656,0.007102731190855804,3.0408446792597275,0.01500030958307005,False
16.660000000001645,0.007104133785859354,3.0416125111964347,0.015000259780151891,False
16.680000000001634,0.0071055410400443384,3.042385016917582,0.015000209135891712,False
16.700000000001623,0.00710695274452657,3.0431620220518987,0.015000157821486986,False
16.720000000001612,0.0071083686857638315,3.0439433473566884,0.015000106007616499,False
16.7400000000016,0.007109788645879513,3.0447288089545745,0.015000053864097931,False
16.76000000000159,0.007111212402984588,3.04551821857371,0.015000001559528714,False
16.78000000000158,0.007112639731497629,3.0463113837880695,0.01499994926092964,False
16.800000000001567,0.007114070402462596,3.0471081082573304,0.014999897133409767,False
16.820000000001556,0.007115504183864137,3.047908191967283,0.014999845339797976,False
16.840000000001545,0.0071169408409400845,3.048711431475068,0.014999794040317496,False
16.860000000001534,0.0071183801357328205,3.049517619807786,0.01499974341269733,False
16.880000000001523,0.007119821828081438,3.0503265470327676,0.014999693629240935,False
16.900000000001512,0.007121265676574892,3.0511380007929123,0.014999644838928726,False
16.9200000000015,0.007122711438503512,3.051951766390556,0.014999597180084277,False
16.94000000000149,0.007124158870057272,3.0527676269685227,0.014999550783857127,False
16.96000000000148,0.007125607726571179,3.053585363727038,0.014999505775836044,False
16.980000000001468,0.007127057762784591,3.054404756152585,0.01499946227691983,False
17.000000000001457,0.007128508733107911,3.055225582250057,0.014999420403667705,False
17.020000000001446,0.007129960391892144,3.05604761878346,0.01499938026832317,False
17.040000000001434,0.0071314124936980045,3.0568706415160736,0.014999341978648209,False
17.060000000001423,0.007132864793562346,3.0576944254510208,0.014999305637647878,False
17.080000000001412,0.007134317047260433,3.0585187450722424,0.014999271343256333,False
17.1000000000014,0.007135769011563157,3.0593433745830114,0.014999239188013205,False
17.12000000000139,0.007137220444488662,3.0601680881462787,0.014999209258762117,False
17.14000000000138,0.007138671105548117,3.0609926601177984,0.014999181636366203,False
17.160000000001368,0.007140120755985508,3.061816865278706,0.01499915639546158,False
17.180000000001357,0.007141569159011449,3.0626404790713653,0.01499913360422543,False
17.200000000001346,0.007143016080031,3.0634632778251567,0.014999113324193064,False
17.220000000001335,0.007144461286865606,3.064285038987918,0.01499909561008237,False
17.240000000001324,0.007145904549969193,3.065105541345443,0.014999080509648103,False
17.260000000001313,0.007147345642638487,3.065924565251886,0.014999068063560715,False
17.2800000000013,0.007148784341217666,3.06674189284158,0.01499905830530144,False
17.30000000000129,0.0071502204252973925,3.0675573082551093,0.01499905126107264,False
17.32000000000128,0.007151653677908311,3.068370597846348,0.014999046949734095,False
17.340000000001268,0.007153083885709105,3.069181550403295,0.014999045382747694,False
17.360000000001257,0.007154510839169187,3.0699899573513343,0.014999046564140318,False
17.380000000001246,0.007155934332746118,3.0707956129650853,0.01499905049048927,False
17.400000000001235,0.007157354165057856,3.071598314567466,0.014999057150915613,False
17.420000000001224,0.007158770139049956,3.072397862736898,0.01499906652709577,False
17.440000000001213,0.007160182062157806,3.0731940614993873,0.014999078593294938,False
17.4600000000012,0.00716158974646406,3.0739867185282965,0.014999093316405107,False
17.48000000000119,0.007162993008851386,3.0747756453342623,0.014999110656018753,False
17.50000000000118,0.007164391671150662,3.0755606574538135,0.014999130564491946,False
17.52000000000117,0.007165785560284816,3.076341574638612,0.014999152987052275,False
17.540000000001157,0.007167174508408399,3.077118221033472,0.014999177861907353,False
17.560000000001146,0.007168558353043152,3.0778904253602546,0.014999205120364,False
17.580000000001135,0.007169936937209669,3.0786580210939056,0.014999234686992623,False
17.600000000001124,0.0071713101095553875,3.079420846635387,0.014999266479767856,False
17.620000000001113,0.007172677724479108,3.080178745483439,0.014999300410270967,False
17.640000000001102,0.007174039642252218,3.0809315664051646,0.014999336383865839,False
17.66000000000109,0.007175395729136879,3.08167916359743,0.014999374299930306,False
17.68000000000108,0.007176745857501361,3.0824213968542327,0.014999414052075962,False
17.70000000000107,0.007178089905932784,3.083158131725396,0.014999455528403274,False
17.720000000001058,0.007179427759347514,3.083889239673696,0.014999498611766755,False
17.740000000001046,0.007180759309099439,3.084614598234709,0.014999543180048092,False
17.760000000001035,0.007182084453086405,3.085334091168507,0.014999589106470637,False
17.780000000001024,0.007183403095855076,3.086047608611266,0.014999636259897444,False
17.800000000001013,0.007184715148704489,3.086755047226806,0.014999684505170122,False
17.820000000001002,0.007186020529788582,3.087456310358067,0.014999733703452391,False
17.84000000000099,0.0071873191642180066,3.088151308170519,0.014999783712589013,False
17.86000000000098,0.007188610984161486,3.088839957800743,0.014999834387482092,False
17.88000000000097,0.007189895928947068,3.089522183505468,0.01499988558047618,False
17.900000000000958,0.007191173945163526,3.09019791680023,0.014999937141753248,False
17.920000000000947,0.007192444986762273,3.090867096611264,0.01499998891975157,False
17.940000000000936,0.007193709015160054,3.091529669412792,0.01500004076157923,False
17.960000000000925,0.007194965999342788,3.09218558937898,0.015000092513442882,False
17.980000000000913,0.007196215915970837,3.0928348185217978,0.015000144021090832,False
18.000000000000902,0.007197458749486042,3.0934773268416706,0.015000195130248417,False
18.02000000000089,0.007198694492220372,3.0941130924720697,0.015000245687094916,False
18.04000000000088,0.007199923144498287,3.0947421018190067,0.015000295539226997,False
18.06000000000087,0.007201144814332642,3.0953644369628805,0.015000342689862443,False
18.080000000000858,0.007202359496847444,3.0959800863604676,0.015000385350279186,False
18.100000000000847,0.00720356711553233,3.0965889822457786,0.015000424263471014,False
18.120000000000836,0.007204767687276466,3.0971911427238314,0.015000456796460797,False
18.140000000000825,0.007205961233342501,3.097786590801022,0.015000483333008715,False
18.160000000000814,0.007207147763061935,3.0983753407773045,0.015000507227561242,False
18.180000000000803,0.0072083273063393285,3.0989574245008247,0.015000529655648747,False
18.20000000000079,0.007209499918459651,3.0995328943573637,0.015000551049592714,False
18.22000000000078,0.007210665727912682,3.1001018596680385,0.015000568142042937,False
18.24000000000077,0.00721182478879182,3.100664384400579,0.015000580821709542,False
18.26000000000076,0.0072129771405946615,3.1012205303094453,0.015000589024923692,False
18.280000000000747,0.007214122840750519,3.1017703711886884,0.015000593734701036,False
18.300000000000736,0.007215261951462172,3.102313982439844,0.015000597570911284,False
18.320000000000725,0.007216394601669948,3.102851494000412,0.015000598838006772,False
18.340000000000714,0.007217520894495796,3.1033830221228316,0.015000597622084885,False
18.360000000000703,0.007218640928296663,3.1039086889425516,0.015000594283181653,False
18.380000000000692,0.007219754815958404,3.104428626352868,0.015000589611685105,False
18.40000000000068,0.007220862693894319,3.1049429780634243,0.015000585083275647,False
18.42000000000067,0.0072219647414963305,3.105451910950357,0.015000582384727098,False
18.44000000000066,0.007223061182801357,3.1059556279288136,0.015000581232003703,False
18.460000000000647,0.007224152251726261,3.1064543490362038,0.015000580110278052,False
18.480000000000636,0.007225238170396499,3.106948290415421,0.015000578604963559,False
18.500000000000625,0.007226319166825001,3.10743767619564,0.015000576574012372,False
18.520000000000614,0.007227395479307855,3.107922741909803,0.015000573959171546,False
18.540000000000603,0.007228467359942575,3.108403729023479,0.015000572237830948,False
18.560000000000592,0.007229535105596441,3.1088809138693114,0.01500057112646986,False
18.58000000000058,0.007230599031933261,3.109354587128,0.015000570609673296,False
18.60000000000057,0.007231659465311266,3.109825054446619,0.015000570128406101,False
18.62000000000056,0.007232716734528865,3.110292626291776,0.015000569672709631,False
18.640000000000548,0.007233771199231977,3.1107576390352607,0.015000568576247425,False
18.660000000000537,0.007234823229051335,3.111220428464592,0.015000567873705224,False
18.680000000000526,0.007235873247535081,3.1116813764869207,0.015000566720243351,False
18.700000000000514,0.00723692169410453,3.1121408929868744,0.015000561964373793,False
18.720000000000503,0.0072379689699607385,3.112599367240587,0.015000552163908967,False
18.740000000000492,0.007239015472313761,3.113057191365557,0.015000536681625619,False
18.76000000000048,0.0072400616021827905,3.113514766236039,0.015000515370271913,False
18.78000000000047,0.007241107787536472,3.113972519542221,0.015000493779738226,False
18.80000000000046,0.007242154487429489,3.1144309261549927,0.015000499380761223,False
18.820000000000448,0.007243203234031311,3.11489105677182,0.015000518480827585,False
18.840000000000437,0.007244255547420889,3.115354006440807,0.015000532140018829,False
18.860000000000426,0.007245312413023808,3.1158205573111295,0.015000545810912704,False
18.880000000000415,0.007246374909839974,3.1162914945314744,0.015000559506704344,False
18.900000000000404,0.007247444070839761,3.116767569633417,0.015000572233265556,False
18.920000000000393,0.007248520855197903,3.1172494850138466,0.015000583449688833,False
18.94000000000038,0.007249606138524213,3.1177378803227542,0.01500059526720649,False
18.96000000000037,0.00725070079975322,3.1182333947861225,0.015000606933313223,False
18.98000000000036,0.0072518056499604865,3.1187366199439492,0.015000618709140068,False
19.000000000000348,0.007252921463523294,3.1192481222613906,0.01500062996074253,False
19.020000000000337,0.0072540489507503005,3.1197684223769233,0.015000641257605914,False
19.040000000000326,0.007255188778696249,3.120298003152085,0.01500065428990613,False
19.060000000000315,0.007256341632554135,3.120837361221532,0.015000666400798637,False
19.080000000000304,0.00725750808735029,3.1213869220343757,0.015000677989440613,False
19.100000000000293,0.007258688667074137,3.1219470708726424,0.015000690910260862,False
19.12000000000028,0.007259883898646253,3.1225181907681434,0.015000705059823488,False
19.14000000000027,0.007261094238176818,3.1231006121585567,0.015000722921695532,False
19.16000000000026,0.007262320125703044,3.1236946477926866,0.01500074689913489,False
19.18000000000025,0.007263562061317706,3.1243006489262104,0.015000773681029188,False
19.200000000000237,0.007264820407579627,3.124918878274442,0.01500080431688458,False
19.220000000000226,0.007266095534229644,3.1255495997027367,0.01500083760396148,False
19.240000000000215,0.00726738771514266,3.126193013984918,0.015000874993926726,False
19.260000000000204,0.007268697247807591,3.1268493342883974,0.015000915051432641,False
19.280000000000193,0.007270024320870249,3.1275187034549496,0.015000959558877133,False
19.300000000000182,0.007271369163552237,3.1282012865805577,0.015001006804935072,False
19.32000000000017,0.007272731883668168,3.128897170680906,0.015001058889010026,False
19.34000000000016,0.007274112645055798,3.129606475065313,0.015001113808236616,False
19.36000000000015,0.007275511659224357,3.130329345784187,0.015001165087607838,False
19.380000000000138,0.007276928772411506,3.131065703095077,0.015001221351481443,False
19.400000000000126,0.007278364305169008,3.1318156924082037,0.015001277989046023,False
19.420000000000115,0.00727981830009591,3.132579305927913,0.015001338015955198,False
19.440000000000104,0.007281290686229625,3.1333565105415837,0.015001401308309462,False
19.460000000000093,0.007282781557755421,3.1341473671004323,0.015001459211763369,False
19.480000000000082,0.007284290793596335,3.1349518036508996,0.01500151099246852,False
19.50000000000007,0.00728581796497203,3.135769559113114,0.015001568786195272,False
19.52000000000006,0.007287362942923737,3.136600551704865,0.015001630805843137,False
19.54000000000005,0.007288925750000205,3.1374447882537275,0.015001686747018239,False
19.560000000000038,0.007290505866433772,3.13830194662972,0.01500174912273472,False
19.580000000000027,0.007292103084508775,3.139171889435757,0.01500181596183434,False
19.600000000000016,0.0072937173839759265,3.140054589105713,0.015001875350034118,False
19.620000000000005,0.007295348127008269,3.1409496464524063,0.015001941456719733,False
19.639999999999993,0.007296995031997052,3.1418568706769645,0.015002012415922424,False
19.659999999999982,0.007298658052464757,3.142776207897757,0.015002074565131763,False
19.67999999999997,0.00730033684537439,3.1437074241232676,0.0150021256864497,False
19.69999999999996,0.0073020306010739095,3.1446500049651096,0.01500218349250064,False
19.71999999999995,0.007303738934432799,3.1456036885100187,0.015002246889527419,False
19.739999999999938,0.0073054617476265415,3.1465683806470612,0.015002300917805222,False
19.759999999999927,0.007307198182799974,3.1475435432596615,0.015002362808428251,False
19.779999999999916,0.007308947817496811,3.1485288802963884,0.015002430876097393,False
19.799999999999905,0.007310710563850822,3.149524286211379,0.015002487741038132,False
19.819999999999894,0.007312485993270615,3.1505294573173206,0.015002529458258368,False
19.839999999999883,0.007314273047526617,3.151543734453486,0.01500257873571012,False
19.85999999999987,0.007316071224042481,3.1525667594768185,0.015002634846481577,False
19.87999999999986,0.007317879702333818,3.1535980427628454,0.015002709067032409,False
19.89999999999985,0.00731969810492264,3.1546372841116352,0.015002794839757307,False
19.91999999999984,0.007321526533133352,3.1556844229398755,0.015002864473438664,False
19.939999999999827,0.007323364563539127,3.1567391434061833,0.015002910520877252,False
19.959999999999816,0.007325210569562295,3.1578005622209213,0.015002975561059973,False
19.979999999999805,0.007327064115128048,3.1588682990839247,0.01500305383830717,False
19.999999999999794,0.007328925511453572,3.159942331480209,0.015003107567548194,False
20.019999999999783,0.007330794286089906,3.161022307189481,0.01500313007282097,False
20.03999999999977,0.007332668550739003,3.1621073120405523,0.015003165822856716,False
20.05999999999976,0.007334547906017987,3.163196954715538,0.015003209524853853,False
20.07999999999975,0.007336432902674565,3.1642912216743384,0.015003220024487212,False
20.09999999999974,0.007338323109462004,3.1653897565610456,0.015003188134160609,False
20.119999999999727,0.007340215739403671,3.1664914428128292,0.01500321453565585,False
20.139999999999716,0.007342112715268886,3.167596588874216,0.015003175773767372,False
20.159999999999705,0.007344014782167943,3.1687051514267996,0.015003006927550543,False
20.179999999999694,0.007345919449715287,3.169816079144018,0.015002794541101651,False
20.199999999999683,0.007347825709085338,3.1709287587128965,0.015002552417425756,False
20.219999999999672,0.007349732787478682,3.1720426526481917,0.015002285545089979,False
20.23999999999966,0.007351639598574782,3.17315695453638,0.015002014582538473,False
20.25999999999965,0.007353545011005359,3.174270974540339,0.015001758484363614,False
20.27999999999964,0.007355448330810223,3.1753843254116023,0.015001517104829738,False
20.299999999999628,0.007357349065009304,3.176496638531944,0.015001284810269905,False
20.319999999999617,0.007359246691519772,3.1776075124477168,0.015001057403242299,False
20.339999999999606,0.007361140648393258,3.1787165177680934,0.015000832419048572,False
20.359999999999594,0.007363029502127948,3.1798227379593182,0.015000644132908632,False
20.379999999999583,0.007364913382680751,3.180926128789834,0.015000461286338609,False
20.399999999999572,0.007366791445109531,3.182026125091336,0.015000293599269979,False
20.41999999999956,0.007368662605216294,3.183122009753397,0.015000161424235737,False
20.43999999999955,0.007370526113585393,3.1842132401731496,0.015000070593494678,False
20.45999999999954,0.007372382245594923,3.1852998604254625,0.01499998519936085,False
20.479999999999528,0.007374230334330691,3.186381390665792,0.01499990834843519,False
20.499999999999517,0.007376069432197596,3.187457181145516,0.014999855601991555,False
20.519999999999506,0.007377899466634591,3.188527061220323,0.014999806626611236,False
20.539999999999495,0.007379720003269336,3.189590669679477,0.014999756533295105,False
20.559999999999484,0.007381530534488599,3.190647597291814,0.014999704028820077,False
20.579999999999472,0.007383330533439965,3.1916974242762985,0.014999649206184327,False
20.59999999999946,0.007385119475635248,3.192739735093477,0.014999592621214742,False
20.61999999999945,0.007386896848073051,3.1937741240365347,0.014999534903268342,False
20.63999999999944,0.007388662152638649,3.1948001969848994,0.01499947661974441,False
20.659999999999428,0.007390414179455177,3.1958171620617337,0.01499944878599197,False
20.679999999999417,0.007392152514647517,3.1968246901529436,0.014999449211232323,False
20.699999999999406,0.007393877316239038,3.1978227808829622,0.014999452038061536,False
20.719999999999395,0.0073955882783054245,3.198811164339636,0.014999451849112874,False
20.739999999999384,0.007397285008502809,3.199789511867368,0.014999447674706245,False
20.759999999999373,0.007398967100936044,3.200757488698746,0.014999439884376521,False
20.77999999999936,0.007400634160290407,3.2017147704991182,0.014999429134077421,False
20.79999999999935,0.007402285809337488,3.2026610478058335,0.01499941604415008,False
20.81999999999934,0.0074039211297806645,3.2035957043887917,0.014999424730769916,False
20.83999999999933,0.0074055403911210535,3.204518821754974,0.014999429606621643,False
20.859999999999317,0.00740714314247623,3.205430062340371,0.014999436470082507,False
20.879999999999306,0.007408728771819908,3.20632899866091,0.014999458771743865,False
20.899999999999295,0.007410297397071043,3.2072156280262525,0.01499947961808476,False
20.919999999999284,0.007411848820639072,3.2080897688259755,0.014999496605353605,False
20.939999999999273,0.007413382809997923,3.208951216314829,0.01499950974589053,False
20.959999999999262,0.007414899142230724,3.209799775388936,0.014999519568193473,False
20.97999999999925,0.007416397615450169,3.2106352685605284,0.014999526624174461,False
20.99999999999924,0.007417878051406199,3.211457537337682,0.014999531387572292,False
21.01999999999923,0.0074193398792186446,3.212266196670103,0.014999551865137468,False
21.039999999999218,0.007420783433404065,3.213061410777569,0.014999568101904752,False
21.059999999999206,0.007422208501401955,3.2138430144025145,0.014999584845401225,False
21.079999999999195,0.007423614765771586,3.214610786804578,0.014999612223036177,False
21.099999999999184,0.007425002466318184,3.2153648431679325,0.014999637352961288,False
21.119999999999173,0.007426371605865907,3.2161051603961863,0.014999658921334844,False
21.139999999999162,0.007427721876739413,3.216831531403845,0.014999689674607894,False
21.15999999999915,0.007429053343775421,3.2175439848633607,0.014999727282158655,False
21.17999999999914,0.0074303663006301665,3.2182426896418965,0.014999761020248949,False
21.19999999999913,0.00743166083936914,3.2189276926165213,0.014999790262912828,False
21.219999999999118,0.007432937053264169,3.2195990437138495,0.01499981555788009,False
21.239999999999107,0.007434195062792931,3.220256815946461,0.014999837506473095,False
21.259999999999096,0.007435435019524843,3.2209011078210352,0.014999856611443223,False
21.279999999999085,0.007436657106311665,3.2215320430268006,0.014999873292584957,False
21.299999999999073,0.007437861537258647,3.2221497701933277,0.014999887914598914,False
21.319999999999062,0.007439048354852184,3.2227543415285362,0.014999909112625881,False
21.33999999999905,0.007440217717114223,3.223345892092217,0.01499994110625579,False
21.35999999999904,0.007441370129455765,3.223924774182456,0.014999974858127946,False
21.37999999999903,0.007442506070722604,3.2244913219442566,0.015000004615163865,False
21.399999999999018,0.00744362591787782,3.2250458078025415,0.015000030624430566,False
21.419999999999007,0.007444730073359537,3.225588525210448,0.015000053502931671,False
21.439999999998996,0.007445818976702515,3.2261197977895972,0.015000073757288419,False
21.459999999998985,0.007446893105020365,3.2266399792106113,0.015000091792938422,False
21.479999999998974,0.00744795297279126,3.2271494526823723,0.015000107955063341,False
21.499999999998963,0.007448999132057957,3.227648630928949,0.01500012255157569,False
21.51999999999895,0.007450032172924567,3.2281379564398756,0.015000135863066451,False
21.53999999999894,0.007451052973510048,3.2286180492383516,0.015000138518430538,False
21.55999999999893,0.007452062166160011,3.229089381504193,0.015000133451873966,False
21.57999999999892,0.00745306025598728,3.2295523598688853,0.015000129909849587,False
21.599999999998907,0.007454047974977448,3.230007541421591,0.015000128826093192,False
21.619999999998896,0.007455026118425692,3.230455530859097,0.015000130150834982,False
21.639999999998885,0.007455995525016943,3.2308969648563544,0.015000133766006783,False
21.659999999998874,0.0074569573426047685,3.2313326665236968,0.015000129200993879,False
21.679999999998863,0.007457912449473889,3.2317633006271635,0.015000119439725772,False
21.69999999999885,0.007458861576245874,3.232189455316961,0.015000114890906415,False
21.71999999999884,0.007459806033518636,3.2326120613669285,0.015000104025751318,False
21.73999999999883,0.007460746801843084,3.2330318782010754,0.015000091045632102,False
21.75999999999882,0.0074616846634135104,3.2334495631187616,0.015000089828478638,False
21.779999999998807,0.007462620970050604,3.233866086301536,0.01500009337751431,False
21.799999999998796,0.007463556720316995,3.2342822949872416,0.015000112801664444,False
21.819999999998785,0.007464492539563329,3.2346987318889395,0.015000164866795156,False
21.839999999998774,0.007465429595978014,3.235115958993238,0.015000232689127853,False
21.859999999998763,0.00746636877340186,3.2355343667345333,0.015000304190789073,False
21.879999999998752,0.007467310934720124,3.235954320623727,0.01500036465898638,False
21.89999999999874,0.007468256663002072,3.2363760727405553,0.015000412827409774,False
21.91999999999873,0.007469206499247577,3.2367998667768694,0.015000449990885591,False
21.93999999999872,0.0074701609162495805,3.237225905795481,0.015000478404777457,False
21.959999999998708,0.007471120241655586,3.2376543356670555,0.015000505723869986,False
21.979999999998697,0.007472084961775857,3.238085375551713,0.01500053300145016,False
21.999999999998685,0.007473055562979148,3.2385192511650995,0.015000560482162105,False
22.019999999998674,0.007474032516691123,3.2389561846304424,0.015000588187359363,False
22.039999999998663,0.007475016276503031,3.239396391437156,0.015000616059405251,False
22.059999999998652,0.0074760075474157245,3.239840201846529,0.015000631062892369,False
22.07999999999864,0.00747700665842443,3.240287773911548,0.015000635458361455,False
22.09999999999863,0.007478013748007624,3.2407391757648365,0.015000640053781024,False
22.11999999999862,0.007479029172490084,3.2411945757386658,0.015000645740740531,False
22.139999999998608,0.0074800532910540615,3.2416541482544194,0.015000652436228055,False
22.159999999998597,0.007481086445462827,3.2421180602466446,0.015000659951907316,False
22.179999999998586,0.0074821289577556085,3.242586469013654,0.015000668124659116,False
22.199999999998575,0.0074831811304734595,3.243059522252403,0.015000676825080193,False
22.219999999998564,0.007484243247173735,3.243537358384299,0.015000685946312977,False
22.239999999998552,0.007485315572847583,3.2440201068314307,0.015000695395370885,False
22.25999999999854,0.007486398354238091,3.2445078882144998,0.01500070508881067,False
22.27999999999853,0.007487491820108405,3.2450008145197216,0.015000714950884965,False
22.29999999999852,0.007488596181492291,3.245498989244179,0.015000724912641077,False
22.319999999998508,0.007489711631941214,3.2460025075340173,0.015000734911376677,False
22.339999999998497,0.007490838347772445,3.2465114563195416,0.015000744890126799,False
22.359999999998486,0.0074919764883191005,3.2470259144440816,0.015000754797196675,False
22.379999999998475,0.007493126196182062,3.2475459527911195,0.015000764585721613,False
22.399999999998464,0.007494287458763897,3.2480715683767354,0.015000780569330449,False
22.419999999998453,0.007495460436772171,3.248602842373627,0.015000801469200634,False
22.43999999999844,0.007496645099304789,3.2491397867034815,0.015000834025557134,False
22.45999999999843,0.007497841618141925,3.2496824828594066,0.015000874948754708,False
22.47999999999842,0.007499050306426802,3.250231069467918,0.015000913386483045,False
22.49999999999841,0.007500271233042334,3.2507855858398944,0.015000948284583147,False
22.519999999998397,0.007501504428347952,3.251346048973856,0.015000979643297642,False
22.539999999998386,0.007502749904152401,3.2519124657967446,0.015001007681035914,False
22.559999999998375,0.007504007657605524,3.2524848364032963,0.015001032653721528,False
22.579999999998364,0.007505277672426251,3.2530631549785736,0.015001054800676917,False
22.599999999998353,0.007506559919342378,3.253647409979383,0.015001074333002212,False
22.619999999998342,0.007507854356293174,3.2542375841337496,0.015001091435095417,False
22.63999999999833,0.007509160928587928,3.2548336544100884,0.01500110626889775,False
22.65999999999832,0.007510479569077186,3.255435592013434,0.015001118977890334,False
22.67999999999831,0.007511810198346493,3.256043362410489,0.015001129690333547,False
22.699999999998298,0.007513152141018963,3.2566567026809,0.015001160576470177,False
22.719999999998286,0.007514505485772468,3.257275641810931,0.015001206018779606,False
22.739999999998275,0.00751587065862343,3.25790034237822,0.015001246627067692,False
22.759999999998264,0.00751724755642032,3.2585307639422423,0.015001281250587105,False
22.779999999998253,0.007518636030352403,3.2591668413574517,0.015001310098767803,False
22.799999999998242,0.007520035920413296,3.2598085015722904,0.015001333553661192,False
22.81999999999823,0.007521447057135449,3.260455666232323,0.015001352037058178,False
22.83999999999822,0.0075228692617831895,3.261108252525557,0.015001365966826642,False
22.85999999999821,0.0075243012645822985,3.2617658566378127,0.015001423139917662,False
22.879999999998198,0.0075257432147322,3.2624284929423983,0.0150015103933667,False
22.899999999998187,0.0075271959116618836,3.2630963735156358,0.015001585585804481,False
22.919999999998176,0.0075286591853064655,3.2637694228966327,0.01500164720025884,False
22.939999999998165,0.007530132781441206,3.264447530878388,0.015001696497536958,False
22.959999999998153,0.00753161644253228,3.2651305816945566,0.01500173465528741,False
22.979999999998142,0.00753310990954209,3.2658184565927937,0.0150017626925943,False
22.99999999999813,0.007534612919268764,3.2665110339423125,0.015001781541406186,False
23.01999999999812,0.0075361252034285165,3.2672081893980045,0.015001792070283858,False
23.03999999999811,0.00753764648864495,3.2679097960795365,0.01500179508382906,False
23.059999999998098,0.007539176496635207,3.268615724679736,0.015001791318898235,False
23.079999999998087,0.0075407149443666235,3.2693258435019366,0.015001781444389933,False
23.099999999998076,0.0075422615441625325,3.270040018454902,0.015001766064750429,False
23.119999999998065,0.0075438160037850956,3.270758113045079,0.015001745725674776,False
23.139999999998054,0.0075453780265215395,3.2714799883866785,0.015001720920625279,False
23.159999999998043,0.007546947311289132,3.2722055032170667,0.015001692097260816,False
23.17999999999803,0.007548523552765107,3.272934513943759,0.015001659663287687,False
23.19999999999802,0.007550106441542079,3.273666874712697,0.015001623991578656,False
23.21999999999801,0.007551695664306495,3.2744024374826473,0.015001585424519183,False
23.239999999998,0.007553290904036487,3.2751410521194977,0.015001544277653297,False
23.259999999997987,0.007554891840215266,3.275882566499293,0.01500150084273602,False
23.279999999997976,0.007556498149056525,3.2766268266173233,0.015001455390288444,False
23.299999999997965,0.007558109503738829,3.2773736766992343,0.015001408171753274,False
23.319999999997954,0.007559725574646554,3.2781229593199486,0.015001359421320509,False
23.339999999997943,0.0075613460296154325,3.2788745155228134,0.015001309357503632,False
23.35999999999793,0.007562970534181192,3.279628184937633,0.01500125818449742,False
23.37999999999792,0.007564598751830167,3.2803838059038157,0.015001206093367202,False
23.39999999999791,0.00756623034425098,3.281141215591501,0.0150011532630938,False
23.4199999999979,0.007567864320947919,3.2819001225140494,0.015001119852360918,False
23.439999999997887,0.00756950135017499,3.282660626994208,0.015001074763418526,False
23.459999999997876,0.007571140904659221,3.283422517146018,0.015001023630403777,False
23.479999999997865,0.007572782284295113,3.2841855701865987,0.015000977274112839,False
23.499999999997854,0.007574425733093301,3.2849497676583943,0.015000917767667652,False
23.519999999997843,0.007576070885379685,3.285714901596564,0.015000846792681414,False
23.539999999997832,0.007577717303848144,3.2864807545346766,0.015000768118922803,False
23.55999999999782,0.007579364568753484,3.287247124978748,0.015000684746059551,False
23.57999999999781,0.007581012285956501,3.2880138263070187,0.015000598664372311,False
23.5999999999978,0.007582660080866415,3.288780682010872,0.01500051110201452,False
23.619999999997788,0.007584307592194037,3.289547521734805,0.015000422785504671,False
23.639999999997777,0.007585954467531951,3.2903141785785714,0.015000334132593785,False
23.659999999997765,0.00758760036045989,3.2910804873967296,0.01500024538369967,False
23.679999999997754,0.0075892449287111126,3.29184628380519,0.015000156688407493,False
23.699999999997743,0.007590887833076535,3.2926114036775047,0.015000068159854513,False
23.719999999997732,0.007592528736831922,3.293375682977806,0.014999979906259939,False
23.73999999999772,0.007594166540966874,3.2941385517560553,0.014999922334625972,False
23.75999999999771,0.007595801588703644,3.2949001920373755,0.014999869441662919,False
23.7799999999977,0.007597433311928032,3.2956603646712086,0.014999828734036007,False
23.799999999997688,0.007599060985644094,3.2964187095713338,0.014999815505927194,False
23.819999999997677,0.007600684836720986,3.2971753310682463,0.014999808582562134,False
23.839999999997666,0.007602304675484194,3.2979301440038937,0.014999802345295188,False
23.859999999997655,0.007603920235508606,3.2986830148307664,0.0149997945551809,False
23.879999999997644,0.007605531223353319,3.2994337906908213,0.014999784451749454,False
23.899999999997632,0.007607137334375884,3.3001823111286765,0.014999772017206899,False
23.91999999999762,0.007608738260818863,3.300928414123706,0.014999757581497361,False
23.93999999999761,0.007610333696475584,3.301671939251727,0.014999741602710392,False
23.9599999999976,0.007611923339322954,3.3024127292140415,0.014999724550531472,False
23.979999999997588,0.00761350689290261,3.303150630440041,0.014999706850645956,False
23.999999999997577,0.007615084066968113,3.303885493207497,0.014999688863854695,False
24.019999999997566,0.007616654577733521,3.3046171715363255,0.014999670883697304,False
24.039999999997555,0.007618218147928739,3.305345523011463,0.01499965314288289,False
24.059999999997544,0.0076197745067802004,3.30607040860287,0.0149996358229738,False
24.079999999997533,0.007621323389980535,3.306791692529864,0.014999619064393411,False
24.09999999999752,0.007622864539677711,3.3075092421648593,0.014999602975340372,False
24.11999999999751,0.007624397704495066,3.3082229279909963,0.014999587639122588,False
24.1399999999975,0.007625922639583368,3.308932623596843,0.014999573119866914,False
24.15999999999749,0.007627439106701235,3.3096382056997458,0.014999559466810048,False
24.179999999997477,0.007628946874318413,3.310339554199106,0.014999546717429806,False
24.199999999997466,0.007630445717736355,3.3110365522362146,0.0149995348997011,False
24.219999999997455,0.007631935419221215,3.311729086278238,0.014999524033717354,False
24.239999999997444,0.007633415768145379,3.312417046193325,0.014999514132853829,False
24.259999999997433,0.007634886561134574,3.3131003253436924,0.014999505204636306,False
24.279999999997422,0.0076363476022185146,3.313778820674231,0.014999497251403347,False
24.29999999999741,0.007637798702983669,3.314452432801922,0.014999490270847593,False
24.3199999999974,0.007639238610152834,3.3151207216218523,0.014999529607407974,False
24.33999999999739,0.007640667439188233,3.315783678600842,0.014999602405916834,False
24.359999999997378,0.007642085945694663,3.316441510693733,0.01499966914751839,False
24.379999999997366,0.007643493987337889,3.3170941456854814,0.014999729092865767,False
24.399999999997355,0.00764489138400402,3.317741493702615,0.014999783287815082,False
24.419999999997344,0.007646277973241206,3.318383469827846,0.014999832503887606,False
24.439999999997333,0.007647653607653417,3.3190199952549597,0.014999877323403023,False
24.459999999997322,0.007649018151867015,3.3196509969838375,0.014999918233442962,False
24.47999999999731,0.007650371481440768,3.3202764076626146,0.014999955661191913,False
24.4999999999973,0.007651713482579824,3.32089616551007,0.014999989985416908,False
24.51999999999729,0.0076530440520775145,3.321510214256217,0.015000021541332625,False
24.539999999997278,0.00765436309731067,3.3221185030800275,0.015000050624347524,False
24.559999999997267,0.007655670536252812,3.3227209865798235,0.01500007749388059,False
24.579999999997256,0.007656966297503162,3.3233176247556853,0.015000102377234913,False
24.599999999997245,0.007658250320333684,3.3239083830117497,0.015000125473330404,False
24.619999999997233,0.007659522039556031,3.324493062196659,0.015000163727407166,False
24.639999999997222,0.007660781585937572,3.3250716935794133,0.015000210959902569,False
24.65999999999721,0.0076620293716839405,3.3256443994436027,0.01500025247097787,False
24.6799999999972,0.007663265355353015,3.3262111542753647,0.015000289345900223,False
24.69999999999719,0.007664489503820042,3.3267719407010548,0.015000322572585888,False
24.719999999997178,0.007665701808402856,3.327326753048774,0.015000352673790277,False
24.739999999997167,0.007666902277909694,3.3278755939516165,0.015000379970590798,False
24.759999999997156,0.007668090935131746,3.3284184728097608,0.015000404707229461,False
24.779999999997145,0.007669267815702487,3.3289554053558237,0.015000427094800095,False
24.799999999997134,0.007670432967848817,3.3294864136022495,0.015000447324373382,False
24.819999999997123,0.007671586452421462,3.33001152590582,0.015000465570519598,False
24.83999999999711,0.007672728343004876,3.3305307770572266,0.015000481992429163,False
24.8599999999971,0.0076738587260510955,3.331044208378164,0.01500049673470282,False
24.87999999999709,0.00767497755568792,3.3315518466868554,0.01500051494638927,False
24.89999999999708,0.007676084995781354,3.3320537529974037,0.015000534196838418,False
24.919999999997067,0.007677181288713535,3.3325499980574422,0.015000550155916012,False
24.939999999997056,0.007678266555813572,3.33304064024559,0.015000563779276178,False
24.959999999997045,0.007679340891035516,3.3335257484901564,0.015000576063046046,False
24.979999999997034,0.007680404469535018,3.3340054027519086,0.015000586568698515,False
24.999999999997023,0.00768145750206907,3.3344796886302053,0.015000595012364637,False
25.01999999999701,0.007682500173564284,3.3349486989185415,0.015000601949774017,False
25.039999999997,0.007683532689106178,3.3354125387019793,0.015000607618849747,False
25.05999999999699,0.007684555271720211,3.335871321870942,0.015000612132012819,False
25.07999999999698,0.007685568160349132,3.336325169948665,0.015000615571459751,False
25.099999999996967,0.0076865716093617266,3.3367742119946944,0.015000618013647387,False
25.119999999996956,0.007687565888623722,3.337218584755874,0.015000619532378185,False
25.139999999996945,0.007688551283703182,3.3376584328553296,0.015000620197946611,False
25.159999999996934,0.007689528131569401,3.3380939096462106,0.015000619833382729,False
25.179999999996923,0.007690496738706704,3.338525177657386,0.015000619083454845,False
25.199999999996912,0.007691457417064042,3.3389524126144594,0.015000618196101415,False
25.2199999999969,0.007692410527492914,3.3393757981393004,0.01500061674407123,False
25.23999999999689,0.007693356441765079,3.339795521205921,0.015000614620481549,False
25.25999999999688,0.007694295626152144,3.3402117834318896,0.015000609184360353,False
25.279999999996868,0.0076952284479489055,3.3406247830902314,0.015000602203958997,False
25.299999999996857,0.007696155260914742,3.3410347314994473,0.015000596162334514,False
25.319999999996845,0.007697076517631656,3.3414418587490076,0.015000590371853565,False
25.339999999996834,0.007697992681892802,3.3418463977943818,0.015000584519263234,False
25.359999999996823,0.007698904230057475,3.34224858809814,0.01500057853857318,False
25.379999999996812,0.007699811814424493,3.342648722682499,0.01500056763220693,False
25.3999999999968,0.007700715869650254,3.3430470366590948,0.015000554660645442,False
25.41999999999679,0.007701617044417516,3.3434438228743204,0.015000533340209598,False
25.43999999999678,0.00770251577094479,3.343839335430558,0.015000509060988638,False
25.459999999996768,0.007703412365840096,3.344233808814623,0.01500049264646381,False
25.479999999996757,0.00770430771324685,3.3446276424970205,0.01500047421209963,False
25.499999999996746,0.007705202254850574,3.3450210897037405,0.015000459421538213,False
25.519999999996735,0.007706096362350582,3.3454143867664166,0.015000457290742644,False
25.539999999996724,0.007706990323230181,3.345807732883518,0.015000477566865006,False
25.559999999996712,0.00770788446437341,3.3462012317241627,0.015000508453939205,False
25.5799999999967,0.007708779108998198,3.34659493527681,0.015000530342753322,False
25.59999999999669,0.007709674241218146,3.3469888116360735,0.015000541027571751,False
25.61999999999668,0.007710569746732705,3.3473828071083944,0.015000543009413387,False
25.639999999996668,0.007711465507770198,3.3477768735027245,0.01500053943402731,False
25.659999999996657,0.007712361377701162,3.348170970168405,0.01500053459079276,False
25.679999999996646,0.007713257289335552,3.3485650822539883,0.01500053073218419,False
25.699999999996635,0.007714153257232868,3.3489592114546265,0.015000527312791551,False
25.719999999996624,0.007715049292000422,3.349353357086915,0.015000523465190114,False
25.739999999996613,0.0077159453989254015,3.349747517152363,0.01500051849820463,False
25.7599999999966,0.007716841577303287,3.35014168858059,0.015000512050824814,False
25.77999999999659,0.007717737821043359,3.350535867461905,0.015000504084722765,False
25.79999999999658,0.007718634120057652,3.350930049401985,0.015000494813401166,False
25.81999999999657,0.007719530461910648,3.3513242299159063,0.015000484614894427,False
25.839999999996557,0.007720426833383816,3.3517184047879574,0.015000473949422385,False
25.859999999996546,0.00772132322177043,3.3521125703624715,0.015000463291123076,False
25.879999999996535,0.0077222196158271235,3.352506723725736,0.015000453076928778,False
25.899999999996524,0.0077231160063779706,3.352900862805569,0.015000443672495105,False
25.919999999996513,0.007724012386606891,3.353294986380829,0.015000435353342379,False
25.939999999996502,0.007724908752094539,3.353689094029611,0.015000428298577083,False
25.95999999999649,0.007725805100663081,3.354083186025315,0.015000422594216509,False
25.97999999999648,0.0077267014320908595,3.3544772632114923,0.015000418243225922,False
25.99999999999647,0.007727597747752298,3.3548713268580856,0.015000415179667423,False
26.019999999996458,0.007728494050228974,3.355265378519947,0.015000413284765377,False
26.039999999996446,0.0077293903429272726,3.3556594199037124,0.01500041240318896,False
26.059999999996435,0.007730286629727812,3.3560534527543164,0.015000412358281166,False
26.079999999996424,0.007731182914682578,3.3564474787550584,0.015000412965442871,False
26.099999999996413,0.0077320792017679,3.3568414994559683,0.015000414043190427,False
26.119999999996402,0.007732975494695337,3.3572355162178593,0.015000415421717324,False
26.13999999999639,0.0077338717967779394,3.3576295301790022,0.015000416949050055,False
26.15999999999638,0.00773476811084645,3.3580235422391898,0.015000418494958714,False
26.17999999999637,0.007735664439208178,3.3584175530551015,0.015000419952933886,False
26.199999999996358,0.007736560783640558,3.3588115630517303,0.01500042124058389,False
26.219999999996347,0.007737457145411431,3.3592055724390173,0.015000422298792566,False
26.239999999996336,0.00773835352531864,3.359599581236711,0.015000423089940955,False
26.259999999996325,0.007739249923742399,3.3599935893009523,0.015000423595566612,False
26.279999999996313,0.007740146340704913,3.3603875963543084,0.015000423813614735,False
26.299999999996302,0.007741042775932837,3.360781602014485,0.015000423755582512,False
26.31999999999629,0.007741939228919171,3.3611756058251894,0.015000423443637877,False
26.33999999999628,0.007742835698982093,3.3615696072795926,0.015000422907904872,False
26.35999999999627,0.0077437321853190836,3.3619636058472513,0.015000422183935973,False
26.379999999996258,0.0077446286870552624,3.362357600992332,0.015000421310465898,False
26.399999999996247,0.007745525203285425,3.3627515921944293,0.015000420327453903,False
26.419999999996236,0.007746421733109639,3.3631455789615607,0.015000419274434336,False
26.439999999996225,0.007747318275662504,3.3635395608422907,0.01500041818915785,False
26.459999999996214,0.007748214830136392,3.3639335374343706,0.015000417106533501,False
26.479999999996203,0.007749111395799111,3.3643275083899185,0.015000416057819009,False
26.49999999999619,0.007750007972006465,3.364721473421013,0.015000415070069387,False
26.51999999999618,0.007750904558210258,3.3651154322979293,0.015000414165786837,False
26.53999999999617,0.007751801153962266,3.365509384850403,0.01500041336277401,False
26.55999999999616,0.007752697758914705,3.365903330963699,0.015000412674141178,False
26.579999999996147,0.007753594372817714,3.3662972705764105,0.015000412108464317,False
26.599999999996136,0.007754490995514361,3.3666912036743657,0.015000411670033527,False
26.619999999996125,0.0077553876269336065,3.367085130285405,0.01500041135922454,False
26.639999999996114,0.007756284267081704,3.3674790504737255,0.01500041117291251,False
26.659999999996103,0.007757180916032456,3.3678729643312026,0.01500041110495391,False
26.67999999999609,0.00775807757391671,3.3682668719747753,0.01500041114668559,False
26.69999999999608,0.007758974240911459,3.368660773534746,0.01500041128744496,False
26.71999999999607,0.0077598709172289,3.3690546691539076,0.015000411515082118,False
26.73999999999606,0.007760767603105711,3.369448558977149,0.015000411816463279,False
26.759999999996047,0.00776166429879286,3.369842443149724,0.015000412177941043,False
26.779999999996036,0.007762561004546096,3.3702363218107623,0.015000412585787692,False
26.799999999996025,0.0077634577206173935,3.370630195089811,0.01500041302658712,False
26.819999999996014,0.007764354447247393,3.371024063102949,0.015000413487569177,False
26.839999999996003,0.007765251184659018,3.3714179259510644,0.015000413956897161,False
26.859999999995992,0.007766147933052255,3.3718117837176993,0.015000414423888503,False
26.87999999999598,0.007767044692600169,3.372205636469496,0.015000414879196585,False
26.89999999999597,0.007767941463446104,3.372599484252312,0.015000415314901988,False
26.91999999999596,0.007768838245702038,3.3729933270933974,0.015000415724595153,False
26.939999999995948,0.007769735039447993,3.373387165004428,0.01500041610337994,False
26.959999999995937,0.007770631844732437,3.3737809979776268,0.015000416447833231,False
26.979999999995925,0.0077715286615735275,3.3741748259909596,0.015000416755952201,False
26.999999999995914,0.007772425489961089,3.3745686490085767,0.015000417027027408,False
