time_s,base_translation_m,base_rotation_deg,robot_target_minimum_m,robot_target_censored
0.0,0.0,0.0,0.38597417994660893,False
0.020000000000000004,1.534569504064735e-05,0.007603774049742258,0.38507336342837106,False
0.04000000000000002,5.709046104551319e-05,0.028249350826899437,0.38263172361003256,False
0.06000000000000004,0.0001229522967399806,0.060515114689616505,0.37881112083393537,False
0.08000000000000006,0.0002020269989424415,0.09856593752766564,0.374211287955068,False
0.10000000000000007,0.0002810403559563563,0.13610039838089621,0.36948818039900083,False
0.12000000000000009,0.00035602148998126415,0.17145765790579148,0.3647984888677805,False
0.1400000000000001,0.0004289958566335661,0.20564115035651934,0.36011784098097527,False
0.16000000000000011,0.0005036795228929198,0.24068237967947212,0.35543848041458487,False
0.18000000000000013,0.000581729760255467,0.2775459273157815,0.3507590937883887,False
0.20000000000000015,0.0006623277222761837,0.31578103889608383,0.3460809017450676,False
0.22000000000000017,0.0007444321554164117,0.35479208619950536,0.34140359193491404,False
0.24000000000000019,0.0008269372755342333,0.3939560407514364,0.3367256296745914,False
0.2600000000000002,0.0009087384177989466,0.43266718202052634,0.3320450863309062,False
0.2800000000000002,0.0009891740198482162,0.47057328331727166,0.3273601294408012,False
0.3000000000000002,0.001068154724126418,0.5076323509340361,0.3226706936882603,False
0.32000000000000023,0.0011459413154144289,0.5439841846169208,0.3179762235908247,False
0.34000000000000025,0.0012229621348377258,0.5798503686210124,0.313275318449403,False
0.36000000000000026,0.001299659699035329,0.6154634010892756,0.308567800679901,False
0.3800000000000003,0.0013764919545734854,0.6510712529886387,0.30385364055475045,False
0.4000000000000003,0.0014538693735178176,0.6868760808581781,0.2991342673610288,False
0.4200000000000003,0.0015320245318421195,0.7229839655069459,0.2944113448586583,False
0.44000000000000034,0.001611044772743062,0.7594388867970104,0.28968592897064893,False
0.46000000000000035,0.0016909120265533614,0.7962285291029154,0.28495940861650354,False
0.48000000000000037,0.0017709583040119148,0.8330463722270448,0.28026304084103054,False
0.5000000000000003,0.0018436965363979032,0.8665771824664377,0.2759693121777062,False
0.5200000000000004,0.0019051904728077701,0.8950934785294112,0.27226498680587613,False
0.5400000000000004,0.001957644916922068,0.9195873089827326,0.269023504551111,False
0.5600000000000004,0.002002527939606223,0.9407233334426347,0.2661558582748326,False
0.5800000000000004,0.002040944601718924,0.9590175723318215,0.26359285396196613,False
0.6000000000000004,0.0020738693238388064,0.9749170475736356,0.2612771635972551,False
0.6200000000000004,0.0021021285320172445,0.9887748690622142,0.25916107507336117,False
0.6400000000000005,0.002126465404068623,1.0009062251202037,0.25720115057968346,False
0.6600000000000005,0.0021476291340354957,1.01163513823519,0.25535620587007035,False
0.6800000000000005,0.0021663475317505315,1.0212784811008015,0.25358864820287913,False
0.7000000000000005,0.0021833895506960426,1.0301902552244426,0.2518617849544057,False
0.7200000000000005,0.002199451974206793,1.0386850042850542,0.25014258641402387,False
0.7400000000000005,0.0022151278742259623,1.0470147774046208,0.24840234458283153,False
0.7600000000000006,0.0022309918293821978,1.05542283944405,0.24661415259638503,False
0.7800000000000006,0.002247600977356209,1.0641437081850673,0.24475283826905375,False
0.8000000000000006,0.0022654491903509703,1.073373857016493,0.242795773691223,False
0.8200000000000006,0.0022843444121908108,1.0829974332012497,0.24076296564805244,False
0.8400000000000006,0.0023029489094559576,1.092420547632555,0.23874887086575983,False
0.8600000000000007,0.002320617961673148,1.1013459401663186,0.2367963531361826,False
0.8800000000000007,0.0023386124818080447,1.1103271389346598,0.23482795757371264,False
0.9000000000000007,0.002358450120483811,1.1200546087827163,0.2327585298739531,False
0.9200000000000007,0.0023790050585743338,1.130060171517101,0.2306661167363971,False
0.9400000000000007,0.0024000557447713153,1.1402512709153272,0.22856696267407312,False
0.9600000000000007,0.002423735577300513,1.1515371298535237,0.22633338829609617,False
0.9800000000000008,0.002451178510048665,1.1643972843734667,0.22390468069002364,False
1.0000000000000007,0.0024826434616594876,1.1789398401958662,0.22127608930451023,False
1.0200000000000007,0.002518451713161764,1.1952996739709831,0.2184399031256854,False
1.0400000000000007,0.002558912372824516,1.21360610046901,0.21538984708908038,False
1.0600000000000007,0.002604297974801236,1.2339718455471953,0.21212238126162294,False
1.0800000000000007,0.0026548281120301396,1.2564853138592553,0.2086375699479727,False
1.1000000000000008,0.0027106521927319515,1.281202512306346,0.20493996852773735,False
1.1200000000000008,0.0027664871390063114,1.3055331041468794,0.20128788981067536,False
1.1400000000000008,0.0028213867899189015,1.3288194954375168,0.19764753373089722,False
1.1600000000000008,0.002878021293389093,1.3522080196880166,0.19384515584590153,False
1.1800000000000008,0.002936805928068105,1.375882857171222,0.189888038677922,False
1.2000000000000008,0.002998029389518182,1.3999503159076938,0.18578381889489973,False
1.2200000000000009,0.0030622453841196774,1.4247725268693578,0.18154661391170013,False
1.2400000000000009,0.0031306680436988437,1.4512426624018686,0.17719240282337073,False
1.260000000000001,0.0032044778148245102,1.4803060383135667,0.1727412023162321,False
1.280000000000001,0.003281834297140138,1.5113946432576746,0.16825384657358772,False
1.300000000000001,0.0033606560479357847,1.5436312520341016,0.16377519214816014,False
1.320000000000001,0.0034408645810132202,1.576974628943729,0.15930817250033452,False
1.340000000000001,0.003522548289024463,1.6114518863797815,0.15485292452642974,False
1.360000000000001,0.003605252789526415,1.6467078999301905,0.15041064136808913,False
1.380000000000001,0.0036886600744604203,1.682503798500552,0.14598282512260813,False
1.400000000000001,0.0037728537952582248,1.7189078394892159,0.14157146281871752,False
1.420000000000001,0.003857737898746253,1.7558336953018687,0.13717836471437764,False
1.440000000000001,0.003943025706615691,1.7930531635844937,0.13280482417845177,False
1.460000000000001,0.004028312758723383,1.8302619184175688,0.12845217779686952,False
1.480000000000001,0.004113358366237489,1.8672882620150064,0.12412215403901461,False
1.500000000000001,0.004197899109481145,1.9039388050001054,0.11981943603830726,False
1.5200000000000011,0.004281461736073407,1.9398806787278098,0.11554866900354764,False
1.5400000000000011,0.004363397264848863,1.9746834658450876,0.11131220586086928,False
1.5600000000000012,0.004443379967223817,2.0081512760881943,0.10711264612900165,False
1.5800000000000012,0.004521418961862242,2.040318120377018,0.10295361577707458,False
1.6000000000000012,0.004597469019123673,2.0711786286141933,0.09883878308522932,False
1.6200000000000012,0.004671319762886392,2.1006350198108756,0.09477175884441551,False
1.6400000000000012,0.004744476254202492,2.1295700036303757,0.0907339795479158,False
1.6600000000000013,0.004820683210150355,2.1597374430425424,0.08665160211600376,False
1.6800000000000013,0.004900894796503278,2.1913294148349705,0.08250281882059651,False
1.7000000000000013,0.004983581812224211,2.2234158224464995,0.07832552404866483,False
1.7200000000000013,0.005067616437636513,2.2553446245301774,0.07415537896511075,False
1.7400000000000013,0.005152239222782513,2.2867399103929484,0.07002917994401639,False
1.7600000000000013,0.005236927231714345,2.3174233596244815,0.06597710552643914,False
1.7800000000000014,0.005321676630882028,2.3476141471307064,0.06203060426972085,False
1.8000000000000014,0.005405754234316656,2.377016493504758,0.058240739504239386,False
1.8200000000000014,0.005488560945082921,2.405351482918558,0.05459987702550922,False
1.8400000000000014,0.005570825947108505,2.4330959865130737,0.05102339610864463,False
1.8600000000000014,0.005653155173238887,2.460677012860551,0.04746157351735218,False
1.8800000000000014,0.005730525487867786,2.486336132643971,0.04411668141121962,False
1.9000000000000015,0.0057997462725713385,2.509025197077421,0.04112490351257964,False
1.9200000000000015,0.005861956718483597,2.5292373115385165,0.038441314456138805,False
1.9400000000000015,0.005918159389487221,2.547433018356321,0.03602745390800718,False
1.9600000000000015,0.005969269051228324,2.5640977550425785,0.03385561857952748,False
1.9800000000000015,0.006015871406244526,2.579494101584203,0.03190405110050733,False
2.0000000000000013,0.0060583591085835815,2.5937584284848443,0.030152092670812952,False
2.019999999999999,0.006097098923413805,2.607028150931932,0.028579950556176435,False
2.039999999999997,0.006132439124149169,2.6194377791693677,0.027169415328081377,False
2.0599999999999947,0.006164507321829527,2.630890426787048,0.025904385045991525,False
2.0799999999999925,0.00619341342248324,2.641266693245915,0.02477058294099078,False
2.0999999999999903,0.006219426321784842,2.6506276084040556,0.023754622489997025,False
2.119999999999988,0.006242846131125251,2.659087681809178,0.02284436031221129,False
2.139999999999986,0.0062639440464303505,2.6667495439385367,0.022028794192548187,False
2.1599999999999837,0.006282942213192503,2.6736820197749873,0.021297983156357284,False
2.1799999999999815,0.006300037568170485,2.679943091810401,0.020643099036535443,False
2.1999999999999793,0.006315415589629636,2.6855927450986568,0.020056239933023797,False
2.219999999999977,0.006329251322819577,2.6906931348288277,0.019530385235907926,False
2.239999999999975,0.006341705208804026,2.6953031724649743,0.019059239976997527,False
2.2599999999999727,0.006352919539235629,2.6994737265039923,0.01863711224345217,False
2.2799999999999705,0.0063630221712010805,2.703250454409937,0.018258902169385024,False
2.2999999999999683,0.0063721283300726735,2.706674677869531,0.017920044469394703,False
2.319999999999966,0.006380341629834185,2.709783594751986,0.017616445112547563,False
2.339999999999964,0.006387755070621517,2.712610532792891,0.01734442992322778,False
2.3599999999999617,0.006394452109113604,2.715185340923745,0.0171007099695541,False
2.3799999999999595,0.006400507745306718,2.717534889088947,0.016882342129353304,False
2.3999999999999573,0.006405989100438634,2.7196829597422982,0.01668666403384819,False
2.419999999999955,0.006410956455874805,2.7216510988144296,0.01651132656298227,False
2.439999999999953,0.006415464063654651,2.723458850520081,0.01635423164154933,False
2.4599999999999507,0.006419560526418823,2.725123639231892,0.016213482726162923,False
2.4799999999999485,0.006423289394126611,2.7266610261883018,0.016087378456142457,False
2.4999999999999463,0.0064266896871237565,2.7280848527617545,0.015974388092991194,False
2.519999999999944,0.006429796369899236,2.7294075680055854,0.015873149654005398,False
2.539999999999942,0.0064326408146058375,2.7306403754328086,0.015782446077478397,False
2.5599999999999397,0.006435251141331895,2.7317932147275634,0.01570117479963516,False
2.5799999999999375,0.006437650350464499,2.7328715163728656,0.01562829939336311,False
2.5999999999999353,0.00643986392671073,2.733888014475934,0.01556302031742392,False
2.619999999999933,0.006441911303867558,2.7348483758297593,0.015504521911869481,False
2.639999999999931,0.006443807004349506,2.7357533114872497,0.015452058708740841,False
2.6599999999999286,0.006445573846891855,2.736619417312672,0.015405108263443365,False
2.6799999999999264,0.006447225170559994,2.7374494920210033,0.015363038441441941,False
2.6999999999999242,0.006448768761837936,2.7382397568082535,0.015325296653395227,False
2.719999999999922,0.006450216523792201,2.73899462180346,0.015291473894961863,False
2.73999999999992,0.006451579374569365,2.7397181092455196,0.015261174610333056,False
2.7599999999999176,0.006452866778320468,2.740413665278886,0.015234028385184376,False
2.7799999999999154,0.006454087154361263,2.74108428003001,0.015209703892436728,False
2.7999999999999132,0.006455248202116035,2.7417327194209347,0.015187914484368825,False
2.819999999999911,0.006456356673262834,2.7423613994383134,0.015168392015567356,False
2.839999999999909,0.00645743550229448,2.743004735293494,0.015150935551399772,False
2.8599999999999066,0.006458486738685318,2.743656974217764,0.015135328975423454,False
2.8799999999999044,0.00645950140152908,2.7442936807698213,0.01512132018379705,False
2.899999999999902,0.006460483215536533,2.7449166260444344,0.015108731819525547,False
2.9199999999999,0.006461436164730794,2.745527618936962,0.015097439724163655,False
2.939999999999898,0.006462364120953967,2.746128022133587,0.015087320862111269,False
2.9599999999998956,0.00646327028762126,2.746718956674085,0.015078254848392127,False
2.9799999999998934,0.00646415745837707,2.7473013836865734,0.015070132199673526,False
2.999999999999891,0.006465028124177238,2.7478761482449885,0.0150628546068105,False
3.019999999999889,0.00646588451578003,2.748443999807444,0.015056334028178344,False
3.039999999999887,0.006466728630785162,2.749005604287596,0.01505049163147545,False
3.0599999999998846,0.006467562256753723,2.7495615529922195,0.015045256812676619,False
3.0799999999998824,0.0064683870359628585,2.750112397609071,0.015040570243893523,False
3.09999999999988,0.006469204352009331,2.7506586124839463,0.015036370511382662,False
3.119999999999878,0.006470015492057425,2.7512006087682424,0.015032608087231598,False
3.139999999999876,0.006470821622925859,2.7517387709931533,0.015029239721606635,False
3.1599999999998736,0.006471623773673989,2.7522734562459825,0.015026224849830565,False
3.1799999999998714,0.006472432121010062,2.7528328294882978,0.015023542235984023,False
3.199999999999869,0.006473245049328542,2.7534094964838003,0.015021136380019671,False
3.219999999999867,0.0064740555915021375,2.7539812241123247,0.015018962256829794,False
3.2399999999998648,0.006474865037734712,2.7545492607583864,0.01501701098277298,False
3.2599999999998626,0.006475674056438636,2.7551141833076866,0.015015264597143444,False
3.2799999999998604,0.006476482985154783,2.7556762629890494,0.015013699546130075,False
3.299999999999858,0.006477292164866553,2.7562356379309825,0.015012297500476075,False
3.319999999999856,0.006478101967637149,2.756792413312257,0.01501104290568574,False
3.3399999999998538,0.006478912733507301,2.7573466861168283,0.01500991863074495,False
3.3599999999998515,0.006479724790131486,2.7578985308796673,0.015008913941594941,False
3.3799999999998493,0.006480538400592469,2.758448027370476,0.015008015903278396,False
3.399999999999847,0.0064813537838896715,2.7589952433605114,0.0150072110130341,False
3.419999999999845,0.006482171151574087,2.759540226795463,0.015006489400985961,False
3.4399999999998427,0.006482990693288565,2.7600830184938987,0.015005842422234048,False
3.4599999999998405,0.0064838125727496344,2.7606236532420705,0.015005262333734538,False
3.4799999999998383,0.006484636930243876,2.7611621604981855,0.015004742186843265,False
3.499999999999836,0.00648546389876696,2.7616985664383176,0.015004278081451515,False
3.519999999999834,0.0064862935696776425,2.7622329055526254,0.01500386377534774,False
3.5399999999998317,0.006487124055559876,2.762773908399661,0.015003547382339673,False
3.5599999999998295,0.006487958098550928,2.7633201608631874,0.015003270260358702,False
3.5799999999998273,0.006488797201679566,2.7638647722066803,0.015002989523563394,False
3.599999999999825,0.006489640445172087,2.7644074989750913,0.015002731369008312,False
3.619999999999823,0.006490487082073638,2.764948154394374,0.015002485187119236,False
3.6399999999998207,0.0064913366081975135,2.7654866099626267,0.015002257491193669,False
3.6599999999998185,0.006492189142040371,2.7660228490931695,0.015002055926561862,False
3.6799999999998163,0.0064930446850658165,2.766556897160488,0.015001876704296964,False
3.699999999999814,0.00649390321202294,2.7670887708192073,0.015001715845809564,False
3.719999999999812,0.006494764708303951,2.7676184773377925,0.015001571294025042,False
3.7399999999998097,0.0064956291598268785,2.7681460252349823,0.015001441352837956,False
3.7599999999998075,0.006496496548568386,2.7686714249795727,0.015001324516874422,False
3.7799999999998053,0.006497366852552096,2.7691946889854795,0.015001219436123522,False
3.799999999999803,0.006498240044688405,2.769715839614029,0.01500112331861489,False
3.819999999999801,0.006499116108166949,2.770234889623388,0.015001035548047284,False
3.8399999999997987,0.006499995021449943,2.7707518493436387,0.015000956564520695,False
3.8599999999997965,0.00650087674788448,2.771266738748172,0.015000885530899899,False
3.8799999999997943,0.006501761245384157,2.771779580000669,0.015000821615812107,False
3.899999999999792,0.0065026484698658855,2.7722903972539035,0.015000764082368136,False
3.91999999999979,0.00650353837514909,2.7727992167285342,0.015000712279175401,False
3.9399999999997877,0.006504430911558644,2.7733060768815734,0.015000663966297073,False
3.9599999999997855,0.006505326041012573,2.773811005791203,0.015000619114815504,False
3.9799999999997833,0.006506223721104655,2.774314028003142,0.015000578754964862,False
3.999999999999781,0.006507123894581107,2.7748151787708566,0.01500054252073634,False
4.019999999999779,0.006508026499206006,2.7753144961490843,0.015000509988762553,False
4.039999999999777,0.006508931471316865,2.7758120206737864,0.015000480785507269,False
4.059999999999775,0.006509838745651407,2.7763077953922153,0.015000454585517239,False
4.079999999999773,0.0065107482545008356,2.7768018772564242,0.015000429445522623,False
4.0999999999997705,0.006511659941814759,2.7772943127897873,0.015000405597532242,False
4.119999999999768,0.0065125737469189,2.7777851442161183,0.015000384319738028,False
4.139999999999766,0.006513489594383323,2.7782744248903604,0.015000365473390708,False
4.159999999999764,0.006514407403394502,2.7787622238712175,0.015000347096199847,False
4.179999999999762,0.006515327105866573,2.779248599108371,0.015000329485199809,False
4.1999999999997595,0.006516248629682765,2.7797336034136,0.015000314054024357,False
4.219999999999757,0.006517171887855165,2.7802173012947096,0.015000300738720983,False
4.239999999999755,0.006518096788136481,2.7806997737039243,0.015000287636925607,False
4.259999999999753,0.006519023250885045,2.7811810905559646,0.015000275078868416,False
4.279999999999751,0.006519951192298113,2.7816613161576056,0.015000264525523457,False
4.2999999999997485,0.006520880514109076,2.7821405399629193,0.015000254255305845,False
4.319999999999746,0.006521811126139813,2.7826188409404558,0.015000244613666933,False
4.339999999999744,0.00652274293418099,2.7830963060041753,0.015000235327048903,False
4.359999999999742,0.006523675843789511,2.783573019422193,0.015000226923404495,False
4.37999999999974,0.006524609753617572,2.784049073857278,0.015000219225410467,False
4.3999999999997375,0.006525544560755413,2.7845245595484234,0.015000212786713572,False
4.419999999999735,0.0065264801562680145,2.7849995742296283,0.01500020760623139,False
4.439999999999733,0.0065274164318597444,2.78547422806382,0.015000202640060209,False
4.459999999999731,0.006528353284821718,2.785948625239587,0.01500019832742546,False
4.479999999999729,0.006529290618134149,2.786422885753626,0.015000193838378246,False
4.499999999999726,0.006530228342348219,2.7868971304003685,0.015000189142480658,False
4.519999999999724,0.006531166283854342,2.7873714207815006,0.015000191270681834,False
4.539999999999722,0.006532104443068332,2.787845821989562,0.015000200820052326,False
4.55999999999972,0.006533040750949939,2.7883195589208727,0.0150002122481167,False
4.579999999999718,0.006533974991923515,2.7887925269659632,0.015000223680723996,False
4.599999999999715,0.0065349080532793955,2.789265002335583,0.015000234219686949,False
4.619999999999713,0.006535839611540209,2.7897368011273334,0.015000243803212613,False
4.639999999999711,0.00653676938563922,2.790207765987224,0.015000252570118217,False
4.659999999999709,0.006537697109813061,2.7906777514805543,0.015000260563979552,False
4.679999999999707,0.006538622536740524,2.7911466220660937,0.01500026794745236,False
4.699999999999704,0.006539545426988805,2.791614249141074,0.015000274752118254,False
4.719999999999702,0.006540465554386798,2.792080510943958,0.01500028112594287,False
4.7399999999997,0.006541382698681208,2.7925452913196334,0.015000287064909575,False
4.759999999999698,0.006542296641130272,2.79300847704767,0.015000292434984998,False
4.779999999999696,0.0065432071742750715,2.7934699592088093,0.015000297271798222,False
4.799999999999693,0.006544114100266208,2.7939296337699204,0.01500030161604796,False
4.819999999999691,0.006545017242218097,2.794387404020114,0.015000305859403693,False
4.839999999999689,0.006545916426029257,2.7948431790966084,0.015000309945153587,False
4.859999999999687,0.0065468114779974424,2.795296870242622,0.015000313598631769,False
4.879999999999685,0.006547702249169529,2.7957483936952086,0.015000317303754005,False
4.899999999999682,0.0065485885925061224,2.7961976720258406,0.01500032097542659,False
4.91999999999968,0.00654947036053617,2.79664462994207,0.015000324236473305,False
4.939999999999678,0.006550347418388538,2.7970891942127443,0.015000327091352628,False
4.959999999999676,0.006551219640690173,2.79753129562171,0.015000329569099583,False
4.979999999999674,0.006552086910454939,2.797970868985394,0.015000331694399002,False
4.999999999999671,0.00655294911903808,2.7984078531016223,0.015000333487433362,False
5.019999999999669,0.006553806166170145,2.7988421907063454,0.015000334965649747,False
5.039999999999667,0.006554657989063935,2.799273830901882,0.01500033761051797,False
5.059999999999665,0.0065555045288734366,2.7997027341847476,0.01500034208858756,False
5.079999999999663,0.0065563457210330404,2.8001288665651747,0.01500034805761974,False
5.09999999999966,0.006557181513098612,2.8005521944995913,0.015000355810339658,False
5.119999999999658,0.006558011866056675,2.8009726888710014,0.015000365632428046,False
5.139999999999656,0.006558836721518828,2.801390329339494,0.015000375925223644,False
5.159999999999654,0.00655965605321214,2.8018050898069546,0.015000387189621357,False
5.1799999999996515,0.0065604698302633695,2.8022169508339765,0.015000398993458914,False
5.199999999999649,0.006561278012515911,2.8026258994958333,0.015000409567604558,False
5.219999999999647,0.006562080702263423,2.803031920817929,0.015000422266632469,False
5.239999999999645,0.006562877871529873,2.803435000472181,0.015000437636342893,False
5.259999999999643,0.0065636694230220335,2.803835133911305,0.015000452612199563,False
5.2799999999996405,0.006564455359289986,2.8042323222709293,0.015000465746458342,False
5.299999999999638,0.006565235705718645,2.804626564345203,0.015000476649783661,False
5.319999999999636,0.00656601049382212,2.8050178589700914,0.01500048536844327,False
5.339999999999634,0.006566779758178378,2.805406206839212,0.015000492079933035,False
5.359999999999632,0.006567543536504419,2.805791611301232,0.015000496977261978,False
5.3799999999996295,0.006568301870257575,2.8061740786188945,0.015000500234485974,False
5.399999999999627,0.006569055203593766,2.806553724407434,0.015000497449113288,False
5.419999999999625,0.006569803065125612,2.8069304158826243,0.015000497193904127,False
5.439999999999623,0.006570545675505226,2.8073042283338547,0.01500049524579198,False
5.459999999999621,0.006571283328580184,2.807675240257898,0.0150004896190234,False
5.4799999999996185,0.00657201576537223,2.8080433825192377,0.015000485861190063,False
5.499999999999616,0.006572743047811655,2.8084086921370415,0.015000482021672576,False
5.519999999999614,0.006573465271509033,2.808771207091967,0.015000476954394586,False
5.539999999999612,0.006574182537067923,2.809130962086528,0.015000470263547136,False
5.55999999999961,0.00657489494645118,2.809487990992882,0.015000461924759559,False
5.5799999999996075,0.006575602602591258,2.8098423284882035,0.015000452064685832,False
5.599999999999605,0.006576307641787616,2.8101944102575245,0.015000465010129579,False
5.619999999999603,0.006577013632452656,2.8105451964439285,0.015000503111515571,False
5.639999999999601,0.006577721087248016,2.8108950219596913,0.015000536845607568,False
5.659999999999599,0.006578429045710419,2.811243685125556,0.015000557947642107,False
5.6799999999995965,0.00657913714335857,2.8115910210658632,0.015000575610905802,False
5.699999999999594,0.006579844946637698,2.8119369211051257,0.015000589496971101,False
5.719999999999592,0.0065805521068984995,2.8122813208770743,0.015000596686330745,False
5.73999999999959,0.006581258452167484,2.8126241016563007,0.015000609514150727,False
5.759999999999588,0.00658196366939184,2.8129652497217665,0.015000618999538494,False
5.7799999999995855,0.006582667561055691,2.8133047720703397,0.015000617379400671,False
5.799999999999583,0.006583369984878295,2.813642596985632,0.015000613772499538,False
5.819999999999581,0.0065840686014031384,2.813977837434798,0.01500073532051703,False
5.839999999999579,0.006584766371522006,2.814311648602148,0.015000817365968316,False
5.859999999999577,0.006585462581667317,2.814643927728294,0.015000868985212064,False
5.8799999999995745,0.006586157728278748,2.814974747250736,0.015000894485695238,False
5.899999999999572,0.006586851424970052,2.8153040768319144,0.01500089749659986,False
5.91999999999957,0.00658754179868771,2.815631162033559,0.015000998717145282,False
5.939999999999568,0.006588231774739345,2.8159570454401135,0.015001048155628426,False
5.959999999999566,0.006588922166457148,2.81628240215898,0.015000965321887145,False
5.979999999999563,0.006589609941818303,2.8166060112711664,0.015000921037693977,False
5.999999999999561,0.006590296026351685,2.8169278696874183,0.015000899735386937,False
6.019999999999559,0.006590982229264325,2.8172490164664223,0.015000791651383873,False
6.039999999999557,0.006591666491470739,2.8175687849157,0.01500069049589328,False
6.059999999999555,0.006592348458487686,2.8178868236012464,0.015000645435775778,False
6.079999999999552,0.006593029896143495,2.81820389637797,0.01500057751738019,False
6.09999999999955,0.0065937111068591495,2.8185201985645265,0.015000457347110287,False
6.119999999999548,0.006594390810646686,2.8188351142730994,0.015000350730946363,False
6.139999999999546,0.006595069002638842,2.819148631901398,0.015000276056332022,False
6.159999999999544,0.0065957463462481825,2.8194610939460656,0.01500021060406247,False
6.179999999999541,0.006596422957434501,2.8197725821776047,0.015000151729404056,False
6.199999999999539,0.006597098942853801,2.820083165113047,0.015000098351934749,False
6.219999999999537,0.0065977744258371804,2.820392914184959,0.015000049682538576,False
6.239999999999535,0.006598449538618354,2.8207019023894047,0.015000005110149827,False
6.259999999999533,0.006599124417142388,2.8210102032169933,0.014999964159504657,False
6.27999999999953,0.006599799198567381,2.821317890317402,0.014999926455838457,False
6.299999999999528,0.0066004740199919485,2.8216250373976672,0.014999891697357335,False
6.319999999999526,0.006601149017723474,2.8219317181680514,0.014999859635531737,False
6.339999999999524,0.006601824326821821,2.8222380062941275,0.01499983006149119,False
6.359999999999522,0.006602500080804424,2.822543975332347,0.014999802796701107,False
6.379999999999519,0.006603176411452338,2.822849698679575,0.014999777686494957,False
6.399999999999517,0.00660385344868012,2.8231552495159207,0.014999754595523966,False
6.419999999999515,0.006604531320445753,2.8234607007558585,0.014999733404477893,False
6.439999999999513,0.006605210152685429,2.8237661249967676,0.014999714007635105,False
6.459999999999511,0.006605890069263677,2.8240715944788524,0.014999696310973384,False
6.479999999999508,0.006606571191933082,2.8243771810378417,0.014999680230655493,False
6.499999999999506,0.006607253640300142,2.824682956070086,0.014999665691766185,False
6.519999999999504,0.0066079375158640905,2.8249890451016375,0.014999646303468641,False
6.539999999999502,0.006608623001399378,2.825295484352966,0.01499962719910607,False
6.5599999999995,0.006609310174721876,2.8256023395866494,0.014999608702456207,False
6.579999999999497,0.00660999919023202,2.825909667795449,0.014999592657997987,False
6.599999999999495,0.006610690098010768,2.8262175375555914,0.014999578642304442,False
6.619999999999493,0.006611383055736313,2.826526015247176,0.014999567193013399,False
6.639999999999491,0.006612078100820653,2.826835166771213,0.014999557961729896,False
6.6599999999994886,0.0066127753069429905,2.827145093234259,0.014999546906474152,False
6.679999999999486,0.006613474872633327,2.827455863058727,0.014999535029357719,False
6.699999999999484,0.0066141769020790905,2.8277675273310434,0.014999524211614903,False
6.719999999999482,0.00661488148252255,2.828080141032455,0.014999515556804531,False
6.73999999999948,0.00661558869720809,2.8283937630099,0.014999509545578028,False
6.7599999999994775,0.006616298628162297,2.8287084541804797,0.01499950628880986,False
6.779999999999475,0.006617011356798526,2.8290242761684694,0.01499950570385703,False
6.799999999999473,0.006617726963912096,2.829341290456987,0.014999507620249616,False
6.819999999999471,0.006618445529449597,2.829659557885958,0.014999511838844987,False
6.839999999999469,0.006619167132194673,2.8299791383688557,0.01499951816270305,False
6.8599999999994665,0.006619891849446592,2.8303000907270706,0.014999526411371486,False
6.879999999999464,0.006620619756733897,2.8306224726078364,0.014999536425819384,False
6.899999999999462,0.006621350927582649,2.830946340445469,0.014999548068447083,False
6.91999999999946,0.006622085433340944,2.831271749437047,0.01499956122059839,False
6.939999999999458,0.00662282334305461,2.831598753532528,0.014999575779115537,False
6.9599999999994555,0.006623564723386773,2.8319274054284698,0.01499959165307139,False
6.979999999999453,0.006624309638570426,2.832257756564339,0.014999608761022708,False
6.999999999999451,0.006625058150382898,2.832589857113667,0.014999627028578003,False
7.019999999999449,0.0066258103181354305,2.8329237559675016,0.014999646386460222,False
7.039999999999447,0.00662656619867273,2.833259500726102,0.014999666769075722,False
7.0599999999994445,0.006627325846377961,2.833597137676241,0.014999688113487996,False
7.079999999999442,0.006628089313180277,2.8339367117757277,0.014999710358662481,False
7.09999999999944,0.006628856648563071,2.8342782666307467,0.014999733444931978,False
7.119999999999438,0.006629627899571744,2.8346218444788773,0.01499975731363271,False
7.139999999999436,0.006630403110820411,2.8349674861613363,0.014999781906827566,False
7.1599999999994335,0.00663118232449713,2.8353152311050134,0.014999807167117825,False
7.179999999999431,0.006631965580367533,2.835665117296825,0.014999833037509304,False
7.199999999999429,0.006632752915776778,2.836017181262202,0.014999859461291148,False
7.219999999999427,0.006633544293365288,2.8363714164876104,0.014999889582200056,False
7.239999999999425,0.00663433976490429,2.836727865321909,0.014999923019223508,False
7.2599999999994225,0.006635139423604103,2.8370865964855922,0.014999956978995584,False
7.27999999999942,0.006635943298996229,2.837447644783275,0.014999990814545786,False
7.299999999999418,0.00663675141460108,2.837811039396568,0.015000024259319211,False
7.319999999999416,0.006637563792724239,2.838176807278432,0.015000057188337312,False
7.339999999999414,0.006638380453772954,2.838544973481571,0.015000089550447593,False
7.3599999999994115,0.006639201415662462,2.8389155612292964,0.015000121334145773,False
7.379999999999409,0.006640026693611959,2.839288591989945,0.015000152546356059,False
7.399999999999407,0.006640856300122168,2.839664085529698,0.015000183199559989,False
7.419999999999405,0.006641690244587463,2.8400420596804565,0.015000213327008806,False
7.439999999999403,0.006642528532032441,2.840422529522242,0.015000243052848167,False
7.4599999999994,0.006643371165646769,2.8408055088209294,0.015000272467253176,False
7.479999999999398,0.006644218147994315,2.8411910108203147,0.01500030154425915,False
7.499999999999396,0.006645069480671485,2.8415790480925223,0.015000330142366061,False
7.519999999999394,0.006645925161901637,2.8419696310110663,0.01500035813445187,False
7.539999999999392,0.00664678518586029,2.842362767155692,0.015000385467955013,False
7.559999999999389,0.006647649544032439,2.842758462028159,0.015000412106424612,False
7.579999999999387,0.006648518607373826,2.8431568666982083,0.015000422128358106,False
7.599999999999385,0.006649392206445561,2.8435579184689503,0.01500042046386847,False
7.619999999999383,0.006650269967405374,2.8439614756850737,0.015000420817401506,False
7.639999999999381,0.006651151881568409,2.844367539853616,0.015000422887892035,False
7.659999999999378,0.00665203794592103,2.84477611388869,0.015000426136403145,False
7.679999999999376,0.006652928146198822,2.845187195108885,0.015000430275851155,False
7.699999999999374,0.006653822460899928,2.8456007769516103,0.015000435125121217,False
7.719999999999372,0.006654720863467866,2.8460168498335374,0.01500044054481023,False
7.73999999999937,0.00665562332257036,2.8464354010642685,0.015000446449905135,False
7.759999999999367,0.006656529803248988,2.8468564155006764,0.01500045275232791,False
7.779999999999365,0.006657440267611932,2.84727987602097,0.015000459313779349,False
7.799999999999363,0.006658354673828727,2.847705762818727,0.015000466004604222,False
7.819999999999361,0.006659273155351593,2.8481341346360893,0.015000462940090012,False
7.839999999999359,0.006660195556747601,2.848564915161893,0.015000452629963263,False
7.859999999999356,0.006661121631792214,2.848997983310901,0.015000443514750182,False
7.879999999999354,0.006662051328699694,2.84943330711616,0.01500043588454573,False
7.899999999999352,0.0066629845933132556,2.849870856060405,0.015000429559804952,False
7.91999999999935,0.006663921363449102,2.850310595858132,0.015000424363936832,False
7.939999999999348,0.006664861565741578,2.8507524897005503,0.015000417431149559,False
7.959999999999345,0.006665805093965787,2.851196472522723,0.015000411751884565,False
7.979999999999343,0.006666751876432104,2.8516425027401207,0.015000406449231535,False
7.999999999999341,0.006667701828979141,2.8520905289393,0.015000402446125919,False
8.019999999999348,0.006668654869746737,2.8525405048364045,0.015000398632008041,False
8.039999999999354,0.006669610906210776,2.8529923731320803,0.015000395856849919,False
8.059999999999361,0.0066705698465903875,2.8534460803129647,0.015000393084749203,False
8.079999999999368,0.00667153159029223,2.853901562968617,0.01500039111838514,False
8.099999999999374,0.0066724960475300354,2.8543587625026823,0.015000391331094874,False
8.119999999999381,0.006673463134104706,2.8548176286421367,0.015000391794257318,False
8.139999999999388,0.006674432736496605,2.8552780923268384,0.015000392166579883,False
8.159999999999394,0.006675404736424387,2.8557400792010843,0.015000392332967679,False
8.179999999999401,0.006676379010575864,2.8562035108240216,0.015000392246399836,False
8.199999999999408,0.006677355430120338,2.856668304888223,0.015000391882756488,False
8.219999999999414,0.0066783338605615515,2.857134375245687,0.015000391224810146,False
8.239999999999421,0.006679314161674407,2.857601631876145,0.015000390257388101,False
8.259999999999428,0.006680296187445448,2.8580699808222527,0.0150003889662773,False
8.279999999999434,0.006681279786004386,2.8585393241263604,0.015000387338134746,False
8.299999999999441,0.00668226479954776,2.8590095597617298,0.015000385360529283,False
8.319999999999448,0.006683251064256985,2.8594805815587074,0.01500038302193009,False
8.339999999999455,0.00668423839651477,2.8599522758901372,0.015000382878453934,False
8.359999999999461,0.006685226678785161,2.860424558405526,0.015000383858904906,False
8.379999999999468,0.0066862157832529735,2.860897337302252,0.015000383323574437,False
8.399999999999475,0.006687205498048894,2.861370484475068,0.015000382927357538,False
8.419999999999481,0.006688195646646205,2.8618438849226355,0.015000382883491996,False
8.439999999999488,0.006689186121493535,2.8623174586111766,0.015000381467588234,False
8.459999999999495,0.006690176934342905,2.862791164561261,0.015000369511691659,False
8.479999999999501,0.006691167482202271,2.863264685960213,0.015000351302406331,False
8.499999999999508,0.0066921568873637765,2.8637376008126667,0.015000334367023214,False
8.519999999999515,0.006693144460879901,2.864209582886711,0.015000318395655767,False
8.539999999999521,0.006694129304605691,2.864680231543328,0.015000310854428283,False
8.559999999999528,0.006695110618121101,2.8651491917324172,0.015000313808977386,False
8.579999999999535,0.006696087960359613,2.8656162480083265,0.015000320014535148,False
8.599999999999541,0.006697060885894379,2.8660811804655633,0.01500032600202623,False
8.619999999999548,0.006698028856131921,2.866543734872074,0.015000331951618002,False
8.639999999999555,0.006698991354622158,2.8670036680810007,0.015000337957753447,False
8.659999999999561,0.006699947890448264,2.867460748889613,0.015000343992614944,False
8.679999999999568,0.006700897995470435,2.8679147566630214,0.01500034998931577,False
8.699999999999575,0.006701841222505488,2.8683654804995204,0.015000355878047772,False
8.719999999999581,0.00670277714424981,2.8688127187722956,0.01500036159709932,False
8.739999999999588,0.006703705352567382,2.8692562788341873,0.015000367094443162,False
8.759999999999595,0.006704625372953496,2.8696959528977506,0.015000371423962346,False
8.779999999999601,0.006705536822362442,2.870131552010761,0.015000374173432942,False
8.799999999999608,0.006706439388520248,2.8705629092593807,0.015000376078667214,False
8.819999999999615,0.006707331132635271,2.870989740129852,0.015000380123581266,False
8.839999999999621,0.006708207411386798,2.871411717210974,0.015000384737158642,False
8.859999999999628,0.006709063073241469,2.87182857057454,0.015000388900094393,False
8.879999999999635,0.006709894077940741,2.8722400906472867,0.015000394195388476,False
8.899999999999642,0.00671069735787883,2.872646123173598,0.015000400176753529,False
8.919999999999648,0.006711470640796869,2.8730465419995164,0.015000407443609488,False
8.939999999999655,0.006712212348627826,2.8734412530016655,0.015000416524667073,False
8.959999999999662,0.006712921515775486,2.873830191366064,0.01500042688765014,False
8.979999999999668,0.006713597711432472,2.874213310048062,0.015000436874864269,False
8.999999999999675,0.00671424100823631,2.8745905655149757,0.015000447919924111,False
9.019999999999682,0.006714851941844394,2.8749619392943444,0.015000461848351186,False
9.039999999999688,0.006715431443256833,2.875327440795729,0.015000478253986356,False
9.059999999999695,0.00671598078596699,2.8756870884527963,0.015000496600709495,False
9.079999999999702,0.006716501544286895,2.8760409076536546,0.015000516263420935,False
9.099999999999708,0.0067169955509339,2.8763889292209144,0.015000536468112264,False
9.119999999999715,0.006717464852626721,2.876731168012154,0.015000559188869183,False
9.139999999999722,0.006717911689601981,2.8770676749092874,0.015000582254737563,False
9.159999999999728,0.006718338439114891,2.8773984926402436,0.015000604375063535,False
9.179999999999735,0.006718747583185933,2.8777236382609166,0.015000628084015984,False
9.199999999999742,0.006719152210463763,2.8780457773233703,0.015000649754660554,False
9.219999999999748,0.006719572486094333,2.8783693044683147,0.015000667377015074,False
9.239999999999755,0.006720009098988669,2.878693798166491,0.015000677685373436,False
9.259999999999762,0.006720458247075593,2.8790177816411613,0.01500068250278936,False
9.279999999999768,0.006720920020426747,2.8793407326981533,0.015000683087040282,False
9.299999999999775,0.006721393604679427,2.8796618870787274,0.01500068286957407,False
9.319999999999782,0.00672187882608136,2.8799806521430105,0.015000685067080207,False
9.339999999999788,0.006722375232645775,2.8802965140577625,0.015000677854853341,False
9.359999999999795,0.006722883079459569,2.880609048353943,0.015000664930774526,False
9.379999999999802,0.006723401882762679,2.880917756944145,0.015000642779490987,False
9.399999999999809,0.006723931968787551,2.881222484861643,0.015000596521312772,False
9.419999999999815,0.006724472980119564,2.881522833930972,0.015000531370408106,False
9.439999999999822,0.006725024093468022,2.8818182385789166,0.01500047078020474,False
9.459999999999829,0.006725585148969366,2.882108582326047,0.015000412602072922,False
9.479999999999835,0.00672615557818352,2.8823937836257603,0.015000350878221025,False
9.499999999999842,0.006726734321934808,2.88267366153915,0.015000291111759698,False
9.519999999999849,0.006727319886430232,2.8829480768348614,0.015000234819680469,False
9.539999999999855,0.006727910774194967,2.8832170622323945,0.015000178834794054,False
9.559999999999862,0.006728505479319461,2.8834807695009017,0.015000122931646466,False
9.579999999999869,0.006729102270839923,2.883739387178541,0.015000074276050586,False
9.599999999999875,0.006729698814967071,2.8839930026157385,0.015000055029702272,False
9.619999999999882,0.006730292573561356,2.8842419624147646,0.015000070561400552,False
9.639999999999889,0.006730880895353508,2.8844869063095384,0.015000107060379114,False
9.659999999999895,0.00673146181822192,2.8847282912694934,0.015000148022187363,False
9.679999999999902,0.006732035112926923,2.884966277316203,0.015000182704512902,False
9.699999999999909,0.006732601233730588,2.8852008777245057,0.015000209910160595,False
9.719999999999915,0.006733160507206256,2.8854320975862984,0.01500023102466841,False
9.739999999999922,0.0067337130728339425,2.8856599582584703,0.015000244169768804,False
9.759999999999929,0.0067342595031125,2.885884526904056,0.01500025763958996,False
9.779999999999935,0.00673479970751551,2.8861058035886438,0.015000271235916547,False
9.799999999999942,0.006735333727835581,2.8863238336583774,0.015000286910943987,False
9.819999999999949,0.006735861810074305,2.8865387127246906,0.015000300630091053,False
9.839999999999955,0.006736384216515152,2.886750559037701,0.015000304758393678,False
9.859999999999962,0.006736898535047909,2.8869585336571015,0.015000430929817236,False
9.879999999999969,0.006737408485301552,2.887163952579415,0.015000512286823758,False
9.899999999999975,0.006737913447931483,2.8873667882922365,0.015000551937900432,False
9.919999999999982,0.006738414031284275,2.887567064887132,0.015000574780867937,False
9.939999999999989,0.006738910210218722,2.8877649963809877,0.015000557035969439,False
9.959999999999996,0.006739401834629269,2.887960378823271,0.015000540200335795,False
9.980000000000002,0.006739889114161876,2.8881534970837115,0.015000502607875091,False
10.000000000000009,0.006740372181619055,2.8883442473374377,0.0150004647275252,False
10.020000000000016,0.0067408509232706445,2.8885327598432067,0.015000427952193552,False
10.040000000000022,0.006741324064719373,2.8887185816324923,0.015000477431878809,False
10.060000000000029,0.006741841906019173,2.888915209805064,0.015000653798138145,False
10.080000000000036,0.006742444596236074,2.889134207635779,0.015000877663554015,False
10.100000000000042,0.006743124631424358,2.8893741360125405,0.015001109250926441,False
10.120000000000049,0.0067438695945386,2.8896319589554724,0.015001336518196849,False
10.140000000000056,0.006744670361513064,2.889905428453042,0.015001561118614861,False
10.160000000000062,0.00674551940455109,2.8901926956519866,0.015001779622318065,False
10.180000000000069,0.006746410167793766,2.8904921154970653,0.015001991633723405,False
10.200000000000076,0.006747336953278607,2.8908022521987506,0.015002193180553165,False
10.220000000000082,0.006748294759276374,2.8911218147004574,0.015002384533668745,False
10.240000000000089,0.006749279265660607,2.8914496854827667,0.015002562595934847,False
10.260000000000096,0.006750286692458966,2.8917848624031515,0.015002728221758764,False
10.280000000000102,0.006751313797809365,2.89212648454048,0.015002878784596933,False
10.300000000000109,0.006752357750238496,2.89247378101901,0.015003014922415351,False
10.320000000000116,0.00675341604999356,2.8928260428991424,0.015003140922053498,False
10.340000000000122,0.006754486609066933,2.8931826859437755,0.015003253652569139,False
10.360000000000129,0.006755567649197967,2.8935432063390665,0.015003349230489361,False
10.380000000000136,0.0067566575933375485,2.893907139126132,0.015003427860528806,False
10.400000000000142,0.0067577551085106794,2.894274092451386,0.015003487128666343,False
10.42000000000015,0.006758859273452056,2.894644128685132,0.015003491549625454,False
10.440000000000156,0.006759969846128065,2.895016752209395,0.015003428956007621,False
10.460000000000163,0.006761086331129509,2.89539162566813,0.015003283336408805,False
10.48000000000017,0.00676220762074639,2.895768632610241,0.015003054866911957,False
10.500000000000176,0.006763331904038402,2.896147067760011,0.015002803650075607,False
10.520000000000183,0.0067644553080056175,2.8965255559717162,0.015002705558144582,False
10.54000000000019,0.00676558135008861,2.896905767194286,0.015002590131545977,False
10.560000000000196,0.0067667114728629085,2.897288157467738,0.015002353965239032,False
10.580000000000203,0.00676784216051607,2.897671264050499,0.015002140484534032,False
10.60000000000021,0.006768972687554864,2.8980550165448977,0.015001972795760644,False
10.620000000000216,0.006770103421770214,2.8984396789871187,0.015001823909771428,False
10.640000000000223,0.006771234120447694,2.8988251877231046,0.015001693045177934,False
10.66000000000023,0.006772361660177705,2.899210571171826,0.015001712405349771,False
10.680000000000236,0.006773490564238579,2.8995974449205426,0.01500167757748037,False
10.700000000000243,0.0067746186273272,2.89998498633168,0.015001676458993151,False
10.72000000000025,0.006775746985226135,2.9003735606198835,0.015001653664763278,False
10.740000000000256,0.006776874385421367,2.900762829149492,0.015001657935601488,False
10.760000000000263,0.0067779990708191655,2.9011522355928165,0.015001765489277202,False
10.78000000000027,0.00677912367388945,2.9015426993623485,0.015001855536587947,False
10.800000000000276,0.006780248069831333,2.901934188975269,0.015001928253554335,False
10.820000000000283,0.006781372076804639,2.90232665997258,0.015001987785200918,False
10.84000000000029,0.00678249555505431,2.902720082700768,0.015002036561239706,False
10.860000000000296,0.006783618384550242,2.903114433751529,0.01500207632933318,False
10.880000000000303,0.006784740461327351,2.9035096947218073,0.015002108189279257,False
10.90000000000031,0.006785861669241934,2.9039058445134547,0.015002133780080536,False
10.920000000000316,0.006786981926957822,2.9043028710632943,0.015002153196093743,False
10.940000000000323,0.006788101158799681,2.9047007634789694,0.015002166459626926,False
10.96000000000033,0.006789219272414199,2.9050995069480945,0.01500217436542861,False
10.980000000000336,0.006790336181620398,2.9054990887271024,0.015002177348370976,False
11.000000000000343,0.006791451802426115,2.905899496724445,0.015002175748463055,False
11.02000000000035,0.006792566052775448,2.906300719488138,0.015002169828270864,False
11.040000000000356,0.006793678851179911,2.906702745804572,0.015002159823232447,False
11.060000000000363,0.006794790117001037,2.9071055647931714,0.015002145934932596,False
11.08000000000037,0.006795899773193799,2.9075091667717174,0.015002128224280934,False
11.100000000000376,0.006797007743054246,2.9079135422166598,0.01500210671475417,False
11.120000000000383,0.006798113948174298,2.9083186811218313,0.01500208149596295,False
11.14000000000039,0.006799218312027364,2.908724574057966,0.015002052552189256,False
11.160000000000396,0.006800320765040975,2.909131213815207,0.01500201961652,False
11.180000000000403,0.006801421236266609,2.9095385927757342,0.015001982480118218,False
11.20000000000041,0.006802519655993379,2.9099467037918987,0.015001940960205936,False
11.220000000000416,0.006803615840845074,2.9103555069792773,0.015001901074446378,False
11.240000000000423,0.006804709727574667,2.910764995214965,0.015001861942204296,False
11.26000000000043,0.0068058013386818085,2.911175186263015,0.015001818272012845,False
11.280000000000436,0.006806890512898758,2.911586046029933,0.015001774897575315,False
11.300000000000443,0.0068079771982325395,2.911997570477537,0.015001730618283258,False
11.32000000000045,0.006809061533847898,2.912409673078511,0.01500168500510465,False
11.340000000000456,0.00681014503523509,2.9128217826625997,0.01500163498628537,False
11.360000000000463,0.006811230153685053,2.913233020617681,0.015001574523313133,False
11.38000000000047,0.00681231890806582,2.9136425918300515,0.015001503521704622,False
11.400000000000476,0.006813412599556645,2.914049804192481,0.015001430892790187,False
11.420000000000483,0.006814512065279744,2.9144540878631546,0.015001367341924985,False
11.44000000000049,0.006815618163806542,2.9148551253337835,0.015001309210146111,False
11.460000000000496,0.006816731458963669,2.9152527105913504,0.015001252551383034,False
11.480000000000503,0.006817852102007567,2.9156466815601925,0.015001198414796978,False
11.50000000000051,0.0068189800252606205,2.9160369756220246,0.015001146511950055,False
11.520000000000516,0.006820114945218899,2.916423614679492,0.015001096381839068,False
11.540000000000523,0.0068212563882056884,2.916806698060282,0.015001047287293318,False
11.56000000000053,0.006822403711876451,2.9171863950359724,0.015000998264357095,False
11.580000000000537,0.006823556013027757,2.9175629014118782,0.01500095295537972,False
11.600000000000543,0.006824712358425077,2.917936496995461,0.015000910333614677,False
11.62000000000055,0.006825871696005801,2.9183075081881737,0.015000869794174244,False
11.640000000000557,0.006827032919579127,2.9186763154499076,0.015000828946830505,False
11.660000000000563,0.006828194730226946,2.9190432988089414,0.015000790729159826,False
11.68000000000057,0.0068293558004922485,2.919408873255372,0.015000756643210343,False
11.700000000000577,0.00683051396225134,2.919772489457939,0.015000714940188772,False
11.720000000000583,0.006831666661918863,2.9201338323441077,0.015000668488089548,False
11.74000000000059,0.00683281243135915,2.920493637980542,0.015000625695037908,False
11.760000000000597,0.006833950424758726,2.9208528054369163,0.015000586694271349,False
11.780000000000603,0.006835078920862633,2.9212120894532707,0.01500059652880323,False
11.80000000000061,0.006836197668673094,2.9215725020115064,0.015000638351706185,False
11.820000000000617,0.00683730689804789,2.9219349794774723,0.015000671317459927,False
11.840000000000623,0.0068384056246417095,2.922300055284562,0.015000696665834888,False
11.86000000000063,0.006839493211376841,2.9226683175396126,0.015000716695014517,False
11.880000000000637,0.0068405689036972524,2.923040221684913,0.015000732327803855,False
11.900000000000643,0.006841631929690144,2.9234161150540676,0.015000743749335342,False
11.92000000000065,0.006842682073403219,2.9237964299280423,0.015000752139252118,False
11.940000000000657,0.006843719061499784,2.9241814489894487,0.015000757760705724,False
11.960000000000663,0.006844743780508362,2.9245715860927284,0.015000722142234742,False
11.98000000000067,0.006845756078425419,2.9249668806159743,0.015000661267986319,False
12.000000000000677,0.0068467554598267465,2.9253671637011736,0.01500061068125145,False
12.020000000000683,0.00684774304144506,2.9257725456894654,0.015000569490624937,False
12.04000000000069,0.006848725245571767,2.926184604238812,0.015000536965826643,False
12.060000000000697,0.006849706762516209,2.9266041525535704,0.015000511457162321,False
12.080000000000704,0.006850688416922156,2.927030583709295,0.015000491430453818,False
12.10000000000071,0.00685167148887285,2.927463223470066,0.015000475986165402,False
12.120000000000717,0.006852657633373595,2.9279012898732137,0.015000464263860277,False
12.140000000000724,0.006853648972284776,2.9283438040271927,0.01500047097368829,False
12.16000000000073,0.006854648163681527,2.9287903003854776,0.015000463622074758,False
12.180000000000737,0.006855655750295594,2.929240419239677,0.015000432512447797,False
12.200000000000744,0.006856670663584583,2.9296937376009127,0.015000404829742367,False
12.22000000000075,0.00685769219972842,2.9301500914283753,0.015000386344194816,False
12.240000000000757,0.0068587198552865925,2.9306093710603185,0.015000375332134329,False
12.260000000000764,0.006859753238893709,2.9310714741771817,0.015000368777666763,False
12.28000000000077,0.006860791932879639,2.9315362496194592,0.015000365395466734,False
12.300000000000777,0.006861835464013381,2.932003503549066,0.015000364861184433,False
12.320000000000784,0.006862883365355024,2.932473035992551,0.01500036628451878,False
12.34000000000079,0.006863935166120621,2.9329446334142073,0.015000368784008187,False
12.360000000000797,0.006864990385852714,2.9334180673835144,0.01500037165387643,False
12.380000000000804,0.0068660485314463926,2.9338930952913183,0.015000374379913872,False
12.40000000000081,0.006867109095658372,2.9343694615164244,0.015000376605647304,False
12.420000000000817,0.006868171587521255,2.934846907273446,0.015000379047802426,False
12.440000000000824,0.006869235534355057,2.935325177252047,0.015000380641160143,False
12.46000000000083,0.006870300374786977,2.93580398310146,0.015000384110935117,False
12.480000000000837,0.006871365693905878,2.9362830772144495,0.015000383361327151,False
12.500000000000844,0.00687243102007959,2.936762199361025,0.015000373650668924,False
12.52000000000085,0.006873495612583476,2.9372410080455835,0.015000362105927107,False
12.540000000000857,0.006874558876335077,2.9377192535041314,0.0150003521701352,False
12.560000000000864,0.006875620441298916,2.9381967996528635,0.015000341772795512,False
12.58000000000087,0.006876679957510427,2.9386735127410426,0.015000329513859573,False
12.600000000000877,0.006877737059034402,2.9391492443946317,0.015000315364937181,False
12.620000000000884,0.006878791391061416,2.9396238481341745,0.015000299561834018,False
12.64000000000089,0.006879842614508595,2.940097183124782,0.015000282382669644,False
12.660000000000897,0.00688089040707538,2.940569115154232,0.015000264081712962,False
12.680000000000904,0.006881934358080124,2.941039464080064,0.01500024869818696,False
12.70000000000091,0.006882974164318687,2.941508106876242,0.015000236085465241,False
12.720000000000917,0.006884009616049817,2.9419749663795134,0.015000223255326316,False
12.740000000000924,0.0068850404671173225,2.9424399418413953,0.015000209783672544,False
12.76000000000093,0.00688606638131459,2.9429028817408747,0.015000199017735576,False
12.780000000000937,0.006887087121302094,2.9433636904364513,0.015000190635794176,False
12.800000000000944,0.006888102535309021,2.943822315375978,0.015000181893153127,False
12.82000000000095,0.006889112436377393,2.9442786790799422,0.01500017242882585,False
12.840000000000957,0.006890116645021458,2.9447327048395966,0.015000162260479274,False
12.860000000000964,0.0068911149945617735,2.9451843211311317,0.015000151474532892,False
12.88000000000097,0.006892107332158339,2.94563346243277,0.015000140153524629,False
12.900000000000977,0.006893093518803495,2.9460800692047724,0.015000128364767343,False
12.920000000000984,0.006894073429034451,2.9465240876918912,0.015000116164366537,False
12.94000000000099,0.006895046950535266,2.946965469680543,0.015000103606466492,False
12.960000000000997,0.0068960139840218366,2.9474041724486972,0.015000090736958594,False
12.980000000001004,0.006896974569219508,2.94784022734,0.015000072849400997,False
13.00000000000101,0.006897928641482158,2.9482736004918797,0.015000050506979811,False
13.020000000001017,0.006898876055496049,2.948704212473004,0.015000027808903577,False
13.040000000001024,0.006899816747382937,2.9491320322732513,0.01500000551940506,False
13.06000000000103,0.00690075067647003,2.9495570423919566,0.014999983761971643,False
13.080000000001037,0.006901678000534646,2.949979328979189,0.014999954759994584,False
13.100000000001044,0.006902598708887629,2.950398882086142,0.014999919263340267,False
13.12000000000105,0.00690351266588279,2.9508156223637116,0.014999883821848647,False
13.140000000001058,0.00690441985460417,2.9512295360877228,0.014999849663874958,False
13.160000000001064,0.006905320286884589,2.9516406273555282,0.014999817005661139,False
13.18000000000107,0.00690621399016159,2.952048907900178,0.01499978576393292,False
13.200000000001078,0.00690710100321835,2.9524543938930816,0.014999755787766382,False
13.220000000001084,0.006907981416631675,2.952857137364354,0.014999724600784827,False
13.240000000001091,0.006908855290654134,2.9532571591096746,0.014999692039522436,False
13.260000000001098,0.006909722655579512,2.9536544557396165,0.014999660061533368,False
13.280000000001104,0.006910583572483285,2.954049048001861,0.014999629307425327,False
13.300000000001111,0.0069114381204338415,2.9544409670887575,0.014999599896291252,False
13.320000000001118,0.006912286390328311,2.9548302495102474,0.014999571767967379,False
13.340000000001124,0.006913128482041035,2.9552169352064808,0.014999544823744548,False
13.360000000001131,0.00691396450325232,2.955601066947526,0.014999518972145262,False
13.380000000001138,0.006914794568947399,2.9559826901597543,0.014999494138920835,False
13.400000000001144,0.00691561801446444,2.956361593040449,0.01499955158812861,False
13.420000000001151,0.0069164660420547325,2.9567487764404548,0.014999616367618835,False
13.440000000001158,0.006917353791241016,2.9571499049951795,0.01499958127750042,False
13.460000000001164,0.006918269131261215,2.957560548901645,0.014999559810607242,False
13.480000000001171,0.006919209021213784,2.957979666766675,0.014999542275653489,False
13.500000000001178,0.006920170766437882,2.9584063037893698,0.014999506828768334,False
13.520000000001184,0.0069211504933154875,2.9588389044190264,0.014999494592265893,False
13.540000000001191,0.006922146105384502,2.9592767522396777,0.01499950113529952,False
13.560000000001198,0.006923155833670956,2.959719273724245,0.014999521628321183,False
13.580000000001204,0.006924178133152727,2.960165970966542,0.01499955406344878,False
13.600000000001211,0.006925211357331717,2.960616220366793,0.014999596636722826,False
13.620000000001218,0.006926254156645336,2.961069524046855,0.014999647767183434,False
13.640000000001224,0.006927305346367267,2.9615254352327804,0.014999704707071088,False
13.660000000001231,0.0069283638630912485,2.961983540849197,0.014999764427208427,False
13.680000000001238,0.006929428871678733,2.962443570425447,0.014999827662203126,False
13.700000000001245,0.006930499559885058,2.9629052201220767,0.014999892761978752,False
13.720000000001251,0.0069315752276509135,2.963368240141862,0.014999959625229781,False
13.740000000001258,0.006932655271080212,2.9638324039694526,0.015000026443971741,False
13.760000000001265,0.006933739135273839,2.9642975165224996,0.015000093548385832,False
13.780000000001271,0.006934824107135946,2.964762948743705,0.01500023703598303,False
13.800000000001278,0.006935913156559466,2.9652292784601513,0.01500034032315317,False
13.820000000001285,0.006937004759859062,2.9656961033214007,0.015000418046752543,False
13.840000000001291,0.0069380972444164565,2.966163187139725,0.015000552668201045,False
13.860000000001298,0.00693919276758871,2.966630944158958,0.015000663884137533,False
13.880000000001305,0.006940290859595178,2.967099061814762,0.01500072272296485,False
13.900000000001311,0.006941390796340438,2.9675673200531483,0.015000752897145636,False
13.920000000001318,0.006942492626121224,2.9680358663887834,0.015000737185845728,False
13.940000000001325,0.006943595987191247,2.96850458784483,0.015000684039864187,False
13.960000000001331,0.006944700427397488,2.9689732459444818,0.01500061768616885,False
13.980000000001338,0.006945805803995699,2.969441769642251,0.015000537108439899,False
14.000000000001345,0.006946911873531874,2.969910076698074,0.015000442574888638,False
14.020000000001351,0.006948017626013096,2.970377730285547,0.015000375851806655,False
14.040000000001358,0.006949123747115546,2.970845132419533,0.015000295628612995,False
14.060000000001365,0.006950229921053917,2.971312177853659,0.015000203729534122,False
14.080000000001371,0.006951335961472337,2.9717788403586054,0.015000111937892475,False
14.100000000001378,0.006952442305521402,2.9722454017115285,0.015000016212896856,False
14.120000000001385,0.006953548857993513,2.972711821727388,0.014999933171435742,False
14.140000000001391,0.006954655812776784,2.973178161681937,0.014999861110003612,False
14.160000000001398,0.006955763360086649,2.9736444879603092,0.014999798884999211,False
14.180000000001405,0.00695687169552872,2.974110874698833,0.014999745724943973,False
14.200000000001411,0.006957981020019397,2.9745774019477103,0.014999700973390132,False
14.220000000001418,0.006959091537783413,2.9750441538672545,0.01499966402078912,False
14.240000000001425,0.006960203454733057,2.9755112175265483,0.014999634292981514,False
14.260000000001432,0.006961316981475429,2.9759786783525697,0.01499960982955269,False
14.280000000001438,0.006962432302196126,2.9764466213476846,0.014999590864838604,False
14.300000000001445,0.006963549608216862,2.976915139092312,0.014999578150005317,False
14.320000000001452,0.00696466911113155,2.977384327416719,0.014999570963671134,False
14.340000000001458,0.006965791016147673,2.9778542795879193,0.014999568776786359,False
14.360000000001465,0.006966915524121824,2.978325088058653,0.014999571186250617,False
14.380000000001472,0.006968042832463494,2.978796844920535,0.014999577845410592,False
14.400000000001478,0.0069691729647406745,2.9792695611161375,0.014999590993863639,False
14.420000000001485,0.0069703060355789945,2.979743304691164,0.014999609731399806,False
14.440000000001492,0.00697144228959326,2.9802182051182804,0.014999631149292088,False
14.460000000001498,0.006972581923897847,2.9806943594463773,0.014999654442432106,False
14.480000000001505,0.006973724963431288,2.981171792046084,0.01499968075046941,False
14.500000000001512,0.00697487151042334,2.9816505638743136,0.014999709366776743,False
14.520000000001518,0.006976021776598799,2.982130781408083,0.0149997386865972,False
14.540000000001525,0.006977175929095176,2.9826125296895376,0.014999768493738328,False
14.560000000001532,0.006978334124033527,2.9830958889714396,0.014999798763458609,False
14.580000000001538,0.006979496511551137,2.983580937669805,0.014999829495055421,False
14.600000000001545,0.0069806632364337595,2.9840677526820647,0.014999860678259161,False
14.620000000001552,0.006981834437874334,2.9845564091655747,0.014999892289919136,False
14.640000000001558,0.006983010249090797,2.9850469802562607,0.01499992429644696,False
14.660000000001565,0.006984190796949549,2.985539536802679,0.014999956656076709,False
14.680000000001572,0.0069853762016077025,2.9860341471242657,0.014999989320251298,False
14.700000000001578,0.006986566576164885,2.986530876776677,0.015000022234456381,False
14.720000000001585,0.00698776202631674,2.987029788330057,0.015000055338818747,False
14.740000000001592,0.006988962650006106,2.987530941145597,0.01500008856860355,False
14.760000000001599,0.006990168537070132,2.98803439115722,0.015000121854654673,False
14.780000000001605,0.0069913797688826666,2.98854019064961,0.01500015512381575,False
14.800000000001612,0.006992596417991728,2.9890483880379555,0.015000188299314755,False
14.820000000001619,0.006993818547752095,2.989559027646498,0.015000221301134873,False
14.840000000001625,0.006995046211953115,2.9900721494844125,0.015000254046367583,False
14.860000000001632,0.0069962794544420085,2.99058778902295,0.015000286449549791,False
14.880000000001639,0.00699751823689735,2.991105981745505,0.015000311026122579,False
14.900000000001645,0.006998762389570907,2.991626669593031,0.01500032896626698,False
14.920000000001652,0.007000011800076148,2.992149794741309,0.015000346578265947,False
14.940000000001659,0.007001266458195298,2.9926753657314906,0.015000364534937086,False
14.960000000001665,0.007002397836179917,2.9931556367856786,0.015000307796072353,False
14.980000000001672,0.0070034432921132995,2.993604058366762,0.015000296070745663,False
15.000000000001679,0.007004502125308108,2.9940579548625443,0.015000348590330588,False
15.020000000001685,0.007005569254784616,2.9945157617662677,0.015000386552982923,False
15.040000000001692,0.0070066428787323954,2.9949767608593025,0.015000412652681285,False
15.060000000001699,0.007007722473800425,2.995440695217437,0.015000434447063974,False
15.080000000001705,0.007008807946635703,2.9959075220780984,0.015000450683067336,False
15.100000000001712,0.007009874133449052,2.9963682318698734,0.015000441385159333,False
15.120000000001719,0.007010928120120124,2.9968251938160395,0.015000439676388205,False
15.140000000001725,0.007011989151041534,2.9972853619256434,0.015000450738240696,False
15.160000000001732,0.0070130560661749155,2.997748397818499,0.015000457600428119,False
15.180000000001739,0.007014128321181731,2.998214070609322,0.015000463504222754,False
15.200000000001745,0.007015205671943066,2.9986822686284933,0.015000469084509437,False
15.220000000001752,0.007016287924494947,2.999152901061022,0.015000474523237012,False
15.240000000001759,0.0070173748776587224,2.999625873960528,0.015000479808573658,False
15.260000000001765,0.0070184663099175475,3.0001010843724254,0.015000484855010454,False
15.280000000001772,0.007019561984099023,3.0005784005874276,0.015000493875092318,False
15.300000000001779,0.00702066173587509,3.0010577448552307,0.015000505500504573,False
15.320000000001786,0.007021765362307119,3.0015390356237575,0.015000515612215886,False
15.340000000001792,0.007022872560867186,3.0020221324023733,0.015000523855379509,False
15.360000000001799,0.007023983001930382,3.002506879845895,0.015000530268055678,False
15.380000000001806,0.007025096340274847,3.0029930942315004,0.015000539216642437,False
15.400000000001812,0.0070262123088949795,3.0034806482151155,0.015000549378308078,False
15.420000000001819,0.007027330608185987,3.0039694133272756,0.015000556512672937,False
15.440000000001826,0.00702845084242516,3.0044591832137773,0.015000564376938353,False
15.460000000001832,0.00702957268267428,3.0049497994191,0.015000571607133981,False
15.480000000001839,0.007030695779167291,3.0054410887197016,0.015000577803936328,False
15.500000000001846,0.00703181977879062,3.005932882513256,0.015000580725846308,False
15.520000000001852,0.007032944285946611,3.006425003390266,0.015000575724011735,False
15.540000000001859,0.007034068799716675,3.0069172129648467,0.015000562014086649,False
15.560000000001866,0.007035179508820045,3.0074043429885884,0.015000545344355996,False
15.580000000001872,0.007036280454854341,3.0078879518001522,0.015000523061676586,False
15.600000000001879,0.0070373822097932245,3.008372186425577,0.01500049595136804,False
15.620000000001886,0.00703848451942093,3.0088572091300376,0.01500047372384978,False
15.640000000001892,0.007039587743149248,3.0093434134213037,0.015000458863048932,False
15.660000000001899,0.0070406923723927,3.0098312326129633,0.015000451390293447,False
15.680000000001906,0.007041798908331099,3.0103210901025133,0.015000450345518928,False
15.700000000001912,0.007042907826612063,3.010813384864424,0.015000454516152886,False
15.720000000001919,0.007044019568968461,3.011308488574538,0.015000462754107569,False
15.740000000001926,0.007045134543691343,3.0118067467919727,0.015000474081270502,False
15.760000000001932,0.007046253117075266,3.012308490505636,0.015000484212028412,False
15.78000000000194,0.007047375584096337,3.0128139996253465,0.015000492365781524,False
15.800000000001946,0.007048502220557558,3.0133235251169594,0.015000500699580376,False
15.820000000001953,0.007049633315489294,3.0138373207316436,0.015000509566701008,False
15.84000000000196,0.0070507691471242175,3.0143556302425987,0.015000518936234318,False
15.860000000001966,0.007051909978421207,3.0148786841401796,0.015000528665183574,False
15.880000000001973,0.0070530560462626225,3.015406710740562,0.015000535318743033,False
15.90000000000198,0.007054207525764618,3.0159398746395722,0.015000542277989776,False
15.920000000001986,0.007055364630543804,3.016478368717061,0.015000548583915868,False
15.940000000001993,0.00705652754401065,3.017022355587348,0.015000555650466672,False
15.960000000002,0.007057696461022533,3.0175719927814737,0.015000565551054492,False
15.980000000002006,0.007058871599062161,3.018127460607716,0.015000575749117229,False
16.00000000000201,0.007060053082143242,3.0186888664610128,0.015000591160026529,False
16.020000000002,0.007061241103677881,3.0192563558711645,0.015000611566896473,False
16.04000000000199,0.007062435882382052,3.0198300964334925,0.015000632141064112,False
16.060000000001978,0.0070636375605234525,3.0204102081858726,0.01500065123480719,False
16.080000000001966,0.007064846244454136,3.020996785196531,0.015000668193003167,False
16.100000000001955,0.007066061905485596,3.0215898436293624,0.01500069337449691,False
16.120000000001944,0.007067284638485934,3.0221894483108405,0.015000727115385564,False
16.140000000001933,0.007068514638129761,3.022795720437952,0.015000760928477153,False
16.160000000001922,0.007069752012721349,3.0234087434502563,0.015000791723690454,False
16.18000000000191,0.0070709968255354685,3.0240285691447992,0.015000817858174679,False
16.2000000000019,0.0070722491063673005,3.024655225803001,0.015000838574357528,False
16.22000000000189,0.007073508859855846,3.0252887240842212,0.015000853668910009,False
16.240000000001878,0.007074776071438029,3.025929060902372,0.015000863255842737,False
16.260000000001867,0.007076050711318613,3.02657622186546,0.015000867609712034,False
16.280000000001856,0.007077332736990788,3.0272301827327777,0.015000867068929306,False
16.300000000001845,0.007078622094774552,3.027890910258539,0.015000861980420516,False
16.320000000001833,0.007079918720722517,3.0285583626433357,0.015000852671363668,False
16.340000000001822,0.0070812225411394855,3.029232489776384,0.015000839437732606,False
16.36000000000181,0.007082533472883274,3.029913233360797,0.015000822542620869,False
16.3800000000018,0.007083851423556506,3.0306005269932426,0.015000802219661801,False
16.40000000000179,0.007085176291657807,3.0312942962437446,0.015000778678594584,False
16.420000000001778,0.007086507966732039,3.0319944587428416,0.015000752111218136,False
16.440000000001767,0.007087846329540075,3.0327009242957708,0.01500072269681087,False
16.460000000001756,0.007089191252256335,3.0334135950250882,0.015000690606596338,False
16.480000000001745,0.007090542598695136,3.034132365527227,0.015000656007173154,False
16.500000000001734,0.007091900224563081,3.0348571230588264,0.015000619062976511,False
16.520000000001723,0.007093263977733058,3.0355877477296977,0.015000579937930181,False
16.54000000000171,0.007094633698535183,3.0363241127115317,0.01500053879646844,False
16.5600000000017,0.007096009220060305,3.037066084456059,0.01500049580408415,False
16.58000000000169,0.007097390368472436,3.037813522913024,0.015000451127542112,False
16.60000000000168,0.007098776963327213,3.038566281760924,0.015000404934865952,False
16.620000000001667,0.007100168817894171,3.039324208634141,0.015000357395177301,False
16.640000000001656,0.007101565739481225,3.0400871453546308,0.015000308678453433,False
16.660000000001645,0.0071029675297601715,3.040854928164763,0.01500025895521616,False
16.680000000001634,0.007104373985092344,3.0416273879627505,0.015000208396208069,False
16.700000000001623,0.007105784896853835,3.042404350537752,0.01500015717204206,False
16.720000000001612,0.007107200051759778,3.043185636806561,0.015000105452848647,False
16.7400000000016,0.007108619232187322,3.0439710630504164,0.015000053407924865,False
16.76000000000159,0.007110042216496974,3.044760441156705,0.01500000120537126,False
16.78000000000158,0.007111468779351995,3.045553578854048,0.014999949011752996,False
16.800000000001567,0.007112898692035611,3.046350279956556,0.014999896991732167,False
16.820000000001556,0.007114331722765716,3.0471503446009502,0.0149998453077345,False
16.840000000001545,0.007115767636659871,3.047953569337831,0.014999794128918966,False
16.860000000001534,0.007117206195891485,3.0487597473078525,0.014999743633151468,False
16.880000000001523,0.007118647160733461,3.0495686688325363,0.014999693984245553,False
16.900000000001512,0.007120090290076926,3.0503801217445004,0.014999645327507272,False
16.9200000000015,0.007121535341455625,3.0511938915058443,0.01499959779953647,False
16.94000000000149,0.007122982071273901,3.052009761399794,0.014999551530626556,False
16.96000000000148,0.007124430235060108,3.0528275127605955,0.014999506646043478,False
16.980000000001468,0.007125879587730919,3.053646925194799,0.01499946326666374,False
17.000000000001457,0.007127329883861169,3.0544677768259003,0.014999421509183137,False
17.020000000001446,0.007128780877955191,3.055289844529861,0.0149993814860389,False
17.040000000001434,0.007130232324716817,3.056112904177726,0.014999343305194103,False
17.060000000001423,0.007131683979316124,3.0569367308748316,0.01499930706983602,False
17.080000000001412,0.007133135597651671,3.0577610992037583,0.014999272878049832,False
17.1000000000014,0.007134586936607517,3.0585857834643435,0.01499924082249582,False
17.12000000000139,0.007136037754304571,3.0594105579055157,0.014999210990109318,False
17.14000000000138,0.007137487810346078,3.060235196966119,0.014999183461826882,False
17.160000000001368,0.007138936866057173,3.0610594755066027,0.01499915831233653,False
17.180000000001357,0.00714038468471848,3.061883169042562,0.01499913560986251,False
17.200000000001346,0.007141831031793817,3.0627060539686815,0.014999115415977005,False
17.220000000001335,0.007143275675152038,3.0635279077935857,0.01499909778543375,False
17.240000000001324,0.0071447183852831045,3.064348509359403,0.014999082766022338,False
17.260000000001313,0.007146158935508445,3.065167639065574,0.014999070398452038,False
17.2800000000013,0.007147597102185658,3.0659850790921603,0.01499906071623927,False
17.30000000000129,0.007149032664907677,3.066800613614086,0.014999053745630545,False
17.32000000000128,0.0071504654066964135,3.0676140290172818,0.014999049505529953,False
17.340000000001268,0.007151895114191,3.0684251141138756,0.014999048007447283,False
17.360000000001257,0.0071533215778306946,3.069233660348848,0.014999049255461637,False
17.380000000001246,0.007154744592032558,3.070039462007665,0.014999053246204251,False
17.400000000001235,0.007156163955363967,3.070842316422059,0.014999059968849955,False
17.420000000001224,0.007157579470710117,3.0716420241706404,0.014999069405136385,False
17.440000000001213,0.007158990945436587,3.0724383892762623,0.014999081529386478,False
17.4600000000012,0.007160398191547119,3.0732312194011095,0.014999096308559008,False
17.48000000000119,0.00716180102583674,3.074020326041885,0.014999113702302084,False
17.50000000000118,0.007163199270040347,3.0748055247151687,0.014999133663040754,False
17.52000000000117,0.007164592750976954,3.0755866351457635,0.014999156136064501,False
17.540000000001157,0.007165981300689705,3.0763634814509326,0.014999181059639679,False
17.560000000001146,0.007167364756581873,3.0771358923143914,0.014999208365142394,False
17.580000000001135,0.007168742961548987,3.0779037011732946,0.014999237977197728,False
17.600000000001124,0.00717011576410731,3.0786667463845885,0.01499926981384335,False
17.620000000001113,0.007171483018518815,3.079424871398711,0.014999303786712796,False
17.640000000001102,0.007172844584912934,3.080177924929754,0.014999339801232697,False
17.66000000000109,0.007174200329405237,3.0809257611188015,0.014999377756825225,False
17.68000000000108,0.00717555012421327,3.081668239699922,0.014999417547152989,False
17.70000000000107,0.007176893847769833,3.082405226159381,0.014999459060365799,False
17.720000000001058,0.007178231384833886,3.083136591894701,0.01499950217935025,False
17.740000000001046,0.007179562626599352,3.083862214370293,0.014999546782030967,False
17.760000000001035,0.0071808874708020705,3.0845819772734493,0.014999592741658064,False
17.780000000001024,0.007182205821825196,3.085295770666462,0.014999639927121087,False
17.800000000001013,0.007183517590803262,3.0860034911353638,0.014999688203285129,False
17.820000000001002,0.007184822695725233,3.086705041941915,0.014999737431326307,False
17.84000000000099,0.007186121061536836,3.0874003331703563,0.014999787469101095,False
17.86000000000098,0.007187412620242415,3.0880892818750767,0.014999838171512722,False
17.88000000000097,0.007188697311006682,3.088771812225438,0.01499988939090229,False
17.900000000000958,0.007189975080256619,3.0894478556515472,0.014999940977442417,False
17.920000000000947,0.007191245881783847,3.0901173509895736,0.014999992779554563,False
17.940000000000936,0.007192509676847695,3.0907802446280326,0.015000044644324114,False
17.960000000000925,0.007193766434276253,3.0914364906475105,0.015000096418114308,False
17.980000000000913,0.007195016130569536,3.0920860509661026,0.015000147947146448,False
18.000000000000902,0.0071962587500183,3.0927288954915095,0.01500019907732544,False
18.02000000000089,0.007197494284814297,3.093365002268018,0.015000249654638293,False
18.04000000000088,0.007198722735155658,3.093994357616955,0.015000299525957847,False
18.06000000000087,0.007199944209244997,3.09461704409486,0.015000346687415438,False
18.080000000000858,0.007201158702929584,3.0952330504190444,0.015000389326629627,False
18.100000000000847,0.007202366139699811,3.0958423084449223,0.015000428187800677,False
18.120000000000836,0.007203566536686098,3.0964448365024784,0.015000460630842361,False
18.140000000000825,0.007204759915198563,3.097040657587337,0.015000487044888966,False
18.160000000000814,0.007205946283945914,3.0976297855258434,0.015000510811886882,False
18.180000000000803,0.007207125672426717,3.098212251917419,0.015000533120591549,False
18.20000000000079,0.007208298135727238,3.098788109032739,0.015000554407367181,False
18.22000000000078,0.007209463803035037,3.0993574666923447,0.01500057138270473,False
18.24000000000077,0.007210622728701367,3.099920388956589,0.015000583931388919,False
18.26000000000076,0.007211774952591114,3.100476937699732,0.015000591983843478,False
18.280000000000747,0.0072129205321309255,3.101027186670134,0.015000596531391007,False
18.300000000000736,0.007214059528994965,3.1015712109100573,0.015000600215194844,False
18.320000000000725,0.007215192072656728,3.102109140668131,0.015000601326972673,False
18.340000000000714,0.007216318266421063,3.1026410922553587,0.015000599952415278,False
18.360000000000703,0.007217438208912778,3.1031671879070575,0.015000596451104315,False
18.380000000000692,0.007218552013089127,3.1036875595171716,0.01500059161895521,False
18.40000000000068,0.007219659815042587,3.1042023505554956,0.015000586943369292,False
18.42000000000067,0.007220761793495134,3.1047117274531133,0.015000584124444622,False
18.44000000000066,0.007221858172269801,3.1052158929589386,0.015000582874752278,False
18.460000000000647,0.0072229491855513575,3.105715067229469,0.01500058166610212,False
18.480000000000636,0.007224035055525076,3.106209466390888,0.015000580080308157,False
18.500000000000625,0.007225116010222039,3.1066993145218125,0.015000577973884517,False
18.520000000000614,0.0072261922879488984,3.1071848471007057,0.01500057528777009,False
18.540000000000603,0.0072272641402230196,3.107666305173102,0.015000573511231182,False
18.560000000000592,0.007228331863723236,3.108143964911931,0.015000572358986665,False
18.58000000000058,0.007229395773753868,3.108618116743039,0.015000571819403221,False
18.60000000000057,0.007230456196566002,3.109089066198659,0.015000571328981837,False
18.62000000000056,0.007231513460698037,3.1095571235115647,0.015000570877239444,False
18.640000000000548,0.007232567925680602,3.1100226249472245,0.015000569794754826,False
18.660000000000537,0.007233619960286468,3.1104859056460965,0.015000569131967607,False
18.680000000000526,0.007234669987451696,3.110947347176482,0.015000568052207737,False
18.700000000000514,0.007235718447159351,3.1114073598390903,0.015000563380770758,False
18.720000000000503,0.007236765741156147,3.11186633317413,0.015000553655616932,False
18.740000000000492,0.007237812266995639,3.1123246594252447,0.015000538228858584,False
18.76000000000048,0.007238858425900459,3.1127827395079173,0.015000516948897669,False
18.78000000000047,0.007239904645725943,3.113241000977396,0.015000495374004377,False
18.80000000000046,0.007240951382822822,3.1136999173035464,0.01500050107000095,False
18.820000000000448,0.007242000175978891,3.114160562088129,0.015000520143526855,False
18.840000000000437,0.007243052547668326,3.1146240313497033,0.015000533614191876,False
18.860000000000426,0.007244109479331235,3.1150911051560093,0.015000547092605787,False
18.880000000000415,0.007245172049477668,3.1155625681855676,0.015000560613242661,False
18.900000000000404,0.007246241291157347,3.116039171851956,0.015000573182301183,False
18.920000000000393,0.00724731816368629,3.1165216184787377,0.015000584257129218,False
18.94000000000038,0.007248403542573683,3.1170105474936958,0.015000595947807565,False
18.96000000000037,0.007249498306673106,3.1175065979240295,0.015000607500535007,False
18.98000000000036,0.007250603266945835,3.11801036108875,0.015000619175377969,False
19.000000000000348,0.00725171919708466,3.118522402911241,0.015000630512907292,False
19.020000000000337,0.0072528468148931645,3.1190432463350954,0.015000641841747596,False
19.040000000000326,0.007253986785800554,3.1195733735460207,0.015000654764549048,False
19.060000000000315,0.007255139788750009,3.1201132789798827,0.01500066678596442,False
19.080000000000304,0.007256306398727106,3.1206633879451737,0.015000678301043884,False
19.100000000000293,0.007257487139732101,3.1212240855289384,0.015000691159356953,False
19.12000000000028,0.007258682538550217,3.1217957545187667,0.015000705255461764,False
19.14000000000027,0.007259893050947893,3.1223787250048027,0.015000723071623926,False
19.16000000000026,0.00726111911646157,3.12297330931189,0.015000747010095392,False
19.18000000000025,0.007262361234816457,3.1235798583670924,0.01500077375940449,False
19.200000000000237,0.007263619768271433,3.1241986345838657,0.015000804368691185,False
19.220000000000226,0.007264895086294573,3.1248299015531087,0.015000837634755407,False
19.240000000000215,0.007266187462525326,3.1254738597919323,0.01500087500892118,False
19.260000000000204,0.007267497194223396,3.1261307222223857,0.015000915055389029,False
19.280000000000193,0.0072688244698488344,3.1268006314616765,0.01500095955643564,False
19.300000000000182,0.007270169518439305,3.127483752393925,0.015001006800276283,False
19.32000000000017,0.007271532447685307,3.1281801718504014,0.015001058886314925,False
19.34000000000016,0.007272913421281703,3.1288900089593716,0.015001113811189742,False
19.36000000000015,0.007274312650678491,3.1296134096486385,0.015001165099532724,False
19.380000000000138,0.0072757299821617225,3.1303502940705714,0.015001221376631143,False
19.400000000000126,0.007277165736430026,3.1311008074332873,0.015001278042934609,False
19.420000000000115,0.007278619956490939,3.1318649419398334,0.015001338114233959,False
19.440000000000104,0.007280092571635132,3.1326426645664864,0.015001401454844876,False
19.460000000000093,0.0072815836761296986,3.133434036147728,0.015001459406029545,False
19.480000000000082,0.007283093149050879,3.1342389847217347,0.015001511233894399,False
19.50000000000007,0.00728462056173641,3.1350572491528905,0.01500156907948007,False
19.52000000000006,0.007286165785275287,3.135888747615875,0.015001631154308996,False
19.54000000000005,0.007287728842320357,3.136733486956322,0.015001687149645377,False
19.560000000000038,0.0072893092132164635,3.137591145010162,0.015001749586180762,False
19.580000000000027,0.007290906690341786,3.1384615843804453,0.015001816490783831,False
19.600000000000016,0.00729252125359832,3.139344777556823,0.015001875942516176,False
19.620000000000005,0.00729415261341356,3.140240531307185,0.015001926348794598,False
19.639999999999993,0.0072958000755053475,3.1411484076516727,0.015001983284320035,False
19.659999999999982,0.00729746332675577,3.1420681955935774,0.015002045296059273,False
19.67999999999997,0.007299142288678362,3.1429998211007066,0.015002099187086095,False
19.69999999999996,0.007300836210972725,3.143942808767578,0.01500216023341924,False
19.71999999999995,0.007302544724252634,3.1448969052552926,0.015002226654858673,False
19.739999999999938,0.0073042677339103645,3.1458620169974942,0.015002283328041505,False
19.759999999999927,0.007306004379694725,3.1468376035900234,0.015002347577639697,False
19.779999999999916,0.007307754238171885,3.147823367620072,0.01500241775341226,False
19.799999999999905,0.007309517221759201,3.1488192030638786,0.015002476456444713,False
19.819999999999894,0.007311292901068173,3.1498248054037767,0.015002519775077999,False
19.839999999999883,0.007313080215126207,3.150839513973962,0.015002570538367777,False
19.85999999999987,0.007314878661366262,3.1518629703453396,0.015002628024879446,False
19.87999999999986,0.007316687416654585,3.152894683748551,0.01500270361531159,False
19.89999999999985,0.007318506104429689,3.1539343542469926,0.015002790723102441,False
19.91999999999984,0.007320334829238079,3.154981922485192,0.01500286153406151,False
19.939999999999827,0.007322173167463379,3.1560370726039415,0.015002908610257748,False
19.959999999999816,0.007324019486122932,3.1570989190085266,0.01500297477549803,False
19.979999999999805,0.007325873350636269,3.1581670819568357,0.015003054233975415,False
19.999999999999794,0.0073277350776476905,3.159241541005148,0.01500310900701533,False
20.019999999999783,0.007329604194919723,3.1603219441717285,0.015003132410462224,False
20.03999999999977,0.007331478804052681,3.161407373506882,0.015003169303057704,False
20.05999999999976,0.007333358507093609,3.1624974383734767,0.015003214347970221,False
20.07999999999975,0.0073352438638283725,3.1635921288574638,0.015003226052151694,False
20.09999999999974,0.007337134444587988,3.164691089381668,0.015003195167249215,False
20.119999999999727,0.007339027453302714,3.165793199357448,0.015003222632185757,False
20.139999999999716,0.007340924820563033,3.1668987714130794,0.015003184816154239,False
20.159999999999705,0.007342827299747207,3.168007765977012,0.015003016532307824,False
20.179999999999694,0.007344732395371188,3.1691191293209915,0.01500280443335356,False
20.199999999999683,0.007346639095709946,3.170232247206098,0.01500256242214674,False
20.219999999999672,0.00734854662700391,3.1713465819740962,0.015002295529333434,False
20.23999999999966,0.007350453906274546,3.172461328855657,0.01500202430902994,False
20.25999999999965,0.007352359800925285,3.1735757977372017,0.015001767768852205,False
20.27999999999964,0.0073542636131151765,3.1746895999129428,0.015001525901881065,False
20.299999999999628,0.007356164848984399,3.1758023665495996,0.015001293105086341,False
20.319999999999617,0.007358062986100789,3.1769136962407596,0.015001065193712984,False
20.339999999999606,0.007359957462320415,3.1780231597415125,0.015000839709531623,False
20.359999999999594,0.007361846843871356,3.1791298408138404,0.015000650953117018,False
20.379999999999583,0.007363731261399039,3.1802336955688904,0.0150004676251782,False
20.399999999999572,0.0073656098687121425,3.181334158663574,0.015000299489346997,False
20.41999999999956,0.007367481581262971,3.1824305131880255,0.015000166916443923,False
20.43999999999955,0.007369345649927949,3.1835222168805677,0.01500007573192074,False
20.45999999999954,0.00737120235076917,3.184609314169862,0.014999989979107722,False
20.479999999999528,0.007373051015723524,3.185691325043425,0.014999912802009019,False
20.499999999999517,0.007374890696692519,3.1867675998641865,0.014999859783304583,False
20.519999999999506,0.007376721321821206,3.1878379684190885,0.014999810548495413,False
20.539999999999495,0.007378542456444569,3.188902069622346,0.01499976020970303,False
20.559999999999484,0.007380353592724715,3.1899594944036607,0.01499970747414349,False
20.579999999999472,0.007382154203634413,3.1910098231667305,0.01499965243380829,False
20.59999999999946,0.00738394376451473,3.1920526405528014,0.014999595643056958,False
20.61999999999945,0.0073857217621790825,3.1930875410270083,0.014999537729788064,False
20.63999999999944,0.007387487698309123,3.1941141306323715,0.014999479260115177,False
20.659999999999428,0.0073892403621802554,3.195131617498344,0.014999451288868879,False
20.679999999999417,0.007390979340057993,3.1961396727523637,0.014999451609845076,False
20.699999999999406,0.007392704790239923,3.1971382962504986,0.014999454331427577,False
20.719999999999395,0.007394416406350049,3.198127218124479,0.014999454039445637,False
20.739999999999384,0.0073961137957265,3.199106109822739,0.01499944976577615,False
20.759999999999373,0.007397796552217222,3.2000746366994797,0.01499944187997139,False
20.77999999999936,0.007399464280259818,3.2010324745404364,0.014999431037565797,False
20.79999999999935,0.007401116602372119,3.2019793139935038,0.014999417858442624,False
20.81999999999934,0.007402752599742694,3.202914538870474,0.014999426481876403,False
20.83999999999933,0.007404372542121207,3.2038382308985,0.014999431286556295,False
20.859999999999317,0.007405975978018395,3.204750052487256,0.014999438086107994,False
20.879999999999306,0.007407562294985711,3.205649576187307,0.014999460344462312,False
20.899999999999295,0.00740913161105304,3.206536799476476,0.014999481145238566,False
20.919999999999284,0.007410683728285461,3.207411540777361,0.014999498085827444,False
20.939999999999273,0.007412218413877342,3.2082735953958244,0.014999511179363129,False
20.959999999999262,0.007413735444662087,3.2091227682827537,0.014999520954526193,False
20.97999999999925,0.007415234618510045,3.2099588819991127,0.014999527963238647,False
20.99999999999924,0.0074167157569316605,3.210781778090973,0.014999532679235032,False
21.01999999999923,0.007418178705427024,3.2115913170755817,0.014999535501274853,False
21.039999999999218,0.007419622917830464,3.2123871333259726,0.014999554363301467,False
21.059999999999206,0.007421048352565505,3.213169174478611,0.014999586145963752,False
21.079999999999195,0.007422455282158566,3.213937576463489,0.01499961541131759,False
21.099999999999184,0.007423843692114436,3.2146923003155186,0.014999640490797314,False
21.119999999999173,0.007425213547775583,3.215433294529591,0.014999661724025873,False
21.139999999999162,0.007426564534207964,3.216160347264265,0.01499969218938252,False
21.15999999999915,0.007427896715602512,3.2168734873232796,0.014999729579581426,False
21.17999999999914,0.007429210386000751,3.217572884213677,0.014999763139633816,False
21.19999999999913,0.007430505637710436,3.218258585200413,0.014999792225884233,False
21.219999999999118,0.007431782564065336,3.218930640393657,0.014999817378384569,False
21.239999999999107,0.007433041285510699,3.219589122891035,0.014999839195515643,False
21.259999999999096,0.007434281953553856,3.2202341312284455,0.01499985817874191,False
21.279999999999085,0.007435504750983317,3.220865789093375,0.014999874746999112,False
21.299999999999073,0.0074367098918493345,3.2214842450907866,0.014999889264215718,False
21.319999999999062,0.007437897418768815,3.2220895514248666,0.014999910365344189,False
21.33999999999905,0.0074390674898816055,3.2226818431068636,0.014999942268167662,False
21.35999999999904,0.007440220610433243,3.223261472274108,0.014999975934334551,False
21.37999999999903,0.007441357259132362,3.2238287729201653,0.015000005611029765,False
21.399999999999018,0.00744247781295314,3.224384017358242,0.015000031544941212,False
21.419999999999007,0.0074435826743688574,3.224927498915933,0.015000054352621221,False
21.439999999998996,0.00744467228295509,3.225459541075982,0.015000074540283112,False
21.459999999998985,0.007445747115873334,3.225980497351771,0.015000092513023134,False
21.479999999998974,0.007446807687659045,3.2264907507823155,0.015000108615726858,False
21.499999999998963,0.007447854550422882,3.2269907139073393,0.015000123156051329,False
21.51999999999895,0.007448888294348023,3.227480829018478,0.015000136414376277,False
21.53999999999894,0.007449909797395948,3.2279617158757157,0.015000139019702598,False
21.55999999999893,0.007450919692017997,3.2284338464691404,0.01500013390635273,False
21.57999999999892,0.007451918483619026,3.2288976272603565,0.015000130320312608,False
21.599999999998907,0.0074529069043266505,3.229353615091404,0.015000129194942391,False
21.619999999998896,0.007453885749557246,3.2298024143855497,0.015000130480370468,False
21.639999999998885,0.007454855858129968,3.2302446615313203,0.01500013405849343,False
21.659999999998874,0.007455818377978979,3.230681179341027,0.015000129452757709,False
21.679999999998863,0.007456774187468114,3.2311126322786015,0.015000119650832346,False
21.69999999999885,0.007457724017419412,3.231539608190242,0.01500011506715139,False
21.71999999999884,0.0074586691791397805,3.2319630376998636,0.015000104146501657,False
21.73999999999883,0.007459610652914305,3.2323836797531484,0.015000091107326348,False
21.75999999999882,0.007460549220582775,3.2328021911113813,0.015000089854845546,False
21.779999999998807,0.007461486234801811,3.233219541784594,0.015000093367862377,False
21.799999999998796,0.0074624226922357685,3.233636577821236,0.01500011283207423,False
21.819999999998785,0.007463359216448872,3.234053840898614,0.015000165095443095,False
21.839999999998774,0.0074642969795236935,3.234471894141029,0.015000233144479182,False
21.859999999998763,0.007465236866928186,3.234891128181597,0.015000304854567466,False
21.879999999998752,0.007466179742985144,3.235311908650582,0.015000365477049037,False
21.89999999999874,0.0074671261909369435,3.235734487319512,0.015000413754740155,False
21.91999999999873,0.0074680767523187825,3.236159107723461,0.01500045097941537,False
21.93999999999872,0.007469031900058531,3.2365859726134065,0.015000479418536512,False
21.959999999998708,0.007469991960954272,3.237015227193621,0.015000506775096166,False
21.979999999998697,0.007470957421738108,3.237447090468794,0.015000534102594163,False
21.999999999998685,0.007471928769222935,3.237881788025517,0.015000561643602766,False
22.019999999998674,0.007472906475236828,3.2383195418580017,0.015000589417728735,False
22.039999999998663,0.007473890993743122,3.2387605673220494,0.015000617365891682,False
22.059999999998652,0.007474883032315806,3.239205195351363,0.01500063236460293,False
22.07999999999864,0.007475882919723705,3.2396535836126015,0.015000636694799093,False
22.09999999999863,0.007476890792916135,3.2401057993863485,0.015000641236507755,False
22.11999999999862,0.007477907008508608,3.240562010862566,0.01500064688204166,False
22.139999999998608,0.007478931926016585,3.2410223923646333,0.01500065354621267,False
22.159999999998597,0.007479965887496839,3.241487110723035,0.015000661039140585,False
22.179999999998586,0.007481009215256216,3.241956323132317,0.015000669196604598,False
22.199999999998575,0.007482062212086108,3.242430177187323,0.015000677888325242,False
22.219999999998564,0.007483125161780314,3.242908811210439,0.015000687006703919,False
22.239999999998552,0.007484198329553975,3.243392354529231,0.015000696458090344,False
22.25999999999854,0.007485281962362439,3.243880927673973,0.015000706158444711,False
22.27999999999853,0.007486376289169877,3.244374642545499,0.015000716031475276,False
22.29999999999852,0.0074874815212002685,3.244873602560585,0.015000726007737695,False
22.319999999998508,0.007488597852184865,3.24537790279108,0.015000736024083259,False
22.339999999998497,0.007489725458610643,3.2458876300967927,0.015000746023150244,False
22.359999999998486,0.007490864499970712,3.246402863257534,0.01500075595288072,False
22.379999999998475,0.007492015119016544,3.246923673098926,0.015000765766076141,False
22.399999999998464,0.007493177302164274,3.247450056169506,0.015000781819333378,False
22.419999999998453,0.007494351210580446,3.2479820937457085,0.015000802821553659,False
22.43999999999844,0.00749553681212848,3.2485197972642315,0.015000835565870205,False
22.45999999999843,0.007496734279396355,3.2490632484652724,0.015000876736131296,False
22.47999999999842,0.007497943927620061,3.2496125866844867,0.01500091540189164,False
22.49999999999841,0.007499165825759859,3.2501678512158962,0.015000950507955033,False
22.519999999998397,0.007500400004178096,3.2507290590050975,0.015000982056913007,False
22.539999999998386,0.007501646474711218,3.2512962169390587,0.01500101026899252,False
22.559999999998375,0.007502905234546384,3.2518693250883466,0.015001035401536031,False
22.579999999998364,0.007504176267440008,3.252448377617726,0.015001057695076725,False
22.599999999998353,0.00750545954415432,3.2530333629774746,0.015001077361775483,False
22.619999999998342,0.0075067550226589775,3.2536242638934416,0.015001094586982962,False
22.63999999999833,0.007508062648289278,3.2542210573433827,0.015001109533498265,False
22.65999999999832,0.007509382353917192,3.2548237145437793,0.01500112234556754,False
22.67999999999831,0.00751071406014491,3.2554322009834045,0.015001133152146818,False
22.699999999998298,0.007512057086621138,3.2560462519031543,0.015001164305227561,False
22.719999999998286,0.007513411523548031,3.256665896921819,0.015001210137009753,False
22.739999999998275,0.0075147778013712205,3.2572913003501758,0.015001251098177288,False
22.759999999998264,0.007516155816987218,3.2579224218303593,0.015001286033679808,False
22.779999999998253,0.007517545421388441,3.2585591961982283,0.015001315157636242,False
22.799999999998242,0.007518946454424873,3.2592015504046277,0.015001338855911489,False
22.81999999999823,0.00752035874652028,3.259849406113627,0.015001357553283148,False
22.83999999999822,0.007521782118843281,3.2605026805484316,0.015001371670176024,False
22.85999999999821,0.007523215292965833,3.2611609667632835,0.015001429312072486,False
22.879999999998198,0.0075246584201995705,3.2618242800429758,0.015001517247574325,False
22.899999999998187,0.007526112307653578,3.262492835448215,0.015001593062734256,False
22.919999999998176,0.007527576785726289,3.2631665578065205,0.015001655217998747,False
22.939999999998165,0.007529051599821685,3.2638453368791347,0.015001704980636221,False
22.959999999998153,0.0075305364920440375,3.2645290568742102,0.015001743536292987,False
22.979999999998142,0.007532031203064043,3.26521759904251,0.015001771910661568,False
22.99999999999813,0.007533535469428197,3.2659108417773677,0.015001791041313675,False
23.01999999999812,0.007535049022621134,3.2666086607707827,0.01500180180184947,False
23.03999999999811,0.007536571589046751,3.267310929194322,0.015001805001448237,False
23.059999999998098,0.007538102890211037,3.268017517801714,0.015001801381127295,False
23.079999999998087,0.007539642642876752,3.2687282949666328,0.015001791613536021,False
23.099999999998076,0.007541190559167536,3.269443126674495,0.015001776306482657,False
23.119999999998065,0.007542746346649136,3.270161876522283,0.015001756008665762,False
23.139999999998054,0.007544309708414125,3.2708844057130095,0.015001731216235357,False
23.159999999998043,0.007545880343185542,3.2716105730795864,0.015001702379249771,False
23.17999999999803,0.007547457945445657,3.272340235134935,0.015001669907570599,False
23.19999999999802,0.007549042205590377,3.273073246128685,0.015001634176004992,False
23.21999999999801,0.00755063281010687,3.2738094581273796,0.015001595528684094,False
23.239999999998,0.007552229441770723,3.274548721109229,0.015001554282733445,False
23.259999999997987,0.007553831779858764,3.275290883063154,0.0150015107313386,False
23.279999999997976,0.007555439500373994,3.2760357900987844,0.015001465146326344,False
23.299999999997965,0.007557052276279586,3.276783286558922,0.015001417780325493,False
23.319999999997954,0.007558669777739511,3.2775332151358136,0.015001368868615049,False
23.339999999997943,0.0075602916723638185,3.2782854169903173,0.015001318630701673,False
23.35999999999793,0.007561917625457083,3.279039731872628,0.015001267271695328,False
23.37999999999792,0.007563547300268841,3.2797959982405507,0.015001214983502941,False
23.39999999999791,0.007565180358245157,3.28055405338332,0.015001161945882831,False
23.4199999999979,0.0075668158021726965,3.2813136033371753,0.015001128548247426,False
23.439999999997887,0.007568454307930794,3.2820747517936524,0.0150010834169876,False
23.459999999997876,0.007570095346775425,3.2828372864654534,0.01500103222804289,False
23.479999999997865,0.007571738214269989,3.283600983079054,0.015000985946533239,False
23.499999999997854,0.007573383158868511,3.284365825234802,0.015000926479285349,False
23.519999999997843,0.007575029815624778,3.285131605453663,0.015000855474294122,False
23.539999999997832,0.007576677746989956,3.285898106377638,0.015000776699326748,False
23.55999999999782,0.0075783265327445766,3.286665126541998,0.01500069315979735,False
23.57999999999781,0.007579975778247152,3.287432479344136,0.015000606852708005,False
23.5999999999978,0.007581625108418315,3.288199988303155,0.015000519012440977,False
23.619999999997788,0.007583274161497207,3.288967483098233,0.015000430371125917,False
23.639999999997777,0.007584922584620043,3.2897347968738213,0.015000341351588333,False
23.659999999997765,0.007586570030923687,3.290501764531353,0.015000252198865797,False
23.679999999997754,0.007588216157710424,3.29126822174092,0.015000163066717224,False
23.699999999997743,0.0075898606253517525,3.2920340044339307,0.015000074072008759,False
23.719999999997732,0.007591503096714125,3.2927989486368983,0.014999985326279906,False
23.73999999999772,0.0075931424706516685,3.2935624837214568,0.014999927314421187,False
23.75999999999771,0.007594779092214883,3.294324792703947,0.014999873945369458,False
23.7799999999977,0.007596412391171697,3.2950856357650644,0.01499983279027128,False
23.799999999997688,0.007598041640868522,3.295844652345489,0.014999819197081769,False
23.819999999997677,0.007599667069738291,3.2966019476455206,0.014999811915660324,False
23.839999999997666,0.007601288487851833,3.297357436614844,0.014999805321802862,False
23.859999999997655,0.007602905628374045,3.298110985752223,0.014999797177965962,False
23.879999999997644,0.007604518197492882,3.298862442265161,0.01499978672468153,False
23.899999999997632,0.007606125890228686,3.2996116457727482,0.014999773944342005,False
23.91999999999762,0.007607728398498602,3.300358434328633,0.014999759166691893,False
23.93999999999761,0.007609325415769625,3.3011026475797314,0.014999742849533022,False
23.9599999999976,0.007610916639686676,3.301844128291993,0.014999725462302408,False
23.979999999997588,0.007612501773453048,3.3025827229535647,0.014999707430508984,False
23.999999999997577,0.007614080526478537,3.3033182818951015,0.01499968911484526,False
24.019999999997566,0.007615652614629455,3.304050659184404,0.014999670808807486,False
24.039999999997555,0.007617217760285457,3.3047797124492617,0.014999652745102551,False
24.059999999997544,0.007618775692321554,3.305505302699198,0.014999635105329808,False
24.079999999997533,0.0076203261460789104,3.306227294187575,0.014999618029971299,False
24.09999999999752,0.007621868863354924,3.3069455543184088,0.014999601627310498,False
24.11999999999751,0.007623403592424039,3.307659953603108,0.014999585980756517,False
24.1399999999975,0.007624930088090473,3.3083703656529755,0.014999571154549637,False
24.15999999999749,0.007626448111769216,3.3090766672087333,0.014999557198053614,False
24.179999999997477,0.007627957431589827,3.3097787381858783,0.014999544148882764,False
24.199999999997466,0.007629457822517486,3.310476461742899,0.014999532035160072,False
24.219999999997455,0.007630949066486454,3.3111697243569065,0.014999520877132569,False
24.239999999997444,0.007632430952542047,3.3118584159058044,0.014999510688337173,False
24.259999999997433,0.007633903276988168,3.3125424297591852,0.014999501476469257,False
24.279999999997422,0.007635365843538392,3.313221662863429,0.014999493244040783,False
24.29999999999741,0.007636818463469161,3.313896015838623,0.014999485988921995,False
24.3199999999974,0.007638259875702147,3.314565045796855,0.014999525324069311,False
24.33999999999739,0.0076396901975759966,3.3152287449976834,0.01499959831935521,False
24.359999999997378,0.007641110190939883,3.315887322790799,0.014999665222934432,False
24.379999999997366,0.007642519713186238,3.316540706928515,0.014999725293559725,False
24.399999999997355,0.00764391858359834,3.3171888073827778,0.014999779586330517,False
24.419999999997344,0.007645306639258663,3.317831539143424,0.014999828878465507,False
24.439999999997333,0.007646683732399034,3.3184688233419983,0.014999873755617777,False
24.459999999997322,0.007648049727320296,3.319100586928674,0.014999914707198426,False
24.47999999999731,0.0076494044992821714,3.3197267625104168,0.014999952162322224,False
24.4999999999973,0.007650747934210403,3.3203472882654412,0.014999986501496781,False
24.51999999999729,0.007652079928636386,3.3209621078833456,0.015000018061541255,False
24.539999999997278,0.007653400389691747,3.3215711705063296,0.015000047139353554,False
24.559999999997267,0.007654709235121162,3.322174430695186,0.015000073995718236,False
24.579999999997256,0.007656006393311133,3.3227718484095017,0.015000098859195737,False
24.599999999997245,0.007657291803336832,3.3233633890209244,0.015000121929850962,False
24.619999999997233,0.007658564894937131,3.3239488514900075,0.015000160323664826,False
24.639999999997222,0.007659825800262987,3.3245282676091192,0.015000207807096277,False
24.65999999999721,0.007661074935621818,3.3251017611889444,0.015000249532923136,False
24.6799999999972,0.007662312259338892,3.3256693066251346,0.015000286590720613,False
24.69999999999719,0.00766353773794587,3.326230886406778,0.015000319975634054,False
24.719999999997178,0.007664751362525555,3.326786494773647,0.015000350214597833,False
24.739999999997167,0.00766595314171721,3.327336134285967,0.015000377631362737,False
24.759999999997156,0.007667143098181031,3.3278798142831705,0.015000402472226273,False
24.779999999997145,0.007668321267446639,3.328417550439085,0.015000424950073012,False
24.799999999997134,0.0076694876976604286,3.3289493647097426,0.01500044525759588,False
24.819999999997123,0.007670642449614523,3.3294752853965752,0.015000463570859237,False
24.83999999999711,0.007671785596855913,3.3299953472359904,0.015000480050421029,False
24.8599999999971,0.00767291722581977,3.3305095914973477,0.015000494842136222,False
24.87999999999709,0.0076740372883636315,3.3310180441261226,0.01500051317474668,False
24.89999999999708,0.007675145949078354,3.3315207662902795,0.015000532591089081,False
24.919999999997067,0.007676243452332858,3.332017829339513,0.015000548692786355,False
24.939999999997056,0.007677329919455291,3.332509291566079,0.015000562439127873,False
24.959999999997045,0.00767840544326611,3.332995221373966,0.01500057486352723,False
24.979999999997034,0.007679470199249505,3.3334756987072627,0.015000585517725835,False
24.999999999997023,0.0076805243991439195,3.333950809401396,0.015000594090141109,False
25.01999999999701,0.007681568227948895,3.3344206461667785,0.015000601139324393,False
25.039999999997,0.0076826018908271315,3.3348853139998713,0.015000606905839674,False
25.05999999999699,0.007683625610925443,3.335344926712589,0.015000611503919787,False
25.07999999999698,0.007684639627341058,3.335799605754738,0.015000615017188442,False
25.099999999996967,0.007685644194623692,3.3362494801091827,0.015000617523341067,False
25.119999999996956,0.007686639582843672,3.3366946864498366,0.015000619097303425,False
25.139999999996945,0.007687626077796092,3.3371353693223633,0.015000619810391122,False
25.159999999996934,0.007688604017598958,3.3375716823623893,0.015000619460562916,False
25.179999999996923,0.0076895737087821405,3.338003787980974,0.015000618703578961,False
25.199999999996912,0.007690535462858037,3.3384318615734347,0.015000617811603448,False
25.2199999999969,0.007691489641015621,3.3388560866919796,0.015000616356807434,False
25.23999999999689,0.007692436615404092,3.339276650239594,0.015000614231666518,False
25.25999999999688,0.00769337685407092,3.339693754277494,0.015000608749249352,False
25.279999999996868,0.007694310724272709,3.340107596879716,0.015000601696306883,False
25.299999999996857,0.007695238578973664,3.340518388864778,0.015000595598360584,False
25.319999999996845,0.007696160871213324,3.340926360242758,0.015000589766158836,False
25.339999999996834,0.007697078065299587,3.3413317438934746,0.015000583884259082,False
25.359999999996823,0.007697990638097846,3.3417347791880725,0.015000577885496785,False
25.379999999996812,0.007698899244159451,3.3421357597350334,0.015000566915198918,False
25.3999999999968,0.007699804318007747,3.3425349203224664,0.015000553858741234,False
25.41999999999679,0.007700706509565634,3.3429325539857517,0.015000532410177346,False
25.43999999999678,0.007701606250701852,3.3433289144033305,0.015000507992869224,False
25.459999999996768,0.007702503856350015,3.343724235115247,0.01500049150825441,False
25.479999999996757,0.007703400213159338,3.3441189162907494,0.015000473006557689,False
25.499999999996746,0.0077042957624562395,3.3445132106349265,0.015000458190911203,False
25.519999999996735,0.007705190875432719,3.3449073538892478,0.015000456126775445,False
25.539999999996724,0.007706085838634484,3.3453015445749363,0.015000476612212732,False
25.559999999996712,0.007706980980177012,3.3456958869538673,0.015000507812302022,False
25.5799999999967,0.007707876626486989,3.3460904344627465,0.015000530002042265,False
25.59999999999669,0.007708772762750064,3.3464851555980295,0.015000540930865733,False
25.61999999999668,0.007709669274668858,3.3468799966363245,0.015000543093863042,False
25.639999999996668,0.007710566044099657,3.347274909227401,0.015000539646179194,False
25.659999999996657,0.007711462923505425,3.347669852383225,0.015000534911735402,False
25.679999999996646,0.007712359845140819,3.3480648110592566,0.015000531165949101,False
25.699999999996635,0.007713256823582763,3.3484597869748036,0.01500052786337828,False
25.719999999996624,0.007714153869493103,3.3488547794955004,0.015000524135072687,False
25.739999999996613,0.007715050988237717,3.3492497866808226,0.01500051928691574,False
25.7599999999966,0.007715948179189549,3.349644805508594,0.015000512954513502,False
25.77999999999659,0.007716845436316453,3.350039832107608,0.015000505096520624,False
25.79999999999658,0.007717742749562697,3.35043486210497,0.015000495924246593,False
25.81999999999657,0.007718640106498883,3.350829891023239,0.015000485814506262,False
25.839999999996557,0.0077195374938912355,3.3512249146463953,0.015000475227183889,False
25.859999999996546,0.007720434899003051,3.3516199293089843,0.0150004646367805,False
25.879999999996535,0.007721332310553051,3.352014932086747,0.015000454481058426,False
25.899999999996524,0.00772222971932533,3.352409920894914,0.015000445126750273,False
25.919999999996513,0.007723127118466233,3.352804894500324,0.01500043685051574,False
25.939999999996502,0.0077240245035241906,3.353199852470915,0.015000429832522684,False
25.95999999999649,0.0077249218722960054,3.353594795073514,0.01500042415968947,False
25.97999999999648,0.007725819224541865,3.3539897231456197,0.015000419835686635,False
25.99999999999647,0.007726716561624699,3.354384637952925,0.015000416795074757,False
26.019999999996458,0.007727613886120123,3.3547795410482486,0.015000414919402268,False
26.039999999996446,0.007728511201432676,3.35517443413795,0.01500041405352009,False
26.059999999996435,0.0077294085114437226,3.3555693189640854,0.015000414020863748,False
26.079999999996424,0.007730305820207178,3.355964197208371,0.015000414636881539,False
26.099999999996413,0.007731203131701272,3.3563590704192316,0.015000415720133647,False
26.119999999996402,0.007732100449638483,3.356753939954545,0.015000417100895943,False
26.13999999999639,0.007732997777331181,3.3571488069491813,0.015000418627328262,False
26.15999999999638,0.007733895117607477,3.357543672296892,0.015000420169405395,False
26.17999999999637,0.0077347924727700045,3.3579385366500203,0.015000421620895469,False
26.199999999996358,0.0077356898445896174,3.3583334004283225,0.015000422899758671,False
26.219999999996347,0.007736587234325961,3.3587282638351716,0.01500042394727053,False
26.239999999996336,0.0077374846427674645,3.3591231268832913,0.015000424726267548,False
26.259999999996325,0.0077383820702841615,3.359517989423079,0.015000425218744068,False
26.279999999996313,0.007739279516887784,3.3599128511717757,0.015000425423117159,False
26.299999999996302,0.007740176982294665,3.3603077117421853,0.015000425351337877,False
26.31999999999629,0.007741074465988027,3.360702570672234,0.015000425025992546,False
26.33999999999628,0.0077419719672771475,3.361097427451047,0.015000424477585927,False
26.35999999999627,0.007742869485351728,3.3614922815454324,0.015000423741984445,False
26.379999999996258,0.007743767019330387,3.3618871324176784,0.015000422858183227,False
26.399999999996247,0.007744664568302808,3.36228197954507,0.015000421866331508,False
26.419999999996236,0.007745562131365339,3.3626768224346235,0.015000420806085255,False
26.439999999996225,0.007746459707650196,3.36307166063564,0.015000419715255184,False
26.459999999996214,0.007747357296348631,3.363466493744451,0.015000418628748954,False
26.479999999996203,0.007748254896728441,3.3638613214152264,0.015000417577770127,False
26.49999999999619,0.0077491525081463805,3.364256143360807,0.015000416589274024,False
26.51999999999618,0.007750050130055977,3.3646509593535368,0.015000415685627178,False
26.53999999999617,0.007750947762011318,3.3650457692234967,0.015000414884465723,False
26.55999999999616,0.00775184540366735,3.365440572858468,0.015000414198718654,False
26.579999999996147,0.007752743054777176,3.365835370199135,0.015000413636757064,False
26.599999999996136,0.007753640715186898,3.366230161232556,0.015000413202678546,False
26.619999999996125,0.007754538384828453,3.366624945987806,0.015000412896658245,False
26.639999999996114,0.007755436063710892,3.367019724530322,0.015000412715388099,False
26.659999999996103,0.007756333751910532,3.3674144969540873,0.01500041265254639,False
26.67999999999609,0.007757231449560382,3.3678092633751215,0.015000412699315357,False
26.69999999999608,0.007758129156839183,3.3682040239254074,0.015000412844896683,False
26.71999999999607,0.007759026873960436,3.368598778747687,0.015000413077024438,False
26.73999999999606,0.007759924601161663,3.368993527987231,0.01500041338247607,False
26.759999999996047,0.007760822338694202,3.369388271788376,0.015000413747534396,False
26.779999999996036,0.00776172008681374,3.369783010290202,0.015000414158426059,False
26.799999999996025,0.007762617845771757,3.370177743621337,0.0150004146017097,False
26.819999999996014,0.007763515615808018,3.3705724718965078,0.015000415064608252,False
26.839999999996003,0.007764413397144218,3.370967195216113,0.015000415535296888,False
26.859999999995992,0.0077653111899788204,3.371361913662339,0.015000416003120848,False
26.87999999999598,0.00776620899448312,3.371756627300039,0.015000416458765427,False
26.89999999999597,0.0077671068107984945,3.3721513361737103,0.01500041689436803,False
26.91999999999596,0.007768004639034806,3.372546040310971,0.015000417303567899,False
26.939999999995948,0.007768902479269871,3.372940739718675,0.0150004176815311,False
26.959999999995937,0.007769800331549889,3.373335434390274,0.015000418024896765,False
26.979999999995925,0.007770698195890754,3.3737301243010718,0.01500041833172252,False
26.999999999995914,0.007771596072280037,3.3741248094147154,0.015000418601362354,False
