time_s,base_translation_m,base_rotation_deg,robot_target_minimum_m,robot_target_censored
0.0,0.0,0.0,0.38597417994660893,False
0.020000000000000004,1.534569504064735e-05,0.007603774049742258,0.38507336342837106,False
0.04000000000000002,5.709046104551319e-05,0.028249350826899437,0.38263172361003256,False
0.06000000000000004,0.0001229522967399806,0.060515114689616505,0.37881112083393537,False
0.08000000000000006,0.0002020269989424415,0.09856593752766564,0.374211287955068,False
0.10000000000000007,0.0002810403559563563,0.13610039838089621,0.36948818039900083,False
0.12000000000000009,0.00035602148998126415,0.17145765790579148,0.3647984888677805,False
0.1400000000000001,0.0004289958566335661,0.20564115035651934,0.36011784098097527,False
0.16000000000000011,0.0005036795228929198,0.24068237967947212,0.35543848041458487,False
0.18000000000000013,0.000581729760255467,0.2775459273157815,0.3507590937883887,False
0.20000000000000015,0.0006623277222761837,0.31578103889608383,0.3460809017450676,False
0.22000000000000017,0.0007444321554164117,0.35479208619950536,0.34140359193491404,False
0.24000000000000019,0.0008269372755342333,0.3939560407514364,0.3367256296745914,False
0.2600000000000002,0.0009087384177989466,0.43266718202052634,0.3320450863309062,False
0.2800000000000002,0.0009891740198482162,0.47057328331727166,0.3273601294408012,False
0.3000000000000002,0.001068154724126418,0.5076323509340361,0.3226706936882603,False
0.32000000000000023,0.0011459413154144289,0.5439841846169208,0.3179762235908247,False
0.34000000000000025,0.0012229621348377258,0.5798503686210124,0.313275318449403,False
0.36000000000000026,0.001299659699035329,0.6154634010892756,0.308567800679901,False
0.3800000000000003,0.0013764919545734854,0.6510712529886387,0.30385364055475045,False
0.4000000000000003,0.0014538693735178176,0.6868760808581781,0.2991342673610288,False
0.4200000000000003,0.0015320245318421195,0.7229839655069459,0.2944113448586583,False
0.44000000000000034,0.001611044772743062,0.7594388867970104,0.28968592897064893,False
0.46000000000000035,0.0016909120265533614,0.7962285291029154,0.28495940861650354,False
0.48000000000000037,0.0017709583040119148,0.8330463722270448,0.28026304084103054,False
0.5000000000000003,0.0018436965363979032,0.8665771824664377,0.2759693121777062,False
0.5200000000000004,0.0019051904728077701,0.8950934785294112,0.27226498680587613,False
0.5400000000000004,0.001957644916922068,0.9195873089827326,0.269023504551111,False
0.5600000000000004,0.002002527939606223,0.9407233334426347,0.2661558582748326,False
0.5800000000000004,0.002040944601718924,0.9590175723318215,0.26359285396196613,False
0.6000000000000004,0.0020738693238388064,0.9749170475736356,0.2612771635972551,False
0.6200000000000004,0.0021021285320172445,0.9887748690622142,0.25916107507336117,False
0.6400000000000005,0.002126465404068623,1.0009062251202037,0.25720115057968346,False
0.6600000000000005,0.0021476291340354957,1.01163513823519,0.25535620587007035,False
0.6800000000000005,0.0021663475317505315,1.0212784811008015,0.25358864820287913,False
0.7000000000000005,0.0021833895506960426,1.0301902552244426,0.2518617849544057,False
0.7200000000000005,0.002199451974206793,1.0386850042850542,0.25014258641402387,False
0.7400000000000005,0.0022151278742259623,1.0470147774046208,0.24840234458283153,False
0.7600000000000006,0.0022309918293821978,1.05542283944405,0.24661415259638503,False
0.7800000000000006,0.002247600977356209,1.0641437081850673,0.24475283826905375,False
0.8000000000000006,0.0022654491903509703,1.073373857016493,0.242795773691223,False
0.8200000000000006,0.0022843444121908108,1.0829974332012497,0.24076296564805244,False
0.8400000000000006,0.0023029489094559576,1.092420547632555,0.23874887086575983,False
0.8600000000000007,0.002320617961673148,1.1013459401663186,0.2367963531361826,False
0.8800000000000007,0.0023386124818080447,1.1103271389346598,0.23482795757371264,False
0.9000000000000007,0.002358450120483811,1.1200546087827163,0.2327585298739531,False
0.9200000000000007,0.0023790050585743338,1.130060171517101,0.2306661167363971,False
0.9400000000000007,0.0024000557447713153,1.1402512709153272,0.22856696267407312,False
0.9600000000000007,0.002423735577300513,1.1515371298535237,0.22633338829609617,False
0.9800000000000008,0.002451178510048665,1.1643972843734667,0.22390468069002364,False
1.0000000000000007,0.0024826434616594876,1.1789398401958662,0.22127608930451023,False
1.0200000000000007,0.002518451713161764,1.1952996739709831,0.2184399031256854,False
1.0400000000000007,0.002558912372824516,1.21360610046901,0.21538984708908038,False
1.0600000000000007,0.002604297974801236,1.2339718455471953,0.21212238126162294,False
1.0800000000000007,0.0026548281120301396,1.2564853138592553,0.2086375699479727,False
1.1000000000000008,0.0027106521927319515,1.281202512306346,0.20493996852773735,False
1.1200000000000008,0.0027664871390063114,1.3055331041468794,0.20128788981067536,False
1.1400000000000008,0.0028213867899189015,1.3288194954375168,0.19764753373089722,False
1.1600000000000008,0.002878021293389093,1.3522080196880166,0.19384515584590153,False
1.1800000000000008,0.002936805928068105,1.375882857171222,0.189888038677922,False
1.2000000000000008,0.002998029389518182,1.3999503159076938,0.18578381889489973,False
1.2200000000000009,0.0030622453841196774,1.4247725268693578,0.18154661391170013,False
1.2400000000000009,0.0031306680436988437,1.4512426624018686,0.17719240282337073,False
1.260000000000001,0.0032044778148245102,1.4803060383135667,0.1727412023162321,False
1.280000000000001,0.003281834297140138,1.5113946432576746,0.16825384657358772,False
1.300000000000001,0.0033606560479357847,1.5436312520341016,0.16377519214816014,False
1.320000000000001,0.0034408645810132202,1.576974628943729,0.15930817250033452,False
1.340000000000001,0.003522548289024463,1.6114518863797815,0.15485292452642974,False
1.360000000000001,0.003605252789526415,1.6467078999301905,0.15041064136808913,False
1.380000000000001,0.0036886600744604203,1.682503798500552,0.14598282512260813,False
1.400000000000001,0.0037728537952582248,1.7189078394892159,0.14157146281871752,False
1.420000000000001,0.003857737898746253,1.7558336953018687,0.13717836471437764,False
1.440000000000001,0.003943025706615691,1.7930531635844937,0.13280482417845177,False
1.460000000000001,0.004028312758723383,1.8302619184175688,0.12845217779686952,False
1.480000000000001,0.004113358366237489,1.8672882620150064,0.12412215403901461,False
1.500000000000001,0.004197899109481145,1.9039388050001054,0.11981943603830726,False
1.5200000000000011,0.004281461736073407,1.9398806787278098,0.11554866900354764,False
1.5400000000000011,0.004363397264848863,1.9746834658450876,0.11131220586086928,False
1.5600000000000012,0.004443379967223817,2.0081512760881943,0.10711264612900165,False
1.5800000000000012,0.004521418961862242,2.040318120377018,0.10295361577707458,False
1.6000000000000012,0.004597469019123673,2.0711786286141933,0.09883878308522932,False
1.6200000000000012,0.004671319762886392,2.1006350198108756,0.09477175884441551,False
1.6400000000000012,0.004744476254202492,2.1295700036303757,0.0907339795479158,False
1.6600000000000013,0.004820683210150355,2.1597374430425424,0.08665160211600376,False
1.6800000000000013,0.004900894796503278,2.1913294148349705,0.08250281882059651,False
1.7000000000000013,0.004983581812224211,2.2234158224464995,0.07832552404866483,False
1.7200000000000013,0.005067616437636513,2.2553446245301774,0.07415537896511075,False
1.7400000000000013,0.005152239222782513,2.2867399103929484,0.07002917994401639,False
1.7600000000000013,0.005236927231714345,2.3174233596244815,0.06597710552643914,False
1.7800000000000014,0.005321676630882028,2.3476141471307064,0.06203060426972085,False
1.8000000000000014,0.005405754234316656,2.377016493504758,0.058240739504239386,False
1.8200000000000014,0.005488560945082921,2.405351482918558,0.05459987702550922,False
1.8400000000000014,0.005570825947108505,2.4330959865130737,0.05102339610864463,False
1.8600000000000014,0.005653155173238887,2.460677012860551,0.04746157351735218,False
1.8800000000000014,0.005730525487867786,2.486336132643971,0.04411668141121962,False
1.9000000000000015,0.0057997462725713385,2.509025197077421,0.04112490351257964,False
1.9200000000000015,0.005861956718483597,2.5292373115385165,0.038441314456138805,False
1.9400000000000015,0.005918159389487221,2.547433018356321,0.03602745390800718,False
1.9600000000000015,0.005969269051228324,2.5640977550425785,0.03385561857952748,False
1.9800000000000015,0.006015871406244526,2.579494101584203,0.03190405110050733,False
2.0000000000000013,0.0060583591085835815,2.5937584284848443,0.030152092670812952,False
2.019999999999999,0.006097098923413805,2.607028150931932,0.028579950556176435,False
2.039999999999997,0.006132439124149169,2.6194377791693677,0.027169415328081377,False
2.0599999999999947,0.006164507321829527,2.630890426787048,0.025904385045991525,False
2.0799999999999925,0.00619341342248324,2.641266693245915,0.02477058294099078,False
2.0999999999999903,0.006219426321784842,2.6506276084040556,0.023754622489997025,False
2.119999999999988,0.006242846131125251,2.659087681809178,0.02284436031221129,False
2.139999999999986,0.0062639440464303505,2.6667495439385367,0.022028794192548187,False
2.1599999999999837,0.006282942213192503,2.6736820197749873,0.021297983156357284,False
2.1799999999999815,0.006300037568170485,2.679943091810401,0.020643099036535443,False
2.1999999999999793,0.006315415589629636,2.6855927450986568,0.020056239933023797,False
2.219999999999977,0.006329251322819577,2.6906931348288277,0.019530385235907926,False
2.239999999999975,0.006341705208804026,2.6953031724649743,0.019059239976997527,False
2.2599999999999727,0.006352919539235629,2.6994737265039923,0.01863711224345217,False
2.2799999999999705,0.0063630221712010805,2.703250454409937,0.018258902169385024,False
2.2999999999999683,0.0063721283300726735,2.706674677869531,0.017920044469394703,False
2.319999999999966,0.006380341629834185,2.709783594751986,0.017616445112547563,False
2.339999999999964,0.006387755070621517,2.712610532792891,0.01734442992322778,False
2.3599999999999617,0.006394452109113604,2.715185340923745,0.0171007099695541,False
2.3799999999999595,0.006400507745306718,2.717534889088947,0.016882342129353304,False
2.3999999999999573,0.006405989100438634,2.7196829597422982,0.01668666403384819,False
2.419999999999955,0.006410956455874805,2.7216510988144296,0.01651132656298227,False
2.439999999999953,0.006415464063654651,2.723458850520081,0.01635423164154933,False
2.4599999999999507,0.006419560526418823,2.725123639231892,0.016213482726162923,False
2.4799999999999485,0.006423289394126611,2.7266610261883018,0.016087378456142457,False
2.4999999999999463,0.0064266896871237565,2.7280848527617545,0.015974388092991194,False
2.519999999999944,0.006429796369899236,2.7294075680055854,0.015873149654005398,False
2.539999999999942,0.0064326408146058375,2.7306403754328086,0.015782446077478397,False
2.5599999999999397,0.006435251141331895,2.7317932147275634,0.01570117479963516,False
2.5799999999999375,0.006437650350464499,2.7328715163728656,0.01562829939336311,False
2.5999999999999353,0.00643986392671073,2.733888014475934,0.01556302031742392,False
2.619999999999933,0.006441911303867558,2.7348483758297593,0.015504521911869481,False
2.639999999999931,0.006443807004349506,2.7357533114872497,0.015452058708740841,False
2.6599999999999286,0.006445573846891855,2.736619417312672,0.015405108263443365,False
2.6799999999999264,0.006447225170559994,2.7374494920210033,0.015363038441441941,False
2.6999999999999242,0.006448768761837936,2.7382397568082535,0.015325296653395227,False
2.719999999999922,0.006450216523792201,2.73899462180346,0.015291473894961863,False
2.73999999999992,0.006451579374569365,2.7397181092455196,0.015261174610333056,False
2.7599999999999176,0.006452866778320468,2.740413665278886,0.015234028385184376,False
2.7799999999999154,0.006454087154361263,2.74108428003001,0.015209703892436728,False
2.7999999999999132,0.006455248202116035,2.7417327194209347,0.015187914484368825,False
2.819999999999911,0.006456356673262834,2.7423613994383134,0.015168392015567356,False
2.839999999999909,0.00645743550229448,2.743004735293494,0.015150935551399772,False
2.8599999999999066,0.006458486738685318,2.743656974217764,0.015135328975423454,False
2.8799999999999044,0.00645950140152908,2.7442936807698213,0.01512132018379705,False
2.899999999999902,0.006460483215536533,2.7449166260444344,0.015108731819525547,False
2.9199999999999,0.006461436164730794,2.745527618936962,0.015097439724163655,False
2.939999999999898,0.006462364120953967,2.746128022133587,0.015087320862111269,False
2.9599999999998956,0.00646327028762126,2.746718956674085,0.015078254848392127,False
2.9799999999998934,0.00646415745837707,2.7473013836865734,0.015070132199673526,False
2.999999999999891,0.006465028124177238,2.7478761482449885,0.0150628546068105,False
3.019999999999889,0.00646588451578003,2.748443999807444,0.015056334028178344,False
3.039999999999887,0.006466728630785162,2.749005604287596,0.01505049163147545,False
3.0599999999998846,0.006467562256753723,2.7495615529922195,0.015045256812676619,False
3.0799999999998824,0.0064683870359628585,2.750112397609071,0.015040570243893523,False
3.09999999999988,0.006469204352009331,2.7506586124839463,0.015036370511382662,False
3.119999999999878,0.006470015492057425,2.7512006087682424,0.015032608087231598,False
3.139999999999876,0.006470821622925859,2.7517387709931533,0.015029239721606635,False
3.1599999999998736,0.006471623773673989,2.7522734562459825,0.015026224849830565,False
3.1799999999998714,0.006472432121010062,2.7528328294882978,0.015023542235984023,False
3.199999999999869,0.006473245049328542,2.7534094964838003,0.015021136380019671,False
3.219999999999867,0.0064740555915021375,2.7539812241123247,0.015018962256829794,False
3.2399999999998648,0.006474865037734712,2.7545492607583864,0.01501701098277298,False
3.2599999999998626,0.006475674056438636,2.7551141833076866,0.015015264597143444,False
3.2799999999998604,0.006476482985154783,2.7556762629890494,0.015013699546130075,False
3.299999999999858,0.006477292164866553,2.7562356379309825,0.015012297500476075,False
3.319999999999856,0.006478101967637149,2.756792413312257,0.01501104290568574,False
3.3399999999998538,0.006478912733507301,2.7573466861168283,0.01500991863074495,False
3.3599999999998515,0.006479724790131486,2.7578985308796673,0.015008913941594941,False
3.3799999999998493,0.006480538400592469,2.758448027370476,0.015008015903278396,False
3.399999999999847,0.0064813537838896715,2.7589952433605114,0.0150072110130341,False
3.419999999999845,0.006482171151574087,2.759540226795463,0.015006489400985961,False
3.4399999999998427,0.006482990693288565,2.7600830184938987,0.015005842422234048,False
3.4599999999998405,0.0064838125727496344,2.7606236532420705,0.015005262333734538,False
3.4799999999998383,0.006484636930243876,2.7611621604981855,0.015004742186843265,False
3.499999999999836,0.00648546389876696,2.7616985664383176,0.015004278081451515,False
3.519999999999834,0.0064862935696776425,2.7622329055526254,0.01500386377534774,False
3.5399999999998317,0.006487124055559876,2.762773908399661,0.015003547382339673,False
3.5599999999998295,0.006487958098550928,2.7633201608631874,0.015003270260358702,False
3.5799999999998273,0.006488797201679566,2.7638647722066803,0.015002989523563394,False
3.599999999999825,0.006489640445172087,2.7644074989750913,0.015002731369008312,False
3.619999999999823,0.006490487082073638,2.764948154394374,0.015002485187119236,False
3.6399999999998207,0.0064913366081975135,2.7654866099626267,0.015002257491193669,False
3.6599999999998185,0.006492189142040371,2.7660228490931695,0.015002055926561862,False
3.6799999999998163,0.0064930446850658165,2.766556897160488,0.015001876704296964,False
3.699999999999814,0.00649390321202294,2.7670887708192073,0.015001715845809564,False
3.719999999999812,0.006494764708303951,2.7676184773377925,0.015001571294025042,False
3.7399999999998097,0.0064956291598268785,2.7681460252349823,0.015001441352837956,False
3.7599999999998075,0.006496496548568386,2.7686714249795727,0.015001324516874422,False
3.7799999999998053,0.006497366852552096,2.7691946889854795,0.015001219436123522,False
3.799999999999803,0.006498240044688405,2.769715839614029,0.01500112331861489,False
3.819999999999801,0.006499116108166949,2.770234889623388,0.015001035548047284,False
3.8399999999997987,0.006499995021449943,2.7707518493436387,0.015000956564520695,False
3.8599999999997965,0.00650087674788448,2.771266738748172,0.015000885530899899,False
3.8799999999997943,0.006501761245384157,2.771779580000669,0.015000821615812107,False
3.899999999999792,0.0065026484698658855,2.7722903972539035,0.015000764082368136,False
3.91999999999979,0.00650353837514909,2.7727992167285342,0.015000712279175401,False
3.9399999999997877,0.006504430911558644,2.7733060768815734,0.015000663966297073,False
3.9599999999997855,0.006505326041012573,2.773811005791203,0.015000619114815504,False
3.9799999999997833,0.006506223721104655,2.774314028003142,0.015000578754964862,False
3.999999999999781,0.006507123894581107,2.7748151787708566,0.01500054252073634,False
4.019999999999779,0.006508026499206006,2.7753144961490843,0.015000509988762553,False
4.039999999999777,0.006508931471316865,2.7758120206737864,0.015000480785507269,False
4.059999999999775,0.006509838745651407,2.7763077953922153,0.015000454585517239,False
4.079999999999773,0.0065107482545008356,2.7768018772564242,0.015000429445522623,False
4.0999999999997705,0.006511659941814759,2.7772943127897873,0.015000405597532242,False
4.119999999999768,0.0065125737469189,2.7777851442161183,0.015000384319738028,False
4.139999999999766,0.006513489594383323,2.7782744248903604,0.015000365473390708,False
4.159999999999764,0.006514407403394502,2.7787622238712175,0.015000347096199847,False
4.179999999999762,0.006515327105866573,2.779248599108371,0.015000329485199809,False
4.1999999999997595,0.006516248629682765,2.7797336034136,0.015000314054024357,False
4.219999999999757,0.006517171887855165,2.7802173012947096,0.015000300738720983,False
4.239999999999755,0.006518096788136481,2.7806997737039243,0.015000287636925607,False
4.259999999999753,0.006519023250885045,2.7811810905559646,0.015000275078868416,False
4.279999999999751,0.006519951192298113,2.7816613161576056,0.015000264525523457,False
4.2999999999997485,0.006520880514109076,2.7821405399629193,0.015000254255305845,False
4.319999999999746,0.006521811126139813,2.7826188409404558,0.015000244613666933,False
4.339999999999744,0.00652274293418099,2.7830963060041753,0.015000235327048903,False
4.359999999999742,0.006523675843789511,2.783573019422193,0.015000226923404495,False
4.37999999999974,0.006524609753617572,2.784049073857278,0.015000219225410467,False
4.3999999999997375,0.006525544560755413,2.7845245595484234,0.015000212786713572,False
4.419999999999735,0.0065264801562680145,2.7849995742296283,0.01500020760623139,False
4.439999999999733,0.0065274164318597444,2.78547422806382,0.015000202640060209,False
4.459999999999731,0.006528353284821718,2.785948625239587,0.01500019832742546,False
4.479999999999729,0.006529290618134149,2.786422885753626,0.015000193838378246,False
4.499999999999726,0.006530228342348219,2.7868971304003685,0.015000189142480658,False
4.519999999999724,0.006531166283854342,2.7873714207815006,0.015000191270681834,False
4.539999999999722,0.006532104443068332,2.787845821989562,0.015000200820052326,False
4.55999999999972,0.006533040750949939,2.7883195589208727,0.0150002122481167,False
4.579999999999718,0.006533974991923515,2.7887925269659632,0.015000223680723996,False
4.599999999999715,0.0065349080532793955,2.789265002335583,0.015000234219686949,False
4.619999999999713,0.006535839611540209,2.7897368011273334,0.015000243803212613,False
4.639999999999711,0.00653676938563922,2.790207765987224,0.015000252570118217,False
4.659999999999709,0.006537697109813061,2.7906777514805543,0.015000260563979552,False
4.679999999999707,0.006538622536740524,2.7911466220660937,0.01500026794745236,False
4.699999999999704,0.006539545426988805,2.791614249141074,0.015000274752118254,False
4.719999999999702,0.006540465554386798,2.792080510943958,0.01500028112594287,False
4.7399999999997,0.006541382698681208,2.7925452913196334,0.015000287064909575,False
4.759999999999698,0.006542296641130272,2.79300847704767,0.015000292434984998,False
4.779999999999696,0.0065432071742750715,2.7934699592088093,0.015000297271798222,False
4.799999999999693,0.006544114100266208,2.7939296337699204,0.01500030161604796,False
4.819999999999691,0.006545017242218097,2.794387404020114,0.015000305859403693,False
4.839999999999689,0.006545916426029257,2.7948431790966084,0.015000309945153587,False
4.859999999999687,0.0065468114779974424,2.795296870242622,0.015000313598631769,False
4.879999999999685,0.006547702249169529,2.7957483936952086,0.015000317303754005,False
4.899999999999682,0.0065485885925061224,2.7961976720258406,0.01500032097542659,False
4.91999999999968,0.00654947036053617,2.79664462994207,0.015000324236473305,False
4.939999999999678,0.006550347418388538,2.7970891942127443,0.015000327091352628,False
4.959999999999676,0.006551219640690173,2.79753129562171,0.015000329569099583,False
4.979999999999674,0.006552086910454939,2.797970868985394,0.015000331694399002,False
4.999999999999671,0.00655294911903808,2.7984078531016223,0.015000333487433362,False
5.019999999999669,0.006553806166170145,2.7988421907063454,0.015000334965649747,False
5.039999999999667,0.006554657989063935,2.799273830901882,0.01500033761051797,False
5.059999999999665,0.0065555045288734366,2.7997027341847476,0.01500034208858756,False
5.079999999999663,0.0065563457210330404,2.8001288665651747,0.01500034805761974,False
5.09999999999966,0.006557181513098612,2.8005521944995913,0.015000355810339658,False
5.119999999999658,0.006558011866056675,2.8009726888710014,0.015000365632428046,False
5.139999999999656,0.006558836721518828,2.801390329339494,0.015000375925223644,False
5.159999999999654,0.00655965605321214,2.8018050898069546,0.015000387189621357,False
5.1799999999996515,0.0065604698302633695,2.8022169508339765,0.015000398993458914,False
5.199999999999649,0.006561278012515911,2.8026258994958333,0.015000409567604558,False
5.219999999999647,0.006562080702263423,2.803031920817929,0.015000422266632469,False
5.239999999999645,0.006562877871529873,2.803435000472181,0.015000437636342893,False
5.259999999999643,0.0065636694230220335,2.803835133911305,0.015000452612199563,False
5.2799999999996405,0.006564455359289986,2.8042323222709293,0.015000465746458342,False
5.299999999999638,0.006565235705718645,2.804626564345203,0.015000476649783661,False
5.319999999999636,0.00656601049382212,2.8050178589700914,0.01500048536844327,False
5.339999999999634,0.006566779758178378,2.805406206839212,0.015000492079933035,False
5.359999999999632,0.006567543536504419,2.805791611301232,0.015000496977261978,False
5.3799999999996295,0.006568301870257575,2.8061740786188945,0.015000500234485974,False
5.399999999999627,0.006569055203593766,2.806553724407434,0.015000497449113288,False
5.419999999999625,0.006569803065125612,2.8069304158826243,0.015000497193904127,False
5.439999999999623,0.006570545675505226,2.8073042283338547,0.01500049524579198,False
5.459999999999621,0.006571283328580184,2.807675240257898,0.0150004896190234,False
5.4799999999996185,0.00657201576537223,2.8080433825192377,0.015000485861190063,False
5.499999999999616,0.006572743047811655,2.8084086921370415,0.015000482021672576,False
5.519999999999614,0.006573465271509033,2.808771207091967,0.015000476954394586,False
5.539999999999612,0.006574182537067923,2.809130962086528,0.015000470263547136,False
5.55999999999961,0.00657489494645118,2.809487990992882,0.015000461924759559,False
5.5799999999996075,0.006575602602591258,2.8098423284882035,0.015000452064685832,False
5.599999999999605,0.006576307641787616,2.8101944102575245,0.015000465010129579,False
5.619999999999603,0.006577013632452656,2.8105451964439285,0.015000503111515571,False
5.639999999999601,0.006577721087248016,2.8108950219596913,0.015000536845607568,False
5.659999999999599,0.006578429045710419,2.811243685125556,0.015000557947642107,False
5.6799999999995965,0.00657913714335857,2.8115910210658632,0.015000575610905802,False
5.699999999999594,0.006579844946637698,2.8119369211051257,0.015000589496971101,False
5.719999999999592,0.0065805521068984995,2.8122813208770743,0.015000596686330745,False
5.73999999999959,0.006581258452167484,2.8126241016563007,0.015000609514150727,False
5.759999999999588,0.00658196366939184,2.8129652497217665,0.015000618999538494,False
5.7799999999995855,0.006582667561055691,2.8133047720703397,0.015000617379400671,False
5.799999999999583,0.006583369984878295,2.813642596985632,0.015000613772499538,False
5.819999999999581,0.0065840686014031384,2.813977837434798,0.01500073532051703,False
5.839999999999579,0.006584766371522006,2.814311648602148,0.015000817365968316,False
5.859999999999577,0.006585462581667317,2.814643927728294,0.015000868985212064,False
5.8799999999995745,0.006586157728278748,2.814974747250736,0.015000894485695238,False
5.899999999999572,0.006586851424970052,2.8153040768319144,0.01500089749659986,False
5.91999999999957,0.00658754179868771,2.815631162033559,0.015000998717145282,False
5.939999999999568,0.006588231774739345,2.8159570454401135,0.015001048155628426,False
5.959999999999566,0.006588922166457148,2.81628240215898,0.015000965321887145,False
5.979999999999563,0.006589609941818303,2.8166060112711664,0.015000921037693977,False
5.999999999999561,0.006590296026351685,2.8169278696874183,0.015000899735386937,False
6.019999999999559,0.006590982229264325,2.8172490164664223,0.015000791651383873,False
6.039999999999557,0.006591666491470739,2.8175687849157,0.01500069049589328,False
6.059999999999555,0.006592348458487686,2.8178868236012464,0.015000645435775778,False
6.079999999999552,0.006593029896143495,2.81820389637797,0.01500057751738019,False
6.09999999999955,0.0065937111068591495,2.8185201985645265,0.015000457347110287,False
6.119999999999548,0.006594390810646686,2.8188351142730994,0.015000350730946363,False
6.139999999999546,0.006595069002638842,2.819148631901398,0.015000276056332022,False
6.159999999999544,0.0065957463462481825,2.8194610939460656,0.01500021060406247,False
6.179999999999541,0.006596422957434501,2.8197725821776047,0.015000151729404056,False
6.199999999999539,0.006597098942853801,2.820083165113047,0.015000098351934749,False
6.219999999999537,0.0065977744258371804,2.820392914184959,0.015000049682538576,False
6.239999999999535,0.006598449538618354,2.8207019023894047,0.015000005110149827,False
6.259999999999533,0.006599124417142388,2.8210102032169933,0.014999964159504657,False
6.27999999999953,0.006599799198567381,2.821317890317402,0.014999926455838457,False
6.299999999999528,0.0066004740199919485,2.8216250373976672,0.014999891697357335,False
6.319999999999526,0.006601149017723474,2.8219317181680514,0.014999859635531737,False
6.339999999999524,0.006601824326821821,2.8222380062941275,0.01499983006149119,False
6.359999999999522,0.006602500080804424,2.822543975332347,0.014999802796701107,False
6.379999999999519,0.006603176411452338,2.822849698679575,0.014999777686494957,False
6.399999999999517,0.00660385344868012,2.8231552495159207,0.014999754595523966,False
6.419999999999515,0.006604531320445753,2.8234607007558585,0.014999733404477893,False
6.439999999999513,0.006605210152685429,2.8237661249967676,0.014999714007635105,False
6.459999999999511,0.006605890069263677,2.8240715944788524,0.014999696310973384,False
6.479999999999508,0.006606571191933082,2.8243771810378417,0.014999680230655493,False
6.499999999999506,0.006607253640300142,2.824682956070086,0.014999665691766185,False
6.519999999999504,0.0066079375158640905,2.8249890451016375,0.014999646303468641,False
6.539999999999502,0.006608623001399378,2.825295484352966,0.01499962719910607,False
6.5599999999995,0.006609310174721876,2.8256023395866494,0.014999608702456207,False
6.579999999999497,0.00660999919023202,2.825909667795449,0.014999592657997987,False
6.599999999999495,0.006610690098010768,2.8262175375555914,0.014999578642304442,False
6.619999999999493,0.006611383055736313,2.826526015247176,0.014999567193013399,False
6.639999999999491,0.006612078100820653,2.826835166771213,0.014999557961729896,False
6.6599999999994886,0.0066127753069429905,2.827145093234259,0.014999546906474152,False
6.679999999999486,0.006613474872633327,2.827455863058727,0.014999535029357719,False
6.699999999999484,0.0066141769020790905,2.8277675273310434,0.014999524211614903,False
6.719999999999482,0.00661488148252255,2.828080141032455,0.014999515556804531,False
6.73999999999948,0.00661558869720809,2.8283937630099,0.014999509545578028,False
6.7599999999994775,0.006616298628162297,2.8287084541804797,0.01499950628880986,False
6.779999999999475,0.006617011356798526,2.8290242761684694,0.01499950570385703,False
6.799999999999473,0.006617726963912096,2.829341290456987,0.014999507620249616,False
6.819999999999471,0.006618445413751134,2.829659505644381,0.014999515192765331,False
6.839999999999469,0.006619166814122523,2.8299789956381805,0.014999527565030405,False
6.8599999999994665,0.006619891195358353,2.8302998035697744,0.014999544678551087,False
6.879999999999464,0.006620619126571248,2.830622086208593,0.01499956231967129,False
6.899999999999462,0.006621350136946228,2.8309457720925213,0.0149995879361719,False
6.91999999999946,0.006622084049203015,2.831270912153004,0.014999618410594663,False
6.939999999999458,0.006622821846568696,2.8315977831698222,0.014999640534908857,False
6.9599999999994555,0.006623563407477037,2.8319263359782525,0.014999661569568211,False
6.979999999999453,0.0066243083221813066,2.8322565068427346,0.014999686695153544,False
6.999999999999451,0.006625056653571273,2.83258837114491,0.014999712514592409,False
7.019999999999449,0.006625808497558977,2.832921995491706,0.01499973739227295,False
7.039999999999447,0.006626563937287219,2.8332574333088862,0.014999760955521033,False
7.0599999999994445,0.006627322953828963,2.833594693905366,0.014999785018747628,False
7.079999999999442,0.006628085643681183,2.8339338368835314,0.014999809120935593,False
7.09999999999944,0.006628852148482912,2.8342749401294993,0.014999831911401973,False
7.119999999999438,0.006629622520975324,2.8346180437310022,0.014999853650763013,False
7.139999999999436,0.0066303968758513795,2.8349631856903836,0.01499987463673275,False
7.1599999999994335,0.006631175192261372,2.835310379989477,0.014999895835077704,False
7.179999999999431,0.006631957416514051,2.8356596504148297,0.014999917167577705,False
7.199999999999429,0.006632743589622883,2.836011040213622,0.014999937784421496,False
7.219999999999427,0.006633533756263177,2.8363645875785717,0.014999957419905565,False
7.239999999999425,0.006634327954338154,2.8367203259175318,0.014999976124559958,False
7.2599999999994225,0.00663512621727808,2.8370782864252586,0.014999994013562258,False
7.27999999999942,0.006635928575929109,2.837438499245337,0.015000011161127591,False
7.299999999999418,0.006636735056277941,2.8378009921460783,0.015000027688486552,False
7.319999999999416,0.006637545681150748,2.838165791403853,0.015000043695384487,False
7.339999999999414,0.006638360471175813,2.8385329222830675,0.015000059218916173,False
7.3599999999994115,0.006639179467176255,2.83890241683945,0.015000072613255363,False
7.379999999999409,0.006640002651701648,2.8392742808825617,0.015000084314678213,False
7.399999999999407,0.006640829998778603,2.8396485170162795,0.015000095729516024,False
7.419999999999405,0.006641661520206763,2.840025144167232,0.015000106906874786,False
7.439999999999403,0.006642497225365291,2.840404179866742,0.015000117853688023,False
7.4599999999994,0.006643337120260848,2.8407856395310107,0.015000128587088326,False
7.479999999999398,0.006644181207474803,2.8411695363962033,0.015000139142515792,False
7.499999999999396,0.006645029487563454,2.841555882221716,0.015000149519847869,False
7.519999999999394,0.006645881958396016,2.841944687000189,0.015000159695935761,False
7.539999999999392,0.006646738614430089,2.8423359584636096,0.015000169665802072,False
7.559999999999389,0.00664759944651492,2.842729701925282,0.01500017945307766,False
7.579999999999387,0.0066484644430065834,2.843125920817344,0.015000189074869497,False
7.599999999999385,0.006649333590649783,2.843524617130434,0.015000198509575569,False
7.619999999999383,0.006650206915477345,2.8439258052784253,0.015000205961823424,False
7.639999999999381,0.006651084357728371,2.844329463379606,0.015000211996753512,False
7.659999999999378,0.0066519658376252185,2.8447355629414646,0.015000218154422472,False
7.679999999999376,0.006652851332815394,2.84514409869205,0.015000224378645451,False
7.699999999999374,0.006653740819849869,2.8455550638226175,0.015000230594320506,False
7.719999999999372,0.0066546342701534434,2.84596844827,0.015000236769086251,False
7.73999999999937,0.006655531650753958,2.846384239132413,0.015000242886295053,False
7.759999999999367,0.006656432925427766,2.846802421079302,0.015000248931067238,False
7.779999999999365,0.006657338054193659,2.847222976075184,0.015000254907773285,False
7.799999999999363,0.006658246993320202,2.847645883527706,0.015000260817690262,False
7.819999999999361,0.006659159695747213,2.8480711204668303,0.015000266644676677,False
7.839999999999359,0.006660076118054008,2.8484986642667667,0.01500027135587115,False
7.859999999999356,0.006660996178824664,2.848928471270103,0.015000274376188148,False
7.879999999999354,0.006661919774336363,2.8493604861572353,0.015000276811370901,False
7.899999999999352,0.006662846828691294,2.8497946676864507,0.015000279397077054,False
7.91999999999935,0.006663777279132286,2.850230980897929,0.015000282109002068,False
7.939999999999348,0.006664711058247749,2.850669387855338,0.015000284898309409,False
7.959999999999345,0.006665648093830863,2.8511098472648544,0.015000287730105819,False
7.979999999999343,0.0066665883091647825,2.851552314615077,0.015000290577866572,False
7.999999999999341,0.0066675316231294265,2.85199674223299,0.015000293418735886,False
8.019999999999348,0.006668477950207288,2.852443079276526,0.015000296231996653,False
8.039999999999354,0.006669427200405698,2.8528912716826933,0.01500029899851559,False
8.059999999999361,0.006670379279132646,2.853341262101469,0.015000301701166842,False
8.079999999999368,0.0066713340871358395,2.8537929898507195,0.015000304323911254,False
8.099999999999374,0.006672291520426029,2.8542463908635254,0.015000306851165364,False
8.119999999999381,0.006673251470145013,2.854701397615139,0.015000309268387408,False
8.139999999999388,0.00667421382245212,2.8551579390500286,0.015000311562134414,False
8.159999999999394,0.00667517845841856,2.8556159405217705,0.015000313719973374,False
8.179999999999401,0.006676145253920373,2.8560753237192222,0.015000315730380976,False
8.199999999999408,0.006677114089088557,2.856536011613192,0.015000318123625818,False
8.219999999999414,0.006678084853560657,2.8569979315544853,0.015000321293882405,False
8.239999999999421,0.006679057433718937,2.8574610093003066,0.01500032455194045,False
8.259999999999428,0.006680031693528211,2.857925157564205,0.015000327319347502,False
8.279999999999434,0.006681007480128941,2.85839027811525,0.015000329560262494,False
8.299999999999441,0.0066819846350576586,2.858856268380002,0.015000331292819047,False
8.319999999999448,0.006682962994224409,2.859323021833909,0.015000332538081617,False
8.339999999999455,0.00668394238755648,2.8597904278687034,0.015000333313115715,False
8.359999999999461,0.0066849226481285684,2.8602583774404406,0.015000334064825729,False
8.379999999999468,0.006685903621628922,2.860726767397541,0.015000334941484698,False
8.399999999999475,0.00668688514977195,2.8611954906249344,0.015000335264977717,False
8.419999999999481,0.006687867066623061,2.861664437853102,0.015000335161039312,False
8.439999999999488,0.006688849187795891,2.8621335033923856,0.015000337117282225,False
8.459999999999495,0.006689831544812113,2.8626026601682337,0.015000333596184435,False
8.479999999999501,0.006690813530721397,2.863071578188599,0.015000326865998665,False
8.499999999999508,0.006691794135037096,2.8635397741529234,0.015000324184427913,False
8.519999999999515,0.006692772615585648,2.8640069077914116,0.0150003241483778,False
8.539999999999521,0.006693748336568919,2.864472686532508,0.015000325152119735,False
8.559999999999528,0.0066947206920894555,2.8649368281822025,0.015000326649398292,False
8.579999999999535,0.006695689053316367,2.8653990409159604,0.015000328547314638,False
8.599999999999541,0.0066966528498856445,2.8658590551966627,0.01500033063952415,False
8.619999999999548,0.006697611530178747,2.8663166105618267,0.015000332658795208,False
8.639999999999555,0.006698564573915598,2.866771459300989,0.015000334560891334,False
8.659999999999561,0.0066995115049255415,2.867223373471417,0.015000336417981578,False
8.679999999999568,0.006700451854831528,2.867672132018443,0.015000338255596123,False
8.699999999999575,0.006701385174887342,2.868117523590571,0.015000340051844079,False
8.719999999999581,0.0067023110365216935,2.8685593462758603,0.015000341776347953,False
8.739999999999588,0.006703229030591591,2.868997407233886,0.015000343401881496,False
8.759999999999595,0.006704138766738303,2.8694315224286795,0.015000344905740242,False
8.779999999999601,0.006705039872910964,2.8698615164402064,0.0150003462689222,False
8.799999999999608,0.006705931994990919,2.870287222309598,0.015000347475321828,False
8.819999999999615,0.006706814766464088,2.870708477516506,0.015000348215782732,False
8.839999999999621,0.006707687872314125,2.8711251488351297,0.015000348636649617,False
8.859999999999628,0.006708551039949411,2.871537125918124,0.015000349101356562,False
8.879999999999635,0.006709403996892453,2.8719443017200903,0.015000349629213278,False
8.899999999999642,0.00671024648469591,2.87234657396853,0.015000350176635865,False
8.919999999999648,0.00671107826081938,2.8727438456647487,0.015000350704079068,False
8.939999999999655,0.006711899098450147,2.8731360253682574,0.015000351169645005,False
8.959999999999662,0.006712708786108855,2.873523027192847,0.015000351539556173,False
8.979999999999668,0.006713507127393685,2.873904770862653,0.015000351786142365,False
8.999999999999675,0.006714293940776401,2.8742811817485174,0.015000351886231784,False
9.019999999999682,0.0067150690594128095,2.874652190886708,0.01500035182025861,False
9.039999999999688,0.006715832367091,2.875017745457847,0.015000352133316503,False
9.059999999999695,0.006716583730602612,2.8753777939970124,0.015000352773933471,False
9.079999999999702,0.006717323008156933,2.875732283898441,0.0150003532197852,False
9.099999999999708,0.006718050091111926,2.876081169805152,0.015000353324379845,False
9.119999999999715,0.0067187648858623205,2.876424411274476,0.015000353065036656,False
9.139999999999722,0.006719467311446507,2.8767619729876555,0.015000352446726666,False
9.159999999999728,0.006720157299592541,2.8770938249376536,0.015000351476475436,False
9.179999999999735,0.006720834846073736,2.877419958200282,0.01500035049424985,False
9.199999999999742,0.0067214999066382754,2.877740357033733,0.015000349579024932,False
9.219999999999748,0.006722152419289538,2.8780550019789515,0.015000348400630614,False
9.239999999999755,0.006722792368578406,2.8783638858781755,0.015000346762460122,False
9.259999999999762,0.006723419753030224,2.8786670058230017,0.015000344632018084,False
9.279999999999768,0.006724034581771739,2.878964363224472,0.015000342024975485,False
9.299999999999775,0.006724636874771497,2.879255964174918,0.015000338963547053,False
9.319999999999782,0.006725226663076976,2.8795418195322493,0.015000335467619414,False
9.339999999999788,0.00672580398881405,2.879821944879787,0.015000331554552862,False
9.359999999999795,0.006726380642233427,2.8800990357383642,0.015000356518099427,False
9.379999999999802,0.006726966558895915,2.8803756222253094,0.01500039786756169,False
9.399999999999809,0.006727559525615692,2.8806513817827697,0.015000430686998014,False
9.419999999999815,0.006728156910408883,2.8809257481266894,0.015000452516074753,False
9.439999999999822,0.006728757396497634,2.8811984359416924,0.015000464931732209,False
9.459999999999829,0.00672935958257744,2.8814691090214306,0.01500047295174425,False
9.479999999999835,0.006729962373560885,2.881737533385619,0.015000477799391248,False
9.499999999999842,0.006730564862950925,2.8820034771977614,0.015000486513703141,False
9.519999999999849,0.006731203910185245,2.882287584983635,0.015000515266381007,False
9.539999999999855,0.006731904673952422,2.8826037399959037,0.015000575823822668,False
9.559999999999862,0.006732658458876541,2.882947293602838,0.015000679518585299,False
9.579999999999869,0.0067334565219573025,2.88331378579403,0.015000829453007757,False
9.599999999999875,0.006734292664082364,2.8837000482088984,0.015001024794092908,False
9.619999999999882,0.006735161849727889,2.884103478825166,0.015001264703775507,False
9.639999999999889,0.006736059857476403,2.884521870653421,0.01500154814399876,False
9.659999999999895,0.0067369906217400405,2.884955809666663,0.015001868897252808,False
9.679999999999902,0.006737968654886606,2.885409843889381,0.015002226304401848,False
9.699999999999909,0.006739003701654968,2.885887552570748,0.015002619302411905,False
9.719999999999915,0.00674009978987936,2.8863908337936866,0.015003045623383298,False
9.739999999999922,0.006741261406889477,2.886921683619341,0.015003504454707963,False
9.759999999999929,0.006742492862289854,2.887481974243804,0.015003994281343722,False
9.779999999999935,0.006743798353719159,2.888073499226318,0.015004512879500189,False
9.799999999999942,0.006745181803403283,2.888697921983288,0.015005057487806598,False
9.819999999999949,0.00674664680270366,2.889356760668962,0.015005625048049368,False
9.839999999999955,0.006748196741055139,2.8900514463836258,0.01500621231208308,False
9.859999999999962,0.006749793179218604,2.8907652148412843,0.015006764002056014,False
9.879999999999969,0.00675140658345998,2.891485017486631,0.015007235950521756,False
9.899999999999975,0.006753036592816782,2.892211063194608,0.015007628839810544,False
9.919999999999982,0.006754681721135137,2.8929431407383115,0.015007952360717775,False
9.939999999999989,0.006756340637693981,2.893680893681806,0.015008216157766607,False
9.959999999999996,0.006758012321622675,2.8944239859405068,0.015008432015985373,False
9.980000000000002,0.006759695996357906,2.8951721651041953,0.015008608014848001,False
10.000000000000009,0.00676139091909465,2.8959252643909443,0.015008736384416318,False
10.020000000000016,0.00676309640726837,2.896683019670294,0.015008823938503627,False
10.040000000000022,0.006764811945647745,2.897445184015746,0.015008884398155044,False
10.060000000000029,0.006766537135544085,2.89821161788929,0.01500892121269436,False
10.080000000000036,0.006768271569809925,2.8989822821981086,0.015008920133540429,False
10.100000000000042,0.006770014778584596,2.8997569611898912,0.01500888740687746,False
10.120000000000049,0.006771766392735292,2.9005353923700046,0.015008841450699438,False
10.140000000000056,0.006773526110030448,2.9013174668000885,0.015008784974370309,False
10.160000000000062,0.006775293646200568,2.90210310535307,0.015008717837900035,False
10.180000000000069,0.006777068759922625,2.902892224398583,0.015008640927469692,False
10.200000000000076,0.006778851211001104,2.9036847383096536,0.01500855540887048,False
10.220000000000082,0.006780640801040908,2.9044806465915003,0.015008450557402023,False
10.240000000000089,0.006782437212267361,2.9052798103392643,0.015008330142010489,False
10.260000000000096,0.0067842404679580495,2.9060816716968008,0.015008203272115484,False
10.280000000000102,0.006786050855358825,2.906885526453337,0.015008068147862116,False
10.300000000000109,0.006787867404326197,2.9076910422652618,0.015007936294027325,False
10.320000000000116,0.006789687419049119,2.9084982229712915,0.015007829912037208,False
10.340000000000122,0.006791509766870033,2.909307263313234,0.015007744087745674,False
10.360000000000129,0.00679333470310218,2.910118399343768,0.015007666394247427,False
10.380000000000136,0.0067951618857401775,2.910932315535438,0.015007601289410382,False
10.400000000000142,0.0067969910912625275,2.9117494905367205,0.015007546745637527,False
10.42000000000015,0.006798822267521859,2.912569913283911,0.015007497231708978,False
10.440000000000156,0.006800655236858554,2.913393542386942,0.015007452149289358,False
10.460000000000163,0.006802489785156067,2.91422033995751,0.015007411351302171,False
10.48000000000017,0.006804325667711177,2.9150502666363685,0.015007374676433573,False
10.500000000000176,0.006806162606725531,2.915883277997656,0.015007341944811294,False
10.520000000000183,0.0068080002878603595,2.9167193223201004,0.015007312984515209,False
10.54000000000019,0.00680983835665231,2.9175583386300032,0.015007287646758167,False
10.560000000000196,0.006811676434389181,2.9184001974447327,0.015007280138392526,False
10.580000000000203,0.006813514251780373,2.9192449177495616,0.015007285904107158,False
10.60000000000021,0.006815352166484665,2.92009243035862,0.0150072884944621,False
10.620000000000216,0.0068171921697096965,2.9209423297390216,0.01500729149889269,False
10.640000000000223,0.006819034753035804,2.921794533425754,0.015007298459194292,False
10.66000000000023,0.006820877315102425,2.9226494789439417,0.01500731243017298,False
10.680000000000236,0.006822718223969209,2.9235074021116874,0.015007330463790111,False
10.700000000000243,0.0068245625735009795,2.924370948240444,0.01500735848968797,False
10.72000000000025,0.006826404760603571,2.925238275249049,0.015007373399795167,False
10.740000000000256,0.006828237362263572,2.9261062721158524,0.01500737115174707,False
10.760000000000263,0.006830058320273382,2.9269752164383784,0.015007374105865388,False
10.78000000000027,0.00683187016675174,2.927845784444534,0.01500738218696186,False
10.800000000000276,0.006833672835447939,2.928718010368561,0.01500738830207516,False
10.820000000000283,0.006835461915573009,2.9295914299937,0.015007392046111586,False
10.84000000000029,0.006837235498905089,2.930465669125846,0.015007394322799763,False
10.860000000000296,0.00683899685515346,2.9313401633942084,0.015007380068128653,False
10.880000000000303,0.006840772215615224,2.9322126314997146,0.015007122109254669,False
10.90000000000031,0.006842576050792269,2.933079416395199,0.015006673777333945,False
10.920000000000316,0.006844371492305816,2.9339410257340814,0.015006464410982424,False
10.940000000000323,0.006846142078320583,2.934803382990689,0.015006462909337182,False
10.96000000000033,0.0068478983598818195,2.9356660341816974,0.015006453324961656,False
10.980000000000336,0.0068496496579750765,2.9365245140147027,0.015006414995505644,False
11.000000000000343,0.00685139527786014,2.9373775783781553,0.015006358333304028,False
11.02000000000035,0.00685314948308232,2.9382253157411675,0.015006074582900668,False
11.040000000000356,0.006854896766001348,2.9390643965990444,0.015005842373041199,False
11.060000000000363,0.00685661908363078,2.9398938325630493,0.015005786996760825,False
11.08000000000037,0.006858318447004659,2.9407140657458486,0.015005725277856062,False
11.100000000000376,0.0068599786993539845,2.9415315656562955,0.015005891785690324,False
11.120000000000383,0.00686161321786201,2.9423537794587413,0.015006005227919627,False
11.14000000000039,0.006863264409171629,2.9431750153491865,0.0150057055100977,False
11.160000000000396,0.006864932647338638,2.943984092605487,0.015005238171800843,False
11.180000000000403,0.006866567733806084,2.9447706453838345,0.015005016989614508,False
11.20000000000041,0.006868153001687826,2.9455345895530485,0.015005024337188685,False
11.220000000000416,0.0068696909123003086,2.9462755074277895,0.015005001095155518,False
11.240000000000423,0.006871182101962069,2.9469938093842996,0.015004973014382068,False
11.26000000000043,0.006872612480197078,2.9476970178623265,0.015005168237882473,False
11.280000000000436,0.006873991329037708,2.94840119162083,0.015005521839903165,False
11.300000000000443,0.0068753887360733556,2.9490943127105256,0.01500573174463273,False
11.32000000000045,0.006876780519740032,2.9497624506188758,0.015005639247482626,False
11.340000000000456,0.0068781100730446335,2.950404427682519,0.015005414684297697,False
11.360000000000463,0.006879359080535726,2.951024362106876,0.01500544211896796,False
11.38000000000047,0.006880520879473687,2.9516300310896253,0.015005435763156142,False
11.400000000000476,0.00688162419706725,2.9522129956427468,0.015005246518144135,False
11.420000000000483,0.006882850857090261,2.9528205664892497,0.015005143084888652,False
11.44000000000049,0.006884096593876736,2.9534482279457572,0.015004840021357024,False
11.460000000000496,0.006885207076652239,2.954041815341501,0.015004718366240828,False
11.480000000000503,0.006886199217190211,2.9545871335849863,0.015004681242556257,False
11.50000000000051,0.0068871039413463545,2.9550869249339273,0.01500446689524909,False
11.520000000000516,0.0068880136034379915,2.9555318566315534,0.015004415687334613,False
11.540000000000523,0.00688886697105938,2.955922668156422,0.015004486292517145,False
11.56000000000053,0.006889582056007337,2.956282699840329,0.01500415751375847,False
11.580000000000537,0.006890190382874516,2.956595009517926,0.01500367764457082,False
11.600000000000543,0.0068908419555738865,2.9568712262792354,0.015003413374115903,False
11.62000000000055,0.00689145164510623,2.957106545812667,0.015003356171703914,False
11.640000000000557,0.006891934250530317,2.9572753164433556,0.015003089339802933,False
11.660000000000563,0.0068923412559221105,2.957421937965824,0.015002699988766195,False
11.68000000000057,0.006892693520218273,2.9575157521232116,0.015002147596985775,False
11.700000000000577,0.006892903910462807,2.95748660304798,0.015001631669284754,False
11.720000000000583,0.006892978834731185,2.9573797917646307,0.015001349991980696,False
11.74000000000059,0.00689294071827661,2.957201279077481,0.015001040809533796,False
11.760000000000597,0.006892778714127055,2.9569226046741774,0.015000691415075599,False
11.780000000000603,0.006892503988689567,2.9565484160205204,0.015000356693042914,False
11.80000000000061,0.006892129293677113,2.9560942482297023,0.01500003913925615,False
11.820000000000617,0.006891672179653077,2.9555592082909263,0.014999744334703066,False
11.840000000000623,0.006891155505598602,2.9549587797190107,0.014999479346836644,False
11.86000000000063,0.006890615873914487,2.954311281111631,0.014999247280956576,False
11.880000000000637,0.0068900881651271255,2.9536212264853243,0.014999063517749225,False
11.900000000000643,0.00688957267373725,2.952904862402062,0.01499891353881863,False
11.92000000000065,0.006889097496544803,2.9521733788569673,0.014998754624099234,False
11.940000000000657,0.006888663072179396,2.951421894288425,0.014998684855867197,False
11.960000000000663,0.006888238382630501,2.950651906421244,0.014998708687742753,False
11.98000000000067,0.006887785648542213,2.949862417629549,0.014998735814896788,False
12.000000000000677,0.006887282574839209,2.9490497196102674,0.014998757003290812,False
12.020000000000683,0.00688674443419566,2.9482207206095716,0.014998772879567818,False
12.04000000000069,0.006886197570854217,2.947387201037716,0.014998715346649797,False
12.060000000000697,0.0068856509481208935,2.946552856848487,0.014998622683573286,False
12.080000000000704,0.006885102326908084,2.9457164774589617,0.014998549267646488,False
12.10000000000071,0.006884551713734523,2.944878084439441,0.014998479508412096,False
12.120000000000717,0.006883999130357579,2.944037610105331,0.01499841032316927,False
12.140000000000724,0.006883464877111147,2.9432112042823055,0.01499838247045341,False
12.16000000000073,0.006883155969346824,2.9425469348573117,0.014999305294381622,False
12.180000000000737,0.006883170154508006,2.9421208157344307,0.015000819166519462,False
12.200000000000744,0.006883422644703658,2.941891618776463,0.015001404066234323,False
12.22000000000075,0.006883854492061063,2.9418320531308257,0.015001236094324771,False
12.240000000000757,0.0068844166919818355,2.941906531226289,0.015001046886948853,False
12.260000000000764,0.006885062417993721,2.9420762307108546,0.015000924531023418,False
12.28000000000077,0.006885764456797544,2.9423127304313286,0.015000842762830023,False
12.300000000000777,0.006886516688015812,2.9425955964943107,0.015000795672630575,False
12.320000000000784,0.00688731247621303,2.9429122784412387,0.015000768237288417,False
12.34000000000079,0.006888140418493525,2.943254401133371,0.015000746389388956,False
12.360000000000797,0.006888992365087245,2.9436155620427567,0.015000727797155234,False
12.380000000000804,0.006889862312088361,2.9439909533194446,0.015000710335825328,False
12.40000000000081,0.006890745707793513,2.9443769279724363,0.015000694941999319,False
12.420000000000817,0.006891639094619827,2.944770733541212,0.015000682171623236,False
12.440000000000824,0.006892539824476676,2.945170287458608,0.01500067144547202,False
12.46000000000083,0.0068934458241148204,2.945573985589674,0.015000662241192113,False
12.480000000000837,0.0068943554608377365,2.9459805912787442,0.015000652592870206,False
12.500000000000844,0.006895267357353235,2.94638908261155,0.015000643391172538,False
12.52000000000085,0.006896180494657124,2.946798717000537,0.01500063255766677,False
12.540000000000857,0.006897094189022793,2.947209001688263,0.015000615247050873,False
12.560000000000864,0.006898007769433842,2.947619509692479,0.015000591940937247,False
12.58000000000087,0.006898920566459345,2.94802984544402,0.015000567222545263,False
12.600000000000877,0.006899832089297807,2.9484397098809936,0.01500054253906002,False
12.620000000000884,0.006900741948094698,2.948848869923069,0.015000517311497402,False
12.64000000000089,0.006901649770831429,2.9492571138153614,0.015000491853809804,False
12.660000000000897,0.006902555223281014,2.9496642564352054,0.015000466433887218,False
12.680000000000904,0.006903458003859666,2.9500701346742724,0.01500044123628489,False
12.70000000000091,0.006904357838218425,2.9504746031669957,0.015000416379712755,False
12.720000000000917,0.0069052543652423914,2.950877477134889,0.015000396543805828,False
12.740000000000924,0.006906147365508121,2.9512786534128885,0.015000380940365632,False
12.76000000000093,0.0069070367090899795,2.9516780734189765,0.015000365709463668,False
12.780000000000937,0.0069079222050378135,2.9520756417027285,0.015000350523261189,False
12.800000000000944,0.006908803671547732,2.9524712662672092,0.015000335398892865,False
12.82000000000095,0.006909680941075401,2.9528648629329113,0.015000320368664265,False
12.840000000000957,0.006910553859955146,2.9532563551408924,0.015000305446721474,False
12.860000000000964,0.006911422287766738,2.953645673410587,0.015000290631732492,False
12.88000000000097,0.0069122860967517664,2.9540327548741128,0.015000275914396163,False
12.900000000000977,0.006913145171300231,2.954417542903785,0.015000261284664874,False
12.920000000000984,0.006913999476725884,2.9548000226931044,0.015000243745786677,False
12.94000000000099,0.006914848911413055,2.9551801393716226,0.015000223874051767,False
12.960000000000997,0.006915693339975999,2.9555578207608875,0.015000204240129747,False
12.980000000001004,0.006916532786298009,2.955933081660971,0.015000180870430695,False
13.00000000000101,0.0069173671765235135,2.9563058815807377,0.015000154512114665,False
13.020000000001017,0.006918196383658121,2.95667615187788,0.015000128742191176,False
13.040000000001024,0.006919020364051585,2.9570438711827767,0.015000103890870515,False
13.06000000000103,0.00691983909105535,2.9574090282665706,0.015000079897142648,False
13.080000000001037,0.006920652548228569,2.9577716166774324,0.01500005666209593,False
13.100000000001044,0.006921460872477774,2.958131710349674,0.015000028021212232,False
13.12000000000105,0.006922264040958332,2.9584892925055253,0.014999994984532803,False
13.140000000001058,0.006923061944828547,2.958844299533425,0.01499996279369498,False
13.160000000001064,0.006923854593772496,2.9591967344056904,0.014999932045211795,False
13.18000000000107,0.006924642017680013,2.959546612873245,0.014999902696743346,False
13.200000000001078,0.006925424331438449,2.959893987415871,0.014999871092041681,False
13.220000000001084,0.006926201572159432,2.9602388742602765,0.014999837819395243,False
13.240000000001091,0.006926973736467641,2.9605812717334974,0.014999805743728549,False
13.260000000001098,0.006927740883178267,2.9609212070257698,0.01499977499450372,False
13.280000000001104,0.006928503340294107,2.9612588481335145,0.014999734775495882,False
13.300000000001111,0.006929261140110463,2.961594204264633,0.01499968657218108,False
13.320000000001118,0.006930014147903954,2.9619271941491037,0.014999639579288007,False
13.340000000001124,0.006930762430995133,2.9622578445575924,0.0149995951685307,False
13.360000000001131,0.006931506025375551,2.9625861867813,0.01499955413331512,False
13.380000000001138,0.0069322450677503445,2.9629122834082717,0.014999515639317241,False
13.400000000001144,0.006932979725601466,2.963236202079501,0.014999478901739893,False
13.420000000001151,0.006933710301823249,2.963558101550296,0.014999433789179312,False
13.440000000001158,0.006934436903539902,2.963878027597278,0.014999381217556854,False
13.460000000001164,0.0069351594992114116,2.9641959447092336,0.014999329935146214,False
13.480000000001171,0.006935878185324227,2.9645118913802544,0.014999281767187001,False
13.500000000001178,0.006936593056967405,2.964825927813533,0.014999236981834743,False
13.520000000001184,0.006937304274105576,2.9651381273326027,0.014999194835386125,False
13.540000000001191,0.00693801200752493,2.9654485575842195,0.014999155236835907,False
13.560000000001198,0.006938716616355799,2.9657574195941283,0.014999107210103085,False
13.580000000001204,0.006939418257781598,2.9660647806694596,0.014999050730960375,False
13.600000000001211,0.0069401169146640854,2.966370597604889,0.014998995193684734,False
13.620000000001218,0.006940813055534057,2.966675119162848,0.01499892361300239,False
13.640000000001224,0.006941506380380742,2.9669781642964326,0.014998860165988028,False
13.660000000001231,0.006942197231053774,2.9672798919049153,0.014998797380445145,False
13.680000000001238,0.006942885585566115,2.967580276425961,0.01499874472361063,False
13.700000000001245,0.00694357176260019,2.9678794860964564,0.014998694445805094,False
13.720000000001251,0.006944255779337757,2.9681775191166455,0.014998654098090524,False
13.740000000001258,0.0069449379666190626,2.9684745491335476,0.014998615683237565,False
13.760000000001265,0.0069456187931616325,2.9687708232687413,0.014998564195792926,False
13.780000000001271,0.006946298162066952,2.9690662727863932,0.014998513742771061,False
13.800000000001278,0.006946976188046686,2.969360935958336,0.014998468053146356,False
13.820000000001285,0.006947653023185873,2.9696548803654403,0.014998428724845693,False
13.840000000001291,0.006948328838348266,2.969948187696969,0.014998396292288623,False
13.860000000001298,0.0069490038151229375,2.9702409465961264,0.01499837074124733,False
13.880000000001305,0.006949678140666602,2.9705332487449,0.014998351812760635,False
13.900000000001311,0.006950352004629991,2.9708251868284323,0.014998339166859654,False
13.920000000001318,0.006951025597444702,2.9711168535693884,0.014998332462715215,False
13.940000000001325,0.006951699109404367,2.97140834133107,0.014998331393140496,False
13.960000000001331,0.0069523727301818265,2.9716997420038367,0.014998335695605764,False
13.980000000001338,0.00695304664857599,2.97199114701519,0.014998345151880059,False
14.000000000001345,0.006953721052374107,2.9722826473854433,0.014998359582765951,False
14.020000000001351,0.0069543961282672,2.972574333795594,0.014998378841233066,False
14.040000000001358,0.006955072061785514,2.972866296628648,0.01499840280558083,False
14.060000000001365,0.006955749037237,2.9731586260054876,0.014998431373311387,False
14.080000000001371,0.006956427237640939,2.9734514117952053,0.014998464455966767,False
14.100000000001378,0.006957106844653768,2.9737447436057862,0.014998501974901152,False
14.120000000001385,0.00695778803848674,2.974038710767418,0.014998543857856688,False
14.140000000001391,0.0069584709978162,2.9743334022996035,0.014998590036247643,False
14.160000000001398,0.0069591558996877426,2.9746289068723937,0.014998640442934771,False
14.180000000001405,0.006959842919415459,2.9749253127568265,0.014998695010429589,False
14.200000000001411,0.006960532230477316,2.9752227077793005,0.01499875366939343,False
14.220000000001418,0.006961224004407477,2.9755211792573224,0.014998816347367536,False
14.240000000001425,0.006961918410686068,2.9758208139436055,0.014998882967680155,False
14.260000000001432,0.006962615616626698,2.976121697962828,0.014998953448483574,False
14.280000000001438,0.006963315787261869,2.97642391674547,0.014999027701901006,False
14.300000000001445,0.006964019085226377,2.976727554953342,0.014999105633274501,False
14.320000000001452,0.006964725670638082,2.977032696412487,0.014999187140461261,False
14.340000000001458,0.006965435700976365,2.9773394240333753,0.014999272113215069,False
14.360000000001465,0.006966149330957855,2.9776478197316156,0.01499936043264216,False
14.380000000001472,0.006966866712408923,2.97795796434479,0.014999451970717535,False
14.400000000001478,0.006967587994134848,2.9782699375478554,0.01499954658985292,False
14.420000000001485,0.006968313321785226,2.978583817756347,0.014999644142529574,False
14.440000000001492,0.006969042837715278,2.978899682039426,0.014999744470990426,False
14.460000000001498,0.006969776680842702,2.9792176060168236,0.014999847406991836,False
14.480000000001505,0.006970514986499766,2.9795376637587774,0.014999952771619704,False
14.500000000001512,0.006971257886280291,2.9798599276791844,0.015000060375158653,False
14.520000000001518,0.006972005507881242,2.9801844684244165,0.01500017001703813,False
14.540000000001525,0.006972758256933644,2.980511505651506,0.015000265999246634,False
14.560000000001532,0.006973516247030342,2.980841109207205,0.015000347757954188,False
14.580000000001538,0.006974279370011606,2.9811732229356656,0.01500042675881617,False
14.600000000001545,0.006975047679036914,2.981507870482607,0.015000505819272352,False
14.620000000001552,0.0069758215465984584,2.9818452642878412,0.015000571678595694,False
14.640000000001558,0.006976601031439709,2.98218544314839,0.015000624785579666,False
14.660000000001565,0.006977386159617975,2.982528434594143,0.015000665742115211,False
14.680000000001572,0.0069781769514675965,2.982874246489141,0.01500069733510726,False
14.700000000001578,0.006978973308928991,2.9832228150124043,0.015000728988392819,False
14.720000000001585,0.0069797752607987755,2.9835741587204105,0.015000762917804751,False
14.740000000001592,0.006980582863252914,2.9839283168645627,0.015000799462419787,False
14.760000000001599,0.006981396375248887,2.98428545546806,0.015000827508174509,False
14.780000000001605,0.006982215826742714,2.9846455963678697,0.015000847276546802,False
14.800000000001612,0.006983041237040751,2.985008759209769,0.015000858702486318,False
14.820000000001619,0.006983872585712731,2.985374931562509,0.015000864193222043,False
14.840000000001625,0.006984709761536447,2.9857440439198903,0.015000871281244183,False
14.860000000001632,0.006985552764371403,2.9861161015320823,0.015000881125014255,False
14.880000000001639,0.006986401747370386,2.9864912119288807,0.01500088549020894,False
14.900000000001645,0.0069872566900861955,2.986869369124825,0.015000884951630133,False
14.920000000001652,0.006988117571621509,2.987250569541719,0.015000879383234153,False
14.940000000001659,0.006988984333214863,2.98763478237948,0.015000870596919185,False
14.960000000001665,0.0069898568503409635,2.9880219345369303,0.015000864166450514,False
14.980000000001672,0.006990735086492656,2.988412012070141,0.015000860500166984,False
15.000000000001679,0.006991619102822136,2.9888050686102883,0.015000853368049964,False
15.020000000001685,0.006992508895843779,2.989201118077321,0.015000838588402472,False
15.040000000001692,0.006993404282959426,2.989600054328294,0.015000821960451329,False
15.060000000001699,0.006994305111686019,2.990001789696966,0.015000808021337474,False
15.080000000001705,0.0069952113029978485,2.9904062874167527,0.0150007968221129,False
15.100000000001712,0.006996122832993303,2.990813551563877,0.015000783892571666,False
15.120000000001719,0.006997039619369216,2.9912235510333782,0.01500076643890995,False
15.140000000001725,0.006997961458953263,2.991636172407668,0.015000748538630348,False
15.160000000001732,0.006998888174931176,2.9920513180190595,0.015000733121911688,False
15.180000000001739,0.006999819636786264,2.9924689228919985,0.015000720006367704,False
15.200000000001745,0.007000755706095038,2.9928889183717584,0.015000708763984306,False
15.220000000001752,0.007001696231342839,2.9933112278825367,0.015000699015181189,False
15.240000000001759,0.00700264104736686,2.993735766897084,0.01500069044037311,False
15.260000000001765,0.007003589943742976,2.994162418528446,0.015000685469563126,False
15.280000000001772,0.007004542756952429,2.994591099384149,0.0150006831073476,False
15.300000000001779,0.0070054993272840056,2.9950217329744553,0.015000680618611675,False
15.320000000001786,0.007006459436997176,2.995454206269755,0.015000677605007144,False
15.340000000001792,0.007007422849392109,2.9958883952711783,0.01500067394032661,False
15.360000000001799,0.007008389286582747,2.9963241475759244,0.015000671916991353,False
15.380000000001806,0.007009358481214771,2.9967613171546756,0.015000673279448696,False
15.400000000001812,0.00701033022395344,2.9971998021706336,0.015000674868329608,False
15.420000000001819,0.007011304268238302,2.997639481287449,0.015000673866172867,False
15.440000000001826,0.007012280256092771,2.9980801542912237,0.015000674553747397,False
15.460000000001832,0.007013257913853553,2.9985216802755694,0.015000675491384896,False
15.480000000001839,0.007014236937949587,2.9989638997392936,0.015000676374342313,False
15.500000000001846,0.007015217011996197,2.999406645957839,0.015000677193687762,False
15.520000000001852,0.007016197846805664,2.999849770410399,0.01500067586411325,False
15.540000000001859,0.00701717921678012,3.000293157811591,0.015000666633419292,False
15.560000000001866,0.007018160910816141,3.0007367073657365,0.015000640308408973,False
15.580000000001872,0.007019142788978666,3.001180415718781,0.01500059961126517,False
15.600000000001879,0.007020125004740664,3.0016245230146,0.015000558076487557,False
15.620000000001886,0.007021107945065558,3.0020694269851393,0.015000525669635617,False
15.640000000001892,0.007022092071517536,3.0025155618055974,0.015000505516067058,False
15.660000000001899,0.007023077854192468,3.0029633585550553,0.015000497474876971,False
15.680000000001906,0.007024065752036942,3.0034132320671447,0.015000500023824135,False
15.700000000001912,0.007025056238534113,3.003865600756326,0.015000509349461049,False
15.720000000001919,0.0070260497227530826,3.004320831842885,0.015000522723035451,False
15.740000000001926,0.007027046613874563,3.004779284256364,0.01500053443632977,False
15.760000000001932,0.007028047233185732,3.0052412597038956,0.015000543414378757,False
15.78000000000194,0.007029051833182211,3.005707008885136,0.015000552636930509,False
15.800000000001946,0.007030060695429002,3.006176792586838,0.01500056259084981,False
15.820000000001953,0.007031074092839773,3.006650862941086,0.015000573268226429,False
15.84000000000196,0.007032092326858418,3.0071294924928087,0.015000580426071877,False
15.860000000001966,0.007033115607547001,3.0076128906523314,0.01500058420191787,False
15.880000000001973,0.007034144098433553,3.0081012284892075,0.015000587855912875,False
15.90000000000198,0.007035178000609883,3.008594696795496,0.015000591932917782,False
15.920000000001986,0.007036217510682897,3.0090934807580667,0.015000596439036423,False
15.940000000001993,0.007037262793944486,3.0095977379558563,0.015000603132795153,False
15.960000000002,0.007038314005179411,3.0101076155244426,0.015000614343204082,False
15.980000000002006,0.007039371349778842,3.010623290403518,0.015000628183991796,False
16.00000000000201,0.007040434968953498,3.0111448941061147,0.015000645093470773,False
16.020000000002,0.007041505023264792,3.0116725672810025,0.015000664248086647,False
16.04000000000199,0.007042581694254485,3.0122064613283435,0.015000682682167343,False
16.060000000001978,0.007043665023215496,3.0127466449761,0.015000704664663508,False
16.080000000001966,0.007044754973408588,3.0132931264175284,0.015000735406992998,False
16.100000000001955,0.007045851733796388,3.013846039036139,0.015000770624476535,False
16.120000000001944,0.007046955533939708,3.014405545132539,0.015000804417349694,False
16.140000000001933,0.00704806647108092,3.014971726326642,0.015000834648128843,False
16.160000000001922,0.007049184607328235,3.0155446377188255,0.015000860371796262,False
16.18000000000191,0.00705030978238982,3.0161242507913526,0.015000894456280675,False
16.2000000000019,0.007051441514419164,3.0167102866870033,0.0150009476133515,False
16.22000000000189,0.007052580089118235,3.0173028767359225,0.015001009701665784,False
16.240000000001878,0.007053726007813125,3.0179023118831516,0.01500106902740506,False
16.260000000001867,0.0070548793421342125,3.0185086352508037,0.015001121227636856,False
16.280000000001856,0.007056040102901884,3.0191218528279893,0.015001164121689118,False
16.300000000001845,0.007057208275389764,3.0197419510154315,0.015001196591224803,False
16.320000000001833,0.007058383823876352,3.020368899855824,0.015001218242241545,False
16.340000000001822,0.007059566694045207,3.0210026553452356,0.015001229204320309,False
16.36000000000181,0.007060756815791871,3.0216431616456236,0.015001229961170068,False
16.3800000000018,0.007061954106009266,3.0222903530011735,0.01500122120755204,False
16.40000000000179,0.0070631584709456635,3.0229441552010847,0.015001203737709601,False
16.420000000001778,0.007064369808004629,3.023604486611094,0.015001178365608303,False
16.440000000001767,0.007065588007014703,3.0242712588418335,0.015001145873233953,False
16.460000000001756,0.0070668129510598025,3.0249443771364657,0.015001106981423403,False
16.480000000001745,0.007068044516976662,3.025623740571493,0.01500106233744801,False
16.500000000001734,0.007069282574590535,3.0263092417246082,0.015001012543309503,False
16.520000000001723,0.007070526986686679,3.0270007666350502,0.015000958160674115,False
16.54000000000171,0.007071777610660902,3.027698195468699,0.015000899669134453,False
16.5600000000017,0.00707303413088505,3.028401517250305,0.015000857757272548,False
16.58000000000169,0.007074296672155838,3.0291104839094363,0.015000803429408606,False
16.60000000000168,0.007075565059783216,3.029825028422707,0.015000743607545901,False
16.620000000001667,0.007076839039164796,3.0305450892181263,0.015000690078424379,False
16.640000000001656,0.007078118627991633,3.0312704446855383,0.015000623784096096,False
16.660000000001645,0.007079403693806897,3.032000940004993,0.015000543493020555,False
16.680000000001634,0.007080694034011207,3.0327361928735277,0.015000440596072511,False
16.700000000001623,0.007081989202841494,3.033475962967182,0.015000331563944829,False
16.720000000001612,0.007083288869792622,3.0342203790507036,0.015000240640799304,False
16.7400000000016,0.007084592966578905,3.034969126198346,0.015000148521295891,False
16.76000000000159,0.007085901266142536,3.035721899888531,0.015000052541059091,False
16.78000000000158,0.007087213492602148,3.0364786254492984,0.014999964602987532,False
16.800000000001567,0.0070885294693023085,3.0372391455676535,0.014999882675770704,False
16.820000000001556,0.007089849040322668,3.038003299188436,0.014999804225150477,False
16.840000000001545,0.00709117203551544,3.0387709127649387,0.01499972744453105,False
16.860000000001534,0.0070924982668798065,3.0395418000574037,0.014999651253278179,False
16.880000000001523,0.007093827531673264,3.040315764548453,0.014999575126079336,False
16.900000000001512,0.007095159615935565,3.0410926018783826,0.014999498929387086,False
16.9200000000015,0.007096494297417131,3.041872101853982,0.014999422790323807,False
16.94000000000149,0.00709783134791363,3.0426540500080903,0.014999346995709963,False
16.96000000000148,0.007099170535096421,3.043438228782993,0.014999271916574623,False
16.980000000001468,0.00710051162390978,3.044224418396731,0.014999197954215001,False
17.000000000001457,0.007101854377600795,3.045012397451773,0.014999125504138726,False
17.020000000001446,0.007103198558450865,3.045801943362132,0.014999054934246903,False
17.040000000001434,0.007104543928276808,3.0465928326399214,0.014998986573777618,False
17.060000000001423,0.0071058902487689994,3.047384841103805,0.014998920709704417,False
17.080000000001412,0.007107237281718854,3.048177744027168,0.014998857588000567,False
17.1000000000014,0.007108584789178634,3.0489713162744225,0.01499879741770098,False
17.12000000000139,0.0071099325335888175,3.0497653324321514,0.014998740376139564,False
17.14000000000138,0.007111280277895348,3.0505595669408407,0.014998686614348649,False
17.160000000001368,0.007112627785671223,3.0513537942558675,0.014998636261961887,False
17.180000000001357,0.007113974821250462,3.052147789006155,0.01499858943129341,False
17.200000000001346,0.007115321149877837,3.0529413261815472,0.01499854622050418,False
17.220000000001335,0.007116666537874537,3.0537341813311896,0.014998506715857,False
17.240000000001324,0.007118010752818146,3.0545261307681115,0.014998470993192837,False
17.260000000001313,0.007119353563734262,3.0553169517847887,0.014998439118771589,False
17.2800000000013,0.007120694741296856,3.056106422876317,0.01499841114964944,False
17.30000000000129,0.007122034058034596,3.0568943239607034,0.01499838713372181,False
17.32000000000128,0.0071233712885407354,3.057680436606772,0.014998367109561225,False
17.340000000001268,0.0071247062096846244,3.0584645442596634,0.01499835110615816,False
17.360000000001257,0.007126038600823411,3.059246432461087,0.014998339142613814,False
17.380000000001246,0.007127368244012932,3.06002588907529,0.014998331227855675,False
17.400000000001235,0.007128694924217139,3.0608027045078967,0.014998327360391625,False
17.420000000001224,0.007130018429515754,3.061576671924291,0.014998327528127424,False
17.440000000001213,0.007131338551309972,3.0623475874666117,0.014998331708239967,False
17.4600000000012,0.007132655630002883,3.063115447907524,0.014998303881135473,False
17.48000000000119,0.007133968756837046,3.0638798400055465,0.014998283272823506,False
17.50000000000118,0.007135277182481976,3.064640334653789,0.0149982991122981,False
17.52000000000117,0.007136581743515688,3.0653970585820423,0.014998290169585626,False
17.540000000001157,0.007137882488936255,3.0661499800954397,0.014998247755743634,False
17.560000000001146,0.007139177996164131,3.066898537999323,0.014998243488489271,False
17.580000000001135,0.007140468537192259,3.067642598337383,0.014998244760498002,False
17.600000000001124,0.0071417545376808505,3.068382198025378,0.01499821926047334,False
17.620000000001113,0.007143035433193558,3.0691170977068003,0.014998192686488852,False
17.640000000001102,0.007144310893773825,3.0698470609340016,0.01499817213742145,False
17.66000000000109,0.007145580689946991,3.070571892641644,0.014998160531276778,False
17.68000000000108,0.007146844634066205,3.0712914222072625,0.014998159321881714,False
17.70000000000107,0.007148102560609183,3.0720054948958557,0.014998169206141157,False
17.720000000001058,0.007149354320483792,3.072713968550707,0.014998190346984885,False
17.740000000001046,0.00715059977896328,3.073416711898734,0.01499822248484907,False
17.760000000001035,0.007151838086459354,3.0741134744964405,0.014998308983077283,False
17.780000000001024,0.007153069839002055,3.0748042101675437,0.014998402033705897,False
17.800000000001013,0.007154294903581253,3.075488891188995,0.014998507919659407,False
17.820000000001002,0.007155513440177903,3.0761674351748165,0.014998608860015682,False
17.84000000000099,0.0071567251526592655,3.076839765133392,0.014998718603239885,False
17.86000000000098,0.007157929628192946,3.0775057640963683,0.0149988565969558,False
17.88000000000097,0.0071591272425812575,3.0781653711533785,0.01499899132324887,False
17.900000000000958,0.007160318003073416,3.0788185394286054,0.014999119675921227,False
17.920000000000947,0.007161501834694685,3.079465194992209,0.014999241709841305,False
17.940000000000936,0.007162678657389672,3.0801052644102156,0.014999357889619811,False
17.960000000000925,0.00716384839993602,3.080738681801328,0.01499946869726367,False
17.980000000000913,0.007165010462345972,3.0813651509298032,0.014999583183184402,False
18.000000000000902,0.007166165017293319,3.081984735293883,0.014999695937631653,False
18.02000000000089,0.00716731252402896,3.082597619967948,0.014999798067159373,False
18.04000000000088,0.007168452915858618,3.0832037490881485,0.014999891485337858,False
18.06000000000087,0.0071695861203661705,3.0838030755065455,0.01499997817649647,False
18.080000000000858,0.007170712011257109,3.0843956074265018,0.015000064244231408,False
18.100000000000847,0.007171830642881789,3.0849813540555266,0.015000145857723815,False
18.120000000000836,0.007172942042316264,3.0855602897202132,0.015000216751153088,False
18.140000000000825,0.0071740462265883435,3.086132424288226,0.015000277790185637,False
18.160000000000814,0.007175143237667981,3.086697774476588,0.015000331508169559,False
18.180000000000803,0.007176233066590487,3.0872563530896366,0.015000380321208777,False
18.20000000000079,0.007177315738759074,3.0878081994678666,0.015000425410097405,False
18.22000000000078,0.007178391335307658,3.0883534096985805,0.01500046497590847,False
18.24000000000077,0.007179459956473724,3.0888920781876488,0.015000495510747986,False
18.26000000000076,0.0071805216452558865,3.089424243285142,0.015000518785534402,False
18.280000000000747,0.0071815764381832755,3.0899499539055353,0.01500053856492147,False
18.300000000000736,0.007182624417894672,3.0904693009263395,0.01500055625892521,False
18.320000000000725,0.007183665698350111,3.0909823994572982,0.015000572306297266,False
18.340000000000714,0.007184700472415778,3.0914894270035704,0.015000581725053974,False
18.360000000000703,0.00718572884958214,3.0919905019531164,0.015000585102648567,False
18.380000000000692,0.007186750906623876,3.0924857192847974,0.015000586937619673,False
18.40000000000068,0.007187766800392149,3.092975234205089,0.015000588165582196,False
18.42000000000067,0.007188776716086673,3.093459225393809,0.015000588934756245,False
18.44000000000066,0.007189780856546071,3.0939378862672577,0.015000589195896143,False
18.460000000000647,0.007190779439047394,3.094411422919963,0.015000588875312165,False
18.480000000000636,0.007191772682050393,3.0948800414741684,0.015000589647879923,False
18.500000000000625,0.007192760848629422,3.095343984206406,0.01500059127212646,False
18.520000000000614,0.007193744210331606,3.0958035008652414,0.015000593998722065,False
18.540000000000603,0.007194723066321928,3.096258865494693,0.015000597260096313,False
18.560000000000592,0.007195697740953376,3.0967103751920604,0.01500059919516131,False
18.58000000000058,0.007196668548093187,3.0971583222433594,0.015000599267092352,False
18.60000000000057,0.007197635805969956,3.097602999407329,0.015000598824030315,False
18.62000000000056,0.0071985998552654175,3.09804471619227,0.015000599173447702,False
18.640000000000548,0.007199561076793876,3.098483828192009,0.01500059916324616,False
18.660000000000537,0.007200519871336263,3.098920710060451,0.015000596989361927,False
18.680000000000526,0.007201476670638462,3.099355741324516,0.015000592122948119,False
18.700000000000514,0.007202431908260014,3.0997893019429448,0.015000584088117816,False
18.720000000000503,0.007203386109552204,3.100221843524265,0.015000570905581838,False
18.740000000000492,0.007204339666459779,3.1006537756757426,0.015000553540011844,False
18.76000000000048,0.007205292954373844,3.101085499621763,0.015000532654358016,False
18.78000000000047,0.0072062464178775255,3.101517452526468,0.015000514818066241,False
18.80000000000046,0.007207200589993459,3.101950116938115,0.01500052364023974,False
18.820000000000448,0.007208156951930049,3.1023844822702595,0.015000546916811134,False
18.840000000000437,0.007209116986813501,3.102821599965539,0.015000564037706814,False
18.860000000000426,0.007210081625202932,3.1032622057495765,0.01500057849547969,False
18.880000000000415,0.007211051817709437,3.1037069933578327,0.015000592798871821,False
18.900000000000404,0.007212028523461157,3.1041566564211927,0.01500060616949084,False
18.920000000000393,0.007213012642136808,3.1046118481099754,0.015000617973118012,False
18.94000000000038,0.007214004979563657,3.105073155024725,0.015000630620732541,False
18.96000000000037,0.0072150063549061465,3.1055411701105413,0.01500064322280639,False
18.98000000000036,0.007216017521046365,3.106016439319712,0.015000656059380401,False
19.000000000000348,0.007217039203372653,3.106499488259258,0.01500066836728869,False
19.020000000000337,0.00721807206473762,3.1069907973197997,0.015000680575997127,False
19.040000000000326,0.007219116708403093,3.1074908038158378,0.015000694725097663,False
19.060000000000315,0.007220173740634699,3.107999944080817,0.01500071066710477,False
19.080000000000304,0.0072212437688851635,3.108518654417418,0.015000725335736969,False
19.100000000000293,0.007222327295776207,3.1090472980078236,0.015000739437193794,False
19.12000000000028,0.0072234247744504074,3.1095861982372877,0.015000755125228804,False
19.14000000000027,0.007224536616918725,3.110135649202235,0.015000775237999985,False
19.16000000000026,0.007225663207607662,3.1106959270945516,0.01500080254213313,False
19.18000000000025,0.0072268050123438865,3.1112673589730275,0.015000833186948866,False
19.200000000000237,0.007227962361482723,3.1118501810286725,0.015000868296107882,False
19.220000000000226,0.00722913559915868,3.112444634728803,0.01500090648475811,False
19.240000000000215,0.007230325078549269,3.1130509640154753,0.015000943643859085,False
19.260000000000204,0.007231530936321149,3.113669270907048,0.015000985265949484,False
19.280000000000193,0.007232753413244808,3.1142997222845534,0.01500102999978197,False
19.300000000000182,0.007233992651816812,3.114942420513172,0.015001079734918875,False
19.32000000000017,0.007235248839358627,3.115597494418042,0.015001132514226365,False
19.34000000000016,0.007236522204941298,3.116265095115361,0.015001182274468932,False
19.36000000000015,0.007237812673098871,3.1169451769247942,0.015001236875055201,False
19.380000000000138,0.007239120331294843,3.117637797131957,0.015001294656838554,False
19.400000000000126,0.007240445339219549,3.118343056600675,0.015001348456961347,False
19.420000000000115,0.007241787690819655,3.119060946882336,0.015001397763107112,False
19.440000000000104,0.007243147150323161,3.1197913116192266,0.015001452417082223,False
19.460000000000093,0.007244523692585908,3.12053412933908,0.015001510635679904,False
19.480000000000082,0.007245917391495608,3.1212894384377656,0.015001564018986108,False
19.50000000000007,0.007247327921190484,3.122057020917239,0.01500162282679881,False
19.52000000000006,0.007248755178827826,3.1228367998493995,0.015001685145810996,False
19.54000000000005,0.00725019918416394,3.1236287732109727,0.015001741405410954,False
19.560000000000038,0.007251659501668464,3.124432649415689,0.01500180339734519,False
19.580000000000027,0.007253135958371374,3.125248300573265,0.015001869137608143,False
19.600000000000016,0.007254628536808645,3.1260756934647476,0.015001927567258209,False
19.620000000000005,0.007256136706499971,3.1269144710055654,0.015001991786335529,False
19.639999999999993,0.007257660225603862,3.1277644567474745,0.015002059872999024,False
19.659999999999982,0.007259199039526296,3.1286255888867,0.01500211939385398,False
19.67999999999997,0.007260752851931455,3.129497649075583,0.01500216864400509,False
19.69999999999996,0.007262320976396627,3.1303801784182625,0.015002224061375516,False
19.71999999999995,0.007263903087909218,3.1312729406505664,0.015002284134420929,False
19.739999999999938,0.007265499091680554,3.132175838572889,0.01500233505026483,False
19.759999999999927,0.007267108253192113,3.133088388506926,0.015002392749092375,False
19.779999999999916,0.0072687302070976465,3.134010322117246,0.015002455215969001,False
19.799999999999905,0.007270364850925954,3.134941527201634,0.015002506779795957,False
19.819999999999894,0.007272011313392501,3.13588145125817,0.015002566661117687,False
19.839999999999883,0.007273669206461466,3.1368297983616173,0.015002632319924322,False
19.85999999999987,0.0072753387321939774,3.1377865676312138,0.015002680604324732,False
19.87999999999986,0.007277018973483414,3.1387511713082956,0.01500273423347886,False
19.89999999999985,0.007278709404656427,3.139723227495369,0.015002793528069781,False
19.91999999999984,0.007280409113039866,3.1407022085103673,0.015002873803694968,False
19.939999999999827,0.007282117807921341,3.1416878469677316,0.015002966176731681,False
19.959999999999816,0.0072838357407435635,3.1426801345628816,0.015003037655969881,False
19.979999999999805,0.007285561132114927,3.143678177802898,0.015003137557744869,False
19.999999999999794,0.007287293733729712,3.144681689110924,0.015003254618294735,False
20.019999999999783,0.007289034190496318,3.145690779685248,0.015003339515764656,False
20.03999999999977,0.007290782074524753,3.1467051254261214,0.015003384779634053,False
20.05999999999976,0.00729253679954496,3.1477243130595958,0.015003389553138367,False
20.07999999999975,0.007294297727012773,3.1487478926100874,0.015003355595811039,False
20.09999999999974,0.0072960628121926914,3.1497748929510525,0.015003335233535408,False
20.119999999999727,0.007297831789853662,3.150804999941416,0.015003318967615639,False
20.139999999999716,0.007299605408677789,3.1518382806158627,0.015003259525699045,False
20.159999999999705,0.007301383229520039,3.1528743671022252,0.015003150084266772,False
20.179999999999694,0.007303164571707285,3.153912793707629,0.01500299260412111,False
20.199999999999683,0.007304948708416375,3.1549530714260774,0.015002791302598484,False
20.219999999999672,0.0073067350591780105,3.155994639962461,0.015002551484864205,False
20.23999999999966,0.0073085223893878185,3.157036787335196,0.015002297627673371,False
20.25999999999965,0.007310309534950262,3.1580789383574897,0.015002047016651946,False
20.27999999999964,0.007312095484658244,3.1591204210785047,0.015001819339455552,False
20.299999999999628,0.007313879510327853,3.160160763515218,0.015001619988588979,False
20.319999999999617,0.007315661268634594,3.161199735926744,0.01500143551221932,False
20.339999999999606,0.007317440321247571,3.162237013482863,0.015001258304062369,False
20.359999999999594,0.007319216161066304,3.163272217089053,0.015001084425867141,False
20.379999999999583,0.00732098765147832,3.164304604679982,0.015000939175626173,False
20.399999999999572,0.00732275418830771,3.1653337433927327,0.015000823570631037,False
20.41999999999956,0.007324515630704469,3.1663594733588467,0.01500071706917135,False
20.43999999999955,0.007326271527012593,3.1673814546271872,0.015000613634224195,False
20.45999999999954,0.007328021355515306,3.1683992954044964,0.01500051109671794,False
20.479999999999528,0.0073297645686371815,3.169412586958791,0.015000408956371137,False
20.499999999999517,0.0073315000392597945,3.170420591043109,0.015000333954346986,False
20.519999999999506,0.007333227818981699,3.17142324900078,0.015000258541634247,False
20.539999999999495,0.00733494719318308,3.1724200768467936,0.015000190401922351,False
20.559999999999484,0.007336657303492789,3.17341050053157,0.01500014484340928,False
20.579999999999472,0.007338358049796728,3.1743943759968705,0.015000102495904681,False
20.59999999999946,0.007340048995766826,3.1753713778926884,0.01500005973552866,False
20.61999999999945,0.007341729660083367,3.1763411471753544,0.015000015801099106,False
20.63999999999944,0.007343399069789285,3.1773030360654158,0.014999993591028197,False
20.659999999999428,0.00734505679836229,3.178256728490009,0.014999990702132681,False
20.679999999999417,0.00734670278455362,3.1792021295623325,0.01499998788094171,False
20.699999999999406,0.007348336641382099,3.180138948032739,0.014999981979952072,False
20.719999999999395,0.007349957939813443,3.1810668602627263,0.014999972781266796,False
20.739999999999384,0.007351566251742453,3.181985545104837,0.014999960760083276,False
20.759999999999373,0.007353161161944094,3.1828946929320843,0.014999946459135697,False
20.77999999999936,0.007354742271392194,3.183794007424362,0.014999930343721058,False
20.79999999999935,0.007356309198033932,3.1846832056146215,0.014999912795924148,False
20.81999999999934,0.007357861577064238,3.1855620177591075,0.014999894134030793,False
20.83999999999933,0.007359399061230055,3.1864301873303744,0.014999874628748446,False
20.859999999999317,0.007360920927172499,3.1872872312945937,0.014999873477277463,False
20.879999999999306,0.007362426924946861,3.1881329660850164,0.014999887448320492,False
20.899999999999295,0.007363917097636627,3.1889673893737553,0.014999899978568309,False
20.919999999999284,0.007365391214115011,3.1897903254428823,0.014999909079133945,False
20.939999999999273,0.007366849022974179,3.190601581173929,0.014999914928666544,False
20.959999999999262,0.0073682902862305935,3.1914009748381837,0.014999918041562664,False
20.97999999999925,0.0073697147867904395,3.1921883417073156,0.01499991888601602,False
20.99999999999924,0.00737112204287789,3.1929633548982066,0.014999931677117103,False
21.01999999999923,0.007372511933779908,3.1937259244818974,0.014999953735309775,False
21.039999999999218,0.007373884554609668,3.194476097600678,0.014999973009647335,False
21.059999999999206,0.007375239802786723,3.1952137928403483,0.01499998854494399,False
21.079999999999195,0.007376577574279504,3.1959389258280546,0.01500000075210694,False
21.099999999999184,0.007377897786646605,3.1966514295738566,0.015000010150545109,False
21.119999999999173,0.007379200383094141,3.1973512573445544,0.015000017175099693,False
21.139999999999162,0.00738048533310537,3.1980383825658776,0.015000022181707115,False
21.15999999999915,0.007381752632642917,3.1987127986389376,0.015000025474392307,False
21.17999999999914,0.007383002105276266,3.199374390722356,0.015000037070524445,False
21.19999999999913,0.007384233839482158,3.2000232236191883,0.015000054756844147,False
21.219999999999118,0.007385448081440222,3.200659464785133,0.015000070006387135,False
21.239999999999107,0.0073866449496711355,3.201283195894895,0.015000082427757055,False
21.259999999999096,0.007387824577261576,3.2018945075611702,0.01500009243441267,False
21.279999999999085,0.007388986984335033,3.202493420331974,0.015000107230704772,False
21.299999999999073,0.007390132391990104,3.203080093881319,0.015000125275536468,False
21.319999999999062,0.007391261142676867,3.2036547686048538,0.01500014073458042,False
21.33999999999905,0.0073923734985183774,3.2042176308826207,0.015000153566084497,False
21.35999999999904,0.007393469644691455,3.204768816918329,0.015000168972865085,False
21.37999999999903,0.0073945499190563035,3.2053085705796103,0.015000185899816774,False
21.399999999999018,0.007395614756387241,3.2058372016585746,0.01500020033449459,False
21.419999999999007,0.00739666454712675,3.2063549900640784,0.015000212417826259,False
21.439999999998996,0.007397699711778479,3.2068622368589423,0.01500022254617429,False
21.459999999998985,0.00739872070660815,3.2073592699371574,0.015000231061546826,False
21.479999999998974,0.007399728024445532,3.2078464443568935,0.015000238250535453,False
21.499999999998963,0.007400722195137908,3.208324142350544,0.015000244364164236,False
21.51999999999895,0.007401703862406756,3.208792823896691,0.015000246097019948,False
21.53999999999894,0.007402673618424938,3.209252914731156,0.015000244763087079,False
21.55999999999893,0.007403632045474214,3.209704837420742,0.015000243832206434,False
21.57999999999892,0.007404579824252253,3.2101490845463325,0.015000243619694317,False
21.599999999998907,0.007405517758131402,3.210586232391595,0.015000240618389444,False
21.619999999998896,0.007406446598157766,3.211016822747377,0.015000236037323915,False
21.639999999998885,0.007407367171641878,3.2114414495999983,0.015000229382687637,False
21.659999999998874,0.007408280305978218,3.2118607100599066,0.015000222241541994,False
21.679999999998863,0.007409186820234969,3.2122752005755437,0.01500021845771683,False
21.69999999999885,0.007410087725192296,3.2126856448279857,0.015000214751725664,False
21.71999999999884,0.007410984074478547,3.2130927943004215,0.01500020827731953,False
21.73999999999883,0.007411876902191945,3.2134973869934225,0.01500019964100222,False
21.75999999999882,0.007412767262712206,3.213900177794814,0.015000190684072583,False
21.779999999998807,0.007413656378162952,3.2143020114795813,0.015000178484183977,False
21.799999999998796,0.007414545056539268,3.2147035762039344,0.015000177064680034,False
21.819999999998785,0.007415433867966955,3.2151053383478083,0.015000210238491529,False
21.839999999998774,0.007416323729019811,3.215507716986122,0.01500027232205104,False
21.859999999998763,0.007417215900455955,3.215911194777137,0.015000332529124732,False
21.879999999998752,0.007418111076324742,3.216316036661814,0.015000385319319175,False
21.89999999999874,0.0074190099300630126,3.2167225055978,0.015000427686497713,False
21.91999999999873,0.007419913000570394,3.2171307930213846,0.015000460889575393,False
21.93999999999872,0.007420820631827822,3.217541009698473,0.015000493510342421,False
21.959999999998708,0.007421733353889185,3.2179533527238724,0.015000526466633803,False
21.979999999998697,0.0074226516924795405,3.2183680257747707,0.015000559928957859,False
21.999999999998685,0.00742357615533909,3.21878522971299,0.015000593886799907,False
22.019999999998674,0.007424507586124091,3.21920531603635,0.01500061222480812,False
22.039999999998663,0.007425446362629028,3.2196284305283904,0.015000617819717642,False
22.059999999998652,0.007426392623722635,3.2200546116911664,0.015000623878445881,False
22.07999999999864,0.007427346782007888,3.2204840219989364,0.015000631271273917,False
22.09999999999863,0.007428309250268233,3.220916830774539,0.015000639856836633,False
22.11999999999862,0.007429280421688189,3.2213532004632506,0.015000649418873939,False
22.139999999998608,0.007430260668974295,3.2217932848652406,0.015000659776050054,False
22.159999999998597,0.007431250344951893,3.222237229221594,0.01500067078318004,False
22.179999999998586,0.007432249783105793,3.2226851705043837,0.015000682318466201,False
22.199999999998575,0.007433259297967165,3.2231372376468856,0.01500069427462731,False
22.219999999998564,0.0074342791854065185,3.223593551715795,0.01500070655461723,False
22.239999999998552,0.007435309817729502,3.224054273306014,0.0150007140845162,False
22.25999999999854,0.007436351327811088,3.224519443007146,0.01500072283980095,False
22.27999999999853,0.007437403994587418,3.2249891764246645,0.01500073094000765,False
22.29999999999852,0.007438468093077016,3.2254635893977213,0.015000735483090208,False
22.319999999998508,0.007439543645913529,3.225942674096449,0.015000745557442182,False
22.339999999998497,0.007440630869020928,3.2264265216886057,0.015000760328085755,False
22.359999999998486,0.00744173002974805,3.226915252723316,0.01500077521340189,False
22.379999999998475,0.007442841292454906,3.2274089366381467,0.01500078966380975,False
22.399999999998464,0.0074439647967266594,3.2279076293923294,0.015000803599556396,False
22.419999999998453,0.0074451006648609125,3.228411379317603,0.01500081702017756,False
22.43999999999844,0.007446249003248878,3.228920228332174,0.01500082993030236,False
22.45999999999843,0.0074474096919653265,3.2294341154638087,0.01500085132043252,False
22.47999999999842,0.00744858287312164,3.2299531029945343,0.015000879142122996,False
22.49999999999841,0.0074497688029283166,3.23047730910122,0.015000905475534442,False
22.519999999998397,0.0074509675382687535,3.231006759642413,0.01500092961743303,False
22.539999999998386,0.0074521791072124696,3.2315414641281244,0.015000951595440936,False
22.559999999998375,0.007453403522701644,3.232081425108661,0.015000971552807659,False
22.579999999998364,0.007454640784080452,3.2326266398419805,0.015000989635942081,False
22.599999999998353,0.007455890489309339,3.233176950444916,0.015001023062327515,False
22.619999999998342,0.007457152732138899,3.233732392053658,0.015001067582437608,False
22.63999999999833,0.007458427826704506,3.234293090713694,0.01500110823564581,False
22.65999999999832,0.007459715735677226,3.2348590361221126,0.015001144151489697,False
22.67999999999831,0.007461016386697906,3.2354301980383964,0.015001175546819113,False
22.699999999998298,0.007462329694800873,3.2360065392923176,0.015001202763835236,False
22.719999999998286,0.007463655563805732,3.236588018069231,0.015001226146402107,False
22.739999999998275,0.007464993886465044,3.2371745884558116,0.015001246010920155,False
22.759999999998264,0.0074663445446212584,3.2377662005543435,0.015001262641365757,False
22.779999999998253,0.007467707409381878,3.2383628004866534,0.015001276291699504,False
22.799999999998242,0.007469082341302745,3.2389643303823727,0.015001287189807437,False
22.81999999999823,0.007470469190581128,3.2395707283852997,0.015001295541201332,False
22.83999999999822,0.007471867797259201,3.240181928675133,0.015001301532168916,False
22.85999999999821,0.007473277991436892,3.240797861509051,0.01500130533241682,False
22.879999999998198,0.007474698834999952,3.24141816243969,0.015001334319232328,False
22.899999999998187,0.00747613040312562,3.242042860797083,0.015001380353898145,False
22.919999999998176,0.007477573195367546,3.2426721503696836,0.015001419150804681,False
22.939999999998165,0.007479027010387224,3.243305952056888,0.015001450193223428,False
22.959999999998153,0.007480491602766402,3.2439441660695247,0.015001474286827805,False
22.979999999998142,0.007481966726709965,3.2445866911696264,0.015001492133859137,False
22.99999999999813,0.007483452133770527,3.245233424777001,0.015001504329040228,False
23.01999999999812,0.007484947570290463,3.2458842623587447,0.01500151140218886,False
23.03999999999811,0.007486452776556758,3.2465390972048285,0.015001513835338065,False
23.059999999998098,0.007487967486681052,3.247197820375927,0.015001512068309627,False
23.079999999998087,0.007489491428685753,3.24786032069083,0.015001506501647372,False
23.099999999998076,0.007491023213183465,3.2485261533165692,0.015001542495904198,False
23.119999999998065,0.007492562947523507,3.2491953365637016,0.01500160539661486,False
23.139999999998054,0.00749411139677706,3.2498680809968006,0.015001653868706413,False
23.159999999998043,0.007495668289456751,3.250544270131441,0.01500168752889254,False
23.17999999999803,0.0074972332641580625,3.2512237571357154,0.015001708732132068,False
23.19999999999802,0.007498805968294903,3.2519063993881647,0.015001719317646945,False
23.21999999999801,0.0075003860591550545,3.2525920584640384,0.015001720612949458,False
23.239999999998,0.00750197319766967,3.2532805975179757,0.015001713655487081,False
23.259999999997987,0.007503567044943964,3.253971879796834,0.015001699322128437,False
23.279999999997976,0.007505167260828838,3.2546657679786457,0.015001678387605232,False
23.299999999997965,0.007506773503379979,3.255362123888147,0.01500165155014295,False
23.319999999997954,0.007508385428654979,3.2560608083823332,0.01500161944430415,False
23.339999999997943,0.007510002690649413,3.256761681295661,0.01500158264896987,False
23.35999999999793,0.007511624941306166,3.257464601447039,0.015001541693291418,False
23.37999999999792,0.007513251830574067,3.258169426657948,0.015001497061567006,False
23.39999999999791,0.007514881822530504,3.258875640022058,0.015001485864516623,False
23.4199999999979,0.007516516204101643,3.2595836591782774,0.015001457374093141,False
23.439999999997887,0.007518155278086528,3.2602935135114466,0.015001392407858753,False
23.459999999997876,0.007519796701910438,3.261004417200656,0.015001351930919126,False
23.479999999997865,0.00752144125829708,3.2617166058767393,0.015001301453855637,False
23.499999999997854,0.007523088444570603,3.262429898793926,0.015001244726870897,False
23.519999999997843,0.0075247380017339875,3.263144144825517,0.015001180829601382,False
23.539999999997832,0.007526389454950907,3.2638591853862335,0.015001111920334336,False
23.55999999999782,0.007528042447117773,3.264574838285306,0.015001040083787998,False
23.57999999999781,0.0075296966184795295,3.265290992428153,0.015000963463589949,False
23.5999999999978,0.007531351526665575,3.266007433798267,0.015000886883588095,False
23.619999999997788,0.007533006918195683,3.266724092543974,0.015000804882394437,False
23.639999999997777,0.007534662258180526,3.267440718334479,0.015000725373164903,False
23.659999999997765,0.007536317395553815,3.2681572801677836,0.015000639495463776,False
23.679999999997754,0.0075379717012567056,3.2688734905201224,0.015000558357637897,False
23.699999999997743,0.007539625125175256,3.269589356441829,0.015000469796595806,False
23.719999999997732,0.007541276944776247,3.270304553777444,0.015000388114239779,False
23.73999999999772,0.007542926466446297,3.271018739460179,0.015000328678915592,False
23.75999999999771,0.007544574510130142,3.2717323743612132,0.015000243295571505,False
23.7799999999977,0.007546219888054381,3.27244492725438,0.015000163448329978,False
23.799999999997688,0.007547861691005964,3.273155961261016,0.015000112652141887,False
23.819999999997677,0.007549500166441946,3.273865609473969,0.015000068303594497,False
23.839999999997666,0.007551135064668854,3.274573785661162,0.015000025975293645,False
23.859999999997655,0.00755276607109711,3.27528036528638,0.014999984119029728,False
23.879999999997644,0.007554392858703921,3.2759852123479987,0.01499994212962356,False
23.899999999997632,0.007556015097410372,3.276688186499196,0.014999899844762885,False
23.91999999999762,0.00755763245706516,3.277389146114871,0.014999857329542782,False
23.93999999999761,0.007559244609257075,3.278087950021964,0.014999814757191011,False
23.9599999999976,0.007560851228637839,3.278784458492852,0.014999772338981447,False
23.979999999997588,0.007562451993852798,3.2794785337928376,0.014999730285069297,False
23.999999999997577,0.00756404658816772,3.280170040440188,0.014999688785119054,False
24.019999999997566,0.007565634699888708,3.2808588453209317,0.014999648000942972,False
24.039999999997555,0.007567216022655322,3.28154481771507,0.01499960806580076,False
24.059999999997544,0.007568790255662999,3.2822278293053997,0.014999569086990277,False
24.079999999997533,0.007570357103850576,3.2829077541876424,0.014999531149699444,False
24.09999999999752,0.007571916278074216,3.283584468881428,0.01499949432098783,False
24.11999999999751,0.007573467495279498,3.284257852366561,0.014999458653388083,False
24.1399999999975,0.007575010478677402,3.2849277861325468,0.014999424187878675,False
24.15999999999749,0.007576544957926381,3.2855941542426934,0.014999390956245745,False
24.179999999997477,0.007578070669320753,3.2862568434078994,0.01499935898287149,False
24.199999999997466,0.007579587355984656,3.2869157430678917,0.01499932828608409,False
24.219999999997455,0.0075810947680705,3.2875707454856795,0.014999298879144243,False
24.239999999997444,0.007582591261889599,3.288221250496638,0.01499932811722415,False
24.259999999997433,0.0075840769747687695,3.2888672817050213,0.014999400806185208,False
24.279999999997422,0.007585552886461248,3.2895091701738357,0.014999467259078175,False
24.29999999999741,0.007587018803315737,3.2901468382123262,0.01499952597051763,False
24.3199999999974,0.0075884744729463735,3.290780178775496,0.014999578096265474,False
24.33999999999739,0.0075899196634377965,3.291409089922493,0.014999624552751924,False
24.359999999997378,0.0075913541603339785,3.2920334761146997,0.014999666037366105,False
24.379999999997366,0.00759277776209146,3.292653247373605,0.014999703134755632,False
24.399999999997355,0.007594190278369194,3.2932683188961893,0.014999736360208524,False
24.419999999997344,0.0075955915296085,3.29387861091296,0.014999766173038017,False
24.439999999997333,0.007596981346996458,3.2944840485935933,0.014999792981472906,False
24.459999999997322,0.007598359572512356,3.295084561975781,0.014999817146455888,False
24.47999999999731,0.007599726058987976,3.2956800858973394,0.014999838985863503,False
24.4999999999973,0.007601080670175241,3.2962705599660906,0.014999858779035901,False
24.51999999999729,0.00760242246467573,3.296855625353777,0.014999904020578561,False
24.539999999997278,0.007603751590370423,3.297435329340124,0.014999965724213362,False
24.559999999997267,0.007605068651844113,3.2980098866961907,0.015000020153451131,False
24.579999999997256,0.00760637353680497,3.298579244976182,0.015000068244918025,False
24.599999999997245,0.007607666127898501,3.2991433520536875,0.015000111276228918,False
24.619999999997233,0.007608946335503225,3.299702168035775,0.01500014999161822,False
24.639999999997222,0.007610214089997298,3.3002556616560716,0.015000184877393663,False
24.65999999999721,0.007611469337210002,3.300803808269025,0.015000216311986007,False
24.6799999999972,0.00761271203682566,3.3013465891655693,0.015000244622145102,False
24.69999999999719,0.00761394216195639,3.301883991402304,0.015000270101406806,False
24.719999999997178,0.007615159699092595,3.3024160077894815,0.015000293015992393,False
24.739999999997167,0.007616364648166604,3.3029426369281483,0.015000313607203426,False
24.759999999997156,0.00761755702265353,3.3034638832597474,0.01500033209311352,False
24.779999999997145,0.007618736849690213,3.3039797571259704,0.015000348670297425,False
24.799999999997134,0.007619904170207972,3.3044902748322236,0.015000363515617543,False
24.819999999997123,0.007621058740215442,3.304995381211046,0.015000387247261842,False
24.83999999999711,0.007622200734949428,3.305495133489399,0.015000415665875044,False
24.8599999999971,0.007623330494670499,3.3059896285381836,0.015000439673348147,False
24.87999999999709,0.007624448097939241,3.306478896184427,0.015000460342379045,False
24.89999999999708,0.007625553639195291,3.3069629777789316,0.015000478410669742,False
24.919999999997067,0.007626647236692103,3.3074419252873195,0.01500049423353491,False
24.939999999997056,0.007627728905141259,3.307915767490722,0.01500051083702435,False
24.959999999997045,0.007628798802358139,3.3083845796160176,0.015000527393731365,False
24.979999999997034,0.007629857207799463,3.3088484525786077,0.01500054112854594,False
24.999999999997023,0.007630904323011833,3.30930745519128,0.01500055230171866,False
25.01999999999701,0.007631940337579485,3.309761669850291,0.015000561550262033,False
25.039999999997,0.007632965463972223,3.3102111907934475,0.015000569150305523,False
25.05999999999699,0.0076339799347264325,3.3106561203454006,0.015000575257723175,False
25.07999999999698,0.0076349840004420145,3.3110965679478914,0.015000580000526951,False
25.099999999996967,0.007635978064836906,3.3115326756237566,0.015000580768868886,False
25.119999999996956,0.007636962238929567,3.3119645385980294,0.015000581885735557,False
25.139999999996945,0.007637936885644268,3.312392301768562,0.015000581859439562,False
25.159999999996934,0.007638902399339928,3.3128161156138494,0.015000579582865483,False
25.179999999996923,0.007639859014853885,3.313236110533746,0.015000577681752001,False
25.199999999996912,0.007640807101067343,3.313652448812193,0.015000575553484854,False
25.2199999999969,0.007641747042849419,3.3140652947122393,0.015000572964304848,False
25.23999999999689,0.0076426792387007505,3.314474817563397,0.01500056990436282,False
25.25999999999688,0.00764360410384552,3.3148811940553853,0.015000566428456657,False
25.279999999996868,0.00764452207182017,3.3152846090366204,0.015000562599077356,False
25.299999999996857,0.007645433595167411,3.315685255746185,0.015000558472526137,False
25.319999999996845,0.007646339280302711,3.3160833671724506,0.015000549585828039,False
25.339999999996834,0.007647239560266495,3.316479138282498,0.015000538375085812,False
25.359999999996823,0.007648135126250906,3.3168728630176236,0.015000519702515282,False
25.379999999996812,0.00764902638616682,3.317264727265007,0.015000497642127504,False
25.3999999999968,0.007649913617438506,3.3176548777134656,0.015000480841779129,False
25.41999999999679,0.0076507978200796006,3.318043689677971,0.015000452678292472,False
25.43999999999678,0.007651679419807394,3.3184313663286096,0.015000420391733774,False
25.459999999996768,0.007652558634549036,3.3188180562449543,0.01500039971445961,False
25.479999999996757,0.0076534365138768035,3.3192041863653245,0.01500037683938971,False
25.499999999996746,0.007654313476015142,3.3195899447919173,0.015000359881512092,False
25.519999999996735,0.007655189864633564,3.3199754966511077,0.015000360131824637,False
25.539999999996724,0.007656065908371327,3.320360967745921,0.01500039027518587,False
25.559999999996712,0.00765694200167519,3.320746501445076,0.015000437269134848,False
25.5799999999967,0.007657818666513674,3.321132261122993,0.015000475074292563,False
25.59999999999669,0.007658695956986968,3.321518247017905,0.015000498720586892,False
25.61999999999668,0.007659573762645622,3.3219044062093785,0.015000510208529787,False
25.639999999996668,0.007660451822502619,3.3222906502572345,0.015000516937813357,False
25.659999999996657,0.007661329993423601,3.322676932664172,0.0150005234387103,False
25.679999999996646,0.007662208293431188,3.323063254991132,0.015000529005603417,False
25.699999999996635,0.007663086737602124,3.323449618372331,0.015000532437203761,False
25.719999999996624,0.007663965334918036,3.3238360229996364,0.015000532725563181,False
25.739999999996613,0.007664844085190193,3.32422246680945,0.015000529328402283,False
25.7599999999966,0.007665722978613174,3.324608945062997,0.015000522206070377,False
25.77999999999659,0.0076666019973790234,3.324995450767101,0.015000511743197071,False
25.79999999999658,0.007667481118316688,3.325381975536201,0.015000498624436476,False
25.81999999999657,0.007668360315745267,3.3257685105532877,0.01500048370295341,False
25.839999999996557,0.007669239564039203,3.3261550474205785,0.0150004678825492,False
25.859999999996546,0.007670118839650943,3.3265415788079777,0.015000452023419885,False
25.879999999996535,0.007670998122506352,3.3269280988582843,0.015000436874891067,False
25.899999999996524,0.007671877396794835,3.3273146033852847,0.015000423034317397,False
25.919999999996513,0.007672756651236646,3.3277010898767263,0.015000410928817086,False
25.939999999996502,0.007673635878938216,3.328087557370237,0.015000400815437694,False
25.95999999999649,0.007674515076953015,3.328474006229892,0.015000392794832017,False
25.97999999999648,0.007675394245658082,3.328860437873004,0.015000386833859427,False
25.99999999999647,0.0076762733880412415,3.329246854485278,0.015000382793003721,False
26.019999999996458,0.007677152508974804,3.3296332587374797,0.015000380455306904,False
26.039999999996446,0.007678031614531849,3.330019653534263,0.015000379554239789,False
26.059999999996435,0.0076789107113825195,3.330406041799512,0.015000379798799868,False
26.079999999996424,0.007679789806291641,3.3307924263060404,0.015000380894717372,False
26.099999999996413,0.007680668905725799,3.3311788095487507,0.01500038256128969,False
26.119999999996402,0.0076815480155680484,3.3315651936642627,0.015000384543773773,False
26.13999999999639,0.0076824271409314275,3.3319515803816753,0.01500038662162918,False
26.15999999999638,0.00768330628605811,3.3323379710105505,0.015000388613067838,False
26.17999999999637,0.007684185454288891,3.332724366451219,0.015000390376524862,False
26.199999999996358,0.007685064648087232,3.3331107672238875,0.015000391809690039,False
26.219999999996347,0.007685943869102884,3.3334971735108514,0.015000392846746207,False
26.239999999996336,0.007686823118261686,3.3338835852065474,0.015000393454355072,False
26.259999999996325,0.007687702395870139,3.334270001971944,0.015000393626943956,False
26.279999999996313,0.007688581701725649,3.334656423287148,0.01500039338165574,False
26.299999999996302,0.007689461035225399,3.3350428485017836,0.015000392753329641,False
26.31999999999629,0.007690340395468872,3.335429276881847,0.015000391789723663,False
26.33999999999628,0.007691219781350742,3.335815707650839,0.015000390547161574,False
26.35999999999627,0.007692099191642242,3.336202140026936,0.015000389086690567,False
26.379999999996258,0.007692978625060302,3.336588573249655,0.01500038747081071,False
26.399999999996247,0.007693858080324471,3.3369750066043053,0.015000385760779977,False
26.419999999996236,0.007694737556202274,3.3373614394381304,0.015000384014471974,False
26.439999999996225,0.0076956170515439905,3.337747871173811,0.015000382284760387,False
26.459999999996214,0.007696496565307993,3.33813430131816,0.015000380618358336,False
26.479999999996203,0.007697376096577909,3.338520729466002,0.015000379055081012,False
26.49999999999619,0.00769825564457279,3.3389071552979424,0.015000377627456462,False
26.51999999999618,0.007699135208651427,3.33929357858075,0.01500037636063172,False
26.53999999999617,0.00770001478831185,3.3396799991638177,0.015000375272531405,False
26.55999999999616,0.0077008943831869065,3.3400664169695107,0.015000374374205728,False
26.579999999996147,0.007701773993036751,3.3404528319891935,0.015000373670336823,False
26.599999999996136,0.007702653617738895,3.340839244272281,0.015000373159854027,False
26.619999999996125,0.0077035332572764825,3.3412256539192238,0.015000372836636492,False
26.639999999996114,0.007704412911725281,3.3416120610696955,0.015000372690262267,False
26.659999999996103,0.00770529258123988,3.341998465896462,0.01500037270678436,False
26.67999999999609,0.007706172266039504,3.3423848685935855,0.015000372869501745,False
26.69999999999608,0.007707051966393788,3.3427712693685607,0.0150003731597279,False
26.71999999999607,0.007707931682608911,3.3431576684370725,0.015000373557505697,False
26.73999999999606,0.007708811415014281,3.343544066010781,0.01500037404229272,False
26.759999999996047,0.0077096911639501,3.343930462294708,0.015000374593568646,False
26.779999999996036,0.007710570929755975,3.3443168574811386,0.015000375191392629,False
26.799999999996025,0.0077114507127607635,3.34470325174483,0.015000375816864859,False
26.819999999996014,0.007712330513273773,3.3450896452373566,0.01500037645253203,False
26.839999999996003,0.00771321033157741,3.345476038088869,0.015000377082689606,False
26.859999999995992,0.007714090167921316,3.3458624304020024,0.015000377693626693,False
26.87999999999598,0.007714970022517993,3.346248822255814,0.015000378273763606,False
26.89999999999597,0.007715849895539905,3.346635213700572,0.015000378813742313,False
26.91999999999596,0.007716729787117943,3.347021604762559,0.015000379306435309,False
26.939999999995948,0.007717609697341218,3.347407995443655,0.015000379746891654,False
26.959999999995937,0.007718489626257991,3.3477943857239616,0.01500038013223381,False
26.979999999995925,0.007719369573877647,3.348180775563993,0.015000380461504042,False
26.999999999995914,0.00772024954017353,3.3485671649059943,0.015000380735479033,False
