time_s,fresh_state_index,base_translation_drift_m,robot_target_minimum_m,robot_target_minimum_censored,continuum_sphere_minimum_m,continuum_actual_minus_task_base_m,continuum_orientation_to_Task_deg,rigid_position_to_terminal_Task_grasp_m,rigid_orientation_to_terminal_Task_grasp_deg,base_orientation_drift_deg,rigid_actual_x_m,rigid_actual_y_m,rigid_actual_z_m,continuum_actual_x_m,continuum_actual_y_m,continuum_actual_z_m,continuum_Task_base_x_m,continuum_Task_base_y_m,continuum_Task_base_z_m
0,0,0,0.38088294669604594,0,0.1702974345552703,0,0,0.36809455434513894,5.2630142203192084e-06,0,1.1944940203126171,-0.56820370359434225,0.095991255573481288,1.9300000000000013,0.62599999999999989,5.3857741901253149e-09,1.9300000000000013,0.62599999999999989,5.3857741901253149e-09
0.02,10,1.5356588863522482e-05,0.37995938967498594,0,0.17028270793437345,6.7831938370059385e-05,0.0018714379462708344,0.36715914251623316,0.00527461994540786,0.0076109997331237373,1.1943690384659444,-0.56726120698975779,0.095800998743200735,1.9300662998942009,0.6259862925116042,-3.3276051566022035e-07,1.9299998788978392,0.6260000514636882,5.3857731542258737e-09
0.040000000000000001,20,5.6575124115213976e-05,0.37749053458271581,0,0.17025732985328518,0.00024652094015107723,0.0066434391597916548,0.3646620287613262,0.011617517912844518,0.027903128966270598,1.1941086866555668,-0.56477424970431378,0.095364591304831312,1.9302435439485988,0.62596902007264954,-1.9900082657091608e-06,1.9299990376500789,0.62600040896112497,5.3857659582512541e-09
0.059999999999999998,30,0.00012157630179027103,0.37360966404859175,0,0.17024333568160308,0.0005275703117302384,0.013475896569026466,0.3607508190096701,0.01100701939928374,0.059613539276861478,1.1937696843642793,-0.5608717795141096,0.094859003299751554,1.9305231455889942,0.6259664249034711,-6.4725129892530662e-06,1.9299967738183768,0.62600137100116715,5.3857465935928994e-09
0.080000000000000002,40,0.00019927081053006554,0.36895388919839617,0,0.17024741770953528,0.00086908931641602389,0.019115338397842484,0.35607033889544948,0.0086656228448642927,0.096941301839369082,1.1936132766865291,-0.55619351641453185,0.09437455178398961,1.9308608513057142,0.62597166324173004,-1.0921701218813119e-05,1.929992404123769,0.62600322795068353,5.3857092155302492e-09
0.10000000000000001,50,0.00027656798740018052,0.36419723372033358,0,0.17026976725596718,0.0012129481316950838,0.021253899026642514,0.35129016439472832,0.0079018084485542855,0.13361775081535221,1.1936189056341135,-0.55141520493683649,0.093893252782206102,1.9311977935016225,0.62597830492379358,-1.5305931893862987e-05,1.9299852642732838,0.6260062621082384,5.3856481417475893e-09
0.12,60,0.00035006129913521842,0.35947280285341687,0,0.17030528683253596,0.001537309704235364,0.019417819143201561,0.34654003574507813,0.0070881378247474765,0.1682025527085679,1.1936117726233253,-0.54666912232258635,0.093393086056478003,1.9315117235534194,0.62598667864221191,-1.8089085468452319e-05,1.9299747087865522,0.62601074777777421,5.3855578508509032e-09
0.14000000000000001,70,0.00042196795334983558,0.35475688607916683,0,0.17033806109852767,0.001843184723571055,0.014232224644935343,0.34179603479491705,0.0058223157524573445,0.20181820743923234,1.193599491793665,-0.54193133581417197,0.092873178930204428,1.9318031213584161,0.62599699056485658,-1.5604123885791672e-05,1.9299601108224211,0.62601695134229485,5.385432980884726e-09
0.16,80,0.00049557285961159177,0.35004212656964029,0,0.17035297403792235,0.0021372164279069281,0.0084753849774530481,0.33705239893521688,0.0048166528424498012,0.23629193923251343,1.193585379377873,-0.53719484999847389,0.092344589334589514,1.9320779933617995,0.62600848275509513,-9.2924971402827114e-06,1.9299408620055651,0.626025131337549,5.3852683278489885e-09
0.17999999999999999,90,0.00057209733626306777,0.34532733238171753,0,0.17034411329909932,0.0024189181424334005,0.0040414206817841114,0.33230913703282428,0.0046765898634096624,0.27235703972450526,1.1935708855814591,-0.532458779291759,0.091815528340633321,1.9323352445481421,0.62602079716645787,-2.1141409210271689e-06,1.9299163722530983,0.62603553852571314,5.385058844215873e-09
0.20000000000000001,100,0.00065076415413224198,0.34061354023653662,0,0.17031086630736569,0.0026777598169405426,0.0010954897377842879,0.32756738459790363,0.0054170520282554148,0.30958142866566413,1.1935567018719353,-0.52772416557071855,0.091286937433986318,1.9325637702759713,0.62603142322902905,5.2950217370349762e-06,1.9298860696011855,0.62604841596907457,5.3847996374466621e-09
0.22,110,0.00073061198852258696,0.33590031364969575,0,0.17025857938468536,0.0028994921519228107,0.00067860881240094288,0.32282662914854432,0.0067211937690038097,0.34740894213176332,1.1935434570539243,-0.52299042853101763,0.090759434020645346,1.9327488028628297,0.6260445440955742,1.1814884817681903e-05,1.9298494000316553,0.62606399910371469,5.3844859685085912e-09
0.23999999999999999,120,0.00081062952211433104,0.33118619067568522,0,0.17019536975485919,0.0030669779948805627,0.0009267271482099786,0.31808520940941726,0.0080736396979571544,0.38526292453332467,1.1935315275964753,-0.51825582266425874,0.090233714116568317,1.9328727007163986,0.62606336728309564,1.6582300239015278e-05,1.9298058272986116,0.62608251581319219,5.3841132503916958e-09
0.26000000000000001,130,0.00088986666909825879,0.32646946611202809,0,0.17012982815631456,0.0031607773738794205,0.00051959825200826606,0.31334114759757697,0.0090265751718420547,0.42261488143265863,1.1935211056504871,-0.51351841898698725,0.08970923577258752,1.9329154985276433,0.62608598181048136,1.9346282231723446e-05,1.9297548327550458,0.62610418650222621,5.3836770466256656e-09
0.28000000000000003,140,0.0009677758685631456,0.32174861961687862,0,0.17006996392628421,0.0031595485980017175,0.0012239076751419198,0.3085927300350888,0.0093506870774697909,0.45916784131639893,1.1935126945007473,-0.5087765800066959,0.08918523919749459,1.9328553516973705,0.62611178794303091,2.0110365792430521e-05,1.9296959151794477,0.62612922417037942,5.3831730697966926e-09
0.29999999999999999,150,0.0010442966135727429,0.31702344287247985,0,0.170022340111151,0.0030518118482938928,0.0024240045707064864,0.30383973668638592,0.0090490042670846524,0.49489366157597398,1.1935065056604801,-0.50403011409784326,0.08866146996114406,1.9326802526277653,0.62613471280471822,1.9494567085503098e-05,1.9296285906024189,0.62615783448574103,5.3825971800643251e-09
0.32000000000000001,160,0.001119714893601088,0.31229332032440382,0,0.16999445300456179,0.002838541375819543,0.0033258528567094237,0.29908159315596822,0.0082612650437801152,0.52994546691885602,1.1935032468901399,-0.49927847091283173,0.088137723172118723,1.9323906953586596,0.62615826357047033,1.8198631850737985e-05,1.9295523921332836,0.62619021585861012,5.3819453836783143e-09
0.34000000000000002,170,0.0011944720363677248,0.3075567879021468,0,0.16999124335165297,0.0025247552754740984,0.0037772356824245547,0.29431690415098011,0.0071736129651055964,0.56455230807147783,1.1935040651756375,-0.49452027739338889,0.087613795408149939,1.9319913610612522,0.62619407188533349,1.6665503009411183e-05,1.9294668697867015,0.62622655951517903,5.3812138314954675e-09
0.35999999999999999,180,0.0012690039875086776,0.30281353337131561,0,0.17000650561334754,0.0021147447181813629,0.0039350154132725326,0.28954543963069479,0.0059762707490998435,0.59894676166283933,1.1935091608829105,-0.48975531677745843,0.087089580071172651,1.9314860929815174,0.62623882088878302,1.5065714379248504e-05,1.9293715903092787,0.62626704957121571,5.3803988174965001e-09
0.38,190,0.0013437375150313418,0.29806344778170429,0,0.17003006151950564,0.0016145623050274273,0.0039625124085313108,0.28476719259023292,0.0048509897946014341,0.63336433812357318,1.1935184791877347,-0.48498356992605451,0.086565199569950152,1.9308804571960112,0.62628693776719591,1.2673805578195682e-05,1.9292661370061808,0.62631186310574805,5.3794967773028821e-09
0.40000000000000002,200,0.0014190870599751733,0.29330788035194766,0,0.17005725216624981,0.0010869019971711984,0.0037983809019582477,0.27998355990168777,0.0039354031053154635,0.66801270542306423,1.1935312109665979,-0.48020645397301359,0.086040510612784532,1.9302367092673307,0.62633790028034053,1.07549614784141e-05,1.9291501095677437,0.62636117023474569,5.3785042866936928e-09
0.41999999999999998,210,0.0014952913081617599,0.28854852503936257,0,0.17008201822207389,0.00059754458863806915,0.0033862481825235272,0.27519625561172539,0.0032853815624468083,0.70300387402024755,1.1935464251285994,-0.47542569090196213,0.08551548716663912,1.9296201388161403,0.62639201159692415,9.9082342662856973e-06,1.9290231238960867,0.62641513418480443,5.3774180601224706e-09
0.44,220,0.0015724103170301372,0.28378642390484676,0,0.17010343178215459,0.00017387797521235167,0.0029423881498688545,0.270406331220086,0.0029046644270896791,0.73836866644383026,1.1935636232450635,-0.47064232576812337,0.084990220554253509,1.9290571537260572,0.62645145970272653,5.2759519924338065e-06,1.9288848119317235,0.6264739113668284,5.3762349492340606e-09
0.46000000000000002,230,0.0016503988399570544,0.27902299977268225,0,0.1701188645095576,0.00016722538641039377,0.0025611592860564488,0.26561519113033988,0.0027526165507644066,0.77407985684503122,1.1935821316632507,-0.46585776295414255,0.084464748814046822,1.9285689542316979,0.62651648172277619,-2.0509334829434073e-06,1.9287348214801743,0.62653765144971385,5.3749519413814709e-09
0.47999999999999998,240,0.0017242514871038295,0.27451326783002622,0,0.17012502662734688,0.00041930393910564068,0.0022503915352531179,0.2610782099165212,0.0027409059595225327,0.80790533603482717,1.193533594289949,-0.46132701218199096,0.083951775606705623,1.9281541338189288,0.62658521079670082,-8.2330346336155477e-06,1.9285728160385787,0.62660649743403185,5.3735661581427185e-09
0.5,250,0.0017884552957740827,0.27053393261733288,0,0.17012348116295897,0.00059221014310439327,0.0019942427212244055,0.25707247586098797,0.0027706663633679371,0.83741095479511907,1.1933369350555447,-0.45732677918569764,0.083463018528880453,1.9278068026496358,0.62665907943656518,-1.3208631092391431e-05,1.9283984746223057,0.62668058572571184,5.3720748538376821e-09
0.52000000000000002,260,0.0018429304209023581,0.26707667926055378,0,0.17011325376701816,0.0006723310874623533,0.0017472502180947899,0.25358998709396136,0.0028077342973877564,0.86258059550880739,1.1929796682352467,-0.45384874452273466,0.082995626354473009,1.9275396717048472,0.62673936260233309,-1.6098025421409475e-05,1.9282114915915685,0.62676004620972448,5.3704754140449524e-09
0.54000000000000004,270,0.0018893615175853327,0.26404032421165408,0,0.17009421559374485,0.00064816210116561222,0.0014955409447024472,0.2505307952241404,0.0028547285100074715,0.88416139787344827,1.1924756546136954,-0.45079173271739764,0.082549388955340836,1.9273638758890603,0.62682517887896105,-1.431550648637022e-05,1.928011576478033,0.62684500232376494,5.3687653541186824e-09
0.56000000000000005,280,0.0019289201915907491,0.26134950565708914,0,0.17007540164079343,0.00053218158367378536,0.0012656427614138772,0.24782108933545771,0.0029057520975195633,0.90266801175463496,1.1918343156883309,-0.44808038151289203,0.082126327217998132,1.9272667100032537,0.62691664207277642,-1.0360499341369679e-05,1.927798453811433,0.6269355711319361,5.3669423177054403e-09
0.57999999999999996,290,0.0019625304551831543,0.25894118462451665,0,0.17006219544668455,0.00039196829514150626,0.0010766515604403492,0.2453992118820898,0.0029611755216674041,0.91852495412706225,1.1910631629943655,-0.44565164997755136,0.081725878250647449,1.9271803777340719,0.62701387540194897,-7.4044311728419361e-06,1.92757186294618,0.62703186339843131,5.365004075261057e-09
0.59999999999999998,300,0.0019910504146508209,0.25676161641863438,0,0.17005361389722343,0.00026992512987817664,0.00091783645204868071,0.24321294519855521,0.0030350744103420399,0.93212354450979662,1.1901682324715197,-0.44345180093685399,0.081347716949288995,1.9270622453341582,0.62711660884534859,-5.3275414450908897e-06,1.9273315578879762,0.62713398366121809,5.362948522567478e-09
0.62,310,0.0020152865972012822,0.25476367907503716,0,0.1700493734490868,0.00017040271051154193,0.00078175740911584374,0.24121660526821814,0.0031298051639934259,0.94381887050365676,1.1891543843518648,-0.44143372565430916,0.080989541206112153,1.9269078086159539,0.62722491210368148,-3.7772164678467582e-06,1.9270773071204252,0.62724203030572112,5.3607736792496166e-09
0.64000000000000001,320,0.0020360620428023458,0.25290235838194242,0,0.17004945891001438,9.5894335279770825e-05,0.0006630122712219114,0.23936551887292801,0.0032333802357032769,0.95398434247228525,1.1880258958188994,-0.43955241101784587,0.080637531022905606,1.9267145822754217,0.62733894588822192,-2.6433044972480026e-06,1.9268088934316463,0.62735609563850503,5.3584776872921996e-09
0.66000000000000003,330,0.0020541598767234415,0.25113723720035913,0,0.17005366411453834,4.2762636556842598e-05,0.00056078827176013208,0.23762004049297364,0.0033382014595615545,0.96297248893029141,1.1867873616433149,-0.43776743649067096,0.08028093962508126,1.9264870680063961,0.62745892055948771,-1.7865009243961392e-06,1.9265261137408838,0.62747626596095796,5.3560588095566234e-09
0.68000000000000005,340,0.0020702625993414435,0.24943320956989656,0,0.17006180367638471,1.7719608243565087e-05,0.00047459371747075836,0.23594677358445185,0.0034405662731924851,0.97108067618119775,1.1854439854582874,-0.43604370567590794,0.079917202920124178,1.9262304189677801,0.6275850137283332,-1.1154133487980843e-06,1.9262287789251207,0.62760262164297453,5.3535154282977997e-09
0.70000000000000007,350,0.002085007169532891,0.24775801656588303,0,0.17007377092910442,3.6239789338878673e-05,0.00040293593743225556,0.23431519528426797,0.0035356316073455727,0.978584524428049,1.184001422886376,-0.43434896133401701,0.079543663490450181,1.9259482325205151,0.62771736189972138,-5.9182683603192757e-07,1.9259167136456898,0.62773523719663904,5.3508460436810109e-09
0.71999999999999997,360,0.0020989932232065543,0.24608187631052839,0,0.17008949292757741,5.6220585095502471e-05,0.00034414597957052823,0.23269728590679198,0.0036183813532935562,0.98574148598188494,1.1824660087166419,-0.43265341688614062,0.079157895384407109,1.9256429782116786,0.62785606694607843,-1.8794454468282025e-07,1.9255897561748863,0.62787418134990869,5.3480492722987579e-09
0.73999999999999999,370,0.0021127743183012334,0.24437751135948943,0,0.17010889019030945,7.1304209259332471e-05,0.00029742709480027799,0.23106787025807854,0.0036857082981738383,0.99278343022079374,1.1808448770513706,-0.43092979901945255,0.078761062515372737,1.925316671457018,0.62800120757099198,1.3488866160994898e-07,1.9252477582225791,0.62801951712029658,5.3451238456876103e-09
0.76000000000000001,380,0.0021268074852846958,0.24262108162915072,0,0.17013187417452466,8.2241934926863264e-05,0.00026342479901720792,0.22940636233948969,0.0037387205177853481,0.99988358216779238,1.1791457038134103,-0.4291542632839771,0.078366616555190005,1.9249707259722948,0.62815283728097826,4.3039731878872034e-07,1.924890584762823,0.62817130188855475,5.34206860884506e-09
0.78000000000000003,390,0.0021415619147860045,0.24078971223154122,0,0.17015846966232398,8.9875997006649876e-05,0.0002403854245790406,0.22769241079380056,0.0037772929969315844,1.0072257193719705,1.1773774865028106,-0.42730392416571467,0.077982757551544352,1.9246060486805956,0.62831102011968887,6.5005781842027394e-07,1.9245181138604712,0.62832958747235768,5.338882518746369e-09
0.80000000000000004,400,0.002157552327753348,0.23886077087227403,0,0.17018866028690444,9.5122274636142863e-05,0.00022636758095023377,0.22590468558354976,0.0037993817481630772,1.0150256355996434,1.1755510148778152,-0.42535614410742317,0.077608088117746069,1.9242235162530428,0.62847580546339443,7.9652001143971034e-07,1.9241302364977859,0.62849442019998525,5.335564642861423e-09
0.82000000000000006,410,0.0021752795315616077,0.23681310765853136,0,0.17022240532329344,9.8453395831930981e-05,0.00022038608481879287,0.2240230406478862,0.0038040666387600995,1.0234933520500393,1.1736787732248848,-0.42328976525308781,0.077241566551845914,1.9238235286032104,0.62864722008947993,9.1018996041747817e-07,1.9237268564010519,0.62866584098400591,5.3321141576715784e-09
0.83999999999999997,420,0.0021933767810385081,0.23474548998403549,0,0.17025988767361575,9.9746407985777598e-05,0.00021194232175539298,0.22214435642836181,0.0038431945245454833,1.032036448859706,1.1717857549157951,-0.42120356314621904,0.076881785969256128,1.9234057926347328,0.62882482221286784,9.9986433023372386e-07,1.9233078898671869,0.62884388539495983,5.3285303471865157e-09
0.85999999999999999,430,0.002210676914885057,0.23274056088571302,0,0.17030162823432116,9.8842946071912366e-05,0.00020536406570687915,0.22034865680945434,0.0039514811937424038,1.0401616039487651,1.1698903915341294,-0.41918018735824014,0.076522392608272399,1.9229701718025825,0.62900914101604188,1.0516028889237209e-06,1.9228732655903551,0.62902858373504178,5.32481260146109e-09
0.88,440,0.0022279409562060829,0.23075488111690065,0,0.17034764074770509,9.841404173481715e-05,0.00020637317961379938,0.2185923482134115,0.0041002157370275735,1.0482161435311037,1.1679921345634992,-0.41717618920447191,0.076151348311951028,1.9225194141735127,0.62920062481902028,1.0879538166965552e-06,1.922422924488578,0.62921996111178502,5.3209604151121811e-09
0.90000000000000002,450,0.0022472197317180693,0.2286622556060319,0,0.17039756137810438,9.8821041289840316e-05,0.00021885268008431456,0.21675191891773163,0.0042227844790743438,1.0570911752978798,1.1660835047896969,-0.41506534795625694,0.075761610133896096,1.9220538390522885,0.62939929048424303,1.1713030780538152e-06,1.9219568195303462,0.62941803751174341,5.3169733858355448e-09
0.92000000000000004,460,0.0022677481509137142,0.22651336738080136,0,0.17045127691903758,9.8518935912270637e-05,0.00022189903922007146,0.21487736534493329,0.0043469636823618629,1.0664595136096966,1.1641730932128573,-0.41289835329391511,0.075353540295968732,1.9215716049013327,0.62960397387124611,1.301004903555236e-06,1.921474915561233,0.62962282787417556,5.3128512129226621e-09
0.94000000000000006,470,0.0022883538315337255,0.22438408566949716,0,0.1705093110666116,9.8080321697894936e-05,0.00022185304501515821,0.21304266291382398,0.004512764187272705,1.0758235059601542,1.1622707556243828,-0.4107510861817118,0.074927185498220042,1.9210733774779569,0.62981522333862217,1.4272111673319607e-06,1.9209771891305036,0.62983434216472733,5.3085936957775922e-09
0.95999999999999996,480,0.002311218300371184,0.22214386325373364,0,0.17057160285135323,9.7554658952401089e-05,0.00023451904833947,0.21111975264878111,0.0046512279686727999,1.0861203430103417,1.1603773624154146,-0.40849296133229451,0.07448152822360754,1.920559353173225,0.63003384352038272,1.555669056441078e-06,1.9204636283177301,0.63005258544911513,5.3042007324338206e-09
0.97999999999999998,490,0.0023379070273723923,0.21970474836442841,0,0.17063479774355711,9.6585479248622569e-05,0.0002495765983108388,0.20902138116227031,0.0047182700418452886,1.0980219408538261,1.1585044986591759,-0.40603598981087807,0.074016793298863903,1.9200290345477213,0.63025916092805379,1.7043515262241447e-06,1.9199342325594009,0.63027755796680929,5.299672318071113e-09
1,500,0.0023686381877790815,0.21706390324855712,0,0.17067815462951466,9.5224915045248444e-05,0.00026134121484890581,0.20674219284593923,0.0047224402237425389,1.1116263801942372,1.1566725484276374,-0.40337731324637943,0.07353393802051976,1.919482431155096,0.6304908905249148,1.8689715235424312e-06,1.9193890124755346,0.6305092552047169,5.295008543532364e-09
1.02,510,0.0024037117414441797,0.21421415963508753,0,0.17072473867411528,9.3443457712020595e-05,0.00027245949069785796,0.20427149520836083,0.0046719160161611401,1.1270676947352762,1.1549040807631958,-0.40050973751020413,0.073034267834988204,1.9189195628287739,0.63072917817880292,2.0470506821949009e-06,1.9188279896962903,0.63074766797086512,5.2902095938404454e-09
1.04,520,0.0024434216585570096,0.21114944531007754,0,0.17077469762722955,9.1378307441996034e-05,0.00028542611973037018,0.20159839788623149,0.0045729836453916751,1.1444776249061783,1.1532241581552234,-0.39742715787633848,0.072519613613944739,1.918340625327478,0.63097414042982403,2.2386740478545574e-06,1.9182511966885805,0.63099278246808432,5.2852757467150632e-09
1.0600000000000001,530,0.0024880292363987531,0.20786625825576682,0,0.1708281519054444,8.9174078897384825e-05,0.00030094037486438473,0.19871314697573744,0.0044308364887363115,1.1639733024910195,1.1516600895433813,-0.39412603374754962,0.071992373545949478,1.9177458160915632,0.63122579803888812,2.4438174998826514e-06,1.9176586765826835,0.63124458036769127,5.2802073710896016e-09
1.0800000000000001,540,0.0025377452843753168,0.20436458516166736,0,0.1708852074103239,8.6621441403874236e-05,0.00031882930541478419,0.19560794028397699,0.0042498941462812351,1.1856484850674689,1.1502411519328319,-0.3906063142458952,0.071455550679116242,1.9171349691413313,0.63148410959660883,2.6600726142021509e-06,1.9170504829988537,0.63150303888317216,5.2750049256279802e-09
1.1000000000000001,550,0.0025927174159809394,0.20064867464582858,0,0.17094599269692728,8.3856454688791451e-05,0.00033870396067117731,0.19227763052597172,0.0040340122672500121,1.2095670799233438,1.1489981826997033,-0.3868721933598761,0.070912782927371951,1.9165082796480781,0.63174902346004191,2.8844598716516291e-06,1.9164266798739353,0.63176813084386585,5.2696689572414978e-09
1.1200000000000001,560,0.0026479712150327445,0.19697296614464346,0,0.17101038136228525,7.5212563828133105e-05,0.00036628581011298998,0.18894925318776606,0.0037829269947409487,1.2332527451233128,1.1479962573447093,-0.38317801266139678,0.070381881647675906,1.9158595475788285,0.63201909242759291,3.659214528161687e-06,1.9157873412879736,0.63203982476864684,5.2642000996056889e-09
1.1400000000000001,570,0.0027026554161216679,0.19330683495221113,0,0.17108059072177464,6.4291590868992648e-05,0.00041221797298473612,0.18560732706213945,0.0034622589936720693,1.256057002019384,1.1471562559044257,-0.37949325600125827,0.069853699331581809,1.9151930893756546,0.63229675951325603,3.7167451762279178e-06,1.9151325512908259,0.63231808493960895,5.2585990716771701e-09
1.1599999999999999,580,0.0027593285949859283,0.18948058599781933,0,0.17115649785881482,5.6544286423173725e-05,0.00046998979098421858,0.1821041627492983,0.0038913802107378073,1.2790754268228586,1.146407775554388,-0.37564870488401936,0.069313841298698678,1.9145149208634966,0.63258211781417062,2.9194283845096203e-06,1.9144624037287756,0.63260287147574767,5.2528666762104962e-09
1.1799999999999999,590,0.0028184039233881434,0.18550063466126873,0,0.17123741001006357,5.0579871861188264e-05,0.0005417945578906761,0.17843340936765539,0.0058198200654163753,1.3025069161827132,1.1457956844332398,-0.37165103070709932,0.068766259865391782,1.9138234778648138,0.63287426507260458,1.8204981974238139e-06,1.913777002071142,0.63289414040664393,5.2470037982750035e-09
1.2,600,0.0028803139370112384,0.18137208126581666,0,0.1713232343210829,4.5721793871659272e-05,0.00062946456058973993,0.17458582750886875,0.0089570824402262633,1.3265525372578189,1.1453635247203882,-0.36750511201937752,0.068215849774190623,1.9131180936348287,0.63317295723002298,6.0428371406047686e-07,1.9130764592368941,0.63319184374614712,5.2410114037716672e-09
1.22,610,0.0029451992229754149,0.17710816234909479,0,0.17141423352121243,4.1341854555694507e-05,0.00073180305527655596,0.17056417531159415,0.01294633374992483,1.3512648047636808,1.145139148637369,-0.36322395368158955,0.067681460770032592,1.9123982145755933,0.63347815153022513,-7.1613362953985256e-07,1.9123608974212607,0.63349592956605805,5.2348905379499489e-09
1.24,620,0.003013643676157393,0.17272722077452421,0,0.17151106651789674,3.7420810222477818e-05,0.00082498482372628246,0.16637739790303988,0.017267445397882403,1.3771322640926034,1.1451424652618494,-0.35882560845857286,0.067180612926163147,1.9116639616051538,0.63378987025411859,-2.409184327653514e-06,1.911630447922344,0.63380634206981212,5.2286423239246468e-09
1.26,630,0.0030865035198046321,0.16824975646722418,0,0.1716137180412563,3.4585895932375376e-05,0.00088962148765276382,0.16203310483276137,0.02087138269775567,1.4049415934878557,1.1453982251933466,-0.35432996856208387,0.066717243023053679,1.9109158901475751,0.63410754405367398,-4.2218769198928998e-06,1.9108852509677305,0.63412302166616275,5.2222679611927502e-09
1.28,640,0.003162596448458566,0.16373113240121567,0,0.1717218960259822,3.323295199647017e-05,0.00090604734540518643,0.15762331492891571,0.022917141000847036,1.434571268416692,1.1457668351183312,-0.34979219288849273,0.066277606839785425,1.910154185057573,0.63443018420459507,-5.642724205306458e-06,1.9101254555411036,0.63444590504286424,5.2157687241502833e-09
1.3,650,0.0032401206254417374,0.15921680813097017,0,0.17183395471233365,3.2493164918526896e-05,0.00088504088616802755,0.15324031149061129,0.023213232404901616,1.4653756821890056,1.1460909578026865,-0.34525791719777388,0.065847128974126465,1.9093784262216122,0.63475807937994588,-5.6340470384292351e-06,1.9093512192088549,0.63477492524035517,5.2091459606091653e-09
1.3200000000000001,660,0.0033185931837427687,0.15471419776297254,0,0.17195009029355904,3.1731951328377929e-05,0.00084328809643021015,0.1488979316284306,0.022243241383409093,1.4971027019800582,1.1463552924837985,-0.34073483249476522,0.065422371624161563,1.9085884668125808,0.63509203779364776,-4.504269782171609e-06,1.9085627079466969,0.63511001172544113,5.2024010903140505e-09
1.3400000000000001,670,0.0033980978511801018,0.15022339495316886,0,0.17207090274040054,3.1026074553214572e-05,0.00078502803813881926,0.14458802752075878,0.020419968831917396,1.5297818954697828,1.1465879912322783,-0.33622320213148316,0.064989949006925882,1.9077845516782077,0.63543223573826835,-3.0005883368872401e-06,1.9077600959662739,0.63545109046497827,5.1955356034591881e-09
1.3600000000000001,680,0.0034786380423654983,0.14574572884952752,0,0.17219657627734486,3.0604468890237307e-05,0.00071615376223943419,0.14030813109457274,0.01802480014110576,1.5634052073625138,1.146803095696441,-0.33172447965728136,0.064540190811219117,1.9069670607590079,0.63577852702752491,-1.455334714523967e-06,1.9069435655417755,0.63579808399955651,5.1885510592052689e-09
1.3800000000000001,690,0.0035598979429511506,0.1412832090442589,0,0.17232692297487848,3.0302496046489518e-05,0.00065156523269055324,0.13606118843809203,0.015361225130303508,1.5976982619318763,1.1470026434597256,-0.32724081872884275,0.06407366089249053,1.9061359214603477,0.63613074285784199,2.1787230348881262e-07,1.9061133068365466,0.63615091151718217,5.1814490841962738e-09
1.4000000000000001,700,0.0036415279778553859,0.13683773329598989,0,0.17246209475467791,2.9894380491044527e-05,0.00059670044070267078,0.13185078188550037,0.012779352981709957,1.6323520475195141,1.1471873371121986,-0.32277427292025018,0.063593100569877631,1.9052910883069407,0.63648886866250964,1.7909167758922523e-06,1.9052695177297014,0.63650948892696169,5.1742313710763311e-09
1.4199999999999999,710,0.0037237202520695226,0.1324115370056155,0,0.17260253751508242,2.9346062800005467e-05,0.00054002651056397248,0.12768232952613939,0.010354907652028402,1.6675597134960465,1.1473553064612694,-0.31832715601493095,0.063108508420236104,1.9044329864220777,0.63685301062174637,2.8847821646340427e-06,1.9044124036427337,0.63687372893278427,5.1668996770065589e-09
1.4399999999999999,720,0.0038067186914597243,0.12800752917320007,0,0.17274778101196023,2.8702572476822766e-05,0.00050037837199104962,0.1235597125332344,0.0081516444297335729,1.7035362452509784,1.1475091081236535,-0.31390235743343986,0.06262161226875447,1.9035618259836202,0.63722300987703817,4.0348112409254707e-06,1.9035421773661294,0.63724354110700565,5.1594558221819232e-09
1.46,730,0.0038903329359641623,0.12362797253611761,0,0.17289742415557768,2.8011987689457992e-05,0.00049910646380779548,0.11948500059523991,0.0068096238902023501,1.7400864646413197,1.1476537901939952,-0.30950243199963356,0.062125143361669431,1.9026776720850742,0.63759864513108577,5.5469968464869772e-06,1.9026590588859793,0.63761883196413049,5.1519016883480846e-09
1.48,740,0.0039743433914638899,0.11927472253231461,0,0.1730516924797651,2.7261066512695527e-05,0.00052541704661206938,0.11546136018487278,0.0069701681034392091,1.7770016432716194,1.1477915863052732,-0.3051294975233998,0.061616790078415244,1.9017807546166123,0.6379798215207193,7.0900152955593856e-06,1.9017632752105895,0.63799950503449643,5.1442392173182493e-09
1.5,750,0.0040586306562145373,0.11495161243982106,0,0.17321635743146724,4.6529332540574898e-05,0.00056726818186679951,0.11149413584728964,0.0083963134701096568,1.8141632433519088,1.1479238041238307,-0.30078729446905245,0.061097529350815784,1.9008995453652646,0.63837500868393471,8.7686395035155128e-06,1.9008550601970944,0.63838546093795601,5.1364704094900213e-09
1.52,760,0.0041430398087972777,0.11066453172831138,0,0.1734067802555099,0.00015781236452730478,0.00063177980687203236,0.10759052470384452,0.010375968849005291,1.8514250400154995,1.1480515748760327,-0.29648142278662631,0.06056830353365926,1.9000897027907306,0.63880397801751365,1.0730661932273058e-05,1.8999346543780684,0.63877659745756132,5.1285973223622511e-09
1.54,770,0.00422734837169364,0.10641762330542945,0,0.17362295305190367,0.00036902962217648898,0.00079096864057896007,0.10375639693281161,0.012415228227667625,1.888623588895316,1.148175827229998,-0.29221578706191637,0.06003005509742286,1.8993580219661226,0.63926930912376401,1.8335308840093846e-05,1.8990023047881379,0.63917280961324585,5.120622069051888e-09
1.5600000000000001,780,0.0043113031549508454,0.10221370917365612,0,0.17385936310473188,0.00064505946706383966,0.0012565564284799443,0.099996686012977135,0.014280660186512499,1.9256013509106353,1.1482974771994821,-0.28799309252361083,0.059483113396071985,1.8986748014015118,0.63976093981590298,3.2160841210046794e-05,1.898058264790593,0.63957398973550816,5.1125468168108316e-09
1.5800000000000001,790,0.0043946534929281151,0.098055944167964204,0,0.17411313649869778,0.00096063771008377571,0.0021853009862167483,0.096316848896218624,0.015864926105188699,1.9622078387167456,1.1484174380310295,-0.28381645229556057,0.058927400467743002,1.8980187234509425,0.64026563184784058,4.8255015238579907e-05,1.8971027939039997,0.63998002753909544,5.1043737855427802e-09
1.6000000000000001,800,0.0044771409900324606,0.093947964009330392,0,0.17438147483217428,0.0012934960060057713,0.0036168080756013299,0.092722994824724736,0.017117196304699864,1.9982932906311994,1.148536513666105,-0.27968945951351548,0.05836287567452985,1.8973681048658531,0.64077935733614588,6.685599824833917e-05,1.896136157628812,0.64039081019668587,5.0961052463200813e-09
1.6200000000000001,810,0.0045584969282279914,0.089893663070658991,0,0.17466155155225177,0.0016225147033663047,0.0055422889712108334,0.08922161753539945,0.018015816502263731,2.0337061895263626,1.1486555584184877,-0.2756160009169385,0.057789295132519791,1.8967018918895546,0.64129919884412179,8.8675978694047368e-05,1.8951586272739833,0.64080622241257212,5.0877435199005866e-09
1.6400000000000001,820,0.00463884396780085,0.085883545460546135,0,0.17494911666727972,0.0019286791372953654,0.0079402326207264843,0.085795097623936251,0.018530819828014248,2.0684369667602258,1.1487990303873523,-0.27158651576094761,0.057210177405702993,1.8960027828332731,0.64181742448087942,0.00011340302338153542,1.8941704797835788,0.64122614649634468,5.0792909752444964e-09
1.6600000000000001,830,0.0047206198684970084,0.081836806824149053,0,0.17524099674991561,0.002203111984570716,0.010804297545466168,0.082277963835197004,0.018476319778623587,2.1032983046870828,1.1491444162071882,-0.26751972071931512,0.056656671451259535,1.8952625775698098,0.64233109284908385,0.00014114292843968654,1.8931719975633872,0.64165046243657498,5.0707500280312163e-09
1.6799999999999999,840,0.0048049034018559532,0.077717813500992439,0,0.17553417974095112,0.0024300808328498861,0.014143256738123097,0.078566629767411841,0.017723805458439799,2.1385391232208799,1.1498095375455155,-0.26337964831108368,0.056151327108548213,1.8944670159791279,0.64283379137635821,0.00017124575887405384,1.8921634683075332,0.64207904797449811,5.0621231391762032e-09
1.7,850,0.0048909012551189924,0.073560191291558052,0,0.17582460757285534,0.0025935827980064141,0.017684368485535697,0.074677947465259964,0.016369129181824309,2.1737793112843371,1.1507945104119763,-0.25919997169429604,0.055696778807517562,1.8936034946129585,0.64331357695062574,0.0002012617216365878,1.8911451848250884,0.64251177867769649,5.0534128133478197e-09
1.72,860,0.0049780940368351909,0.069397276449054593,0,0.17610997155667674,0.0027182362958106296,0.020713014575508736,0.070622211858609049,0.014638482100240068,2.2087967310459318,1.1521077332371237,-0.25501414154050567,0.055297702861588291,1.8926951076994045,0.64378024869538697,0.00022957766595822207,1.8901174448666844,0.64294852801378266,5.0446215974841814e-09
1.74,870,0.0050659330032917713,0.065264227968946084,0,0.1763918848144139,0.0028213807073403465,0.022849381692554339,0.066409818460744494,0.012759865938293565,2.2433625894123326,1.1537568742656907,-0.2508573596341267,0.054959621679973585,1.8917566923613465,0.64424572648556766,0.00025449044286262348,1.8890805509511239,0.64338916742408259,5.0357520793100117e-09
1.76,880,0.005153843602004749,0.061197343995755868,0,0.17667080514536848,0.0028927401554669223,0.024256641481968148,0.062052635700650761,0.010984431236646859,2.2772476295272255,1.1557463508719661,-0.24676597175432868,0.054688161960774313,1.8907786324423699,0.64470736496414949,0.00027543401945512449,1.8880348101919928,0.64383356639731881,5.0268068858534875e-09
1.78,890,0.0052411925141782837,0.057234026611650168,0,0.17694599809186531,0.0029228364019454485,0.025116044899210977,0.05756712830317981,0.0096653067125573849,2.310199381938066,1.1580736145489048,-0.24277748356341727,0.054490195132427283,1.8897525868259104,0.6451609723155648,0.00029221670133889851,1.8869805341242731,0.64428159254329365,5.0177886819630946e-09
1.8,900,0.0053273269346047203,0.053406968334994358,0,0.17721726054164386,0.0029035602946510478,0.025535732387103213,0.05297718057634223,0.0092871451966195836,2.3419617221407174,1.1607203116812552,-0.23892461566518419,0.054373771565557963,1.8886713834141715,0.64560327384516625,0.00030426167941529172,1.8859180385309533,0.64473311166657221,5.008700168824475e-09
1.8200000000000001,910,0.0054125225960779122,0.049685012620626474,0,0.177484890818491,0.002833342271787481,0.025602853082283803,0.048333606739669854,0.010091805023760718,2.3728828815467864,1.1635662404082407,-0.2351765089396422,0.054315145905407383,1.8875339144130161,0.64603354262797064,0.00031115267218227244,1.884847643269641,0.64518798784016551,4.9995440824772792e-09
1.8400000000000001,920,0.0054961714218970939,0.046121826180229336,0,0.17774786719073155,0.0027037033373321457,0.025367017042607982,0.043645707885598038,0.011721774536263583,2.4027215962512369,1.1666448227578483,-0.23158663018051501,0.054312754322705138,1.8863326788471413,0.64644800160515192,0.00031295141621259337,1.8837696720991759,0.64564608347921393,4.9903231923320192e-09
1.8600000000000001,930,0.005573676097844437,0.04288971352000754,0,0.1780062171907042,0.0024899455667306129,0.024850310936046602,0.039167799853024328,0.01396861651779879,2.4297893824321597,1.1697623486920561,-0.22832773064352105,0.054355598448568104,1.8850449278262462,0.64683801018957776,0.00030658041040956639,1.8826844525062396,0.64610725941467007,4.9810402996869118e-09
1.8800000000000001,940,0.0056427156801768475,0.04001532904137791,0,0.17826017293508256,0.0021821298079577594,0.024062717635865913,0.035128634808413564,0.016054036463501627,2.4535511075560517,1.1726185283634778,-0.2254270551376753,0.054401642164446276,1.8836613639139597,0.64720074886732837,0.000290896335140639,1.8815923155319698,0.64657137496698169,4.9716982362447395e-09
1.9000000000000001,950,0.0057049718427164909,0.037433548786121484,0,0.17851036631020692,0.0017908104586823721,0.023147051046110326,0.031507825338445081,0.017250023466766323,2.4750133385449171,1.1751760984304609,-0.22281936529673849,0.054435820456171652,1.8821921744236336,0.64753908448403685,0.00026652883619728343,1.8804935955985707,0.64703828801977559,4.9622998626296919e-09
1.9199999999999999,960,0.0057617937774732441,0.035109864706906767,0,0.17876012483733453,0.0013512257185101435,0.022211890114426095,0.028254280305895343,0.017221453871090017,2.4948718928808797,1.1774725724764095,-0.22046991644994754,0.05445952074871109,1.8806712233893021,0.64786183609795167,0.0002355117474602151,1.8793886303359253,0.64750785509354014,4.9528480669042226e-09
1.9399999999999999,970,0.0058137607573434747,0.033021478526040524,0,0.17901473929101294,0.00096211806593314217,0.021071959859887416,0.025331343975571383,0.016276380122917593,2.5133188230984382,1.1795370578359439,-0.21835594729349281,0.054475645575060419,1.8791912221973557,0.64820286045147202,0.00020387102483093662,1.8782777604082077,0.64797993141930843,4.9433457630858974e-09
1.96,980,0.005861228143745319,0.031148003716604304,0,0.17927729418404162,0.00067975920416069675,0.019587059391610012,0.022707967527994696,0.014801399181900616,2.5304203989462613,1.1813931765392933,-0.21645716216554459,0.054486429533993908,1.8778052293724117,0.64858346449287174,0.00017550478514564351,1.8771613293404952,0.64845437101234182,4.9337958896642442e-09
1.98,990,0.0059043100576570791,0.029468394504995995,0,0.17954635242272063,0.00048316171286762779,0.017849137060825197,0.020354335494825078,0.013150907775460701,2.5460824559008897,1.1830621195319624,-0.21475259898108287,0.054493262690748327,1.8764940442817595,0.64899680066894816,0.00015058769648359691,1.8760396833453792,0.64893102674581282,4.9242014081176077e-09
2,1000,0.0059432298984906625,0.027963397223526643,0,0.1798203407834526,0.00035007404536848281,0.016026904860459299,0.018243549228098069,0.01156562120220502,2.560304541622719,1.1845626748766995,-0.21322302060346751,0.054497293976572055,1.8752375838735411,0.64943623096274306,0.00012887307535549691,1.8749131711495783,0.64940975042448834,4.9145653014299935e-09
2.02,1010,0.0059783355133212184,0.026614972785287332,0,0.18010190793402697,0.00025978799870231658,0.014277841256180993,0.016350910717053479,0.01009977604992178,2.573188524507851,1.1859116933122111,-0.21185036440564325,0.054499024667826329,1.8740173347368563,0.64989325233177198,0.00011030839789447643,1.87378214382055,0.64989039285841255,4.9048905726079246e-09
2.04,1020,0.0060099606133350719,0.025406714720900073,0,0.18039210143114545,0.00019598503962919281,0.012711884500196375,0.014653963804662265,0.0087754589277920566,2.5848378131743712,1.1871244861971879,-0.21061819591213288,0.054498832280538465,1.87281797576148,0.65036003308218593,9.4866905504485408e-05,1.8726469545931017,0.65037280393659036,4.8951802431972912e-09
2.0600000000000001,1030,0.0060384518392251315,0.024324090198532339,0,0.18069043361316095,0.00015094115574136675,0.011331487515101414,0.013132663992775391,0.0075872452123385437,2.5953785847700428,1.1882148293956882,-0.20951195180207374,0.054497002158562236,1.871632495289135,0.65083379856203838,8.2122471406013059e-05,1.8715079586960039,0.65085683270067063,4.8854373518001981e-09
2.0800000000000001,1040,0.0060641176274241855,0.023354064645110809,0,0.18099675550720074,0.00011935155667594308,0.010116815106703472,0.011768965236313525,0.0065275403607338578,2.6049198350215135,1.1891951756017973,-0.20851856981562533,0.054493782531293042,1.8704563520307784,0.65131286794041932,7.15956303744565e-05,1.8703655131786021,0.65134232741862896,4.8756649525918199e-09
2.1000000000000001,1050,0.0060872311565863023,0.0224849539572494,0,0.18129573014318795,9.7279381885497293e-05,0.009052787881978273,0.010546638625145575,0.005591271767196886,2.6135552652811254,1.1900767627825635,-0.20762634139150599,0.054489404015551558,1.8692863681905272,0.65179595687230329,6.2890645220720049e-05,1.8692199767374271,0.65182913565845124,4.8658661138372475e-09
2.1200000000000001,1060,0.0061080391203153324,0.021706278507904794,0,0.18153580400263908,8.1788624344845081e-05,0.0081261737976518131,0.009451098044751716,0.0047718993957773046,2.6213690991752578,1.1908697131557777,-0.20682476444559497,0.054484063026339999,1.8681203135412512,0.65228206931605637,5.5678691696575482e-05,1.8680717095428092,0.65231710436181622,4.8560439164083415e-09
2.1400000000000001,1070,0.0061267485599537253,0.021008626093824961,0,0.18178330763299572,7.0719217384740225e-05,0.0073289851406482167,0.0084692285955860081,0.0040622453199656208,2.6284259530230942,1.1915831383812425,-0.20610440622323747,0.05447792408032523,1.8669563995303395,0.65277028808745696,4.9726003376164268e-05,1.8669210730654884,0.6528060799177795,4.8462014523005817e-09
2.1600000000000001,1080,0.0061435525844815196,0.020383538828448688,0,0.18203773271647941,6.2628037253988791e-05,0.0066564156704492982,0.0075892394757860436,0.0034543609986812168,2.6347886950664337,1.192225234478937,-0.20545679034563497,0.054471121466478145,1.8657930081561054,0.65325974274373999,4.4840510446040895e-05,1.8657684299032278,0.653295908236456,4.83634182314992e-09
2.1800000000000002,1090,0.0061586441307206734,0.019823483962397307,0,0.18229908386875446,5.6878420169506833e-05,0.0060918380033561717,0.0068005989174909735,0.0029356835192882388,2.6405274842132029,1.19280334556389,-0.20487436836330394,0.054463757183124288,1.8646301442867701,0.65375022014224626,4.0841450481966919e-05,1.8646141436074237,0.65378643482270304,4.8264681387496265e-09
2.2000000000000002,1100,0.0061721997176269298,0.01932172695085313,0,0.18256734736695526,5.2790433895580213e-05,0.0056150207430341629,0.0060938700262768994,0.002493376027727976,2.64570738937143,1.1933240625373776,-0.20435038661235594,0.054455913417165901,1.8634682422456152,0.65424168774414893,3.7562466428652284e-05,1.8634585785097197,0.6542775048498044,4.816583515567146e-09
2.2200000000000002,1110,0.0061843774570103814,0.018872199892497575,0,0.1828383861745036,4.970759668715903e-05,0.0052103376331141694,0.0054605606860163285,0.0021164926428561392,2.6503864160064801,1.193793311451721,-0.20387876254683221,0.054447654853231151,1.8623070937334296,0.65473386744765649,3.485002339156407e-05,1.8623020995486168,0.65476896323315226,4.8066910752609441e-09
2.2400000000000002,1120,0.0061953194037807462,0.018469465272194605,0,0.18311009179229282,4.7233470558962794e-05,0.0048655612549856038,0.004893054876751398,0.0017957066141215143,2.6546165703968723,1.1942164115243623,-0.20345404557111224,0.054439037164341043,1.861146576351703,0.65522649009784528,3.2585736729492456e-05,1.8611450720960867,0.65526065470393113,4.7967939431973605e-09
2.2600000000000002,1130,0.006205152381789758,0.018108631542527509,0,0.18338239847577456,4.524135624434376e-05,0.0045709900846084795,0.0043845059024888106,0.0015229799912443746,2.6584439080989877,1.1945981414354925,-0.20307133243155862,0.054430103752196084,1.8599863156186986,0.65571917933714174,3.0650991734252059e-05,1.859987861784183,0.65575242388280097,4.7868952469674573e-09
2.2800000000000002,1140,0.0062139906898048946,0.017785339900699706,0,0.18365528570433703,4.3616924895101645e-05,0.0043187125315148666,0.003928799679779384,0.0012913861937647424,2.6619100118305257,1.194942780919843,-0.20272625679002804,0.054420897451712871,1.8588266042212285,0.65621180257345058,2.8994888129665968e-05,1.8588308343316529,0.65624411535357985,4.7769981149038737e-09
2.3000000000000003,1150,0.0062219376870565482,0.017495700198712633,0,0.18392876737742628,4.2161075492187478e-05,0.0041004487977731588,0.0035204650617570777,0.001094756230905748,2.6650526826960879,1.1952541658133711,-0.20241491752877375,0.054411457125642854,1.8576679981865001,0.65670432334175299,2.7582934177452172e-05,1.8576743553705499,0.6567355737369277,4.7671056745976717e-09
2.3199999999999998,1160,0.0062290860541904395,0.017236208148710765,0,0.18420280038520784,4.0819600085589011e-05,0.0039099637748658544,0.0031545813323903401,0.00092784261002471099,2.6679057290696808,1.1955357416691286,-0.20213380164426675,0.054401812373323602,1.8565106980448332,0.65719654423292351,2.6363319855652928e-05,1.8565187902728459,0.65722664376402906,4.7572210514151912e-09
2.3399999999999999,1170,0.0062355188469391653,0.017003721390675481,0,0.18447732032690545,3.9620235733963589e-05,0.0037425333100638762,0.0028267350515919069,0.00078620547160421705,2.6704993988205366,1.1957905991801023,-0.20187975861082125,0.054391987858544641,1.8553548171262459,0.65768825420455235,2.5298709428228569e-05,1.8553645039770419,0.65771717035027621,4.7473473670148977e-09
2.3599999999999999,1180,0.0062413107148257142,0.016795427380987944,0,0.18475226587602209,3.8560912266634803e-05,0.0035942128448156769,0.0025329735569109245,0.00066601239915067747,2.6728608416975237,1.1960215091666011,-0.20164996960092099,0.054382005800459321,1.8542006834532856,0.65817926642334468,2.4354955112460425e-05,1.8542118608147813,0.6582069986689526,4.737487737864236e-09
2.3799999999999999,1190,0.0062465287415354037,0.016608811835326472,0,0.18502758279608425,3.7591315814846612e-05,0.0034615072992939455,0.0022697569878042207,0.00056401814693138937,2.6750144451199716,1.196230955281911,-0.20144191235764014,0.054371886259595471,1.8530487342843613,0.65866942365373082,2.3503084354202817e-05,1.8530612243374605,0.65869597422491588,4.7276452737564763e-09
2.3999999999999999,1200,0.0062512331256746653,0.016441621736935967,0,0.18530321725616489,3.6648213299153017e-05,0.0033416334053108648,0.0020339141903810737,0.000477426680849709,2.6769820866766749,1.1964211637239979,-0.20125332856093575,0.054361647027453032,1.8518993902233625,0.65915858915428638,2.2725113463956448e-05,1.8519129571428425,0.65918394292828086,4.7178230763275702e-09
2.4199999999999999,1210,0.0062554778137377011,0.016291833751081182,0,0.18557909780527879,3.5741486179492975e-05,0.003232378455818237,0.0018225992657501069,0.0004038845696302377,2.678783364464647,1.1965941313607216,-0.20108219052450957,0.054351302481269202,1.8507529306017365,0.65964659805923875,2.2007393553333888e-05,1.8507674207016676,0.65967075116810314,4.7080242375729978e-09
2.4399999999999999,1220,0.0062593111201144063,0.016157631697516838,0,0.18585513963086583,3.4934621802463205e-05,0.0031320872109968211,0.0016332591436641439,0.00034143688002892921,2.6804358022193546,1.1967516490300421,-0.20092667863818819,0.054340864351852772,1.8496095709248854,0.66013326874048506,2.1339818935487308e-05,1.8496249751842657,0.66015624588606148,4.6982518383646196e-09
2.46,1230,0.0062627764274204812,0.016037395082811764,0,0.18613127209990063,3.4198128733978528e-05,0.003039312827616106,0.0014636109349852988,0.00028838851099891163,2.6819551029270685,1.196895320599388,-0.2007851683784927,0.054330344330818646,1.8484697070691525,0.66061846151160319,2.071492551532819e-05,1.848485979287168,0.66064027465014175,4.6885089469675266e-09
2.48,1240,0.0062659126673013273,0.015929672647323388,0,0.18640742348362779,3.3493939417934894e-05,0.002952775878167677,0.0013116090816159517,0.00024335394663934742,2.6833553514166919,1.1970265836407483,-0.20065620454649091,0.054319752747920606,1.847333740735337,0.66110203835464187,2.0125575300365971e-05,1.8473507900597197,0.66112268572831967,4.6787986175568924e-09
2.5,1250,0.0062687546706678855,0.01583315850785446,0,0.18668350120754576,3.2890308838312751e-05,0.0028715011072218892,0.0011754152873332362,0.0002049981463799566,2.6846491401011638,1.1971467281741286,-0.20053847750728954,0.054309097094178714,1.8462019123094786,0.66158382096405266,1.9564937443652172e-05,1.8462197627306913,0.66160332816224376,4.6691238887348242e-09
2.52,1260,0.0062713336636281737,0.015746686242219345,0,0.18695942096237311,3.2392315070496376e-05,0.0027947445370488295,0.0010533854933028229,0.00017243268778920301,2.6858477256475122,1.1972569094609538,-0.20043081753815045,0.054298384837754642,1.8450745674451883,0.66206366026125352,1.902974903309975e-05,1.8450932505348905,0.66208205184091917,4.6594877820472108e-09
2.54,1270,0.006273677669242971,0.015669212667105605,0,0.18723510465046136,3.1957119813398914e-05,0.0027217752153863043,0.00094404858633890339,0.00014466866299772012,2.686961195012703,1.1973581622861382,-0.20033217900536754,0.054287623178048576,1.843952114695899,0.66254142490318202,1.85171529219423e-05,1.8439716045397745,0.66255870757439028,4.6498933005005735e-09
2.5600000000000001,1280,0.0062758118031342224,0.015599801562645536,0,0.18751047438366825,3.1557842096027467e-05,0.0026510236770375178,0.00084608495925873916,0.00012110351073921987,2.6879988524855616,1.1974514143719708,-0.20024162347209112,0.054276818044380622,1.8428349177237053,0.66301698669096676,1.8016887758904913e-05,1.842855173472062,0.66303314716742368,4.6403434270789203e-09
2.5800000000000001,1290,0.0062777585493416915,0.015537612498073361,0,0.18778545980196995,3.1178941711786471e-05,0.0025796157194604378,0.00075831070327289109,0.00010096933759477949,2.6889691980785235,1.1975374975340205,-0.20015830850097954,0.054265974452967269,1.8417233102010533,0.66349022432860771,1.7509801662934286e-05,1.8417443035443444,0.66350522349319208,4.6308411232605943e-09
2.6000000000000001,1300,0.0062795379589172841,0.015481893428773121,0,0.18805993151621334,3.0821243714387086e-05,0.0025064962181510983,0.00067966573051775282,8.3809093030114506e-05,2.6898794867356899,1.1976171570757983,-0.20008148024231295,0.054255097060773437,1.8406176313620011,0.66396099852724821,1.6991037786361205e-05,1.840639338281699,0.66397479056695652,4.6213893275351259e-09
2.6200000000000001,1310,0.0062811679160254038,0.015431970531929939,0,0.18833297026762494,3.0521377737622202e-05,0.0024328528362452338,0.00060920006598930122,6.9066013704552147e-05,2.6907359689701082,1.1976910609862448,-0.20001046324820157,0.054244189646087716,1.8395181994543623,0.66442913946240945,1.6469412139544451e-05,1.8395406183482998,0.66444170361975041,4.6119909539200782e-09
2.6400000000000001,1320,0.0062826645962745188,0.015387192840465231,0,0.18860403455170788,3.0870465756306116e-05,0.0023595084724374617,0.00054601824052926838,5.6632936810205469e-05,2.6915443406791897,1.1977598229921027,-0.19994460503704142,0.054233242600472333,1.8384247544609504,0.66489406086585556,1.5871596279646215e-05,1.8384484813740301,0.66490581917206204,4.6026488904779059e-09
2.6600000000000001,1330,0.0062840421487229889,0.015347036626047271,0,0.18887321263350423,3.1626133047109895e-05,0.0022874633923846074,0.00048937356604931905,4.6119584810583162e-05,2.6923094583391238,1.1978239740535046,-0.19988338057259417,0.054222263133823612,1.8373379096126685,0.66535580380290549,1.5243837071547207e-05,1.8373632617810938,0.66536699510751818,4.5933659978327986e-09
2.6800000000000002,1340,0.0062853132020362036,0.015311059839642616,0,0.18914140867086415,3.2229876477502338e-05,0.0022168640044768033,0.00043862249462637816,3.7468895094184944e-05,2.6930356502933841,1.1978839811863193,-0.19982634664511756,0.054211265412328402,1.8362585604412198,0.66581463472033953,1.4665228628668333e-05,1.8362852906106286,0.66582509074656648,4.5841451076875385e-09
2.7000000000000002,1350,0.0062864893489563371,0.015278825022326695,0,0.18940869209911332,3.2727491131226901e-05,0.0021477232265698222,0.00039314957822949925,2.9821031431209501e-05,2.6937269699366424,1.1979402761895375,-0.19977306470640879,0.054200250922435307,1.8351869764145068,0.66627036216811386,1.4124436637679722e-05,1.8352148953493164,0.66627996692015989,4.5749890213403427e-09
2.7200000000000002,1360,0.0062875808948547798,0.015249945198296113,0,0.18967496300168063,3.3151700978465481e-05,0.0020802383674523063,0.00035240818497315405,2.3814010656927559e-05,2.6943870042132145,1.1979932442387757,-0.19972314688623047,0.05418922228156977,1.8341234386961629,0.66672283345961125,1.3621653848800749e-05,1.8341523997559965,0.66673148604343846,4.5659005082017239e-09
2.7400000000000002,1370,0.0062885971386151037,0.01522406941380759,0,0.18994011030683056,3.3554630377586899e-05,0.0020144745310570981,0.00031590442237529331,1.8783020217535152e-05,2.695018981836756,1.1980432319660501,-0.19967624136759415,0.054178180580301778,1.833068212475738,0.66717186283176122,1.3146851649899519e-05,1.8330981236882766,0.66717951218941329,4.5568823043113303e-09
2.7600000000000002,1380,0.0062895464084736057,0.015200884478129681,0,0.19020403002000999,3.3963777745398526e-05,0.0019504578073883676,0.00028319679557432722,1.5835142153691226e-05,2.6956257813831499,1.1980905495983281,-0.19963203402434818,0.054167127088102833,1.832021582732378,0.66761728921880947,1.269454153791322e-05,1.8320523829291457,0.66762391116264952,4.547937110854806e-09
2.7800000000000002,1390,0.0062904361979500114,0.015180107440410257,0,0.19046661274466645,3.4412158989379288e-05,0.0018881381292308551,0.00025388759925823196,1.2547858734911261e-05,2.6962099842076461,1.1981354758807956,-0.19959024118248053,0.054156062242880269,1.8309838247499057,0.66805893881604872,1.2255223800781169e-05,1.8310154890135852,0.66806455057294944,4.5390675926806363e-09
2.8000000000000003,1400,0.0062912731990482649,0.015161486913622034,0,0.19072775895807748,3.4906163632670369e-05,0.0018274912717255328,0.00022762251540443766,1.2013660097101191e-05,2.6967738820175793,1.1981782598444601,-0.19955061080387465,0.054144987036909682,1.8299552336389797,0.6684966707345309,1.1826489174840812e-05,1.8299877490551812,0.66850129990903562,4.530276376816998e-09
2.8199999999999998,1410,0.0062920633539584004,0.015144802560318894,0,0.19098738652594505,3.5417171151713451e-05,0.0017684412025537805,0.00020408875308724721,1.1952831047522336e-05,2.6973194964292095,1.1982191229285606,-0.19951292196777093,0.054133903817575157,1.8289361350523052,0.66893039616303629,1.1416935824420952e-05,1.8289694655727364,0.668934030612234,4.5215660509886145e-09
2.8399999999999999,1420,0.0062928120208700124,0.015129854253915644,0,0.19124540207301022,3.5942028429809345e-05,0.0017109082798825094,0.00018300346575918501,1.289169934879393e-05,2.6978486446289742,1.1982582644791744,-0.19947697401726253,0.054122813894522351,1.8279268268496573,0.66935999502939947,1.1027370066026671e-05,1.8279609363168825,0.66936261615015713,4.5129391621336015e-09
2.8599999999999999,1430,0.0062935240122270822,0.015116461845981862,0,0.19150315541911486,3.6483097421525155e-05,0.0016548124402546314,0.00016411241498354951,1.3281600966983096e-05,2.6983629498294466,1.1982958634104932,-0.19944258632368331,0.054111718175381227,1.8269275968750083,0.66978533768959281,1.0655719359145613e-05,1.8269624540966909,0.66978693209038731,4.5043982149203213e-09
2.8799999999999999,1440,0.0062942037246914179,0.01510445729606971,0,0.19176319773926453,3.7075281501580882e-05,0.0016000793285014588,0.00014718145264222901,1.4388049231413678e-05,2.6988638919409573,1.1983320823457888,-0.19940959040505549,0.05410061535731981,1.8259386908831561,0.67020623392277645,1.0286011765101015e-05,1.8259743066062863,0.67020685617416009,4.4959456702642304e-09
2.8999999999999999,1450,0.0062948549728645267,0.015093699397531623,0,0.19202535835513618,3.7695840466331843e-05,0.0015466830096968441,0.00013200974230228528,1.5367925632528735e-05,2.6993527356485658,1.1983670637243982,-0.19937784466667838,0.054089507201484699,1.8249604111616153,0.6706226004933894,9.926500312987023e-06,1.8249967762514576,0.67062226839004624,4.4875839438447364e-09
2.9199999999999999,1460,0.006295481233393168,0.015084057693889583,0,0.19228938280569696,3.8343100215641072e-05,0.0014945087587686695,0.00011841355670356413,1.6511196510205469e-05,2.6998306301990982,1.1984009365564212,-0.19934721829641186,0.054078394026142861,1.8239930319387565,0.67103431319471141,9.5749479982430792e-06,1.8240301399762699,0.67103305104763666,4.4793154046220383e-09
2.9399999999999999,1470,0.0062960855859444239,0.015075417607037988,0,0.19255502328639607,3.9006264397980518e-05,0.0014435360816105346,0.00010623049211101815,1.7704227144513012e-05,2.7002985819662308,1.198433815622002,-0.19931759639774277,0.0540672768775841,1.823036833621402,0.67144127307305834,9.234594526471253e-06,1.8230746690896769,0.67143908885122383,4.4711423733539861e-09
2.96,1480,0.0062966708308547443,0.01506767367630274,0,0.19281689318607212,3.9687415267160117e-05,0.0013936923176544327,9.5312346297103296e-05,1.8271553931657168e-05,2.7007575021047141,1.1984658047500465,-0.19928887321874744,0.054056155753394133,1.82209207486757,0.67184335226415026,8.9014298372975997e-06,1.8221306290921317,0.67184026897348637,4.4630671211129289e-09
2.98,1490,0.0062972403537939247,0.015060709602761787,0,0.19302253206161846,4.0792490776036616e-05,0.0013462957354973513,8.5506618634058644e-05,1.8744172150678372e-05,2.7012084335660753,1.1984970029000226,-0.19926093217887833,0.054045023457955706,1.8211585724247055,0.67224026132915748,8.5534543617877223e-06,1.8211982795022013,0.67223648112917078,4.4550918678025666e-09
3,1500,0.0062977968639099293,0.01505445184923652,0,0.19322988997818624,4.2141914959678235e-05,0.0013032065372252837,7.6704667133904044e-05,1.9090959104164312e-05,2.7016521050666773,1.1985274899981855,-0.19923369951427755,0.054033883329674334,1.8202367691507246,0.67263196005963066,8.220399777745619e-06,1.8202778736831753,0.67262761764877599,4.4472187806747972e-09
3.02,1510,0.0062983422794175223,0.015048844725583488,0,0.19343880229020285,4.3338091462605899e-05,0.0012634603855311542,6.881814108410557e-05,2.0240018397643986e-05,2.7020890730953981,1.1985573352069507,-0.1992071193370186,0.054022742139123066,1.8193273350578509,0.67301849549598869,7.9212900260423473e-06,1.8193696586696801,0.67301357355223568,4.4394499728465685e-09
3.04,1520,0.0062988760908547674,0.015043881906322127,0,0.19364936742180314,4.3539610528770597e-05,0.0012191786028559306,6.1808498484117091e-05,2.0347774359157065e-05,2.7025197814894306,1.1985865868766075,-0.19918118518296096,0.054011620806019955,1.8184314543512594,0.67340037490528115,7.6615122517576099e-06,1.8184738749942904,0.6733942466226015,4.4317875018167331e-09
3.0600000000000001,1530,0.0062994012017159994,0.015039419737929032,0,0.1938610536232459,4.410746331294031e-05,0.0011656752657616721,5.5513839780724867e-05,2.0738089811501742e-05,2.7029453227873663,1.1986153296505724,-0.19915575315845901,0.054000492236704861,1.8175478726499843,0.67377682276039685,7.3097100257809075e-06,1.8175907565141403,0.67376953747972645,4.4242333679828953e-09
3.0800000000000001,1540,0.0062999205604658088,0.015035372803514462,0,0.19407209930850647,4.5350410779673478e-05,0.0011171849187715868,4.98288468000673e-05,2.1497471115166028e-05,2.7033660472490175,1.1986436266767586,-0.19913073765148648,0.053989344932191187,1.8166764187376367,0.6741472723976405,6.9373430767583677e-06,1.816720530237536,0.67413934965394784,4.4167895131582588e-09
3.1000000000000001,1550,0.0063004349227335568,0.01503174837685939,0,0.19428037471050105,4.6406770562078333e-05,0.0010743566784067631,4.4736635830926477e-05,2.1395506250453509e-05,2.7037819935607916,1.1986715093213127,-0.19910614584045241,0.05397819788286877,1.8158182805600014,0.67451211279822132,6.6167410534147144e-06,1.8158634161505682,0.67450358965977042,4.4094578190884867e-09
3.1200000000000001,1560,0.0063009454729557601,0.015028501275714654,0,0.19448579506859229,4.732821135943022e-05,0.0010351758127682981,4.0174549526079987e-05,2.183391520383078e-05,2.704193568491601,1.1986990208691206,-0.19908193241378772,0.053967050793865948,1.8149736204945204,0.67487129413192781,6.3332057044547738e-06,1.8150196270437231,0.67486216706954993,4.402240105968544e-09
3.1400000000000001,1570,0.0063014532478162365,0.01502559161370177,0,0.19468829523788533,4.8160614531898791e-05,0.00099869622581399671,3.6086845248959691e-05,2.2033315828455735e-05,2.7046011143456066,1.1987262001447938,-0.19905805736951923,0.053955903507298793,1.814142592500732,0.67522472150518209,6.0750507720011378e-06,1.8141893683384942,0.6752149945871756,4.3951381309595497e-09
3.1600000000000001,1580,0.0063019591764116433,0.015022984067343866,0,0.19488780878027406,4.8927904485803645e-05,0.00096438712618117546,3.2423967739142657e-05,2.2394272795856101e-05,2.7050049263782898,1.198753081800604,-0.19903448527991,0.053944755972282835,1.8133253669220264,0.6755723050005914,5.8359205311261837e-06,1.8133728379139957,0.67556198812175383,4.3881535867056296e-09
3.1800000000000002,1590,0.0063024640903065945,0.015020647140671426,0,0.19508427148557178,4.9643084224185805e-05,0.00093186254850408372,2.9141664394054127e-05,2.2426798989897964e-05,2.7054052618366353,1.1987796968284983,-0.19901118455449623,0.053933608182247704,1.8125221187750138,0.67591396158845152,5.6117003220466572e-06,1.812570225933573,0.67590306686129098,4.3812880998507672e-09
3.2000000000000002,1600,0.0063029687321017863,0.015018552659728936,0,0.19527762116032737,5.0314487224694238e-05,0.00090081899768239585,2.6200330757513578e-05,2.2845425764212974e-05,2.7058023457344262,1.1988060729786387,-0.19898812693376539,0.053922460144488808,1.8117330205348114,0.67624961299450015,5.3992934537814887e-06,1.8117817146714146,0.67623815334637694,4.3745432295556524e-09
3.2200000000000002,1610,0.0063034737643826062,0.015016675392374008,0,0.19546779738484796,5.0947997797706877e-05,0.00087100981469206442,2.3564493295532474e-05,2.2556434745889217e-05,2.706196375115709,1.1988322351097469,-0.19896528710824343,0.05391131186891391,1.8109582393995272,0.67657918475704093,5.1962905836158937e-06,1.8110074783391661,0.67656717354386786,4.3679204660145344e-09
3.2400000000000002,1620,0.006303979765012113,0.015014994451395125,0,0.19565474636223218,5.1493668727009494e-05,0.00084218441309039105,2.1203829103805142e-05,2.2685329707937426e-05,2.7065875056256083,1.1988582051585266,-0.19894264412200885,0.053900163983906464,1.8101979944440585,0.67690261436917509,5.000810513363865e-06,1.8102476829125391,0.67689005692056936,4.3614212289720675e-09
3.2600000000000002,1630,0.006304487242814313,0.015013489050663813,0,0.19583840977294367,5.1977905490985734e-05,0.00081415811932042078,1.9089408561354798e-05,2.265317472408141e-05,2.7069758874596777,1.1988840031852679,-0.19892017712546137,0.053889016320647617,1.8094524148521309,0.67721983157228183,4.8112822150074899e-06,1.8095024859579256,0.67720673651692009,4.3550468662401701e-09
3.2800000000000002,1640,0.0063049768788466156,0.015012145271609736,0,0.19601894095830599,5.2217719395224901e-05,0.00077224569635727812,1.7199562205313356e-05,2.3099271619960363e-05,2.7073541644003907,1.1989096459235029,-0.19889787213851423,0.053877868368788703,1.8087219046512268,0.67753103513244151,4.5505524147794622e-06,1.808772036459009,0.67751714902067417,4.3487986522148688e-09
3.3000000000000003,1650,0.0063054571513719128,0.01501095767705145,0,0.19619636945869648,5.2190595883325932e-05,0.000708564232706387,1.5520121305381881e-05,2.3381554252771861e-05,2.7077254389396797,1.1989351478819179,-0.19887572373125637,0.053866729642661482,1.8080066696579034,0.67783626320934642,4.1840380179073834e-06,1.8080564746433756,0.67782123484058499,4.3426777863931505e-09
3.3200000000000003,1660,0.0063059428544415116,0.015009879498823554,0,0.1963701930429195,5.2715485986463128e-05,0.000653230022411296,1.4003369212029053e-05,2.2909150924997221e-05,2.7080953439873943,1.1989605296046897,-0.19885368502552284,0.05385558534296337,1.8073058282983412,0.67813486621428343,3.8589957275899814e-06,1.8073559318091277,0.67811893818008817,4.3366853918898151e-09
3.3399999999999999,1670,0.0063064319647974558,0.015008895836377831,0,0.19654034936656586,5.3705140435504576e-05,0.00060792520677225301,1.262964163038293e-05,2.2909150924997221e-05,2.7084631123099738,1.1989858039991204,-0.19883174106201626,0.053844432993927563,1.8066195751426146,0.67842678918634547,3.5909665744021705e-06,1.806670530151494,0.67841020711098443,4.3308225139543224e-09
3.3599999999999999,1680,0.0063069245940234261,0.015008013634742917,0,0.19670690326324416,5.4530558258808777e-05,0.00056861581228493828,1.1398261062458914e-05,2.3004407680670755e-05,2.7088286142386728,1.1990109790314836,-0.19880989876584548,0.053833280070347142,1.8059487288468343,0.67871214663356605,3.3580863441162685e-06,1.8060003825894437,0.67869499364712316,4.3250901184876484e-09
3.3799999999999999,1690,0.0063074209126224787,0.01500722378844861,0,0.19686984026039592,5.5172445917209109e-05,0.0005334753235942594,1.0295625684622991e-05,2.2781522350186147e-05,2.7091918902603389,1.1990360647956069,-0.1987881490029961,0.053822127602383259,1.8052934228852116,0.67899092948631423,3.1493479244589113e-06,1.8053455925922961,0.67897325381808527,4.3194890905591288e-09
3.3999999999999999,1700,0.0063079211317966623,0.015006517434319407,0,0.19702912938763117,5.5657221660204608e-05,0.00050172115652111649,9.30896022552471e-06,2.3225154141253322e-05,2.7095530004857591,1.1990610704602405,-0.19876648288230067,0.053810975958412229,1.8046537258921753,0.67926310778059951,2.9600838660154261e-06,1.8047062540063341,0.67924494774286626,4.3140202329233199e-09
3.4199999999999999,1710,0.0063084254380248953,0.015005885441334408,0,0.19718473670965669,5.6035402447062595e-05,0.00047281950612922379,8.4258237943699014e-06,2.3036072399968081e-05,2.7099120023859791,1.1990860044565521,-0.19874489124547021,0.053799824916957645,1.8040296683703274,0.67952864701257643,2.7865562933366616e-06,1.8040824508814159,0.67951003970355994,4.3086842645368367e-09
3.4399999999999999,1720,0.0063089340023591289,0.015005318512528483,0,0.19733662782074021,5.63739395668414e-05,0.00044628766499040353,7.6341395018594999e-06,2.3350358035739973e-05,2.7102689544192375,1.1991108745466139,-0.19872336476983848,0.053788673812669129,1.803421251412505,0.67978751205014976,2.6256458061927896e-06,1.8034742572975864,0.67976849821904073,4.303481819075217e-09
3.46,1730,0.006309446977962643,0.015004809826476583,0,0.19748477533650116,5.6677808177964167e-05,0.00042177455084216494,6.9243611922482247e-06,2.2813496432377448e-05,2.710623895355126,1.1991356873941044,-0.19870189661147941,0.053777522599040277,1.8028285345122954,0.6800396802361367,2.4750947123771458e-06,1.8028817371916892,0.68002029611864767,4.2984134434497554e-09
3.48,1740,0.0063099644970439793,0.015004353344351833,0,0.19762915440188342,5.69456680058392e-05,0.00039893801273069231,6.2879974486757957e-06,2.3193747562800386e-05,2.7109768571609019,1.199160448955628,-0.19868048071120908,0.053766371268812015,1.8022515737094187,0.68028513314465633,2.3331146307472661e-06,1.8023049441839794,0.68026541061586698,4.2934795963243723e-09
3.5,1750,0.006310486670610526,0.015003943642729804,0,0.19776974218884011,5.7177064615758475e-05,0.000377474175495751,5.7174298092047106e-06,2.3036072399968081e-05,2.7113278667242602,1.1991851645706937,-0.19865911162723518,0.05375521981457497,1.8016904133515825,0.68052385563403506,2.198336290671974e-06,1.801743921404735,0.6805038233820152,4.2886806466324546e-09
3.52,1760,0.0063110135910248166,0.015003575855574283,0,0.1979065181465835,5.7372022111264519e-05,0.00035727749389829517,5.2058271375657526e-06,2.3319120084582497e-05,2.7116769467595856,1.1992098390246901,-0.19863778447697944,0.053744068228926752,1.8011450863820726,0.68075583615985813,2.0697370366977717e-06,1.8011987013208686,0.68073552061992282,4.2840168720937031e-09
3.54,1770,0.0063115453341925929,0.015003245622885891,0,0.19803946427265745,5.7530502529474982e-05,0.00033809005190051181,4.7470692851942968e-06,2.3162298399097643e-05,2.7120241165242174,1.1992344766051906,-0.198616494885551,0.053732916506298967,1.8006156148032324,0.68098106711681139,1.9465632970261003e-06,1.8006693055625398,0.68096049313761686,4.2794884577309979e-09
3.5600000000000001,1780,0.0063120819612258669,0.015002949040305576,0,0.19816856532143295,5.7652270462149004e-05,0.00031977897880341186,4.3356748992758494e-06,2.3381554252771861e-05,2.7123693924233865,1.1992590811533086,-0.19859523893517539,0.053721764643343994,1.8001020096897873,0.68119954509033331,1.8282654776903413e-06,1.800155744749766,0.68117873642200477,4.2750954943872256e-09
3.5800000000000001,1790,0.0063126235197903842,0.015002682611053248,0,0.19829380896685825,5.7736917821625834e-05,0.00030232750490077979,3.9667342080905445e-06,2.3350358035739973e-05,2.7127127885442492,1.199283656110365,-0.19857401311698056,0.053710612638338415,1.7996042710181652,0.68141127105086718,1.7144479858890296e-06,1.7996580183190367,0.68139025071255654,4.2708379772421556e-09
3.6000000000000001,1800,0.0063131700452474038,0.015002443203330914,0,0.19841518594080962,5.7783909704336524e-05,0.00028552825460794335,3.6358492510798248e-06,2.3505925099591037e-05,2.7130543171180097,1.1993082045595014,-0.19855281428826344,0.053699460490737087,1.7991223874677538,0.68161625051990704,1.6048289068144178e-06,1.7991761143499232,0.68159504107498869,4.2667158043292729e-09
3.6200000000000001,1810,0.006313721561657543,0.015002228012506579,0,0.19853269015228345,5.7792620070086719e-05,0.00026947346941150847,3.3390806416518383e-06,2.3225154141253322e-05,2.713393988931704,1.1993327292628286,-0.19853163963455836,0.053688308200912839,1.798656336228919,0.68181449371573422,1.4992083296460977e-06,1.7987100093916917,0.68179311747494709,4.2627287750526375e-09
3.6400000000000001,1820,0.0063142780950976455,0.015002032887904112,0,0.19864631425491089,5.7811389385111224e-05,0.00025401164978326556,3.0715686517249415e-06,2.3225154141253322e-05,2.7137318328544895,1.1993572330061641,-0.19851048499530766,0.053677155145134596,1.7982060267305535,0.68200600763226538,1.3971421830392324e-06,1.7982596682899143,0.68198449485169033,4.2588765887037261e-09
3.6600000000000001,1830,0.0063148396656230602,0.015001856089249014,0,0.19875606053101844,5.7818353993840833e-05,0.0002391511272094457,2.8305887334327023e-06,2.3193747562800386e-05,2.7140678598734,1.1993817179084847,-0.19848934862266929,0.053666001506692027,1.7977714365184594,0.68219081546885474,1.2987483175949445e-06,1.7978250440130827,0.68216919319177238,4.2551588429783021e-09
3.6800000000000002,1840,0.0063154062731150176,0.015001697057567771,0,0.19886193742221853,5.7765360094053737e-05,0.00022489117412202299,2.6144945935625632e-06,2.3412708902503816e-05,2.7144020681310317,1.1994061856799265,-0.19846822995128655,0.0536548478499978,1.7973525614471242,0.68236895007047549,1.2042015581141925e-06,1.797406077479218,0.68234723760272609,4.2515750324932401e-09
3.7000000000000002,1850,0.0063159779029299933,0.015001553996118812,0,0.19896395239347842,5.7653146561726621e-05,0.00021112909097479159,2.420751263992771e-06,2.3319120084582497e-05,2.7147344658437027,1.1994306380988111,-0.19844712717785726,0.053643694185633466,1.7969493292929186,0.68254044145572723,1.1134056572349351e-06,1.7970026973824837,0.68251865838674686,4.2481245473033947e-09
3.7200000000000002,1860,0.0063165545310877773,0.01500142523042974,0,0.19906211605000251,5.748642747185188e-05,0.00019787297917678735,2.2470350050912264e-06,2.347489416183844e-05,2.715065061694784,1.1994550767702621,-0.19842603862198843,0.053632540493402478,1.7965616508261351,0.68270532415389973,1.0262887165847333e-06,1.7966148200197984,0.68268349111437454,4.2448066714184479e-09
3.7400000000000002,1870,0.0063171361273159426,0.015001309273310684,0,0.19915644279028974,5.7268080917117646e-05,0.00018514884190539414,2.0912732429737562e-06,2.3067693653563172e-05,2.7153938645762059,1.1994795031297825,-0.19840496279116909,0.053621386759317491,1.7961894263168059,0.68286363829410812,9.4279776226240364e-07,1.7962423491174466,0.68284177669817736,4.2416205813197578e-09
3.7600000000000002,1880,0.0063177226552005626,0.015001204801508248,0,0.19924695082754179,5.6999630446392331e-05,0.00017293922309174727,1.9516145384325129e-06,2.3130806476445511e-05,2.7157208837950888,1.1995039184617602,-0.19838389835734349,0.053610232974970501,1.7958325448270447,0.68301542962268447,8.6288798253690513e-07,1.7958851756576906,0.68299356146643553,4.2385653444772074e-09
3.7800000000000002,1890,0.0063183140722035819,0.015001110633236446,0,0.19933366218088139,5.6681873746185079e-05,0.00016118920846302281,1.8264008994163264e-06,2.3099271619960363e-05,2.716046129270556,1.1995283239162193,-0.19836284413439004,0.053599079134895762,1.7954908833244518,0.68316074948081629,7.8651873326100038e-07,1.7955431777053834,0.68313889723682342,4.2356399178660598e-09
3.8000000000000003,1900,0.0063189103427515247,0.015001023929402515,0,0.19941659762835509,5.6368132647826886e-05,0.00014998254061254635,1.7128012127747945e-06,2.3256518306983181e-05,2.7163696327756206,1.1995527208598162,-0.19834179727827478,0.053587924541065646,1.7951642450237735,0.68329964599821602,7.133904013844486e-07,1.7952162202345798,0.68327784139009307,4.232843146483806e-09
3.8200000000000003,1910,0.0063195114293629982,0.015000944293609953,0,0.19949578887950833,5.603579778220806e-05,0.00013925150245934563,1.6099475681877019e-06,2.3287840231354886e-05,2.7166914081267608,1.1995771101100416,-0.19832075738952504,0.053576769392495928,1.794852507347483,0.68343218541409156,6.4363021776630244e-07,1.794904154955149,0.68341045694375757,4.2301737618670181e-09
3.8399999999999999,1920,0.0063201172771825999,0.015000872467245322,0,0.19957127451209994,5.5633300918673572e-05,0.00012899612875690993,1.5178484347181673e-06,2.3099271619960363e-05,2.7170114564299372,1.19960149219393,-0.19829972520720082,0.053565614314341439,1.7945555679483132,0.68355844474407135,5.7741113468147169e-07,1.7946068201393859,0.68353681262577415,4.2276303806081943e-09
3.8599999999999999,1930,0.0063207278193453138,0.015000807708524737,0,0.19964309200128255,5.5161642481583644e-05,0.0001191618457073505,1.4354320107170815e-06,2.3412708902503816e-05,2.717329791262189,1.1996258678492073,-0.19827869998659675,0.053554459317427326,1.794273250227715,0.68367849805255232,5.1466345106385686e-07,1.7943240404486236,0.68365698294822708,4.225211502872619e-09
3.8799999999999999,1940,0.0063213429819823147,0.015000749275313875,0,0.19971128230320587,5.4626272431819672e-05,0.00010986842817844653,1.3616790306048736e-06,2.3004407680670755e-05,2.7176464279887198,1.1996502377509357,-0.19825768098294172,0.053543304376008148,1.7940053586308262,0.68379242446777022,4.5531544015346009e-07,1.7940556267598442,0.6837710482810111,4.2229155109151994e-09
3.8999999999999999,1950,0.0063219626871299766,0.015000696515342351,0,0.1997758905571051,5.4030635824059137e-05,0.00010096211802181293,1.2956837721300017e-06,2.3130806476445511e-05,2.7179613832700453,1.1996746025013829,-0.19823666754160446,0.053532149471072703,1.7937516859470617,0.68390030937637103,3.9929952818123701e-07,1.7938013759922935,0.68387909492551402,4.2207406675973389e-09
3.9199999999999999,1960,0.0063225868525597726,0.015000648854310171,0,0.19983696608700258,5.3376638810392495e-05,9.2491707176923986e-05,1.2366395672131929e-06,2.2813496432377448e-05,2.7182746751514495,1.1996989626382093,-0.19821565908615585,0.053520994590257095,1.7935120126082043,0.68400224443086743,3.4654764224277411e-07,1.7935610709340895,0.68398121518830091,4.2186851149037599e-09
3.9399999999999999,1970,0.0063232153914852852,0.015000605782098284,0,0.1998945623706061,5.2665338378683138e-05,8.4502028287940104e-05,1.1838243729262508e-06,2.3162298399097643e-05,2.7185863231631191,1.1997233186422691,-0.19819465510455042,0.053509839724943602,1.7932861057211065,0.68409832750840305,2.9698972937031088e-07,1.7933344800688367,0.68407750745479601,4.2167468724593774e-09
3.96,1980,0.0063238482124514965,0.015000566843464956,0,0.19994873704214694,5.1897269646924616e-05,7.7000727640077194e-05,1.1365904160902842e-06,2.3067693653563172e-05,2.7188963483998458,1.1997476709439834,-0.19817365513980764,0.053498684868593917,1.7930737185177812,0.68418866272944701,2.5055313380982651e-07,1.7931213574022367,0.68416807626296705,4.2149238360461361e-09
3.98,1990,0.0063244852328374259,0.015000529805899663,0,0.19999954668561823,5.1126558949237289e-05,6.9780001811020314e-05,1.0931789898935138e-06,2.3036072399968081e-05,2.7192047958073031,1.199772020272827,-0.19815265695669912,0.053487529295431394,1.7928745272097897,0.68427335131786715,2.0680415113099549e-07,1.792921442288701,0.68425303237700774,4.2132137761198637e-09
4,2000,0.0063251263689801576,0.015000494870924471,0,0.20004705942810352,5.0330008587655958e-05,6.3156170643833675e-05,1.053506197292075e-06,2.2972699315936647e-05,2.7195116923049327,1.1997963668661449,-0.19813166075583563,0.053476373212301601,1.7926882830237867,0.68435251382585782,1.6585508330776874e-07,1.7927344592579639,0.68433249286102016,4.2116143363271373e-09
4.0200000000000005,2010,0.0063257715201412157,0.0150004633551653,0,0.20009135065357225,4.9454564336233327e-05,5.6966603045806464e-05,1.0181650654405836e-06,2.2972699315936647e-05,2.719817051877131,1.1998207107242882,-0.19811066785354173,0.053465217272835104,1.7925147570900655,0.68442628244287118,1.2794869462840078e-07,1.7925601178416912,0.68440658115270026,4.2101230320220992e-09
4.04,2020,0.0063264205742004156,0.015000434997267897,0,0.20013249479851591,4.8500825091187918e-05,5.1155221494304046e-05,9.8673304085253338e-07,2.3036072399968081e-05,2.7201209020602994,1.1998450521188961,-0.19808967798726299,0.053454061492351712,1.7923536429780109,0.68449478669937569,9.297431532051339e-08,1.7923981124000954,0.68447542713701826,4.2087372487833468e-09
4.0600000000000005,2030,0.006327073412441135,0.015000409473949605,0,0.20017057005437361,4.7474312820437556e-05,4.5770549568287739e-05,9.5877760290816172e-07,2.3162298399097643e-05,2.7204232728515225,1.1998693913095086,-0.19806869083261883,0.053442905844092788,1.7922046131674674,0.68455816177554607,6.0800349486442032e-08,1.7922481219485462,0.68453916721990371,4.2074542409307563e-09
4.0800000000000001,2040,0.0063277299123846035,0.015000386506562826,0,0.20020565909345903,4.6378595705361798e-05,4.0767132852299058e-05,9.3391961180152044e-07,2.3036072399968081e-05,2.7207241960648347,1.1998937285263949,-0.19804770610999328,0.053431750307562378,1.7920673268878817,0.68461654977572017,3.1304216841271478e-08,1.792109809984183,0.68459794440192767,4.206271130042348e-09
4.0999999999999996,2050,0.0063283899613736415,0.015000363960951658,0,0.20023784371711364,4.5271553878093524e-05,3.6101604354825752e-05,9.1077129085955238e-07,2.3287840231354886e-05,2.7210237285230838,1.1999180643295899,-0.19802672168332075,0.053420594116622797,1.7919413643418041,0.68467009033257831,3.9822088978335578e-09,1.7919828243125258,0.68465190835198642,4.2051849034711241e-09
4.1200000000000001,2060,0.0063290534459252519,0.015000342215008679,0,0.20026721771624553,4.4130391304227552e-05,3.2195304973023749e-05,8.8944273352800224e-07,2.3004407680670755e-05,2.7213219083204119,1.1999423987897662,-0.19800573793017151,0.053409437483020884,1.7918263838151094,0.68471894329699334,-2.1096563442815868e-08,1.7918667968740889,0.68470121548098417,4.2041924128619348e-09
4.1399999999999997,2070,0.0063297202352284292,0.015000322805981823,0,0.20029388242997131,4.2900515232535814e-05,2.8572731261078417e-05,8.7062692655480322e-07,2.3225154141253322e-05,2.7216187600360957,1.1999667317470761,-0.1979847563879592,0.053398281093158334,1.7917220647431154,0.68476328084424876,-4.3685406067209001e-08,1.7917613435709909,0.6847460290155164,4.203290372668316e-09
4.1600000000000001,2080,0.0063303901869128576,0.015000305616413847,0,0.20031793830353467,4.1582771378163977e-05,2.5441881649397974e-05,8.5408779218009316e-07,2.2749503328951236e-05,2.7219143225450315,1.1999910633385718,-0.19796377693854111,0.053387124966712281,1.7916280057517762,0.68480327272355968,-6.3914879406346518e-08,1.7916660640935682,0.68478651907155319,4.2024753586693486e-09
4.1799999999999997,2090,0.0063310631517391209,0.015000290434317769,0,0.20033948966223711,4.018347735415471e-05,2.2556434745889217e-05,8.3956142389493976e-07,2.3443822150653013e-05,2.7222086375039827,1.2000153937064475,-0.19794279936929263,0.053375969073395479,1.7915437826964362,0.68483909469144955,-8.1946238265441916e-08,1.7915805417469861,0.68482286272812198,4.2017438064865034e-09
4.2000000000000002,2100,0.0063317389905326966,0.015000275170290617,0,0.20035863999077289,3.876303483146989e-05,2.013168567464644e-05,8.2589373387459385e-07,2.3067693653563172e-05,2.7225017720751725,1.2000397233361397,-0.19792182158900917,0.053364812625085918,1.7914688916049561,0.68487092023726159,-9.8316929993690773e-08,1.7915043432778508,0.68485524410099108,4.2010920101004926e-09
4.2199999999999998,2110,0.0063324175634770167,0.015000260267059603,0,0.20037550521271391,3.7299831167172906e-05,1.8627141836043019e-05,8.1324810534940195e-07,2.2972699315936647e-05,2.7227937744991859,1.200064052224797,-0.19790084404046981,0.053353655830561307,1.7914029075665669,0.68489894395551987,-1.129859130577205e-07,1.7914370187008219,0.68488385441635269,4.2005161203681251e-09
4.2400000000000002,2120,0.00633309871323015,0.015000247353857942,0,0.20039020908494237,3.5739196592895498e-05,1.7075472925031942e-05,8.0229840338907385e-07,2.2940947124789083e-05,2.7230846791527683,1.2000883801394331,-0.19787986835354543,0.053342499390779209,1.7913454275229586,0.68492337341772602,-1.2570865734441204e-07,1.7913781011252241,0.68490889208450578,4.2000121435391529e-09
4.2599999999999998,2130,0.0063337822705864201,0.015000236385791822,0,0.20040287446461577,3.4082085587731567e-05,1.6555285230907042e-05,7.9289699637129347e-07,2.3036072399968081e-05,2.7233745349413887,1.2001127071547586,-0.19785889448289423,0.05333134333032262,1.7912959663375256,0.68494441390786776,-1.3662387958762461e-07,1.7913271065816576,0.68493056277354003,4.1995759397731195e-09
4.2800000000000002,2140,0.0063344680734518126,0.015000225317491508,0,0.2004136229396925,3.2390628594718832e-05,1.63782182658682e-05,7.8404255682206827e-07,2.3225154141253322e-05,2.7236634172975385,1.2001370337135919,-0.19783792038173106,0.053320186864352692,1.7912539500546509,0.68496226770836843,-1.4635836066185471e-07,1.7912835338486144,0.68494907948301742,4.1992032216562265e-09
4.2999999999999998,2150,0.0063351559586323014,0.015000214600047723,0,0.20042258831290166,3.0645738882597327e-05,1.6018213462801612e-05,7.7589635041283682e-07,2.3162298399097643e-05,2.7239513828991617,1.2001613597825564,-0.1978169465012273,0.053309030189389407,1.7912188821457755,0.68497715806584036,-1.5486676091574123e-07,1.791246864279084,0.68496466261765765,4.1988895527181532e-09
4.3200000000000003,2160,0.0063358457596000657,0.015000203877850008,0,0.20042990658422472,2.8853017508863201e-05,1.6199215970291549e-05,7.6825902555448199e-07,2.3443822150653013e-05,2.7242384988724897,1.2001856854797042,-0.19779597248491898,0.053297873192754294,1.7911902195899341,0.68498931146628206,-1.6226961509314654e-07,1.7912165616271716,0.68497754006101896,4.1986303459489455e-09
4.3399999999999999,2170,0.0063365373019205473,0.015000193776441012,0,0.2004357214164815,2.69884094925251e-05,1.6018213462801612e-05,7.6135043556286304e-07,2.2781522350186147e-05,2.7245248248317946,1.2002100107275873,-0.19777499895864914,0.053286716144790393,1.7911674364284689,0.68499896719499354,-1.6851532817863969e-07,1.7911920718747045,0.68498794724918299,4.19842086231583e-09
4.3600000000000003,2180,0.0063372303908361379,0.015000186069325917,0,0.20044018403452732,2.4998825732774525e-05,1.6333651602943885e-05,7.5579788214497008e-07,2.3036072399968081e-05,2.7248104066369789,1.2002343352285043,-0.19775402769685632,0.053275559791414955,1.7911500228942012,0.68500637723481261,-1.7334886080739212e-07,1.7911728230578485,0.68499612724443726,4.1982562092800909e-09
4.3799999999999999,2190,0.0063379248346718793,0.015000178921247541,0,0.20044343978340876,2.2942091588587614e-05,1.7329712313881724e-05,7.5080256747149758e-07,2.3162298399097643e-05,2.7250953289292319,1.2002586593628295,-0.19773305686311549,0.05326440342322665,1.7911373211949018,0.68501178245348449,-1.77451269544364e-07,1.7911582250937175,0.68500233080895789,4.1981313393139137e-09
4.4000000000000004,2200,0.0063386204517937132,0.015000170766840494,0,0.20044563961948555,2.0863032399747375e-05,1.7621689505503623e-05,7.4575161051946893e-07,2.2972699315936647e-05,2.7253796836803694,1.2002829834605777,-0.19771208489066827,0.053253246411213997,1.7911286700690559,0.68501543328109105,-1.812537205162939e-07,1.7911476696069859,0.68500681647849371,4.1980410484172284e-09
4.4199999999999999,2210,0.0063393170463005169,0.015000163926730028,0,0.20044695068109006,1.8686885968396791e-05,1.8070981951380476e-05,7.4148938408896699e-07,2.3193747562800386e-05,2.7256635262465334,1.2003073071069725,-0.19769111410138049,0.053242089699750972,1.7911235302841566,0.68501760835323877,-1.8414008168851116e-07,1.7911405297565004,0.68500985063604858,4.1979799746345686e-09
4.4400000000000004,2220,0.006340014413951588,0.015000158704971542,0,0.20044753930683801,1.6404246310983976e-05,1.7663006536443448e-05,7.3805286239671908e-07,2.3225154141253322e-05,2.7259469317278127,1.2003316302696569,-0.19767014479978648,0.053230933447534663,1.7911212677325894,0.68501858373982649,-1.863998500797438e-07,1.7911361600618929,0.68501170758556496,4.1979425965719175e-09
4.46,2230,0.0063407123533201588,0.015000154128128306,0,0.20044757239034861,1.4045540671405196e-05,1.8899085298673496e-05,7.3504887880840254e-07,2.3536915126363769e-05,2.7262299941473302,1.2003559531649743,-0.19764917601113699,0.053219777266509699,1.7911211824972222,0.68501863629232462,-1.8840277779398717e-07,1.791133896230191,0.68501266962560703,4.1979232319135645e-09
4.4800000000000004,2240,0.0063414106788549224,0.015000149026652157,0,0.20044722327947573,1.164004333924525e-05,1.924308070525986e-05,7.3202767599690448e-07,2.3036072399968081e-05,2.7265128212298917,1.2003802760754481,-0.19762820656460434,0.053208620687599746,1.7911225573400453,0.68501805224067647,-1.9152143989463876e-07,1.7911330549824307,0.68501302712304379,4.1979160359389457e-09
4.5,2250,0.0063421092171795316,0.015000143343443104,0,0.20044667487274781,9.1783523968945301e-06,1.9090959104164312e-05,7.2896455915698803e-07,2.3036072399968081e-05,2.7267955218805127,1.2004045990436436,-0.19760723640328559,0.053197463684093414,1.7911247021831993,0.68501713329606129,-1.9741642225742697e-07,1.7911329338802684,0.68501307858673222,4.1979150000395028e-09
4.5200000000000005,2260,0.0063428077623116884,0.015000140888363439,0,0.20044608323669866,6.6860646966723443e-06,1.939400914049012e-05,7.2765081010787696e-07,2.3099271619960363e-05,2.727078173607389,1.2004289205497924,-0.19758626934580201,0.053186307763532725,1.7911270132107533,0.6850161614834116,-1.8902581745614465e-07,1.7911328825400135,0.68501299042463892,2.5686814310925617e-07
4.54,2270,0.0063435062147852734,0.015000145925707319,0,0.20044520958793663,4.7780334042861509e-06,1.9469034601067135e-05,7.3179914820334181e-07,2.265317472408141e-05,2.7273608002130012,1.2004532410365469,-0.19756530965567529,0.053175149524806974,1.7911291873918211,0.68501532324540759,2.7328406272307898e-07,1.7911325265758566,0.68501237915877722,2.0087399401186185e-06
4.5600000000000005,2280,0.0063442038476502743,0.015000160636248564,0,0.20044254499184025,5.3159828818036323e-06,1.9167170820781278e-05,7.3799610376903648e-07,2.3004407680670755e-05,2.7276431165787733,1.2004775601015945,-0.19754435950641605,0.053163996815050886,1.791130688853366,0.68501406018579147,2.6579760055470244e-06,1.791131570710927,0.68501073773621013,6.7130136158787813e-06
4.5800000000000001,2290,0.0063449000407937682,0.015000178928574139,0,0.20043621099512768,8.2021818779453644e-06,1.8627141836043019e-05,7.4343135721433182e-07,2.2717439178655149e-05,2.7279248749107246,1.2005018781255961,-0.19752341280558317,0.053152849855917936,1.79113097448543,0.68501159935043898,8.7345670099576388e-06,1.791129729761183,0.68500757643552712,1.5773217784057403e-05
4.6000000000000005,2300,0.0063455945516196809,0.015000195143803944,0,0.20042464389575046,1.2010577554361011e-05,1.8627141836043019e-05,7.4873504466602316e-07,2.2813496432377448e-05,2.7282059506372955,1.2005261964649754,-0.19750246389386292,0.053141701765531284,1.7911297962479802,0.68500739541478706,2.0050210199636772e-05,1.7911267285210879,0.68500242267052514,3.0543772007200174e-05
4.6200000000000001,2310,0.0063462870311692321,0.015000209093407782,0,0.2004063499070354,1.6185664719567128e-05,1.8587967992817196e-05,7.536704396480971e-07,2.3162298399097643e-05,2.7284861635856958,1.2005505151927969,-0.1974815125824444,0.053130552410520504,1.7911269465231354,0.68500091513462202,3.8073624795322487e-05,1.7911223016492868,0.68499482079388907,5.2330549441786402e-05
4.6399999999999997,2320,0.006346977155758513,0.015000221731612345,0,0.20037992977101468,2.0540298349598234e-05,1.8899085298673496e-05,7.5845763015469644e-07,2.3412708902503816e-05,2.7287653442185809,1.2005748341614941,-0.19746055982608629,0.053119402223987949,1.7911222478335518,0.68499166427772573,6.4184687754928008e-05,1.791116193554281,0.68498433190087349,8.2391439483292129e-05
4.6600000000000001,2330,0.0063476646053657665,0.015000232983175819,0,0.20034406413809594,2.4970971294900063e-05,1.9014441926092368e-05,7.629246944456371e-07,2.3036072399968081e-05,2.7290433370140939,1.2005991533768938,-0.19743960554968243,0.053108251291147462,1.7911154831586864,0.68497917514637696,9.9683375693439277e-05,1.7911081582801045,0.68497053363298321,0.0001219369104112488
4.6799999999999997,2340,0.0063483490762203118,0.015000243057195245,0,0.20029750560954976,2.9411185389221414e-05,1.8821788102366937e-05,7.6709961804344106e-07,2.3381554252771861e-05,2.7293199950808371,1.2006234728113496,-0.19741864996267261,0.053097099682512347,1.7911064457105335,0.68496300859696901,0.00014580135275558124,1.7910979593919991,0.68495301998165425,0.00017213057203429544
4.7000000000000002,2350,0.0063490302902253441,0.015000252626616336,0,0.20023907387792722,3.3818635521424264e-05,1.943155808007896e-05,7.712621369719431e-07,2.3099271619960363e-05,2.7295951832593834,1.2006477923599046,-0.19739769373853672,0.053085947624776739,1.7910949474930755,0.68494275247051117,0.00020370692579797382,1.7910853698620908,0.68493140109193518,0.00023408973833525141
4.7199999999999998,2360,0.0063497079785370036,0.015000261747840648,0,0.20016764834663783,3.8156947863222927e-05,1.9129102916627893e-05,7.7541239582077512e-07,2.347489416183844e-05,2.7298687773262529,1.200672112018883,-0.19737673693380792,0.053074795138123555,1.791080782338792,0.68491801397200036,0.00027450859492216104,1.7910701719550652,0.68490530306616781,0.00030888599011615715
4.7400000000000002,2370,0.0063503818648705662,0.015000269509989004,0,0.20008216175070204,4.2387661544950601e-05,1.943155808007896e-05,7.7909467673918135e-07,2.3004407680670755e-05,2.7301406567103865,1.2006964319734141,-0.19735577863720929,0.053063641796173747,1.7910637148624411,0.68488841568212011,0.00035926012156950373,1.7910521571138436,0.68487436776766808,0.0003975457376433557
4.7599999999999998,2380,0.0063510516954644013,0.015000276091768737,0,0.19998160539897314,4.6495081025125758e-05,2.0276000680978352e-05,7.8234799478953766e-07,2.3193747562800386e-05,2.7304107019701753,1.2007207521924668,-0.19733481902765654,0.053052487683792907,1.7910435598164041,0.6848536063644699,0.0004589621674070195,1.7910311258452574,0.68483825262440767,0.00050105078329252476
4.7800000000000002,2390,0.0063517172427781255,0.015000282260357066,0,0.19986502387168811,5.0475552106738644e-05,2.0773209379101241e-05,7.8550944244127927e-07,2.3067693653563172e-05,2.730678802720484,1.2007450725299751,-0.19731385887272274,0.053041333165821568,1.7910201599357041,0.68481325617371303,0.00057456540548616924,1.7910068876057255,0.68479663043269423,0.00062033888419376802
4.7999999999999998,2400,0.0063523782687674333,0.015000287161586027,0,0.19973150567240663,5.4310977023735191e-05,2.1429548445808714e-05,7.8810103501339283e-07,2.3350358035739973e-05,2.7309448556408418,1.200769393138984,-0.19729289731756755,0.053030177950338146,1.7909933061997174,0.68476704379997144,0.0007069726044081373,1.7909792606869295,0.68474918916085303,0.00075630431487663677
4.8200000000000003,2410,0.0063530345544209645,0.015000291004271867,0,0.19958018877845973,5.7997153080805092e-05,2.2426798989897964e-05,7.9021307677662224e-07,2.3225154141253322e-05,2.7312087576531661,1.2007937139866813,-0.19727193457122597,0.053019022108493123,1.7909628355328762,0.68471466968644934,0.00085704174365081986,1.7909480721014885,0.6846956317529076,0.00090979842991523098
4.8399999999999999,2420,0.0063536859059012355,0.015000294562033356,0,0.199410258269134,6.1537213209179265e-05,2.3162298399097643e-05,7.9224689383458249e-07,2.3225154141253322e-05,2.7314704142349675,1.2008180349406952,-0.19725097140785652,0.053007865922508293,1.7909286118622487,0.68465585284311947,0.0010255866489230279,1.7909131574686368,0.6846356759322606,0.0010816302265732117
4.8600000000000003,2430,0.0063543321374466008,0.015000297872612593,0,0.19922094226892056,6.4928257903265705e-05,2.4744711127599622e-05,7.9421282136266719e-07,2.3350358035739973e-05,2.731729740733833,1.2008423559963031,-0.19723000786518574,0.052996709416393693,1.7908904795621285,0.6845903238895007,0.0012133768793064987,1.7908743608998967,0.68456905400537527,0.001272566907448913
4.8799999999999999,2440,0.0063549730736788025,0.015000300924699322,0,0.19901151240969253,6.8167926596881742e-05,2.6287356432399194e-05,7.9609743064800263e-07,2.3099271619960363e-05,2.7319866575802489,1.2008666771572512,-0.19720904393187078,0.052985552592492373,1.7908482883447434,0.68451782806132189,0.0014211395003808202,1.7908315348847574,0.68449551266545616,0.0014833344431203408
4.9000000000000004,2450,0.0063556085509601148,0.015000303712096215,0,0.19878128320770405,7.1255086277597e-05,2.7875415369281657e-05,7.9789100425511933e-07,2.3536915126363769e-05,2.7322410899659269,1.2008909984261218,-0.19718807960169454,0.052974395454274147,1.7908018969639381,0.68443812537416593,0.001649560061115046,1.7907845401763487,0.68441481279613026,0.0017146181347902994
4.9199999999999999,2460,0.0063562384172371859,0.015000306234024293,0,0.19852961128630608,7.4189535914950997e-05,3.0064472461725659e-05,7.9958725362609326e-07,2.2909150924997221e-05,2.7324929677875391,1.2009153198042704,-0.19716711487386157,0.052963238007488429,1.790751173040448,0.68435099028973645,0.0018992833860388776,1.790733245677117,0.68432672927512772,0.0019670631769313773
4.9400000000000004,2470,0.0063568625317629622,0.015000308492092248,0,0.19825589464728577,7.697171800334125e-05,3.2510731868091709e-05,8.0118171574245742e-07,2.3443822150653013e-05,2.7327422255921285,1.2009396412923636,-0.19714614974996192,0.052952080258989259,1.7906959926372028,0.68425621137994841,0.0021709143029629207,1.7906775283245018,0.68423105077796309,0.0022412752199310851
4.96,2480,0.0063574807648879251,0.015000310488709112,0,0.19795957200258432,7.9602529166372519e-05,3.4952621358355786e-05,8.0267095356147002e-07,2.3225154141253322e-05,2.7329888025194027,1.200963962890677,-0.19712518423238753,0.052940922215954575,1.7906362399911093,0.68415359103869633,0.0024650183289973205,1.7906172729766103,0.6841275795816163,0.002537820932736828
4.9800000000000004,2490,0.0063580929978889825,0.015000312226548412,0,0.1976401221489231,8.2083195135315479e-05,3.764357620473439e-05,8.0405227182994769e-07,2.3099271619960363e-05,2.7332326422355666,1.2009882845992135,-0.19710421832379399,0.052929763885572648,1.7905718073315693,0.68404294522499021,0.0027821223242527515,1.7905523722978944,0.68401613136821371,0.0028572285655010599
5,2500,0.0063586991406052911,0.015000314912451582,0,0.19729706565212082,8.4425305870172444e-05,4.0998918112699998e-05,8.0599731170185105e-07,2.2940947124789083e-05,2.7334736937089388,1.2010126062075082,-0.19708325323193682,0.052918605699481099,1.7905026352466322,0.68392410872138221,0.0031227164518310277,1.7904827266448253,0.68389653502870884,0.0031999885122262406
5.0200000000000005,2510,0.0063592991239630713,0.015000319673799709,0,0.19692996443332489,8.6642159443776461e-05,4.4346946078767742e-05,8.0906822747599531e-07,2.3381554252771861e-05,2.7337119177548814,1.2010369274824155,-0.19706229008450316,0.052907448260058706,1.7904286676116508,0.68379692980893958,0.0034872506684529665,1.7904082439515701,0.68376863246656383,0.0035665538734100063
5.04,2520,0.0063598928831352739,0.015000327005748066,0,0.19653841323367141,8.8736074818077703e-05,4.7857040207728578e-05,8.135917558314777e-07,2.3004407680670755e-05,2.7339472834523106,1.2010612483652849,-0.19704132937692712,0.052896291666611965,1.7903498270691967,0.68366126433017294,0.0038761410574625352,1.7903288396156667,0.68363227840143004,0.0039573410186901047
5.0600000000000005,2530,0.006360480341568193,0.015000335192673091,0,0.19612203882629897,9.0688530064277678e-05,5.1792473735518297e-05,8.1867727245984543e-07,2.2972699315936647e-05,2.7341797704018131,1.2010855691789595,-0.1970203693926072,0.052885135175736404,1.7902659647948869,0.68351696943967277,0.0042897660395184983,1.7902444363837,0.68348734017282908,0.0043727301494895848
5.0800000000000001,2540,0.0063610614279132156,0.015000342512191322,0,0.19568050838540385,9.2486267878876303e-05,5.5763903978453549e-05,8.2333592203099091e-07,2.3287840231354886e-05,2.7344093557022076,1.2011098902089714,-0.19699940840807803,0.052873978195092514,1.7901769502369698,0.68336391718962708,0.0047284662247909035,1.7901549642369781,0.68333369754383411,0.0048130658616617281
5.1000000000000005,2550,0.0063616361144323164,0.015000351035458997,0,0.19521353976269415,9.4158551138138656e-05,6.0503583718882237e-05,8.2863404552262371e-07,2.3225154141253322e-05,2.7346360036784434,1.2011342110533467,-0.19697844849545534,0.052862821801516226,1.7900828064406069,0.68320201444878215,0.0051925467915128051,1.7900603602772065,0.68317124250475059,0.0052786577081352284
5.1200000000000001,2560,0.0063622043899648614,0.015000363223845507,0,0.19472088008081176,9.5728230733821849e-05,6.5200586565193118e-05,8.3610494120089838e-07,2.3505925099591037e-05,2.7348596872709301,1.2011585314025714,-0.1969574921172548,0.052851666655591836,1.7899835656878049,0.68303117802618274,0.0056822855934705345,1.789960568612166,0.68299987907679727,0.0057697807615591313
5.1399999999999997,2570,0.0063627662103943787,0.015000376780945112,0,0.1942022973229921,9.7166917551663214e-05,7.00510741072238e-05,8.4455409923563469e-07,2.2940947124789083e-05,2.7350804065175764,1.201182851650705,-0.1969365369759046,0.052840511734558344,1.7898790782565464,0.68285130797469717,0.0061979231800809416,1.789855540241386,0.68281952311578731,0.0062866761769480037
5.1600000000000001,2580,0.0063633215358604731,0.015000389024624035,0,0.19365759912940533,9.8450147926472972e-05,7.5316192777923895e-05,8.5235937572384111e-07,2.3536915126363769e-05,2.7352981611678699,1.2012071721723827,-0.19691558038804735,0.052829356183788097,1.7897692005463606,0.68266231763907104,0.0067396621241106042,1.7897452329418226,0.68263010211580932,0.0068295517543269513
5.1799999999999997,2590,0.006363870354821664,0.015000399606827067,0,0.19308663449974248,9.9579919133103913e-05,8.0897024071630846e-05,8.5926410029743295e-07,2.3225154141253322e-05,2.7355129395067479,1.2012314930363359,-0.19689462200553509,0.052818199850685331,1.789653896678387,0.6824641468529854,0.0073076751554827114,1.7896296111535324,0.6824315550129082,0.0073985825013765981
5.2000000000000002,2600,0.0063644126678557228,0.015000408601928441,0,0.192489287574064,0.00010056318317036407,8.6875401649470421e-05,8.6526715879125951e-07,2.3004407680670755e-05,2.7357247307825716,1.2012558142333944,-0.19687366190280603,0.052807042763588226,1.7895331552983311,0.68225674921797719,0.0079021032578303636,1.7895086458653493,0.68222383198876624,0.0079939111960783144
5.2199999999999998,2610,0.0063649485904679675,0.015000421894963527,0,0.19186551540257685,0.00010150061020581226,9.2869225918218576e-05,8.7371102281589883e-07,2.3381554252771861e-05,2.7359335131394875,1.201280135366495,-0.19685270596460477,0.052795887153620429,1.789407252465693,0.68204014372493582,0.0085230479460967866,1.7893823145005601,0.68200689427438399,0.0086156489493590775
5.2400000000000002,2620,0.0063654781151206083,0.015000439621872365,0,0.19121525456830524,0.00010237398432263217,9.8993572409384559e-05,8.8489932841289393e-07,2.2781522350186147e-05,2.7361392926561043,1.201304456174459,-0.19683175432756644,0.052784733218072893,1.789276121977831,0.68181428939168043,0.0091705923702405032,1.7892506008025797,0.68178071395376161,0.0092638757677367366
5.2599999999999998,2630,0.0063660011754319203,0.015000456759371483,0,0.19053844843524642,0.00010309467780325319,0.00010552310699881134,8.959823673976832e-07,2.3319120084582497e-05,2.7363420973970722,1.2013287769828971,-0.19681080196892509,0.052773579040201905,1.7891394825368288,0.68157911721643394,0.0098447914118093872,1.7891134947206273,0.68154527376757945,0.0099386411159648625
5.2800000000000002,2640,0.0063665178008834407,0.015000471644150101,0,0.18983510790660024,0.00010365146750746465,0.00011244558706095737,9.0581947923536897e-07,2.2813496432377448e-05,2.736541944036599,1.2013530981250833,-0.19678984722457757,0.052762423883374453,1.7889972821728901,0.68133461526922101,0.010545660827781956,1.7889709922954022,0.68130056691687924,0.01063996447967802
5.2999999999999998,2650,0.0063670280430036157,0.015000483956934259,0,0.18910528074797614,0.00010405229148423161,0.00011980850768396071,9.1410379734023246e-07,2.3036072399968081e-05,2.7367388437230971,1.2013774196879325,-0.19676888977503351,0.052751267598461875,1.7888495391258541,0.68108079171497893,0.011273187479891518,1.7888230955447593,0.68104659686674518,0.011367835928036597
5.3200000000000003,2660,0.0063675319583982211,0.015000493825996082,0,0.18834904535524605,0.00010430785368995419,0.00012739264119506239,9.2084406397548719e-07,2.2845425764212974e-05,2.7369328073503794,1.2014017416618232,-0.19674792974857827,0.052740110238822538,1.7886962882545141,0.6808176656507553,0.012027330146749218,1.7886698123493845,0.68078337714998471,0.012122216676372123
5.3399999999999999,2670,0.0063680296068460637,0.015000501476179914,0,0.18756650950529352,0.0001044276724427862,0.00013541937389908215,9.2613946166020798e-07,2.347489416183844e-05,2.737123848059841,1.2014260640133536,-0.19672696737014472,0.052728951900280673,1.7885375667000003,0.68054526515312785,0.012808019602347577,1.7885111563384712,0.68051093117080985,0.012903039648832038
5.3600000000000003,2680,0.0063685210521049421,0.01500050712261846,0,0.18675780990186555,0.00010441955600950079,0.00014373856831060764,9.301029212106751e-07,2.2781522350186147e-05,2.7373119820579377,1.2014503867086463,-0.196706002854977,0.052717792672891423,1.7883734117159245,0.68026362698687837,0.0136151589713982,1.7883471467753955,0.68022929200851778,0.013710210041025066
5.3799999999999999,2690,0.0063690063627308722,0.015000510950669232,0,0.18592311177981977,0.0001042898625437562,0.00015235972865387435,9.3284151658633741e-07,2.3350358035739973e-05,2.7374972287708057,1.2014747097183596,-0.19668503638853665,0.052706632632679364,1.7882038614226421,0.67997279661127874,0.014448624239656316,1.7881778084433919,0.67993850222117225,0.014543605882665947
5.4000000000000004,2700,0.0063694856125866995,0.01500051311865771,0,0.18506260847303099,0.00010404384699763904,0.00016128866612460206,9.3445396671295895e-07,2.2717439178655149e-05,2.7376796107885126,1.2014990330176119,-0.19666406812923967,0.052695471843622534,1.7880289558761173,0.67967282818622921,0.01530826480840543,1.7880031715312295,0.67963861364928424,0.015403078600220825
5.4199999999999999,2710,0.006369958881120962,0.015000513763776806,0,0.18417652094669523,0.00010368594956968877,0.00017040860011234061,9.350317867028357e-07,2.262097403300073e-05,2.7378591537790129,1.2015233565850167,-0.19664309821435053,0.052684310360687214,1.7878487379093391,0.67936378453238866,0.016193904056291387,1.7878232715188866,0.67932968721949327,0.016288453579551988
5.4400000000000004,2720,0.0063704266312976697,0.015000511063701654,0,0.18326522216553781,0.00010340425191917649,0.00017890174344907747,9.3185153358981982e-07,2.2940947124789083e-05,2.7380359668285044,1.2015476842330783,-0.19662212480088789,0.052673146391381022,1.7876636193355364,0.67904586474551631,0.017105282102336288,1.787638149063228,0.67901179274824819,0.017199530728563214
5.46,2730,0.0063708888338512163,0.015000509450473928,0,0.18232893775974218,0.00010315138458601426,0.00018710698302827625,9.2846688726392608e-07,2.2524095754713237e-05,2.7382100449552569,1.2015720139594106,-0.19660115232915368,0.052661982284058606,1.7874736085215543,0.67871910760630128,0.018042202302304085,1.7874478498836799,0.67868500874548798,0.018136085039844593
5.4800000000000004,2740,0.0063713452508039805,0.015000510907040198,0,0.18136784805198922,0.00010275077770595178,0.00019585500453077266,9.2752312143801601e-07,2.2972699315936647e-05,2.7383813646420427,1.2015963423354836,-0.19658018280084388,0.052650819762863982,1.7872783994538506,0.67838347747220473,0.019004468697986034,1.7872524246479051,0.67834942221832351,0.019097867153317793
5.5,2750,0.0063717959900483241,0.015000511931260084,0,0.18038227785426822,0.00010217844619199322,0.00020507991313976543,9.2660673521176885e-07,2.3036072399968081e-05,2.7385499917247316,1.201620670100765,-0.19655921271175719,0.052639657222581529,1.7870779361631159,0.67803905941500175,0.01999179903640599,1.7870519288574795,0.67800512847471761,0.020084603918880884
5.5200000000000005,2760,0.0063722411927218644,0.015000510928115069,0,0.17937258939257816,0.00010144305585628543,0.00021469988324558935,9.2457741593800643e-07,2.3036072399968081e-05,2.7387159828039227,1.2016449976938934,-0.19653824046526464,0.052628493906149959,1.7868722691831647,0.67768596506073486,0.021003886729370994,1.7868464227335681,0.67765223092716675,0.021095998959053713
5.54,2770,0.0063726810005191809,0.015000507494133808,0,0.17833916730107494,0.0001005598699722542,0.00022462847911353161,9.2113760993287202e-07,2.2717439178655149e-05,2.7388793867229042,1.2016693252713766,-0.19651726565719918,0.052617329608523292,1.786661488838494,0.67732431549218164,0.022040406433585548,1.7866359711025996,0.6772908408963817,0.022131733231622569
5.5600000000000005,2780,0.0063731155531334995,0.01500050172151661,0,0.17728241787168444,9.9544315398546331e-05,0.00023485449280965948,9.1635221929815001e-07,2.3036072399968081e-05,2.7390402499978248,1.2016936528681386,-0.19649628837950739,0.052606164352641843,1.7864456972641771,0.6769542384475391,0.023101012761366845,1.7864206432819429,0.67692107741496854,0.023191465592285666
5.5800000000000001,2790,0.0063735449892477992,0.015000493860215939,0,0.17620273982903073,9.8409991023252691e-05,0.00024531993874448061,9.1040903051431368e-07,2.2813496432377448e-05,2.7391986196478482,1.2017179804775884,-0.19647530888207043,0.05259499823279927,1.7862249980533274,0.67657586772137257,0.024185339661823541,1.7862005129655829,0.67654306703110989,0.024274833357297777
5.6000000000000005,2800,0.0063739694476535307,0.015000484181140843,0,0.17510002332455582,9.7168162680543694e-05,0.00025599545364517423,9.0351870369798817e-07,2.2685329707937426e-05,2.7393545443456091,1.2017423080836349,-0.19645432743578312,0.052583831352549341,1.7859994933149539,0.67618934298944999,0.025293000533243452,1.7859756581097956,0.67615694361224565,0.025381452866115727
5.6200000000000001,2810,0.0063743890681313932,0.01500047292965764,0,0.17397447713712444,9.5827900118864822e-05,0.00026683397412261152,8.9587910205665938e-07,2.2940947124789083e-05,2.7395080747929157,1.2017666356715695,-0.19643334428600412,0.052572663804414978,1.7857692835820669,0.67579480979538631,0.026423588621257103,1.7857461608188248,0.67576284814875431,0.026510920044043013
5.6399999999999997,2820,0.0063748039921066799,0.015000460315162363,0,0.17282671068264077,9.4396456233883621e-05,0.00027782954129680003,8.8766610617338856e-07,2.2717439178655149e-05,2.7396592637924644,1.2017909632307344,-0.19641235964211196,0.052561495665774463,1.7855344686446517,0.67539241959539398,0.027576677506510026,1.7855121072305566,0.67536092855763352,0.027662810964875252
5.6600000000000001,2830,0.0063752143631120176,0.015000446513387975,0,0.17165784368059916,9.2879685326846233e-05,0.00028891377246993385,8.7903414915293007e-07,2.262097403300073e-05,2.7398081662019438,1.2018152907543467,-0.19639137367980497,0.052550327000176311,1.7852951485388442,0.67498232979774075,0.028751821622113857,1.7852735874021963,0.67495133948618147,0.028836682413545027
5.6799999999999997,2840,0.0063756203270850173,0.015000431672216851,0,0.1704684615584984,9.1282412843317053e-05,0.00030012056397842409,8.7011962591055584e-07,2.262097403300073e-05,2.7399548388471917,1.2018396182385502,-0.19637038654692071,0.052539157859995758,1.7850514244143165,0.67456470376751343,0.029948556784561993,1.7850306951959434,0.67453424211567781,0.030032072448766867
5.7000000000000002,2850,0.006376022032528135,0.015000415917674719,0,0.1692591144617068,8.9608730444297997e-05,0.00031136880240236397,8.610445867096325e-07,2.2165253030559974e-05,2.740099340414647,1.2018639456814413,-0.19634939836943124,0.052527988289047305,1.7848033992040786,0.67413971078928037,0.031166400732857948,1.7847835281646673,0.67410980396506437,0.03124850096568264
5.7199999999999998,2860,0.0063764196305583281,0.015000399359035467,0,0.16803037144992106,8.7862218081563706e-05,0.00032261574493838154,8.5191985353505607e-07,2.2394272795856101e-05,2.7402417313582097,1.2018882730822471,-0.1963284092565529,0.052516818324757637,1.7845511781001639,0.67370752599071504,0.032404853673332137,1.7845321874375839,0.67367819869462664,0.032485470258506198
5.7400000000000002,2870,0.0063768132748725026,0.015000382092859615,0,0.16678281995536798,8.6046104923512379e-05,0.00033388553830374231,8.4284735298064968e-07,2.2426798989897964e-05,2.7403820737907125,1.2019126004407124,-0.19630741930478951,0.052505647999863236,1.7842948688657287,0.67326833023398414,0.033663398828560155,1.7842767776059298,0.67323960590967435,0.033742465583168797
5.7599999999999998,2880,0.0063772031216514282,0.01500036420604744,0,0.16551706521938822,8.4163382969583143e-05,0.00034514849030926762,8.3392168618010225e-07,2.262097403300073e-05,2.7405204313908529,1.2019369277567016,-0.19628642860098416,0.052494477343686057,1.7840345820195329,0.67282230998208181,0.034941502989289629,1.7840174066086398,0.67279421096422265,0.035018955719963822
5.7800000000000002,2890,0.0063775905297936983,0.015000307990787774,0,0.16423416928907661,8.2587383964156003e-05,0.00035377561346493501,8.0655486785037058e-07,2.2491710265994076e-05,2.7406573472831561,1.2019612732725076,-0.1962653993559843,0.052483282429874378,1.7837706132465017,0.6723699790492822,0.036238371183380746,1.7837541856180208,0.67234220476467321,0.036314393536192251
5.7999999999999998,2900,0.006377975305103898,0.01500022704886962,0,0.16293489257218874,8.1176613280853899e-05,0.00036080397519631924,7.7563841302627363e-07,2.2459278078588273e-05,2.7407927385778614,1.2019856310662131,-0.19624434519637718,0.05247207211255811,1.7835030786327684,0.67191140733239407,0.037553548233804857,1.7834872289254291,0.67188378357349499,0.037628216548807235
5.8200000000000003,2910,0.0063783565217853996,0.015000156079988929,0,0.16161957094061696,7.9565254338584456e-05,0.00036867602937838624,7.5831726641740382e-07,2.2230927998283902e-05,2.7409262493153324,1.202009984494832,-0.1962233008973141,0.052460868180808237,1.7832319111727599,0.67144647905958976,0.038886697635981009,1.7832166538269452,0.67141914881290543,0.038959847487059641
5.8399999999999999,2920,0.006378734312083776,0.01500009386687929,0,0.16028889954134382,7.7741110800540577e-05,0.00037736408839494326,7.5146308561665497e-07,2.2198114802541581e-05,2.741057957852135,1.2020343334729182,-0.19620226524361947,0.052449669653565685,1.7829571379274258,0.67097539273315998,0.040237218200471443,1.78294258050905,0.67094850686855145,0.040308694855142629
5.8600000000000003,2930,0.0063791089066683668,0.015000037403667401,0,0.15894363234894912,7.5740645318134273e-05,0.00038655303091308636,7.5213684339661279e-07,2.265317472408141e-05,2.7411879709117795,1.2020586789773728,-0.19618123522514974,0.052438474818434409,1.7826788498179269,0.67049839055437654,0.041604471107002161,1.7826651319343001,0.67047206889319011,0.041674153494837218
5.8799999999999999,2940,0.0063794805295117494,0.014999984830432895,0,0.15758452680030979,7.3597097399035052e-05,0.00039608288492226564,7.5850925551628387e-07,2.2000207897163392e-05,2.7413163842177162,1.2020830216920073,-0.19616020897875341,0.052427282631103571,1.7823971752182473,0.67001571409671246,0.042987814495296574,1.7823844337270038,0.66999005061037031,0.043055605148156859
5.9000000000000004,2950,0.006379849391682452,0.014999935212041352,0,0.15621234353926103,7.1337612125760343e-05,0.00040582727275880587,7.693338308627184e-07,2.2491710265994076e-05,2.7414432842037115,1.2021073620317879,-0.19613918556722004,0.052416092535300357,1.7821122620021639,0.66952760288546032,0.044386602326358791,1.7821006140588971,0.66950267211811287,0.044452419019992903
5.9199999999999999,2960,0.0063802156951225418,0.014999888131666063,0,0.15482785002094862,6.8984855149299289e-05,0.00041570974418081376,7.8362479406847748e-07,2.206637408534863e-05,2.7415687523034507,1.2021317002615211,-0.19611816457231235,0.052404904241323429,1.7818242665715036,0.66903429648114487,0.045800181234523667,1.7818138035348183,0.66901015769259253,0.045863952340759309
5.9400000000000004,2970,0.0063805796353186266,0.01499984342960785,0,0.15343182204931022,6.6557718726147696e-05,0.00042560766125443971,8.0053227643428648e-07,2.1733528855063329e-05,2.7416928675695877,1.2021560365696908,-0.19609714583326668,0.052393717592514454,1.7815333476351631,0.66853603539272699,0.047227889125648466,1.7815241350783853,0.66851273559181823,0.047289550929038048
5.96,2980,0.0063809414027674351,0.014999801060876373,0,0.1520250441492205,6.4071673171099068e-05,0.00043545803962167281,8.1930754543168906e-07,2.2132342465963256e-05,2.74181570803654,1.2021803711055179,-0.19607612930421714,0.052382532494755524,1.7812396630427925,0.6680330613838763,0.048669054790381271,1.7812317438176704,0.66801063785931414,0.048728549754223763
5.9800000000000004,2990,0.0063813017643426402,0.014999839042400633,0,0.15060822619690958,6.1534790359244696e-05,0.00044789684820866269,8.0702702626288986e-07,2.1867274910380131e-05,2.7419370784813228,1.202204677331834,-0.1960551931192534,0.052371388170216401,1.7809444962296153,0.66752573212331845,0.050123187198239695,1.7809367669708756,0.66750410012780104,0.050180273499169301
6,3000,0.0063816675168221256,0.014999914203942486,0,0.14918198595594315,5.8766411865601709e-05,0.00046565193493939709,7.8345855895917875e-07,2.1900583802360337e-05,2.7420591067549105,1.2022289701628261,-0.19603429402154898,0.052360266891099599,1.7806472001419449,0.66701396661785373,0.05158956516741775,1.7806393437320096,0.66699336142287735,0.051644037122830347
6.0200000000000005,3010,0.0063820398304658818,0.01499997679658145,0,0.14774744376328255,5.6070105044071826e-05,0.00048720486710251363,7.7021382453952601e-07,2.1800504449438904e-05,2.7421823083337786,1.2022532704396711,-0.19601338215750672,0.052349139188763778,1.7803478472128265,0.66649819361816964,0.053067236090193912,1.7803396151565625,0.66647866396669941,0.053119146422910733
6.04,3020,0.0063824168318856915,0.01500004945116162,0,0.14630560049289695,5.3641844640673996e-05,0.00050908969731180964,7.6474225452968086e-07,2.183391520383078e-05,2.7423061073101103,1.2022775715802423,-0.19599248020173349,0.052338013914632768,1.7800469986159706,0.66597893033930522,0.054555476071439603,1.7800377240471819,0.6659602529816635,0.054604898598507333
6.0600000000000005,3030,0.0063827975470814539,0.015000100054924255,0,0.144856928802297,5.0891606469055772e-05,0.00053199621750232981,7.6576817591874922e-07,2.206637408534863e-05,2.7424305726817111,1.2023018764469973,-0.19597155603872246,0.052326879631698707,1.7797428492268026,0.66545597355784614,0.056053692741318627,1.7797338148393482,0.66543837649408599,0.056100582812755415
6.0800000000000001,3040,0.0063831816461863682,0.015000163722741959,0,0.1434026036654994,4.8232043685627606e-05,0.00055357461275777902,7.7716221708996919e-07,2.1900583802360337e-05,2.7425554162611614,1.2023261758355552,-0.1959506448366912,0.052315748737414354,1.7794367015039572,0.66493003229583336,0.057561087870664204,1.7794280334870516,0.66491328513788484,0.057605480755473192
6.1000000000000005,3050,0.0063835688346348986,0.01500020905869376,0,0.14194243235669057,4.543112126231368e-05,0.00057533195484694175,7.8934464682287659e-07,2.183391520383078e-05,2.7426806652044404,1.2023504806040051,-0.19592971514380358,0.05230460990017969,1.779128384335295,0.66440098720212737,0.059076986102338205,1.7791205273484658,0.66438523195826027,0.059118867205807502
6.1200000000000001,3060,0.0063839589614286228,0.015000247995023393,0,0.14047506241587235,4.2612101915943503e-05,0.00059637173968637579,8.0277099639788472e-07,2.2132342465963256e-05,2.7428062318407904,1.2023747874299646,-0.19590877891334593,0.052293467833884423,1.7788184131068208,0.66386923384589058,0.060600649040287856,1.7788114450716257,0.6638544722153763,0.06064001059487828
6.1400000000000006,3070,0.0063843515529957654,0.015000273411961805,0,0.13900099955170447,3.9713089914622342e-05,0.00061684422150382035,8.1287064514220837e-07,2.1598954627055457e-05,2.7429320347695558,1.202399098342003,-0.19588782901313645,0.052282319794228878,1.778506778385599,0.6633349417563259,0.062131351042432538,1.7785009364801017,0.66332126318804085,0.062168173568424086
6.1600000000000001,3080,0.0063847465458464481,0.015000294536418813,0,0.13752138854683904,3.6828831599870875e-05,0.00063597369104364935,8.2228547201985517e-07,2.2296409518597789e-05,2.7430580344001743,1.202423410756075,-0.1958668746862362,0.052271169429032129,1.7781938975659861,0.66279848606650382,0.063668342137745804,1.7781891524586764,0.66278586397738781,0.063702613549446785
6.1799999999999997,3090,0.0063851414113167589,0.015000417727157796,0,0.13604007144516259,3.4216064746328442e-05,0.0006590291992947967,8.9414776220602835e-07,2.1699963539503996e-05,2.743183387419899,1.2024476846558645,-0.19584602250541414,0.052260059667456026,1.7778799488031805,0.66226112507358259,0.065210983971699804,1.7778762448390195,0.66224853531055716,0.065242583300856971
6.2000000000000002,3100,0.0063855395280898748,0.015000493432010702,0,0.13455742850318275,3.1489732593491529e-05,0.00067854973143456664,9.4580370804490039e-07,2.2263692832568247e-05,2.7433093183704189,1.2024719773261943,-0.19582512260697113,0.052248931081665929,1.7775651955260998,0.66172157375206575,0.06675836993278704,1.7775623662853643,0.66170953934437637,0.066787331488118828
6.2199999999999998,3110,0.0063859404984709092,0.015000482839428859,0,0.13307423406913524,2.85505881977162e-05,0.00069508396722401809,9.4002652059391574e-07,2.206637408534863e-05,2.7434359671012731,1.2024962987478289,-0.19580413613911321,0.052237766534206261,1.7772489415823269,0.66117987951938906,0.068309680317349061,1.7772476701801829,0.66116913946904154,0.06833610324189493
6.2400000000000002,3120,0.0063863433029996775,0.015000476718716863,0,0.13159179766294457,2.5695886517107032e-05,0.00070848810174470192,9.3762456808510384e-07,2.1767042412140833e-05,2.7435627587970646,1.2025206190689171,-0.19578315402117191,0.052226602924120062,1.7769322700824286,0.66063713013883785,0.069864277453226306,1.7769323105098622,0.66062760011179789,0.069888140720692021
6.2599999999999998,3130,0.0063867478180067465,0.015000460277550368,0,0.13011093261775089,2.290573559005384e-05,0.00072110876557509847,9.2927988778616943e-07,2.1666346224911465e-05,2.7436897930107453,1.202544941856126,-0.19576216144584149,0.052215433923377422,1.7766148930098955,0.66009350194143357,0.07142139686455759,1.7766164417503794,0.66008518654062154,0.071442683673505161
6.2800000000000002,3140,0.0063871540646076334,0.015000434642861386,0,0.1286323906545952,2.0139674368716967e-05,0.00073174029997177359,9.1421624512417442e-07,2.1933842111273517e-05,2.7438170341223955,1.2025692687576479,-0.19574115952388885,0.052204261798038935,1.7762972546616373,0.65954917459108919,0.072980323779707257,1.7763002187529777,0.6595421646678995,0.072998970002463581
6.2999999999999998,3150,0.0063875617096295495,0.015000416064195235,0,0.12715724796489272,1.7619193107090409e-05,0.00074193273726391436,9.0587658961742272e-07,2.1733528855063329e-05,2.743944444246059,1.2025935917979971,-0.19572016455642338,0.052193090870215522,1.7759793041233922,0.65900466237808686,0.074540239579298978,1.7759837966298424,0.65899880085411167,0.074556236325475256
6.3200000000000003,3160,0.0063879712082224455,0.01500039404211654,0,0.12568624612916388,1.5261212909562419e-05,0.00075017024389485004,8.9508571973998893e-07,2.1800504449438904e-05,2.7440721295028863,1.2026179174273812,-0.19569916600230564,0.052181918294441847,1.7756616337657063,0.65846009713363118,0.076100375899603806,1.7756673306397763,0.6584553617115112,0.076113718538872208
6.3399999999999999,3170,0.0063883824731907068,0.015000359914277546,0,0.12422020386850469,1.3279313305176988e-05,0.00075696651927470101,8.7847838437094249e-07,2.1867274910380131e-05,2.7442001882515581,1.2026422465994777,-0.19567815519775689,0.052170739774661766,1.7753439605325916,0.65791566095637377,0.077659950007009843,1.7753509760738755,0.65791211390780568,0.077670652380055411
6.3600000000000003,3180,0.0063887946238415042,0.015000345559622281,0,0.12276026178343785,1.2375931886636367e-05,0.00076466667451003051,8.7929995098660748e-07,2.1933842111273517e-05,2.7443284675457571,1.2026665638164638,-0.19565716412312018,0.052159565463092222,1.7750258981261167,0.65737200032449572,0.079218200549453277,1.775034888141205,0.65736932396983816,0.079226273990139914
6.3799999999999999,3190,0.0063892092400366918,0.015000318031685902,0,0.12130687142724683,1.1738376226780609e-05,0.00076747365218400576,8.7083574394407629e-07,2.1800504449438904e-05,2.7444572609568114,1.2026908895454234,-0.19563615968492645,0.052148386247492552,1.7747089595046437,0.65682894580811513,0.080774377568303191,1.7747192218544749,0.65682725808726838,0.080779820476599845
6.4000000000000004,3200,0.006389626212600333,0.015000255539655592,0,0.11986073839902603,1.1885271101993785e-05,0.00076851769762483575,8.4574043559898405e-07,2.2033315828455735e-05,2.7445867203390031,1.2027152281934816,-0.19561512008177948,0.052137193460160616,1.7743925933704379,0.65628652913463748,0.082327701857621852,1.7744041319157153,0.6562861819162531,0.082330530475913752
6.4199999999999999,3210,0.0063900448186897064,0.015000182992416315,0,0.11842294052597507,1.3397548903544026e-05,0.00077049559434176835,8.2510022035735092e-07,2.1699963539503996e-05,2.7447167340999363,1.2027395671898971,-0.19559407030822323,0.052125994866310449,1.7740764165670737,0.65574533136617374,0.083877417179317529,1.7740897726019529,0.65574636038312795,0.083877644716209218
6.4400000000000004,3220,0.0063904653489160884,0.015000110195706967,0,0.11699434408112958,1.5541006692024738e-05,0.0007714580748413956,8.1334172827079471e-07,2.183391520383078e-05,2.7448473179575061,1.2027639057078139,-0.1955730201630986,0.05211479489772225,1.7737611149004018,0.65520573659904169,0.085422777328895264,1.7737762976508864,0.65520805748808764,0.085420406579908195
6.46,3230,0.0063908880101822812,0.015000046872909067,0,0.11557573511273284,1.7597037412278856e-05,0.00076916618947741493,8.09860215945526e-07,2.1933842111273517e-05,2.744978455555366,1.2027882432238577,-0.19555197935535096,0.052103598869418753,1.7734473515624867,0.6546680617599604,0.086963067791465495,1.7734638601465615,0.65467153610886775,0.086958062666371946
6.4800000000000004,3240,0.0063913127592967476,0.014999992579985827,0,0.11416787277703686,1.9730928366761591e-05,0.00076678190219474493,8.125149069776265e-07,2.1733528855063329e-05,2.7451102043292344,1.2028125783446253,-0.19553094745813326,0.052092406940950305,1.773135012943087,0.65413248788759837,0.088497523924569929,1.7731526124050483,0.65413705780442477,0.088489863354546394
6.5,3250,0.0063917396741397228,0.014999941820345234,0,0.11277153553991132,2.213057653791002e-05,0.00076551556180565379,8.2024289189278231e-07,2.1867274910380131e-05,2.7452426777785517,1.2028369115251181,-0.1955099189809032,0.052081216249272796,1.7728239594693054,0.65359922024037564,0.090025372231798295,1.7728427058601148,0.65360488261861827,0.090015063365606662
6.5200000000000005,3260,0.0063921689701950052,0.014999894821347082,0,0.11138750189837482,2.460456823232375e-05,0.0007632908296344149,8.3156610030398198e-07,2.206637408534863e-05,2.745375948835477,1.2028612437888073,-0.19548889413702819,0.052070026825233706,1.7725144818849135,0.65306854781105195,0.09154587658905454,1.7725342909489048,0.65307526888389089,0.091532922325602714
6.54,3270,0.0063926007683035241,0.014999852731304667,0,0.11001652140624912,2.7087195207683419e-05,0.00076003311703037358,8.4508573628541759e-07,2.1632676668865267e-05,2.745510074069037,1.2028855749625691,-0.19546787407400673,0.052058839368963022,1.7722067710442104,0.65254072804512497,0.093058304586072338,1.7722275169976125,0.65254847302494978,0.093042705328103714
6.5600000000000005,3280,0.0063930351772507991,0.014999815943824503,0,0.10865932942464659,2.9561898630902211e-05,0.00075589784085353258,8.5956585693222097e-07,2.2230927998283902e-05,2.7456451148182972,1.2029099049673233,-0.19544685918525642,0.052047654172130718,1.7719009740735461,0.65201601058345504,0.094561926050919093,1.7719225321071577,0.65202474936244759,0.094543683496843944
6.5800000000000001,3290,0.0063934723059073358,0.014999784331314927,0,0.10731664720104514,3.202852349849027e-05,0.0007509491311969822,8.7409597923601784e-07,2.1531352099333316e-05,2.7457811361056454,1.202934233835051,-0.19542584934279433,0.052036471230446787,1.7715972213682862,0.6514946424928425,0.096056015407146783,1.7716194830388632,0.65150434991666351,0.096035134548367124
6.6000000000000005,3300,0.0063939122641755927,0.014999757527749975,0,0.10598917983526127,3.4490432147693359e-05,0.00074523925327359413,8.8807506182729695e-07,2.1867274910380131e-05,2.7459182042441732,1.2029585616506349,-0.19540484418009776,0.052025290401233347,1.771295638774449,0.65097686915649511,0.097539853638436938,1.7713185151001285,0.650987524211184,0.097516343354671853
6.6200000000000001,3310,0.0063943551621112706,0.014999735094780477,0,0.10467761448924154,3.6950027458137947e-05,0.00073879594492543899,9.0113560775133414e-07,2.2132342465963256e-05,2.7460563853228663,1.2029828885150533,-0.19538384325831648,0.052014111496877673,1.7709963524843169,0.65046293424002777,0.099012729521875939,1.7710197720301075,0.65047451907658427,0.098986602505856586
6.6400000000000006,3320,0.0063948011089604972,0.014999716601329134,0,0.10338261894317607,3.9407687856182594e-05,0.00073167355429723448,9.130695108987436e-07,2.1531352099333316e-05,2.7461957444232961,1.2030072145276678,-0.19536284614590907,0.052002934329469612,1.7706994904942805,0.64995307942526481,0.10047394042776654,1.7707233958853825,0.64996557845410885,0.10044521287276463
6.6600000000000001,3330,0.0063952502123888165,0.014999701655192281,0,0.10210484035148515,4.1861956847900925e-05,0.00072387620398234364,9.2377247129933439e-07,2.2000207897163392e-05,2.7463363452702803,1.2030315397792419,-0.19534185245026206,0.051991758728560725,1.7704051825411253,0.64944754407103666,0.10192279291815191,1.7704295269256412,0.64946094319935266,0.10189148416962929
6.6799999999999997,3340,0.0063957025779003644,0.014999689911311837,0,0.10084490410495003,4.4310075640552227e-05,0.00071546639084374528,9.3320648918564469e-07,2.2132342465963256e-05,2.7464782500848961,1.203055864350107,-0.19532086182596506,0.051980584546006077,1.7701135594536568,0.64894656485839208,0.1033586032657251,1.7701383034993519,0.64896085088594213,0.10332473551671885
6.7000000000000002,3350,0.0063961583084102174,0.014999681069958077,0,0.099603412755663201,4.674850424680215e-05,0.00070644184656763894,9.4137574975061488e-07,2.1463536648682345e-05,2.7466215195336185,1.2030801883105171,-0.19529987397298487,0.051969411655228698,1.7698247523611064,0.6484503754477885,0.1047806979498111,1.7698498619294387,0.64846553560921627,0.10474429600298184
6.7199999999999998,3360,0.0063966175039402249,0.014999674871141932,0,0.098380944988648689,4.9173321833626065e-05,0.00069685400407536906,9.4831143954124291e-07,2.1967050066869309e-05,2.7467662127220565,1.2031045117218466,-0.19527888863107187,0.051958239948433273,1.7695388919471973,0.64795920616134517,0.106188414153494,1.7695643363989586,0.64797522778990757,0.10614950524869154
6.7400000000000002,3370,0.006397080261409325,0.01499967108819489,0,0.097178054633720035,5.1580496385740492e-05,0.00068671005204261999,9.5406225266257752e-07,2.2198114802541581e-05,2.7469123871982442,1.2031288346379596,-0.19525790557333556,0.051947069333368429,1.7692561078178135,0.6474732836917807,0.10758110027112415,1.7692818588367756,0.64749015397782284,0.10753971396809198
6.7599999999999998,3380,0.0063975466744942283,0.01499966952180741,0,0.095995269717119164,5.3966047782948013e-05,0.0006760539647776687,9.5868839920846283e-07,2.2296409518597789e-05,2.7470600989601799,1.2031531571065042,-0.19523692460027098,0.051935899730316079,1.7689765279926173,0.6469928308352878,0.1089581164284361,1.7690025588032379,0.64701053665552433,0.10891428453204205
6.7800000000000002,3390,0.0063980168335405346,0.014999669994966098,0,0.094831772641404188,5.6326134579342058e-05,0.00066487975585250423,9.6225775949829832e-07,2.2394272795856101e-05,2.7472094024580507,1.2031774791700076,-0.19521594553469532,0.051924731069533138,1.7687002785065646,0.64651806624394048,0.1103188350143299,1.7687265633758524,0.64653659404201114,0.1102725915306611
6.7999999999999998,3400,0.0063984908255085684,0.014999672348824737,0,0.093684345796336721,5.8657090810735252e-05,0.00065323894942852798,9.648433254313386e-07,2.2099382890764463e-05,2.7473603505932811,1.2032018008667926,-0.19519496821761179,0.051913563289188919,1.7684274830994264,0.64604920419312772,0.11166264122226086,1.7684539970349615,0.64606853989639934,0.11161402233597362
6.8200000000000003,3410,0.0063989690057761001,0.014999672412824702,0,0.092553325096217803,6.0776794937579103e-05,0.00063977219274557367,9.6413345962652522e-07,2.1632676668865267e-05,2.7475130395191791,1.2032261250781364,-0.19517398844763922,0.051902398329387298,1.7681585579317121,0.64558656269583758,0.11298891670433932,1.7681849815494177,0.64560658332160403,0.11293797766455499
6.8399999999999999,3420,0.0063994510312194953,0.014999679230195583,0,0.09143909288938587,6.2906161840300517e-05,0.00062645114046579523,9.6106063774807159e-07,2.2033315828455735e-05,2.7476674138098072,1.2032504473262435,-0.19515301530876958,0.051891235754844819,1.7678933146979274,0.64513020221352746,0.11429711497758241,1.7679196358622602,0.64515092856801926,0.11424387214017562
6.8600000000000003,3430,0.0063999371370917204,0.014999686355710418,0,0.090344748209694126,6.4995166908923881e-05,0.00061272997584226518,9.5688486314910653e-07,2.1867274910380131e-05,2.7478235835239402,1.2032747698395581,-0.19513204234043247,0.051880074229383982,1.767631882756667,0.64468036745291946,0.11558663270199326,1.7676580759763907,0.64470177483719993,0.11553113485644682
6.8799999999999999,3440,0.0064004272496472787,0.01499969685491704,0,0.089272995881201272,6.7114597879856187e-05,0.00059908877595640818,9.5248353370863546e-07,2.2000207897163392e-05,2.7479815607220757,1.2032990910671901,-0.19511107262271224,0.051868913096421422,1.7673742607858343,0.64423720026285103,0.11685692670542619,1.7674004148402482,0.64425931608554221,0.11679920993946535
6.9000000000000004,3450,0.0064009216195764305,0.014999705736866892,0,0.08822422816867978,6.9178573716381877e-05,0.00058499259412547766,9.4785253358118619e-07,2.2263692832568247e-05,2.7481414421028418,1.2033234130451365,-0.19509010114813391,0.051857752141845896,1.7671206594826636,0.64380095045940056,0.11810743131660496,1.7671467622334855,0.64382374082796501,0.1180475571104586
6.9199999999999999,3460,0.0064014201511260107,0.014999717446785172,0,0.087198711704199239,7.1252462052902627e-05,0.00057091352806314946,9.4339838022227774e-07,2.1933842111273517e-05,2.7483032237127261,1.2033477338896446,-0.19506913237786988,0.05184659125985408,1.7668710998207389,0.64337174639646932,0.11933764285801593,1.7668972246526449,0.64339523194159043,0.1192756522484299
6.9400000000000004,3470,0.0064019230871891191,0.014999727185079753,0,0.08619677554252117,7.3252484423867565e-05,0.0005564063224219218,9.3873736052445496e-07,2.2132342465963256e-05,2.748466997211569,1.203372055597641,-0.19504816149561771,0.051835430504307771,1.7666257915479222,0.64294982711209314,0.12054702930852258,1.7666519051968335,0.64297396646942528,0.12048298795280302
6.96,3480,0.0064024306463407715,0.014999731950575999,0,0.085218700196041663,7.5092107936852753e-05,0.00054095842039537554,9.3213972885908194e-07,2.2132342465963256e-05,2.7486328312256441,1.2033963799463934,-0.19502718548094622,0.051824271130567603,1.7663849952892772,0.64253542483499215,0.12173508900225526,1.766410903453399,0.64256011542404168,0.12166907410606793
6.9800000000000004,3490,0.0064029425678434546,0.014999739841187243,0,0.084264624480395373,7.6899540685100869e-05,0.00052556130964319522,9.2447496029870639e-07,2.2394272795856101e-05,2.7488006734143822,1.2034207034443749,-0.19500621246250063,0.051813113074026307,1.766148629722075,0.64212860272394678,0.12290138462665433,1.7661743153836063,0.64215384359125849,0.12283343843642534
7,3500,0.0064034589073021769,0.014999749269448278,0,0.083334742248084848,7.8684025906276128e-05,0.00051017672688625842,9.166432210351413e-07,2.2459278078588273e-05,2.7489705731554102,1.2034450264091912,-0.19498524085256769,0.051801955388552159,1.7659167347217573,0.64172951439205983,0.12404545274975019,1.7659422332083117,0.64175530933382186,0.1239756270804319
7.0200000000000005,3510,0.0064039797325058725,0.01499975929603437,0,0.082429217065400961,8.043594145033712e-05,0.00049479258205259306,9.090193554331266e-07,2.2198114802541581e-05,2.749142574410675,1.2034693490919333,-0.19496426971074152,0.051790797649424021,1.7656893931102033,0.64133831823682896,0.12516685071366657,1.7657147452936397,0.64136466439508644,0.12509520514564534
7.04,3520,0.0064045051015934286,0.014999769600580139,0,0.081548175415105506,8.214512105679784e-05,0.00047938610962812276,9.0170260792841589e-07,2.2000207897163392e-05,2.7493167135078949,1.2034936715944726,-0.19494329871607752,0.051779639739817335,1.7654666983076495,0.64095516481011927,0.12626515935364765,1.765491936036659,0.64098205370269656,0.12619175727326948
7.0600000000000005,3530,0.0064050350643863174,0.014999780116650695,0,0.080691709631561498,8.3803087972870264e-05,0.00046392994672112822,8.9469097082808222e-07,2.2198114802541581e-05,2.7494930223609302,1.2035179939537868,-0.19492232780182669,0.051768481663846795,1.7652487421196594,0.64058019624120055,0.12733998119363574,1.765273885751057,0.64060761517226672,0.1272648882007994
7.0800000000000001,3540,0.0064055696643465299,0.014999790855093904,0,0.079859879874764145,8.5402926838973713e-05,0.00044844171233217295,8.879581454210603e-07,2.2263692832568247e-05,2.7496715301597625,1.2035423161855316,-0.19490135697863381,0.051757323459109841,1.7650356107089773,0.64021354654915785,0.12839093977517435,1.7650606705528165,0.64024147951106336,0.12831422332466597
7.1000000000000005,3550,0.0064061087586041645,0.014999809054272428,0,0.079052604129459469,8.7013153399268062e-05,0.00043320242605392791,8.7939361801752832e-07,2.2230927998283902e-05,2.7498521758218168,1.2035666356617272,-0.19488039349623104,0.051746169002931698,1.7648274234187629,0.63985525739986149,0.12941774427524999,1.7648523622458909,0.63988377002168495,0.12933940926288187
7.1200000000000001,3560,0.0064066524340280328,0.014999833061667212,0,0.078269925137611746,8.8596135169812968e-05,0.00041814517673177047,8.6997461319380003e-07,2.2781522350186147e-05,2.7500350093041317,1.2035909530678157,-0.19485943569878955,0.051735017451997947,1.7646242505147867,0.63950548346083236,0.13042003580493092,1.7646490282078806,0.63953460240574389,0.13034011441768564
7.1400000000000006,3570,0.0064072008779074378,0.014999856625183836,0,0.077511916194480945,9.0077386531119651e-05,0.00040300648403053725,8.6163246116456045e-07,2.2394272795856101e-05,2.7502201318855688,1.2036152707100745,-0.19483847732389764,0.051723865495157555,1.7644261214671986,0.63916441419664727,0.13139744183443397,1.7644507312757078,0.63919408456754667,0.13131602953818761
7.1600000000000001,3580,0.006407754115949283,0.014999879311721096,0,0.076778514562829525,9.1458108674618557e-05,0.00038782192123694925,8.5443076662404171e-07,2.2165253030559974e-05,2.7504075677474189,1.2036395887027298,-0.19481751793803542,0.051712712908787359,1.764233084905144,0.63883214669528143,0.13234967425411787,1.7642575296312932,0.6388623164177758,0.13226686828301409
7.1799999999999997,3590,0.0064083121626399061,0.014999901157377525,0,0.076069620245630326,9.2743452029995672e-05,0.0003726289186082433,8.4829035773311343e-07,2.2000207897163392e-05,2.7505973335146843,1.2036639070145621,-0.19479655757755926,0.051701559718981667,1.7640451944176299,0.63850876485376606,0.13327647390323583,1.7640694766872309,0.63853938967716972,0.13319236778295343
7.2000000000000002,3600,0.0064088750310551043,0.014999922235268489,0,0.075385108700141812,9.3935311740039505e-05,0.00035748553712256691,8.4311897175558994e-07,2.2000207897163392e-05,2.750789444296077,1.2036882256180317,-0.1947755963157507,0.051690405976226796,1.7638625016190876,0.6381943476059061,0.13417760399347789,1.7638866209724646,0.63822538768020476,0.1340922892036
7.2199999999999998,3610,0.0064094427317156139,0.01499994261189919,0,0.074724830883001719,9.5033768480331002e-05,0.00034236003846549668,8.3882939427331871e-07,2.2459278078588273e-05,2.7509839137114422,1.2037125444944166,-0.19475463421920144,0.051679251728559333,1.7636850533620332,0.63788896737130441,0.13505285099162823,1.763709006017963,0.6379203851787757,0.13496641830799999
7.2400000000000002,3620,0.0064100152716812502,0.014999962342991722,0,0.074088613142895166,9.6038138327157703e-05,0.00032734398634636555,8.353431749967423e-07,2.262097403300073e-05,2.7511807536192356,1.203736863630124,-0.19473367134368644,0.051668097017122563,1.7635128908011184,0.63759268875657649,0.13590202574361104,1.7635366702423958,0.63762444814587682,0.13581456601929665
7.2599999999999998,3630,0.0064105926542281982,0.014999981474033631,0,0.073476257777031206,9.6947342786100928e-05,0.00031243916283916871,8.3259043518001113e-07,2.2972699315936647e-05,2.751379973973437,1.2037611830146464,-0.19471270773473062,0.05165694187584504,1.7633460491588588,0.63730556793647475,0.13672496429644437,1.7633696468378095,0.63733763357928264,0.13663656898337437
7.2800000000000002,3640,0.0064111748787503602,0.015000000041400596,0,0.072887543881752337,9.7760027716016845e-05,0.00029767207226936987,8.305085164418359e-07,2.2459278078588273e-05,2.7515815827303554,1.203785502639739,-0.19469174342874204,0.051645786332083873,1.763184557711718,0.63702765229747416,0.13752152859156147,1.7632079636553029,0.63705998930522978,0.13743229013150443
7.2999999999999998,3650,0.0064117619407131256,0.015000018073546584,0,0.07232222831165025,9.84746203459416e-05,0.00028307714689112634,8.2904049332616449e-07,2.262097403300073e-05,2.7517855857814677,1.2038098224990303,-0.19467077845419994,0.051634630407468476,1.7630284398195395,0.6367589801534087,0.13829160711869451,1.7630516430907026,0.63679155378209673,0.1382016192429906
7.3200000000000003,3660,0.0064123538316079752,0.015000035592132234,0,0.071779883524419552,9.9089373143700752e-05,0.00026870957279758134,8.2813385891807853e-07,2.2588727439225648e-05,2.7519919868810088,1.2038341425877892,-0.1946498128327874,0.051623474118708837,1.7628777129420266,0.63649958048262301,0.13903511555213943,1.7629007019702394,0.63653235590408597,0.1389444735078125
7.3399999999999999,3670,0.0064129505387093468,0.015000052624767215,0,0.071258260491247283,9.9602510988831624e-05,0.00025446465359328744,8.2773919740681449e-07,2.2685329707937426e-05,2.7522007874650236,1.2038584628995415,-0.19462884659213225,0.051612317486151478,1.7627323887716242,0.63624947265295007,0.13975199751865849,1.7627551514362232,0.63628241480490422,0.13966079808927287
7.3600000000000003,3680,0.0064135520448759227,0.015000069214742635,0,0.070756681872508276,0.00010001231357107062,0.00024051881036767328,8.2781137618548975e-07,2.2329078268013787e-05,2.752411986501786,1.2038827834235275,-0.19460787977554447,0.051601160540114988,1.7625924733191396,0.63600866616989948,0.14044222528339431,1.7626149968327198,0.63604173966144395,0.14035056668664039
7.3799999999999999,3690,0.0064141585618301142,0.015000080887996212,0,0.070275139924887597,0.00010021548846285009,0.0002263482594410485,8.2491383747121463e-07,2.2394272795856101e-05,2.7526256329687806,1.2039071083761448,-0.19458690787576827,0.051590002188798501,1.7624581752835446,0.63577726637383036,0.14110577790511011,1.7624802375912252,0.63581032949746386,0.14101378209779666
7.4000000000000004,3700,0.006414769916671819,0.015000090396989081,0,0.069813603012543357,0.0001002563863345366,0.00021212796168935944,8.1993338874285294e-07,2.3099271619960363e-05,2.7528416725728424,1.2039314360804985,-0.19456593365608138,0.051578843594280145,1.7623294292458924,0.63555521653291991,0.14174270276969295,1.7623508671163426,0.63558817298727044,0.14165047678188006
7.4199999999999999,3710,0.0064153858291885425,0.015000101443977383,0,0.069373332599912962,0.00010022955364673934,0.00019840641477940558,8.1585247323874657e-07,2.2972699315936647e-05,2.7530600382810473,1.2039557628954227,-0.19454496084798606,0.051567685564714576,1.7622060129091555,0.63534239410801763,0.14235307920822662,1.7622268726714576,0.63537524825939862,0.14226071342193128
7.4400000000000004,3720,0.0064160062858607406,0.015000112554245682,0,0.068954526406907662,0.00010012747483205806,0.00018507402394778505,8.1255507958469928e-07,2.2781522350186147e-05,2.7532807349774613,1.2039800892185131,-0.19452398797582418,0.051556527224832685,1.7620878781178435,0.63513877128212426,0.14293698918014663,1.7621082352644137,0.63517152270029276,0.14284458548753798
7.46,3730,0.0064166312736574247,0.015000123199828278,0,0.068556818255056912,9.9936068079335531e-05,0.00017217462770874957,8.0986459442035097e-07,2.2940947124789083e-05,2.7535037576045966,1.2040044152836724,-0.19450301451034985,0.051545368310993087,1.7619750142293515,0.63494431650624672,0.14349455128787555,1.7619949295331889,0.63497695275798782,0.14340221779748061
7.4800000000000004,3740,0.0064172607650608924,0.015000133318809889,0,0.068179821816511776,9.964542034895089e-05,0.00015967621588244981,8.0767568460132299e-07,2.2588727439225648e-05,2.7537290931741039,1.204028741170853,-0.19448204038898431,0.051534208821301761,1.7618674088150321,0.63475898324972502,0.14402591967044459,1.7618869236315697,0.63479148374579031,0.14393376708237712
7.5,3750,0.0064178947220796647,0.015000142963307504,0,0.067823135585269562,9.9248412003347342e-05,0.00014751765817326871,8.0592186126242868e-07,2.2685329707937426e-05,2.7539567243457923,1.2040530669115515,-0.19446106566346827,0.051523048810011705,1.7617650390992809,0.63458271103337716,0.14453128179414668,1.761784179114829,0.63461504964595916,0.144439422547327
7.5200000000000005,3760,0.0064185330989538986,0.015000152191286734,0,0.067486345144137067,9.8739430747490158e-05,0.00013577953959286363,8.0455343107724882e-07,2.2813496432377448e-05,2.7541866306682943,1.2040773925266453,-0.19444009039150523,0.051511888328082456,1.76166787146582,0.6344154264462879,0.14501085814581116,1.7616866508254003,0.63444757291338705,0.14491940643455797
7.54,3770,0.0064191758432959089,0.015000161045640085,0,0.067169024085674767,9.8113794959535714e-05,0.00012453979526145874,8.0352796084192386e-07,2.2685329707937426e-05,2.7544187888462441,1.2041017180360232,-0.19441911461577188,0.051500727413776697,1.7615758623403137,0.63425704347457135,0.14546490268438769,1.7615942867785537,0.63428896427928105,0.14537397458607046
7.5600000000000005,3780,0.0064198228965421733,0.015000169555360555,0,0.06687073452635614,9.7367479604938247e-05,0.00011364493741827689,8.0280676880071237e-07,2.2972699315936647e-05,2.7546531727210142,1.2041260434599483,-0.19439813836506253,0.051489566094957265,1.7614889589696305,0.63410746354649217,0.14589370344867014,1.761507028048072,0.6341391225548435,0.14580341700628202
7.5800000000000001,3790,0.0064204741941554667,0.015000177739625415,0,0.066591027483441534,9.6496947308219761e-05,0.00010314066236582593,8.0235375044631043e-07,2.3036072399968081e-05,2.754889753209683,1.2041503688186341,-0.19437716165836869,0.051478404392237893,1.7614070999418248,0.63396657548729585,0.14629758316331018,1.7614248086519266,0.633997934434954,0.14620805842467272
7.6000000000000005,3800,0.0064211296657289045,0.015000185610915184,0,0.066329443149921202,9.5499025508033133e-05,9.3088738154703906e-05,8.0213496885313192e-07,2.2394272795856101e-05,2.7551284982387743,1.2041746941317237,-0.19435618450799569,0.051467242321126989,1.7613302155181638,0.63383425543758398,0.14667689982590368,1.7613475554379521,0.63386527430184891,0.14658825885843133
7.6200000000000001,3810,0.006421789235035889,0.015000193177042539,0,0.066085511057454166,9.4370813384503054e-05,8.3408048569303308e-05,8.0211846734710932e-07,2.2717439178655149e-05,2.7553693726780639,1.2041990194179539,-0.19433520692159101,0.051456079893350562,1.7612582278424871,0.63371036674742509,0.147032047282424,1.7612751879695234,0.6337410040288034,0.14694441417509857
7.6400000000000006,3820,0.006422452820039482,0.015000200442512318,0,0.065858750117779419,9.3109611648609954e-05,7.4302836899019765e-05,8.022741591557431e-07,2.2524095754713237e-05,2.7556123382866238,1.2042233446949604,-0.19431422890350739,0.051444917117720965,1.7611910510658964,0.63359475985043523,0.14736345579686647,1.7612076184112302,0.63362497278381236,0.14727695665521354
7.6600000000000001,3830,0.0064231203328683874,0.015000207409466676,0,0.065648668538257932,9.1712870230431246e-05,6.5457216887374604e-05,8.0257371946146292e-07,2.2717439178655149e-05,2.7558573536441031,1.2042476699792068,-0.19429325045574561,0.051433754000764054,1.7611285914090551,0.63348727212123901,0.14767159261787177,1.7611447514145542,0.63351701683327122,0.14758635555495725
7.6799999999999997,3840,0.0064237916797656213,0.015000214078378229,0,0.065454763610572508,9.0178149663815537e-05,5.7170968197395158e-05,8.0299050185096703e-07,2.2685329707937426e-05,2.7561043740894964,1.20427199528596,-0.19427227157865021,0.051422590547199477,1.7610707471772169,0.63338772771963958,0.14795696254350546,1.761086484003543,0.63341695934565656,0.14787311766879999
7.7000000000000002,3850,0.0064244667610154531,0.015000220448584631,0,0.06527652137355916,8.850309281068236e-05,4.9341912471780494e-05,8.034994621752045e-07,2.3036072399968081e-05,2.7563533516525545,1.2042963206293189,-0.19425129227144022,0.051411426760319803,1.7610174087394694,0.63329593742447188,0.14822010848483877,1.7610327054604871,0.63332461019520769,0.14813778789214474
7.7199999999999998,3860,0.006425145470853425,0.015000226518654763,0,0.065113416152607156,8.6685404274062036e-05,4.1913243110876018e-05,8.0407707850690615e-07,2.2717439178655149e-05,2.7566042349894984,1.204320646022262,-0.19423031253257816,0.051400262642293006,1.7609684584811867,0.6332116984595948,0.14846161202871563,1.7609832972115957,0.63323976576560792,0.14838094978397146
7.7400000000000002,3870,0.0064258276973633219,0.015000232286688571,0,0.064964909979380314,8.4722835490953744e-05,3.5201989238641046e-05,8.0470128885734834e-07,2.2940947124789083e-05,2.7568569693113916,1.2043449714767098,-0.1942093323600653,0.051389098194403869,1.7609237707367693,0.63313479431399722,0.14868209400000021,1.7609381327126716,0.63316220875366436,0.14860322612948537
7.7599999999999998,3880,0.0064265133223641215,0.015000237750515793,0,0.064830451896939395,8.2613174015032977e-05,2.9003182112398563e-05,8.0535142413904684e-07,2.2813496432377448e-05,2.7571114963131027,1.2043692970035966,-0.19418835175164328,0.051377933417243109,1.7608832117080315,0.63306499455757492,0.14888221502350299,1.7608970773347876,0.63309170797299008,0.14880527950275765
7.7800000000000002,3890,0.0064272022212892924,0.015000242907848359,0,0.064709477156522893,8.0354235907675444e-05,2.3130806476445511e-05,8.0600814541299367e-07,2.2524095754713237e-05,2.7573677541018027,1.204393622612947,-0.19416737070494239,0.051366768310862003,1.7608466393722284,0.63300205465368009,0.14906267608572446,1.7608599882499614,0.63302801815768484,0.14898781282937415
7.7999999999999998,3900,0.0064278942630601864,0.015000247756386805,0,0.064601406313554599,7.7943860462883368e-05,1.8744172150678372e-05,8.0665339345833521e-07,2.265317472408141e-05,2.7576256771292247,1.2044179483139419,-0.19414638921758925,0.051355602874890251,1.7608139033826542,0.63294571576935477,0.14922421909650244,1.7608267143168328,0.63297087976601563,0.1491515699490788
7.8200000000000003,3910,0.0064285893099549057,0.015000252293896477,0,0.064505644231542897,7.5379906737728993e-05,1.574280817616329e-05,8.0727032596152281e-07,2.2588727439225648e-05,2.7578851961075932,1.2044422741150038,-0.19412540728728106,0.051344437108632096,1.7607848449639523,0.63289570458386701,0.14936762745061855,1.7607970959663377,0.63292001878409798,0.14929733617841873
7.8399999999999999,3920,0.0064292872174737592,0.015000256518252014,0,0.064421579003689083,7.2660251560775072e-05,1.4388049231413678e-05,8.078432710667847e-07,2.2394272795856101e-05,2.7581462379435893,1.2044666000238549,-0.1941044249118303,0.051333271011140692,1.7607592968035968,0.63285173309602727,0.14949372658938379,1.7607709650873851,0.63287514652957721,0.14942593887338956
7.8600000000000003,3930,0.0064299878342021317,0.015000260427469098,0,0.064348580803032546,6.9782788855305219e-05,1.4738418260860163e-05,8.0835767847904813e-07,2.2426798989897964e-05,2.7584087256591538,1.2044909260475822,-0.1940834420891952,0.051322104581276298,1.7607370829406475,0.63281349843062495,0.14960338456221239,1.7607481449125322,0.63283595945530924,0.14953824799208026
7.8799999999999999,3940,0.0064306910016715202,0.015000264019721953,0,0.064286000672948956,6.6745430296505538e-05,1.6817390473705895e-05,8.0880006723065588e-07,2.2524095754713237e-05,2.7586725783171047,1.2045152521927087,-0.19406245881749698,0.05131093781774887,1.7607180186525091,0.63278068264424914,0.14969751258819278,1.7607284499036604,0.63280213895304116,0.14963517665731896
7.9000000000000004,3950,0.0064313965542193586,0.015000267293334127,0,0.064233169270686563,6.3546107511329745e-05,1.9205163268014068e-05,8.0915797772153988e-07,2.2717439178655149e-05,2.7589377109415194,1.2045395784652428,-0.19404147509501019,0.051299770719150171,1.7607019103402235,0.63275295253065422,0.1497770656176349,1.7607116856376508,0.63277335115709288,0.14971768171931671
7.9199999999999999,3960,0.0064321043188482196,0.015000270246778464,0,0.064189395577487984,6.0182776313517919e-05,2.2524095754713237e-05,8.0941992890124508e-07,2.2845425764212974e-05,2.7592040344455651,1.2045639048707351,-0.1940204909201626,0.051288603283975928,1.7606885554126359,0.63272995942583199,0.14984304289359973,1.7606976486920602,0.63274924674803801,0.14978676431831361
7.9400000000000004,3970,0.0064328141150849054,0.015000272878657375,0,0.064153965589540507,5.6653423908598634e-05,2.564165271600967e-05,8.0957537222271563e-07,2.2329078268013787e-05,2.7594714555519757,1.204588231414329,-0.1939995062915135,0.051277435510635704,1.7606777421696875,0.63271133901285226,0.1498964885133969,1.7606861265307963,0.63272946075638414,0.14984347044722385
7.96,3980,0.0064335257548400063,0.015000275187670468,0,0.064126141004747922,5.2956080720848665e-05,2.8367906173936548e-05,8.0961463960243789e-07,2.265317472408141e-05,2.7597398767177985,1.2046125581008142,-0.19397852120772222,0.051266267397457856,1.7606692496850169,0.63269671112657655,0.14993849199002535,1.7606768973897944,0.63271361236625545,0.14988889151427898
7.9800000000000004,3990,0.0064342390422684236,0.015000277172588462,0,0.064105157920877009,4.9088839950595488e-05,3.1554993483125875e-05,8.0952890844137974e-07,2.2685329707937426e-05,2.7600091960565343,1.2046368849346638,-0.1939575356675233,0.051255098942685692,1.7606628476879496,0.6326856795582636,0.14997018881358146,1.7606697301626917,0.6327013047190716,0.1499241649056765
8,4000,0.0064349537736314135,0.015000278832205024,0,0.064090225561267311,4.5049890648291726e-05,3.3979762086122392e-05,8.0931014515500309e-07,2.2685329707937426e-05,2.7602793072645353,1.2046612119200892,-0.19393654966967458,0.051243930144464107,1.760658296444972,0.63267783186012705,0.14999276101258849,1.7606643842865048,0.63269212471723046,0.14995047454822086
8.0199999999999996,4010,0.0064356697371607211,0.015000280165281835,0,0.064080525044779291,4.083757591048975e-05,3.6343089350372845e-05,8.0895106493066469e-07,2.2459278078588273e-05,2.760550099542149,1.2046855390610713,-0.19391556321290565,0.051232761000821518,1.7606553466407129,0.63267273914984468,0.15000743771526248,1.7606606096273036,0.63268564282778816,0.14996905147197245
8.0400000000000009,4020,0.0064363866491789785,0.015000283915202006,0,0.064075161440778461,3.6488642896627665e-05,3.8391344411550385e-05,8.105560733094508e-07,2.2909150924997221e-05,2.7608214326713045,1.2047098648149612,-0.19389457905167257,0.051221592683634395,1.760653717141587,0.63266990644878085,0.15001551683831901,1.7606581463658886,0.63268141288614044,0.14998117437288896
8.0600000000000005,4030,0.0064371043650364628,0.015000288345832866,0,0.064073288857431188,3.1976325984626662e-05,4.0081922154887137e-05,8.1290792534215391e-07,2.2749503328951236e-05,2.7610932197975866,1.204734190065383,-0.19387359544395544,0.051210424387844691,1.7606531452327161,0.63266890305432189,0.15001830802338292,1.7606567248834653,0.63267897189970401,0.1499881701754727
8.0800000000000001,4040,0.0064378227524876002,0.015000290512430091,0,0.064074048889628532,2.7258377086925936e-05,4.1791326084786092e-05,8.1373398731845589e-07,2.262097403300073e-05,2.7613653762257138,1.2047585164424424,-0.19385260943327937,0.051199254848982079,1.7606533751940232,0.63266930363028862,0.15001716170220972,1.7606560656473207,0.63267783985159654,0.14999141459541596
8.0999999999999996,4050,0.0064385415598168108,0.015000290680390797,0,0.064076492572705368,2.2341017344611406e-05,4.3299035984590619e-05,8.1314678763970331e-07,2.2588727439225648e-05,2.761637768547152,1.2047828438638339,-0.19383162128530701,0.051188084229391188,1.760654122650235,0.6326706066992478,0.15001350459584348,1.7606558790964992,0.63267751950431839,0.14999233270224444
8.120000000000001,4060,0.0064392605216977523,0.015000289717416659,0,0.064079595956364144,1.7287976208874935e-05,4.4182270626716971e-05,8.1099199035135319e-07,2.265317472408141e-05,2.761910263438101,1.204807172106463,-0.19381063186493377,0.051176914344559593,1.7606550238240932,0.63267223266040562,0.1500088265684871,1.7606558727372605,0.63267748726412076,0.14999237838902463
8.1400000000000006,4070,0.0064399795478399377,0.015000283074601398,0,0.064082446645334412,1.2555953818660314e-05,4.4983420531989019e-05,8.0561114360826742e-07,2.2588727439225648e-05,2.7621827889115393,1.2048315026448277,-0.19378963662184212,0.051165740655785878,1.7606558376310109,0.6326737158347584,0.15000451573327944,1.7606559742633456,0.63267692320244751,0.14999237711307745
8.1600000000000001,4080,0.0064406981967634102,0.015000271152799826,0,0.064083962990771071,8.8379193690634876e-06,4.5881894249579087e-05,7.9764696430858416e-07,2.265317472408141e-05,2.7624550955627343,1.2048558349709546,-0.19376863596011049,0.051154563288077985,1.7606566054342416,0.63267412348054419,0.15000118893080452,1.7606563765036307,0.63267468842378882,0.14999237205785093
8.1799999999999997,4090,0.0064414157388728811,0.015000259531765963,0,0.064082932256775582,6.8340626377599463e-06,4.6638240169165957e-05,7.9009085765183001e-07,2.2749503328951236e-05,2.7627267969806164,1.2048801669191693,-0.19374763546892879,0.051143386267427669,1.7606575617717837,0.63267209577418415,0.14999873883729767,1.7606572820270909,0.63266965748934911,0.14999236067752333
8.1999999999999993,4100,0.0064421316854567602,0.015000247133953403,0,0.064078312890270328,7.2810580180064608e-06,4.7228424528491065e-05,7.8251530400725479e-07,2.2459278078588273e-05,2.7629976114782187,1.2049044989264401,-0.19372663407066953,0.051132208576853966,1.7606589714629808,0.63266640688984499,0.1499969089891712,1.7606588874455673,0.63266073805715672,0.14999234050114033
8.2200000000000006,4110,0.0064428456288522212,0.015000231729664755,0,0.064069126867347032,9.6122645742402684e-06,4.7933136678444987e-05,7.7371168690711483e-07,2.2000207897163392e-05,2.7632672936435259,1.2049288318436937,-0.19370562953138215,0.051121029122895685,1.7606610760908716,0.63265592822516148,0.14999551223362831,1.7606613834716198,0.63264687056064128,0.14999230913188774
8.2400000000000002,4120,0.0064435570082461494,0.015000218181739768,0,0.064054341465443393,1.27152668384698e-05,4.8492539326405573e-05,7.665641787030551e-07,2.265317472408141e-05,2.763535523359125,1.2049531639446782,-0.19368462672447043,0.051109850011939732,1.7606641573280442,0.63263952629475984,0.14999446233113733,1.7606649549763811,0.63262702788721181,0.14999226424636472
8.2599999999999998,4130,0.0064442653139162344,0.015000209866441133,0,0.064032987574978356,1.6048873278380899e-05,4.9238392685244861e-05,7.6255814403286542e-07,2.2781522350186147e-05,2.7638020065080551,1.204977494115764,-0.1936636290307796,0.051098673096902074,1.76066847898446,0.63261614187916104,0.14999368929104623,1.760669781047409,0.63260021505683384,0.14999220359385637
8.2799999999999994,4140,0.0064449702094873003,0.015000203270533955,0,0.064004217551305392,1.9455165826094124e-05,4.9958526792247287e-05,7.5952771240084493e-07,2.2717439178655149e-05,2.7640665436906375,1.2050018236921385,-0.19364263292801095,0.051087496938772271,1.760674205093415,0.63258481340807093,0.14999309699348351,1.7606760350465405,0.63256546890060739,0.14999212499560691
8.3000000000000007,4150,0.0064456713556383339,0.01500019572505946,0,0.063967197344949045,2.2876999688949178e-05,5.0682811121277336e-05,7.5614032704477449e-07,2.2749503328951236e-05,2.7643289375628166,1.2050261536064142,-0.19362163574223906,0.051076320178563284,1.7606814804133077,0.63254460043887761,0.14999261481099524,1.7606838846677444,0.632521857739344,0.14999202634409251
8.3200000000000003,4160,0.0064463683776613207,0.015000187121418805,0,0.063921088431808243,2.6272962162576956e-05,5.1510223820936739e-05,7.5241126446675664e-07,2.2524095754713237e-05,2.7645889698861779,1.2050504838657414,-0.19360063736490055,0.051065142740761328,1.7606904758647592,0.63249457861532132,0.14999220429533472,1.7606934919949744,0.63246848106214504,0.14999190560229414
8.3399999999999999,4170,0.0064470609147533661,0.015000177589230564,0,0.063865080732511903,2.9616878055958013e-05,5.2519225025735787e-05,7.4843987460134026e-07,2.2459278078588273e-05,2.7648464286764267,1.205074814424735,-0.19357963792577587,0.051053964698217824,1.7607013620586121,0.63243386001925839,0.14999183851533607,1.7607050135600222,0.63240446920497873,0.14999176080297061
8.3599999999999994,4180,0.0064477486211096981,0.015000167269117841,0,0.063798396269781454,3.2892052668108538e-05,5.3672424419449865e-05,7.4431723619570989e-07,2.265317472408141e-05,2.7651011104152712,1.2050991452444122,-0.19355863756557681,0.051042786136476399,1.7607143019835774,0.63236159287627292,0.14999149720691096,1.7607186004003716,0.63232898302925811,0.14999159004793139
8.3800000000000008,4190,0.0064484311649708565,0.015000156280811461,0,0.063720288452208951,3.6087399922683039e-05,5.4987265008474394e-05,7.4012093333354086e-07,2.3067693653563172e-05,2.7653528198889821,1.2051234762939746,-0.19353763640409716,0.051031607128835192,1.7607294500648238,0.63227695945182016,0.14999116496837281,1.7607343981170505,0.63224121360041818,0.14999139150730958
8.4000000000000004,4200,0.0064491081460556036,0.015000148400831581,0,0.06363000111337902,3.9167879471720906e-05,5.6349060652607467e-05,7.3736558247992877e-07,2.2717439178655149e-05,2.7656013236062642,1.2051478063469347,-0.19351663822458204,0.051020429553574068,1.7607470083784613,0.63217915493413412,0.14999085289117473,1.7607525469324845,0.63214038186649413,0.14999116341883489
8.4199999999999999,4210,0.0064497792591805764,0.015000143041535996,0,0.063526861223548309,4.2137472177982809e-05,5.8006364224798982e-05,7.3564239491565293e-07,2.2263692832568247e-05,2.7658464455345628,1.2051721356374028,-0.19349564243759099,0.051009253177731757,1.7607671036205415,0.63206743358738959,0.14999054493019764,1.7607731817483505,0.63202573833669839,0.14999090408710641
8.4399999999999995,4220,0.0064504442644801362,0.015000137182660547,0,0.063410249655715706,4.5018117616064439e-05,5.9690929779969521e-05,7.3373544584007796e-07,2.2361699290911531e-05,2.7660880473760976,1.2051964651538785,-0.19347464601729997,0.050998076504130109,1.7607898160104665,0.631941090254167,0.14999021292492706,1.7607964322034293,0.63189656275999839,0.14999061188286561
8.4600000000000009,4230,0.006451102884143598,0.01500013062110361,0,0.063279540764876296,4.7807937433400414e-05,6.1471702530117706e-05,7.3162524410624726e-07,2.2781522350186147e-05,2.7663259665600881,1.205220794934706,-0.19345364876066645,0.050986899395630093,1.7608152646517088,0.63179943082892087,0.14998985038348212,1.7608224227314588,0.63175216380369437,0.14999028524226934
8.4800000000000004,4240,0.0064517548512668249,0.015000123424202629,0,0.063134133715380875,5.0503597354468523e-05,6.3352075667022872e-05,7.2936607244669872e-07,2.2491710265994076e-05,2.7665600447070524,1.2052451249533156,-0.19343265073525934,0.050975721879386787,1.7608435729457863,0.63164178974581775,0.14998945460883076,1.760851272618988,0.63159187873199651,0.14998992266616262
8.5,4250,0.0064524000869939898,0.015000116728000203,0,0.062972475015824703,5.3114567363321512e-05,6.5490616268859496e-05,7.2769149536093979e-07,2.2781522350186147e-05,2.7667900780743655,1.2052694547360046,-0.19341165308377156,0.050964544105816412,1.7608748624365467,0.63146751265928014,0.14999138166139742,1.7608830960632289,0.63141507308460298,0.14998952271935162
8.5199999999999996,4260,0.0064530389324421785,0.015000112129440973,0,0.062791145092438855,5.7135345393622443e-05,6.7008994504084003e-05,7.2729290558984018e-07,2.3036072399968081e-05,2.7670157911310689,1.2052937837898192,-0.19339065740953232,0.0509533665598614,1.7609092733302107,0.63127597075309483,0.15000257037402412,1.7609180022299105,0.63122114035527743,0.14998908402987654
8.5400000000000009,4270,0.0064536719612775179,0.015000105867735054,0,0.062586278893739217,7.1796803896142635e-05,6.7948797390684264e-05,7.2686739920435886e-07,2.2909150924997221e-05,2.7672369619149841,1.2053181132207378,-0.19336965994273544,0.050942187569598223,1.7609468399113306,0.63106658150888295,0.15003116125926375,1.7609560953111318,0.63100950167042624,0.14998860528828462
8.5600000000000005,4280,0.0064542995661815792,0.015000098056874803,0,0.062354664973650255,0.00011283752429567254,6.7529123869598779e-05,7.2607721087125517e-07,2.2781522350186147e-05,2.7674533593567685,1.2053424430940582,-0.19334866079043095,0.050931007786248594,1.7609876875990984,0.63083878638952851,0.15008365794342152,1.7609974745832153,0.63077960546767653,0.14998808524690299
8.5800000000000001,4290,0.0064549219458736448,0.015000092040538839,0,0.062093709383561367,0.0001880425568745416,6.5723936702805836e-05,7.2554015767168417e-07,2.2329078268013787e-05,2.7676647393202547,1.2053667726343789,-0.19332766329782583,0.050919829201739757,1.7610319991909897,0.63059204893343002,0.15016505968132079,1.7610422344645595,0.63053092717445358,0.14998752271911153
8.5999999999999996,4300,0.0064555392557646115,0.015000085941829878,0,0.061801412521141678,0.0002990530418509361,6.2623002020039897e-05,7.2494576644229269e-07,2.2491710265994076e-05,2.7678709380033766,1.2053911023250126,-0.19330666558862902,0.050908650564447787,1.761079810835575,0.63032586416923497,0.15027908673986751,1.7610904645734922,0.63026296888655853,0.14998691657861599
8.620000000000001,4310,0.0064561515716511494,0.015000078106657036,0,0.061476257411158648,0.00044693048171550581,5.8332174838675449e-05,7.2413139105130979e-07,2.2588727439225648e-05,2.7680718152130415,1.2054154325539292,-0.19328566600957089,0.050897470777614424,1.7611311614187368,0.63003975570927528,0.15042837896155187,1.7611422497861242,0.62997525904674567,0.14998626575872065
8.6400000000000006,4320,0.0064567588718018867,0.015000068974642476,0,0.061117151154955633,0.00063260204222504639,5.2435883172074693e-05,7.2332012668346154e-07,2.2459278078588273e-05,2.7682672300588256,1.2054397632190854,-0.1932646650022139,0.050886289971537345,1.7611861440885497,0.62973327508693577,0.15061462143805032,1.7611976702942025,0.62966735212330038,0.14998556925160147
8.6600000000000001,4330,0.0064573610636045721,0.01500005902006942,0,0.060723409455390322,0.00085652060441429232,4.541883213454081e-05,7.2268682922893083e-07,2.2877310533063834e-05,2.7684570601204519,1.2054640942109835,-0.19324366304207102,0.050875108353468562,1.7612448486909265,0.62940600177081141,0.15083862491030439,1.7612568016629622,0.62933882828861665,0.14998482610757885
8.6799999999999997,4340,0.0064579579913566238,0.015000048627540936,0,0.060294723887826272,0.0011185261447345211,3.7682284262472464e-05,7.2234172817519618e-07,2.2685329707937426e-05,2.768641201756906,1.2054884254395488,-0.19322266051432868,0.050863926121901583,1.7613073554612113,0.6290575424907473,0.15110040902838093,1.7613197148889816,0.62898929309777452,0.14998403543439068
8.7000000000000011,4350,0.0064585494440136566,0.015000038110433019,0,0.05983112654362676,0.0014178290827260569,2.9821031431209501e-05,7.2234197566554276e-07,2.2556434745889217e-05,2.7688195689336323,1.205512756829427,-0.19320165773249701,0.050852743463946665,1.7613737366781901,0.62868753062485649,0.1513992807177949,1.761386476458034,0.62861837716711766,0.1499831963964651
8.7200000000000006,4360,0.0064591351622347373,0.015000027729888744,0,0.059332954696893932,0.0017530412942427132,2.3099271619960363e-05,7.2270219315845222e-07,2.2524095754713237e-05,2.7689920920607114,1.205537088315741,-0.19318065495755335,0.050841560556738649,1.7614440582084816,0.628295625660234,0.15173390686712476,1.7614571484029411,0.62822573585283137,0.14998230821419356
8.7400000000000002,4370,0.0064597148447454534,0.01500001770574913,0,0.058800815685127038,0.0021222245326277152,2.0383566426149207e-05,7.2340325962158517e-07,2.2845425764212974e-05,2.769158716894121,1.2055614198417826,-0.19315965240897465,0.050830377566877208,1.7615183803668053,0.62788151269287251,0.15210238219773375,1.7615317883614263,0.62781104892951956,0.1499813701632037
8.7599999999999998,4380,0.0064602882627788757,0.015000001467989691,0,0.058235611980295997,0.002522908178056222,2.426880686682541e-05,7.2441384152996969e-07,2.2909150924997221e-05,2.7693194878494936,1.2055857530081087,-0.19313864351228255,0.050819190643328002,1.7615965883926923,0.62744490459441138,0.15250225566907666,1.7616104496339686,0.62737402026878275,0.14998038157363228
8.7799999999999994,4390,0.0064608550680540378,0.014999981200243194,0,0.057638361608751514,0.00295223341489268,3.2488302936916944e-05,7.2625101735197852e-07,2.262097403300073e-05,2.7694743717308064,1.2056100872642095,-0.19311763045229011,0.050808001096685096,1.7616788030716475,0.62698553480454733,0.15293068254927064,1.7616931812416541,0.62691437751779566,0.14997934182939801
8.8000000000000007,4400,0.0064614148115209984,0.014999963279782275,0,0.057010213979028189,0.0034069800695819799,4.2756929650019409e-05,7.2876260160275932e-07,2.2845425764212974e-05,2.7696232930600897,1.2056344210517242,-0.19309661960916208,0.050796812791104769,1.7617652411501716,0.62650316002616302,0.15338445243572169,1.761780027984031,0.62643187177788451,0.14997825036747461
8.8200000000000003,4410,0.0064619670739355338,0.014999948156688316,0,0.056352511204955359,0.0038835638643748985,5.3604476013400406e-05,7.3157258012386054e-07,2.3004407680670755e-05,2.7697662457962382,1.2056587542638222,-0.19307561143222704,0.050785626071410982,1.7618559474184199,0.6259975636619225,0.15385998692790731,1.7618710304969614,0.62592627728310513,0.14997710667716363
8.8399999999999999,4420,0.0064625115759698801,0.014999926334386099,0,0.055666793064150642,0.0043780704374429633,6.4186518751363505e-05,7.3553531510556146e-07,2.3162298399097643e-05,2.769903353074759,1.2056830894240755,-0.1930545964155328,0.050774435563171016,1.7619507274814132,0.62546856817951846,0.15435337467875898,1.7619662253104753,0.62539739107881986,0.14997591029936735
8.8599999999999994,4430,0.0064630477632877398,0.014999907006279473,0,0.054954500689129569,0.0048864714112919847,7.42734003167226e-05,7.3993246089523517e-07,2.2877310533063834e-05,2.7700345375956021,1.2057074240184698,-0.19303358376134569,0.050763246490199532,1.7620498193400436,0.62491599937017783,0.15486059125276927,1.7620656449066234,0.62484503270027592,0.14997466082586189
8.8800000000000008,4440,0.0064635752383328778,0.014999887600313377,0,0.054217223464191867,0.0054045095095178585,8.3495396010318666e-05,7.4479229535921677e-07,2.2813496432377448e-05,2.7701598577045958,1.2057317588102481,-0.19301257089293078,0.05075205756889694,1.7621531939692403,0.62433972039405383,0.15537738120417924,1.7621693177773303,0.62426904385118198,0.14997335789856986
8.9000000000000004,4450,0.0064640935744491815,0.014999867359272449,0,0.053456468450818355,0.005927831883170245,9.1557023482034477e-05,7.5029152739976483e-07,2.2717439178655149e-05,2.7702793573667734,1.2057560939356435,-0.1929915570530224,0.050740868405797411,1.7622608606988122,0.6237396026186004,0.15589939334077105,1.7622772684822481,0.62366928808228717,0.14997200120883347
8.9199999999999999,4460,0.0064646023043439926,0.014999848890769779,0,0.052673257043673684,0.0064520473828063698,9.8209950296784251e-05,7.5569396193054715e-07,2.2972699315936647e-05,2.7703930511789561,1.205780428768678,-0.1929705448495477,0.050729680536101857,1.7623729012864655,0.62311553251298701,0.15642223802461555,1.7623895177066087,0.62304565046995719,0.14997059049668734
8.9399999999999995,4470,0.0064651011198541145,0.014999826389485479,0,0.051869155782499364,0.0069727132865242012,0.00010334541180296917,7.622811025007583e-07,2.2940947124789083e-05,2.7705010609937402,1.2058047650664052,-0.19294952846935468,0.050718490902328453,1.7624892267671763,0.62246744384358477,0.15694147301690489,1.7625060823190777,0.62239803729475307,0.14996912555013156
8.9600000000000009,4480,0.0064655895228156301,0.014999806035946065,0,0.051045702782732356,0.0074855127200112795,0.00010695708773241194,7.685533734668585e-07,2.2556434745889217e-05,2.7706033740650673,1.2058291009748163,-0.19292851410124995,0.050707302861016566,1.762609978275691,0.62179523227645606,0.15745278292595505,1.7626269754296073,0.62172637572000788,0.14996760620440441
8.9800000000000004,4490,0.0064660671545311915,0.014999787568212119,0,0.050204530342561678,0.0079861776967154411,0.00010878161845310686,7.7389200684713049e-07,2.2685329707937426e-05,2.7707000608066137,1.2058534367672025,-0.19290750147638197,0.050696116686618546,1.7627351739454302,0.62109887684461118,0.15795190012185004,1.76275220644729,0.621030613470405,0.14996603234125552
9,4500,0.0064665336092581014,0.014999772991472,0,0.049347394719678424,0.0084706171739030826,0.00010896239123195289,7.7745884579551012e-07,2.3130806476445511e-05,2.7707911613109588,1.2058777717415661,-0.19288649260396756,0.050684933417061907,1.7628648397279343,0.62037833678128884,0.15843473422799292,1.7628817811382107,0.62031071851055541,0.14996440388821852
9.0199999999999996,4510,0.0064669884322826445,0.014999767505670492,0,0.048475698980344491,0.0089349709201241856,0.00010785969519232824,7.7732972873697807e-07,2.3099271619960363e-05,2.7708766740710655,1.2059021041661191,-0.19286549269511766,0.050673755573283484,1.7629990445041015,0.61963356428651817,0.15889742586076699,1.7630157016833008,0.61956667872357518,0.14996272081788417
9.0400000000000009,4520,0.0064674314495588806,0.014999766225543117,0,0.047590804545479336,0.0093755600123619515,0.00010571634764438516,7.7494132817344882e-07,2.3004407680670755e-05,2.7709567380227518,1.205926436367257,-0.19284449685283039,0.050662580167193633,1.7631377158567791,0.61886465812596336,0.15933629566287233,1.7631539667361911,0.6187985015896631,0.14996098314717327
9.0600000000000005,4530,0.0064678623577625795,0.014999769994293168,0,0.046693858229681369,0.0097890677747093941,0.00010310531964390081,7.7014004616214132e-07,2.3225154141253322e-05,2.7710314082934384,1.2059507678116999,-0.19282350592348543,0.050651407587467473,1.7632808273974669,0.61807163092197104,0.15974802746759204,1.7632965714810644,0.6180062138646788,0.14995919093660937
9.0800000000000001,4540,0.0064682808182080212,0.014999782153294963,0,0.045785865027783167,0.010172563541839236,0.00010033202655711957,7.6198582255157345e-07,2.265317472408141e-05,2.7711006985579187,1.2059750967629985,-0.19280252325748065,0.050640239845273695,1.763428380311447,0.61725447647272913,0.16012969136631316,1.7634435076905104,0.61718986125871955,0.14995734428959198
9.0999999999999996,4550,0.0064686866630053004,0.01499980134452231,0,0.04486782694269157,0.010523498310569025,9.8439768196176413e-05,7.5139459224658716e-07,2.3162298399097643e-05,2.7711646861529409,1.2059994236177152,-0.19278154749517212,0.050629076210491432,1.7635803246967869,0.61641328078065194,0.16047873852249886,1.7635947637833764,0.61634950811469824,0.1499554433516693
9.120000000000001,4560,0.0064690797879722551,0.014999825567457123,0,0.043940654186363164,0.010839791408812792,9.8031656745273856e-05,7.3965834140762165e-07,2.3067693653563172e-05,2.7712234541531453,1.2060237489487979,-0.19276057663400192,0.05061791556781986,1.7637365957244837,0.61554815081833913,0.16079308844815515,1.7637503248826225,0.61548523708692082,0.14995348830981114
9.1400000000000006,4570,0.0064694604524538788,0.014999851090426503,0,0.043005286442043232,0.011119846088278054,0.0001009476773268922,7.2913443785128115e-07,2.3287840231354886e-05,2.7712771838455583,1.2060480789492822,-0.19273960689556868,0.050606751745335486,1.7638972973499683,0.6146593968498143,0.1610711437944703,1.7639101728731741,0.61459714881966454,0.14995147939168199
9.1600000000000001,4580,0.0064698285834342084,0.014999879044634524,0,0.042062313290765464,0.011362724608890026,0.00010754837208712556,7.1917692176945369e-07,2.2877310533063834e-05,2.7713259088801592,1.2060724118223662,-0.19271863942392406,0.050595586805328864,1.76406237106925,0.61374706471187457,0.16131196769164743,1.7640742864597743,0.61368536162575438,0.14994941686491373
9.1799999999999997,4590,0.0064701840089992999,0.014999909640729775,0,0.041112147620556656,0.011568129796400588,0.00011760402704087592,7.0954787917842186e-07,2.2909150924997221e-05,2.7713696167225756,1.2060967429703455,-0.19269767446930128,0.050584424360597104,1.764231602378346,0.6128111138082154,0.16151526419318593,1.7642426412248384,0.61275001116514161,0.14994730103637874
9.2000000000000011,4600,0.0064705269191923358,0.014999938026405356,0,0.040154854606374767,0.011736381515043835,0.00013075843728793516,7.0152212639017734e-07,2.3256518306983181e-05,2.7714084033074098,1.2061210736135803,-0.19267670717681851,0.05057326156769737,1.7644048528154967,0.61185171952872897,0.16168135341727746,1.7644152096863066,0.61179125012348101,0.14994513225146269
9.2200000000000006,4610,0.006470857616537617,0.014999958997625622,0,0.039189974390939859,0.011868532567852121,0.00014632195830876067,6.9524774328102976e-07,2.3256518306983181e-05,2.7714423669336368,1.2061454052983127,-0.19265573233627301,0.05056209551822817,1.7645820133587022,0.61086909398901712,0.16181128840654652,1.7645919613554968,0.61080924789070867,0.14994291089333758
9.2400000000000002,4620,0.0064711764823962492,0.014999967642802755,0,0.038217016005874564,0.011966431024017657,0.00016375102547560878,6.9017380915066931e-07,2.3067693653563172e-05,2.7714715930904861,1.2061697394518531,-0.19263474503036901,0.050550923576589413,1.7647629896515893,0.60986345474177317,0.16190691757669745,1.7647728627949577,0.60980419023961896,0.14994063738223448
9.2599999999999998,4630,0.0064714839776716044,0.014999959373754744,0,0.037235716110324057,0.01203277170277685,0.00018241608726183778,6.8605453190147737e-07,2.2685329707937426e-05,2.7714961529709288,1.2061940773789919,-0.19261374066596818,0.050539743314210704,1.7649476961380612,0.6088350242212559,0.1619709361689636,1.7649578776763226,0.60877627900444309,0.14993831217471665
9.2799999999999994,4640,0.0064717801386533456,0.014999943605434472,0,0.0362463826656894,0.012071275403116723,0.00020063135717619622,6.8329884194154469e-07,2.3287840231354886e-05,2.7715158707224634,1.2062184113795278,-0.19259272871818739,0.050528562236082902,1.765136087924905,0.60778374205296837,0.1620070668745334,1.7651469668381625,0.6077257317594259,0.14993593576295233
9.3000000000000007,4650,0.0064720656035873719,0.014999919988550763,0,0.035248310766100681,0.012086483826629099,0.00021826235259125374,6.8283379598643057e-07,2.3004407680670755e-05,2.7715307633387365,1.2062427433000813,-0.19257170882420194,0.050517378567159821,1.7653282249253976,0.60670991582317757,0.16201985163699717,1.7653400883438386,0.60665278149740365,0.14993350867398772
9.3200000000000003,4660,0.0064723414012171267,0.014999880222249075,0,0.034240503164566602,0.012083863268629343,0.00023572194059684484,6.8713629857155074e-07,2.3162298399097643e-05,2.7715409698087936,1.2062670800102631,-0.19255067263165382,0.050506185186785832,1.7655241345742319,0.60561402674238296,0.16201475628723955,1.7655371975393561,0.6055576763083822,0.14993103146901982
9.3399999999999999,4670,0.0064726083167543228,0.014999822574417255,0,0.033221254773209481,0.012070014555051757,0.00025247170876327457,7.0016199386478387e-07,2.2845425764212974e-05,2.7715464777814689,1.2062914219515992,-0.19252961840708827,0.05049498125588528,1.7657237549383098,0.60449632450433688,0.1619983823278151,1.7657382471112175,0.60444067905811361,0.1499285047426695
9.3599999999999994,4680,0.0064728669593418177,0.014999758900682244,0,0.032188061277208906,0.012052744678462348,0.00026734432733137639,7.2237939560084808e-07,2.2588727439225648e-05,2.7715470859393876,1.2063157648335345,-0.19250855803174555,0.050483773159382621,1.7659272481246233,0.60335693357043974,0.16197853837911724,1.7659431871442748,0.60330206706667433,0.14992592912225425
9.3800000000000008,4690,0.0064731414587311477,0.014999745652052362,0,0.03123905467300428,0.011996957219540477,0.00028159261751176665,7.1832475390228043e-07,2.2165253030559974e-05,2.7715633322724154,1.2063400980192716,-0.19248754794818224,0.050472599102251728,1.766107378152634,0.60228263836779483,0.16191935680184871,1.7661519651795836,0.60214213178704279,0.14992330526706121
9.4000000000000004,4700,0.0064734450718106993,0.014999769848550464,0,0.030433479350028936,0.011881057468423439,0.00029440957796188108,6.9601228262997405e-07,2.2394272795856101e-05,2.771607476814312,1.2063644219515139,-0.19246657516616861,0.050461447114500138,1.766246382200092,0.60132349110459793,0.16179557799847449,1.7663645262722567,0.60096117848367714,0.14992063386762006
9.4199999999999999,4710,0.0064737700907559325,0.014999790075755831,0,0.029745816911139623,0.011719452523791009,0.00030692895406277332,6.7963333234085339e-07,2.2459278078588273e-05,2.7716739339441543,1.2063887454102675,-0.19244559827296095,0.050450289998942723,1.766350041736185,0.60045467258738527,0.1616144571490645,1.7665808130493155,0.59975952591109216,0.14991791564497595
9.4399999999999995,4720,0.0064741105450790773,0.014999802013045667,0,0.029157161649039712,0.011526534152817361,0.00032145683246210892,6.6781476401332284e-07,2.262097403300073e-05,2.7717583062377833,1.2064130716520012,-0.19242461294016056,0.050439127036476961,1.7664234901590241,0.59965754637516566,0.16138093358373687,1.7668007657675449,0.59853750599243749,0.14991515134996239
9.4600000000000009,4730,0.0064744615189860728,0.014999809633124573,0,0.028651650404726808,0.011316617760084522,0.00033925015715453063,6.5790776808960528e-07,2.2588727439225648e-05,2.771857113570563,1.2064373998241926,-0.1924036231538255,0.050427961043971806,1.7664705984104745,0.59891759221133445,0.16109840120003469,1.767024322371346,0.59729546349807505,0.14991234176247417
9.4800000000000004,4740,0.0064748208684545358,0.014999823879545744,0,0.028215310622794733,0.011108671820965487,0.00036185904536255618,6.4820600101480619e-07,2.2845425764212974e-05,2.7719684676213583,1.2064617251900298,-0.19238263990391108,0.050416796810074729,1.7664935679375755,0.59822757208773736,0.16077297800634119,1.7672514185505883,0.59603375572415662,0.14990948769074031
9.5,4750,0.0064751884571094508,0.014999842873405856,0,0.027841115582536893,0.010925447523184592,0.00039192581291527773,6.3916458751728263e-07,2.2394272795856101e-05,2.7720914913768069,1.2064860485786251,-0.19236166129881183,0.050405633894385085,1.7664939028345168,0.59758418467922358,0.16041240177351809,1.7674819877984647,0.59475275217120138,0.14990658997059703
9.5199999999999996,4760,0.0064755629495591186,0.014999858998783214,0,0.027522073472478502,0.010787637477872517,0.00043102295561666765,6.3112213159633185e-07,2.265317472408141e-05,2.7722247633512689,1.2065103733600919,-0.19234067968339086,0.050394469563017158,1.766473512800671,0.59698139628471691,0.16002188515256813,1.767715961469343,0.5934528342226737,0.14990364946476048
9.5400000000000009,4770,0.006475939349625366,0.014999871650207318,0,0.027253593813974249,0.010706385669848918,0.00047772583761742933,6.2320385683108039e-07,2.2329078268013787e-05,2.7723653521781655,1.2065346995684032,-0.19231969443761918,0.050383304412096735,1.7664350062662986,0.59640648575778699,0.1595996779358336,1.7679532688366197,0.59213439482356012,0.1499006670620999
9.5600000000000005,4780,0.0064763102455452446,0.014999880936111805,0,0.02702585414153974,0.010682930918207267,0.0005293300212102245,6.1534138122925459e-07,2.2329078268013787e-05,2.772509399732944,1.2065590271937099,-0.1922987056751588,0.050372138195694194,1.7663813831244379,0.5958423451911059,0.1591384754689539,1.7681938371505739,0.59079783815894804,0.14989764367691039
9.5800000000000001,4790,0.0064766709714091705,0.01499988815955333,0,0.026831812160966133,0.010721224649657505,0.0005848941479706277,6.0858037111763735e-07,2.2033315828455735e-05,2.7726543442613245,1.2065833560408803,-0.19227771472954064,0.050360969666235066,1.7663147065875282,0.59527772706007687,0.15863533176608893,1.7684375916962192,0.58944357933260227,0.14989458024818586
9.5999999999999996,4800,0.0064770192572772963,0.014999893926188956,0,0.026666952510576894,0.01082805210584494,0.00064430332405860562,6.0305499822509997e-07,2.2296409518597789e-05,2.7727986997852185,1.2066076858961774,-0.19225672221317996,0.050349798721244801,1.7662363277427515,0.59470625669612509,0.15809151454847911,1.7686844558511572,0.58807204404554303,0.14989147773889197
9.620000000000001,4810,0.006477352820527792,0.01499989892511319,0,0.026527224873363099,0.011006768026854867,0.0007070627366977519,5.9821850733367302e-07,2.2394272795856101e-05,2.7729410070429443,1.2066320164016975,-0.19223572880492265,0.05033862633018505,1.7661475368447419,0.59412164837617776,0.15750798676435565,1.7689343511434319,0.5866836682746237,0.149888337135239
9.6400000000000006,4820,0.0064776693169274575,0.01499990342949312,0,0.026409132976370014,0.011257129626759994,0.00077269675299309682,5.937204652160791e-07,2.1867274910380131e-05,2.773079827485315,1.2066563473611451,-0.19221473477022596,0.050327453088092187,1.7660495305995965,0.59351763939659463,0.15688524190592712,1.7691871973093811,0.58527889795110821,0.14988515944595487
9.6600000000000001,4830,0.0064779660715552391,0.014999914226572405,0,0.026309397414129791,0.011575697043787485,0.00084022085039267308,5.9004292494484813e-07,2.1632676668865267e-05,2.7732136085692805,1.2066806752463466,-0.19219374692320823,0.050316282639624843,1.7659434072905451,0.5928877332825444,0.15622367653096852,1.7694429123514905,0.58385818863924865,0.14988194570155794
9.6799999999999997,4840,0.006478240388949205,0.014999941786959405,0,0.026225377620000177,0.01195659302110195,0.00090863339133254422,5.8875857977898843e-07,2.1361409804484527e-05,2.7733408127676986,1.2067049955562035,-0.19217277576523162,0.050305120411177608,1.7658302711675387,0.59222562623788655,0.1555234640478626,1.7697014125962471,0.58242200521486298,0.14987869695363001
9.7000000000000011,4850,0.0064784901315370295,0.014999979995875939,0,0.026154667907860855,0.012392394279729371,0.00097835531086698491,5.9159024844755365e-07,2.1632676668865267e-05,2.7734601464138762,1.2067293114338464,-0.1921518151543696,0.050293963392923843,1.7657112643242101,0.59152534937266754,0.15478452975876617,1.7699626127519921,0.58097082154391222,0.14987541427408926
9.7200000000000006,4860,0.0064787187824485552,0.014999998959932747,0,0.026084182345968342,0.012886561618374596,0.0010530099564499862,5.9369877365256564e-07,2.1395506250453509e-05,2.7735727523639815,1.2067536358939559,-0.19213083513402668,0.050282794651644057,1.7655864328006892,0.59079104650955516,0.1540147790727624,1.7702264259667733,0.5795051201610788,0.149872098754463
9.7400000000000002,4870,0.006478945869979969,0.01500000321093763,0,0.026018920104205444,0.013479326251875343,0.0011375981993797257,5.9511884849286751e-07,2.1531352099333316e-05,2.77368693249693,1.2067779688669151,-0.19210984028087413,0.050271612334687153,1.7654519308409424,0.59006122631073421,0.15324823809567029,1.7704927638861994,0.57802539194834335,0.14986875150516088
9.7599999999999998,4880,0.0064791937059471266,0.015000107458236666,0,0.025965557531823336,0.014205204048742565,0.0012150167917840831,6.3127207154548753e-07,2.1395506250453509e-05,2.7738101591192583,1.2068022633759248,-0.19208894554023126,0.050260480083108204,1.7653110605162146,0.58937680899170553,0.15252892434132995,1.7707615367112934,0.57653213581356288,0.14986537365474753
9.7799999999999994,4890,0.0064794569839769986,0.015000223041305069,0,0.025928977420197695,0.015027674448641254,0.0012784090814788511,6.9146484398538044e-07,2.1327258847706145e-05,2.7739391960490991,1.2068265499410629,-0.19206806189308417,0.050249364826756709,1.765168967673781,0.58871959229939486,0.15184434920024512,1.7710326532563441,0.57502585836904807,0.14986196634921561
9.8000000000000007,4900,0.0064797111679762943,0.015000273391474713,0,0.025900841082810107,0.015883855914721034,0.0013312535221325496,7.2123268483943056e-07,2.1598954627055457e-05,2.77406426876767,1.206850860089256,-0.1920471126221609,0.050238224384748578,1.7650279888170242,0.58804041387197969,0.15114896144597145,1.7713060210067608,0.57350707361014064,0.14985853075125879
9.8200000000000003,4910,0.0064799445133961794,0.015000314331463909,0,0.025877786466019646,0.016748567399967024,0.0013732937821020813,7.486528279352526e-07,2.0982692419620152e-05,2.7741805280964198,1.2068751750798108,-0.19202615384105107,0.050227075430579443,1.7648892293132625,0.58731907254441151,0.15042674556221475,1.7715815461769262,0.57197630259379195,0.14985506803954451
9.8399999999999999,4920,0.0064801561914833898,0.015000355177782811,0,0.025859712062832586,0.017617452887089952,0.0014063432480414561,7.7974143431721318e-07,2.0913097891518843e-05,2.7742874345860846,1.2068994908451958,-0.19200519492191342,0.050215920679763153,1.7647526574872523,0.58655373096556829,0.14968048893808295,1.7718591337680489,0.57043407311713934,0.14985157940798702
9.8599999999999994,4930,0.0064803452298248044,0.01500039338317089,0,0.025846083572310823,0.018485061452617187,0.0014322510333120478,8.109684937873959e-07,2.0773209379101241e-05,2.7743842768133011,1.2069238078491167,-0.19198423326540906,0.050204761771993019,1.7646187665551993,0.58574130068555152,0.14891220989579343,1.7721386876260175,0.56888091939608421,0.14984806606502027
9.8800000000000008,4940,0.0064805103499627646,0.015000428662822704,0,0.025836334371321684,0.019345530468300981,0.0014524754995768341,8.4104923368061887e-07,2.1531352099333316e-05,2.7744701612878675,1.2069481259621766,-0.19196326855320389,0.05019360082860283,1.7644883216159966,0.58487796736957753,0.14812345204297059,1.772420110499253,0.5673173817438697,0.14984452923287084
9.9000000000000004,4950,0.0064806502143125002,0.015000461062880084,0,0.025829866989652762,0.02019296718897421,0.001468040882404777,8.6951514091855013e-07,2.1293053117836167e-05,2.7745441096002259,1.2069724449014356,-0.19194230081818575,0.050182439497636795,1.7643622800529406,0.58395957898474626,0.14731586584572554,1.7727033040965621,0.56574400624965893,0.14984097014683082
9.9199999999999999,4960,0.0064807636886275366,0.015000490152525572,0,0.025822142978058876,0.021022053242223223,0.0014805247418493836,8.955666480662784e-07,2.1155677147440178e-05,2.7746052232153073,1.2069967653787745,-0.19192132962674416,0.050171276316125279,1.7642417247214808,0.58298228510225858,0.14649095528045503,1.7729881691449911,0.56416134445711097,0.14983739005453073
9.9399999999999995,4970,0.0064808658901249943,0.015000517324414517,0,0.025798875705698374,0.02185742545470391,0.0014941873045356507,9.2035309446620874e-07,2.1155677147440178e-05,2.7746603639504221,1.2070210875014584,-0.19190035642808759,0.050160108103640876,1.7641236047649522,0.58197742887616821,0.14566772302947101,1.7732746054476785,0.56256995304295976,0.14983379021521254
9.9600000000000009,4980,0.0064809805867155033,0.015000588620050865,0,0.025775139308557328,0.022739689732333066,0.0015115449370464965,9.868406618503777e-07,2.0702910668595484e-05,2.7747208470340086,1.2070453956414129,-0.19187942731126081,0.050148962729337783,1.7640019470893982,0.58099825874945799,0.14487298497489723,1.7735625119417076,0.5609703934955913,0.14983017189900247
9.9800000000000004,4990,0.0064811062257689013,0.015000639079261101,0,0.025772368691394973,0.023660449759193444,0.0015338898374490076,1.0353853673413588e-06,2.0982692419620152e-05,2.7747862714681677,1.2070697098185073,-0.19185847707302839,0.050137812865345188,1.7638758813904434,0.58004010586704702,0.1441024579889861,1.7738517867559607,0.55936323179362157,0.14982653638618396
10,5000,0.0064812224377872171,0.015000695077971705,0,0.025778460941521135,0.024562322874728437,0.0015584425956089345,1.088365622020638e-06,2.084327099243578e-05,2.7748446128030491,1.2070940261324106,-0.19183753207105828,0.050126676756533949,1.7637538417182432,0.57903573275020792,0.14332183096173437,1.774142327268972,0.5577490380844734,0.14982288496647056
10.02,5010,0.0064813270592594518,0.015000710607597958,0,0.025786526097148106,0.025417635600870157,0.001590924204177028,1.1016333689992457e-06,2.1121193543184415e-05,2.7748921576947354,1.207118356165706,-0.19181654646432147,0.050115511195222458,1.7636391854249012,0.57795034705224235,0.14251650997430415,1.7744340301667807,0.55612838636295459,0.1498192189382789
10.040000000000001,5020,0.0064814177621341515,0.015000739594579681,0,0.025796747544700037,0.026224142427981122,0.0016304913011179849,1.1283435352591458e-06,2.1052056881276945e-05,2.774927401978053,1.2071426829013381,-0.19179557426809993,0.05010434941883006,1.7635342965762619,0.57678314440922629,0.1416928671521922,1.7747267915007834,0.55450185414983522,0.14981553960800165
10.06,5030,0.0064814918138040769,0.015000833876435162,0,0.025808687492375665,0.026977287286109472,0.0016730948851895128,1.2224607596051887e-06,2.0808269673042189e-05,2.7749484887967983,1.2071669918724863,-0.19177466731912718,0.050093227707397894,1.7634421547381269,0.57553083396804561,0.14085621303646589,1.7750205067455889,0.55287002217042602,0.14981184828928024
10.08,5040,0.0064815496439813419,0.015000876308046668,0,0.025823181385471947,0.027673595239366914,0.0017223380416159137,1.2643823384054253e-06,1.9986328642111702e-05,2.774955363141745,1.2071913153066991,-0.19175370835891534,0.050082070454410571,1.7633629380937832,0.5741897227063516,0.14001095064534605,1.7753150708568699,0.5512334740331547,0.14980814630227798
10.1,5050,0.0064815931225454858,0.01500089572033644,0,0.025810353393717657,0.028318593717641671,0.0017756418857851099,1.2825267280735116e-06,2.0561592220437957e-05,2.7749488585916664,1.2072156451395706,-0.1917327262378499,0.050070899569922875,1.763297911184176,0.5727698226082325,0.13916623323156113,1.775610378329217,0.54959279590814458,0.14980443497295298
10.120000000000001,5060,0.0064816483871748031,0.015000952659851033,0,0.025788140808225737,0.028978888827007134,0.0018374890947378713,1.3418879308777888e-06,2.016786123962658e-05,2.7749451023347995,1.2072399617302769,-0.19171178164586669,0.050059747793219291,1.7632359665855162,0.57135674159088345,0.13834227538743549,1.7759063232539913,0.54794857620579129,0.14980071563233091
10.140000000000001,5070,0.0064817156327342503,0.015000958579650317,0,0.025799730170031683,0.029660985611856452,0.0018996645895377712,1.3495217687578562e-06,1.9469034601067135e-05,2.7749458728923657,1.2072642895819909,-0.19169078575632792,0.050048573500861178,1.7631741970541708,0.56996185932889809,0.13754086861405793,1.7762027993771783,0.54630140525534165,0.14979698961577806
10.16,5080,0.0064817736508100904,0.015000905228654051,0,0.02582278639752638,0.030292863708715759,0.0019602222720913236,1.2929617880600938e-06,1.9766288961818032e-05,2.7749354077336217,1.2072886367355997,-0.19166973027079279,0.050037367991516764,1.7631262849393541,0.56849585299224903,0.13674434758736742,1.7764997001572405,0.54465187498347001,0.14979325826227419
10.18,5090,0.0064818075644319803,0.015000848886466966,0,0.025846540425750207,0.030841893237858551,0.0020250625422567367,1.2319746630070661e-06,1.9090959104164312e-05,2.7749044638164651,1.2073129869747727,-0.19164867168374355,0.050026155102414295,1.763100202814597,0.56691919914395228,0.13595037770835877,1.7767969188229704,0.54300057859285622,0.1497895229136855
10.200000000000001,5100,0.0064818180802448666,0.015000864507616197,0,0.025871449633367051,0.031303741511869057,0.0020864820049800296,1.2467042432324384e-06,1.9543772052848047e-05,2.7748518981012951,1.2073373181997413,-0.19162768503817537,0.05001498878576837,1.7631000370584251,0.56523141546761368,0.1351682880941027,1.7770943484313446,0.54134811024076357,0.14978578491403749
10.220000000000001,5110,0.0064818068000487925,0.015000853036534142,0,0.025887260272572543,0.03167349896362049,0.0021469125950876176,1.2327428598464326e-06,1.924308070525986e-05,2.7747774987205669,1.2073616569341996,-0.19160667117473706,0.050003803687819981,1.7631276368263595,0.56342979714987962,0.13440660009581126,1.777391881925376,0.53969506471761619,0.14978204560878797
10.24,5120,0.0064818063531772961,0.015000833497716278,0,0.025863069520175593,0.03199858142367358,0.0022135197750558803,1.2098770362102835e-06,1.870524340221744e-05,2.7746972741423499,1.2073859964006013,-0.19158564925196855,0.049992599309446058,1.7631757279980187,0.5615747206627546,0.13367007894985178,1.7776894121919675,0.5380420371255763,0.14977830634409989
10.26,5130,0.0064818865504223493,0.015000834743165228,0,0.0258721136497315,0.032343600203109113,0.0023077411639036197,1.2078686121837151e-06,1.8390847172212026e-05,2.774640710716719,1.2074103326854031,-0.19156464801080347,0.049981410134778206,1.7632317203840617,0.55974589975468414,0.13295554747093963,1.7779868321197652,0.53638962255712241,0.14977456846611426
10.279999999999999,5140,0.0064820708076797238,0.015000816580628774,0,0.025909162496905384,0.032638302511892862,0.0024312013738902651,1.1836055897215918e-06,1.7745352001653249e-05,2.7746047014429318,1.2074346797495032,-0.1915436270810153,0.049970219706576689,1.7633090617749989,0.55786204085431335,0.13226920650530496,1.7782840346570108,0.53473841577362635,0.14977083332022317
10.300000000000001,5150,0.0064823433266416814,0.015000799925100766,0,0.025945136518939864,0.032816997628034007,0.0025710275972836566,1.1593247314076576e-06,1.6817390473705895e-05,2.7745750196143106,1.207459028750187,-0.19152260765549403,0.049959022134977021,1.7634218203936796,0.55584800324565942,0.13162363192876847,1.7785809128693961,0.53308901088393079,0.14976710225034259
10.32,5160,0.0064826924667715519,0.015000816385856658,0,0.025945775713828938,0.032887858923712349,0.0027014598931055485,1.1689678799424931e-06,1.4983666681503355e-05,2.7745494000547999,1.2074833679979853,-0.19150162154194275,0.049947824256295598,1.763570940731561,0.55371966346798185,0.13102756730654166,1.7788773599979151,0.53144200102292838,0.14976337659818539
10.34,5170,0.006483107235246254,0.015000912224288959,0,0.025971917163396856,0.032897960874328162,0.0028137032474442963,1.2620249620511909e-06,1.4080795695456232e-05,2.7745314846945992,1.2075076814997785,-0.19148071506292941,0.049936645495426736,1.7637490469075947,0.55153370518404565,0.13047423959236967,1.7791732695167177,0.52979797803013651,0.14975965770253419
10.359999999999999,5180,0.0064835846119915925,0.015000994972036058,0,0.025998431604117606,0.032814557771665649,0.0028952460105862682,1.3410906264481747e-06,1.2431131930566656e-05,2.7745158355093857,1.2075320010831969,-0.191459795397773,0.049925458354873088,1.7639650121933379,0.54926089230294095,0.12998009885726608,1.7794685351909627,0.52815753212827776,0.14975594689851429
10.380000000000001,5190,0.0064841156670409445,0.015001130440753728,0,0.026013963975998519,0.032666378977874298,0.0029586709930855236,1.4766001612748499e-06,1.2663509647306462e-05,2.7745037057451336,1.2075563029520073,-0.19143892855294115,0.049914283185963026,1.7642151935299299,0.54693529582197986,0.12953781408762244,1.7797630511346707,0.52652125160185537,0.14975224551686661
10.4,5200,0.0064846983213091734,0.015001241671456672,0,0.026061492610822357,0.032433888459074516,0.0030072559690375151,1.5870423812145915e-06,1.2194326777763662e-05,2.7744917758273013,1.2075806127037869,-0.1914180372756511,0.049903096097204579,1.764505494656269,0.5445427561848214,0.12916032936909017,1.7800567118685777,0.5248897224757324,0.14974855488322064
10.42,5210,0.0064853332737311231,0.015001271573790135,0,0.026108418147998913,0.032052660336593243,0.0030435486955090558,1.6104840660164872e-06,1.3115919625095442e-05,2.7744705641041203,1.2076049526537185,-0.19139706434534873,0.049891876291464035,1.7648505110062085,0.54202363878961968,0.12888306092776089,1.7803494123779886,0.52326352819370814,0.14974487631736727
10.44,5220,0.0064860140281259027,0.015001340781620916,0,0.026083257767997525,0.031540286558420588,0.0031037973049291706,1.6768637163383152e-06,1.3281600966983096e-05,2.7744401069283877,1.2076292784668976,-0.19137613075328228,0.049880661725426038,1.765250407317704,0.53940551797989755,0.12870743682634675,1.7806410481706294,0.52164324929709638,0.1497412111325318
10.460000000000001,5230,0.0064867290720163132,0.0150015244591241,0,0.026093693685319323,0.031012092078476612,0.0032346507847272493,1.8667511787395097e-06,1.4688877218970437e-05,2.7744140586884352,1.2076535598302751,-0.19135531174897324,0.049869484863602417,1.765683545271683,0.53679769234745223,0.128569760747484,1.7809315153345009,0.52002946310330267,0.1497375606346468
10.48,5240,0.0064874854893112038,0.015001602140516551,0,0.026154073477960678,0.030402128988884811,0.0034181800103417429,1.9459126611122327e-06,1.5462498375200197e-05,2.7743851719256178,1.207677875202396,-0.19133438625230714,0.049858268122707564,1.766164750779502,0.53414652167915921,0.12851199602075558,1.7812207105957321,0.51842274338440242,0.14973392612162506
10.5,5250,0.0064882870953796119,0.015001578021875097,0,0.026210016778964923,0.02961217895191684,0.0037048434865446706,1.9191416980660633e-06,1.7621689505503623e-05,2.7743395480597162,1.2077022273037896,-0.19131335853098019,0.049847011477506808,1.7667147028858539,0.53137476671744432,0.12860475384851072,1.7815085313764329,0.51682366004571767,0.14973030888263253
10.52,5260,0.0064891291152235674,0.015001595342300127,0,0.026209160547136678,0.028643515580498501,0.0041583301160410258,1.93913050351205e-06,1.9090959104164312e-05,2.774275490683936,1.2077265636355867,-0.19129237226045481,0.049835760217545134,1.7673364775758216,0.52850023980421246,0.12886094439065868,1.7817948758525477,0.51523277880439533,0.14972671019736117
10.540000000000001,5270,0.0064900004632710137,0.015001754893020205,0,0.026197689744249228,0.027624295512862423,0.0047392057658983593,2.1070539952276767e-06,2.0095444986978942e-05,2.7742079160282471,1.2077508466203541,-0.19127152835016326,0.049824562622797365,1.7680077507464544,0.52562436486650221,0.12918745595773243,1.7820796430117085,0.5136506608679845,0.14972313133530193
10.56,5280,0.0064909054496521913,0.015001917086147695,0,0.026259105870474295,0.026532044698288536,0.005339943772489998,2.2804444105279799e-06,2.1327258847706145e-05,2.7741350624493473,1.2077751243429695,-0.1912506870044379,0.049813353952391407,1.7687343634516852,0.52273855441207406,0.12960573260986696,1.7823627327110876,0.51207786261301447,0.14971957355501767
10.58,5290,0.0064918505272560587,0.015001997649851407,0,0.026325370469459201,0.02525742657365412,0.0060884585580945495,2.3724034148795042e-06,2.3036072399968081e-05,2.7740434176648319,1.2077994292952487,-0.19122976372386205,0.049802106373299508,1.7695363978554561,0.51977881034728135,0.13021455655415301,1.7826440457352515,0.5105149352635715,0.14971603810341602
10.6,5300,0.0064928338883082568,0.015002093977038642,0,0.026323040578346939,0.023798002289969818,0.0070272169671466841,2.4842370204405269e-06,2.5384515439650176e-05,2.7739328895709692,1.2078237256824209,-0.19120885617355288,0.049790851848830538,1.7704161881509355,0.51677346297871851,0.13103365724056931,1.7829234838540133,0.50896242456987728,0.1497125262150224
10.620000000000001,5310,0.0064938468177093891,0.015002251703093305,0,0.026320039409785612,0.022280973821001297,0.0080087814523666714,2.6559749666501055e-06,2.5952471976040913e-05,2.7738166895992236,1.2078479985737614,-0.19118800980683665,0.049779638598211329,1.7713528052246998,0.51378151584401088,0.13194375123649385,1.7832009498802868,0.50742087048686568,0.14970903911125286
10.640000000000001,5320,0.0064948884383388486,0.015002532575472141,0,0.026395042287842757,0.020673870885514502,0.0089410059967028072,2.9561200735291709e-06,2.769176357445497e-05,2.7736901394563804,1.2078722236716717,-0.19116728704940614,0.049768447350745058,1.7723520478657264,0.51079426043066578,0.13298388451559728,1.7834763477279387,0.50589080685276167,0.14970557799968695
10.66,5330,0.0064959651379813306,0.015002854549184317,0,0.026467975707294443,0.018885630090965787,0.010006495950748217,3.3015015078152511e-06,3.0449930155107765e-05,2.7735452508623908,1.2078964310684142,-0.19114660556357951,0.049757254304282357,1.7734271647801567,0.50780098804754448,0.13426316817624995,1.7837495824696425,0.50437276106765694,0.14970214407334084
10.68,5340,0.0064970774506385052,0.015003074060559604,0,0.026431754853842832,0.016927045861653875,0.011201778879782742,3.5422728066985716e-06,3.271190022761689e-05,2.7733835920493393,1.2079206754813279,-0.19112582110829557,0.049746030234225469,1.7745751901284397,0.50481399183126596,0.13578758927401638,1.7840205603947314,0.50286725377208963,0.14969873850994003
10.700000000000001,5350,0.0064982183691232849,0.015003160133210316,0,0.026453214157913789,0.01494625828039167,0.012355581619424965,3.6433503992529824e-06,3.4193607885248909e-05,2.7732181998639991,1.2079449691420228,-0.19110490236561953,0.049734790977541965,1.775776706863796,0.50187166537981831,0.13742012696825248,1.7842891890670514,0.50137479852561995,0.14969536247119236
10.720000000000001,5360,0.0064993840910123517,0.015003169110711799,0,0.026547372283760376,0.012926337533900016,0.013366057341936568,3.6706050629637206e-06,3.6821308458592373e-05,2.7730456215418333,1.2079692898840519,-0.19108390640874989,0.049723509604517324,1.777033634305538,0.49899317366678825,0.13921830402573318,1.7845553773828147,0.49989590148540958,0.14969201710206095
10.74,5370,0.0065005705387375405,0.015003160091205418,0,0.026600172417815898,0.010830894329446816,0.014403786558861931,3.6848621810618872e-06,4.0081922154887137e-05,2.7728576655275976,1.2079936162996154,-0.19106289243474056,0.049712212179618742,1.7783495653380899,0.4961892407944179,0.14129653647239329,1.7848190356284523,0.49843106108479773,0.14968870353003708
10.76,5380,0.0065017715950896372,0.015003133555388426,0,0.026578250038956641,0.0088773689761385329,0.015354325781977429,3.68053838661992e-06,4.2034806532418696e-05,2.7726641220040751,1.2080179486797284,-0.19104186057068559,0.049700931925410315,1.7797085506153763,0.49348471111652498,0.14354278595334782,1.7850800755384686,0.49698076771187977,0.14968542286441305
10.779999999999999,5390,0.0065029753595555757,0.015002861196639081,0,0.026640159296277166,0.0073370087795504033,0.015997377787910848,3.4351176389975056e-06,4.3767871387363202e-05,2.772478034112082,1.2080423713012143,-0.19102058172037131,0.049689611647904211,1.7810736961011067,0.49094366803233913,0.14587862239193725,1.7853384103532923,0.49554550338808434,0.14968217619555532
10.800000000000001,5400,0.0065042539649073873,0.015002507332547543,0,0.026649419701469695,0.0064379521931299324,0.016196960666370563,3.1152363750291584e-06,4.3734549820761055e-05,2.7723713099682756,1.2080668282509106,-0.19099922069623501,0.049678301551455653,1.7823230449747878,0.48878670656775197,0.14818127189785807,1.7855939548771318,0.49412574144675087,0.14967896459417718
10.82,5410,0.006505633518427526,0.015002201510662908,0,0.026600184820809732,0.0061801486382997315,0.015900163508606201,2.8461322512032781e-06,4.2722819608969793e-05,2.7723818935448117,1.2080912622589275,-0.19097790732754411,0.049667033015671144,1.7833862729367724,0.48708480064953874,0.15027869224604826,1.7858466255358272,0.4927219462117079,0.14967578911061175
10.84,5420,0.0065070679658957098,0.015001913694646955,0,0.026540273684453719,0.0063903792856022839,0.015177208119887105,2.6019222743077658e-06,4.2311354294881073e-05,2.7724876319365142,1.2081156842534728,-0.19095661168492245,0.04965578360296638,1.7842637856961705,0.48572703101444969,0.1521291049380783,1.7860963404347034,0.49133457267584957,0.14967265077408501
10.859999999999999,5430,0.0065085101669947291,0.015001667314987411,0,0.026448512404729597,0.0068637363771151105,0.014181684023085669,2.4054333213819072e-06,4.2190587695841327e-05,2.772660555074971,1.20814008885441,-0.19093535746681914,0.04964454513800215,1.7849772722492971,0.48463152336931381,0.15376950167770503,1.7863430194164243,0.48996406617971389,0.14966955059198853
10.880000000000001,5440,0.0065098664307634063,0.015001483765546561,0,0.026370153150690835,0.0074538725199677558,0.012925975810035718,2.265070947118388e-06,4.1476179623004161e-05,2.77285806639278,1.2081644685228472,-0.19091416604877612,0.049633328839879087,1.7855688675680921,0.483733275055242,0.15521028006503843,1.7865865841188442,0.48861086209006055,0.1496664895491526
10.9,5450,0.006511089885415754,0.015001324189598627,0,0.026304161040933097,0.0080844558433571974,0.011425325531870966,2.1372338664101637e-06,4.0389900774297297e-05,2.7730544874496292,1.2081888392100955,-0.19089299849059943,0.049622138510088218,1.7860714159506879,0.48299339060071977,0.15647904652189368,1.7868269580328631,0.48727538547844784,0.14966346860711893
10.92,5460,0.0065121969286756325,0.015001168197250043,0,0.026236862850198467,0.0087330046623495111,0.0098519206348204134,2.0019811212258106e-06,3.8618514112574197e-05,2.773246100274037,1.2082132096907519,-0.19087183434229543,0.049610972096731876,1.7865060732989613,0.4823850482585868,0.15760955574259208,1.7870640665602782,0.48595805079981075,0.14966048870341381
10.94,5470,0.0065132000223618487,0.015001037981464037,0,0.026171655728340334,0.0093887587393036882,0.0083393456201505799,1.8792022692746977e-06,3.6463232122202081e-05,2.7734300584694385,1.2082375721723209,-0.1908506958813796,0.049599823229097381,1.786888081167733,0.48187980689244514,0.15861609541241134,1.7872978370716379,0.48465926157103822,0.14965755075082074
10.960000000000001,5480,0.0065140257727166143,0.015000885449676492,0,0.026261947682379057,0.0099979747281259863,0.0069373638118670304,1.72885734024075e-06,3.3786143632070123e-05,2.7735685346076377,1.2082619422268563,-0.19082953457232787,0.049588693260160376,1.7872295352492011,0.48131275471661333,0.15943214173403533,1.7875281989640948,0.48337941004955098,0.14965465563665364
10.98,5490,0.0065147045567560125,0.01500077873739112,0,0.026603060311806113,0.010494778551081644,0.0056946118536099401,1.6073160359186145e-06,3.1554993483125875e-05,2.7736618469436705,1.2082863006713043,-0.19080841927167905,0.049577572972988954,1.7875392893722881,0.48058062050795158,0.16003099382776639,1.7877550837192586,0.48211887691187927,0.14965180422202962
11,5500,0.0065153155052095164,0.015000729294771553,0,0.027133319303796484,0.010879838891380143,0.0046703169680571864,1.5279823026070863e-06,3.0015942208195386e-05,2.7737353270688812,1.2083106423195622,-0.19078736151754444,0.049566452781413042,1.7878237236766985,0.47972385416904312,0.16046633702399848,1.7879784249610498,0.48087803093223996,0.14964899734114187
11.02,5510,0.0065158773875182568,0.015000695352435591,0,0.027798938471371694,0.011172531481023599,0.0038337313585891991,1.4607042519270567e-06,2.8521662889138716e-05,2.7737953417128764,1.2083349802480694,-0.19076631920773085,0.049555331608968675,1.7880884344350578,0.47878474895626849,0.16078410810567664,1.788198158513552,0.47965722866111471,0.14964623580053266
11.040000000000001,5520,0.0065164050204044059,0.015000668832450048,0,0.028562566157422684,0.011392347810347708,0.0031493151166569707,1.3988171100687853e-06,2.7533372779140336e-05,2.7738467607819599,1.2083593162823572,-0.19074528418649184,0.049544211330110215,1.7883376020653188,0.4777916205496589,0.16101617334426299,1.7884142224588668,0.47845681410382668,0.14964352037836623
11.06,5530,0.0065169334380003469,0.015000622472771384,0,0.02939397160191265,0.011555825411482649,0.0025940841316476376,1.3299025087868813e-06,2.6618028002480006e-05,2.7739010488419686,1.2083836589401544,-0.19072422917387516,0.049533079585410533,1.7885735881205742,0.47676424912911081,0.1611851690546906,1.7886265571949649,0.47727711839911952,0.14964085182370171
11.08,5540,0.0065174955478845475,0.015000563099832987,0,0.030270924357754969,0.011676620535843401,0.0021523161180861195,1.2588480943187214e-06,2.586807346968433e-05,2.7739687865158831,1.2084080055971052,-0.19070316103099058,0.049521936681369644,1.788798591801515,0.47571713227940238,0.16130789539045604,1.7888351054935401,0.47611845949773346,0.14963823085576605
11.1,5550,0.0065180924397536602,0.015000507724609565,0,0.031176814024503487,0.011765504253428819,0.0018043863198321452,1.1947039756711352e-06,2.5269392327350655e-05,2.7740502802469038,1.208432350668001,-0.19068209680406234,0.04951078874475616,1.7890147187732017,0.47466118592444684,0.1613967843359578,1.7890398125578635,0.47498114184098428,0.14963565816322691
11.120000000000001,5560,0.0065187165754575851,0.01500045479906858,0,0.032099208984668406,0.011830632772363958,0.0015308482889437045,1.1364310939153001e-06,2.4656178782490811e-05,2.7741431891848269,1.2084566951867295,-0.19066103496060199,0.049499635293868804,1.7892233822670509,0.47360469889216622,0.16146088060278962,1.7892406260806348,0.47386545603933927,0.14963313440346562
11.140000000000001,5570,0.006519364108046332,0.015000408473541945,0,0.033030092771899687,0.011875110651676731,0.0013169883989920311,1.0847498288271191e-06,2.4208661032430873e-05,2.7742465167085144,1.2084810386656388,-0.1906399796638461,0.04948847917126916,1.7894256802159796,0.47255391690776438,0.16150376818739529,1.7894374963018369,0.47277167855099711,0.14963066020185006
11.16,5580,0.0065200314092826988,0.015000382137353521,0,0.033965272301626409,0.011896193741160766,0.0011503623308677065,1.0477532718056996e-06,2.3443822150653013e-05,2.774359611984381,1.2085053760245064,-0.19061894436122082,0.049477322894471307,1.7896223668486801,0.4715137662379611,0.16152296825311865,1.789630376066589,0.47170007136046266,0.14962823615100762
11.18,5590,0.0065207152395718631,0.015000384148691891,0,0.034902423503428849,0.011889389312356469,0.0010198904245521194,1.0318239295087516e-06,2.3412708902503816e-05,2.7744819857485221,1.2085297034095108,-0.19059793745647094,0.049466166873291167,1.7898139256009424,0.47048790585140809,0.16151413388151609,1.7898192208829984,0.47065088165712687,0.14962586281009807
11.200000000000001,5600,0.0065214127549683767,0.015000411370282988,0,0.035839991035430181,0.011850950706179178,0.00091667780297386792,1.0362720890190271e-06,2.2749503328951236e-05,2.7746131549007611,1.208554021795919,-0.19057695579421363,0.049455010502317973,1.7900006680816194,0.46947878888729733,0.16147359707715195,1.7900039889800157,0.46962434151384336,0.14962354070408654
11.220000000000001,5610,0.0065221215376770085,0.015000458962465504,0,0.036776689442415446,0.011777944561428822,0.00083426923360733053,1.0590984923302452e-06,2.2717439178655149e-05,2.7747526667734017,1.2085783330059294,-0.19055599450104901,0.049443853847393769,1.7901828287601402,0.46848823387088723,0.16139847016521502,1.790184641365286,0.46862066756550647,0.14962127032301642
11.24,5620,0.006522839621299118,0.015000509960312259,0,0.037711754448055738,0.011668143279580464,0.00076795408937577799,1.087588551299304e-06,2.2132342465963256e-05,2.7749001111671125,1.2086026438937887,-0.19053503651134512,0.049432696438493046,1.7903605657199058,0.4675172456511974,0.16128654901340442,1.7903611418830037,0.46764006068762792,0.14961905212128221
11.26,5630,0.0065235656600867225,0.015000528655220797,0,0.038644905490734287,0.01151999204130035,0.00071462537238229794,1.0910614737305953e-06,2.1933842111273517e-05,2.7750552134954694,1.2086269687036344,-0.19051404592639976,0.049421535654351728,1.7905339344000275,0.46656610581558128,0.16113628844915473,1.7905334572717646,0.46668270567491577,0.14961688651690255
11.279999999999999,5640,0.0065242982860839157,0.01500050993484664,0,0.039574971972080659,0.011332647413101686,0.00067349700172097265,1.0652327630528417e-06,2.1800504449438904e-05,2.775217736152594,1.2086513080653742,-0.19049301763317089,0.049410368472348913,1.790702825227904,0.46563586603460833,0.16094685879467246,1.7907015572224199,0.46574877091985034,0.14961477389079308
11.300000000000001,5650,0.0065250356713730095,0.015000477267348176,0,0.040500180525658673,0.011105968243836315,0.00064427390841329121,1.0310585550473562e-06,2.1598954627055457e-05,2.7753872971597597,1.2086756518790494,-0.19047197523458198,0.049399194628724566,1.790867156483066,0.46472804877697482,0.16071813436289259,1.7908654144359284,0.46483840809126364,0.14961271458603939
11.32,5660,0.0065257764083447552,0.015000445006190435,0,0.041419313704723203,0.010840475937398428,0.00062622769220651751,9.9907582666973526e-07,2.1967050066869309e-05,2.7755635091502238,1.2086999952441984,-0.19045093313259667,0.049388017834303556,1.7910271052644184,0.46384341600233081,0.16045064329299569,1.7910250046812106,0.4639517518129157,0.14961070890716985
11.34,5670,0.0065265195376454305,0.015000416951150166,0,0.042331484967520684,0.010537269650905826,0.00061850464916937751,9.7092082858898695e-07,2.1429548445808714e-05,2.7757460541360937,1.2087243371865952,-0.19042989512651845,0.04937684082494799,1.79118281062534,0.46298224761943518,0.16014548652520799,1.7911803068530014,0.46308891934207241,0.14960875711942867
11.359999999999999,5680,0.0065272641519008674,0.015000394077702501,0,0.043235753026526484,0.010197972994528895,0.00061972440878332532,9.4706115793400346e-07,2.1258792350482307e-05,2.7759346189925109,1.208748677458062,-0.19040886219236244,0.04936566400525725,1.7913342652214213,0.46214477102297197,0.15980428898338062,1.7913313030297031,0.4622500102480836,0.14960685944804875
11.380000000000001,5690,0.0065280096026247908,0.015000374855385313,0,0.044131125765711661,0.009824714177480813,0.00062814071528571359,9.2626452345874561e-07,2.1190104635059971e-05,2.7761289321534766,1.2087730165376649,-0.19038783279336569,0.049354487205450888,1.7914814408182931,0.46133115051682461,0.15942917965109996,1.7914779785312394,0.46143510609096022,0.14960501607752449
11.4,5700,0.0065287553109724299,0.015000358297839257,0,0.045016538550243505,0.0094200813091785077,0.00064177432967978056,9.0777580025965033e-07,2.1361409804484527e-05,2.7763287034770041,1.2087973547218631,-0.19036680593917382,0.049343310283515143,1.791624312676263,0.46054151172908631,0.15902274713138664,1.7916203219769071,0.46064427009995113,0.14960322715088498
11.42,5710,0.0065294996067738979,0.015000386045603015,0,0.045890244718837687,0.0089870920846826258,0.00065688214697720625,9.2503162568698553e-07,2.1017403266208992e-05,2.7765332823918598,1.2088216763976505,-0.19034582346936213,0.049332137090089712,1.7917629100324177,0.45977659317120984,0.15858801665050729,1.7917583253432314,0.45987754685212279,0.14960149276896664
11.44,5720,0.0065302425193943196,0.015000442106632589,0,0.046751335091642109,0.0085290895531100388,0.0006717869528485176,9.6712756010476553e-07,2.122447627911835e-05,2.7767424943147452,1.2088459875431878,-0.19032486931701054,0.049320966066190068,1.7918972001367481,0.45903612912296876,0.15812832830416118,1.7918919840218168,0.45913496195093495,0.14959981298968633
11.460000000000001,5730,0.0065309846978719496,0.015000487495216446,0,0.047599133068082465,0.0080497165773306591,0.00068664954497933369,1.0021939746588128e-06,2.122447627911835e-05,2.7769563161566806,1.2088703027901979,-0.19030390430956906,0.049309793493730429,1.7920271205098242,0.45831949244472925,0.15764731749351663,1.792021296877202,0.45841652170481872,0.1495981878273141
11.48,5740,0.0065317267064069796,0.015000489170331574,0,0.048432702118738395,0.0075528832145887632,0.00070168663714991982,1.0000160296338157e-06,2.1017403266208992e-05,2.7771746745114609,1.2088946344661589,-0.19028289524688294,0.049298616456009386,1.7921526356260908,0.45762622136521136,0.15714888776651897,1.7921462663047119,0.45772221280575498,0.14959661725174633
11.5,5750,0.0065324668059174185,0.015000498510442372,0,0.049249750640509356,0.0070427357603206758,0.00071330731598722873,1.0050109523294721e-06,2.0808269673042189e-05,2.777396783738916,1.2089189632543591,-0.19026189375597655,0.049287439415240726,1.7922738086028802,0.45695720314212557,0.15663719550781632,1.7922668982883116,0.45705200200785073,0.14959510118777847
11.52,5760,0.0065332051681756273,0.015000500995212277,0,0.050048988348746999,0.0065235421534109595,0.00072092679045183451,1.0042473186025055e-06,2.0773209379101241e-05,2.7776224127092011,1.2089432946418106,-0.19024088524602478,0.049276261261771037,1.79239064130129,0.45631215963600308,0.15611650481010023,1.7923832024584594,0.45640583580591731,0.14959363951437801
11.540000000000001,5770,0.0065339430332545289,0.015000501858411244,0,0.050828617940755529,0.0059996881521632208,0.00072481108544892464,1.0026607919173436e-06,2.0878213633885978e-05,2.7778521000227214,1.208967626234565,-0.19021987498345513,0.049265082212158709,1.7925031469713097,0.45569127061270526,0.15559120385245973,1.7924951921499597,0.45578364011404848,0.14959223206395741
11.56,5780,0.006534679755141542,0.015000521832505595,0,0.051586819642192173,0.0054755915051359783,0.00072454754886314002,1.018958495033248e-06,2.0702910668595484e-05,2.7780855131852409,1.2089919503459317,-0.19019888380302236,0.049253903868165035,1.7926113619736677,0.45509467913978141,0.15506571329563043,1.7926028844598159,0.45518531994419731,0.14959087862164702
11.58,5790,0.0065354212930913372,0.015000531588470619,0,0.05232298508153025,0.004955684756536901,0.00072246101959000278,1.0241134144992116e-06,2.0808269673042189e-05,2.7783235844704133,1.2090162794162553,-0.19017788220132822,0.049242728718421905,1.7927154789495054,0.45452115368827228,0.15454444502079909,1.7927063003050847,0.45461075908475357,0.14958957892456801
11.6,5800,0.006536172064313654,0.015000533442967199,0,0.053035200872268783,0.0044443249022660183,0.00071926059358053324,1.0211593718290237e-06,2.0738089811501742e-05,2.7785671707684041,1.2090406120183712,-0.19015687250791968,0.049231555069609349,1.7928153312578778,0.45397085850502844,0.15403175615828876,1.7928054644807279,0.45405981977912235,0.1495883326611053
11.620000000000001,5810,0.006536931789193256,0.015000531760190363,0,0.053721299597128437,0.0039457159055503307,0.00071339928114621317,1.0165636614202716e-06,2.084327099243578e-05,2.7788160316820947,1.2090649453843256,-0.19013585914423276,0.049220377749841948,1.7929106792784677,0.45344425117785048,0.15353185852191018,1.7929004057174669,0.45353234240430007,0.1495871394701804
11.640000000000001,5820,0.0065377004728513393,0.015000524271626254,0,0.054379736321947571,0.0034639298953638912,0.00070429961034178159,1.0084112810409226e-06,2.1052056881276945e-05,2.779069898176072,1.2090892802712723,-0.19011483984026914,0.049209195790101398,1.7930015640419876,0.45294112464779818,0.15304881996395964,1.7929911567396346,0.45302814514945389,0.14958599894052441
11.66,5830,0.0065384284225057402,0.01500055410169408,0,0.055008074965361815,0.0030028005567017024,0.00067844444714351411,1.0375702541486946e-06,2.0702910668595484e-05,2.7793126575705713,1.2091135991919206,-0.19009385788023461,0.049198012465595783,1.7930883839203058,0.45246230663469261,0.15258649705960847,1.7930777543230296,0.45254702369449806,0.14958491060995094
11.68,5840,0.0065391314481976466,0.015000567825329303,0,0.055606535517305149,0.0025658941714114896,0.00063388654210300285,1.0512465311015333e-06,2.1052056881276945e-05,2.7795489889684379,1.2091379255732386,-0.19007285967353882,0.049186827055041932,1.7931713510227303,0.45200582402920109,0.15214840366140622,1.7931602393527686,0.45208875088867262,0.14958387396462899
11.700000000000001,5850,0.0065398470967790246,0.015000538888753119,0,0.056174245451143738,0.0021566111035704071,0.0005937306697109256,1.0246656022960131e-06,2.0913097891518843e-05,2.7797905950772455,1.2091622687736581,-0.19005181848805075,0.049175637674732174,1.7932500744920707,0.45157094589508939,0.15173790483402064,1.7932386568811405,0.45165307642911906,0.1495828884383559
11.720000000000001,5860,0.006540572087859531,0.015000509470086593,0,0.056709048492433502,0.0017778829138044617,0.00055733569366633244,9.9876404145390291e-07,2.084327099243578e-05,2.7800362420783529,1.2091866115549417,-0.19003077667482179,0.049164446533935098,1.7933245978494063,0.45115853699310826,0.15135794403758096,1.7933130561854584,0.45123972653945921,0.14958195341183023
11.74,5870,0.0065412777907086972,0.015000480644555805,0,0.057210028528464955,0.0014321939477211364,0.00051762628167828669,9.7383933039100676e-07,2.1155677147440178e-05,2.7802761826341409,1.2092109536406315,-0.19000973526826151,0.049153255796098173,1.7933952502925985,0.45076831851377347,0.15101097296051755,1.7933834908259136,0.45084840364837409,0.14958106821192471
11.76,5880,0.006541972563749901,0.015000456014105355,0,0.05767664003223865,0.0011215438819378637,0.00047135419516641775,9.530589371878656e-07,2.122447627911835e-05,2.7805130330648411,1.2092352945757416,-0.18998869798844287,0.049142064461804628,1.7934620514230932,0.45039984677399197,0.15069892978263055,1.7934500187034286,0.45047878606817937,0.14958023211095919
11.779999999999999,5890,0.0065426776738930405,0.015000431289798742,0,0.058108427732941122,0.00084752258269161899,0.00042814003087152222,9.3349967314535416e-07,2.1395506250453509e-05,2.7807537443611592,1.2092596352767457,-0.1899676605177324,0.049130870578902051,1.7935248118653275,0.45005279998824493,0.15042330823036815,1.7935127021175106,0.45013052767340223,0.1495794443259735
11.800000000000001,5900,0.0065433915249684073,0.015000406803399041,0,0.058505241028445461,0.00061121940939892229,0.00038863866406198272,9.1491555984452374e-07,2.1121193543184415e-05,2.7809976541457182,1.209283975733016,-0.18994662314846164,0.049119675722396165,1.793583688419387,0.44972682000894115,0.15018500470534249,1.7935716078241035,0.44980325757936385,0.14957870401800044
11.82,5910,0.006544113572230904,0.015000384109440936,0,0.058867277322985294,0.00041330022075686441,0.00035174230843966383,8.980787322554634e-07,2.1155677147440178e-05,2.7812444954127296,1.2093083157269018,-0.18992558743647786,0.049108481052765968,1.7936388349176924,0.44942150015900001,0.14998425584308403,1.7936268070934427,0.4494965798207502,0.14957801029133858
11.84,5920,0.0065448435290994724,0.015000364285911463,0,0.059195088315157414,0.0002544330720558656,0.00031692372152237742,8.8368786053859692e-07,2.1429548445808714e-05,2.7814941406966356,1.2093326549721779,-0.18990455447040394,0.049097286912114319,1.7936903469975474,0.44913639961179913,0.14982060097517413,1.7936783757679069,0.44921007303019495,0.14957736219282528
11.859999999999999,5930,0.0065455811807020444,0.015000347553545221,0,0.059489590577926237,0.00013723401391201601,0.00028411041931088312,8.7196610014088438e-07,2.1733528855063329e-05,2.7817465384081506,1.20935699330931,-0.1898835244787449,0.049086093115474218,1.7937382945823934,0.44887105487063117,0.14969283466697197,1.793726394319872,0.44894329011685469,0.14957675871110965
11.880000000000001,5940,0.0065463263312945013,0.015000334020207194,0,0.059752082163162072,7.5276224072416792e-05,0.0002533507661004003,8.6307269508094617e-07,2.1800504449438904e-05,2.7820016932272629,1.2093813305876031,-0.18986249757410278,0.049074899462724232,1.7937827525541576,0.44862498237411702,0.14959895792451688,1.7937709479095643,0.44869575794498728,0.14957619877592532
11.9,5950,0.0065470787455208079,0.015000324278279999,0,0.059984245651785555,8.0632713578258192e-05,0.00022483930807564082,8.5714184270087039e-07,2.1565179853261896e-05,2.7822596432417885,1.2094056667064661,-0.18984147434654539,0.049063706481243988,1.7938238351624947,0.44839769179465533,0.14953613256624701,1.7938121264429132,0.44846697701252847,0.14957568125736351
11.92,5960,0.0065478381207920173,0.015000319244264607,0,0.060188177534185323,0.00010142928800453149,0.0001988834509952165,8.5436631458198323e-07,2.183391520383078e-05,2.7825204578655933,1.2094300015438357,-0.18982045570801284,0.04905251504455789,1.7938616734938961,0.44818867375479221,0.1495006228116626,1.7938500246294049,0.44825642112967101,0.14957520496514587
11.94,5970,0.0065486041166450144,0.015000319588976727,0,0.060366419910194112,0.00010993912130824735,0.00017564097391784803,8.5503859815548201e-07,2.1767042412140833e-05,2.7827842582474633,1.2094543349107811,-0.18979944232891,0.049041325591462785,1.7938963793925728,0.44799738422813129,0.14948773428514447,1.7938847420399351,0.44806353709744023,0.1495747686478974
11.960000000000001,5980,0.0065493527149166784,0.015000317090412047,0,0.060521960398688852,0.00010545893632750376,0.00015404878064170709,8.5339477815651026e-07,2.2000207897163392e-05,2.7830429286730998,1.2094786691114774,-0.18977842592753169,0.049030136127318449,1.793928029583592,0.44782327351560958,0.14949173047564274,1.7939163831646627,0.44788774438627488,0.14957437099241938
11.98,5990,0.0065500905202080031,0.015000332153712412,0,0.060658330384512481,9.3422377136795874e-05,0.00013339103270768119,8.6365409948126922e-07,2.2000207897163392e-05,2.7832990883551867,1.2095029981205612,-0.18975742704367013,0.049018952509676972,1.793956996662019,0.44766565052112534,0.14950586864795939,1.7939450574708626,0.44772843481460006,0.14957401062296233
12,6000,0.0065508353326421175,0.015000363550316531,0,0.060779365705583684,8.0687733062600431e-05,0.00011663935463697685,8.8519003520721641e-07,2.1967050066869309e-05,2.7835594519447744,1.2095273224350951,-0.18973644441050885,0.04900777530932552,1.7939832922739856,0.44752395279939461,0.14952237273245686,1.7939708794607787,0.44758497222740945,0.14957368610049887
12.02,6010,0.0065515851818769601,0.015000374156002352,0,0.060887822889945382,7.1050860546751404e-05,0.00010366935732952346,8.9257794025986892e-07,2.2198114802541581e-05,2.7838237799897998,1.2095516533678539,-0.1897154407829183,0.048996589869473063,1.7940063548272858,0.44739767263824487,0.14953582593842454,1.7939939687294777,0.44745669217484008,0.14957339592199667
12.040000000000001,6020,0.0065523393858945662,0.015000386175402572,0,0.060984669433588178,6.4391172701288628e-05,9.3604123077926032e-05,9.0141079751231184e-07,2.2198114802541581e-05,2.7840916774094056,1.2095759837974949,-0.18969443844072906,0.04898540417127719,1.79402675931924,0.44728599964213733,0.14954562720230113,1.7940144500227015,0.44734290159075096,0.14957313851969137
12.06,6030,0.0065530981705491965,0.015000412671858912,0,0.061070127199998388,5.9592263512799344e-05,8.5828671846163222e-05,9.2096132268133428e-07,2.1867274910380131e-05,2.7843630013138272,1.2096003098218877,-0.18967345047881737,0.048974224082480429,1.7940448994836051,0.44718816004346323,0.14955285673972332,1.7940324532947214,0.4472428784712994,0.14957291226035949
12.08,6040,0.0065538615192811808,0.01500043671422345,0,0.061144517167392505,5.5790338143799832e-05,7.9561443228300165e-05,9.3918143513438097e-07,2.1867274910380131e-05,2.78463769537258,1.2096246366279346,-0.18965245992144097,0.048963042991798877,1.7940605672727599,0.44710346160725539,0.14955820098501854,1.7940481137661899,0.44715587155352154,0.14957271544459133
12.1,6050,0.0065546291776014936,0.01500045644869304,0,0.061208330154224173,5.2505976182511229e-05,7.4850194845532195e-05,9.5450327608234426e-07,2.2263692832568247e-05,2.7849155537673522,1.2096489647607904,-0.18963146491074992,0.04895186016672548,1.794073867662038,0.44703112631017555,0.14956213838977153,1.7940615719819952,0.44708109999390622,0.14957254630606401
12.120000000000001,6060,0.0065554008106515106,0.015000475753040653,0,0.061262163876557633,4.9498335264973769e-05,7.0703593210628518e-05,9.6989341844798437e-07,2.2132342465963256e-05,2.785196315513824,1.2096732928829872,-0.18961046933818543,0.048940677033909863,1.7940850354202624,0.44697031633866191,0.14956502989191808,1.7940729738691135,0.4470177530469755,0.1495724030108142
12.140000000000001,6070,0.0065561761471284417,0.015000494125202752,0,0.061306655540267728,4.6596323224040658e-05,6.7529123869598779e-05,9.8485751988341708e-07,2.2230927998283902e-05,2.7854797652830627,1.2096976212301209,-0.18958947269972887,0.048929493425597409,1.7940942327814702,0.44692019634815794,0.14956714316032027,1.7940824707944629,0.44696498974386034,0.14957228365651115
12.16,6080,0.0065569549230447581,0.015000508490233103,0,0.061342489409930527,4.3674055909489815e-05,6.4774361062681774e-05,9.9677528940643539e-07,2.2132342465963256e-05,2.7857657035252541,1.2097219508899875,-0.18956847191068732,0.048918308150205418,1.7941015778760296,0.44687991370401015,0.14956867574374,1.7940902196227557,0.44692193857087947,0.14957218627172963
12.18,6090,0.0065577367985204119,0.0150005187693147,0,0.061370416867262766,4.067877441583956e-05,6.2727674210865899e-05,1.0054951646519032e-06,2.1933842111273517e-05,2.786053889513044,1.2097462818763238,-0.18954746689283308,0.048907121113548398,1.7941072421864164,0.44684856382461935,0.14956978097295701,1.7940963827743523,0.44688769714811716,0.14957210881522279
12.200000000000001,6100,0.0065585213072429883,0.015000532849877502,0,0.061391287147807581,3.7671679540098412e-05,6.0971633888821075e-05,1.0179112312498021e-06,2.2329078268013787e-05,2.7863440036146274,1.2097706112719311,-0.1895264655657643,0.048895934607328148,1.7941115093146145,0.44682514844624127,0.14957058400637757,1.7941011282831141,0.44686133190799793,0.14957204917519509
12.220000000000001,6110,0.0065593081719589538,0.01500054886108761,0,0.061405910045641242,3.4604151093983234e-05,5.953196563681037e-05,1.0322692678516701e-06,2.206637408534863e-05,2.7866358319911235,1.209794939893875,-0.18950546604812252,0.048884748328252146,1.7941145358788266,0.44680873233033863,0.14957116998997103,1.7941046298542562,0.4468418777738693,0.14957200516857527
12.24,6120,0.0065600971649687088,0.015000559514634472,0,0.061415108916687715,3.1379759960623428e-05,5.8357161849818701e-05,1.0420425500857707e-06,2.1967050066869309e-05,2.7869291990436293,1.2098192704479103,-0.18948446102185218,0.048873560156621219,1.7941164024554492,0.44679838137106909,0.14957159086232413,1.7941070669222019,0.44682833783857434,0.14957197454028923
12.26,6130,0.0065608879010511812,0.015000563898445682,0,0.061419800708950277,2.7990926672839027e-05,5.7272877312495061e-05,1.0464435720927168e-06,2.2198114802541581e-05,2.7872238439677783,1.209843603174525,-0.18946344957356126,0.048862369634029283,1.7941172795385398,0.4467930638521152,0.14957188738455546,1.7941086247084346,0.4468196830430321,0.14957195496253292
12.280000000000001,6140,0.0065616799647263092,0.01500056215411337,0,0.061420940593895169,2.4445526691461902e-05,5.6400780774236682e-05,1.0455927110048337e-06,2.2099382890764463e-05,2.7875194854311509,1.2098679379976589,-0.18944243184605164,0.048851176758752189,1.7941173694839188,0.44679171005191337,0.14957209197578214,1.7941094942793512,0.44681485185481384,0.14957194403404533
12.300000000000001,6150,0.0065624728759020338,0.015000558946199583,0,0.061419561597735033,2.0812146954760603e-05,5.5842279145702801e-05,1.0439282713643354e-06,2.2198114802541581e-05,2.787815800463215,1.2098922729745276,-0.18942141252818068,0.048839982483686172,1.794116919039991,0.44679316908205835,0.14957222727471894,1.7941098726041158,0.44681274994672282,0.14957193927938139
12.32,6160,0.0065632663138974383,0.015000551587420762,0,0.061416639781946343,1.7049524186363371e-05,5.5132891823039151e-05,1.0388390340245125e-06,2.1867274910380131e-05,2.7881125439235888,1.2099166092993971,-0.18940038891670935,0.048828786439770948,1.794116117168336,0.44679635436292214,0.14957231285030043,1.7941099626125128,0.44681224987536827,0.14957193814818481
12.34,6170,0.0065640600365048634,0.015000533536228581,0,0.061413167671916589,1.3103821944693295e-05,5.4454430104349492e-05,1.0244954456317729e-06,2.206637408534863e-05,2.7884095106596223,1.2099409494644995,-0.18937935444094911,0.048817586988615498,1.7941151002952282,0.44680016737551592,0.14957235491102572,1.7941099649752124,0.44681221374376834,0.14957188199473315
12.359999999999999,6180,0.0065648533708342295,0.015000510543104263,0,0.061410265561191897,9.4208641134022869e-06,5.3956873329548845e-05,1.0059955336175336e-06,2.2033315828455735e-05,2.7887063109517971,1.2099652915696144,-0.18935831487011492,0.048806386014414123,1.7941141584089215,0.44680344297436836,0.14957220060299412,1.7941099729846732,0.4468117913822216,0.14957096004230599
12.380000000000001,6190,0.0065656456161591716,0.015000491425864904,0,0.061409115759144935,6.8402215071682414e-06,5.3916329649437159e-05,9.9069274969239518e-07,2.1666346224911465e-05,2.7890026396437371,1.2099896326583215,-0.18933727904981701,0.048795186747707185,1.7941135040744112,0.44680533145255619,0.14957087582368145,1.7941100000131627,0.44681036609344466,0.14956784884892799
12.4,6200,0.0065664363989831808,0.015000477680019303,0,0.061410867013575864,6.6791024561619728e-06,5.3686003780684079e-05,9.7973847756934891e-07,2.1900583802360337e-05,2.7892984206961033,1.2100139721203453,-0.18931624848199471,0.048783989706928377,1.7941131199423421,0.44680529198353947,0.14956682511128899,1.7941100572860715,0.4468073459308024,0.14956125628315112
12.42,6210,0.0065672254431975727,0.015000467544839474,0,0.061416603221796713,9.071347487478875e-06,5.4024378514623551e-05,9.7166181609134247e-07,2.1867274910380131e-05,2.7895936266705297,1.2100383105069981,-0.18929522140214594,0.048772794078028786,1.7941129315207043,0.44680283219264089,0.14955854311240102,1.794110155655176,0.44680215864941369,0.14954993321952548
12.44,6220,0.0065680124684037947,0.015000459653975288,0,0.061427363310499604,1.2661918660804311e-05,5.4494573441983077e-05,9.6537712648102189e-07,2.1933842111273517e-05,2.7898882152384212,1.2100626482266628,-0.18927419644070365,0.048761599239989843,1.7941128882128887,0.44679745193801851,0.14954464851921881,1.7941103056027301,0.44679425149033847,0.14953267306751172
12.460000000000001,6230,0.0065687972214767514,0.015000453330574202,0,0.061444144174783229,1.6690186255278532e-05,5.5436148089189019e-05,9.6032076286863469e-07,2.1967050066869309e-05,2.7901821418197663,1.2100869854958987,-0.18925317291845192,0.048750404951794578,1.794112968103029,0.44678865404294854,0.1495238550379108,1.7941105172455585,0.44678309096476454,0.14950831130039327
12.48,6240,0.0065695794713567192,0.015000448324361093,0,0.061467904608544781,2.0877273347826867e-05,5.659431027156813e-05,9.5626456370417761e-07,2.1598954627055457e-05,2.7904753624537464,1.2101113224040414,-0.18923215058399553,0.048739211149989595,1.7941131641934178,0.44677595011881494,0.14949495069304514,1.7941108003391495,0.4467681626381948,0.14947572498418879
12.5,6250,0.0065703589660054875,0.015000444165573537,0,0.061499568783638971,2.5099569989848995e-05,5.8506859817484211e-05,9.5286319803648735e-07,2.1800504449438904e-05,2.7907678240475229,1.2101356590778234,-0.18921112896674885,0.048728017613090507,1.7941134658937052,0.44675886317441849,0.14945678517550115,1.7941111642817462,0.44674897091463417,0.14943383230656446
12.52,6260,0.0065711354668641295,0.015000440718336498,0,0.06154002467024431,2.9293148338463253e-05,6.0647983885407138e-05,9.499966937337429e-07,2.1900583802360337e-05,2.7910594732274552,1.2101599955629943,-0.18919010793014771,0.048716824313701799,1.7941138744902745,0.44673693107465762,0.14940826740562008,1.7941116181184409,0.44672503882077647,0.14938159210574634
12.540000000000001,6270,0.00657190876368561,0.015000438066229665,0,0.061590126440026934,3.3420562147306218e-05,6.3375083503505741e-05,9.4769484224278884e-07,2.1900583802360337e-05,2.7913502628483604,1.2101843318487659,-0.18916908755721407,0.048705631344881484,1.7941143982517971,0.44670970682009825,0.14934836057439171,1.7941121705452661,0.44669590779019175,0.14931800339943269
12.56,6280,0.0065726786553689199,0.015000436115819221,0,0.061650697513430781,3.745635142362083e-05,6.6659986951320285e-05,9.4588013348969881e-07,2.2132342465963256e-05,2.7916401482845807,1.2102086679651993,-0.18914806775415996,0.048694438678627806,1.7941150409844728,0.44667675841474014,0.14927607659027781,1.7941128299132882,0.4466611374475129,0.1492421049137064
12.58,6290,0.006573444949174753,0.015000434765684459,0,0.061722531165045134,4.1383287319736206e-05,7.0445380408812747e-05,9.4447322474965696e-07,2.2000207897163392e-05,2.7919290863417903,1.2102330039441671,-0.18912704841927291,0.048683246277504325,1.7941158066506635,0.44663766981044351,0.14919047398285204,1.7941136042326995,0.44662030539262304,0.14915297461194724
12.6,6300,0.0065742074608393939,0.015000433925492194,0,0.061806391763945957,4.5189714403145653e-05,7.4703974360425547e-05,9.4340510546301122e-07,2.206637408534863e-05,2.7922170353579308,1.2102573398142287,-0.18910602946199051,0.048672054106126565,1.7941166999136176,0.44659204121357787,0.14909065566973176,1.7941145011769106,0.44657300698484226,0.14904972922374421
12.620000000000001,6310,0.0065749660145640884,0.015000433516611442,0,0.061903016003100629,4.8867813870110403e-05,7.9469771987777531e-05,9.4261686527408384e-07,2.2198114802541581e-05,2.7925039553923248,1.2102816756003831,-0.18908501080350273,0.048660862132333886,1.7941177259098458,0.44653948924607167,0.148975767032509,1.7941155280866439,0.4465188551271147,0.14893152377380797
12.640000000000001,6320,0.0065757204429686142,0.015000433470220271,0,0.062013114036307958,5.2412460655923541e-05,8.4769017984142862e-05,9.4205784793126172e-07,2.2000207897163392e-05,2.7927898083713427,1.2103060113245823,-0.18906399237484559,0.048649670326865201,1.7941188900052907,0.44647964702306187,0.14884499434016304,1.7941166919740248,0.44645748005019559,0.14879755111088311
12.66,6330,0.0065764705870303931,0.015000433725604416,0,0.062137370529558832,5.5820448026400834e-05,9.0516114005965596e-05,9.4168406848205506e-07,2.2263692832568247e-05,2.7930745581917025,1.2103303470062146,-0.18904297411519183,0.048638478662948181,1.7941201976290393,0.44641216415978435,0.1486975634572397,1.7941179995266756,0.44638852909683835,0.14864704143666049
12.68,6340,0.0065772162960125516,0.015000434228919836,0,0.062276445635882298,5.9089946916545428e-05,9.6796998968676429e-05,9.4145705271214376e-07,2.1933842111273517e-05,2.7933581707903068,1.2103546826624805,-0.18902195597060717,0.048627287115988134,1.7941216541643759,0.44633670672123577,0.14853273876809678,1.7941194571118073,0.44631166650598142,0.14847926183468968
12.700000000000001,6350,0.0065779574273831442,0.015000434932252237,0,0.062430975897652251,6.2220122168708456e-05,0.00010352863599775211,9.413429568444556e-07,2.1666346224911465e-05,2.7936406141874297,1.210379018308686,-0.18900093789310679,0.048616095663323873,1.7941232648754708,0.44625295712806584,0.14834982226186177,1.7941210707803121,0.44622657319693526,0.14829351579929112
12.720000000000001,6360,0.0065786938467274538,0.015000435792873794,0,0.062601575077270211,6.5210857427247198e-05,0.00011072097951911951,9.4131189399989268e-07,2.1800504449438904e-05,2.7939218585116197,1.2104033539584682,-0.18897991983990614,0.048604904284022567,1.7941250348571904,0.4461606140298357,0.14814815273628135,1.7941228462708565,0.44613294655356966,0.14808914276446875
12.74,6370,0.0065794254276547058,0.015000436772606053,0,0.062788834915657954,6.8062556882674577e-05,0.00011820988683812275,9.4133736542557922e-07,2.183391520383078e-05,2.7942018760141618,1.2104276896240005,-0.18895890177278557,0.048593712958699062,1.7941269690008868,0.44605939215419627,0.14792710508917775,1.7941247890139738,0.44603050020850032,0.14786551763282202
12.76,6380,0.0065801520517002584,0.015000437837297365,0,0.062993325817251228,7.077600202189196e-05,0.00012623152354813768,9.4139581160862425e-07,2.1767042412140833e-05,2.7944806410684087,1.2104520253161593,-0.18893788365756281,0.048582521669354499,1.7941290719715712,0.44594902213838755,0.14768608967426303,1.7941269041361561,0.4459189638272763,0.14762205030445855
12.780000000000001,6390,0.0065808736082240095,0.015000438956358386,0,0.063215597459901379,7.3352247992606768e-05,0.00013465285316893082,9.4146622974900011e-07,2.1800504449438904e-05,2.7947581301675664,1.2104763610446632,-0.18891686546362796,0.048571330399235509,1.7941313481932963,0.44582925034780108,0.1474245517040855,1.7941291964639472,0.44579808289256656,0.14735818520590621
12.800000000000001,6400,0.006581589994305693,0.015000440102363857,0,0.063456179328132883,7.5792548568638738e-05,0.00014337297576866515,9.4152985072659976e-07,2.1632676668865267e-05,2.7950343219083975,1.2105006968182017,-0.18889584716354366,0.048560139132708541,1.7941338018403337,0.44569983868510038,0.14714197068739085,1.7941316705280357,0.44566761848834741,0.14707340081902567
12.82,6410,0.0065823011304693511,0.015000442011465581,0,0.063715578931540451,7.810225708209661e-05,0.00015250318908739021,9.420909559940053e-07,2.1632676668865267e-05,2.7953091973624971,1.2105250324501804,-0.18887482949368475,0.048548948300193961,1.7941364560250854,0.44556056518774689,0.14683786331511198,1.7941343305673467,0.44552734708408925,0.14676720920992262
12.84,6420,0.0065830069633370106,0.01500044538867782,0,0.063994283265862068,8.028789874944135e-05,0.00016197415957405029,9.4364196926792578e-07,2.2033315828455735e-05,2.7955827462072298,1.2105493677933743,-0.18885381316044439,0.048537758250140457,1.7941393311242986,0.44541122384073423,0.14651178045319307,1.7941371805331352,0.4453770603189437,0.14643915555786016
12.859999999999999,6430,0.0065837074547242551,0.015000450324032652,0,0.064292760240331148,8.235314481335822e-05,0.00017172527299605942,9.4619768012954743e-07,2.1967050066869309e-05,2.7958549661295602,1.2105737028598094,-0.18883279825180388,0.048526569206220019,1.7941424340022898,0.44525162538005464,0.14616330198789743,1.7941402240930777,0.44521656478593047,0.14608881768417117
12.880000000000001,6440,0.0065844025563850574,0.015000455812971806,0,0.064611469269171273,8.4290342840462204e-05,0.00018185579080411113,9.4911891219618505e-07,2.1800504449438904e-05,2.7961258593712581,1.2105980378604251,-0.18881178376259486,0.048515380569316986,1.7941457347370626,0.44508158771746192,0.14579203205153091,1.7941434646353656,0.44504568181612453,0.14571580558117056
12.9,6450,0.0065850922283083651,0.0150004619389699,0,0.064950837009094542,8.6107954433619453e-05,0.0001923967119600703,9.524054969850412e-07,2.2033315828455735e-05,2.7963954215059257,1.2106223729023953,-0.18879076977673009,0.048504192343978646,1.7941492444319915,0.44490095306107202,0.14539761845533189,1.7941469052727976,0.44486424726284313,0.14531976094106777
12.92,6460,0.006585776427708267,0.015000468466820828,0,0.065311283431964712,8.7802925616795163e-05,0.00020333439891478575,9.5594708164048823e-07,2.1632676668865267e-05,2.7966636502121331,1.210646707996619,-0.18876975605922278,0.048493004362524919,1.7941529557323161,0.44470956840381554,0.14497973253109014,1.7941505488468719,0.44467211128583256,0.14490035668487899
12.94,6470,0.0065864551058377506,0.015000474461918918,0,0.065693216508476759,8.936459224212224e-05,0.00021451986701732765,9.5918130727664723e-07,2.206637408534863e-05,2.7969305458604055,1.2106710432476959,-0.1887487416759577,0.048481816008293904,1.7941568397285166,0.44450729026151176,0.14453807076480066,1.7941543979318793,0.44446913813545552,0.14445729649133954
12.960000000000001,6480,0.0065871282206372266,0.015000479719205121,0,0.06609701265011983,9.0795592173270761e-05,0.00022595825638322133,9.6192768955497728e-07,2.1258792350482307e-05,2.797196104179164,1.2106953787213623,-0.18872772642141716,0.048470627192289333,1.7941608989310438,0.44429399882696224,0.14407236904933068,1.7941584548389955,0.44425520593687773,0.14399031432581616
12.98,6490,0.0065877957340998968,0.015000484238794935,0,0.066523029014070256,9.209969128926948e-05,0.00023763144948248509,9.6416370506276362e-07,2.1361409804484527e-05,2.7974603205322262,1.2107197144255932,-0.18870671029567071,0.048459437922940947,1.794165141070502,0.44406958782074696,0.14358239421282148,1.7941627216203735,0.4440302064742554,0.14349917396921955
13,6500,0.0065884576134581808,0.015000488062133943,0,0.066971604352945219,9.3280143228161524e-05,0.00024955323190330598,9.6590506467915662e-07,2.1733528855063329e-05,2.7977231916606073,1.2107440503528817,-0.18868569334023727,0.048448248223594219,1.7941695729819649,0.44383396379681916,0.14306794216131125,1.7941672000732365,0.44379404497492181,0.14298366854691646
13.02,6510,0.0065891138759114854,0.015000492636615603,0,0.067443043883819664,9.435636376292354e-05,0.00026178988876209794,9.6783629696390954e-07,2.1598954627055457e-05,2.797984715947087,1.2107683865725771,-0.18866467699526157,0.048437059398462219,1.7941742621045123,0.44358705648944663,0.14252884918148834,1.7941718917439704,0.44354663989357457,0.14244362005764222
13.040000000000001,6520,0.0065897645248836102,0.015000498089335788,0,0.067937654407042108,9.5325074677298294e-05,0.00027433648448848278,9.7023593999793554e-07,2.1327258847706145e-05,2.7982449034590418,1.2107927228938138,-0.18864366139116151,0.048425871304451362,1.7941791963088367,0.44332879269418063,0.14196496467904496,1.7941767979322161,0.44328792269646244,0.14187887890241296
13.06,6530,0.0065904095468126995,0.015000503111279331,0,0.068455729972079549,9.6172525308302012e-05,0.00028706099565085262,9.7245426541300227e-07,2.1463536648682345e-05,2.7985037701803193,1.2108170592774348,-0.18862264522515612,0.048414682776776095,1.794184316126489,0.44305910849699898,0.14137615732710479,1.7941819196949624,0.44301783764557273,0.14128932341343814
13.08,6540,0.0065910489431525001,0.015000507124197255,0,0.068997529792789808,9.6900003988726948e-05,0.00029996994128126699,9.7398863484862894e-07,2.1699963539503996e-05,2.798761326355522,1.2108413959039461,-0.1886016279175973,0.048403493565127874,1.7941896132158179,0.44277796375180806,0.14076233313953387,1.7941872578506386,0.44273634158281783,0.14067485938303265
13.1,6550,0.0065916827154013412,0.015000510012919287,0,0.069563291924912452,9.7510961832655195e-05,0.00031303119114661971,9.7470584409337626e-07,2.1666346224911465e-05,2.7990175785643192,1.2108657328251462,-0.18858060935276838,0.048392303640834688,1.7941950926321066,0.44248532984847477,0.14012342749072645,1.7941928129832068,0.44244340371422242,0.14003541959252933
13.120000000000001,6560,0.0065923108675909848,0.015000511821322947,0,0.070153233964413031,9.8008708379545588e-05,0.00032622645217580655,9.7461469072212469e-07,2.1632676668865267e-05,2.7992725331748463,1.2108900700385767,-0.18855958957447944,0.048381113037689473,1.7942007610597521,0.4421811893299506,0.13945940252470831,1.7941985854462545,0.44213900539411061,0.13937096334119115
13.140000000000001,6570,0.0065929334084187472,0.015000512620979857,0,0.070767429360822726,9.8396165734352943e-05,0.00033955727491682253,9.7375475157050546e-07,2.1293053117836167e-05,2.7995261978520753,1.2109144075300162,-0.18853856865435922,0.048369921796475639,1.7942066238697503,0.44186553637202991,0.13877024617854508,1.7942045753670877,0.44182313990929267,0.13868147597512392
13.16,6580,0.0065935504346429389,0.015000511464889283,0,0.071404425044023806,9.8708850992731717e-05,0.00035263022134405684,9.7049629793547703e-07,2.1395506250453509e-05,2.7997786012538506,1.2109387461598753,-0.18851754561887771,0.048358731895250216,1.7942127386693694,0.44153842148665351,0.13805598563551624,1.7942107826508222,0.44149581226325241,0.13796696841618816
13.18,6590,0.0065941619481430713,0.015000511412192772,0,0.072063773407363502,9.8938275866314215e-05,0.00036628382005113368,9.6719812432363287e-07,2.1293053117836167e-05,2.8000297305519104,1.2109630858356277,-0.18849652353399035,0.048347543054458188,1.7942191621760706,0.4411998266343734,0.13731666287037653,1.794217206984478,0.44115703896033381,0.13722747669091179
13.200000000000001,6600,0.0065947679252442706,0.015000513581995304,0,0.072745458515545536,9.9056249918489232e-05,0.0003805877384911467,9.6570056488547411e-07,2.1395506250453509e-05,2.8002795902079431,1.2109874254057889,-0.18847550354499926,0.048336353965312447,1.7942258317723727,0.44084974258293652,0.13655232646596846,1.7942238478410704,0.44080684778992824,0.13646306145940218
13.220000000000001,6610,0.0065953688289400346,0.015000505264131502,0,0.073449285353030691,9.9124255222667959e-05,0.00039559489269409658,9.509947210041926e-07,2.1699963539503996e-05,2.8005283646968304,1.2110117740304807,-0.18845447280922059,0.048325161554243996,1.7942327524165658,0.44048834356425132,0.13576306418314837,1.7942307044837029,0.44044527761066143,0.13567380754425898
13.24,6620,0.0065959646171828085,0.015000489324431427,0,0.074175195592836807,9.9121815865643153e-05,0.000411020856709319,9.2685268286479412e-07,2.122447627911835e-05,2.800776039147598,1.2110361289498008,-0.1884334342305875,0.048313966796221207,1.794239893060789,0.44011563599961395,0.13494898292010782,1.7942377759696606,0.44007237813458044,0.13485982345948586
13.26,6630,0.0065965550223227604,0.015000474184716414,0,0.074923576122703783,9.8992575362821558e-05,0.00042631612084695954,9.0444038125586549e-07,2.084327099243578e-05,2.8010225209194286,1.2110604822382842,-0.18841239634621612,0.048302771861778865,1.7942471726025762,0.43973157289911707,0.13411020557119527,1.7942450611545013,0.43968820971134087,0.13402124093940332
13.280000000000001,6640,0.0065971401178029528,0.015000458490283841,0,0.075696573332952044,9.873866551086918e-05,0.00044146785173488653,8.8256146921034413e-07,2.0773209379101241e-05,2.8012678435264324,1.2110848343580674,-0.18839135779814636,0.048291576046954894,1.7942545719056531,0.43933623352012807,0.13324688545250493,1.7942525586961497,0.43929284311239336,0.13315821446756071
13.300000000000001,6650,0.0065977199847430043,0.015000441251092388,0,0.076494529890697965,9.8368997082665216e-05,0.00045651748697639137,8.6019957741749152e-07,2.0913097891518843e-05,2.8015120382378922,1.2111091858330847,-0.18837031758981482,0.048280379011521102,1.794262094183358,0.43892971358488991,0.13235920176905991,1.7942602670589887,0.43888635931517139,0.13227092080564898
13.32,6660,0.0065982946936444268,0.015000422125481005,0,0.077317440088432832,9.7891410306853247e-05,0.00047150263175647011,8.3697538926087818e-07,2.1327258847706145e-05,2.801755129274615,1.2111335369109928,-0.18834927537600679,0.048269180679246668,1.7942697505671876,0.43851211299801346,0.13144735674013375,1.7942681845179522,0.43846884928727753,0.13135955852241257
13.34,6670,0.0065988643103662217,0.015000401119969748,0,0.078165275825848535,9.7312447564947539e-05,0.00048637829354081479,8.1286392559946818e-07,2.1327258847706145e-05,2.801997137631433,1.211157887690621,-0.18832823116144137,0.048257981094479596,1.7942775538267568,0.43808353780362774,0.13051157412999231,1.7942763091626186,0.43804041377067082,0.13042434752256205
13.359999999999999,6680,0.0065994289006507728,0.015000378388533967,0,0.079037984905498626,9.6637679738767284e-05,0.00050119203731629981,7.8799855422083998e-07,2.1121193543184415e-05,2.8022380835646734,1.211182238206352,-0.18830718509904826,0.048246780355651518,1.7942855155263291,0.43764410181889812,0.12955209840969822,1.7942846389013023,0.43760116306585378,0.1294655285756863
13.380000000000001,6690,0.0065999885324330215,0.015000354130852083,0,0.079935490142274024,9.5871874059803082e-05,0.00051589833335496656,7.62572842156275e-07,2.1052056881276945e-05,2.8024779878099562,1.2112065884686658,-0.18828613738776567,0.048235578575500454,1.7942936448720652,0.43719392730540835,0.12856919411115345,1.7942931714651464,0.43715121681605923,0.12848336284516496
13.4,6700,0.0066005432769125115,0.015000328545027695,0,0.080857688909383496,9.5019116564833191e-05,0.0005305198575774173,7.3679557381701263e-07,2.0947924057011411e-05,2.8027168720892681,1.2112309384816664,-0.18826508822507443,0.048224375862476986,1.7943019484673342,0.43673314513096934,0.12756314531753649,1.7943019044122162,0.43669070379143771,0.12747813141708092
13.42,6710,0.0066010929652546959,0.015000310506281591,0,0.081804567290745228,9.4010339513684991e-05,0.0005446634238144766,7.2014289514414167e-07,2.0982692419620152e-05,2.8029546630805311,1.2112552846058182,-0.18824404655887855,0.048213169408279286,1.7943104269634147,0.43626177196124283,0.12653423544171313,1.7943108351315902,0.436219761673244,0.12645013482913228
13.44,6720,0.0066016377535278621,0.015000297750126139,0,0.082775919489250394,9.2881331618151566e-05,0.00055851154726183896,7.1011843622808866e-07,2.0773209379101241e-05,2.8031914151307822,1.211279627824476,-0.18822301010364323,0.048201960390975969,1.7943190890180181,0.43578000975327541,0.12548279602292312,1.7943199608474547,0.43573853683802427,0.12539969259954498
13.460000000000001,6730,0.0066021779447349742,0.015000282705891405,0,0.083771455976374282,9.1703994293376053e-05,0.0005723570151361057,6.9861701383552109e-07,2.0490567510038361e-05,2.8034272406437171,1.2113039713928131,-0.18820197122300963,0.048190751451772665,1.7943279394032694,0.43528813241163022,0.12440918584379582,1.7943292786231944,0.4352471841418033,0.124327142755985
13.48,6740,0.006602713628525326,0.015000265208079903,0,0.084790976611804431,9.0476728065183357e-05,0.00058615400494658099,6.8552290108726208e-07,2.0738089811501742e-05,2.8036621675865958,1.2113283154776251,-0.18818092974910672,0.048179542482556473,1.7943369727662331,0.43478629900713989,0.12331376096463123,1.7943387853654862,0.4347458667042714,0.12323284136447107
13.5,6750,0.0066032448841984318,0.015000245541022406,0,0.085834262447739174,8.9193857870264014e-05,0.00059989006532664921,6.712222094633209e-07,2.0982692419620152e-05,2.8038962185043439,1.2113526600002607,-0.18815988596789376,0.048168333377186838,1.7943461847394804,0.43427466842477824,0.12219689448496918,1.7943484778283911,0.43423475569297121,0.12211716205828638
13.52,6760,0.0066037717978799136,0.015000223942671722,0,0.086901064243522674,8.7852734319178162e-05,0.00061353245883031908,6.5605676726951152e-07,2.0526110585337575e-05,2.804129417762709,1.211377004894485,-0.18813884011844451,0.048157124101882956,1.7943555723335034,0.43375341201951539,0.12105897765372262,1.7943583526174476,0.43371403010748499,0.12098049556689144
13.540000000000001,6770,0.0066042944615029506,0.015000200609902065,0,0.087991104386770297,8.6452542408085872e-05,0.00062703731329599201,6.4033218093915645e-07,2.0667671646167049e-05,2.8043617912501868,1.2114013501123524,-0.18811779239829846,0.048145914655929656,1.7943651331506651,0.4332227117839752,0.11990041889520318,1.7943684061937633,0.4331838765636214,0.11982324924483614
13.56,6780,0.0066048129713996628,0.015000175721567019,0,0.089104078633403139,8.4993362002937478e-05,0.0006403791825102574,6.2434554480329125e-07,2.0982692419620152e-05,2.804593365860204,1.2114256956132909,-0.18809674298678894,0.048134705051870758,1.7943748648978997,0.43268275864669042,0.1187216430314304,1.7943786348781079,0.43264448907760278,0.1186458466006725
13.58,6790,0.0066053274276589562,0.015000149447370778,0,0.090239657042025884,8.3475801478604116e-05,0.00065356247147853872,6.0839608190978564e-07,2.0738089811501742e-05,2.8048241692563369,1.2114500413591089,-0.18807569205404207,0.048123495307424859,1.7943847651708507,0.43213375165762297,0.11752309069651837,1.794389034855006,0.43209606885025181,0.11744872682586643
13.6,6800,0.0066058379338367074,0.015000121949561466,0,0.091397484624546416,8.1900850348206006e-05,0.00066654519208833563,5.9278646404380154e-07,2.063237243740307e-05,2.8050542297665628,1.2114743873127387,-0.18805463976271003,0.04811228544232115,1.7943948313729945,0.43157589752204312,0.1163052178201039,1.7943996021768296,0.43153882405117883,0.11623234432371049
13.620000000000001,6810,0.0066063445967695766,0.015000093382742347,0,0.092577181947600895,8.0269794717727742e-05,0.0006793163101743451,5.7782054242003334e-07,2.0276000680978352e-05,2.8052835763076951,1.2114987334382492,-0.18803358626778868,0.048101075477111448,1.7944050606951967,0.43100941023191658,0.11506849513186956,1.7944103327678904,0.43097296960296866,0.11499716823823597
13.640000000000001,6820,0.006606847526411266,0.015000063893680155,0,0.093778345743362912,7.8584154401746358e-05,0.00069183486447248611,5.6379947950627956e-07,2.0347774359157065e-05,2.8055122383176605,1.2115230797009979,-0.18801253171642304,0.048089865432761947,1.7944154501215956,0.43043451072995281,0.11381340767414271,1.7944212224285323,0.43039872696536774,0.11374368198312579
13.66,6830,0.0066073468356735937,0.015000033621491901,0,0.095000549537760853,7.6845633651660344e-05,0.00070412364334561839,5.510164853528181e-07,2.013168567464644e-05,2.8057402456846856,1.2115474260677033,-0.18799147624809417,0.048078655330540142,1.7944259964458751,0.42985142659555364,0.11254045431909092,1.7944322668392245,0.42981632391947105,0.11247238277062602
13.68,6840,0.0066078426402711773,0.01500000269813336,0,0.096243344295608352,7.5056083507708081e-05,0.0007161303515530532,5.3974998827183167e-07,2.0490567510038361e-05,2.8059676286874295,1.2115717725064317,-0.18797041999510564,0.048067445191998896,1.7944366962900173,0.4292603917507084,0.1112501472891075,1.7944434615646536,0.42922599435190911,0.11118378114045885
13.700000000000001,6850,0.0066083350585711435,0.014999971249008575,0,0.097504758727284729,7.3217474178951936e-05,0.00072786994954464009,5.3025523931732954e-07,2.0347774359157065e-05,2.8061944179320286,1.211596118986491,-0.18794936308319399,0.048056235038979156,1.7944475461217211,0.42866164618352653,0.10994301167942955,1.7944548020578164,0.42862797803903502,0.10987840048873455
13.720000000000001,6860,0.0066088242114486122,0.014999939393619427,0,0.098782065035603522,7.13318759095742e-05,0.00073928811691954582,5.2275469510706081e-07,2.0454962674260058e-05,2.8064206442985173,1.2116204654783305,-0.18792830563217899,0.048045024893597521,1.7944585422689758,0.42805543568644538,0.10861958498235885,1.7944662836641125,0.42802252043111161,0.10855677659686433
13.74,6870,0.0066093102221480597,0.014999907246151805,0,0.10007747113179263,6.9401446909520548e-05,0.00075041215454302714,5.1742802064553579e-07,2.0347774359157065e-05,2.8066463388883127,1.2116448119534287,-0.18790724775655154,0.048033814778212912,1.7944696809314677,0.42744201160605982,0.10728041661259964,1.7944779016254366,0.42740987243649814,0.1072194571604721
13.76,6880,0.0066098083038580585,0.014999905104442345,0,0.10139154952794324,6.7395170650889078e-05,0.00076771295888107831,5.1939743719177691e-07,2.0203972031729294e-05,2.8068766180485309,1.2116691445959873,-0.18788621993586738,0.04802261773235697,1.794481316942319,0.42682155113747744,0.10592612327072731,1.7944896510842714,0.42679029020583747,0.10586700131830706
13.780000000000001,6890,0.0066103328954206517,0.014999924928639639,0,0.10272364936661227,6.5391996081963396e-05,0.0008066945706305188,5.2651213414641074e-07,2.005913882365416e-05,2.8071164898303271,1.2116934671644906,-0.18786521406680318,0.048011430249752352,1.7944932482727567,0.42619444560462044,0.10455727459463585,1.79450152708778,0.42616403491624327,0.10449997918115606
13.800000000000001,6900,0.0066108836462909128,0.014999899547522823,0,0.10407281265631799,6.3663167941485605e-05,0.00086924388451965545,5.2040376731819707e-07,2.0383566426149207e-05,2.8073660759242971,1.2117178037957728,-0.18784416265120413,0.048000234212458484,1.7945047618463508,0.42556154483544595,0.10317434144983756,1.7945135245918982,0.42553137255548673,0.10311897136075618
13.82,6910,0.0066114544227925233,0.014999878876798755,0,0.10543897616005091,6.1893502466291988e-05,0.00094454688255740877,5.1564347339162783e-07,2.013168567464644e-05,2.8076230431577476,1.2117421412704998,-0.18782311579010719,0.047989037891400702,1.7945163474703976,0.42492239784254354,0.10177800073569204,1.7945256384654282,0.42489257370618366,0.10172456849870656
13.84,6920,0.0066120423327896711,0.014999869588171797,0,0.1068215899848676,6.0033161499589316e-05,0.0010260583338886368,5.1326507636136498e-07,2.005913882365416e-05,2.8078863475676354,1.2117664763084057,-0.18780208021392816,0.047977843727189919,1.7945281455416304,0.42427720448550055,0.10036886419386309,1.7945378634941294,0.42424791332998152,0.10031737079538111
13.859999999999999,6930,0.0066126453569195992,0.014999856045111084,0,0.10821989474079988,5.8171756340371324e-05,0.0011107723104780366,5.0968361600964721e-07,1.9986328642111702e-05,2.8081553416199085,1.2117908129096189,-0.18778104023497788,0.047966649250719216,1.7945400383834444,0.42362644879435862,0.098947511488845785,1.7945501943848123,0.42359767055174652,0.098897987538840784
13.880000000000001,6940,0.0066132608727092236,0.014999859522897195,0,0.10963328985080431,5.6280672204102009e-05,0.0011951074584325189,5.1044012077967749e-07,1.9986328642111702e-05,2.8084290716212883,1.21181514472458,-0.18776001722375085,0.047955456447519203,1.7945521144280441,0.42297036196036009,0.097514574979381957,1.7945626257694314,0.42294212844375029,0.097467036633745729
13.9,6950,0.0066138872259453958,0.014999878161565961,0,0.11106100448794801,5.4445514967077341e-05,0.00127719343967082,5.1684890857810754e-07,1.9766288961818032e-05,2.808706988795632,1.2118394715048098,-0.18773900932912121,0.047944264020733637,1.7945643054470113,0.42230940439727271,0.09607066467787817,1.7945751522091757,0.42228157380985759,0.096025144130268247
13.92,6960,0.0066145228382122221,0.014999909570810299,0,0.11250242109431116,5.2643569763509712e-05,0.0013556785656306208,5.2958961286600912e-07,1.9913252241518953e-05,2.8089885326144235,1.2118637941791244,-0.18771801414400785,0.047933071775034981,1.7945766041221749,0.42164381347066648,0.094616412719072951,1.7945877681985636,0.42161629696971242,0.09457294375300429
13.94,6970,0.006615166411506542,0.014999952972467366,0,0.11395540369434032,5.0926186831220457e-05,0.0014295587564881836,5.5116590640086555e-07,1.9913252241518953e-05,2.8092732550250834,1.2118881125401595,-0.18769703089658879,0.047921878974838586,1.7945889742635155,0.42097396637841816,0.093152452570491262,1.7946004681695344,0.42094659154292574,0.093111076429886336
13.960000000000001,6980,0.0066158167618860795,0.015000004555409003,0,0.11541890551189962,4.9231250154911966e-05,0.0014984269908316446,5.811242332623754e-07,1.9318692315611825e-05,2.8095607148479496,1.2119124281332503,-0.18767605574709684,0.04791068578540969,1.7946014313509309,0.42030002688710211,0.091679436740747577,1.7946132464955411,0.42027275423326205,0.091640189821095522
13.98,6990,0.0066164728833621768,0.015000062635302002,0,0.11689416325789168,4.7546103722339808e-05,0.0015619508270509268,6.1948195423488089e-07,1.9090959104164312e-05,2.8098505430300094,1.2119367415450546,-0.18765508700129521,0.047899492153631824,1.7946139738753151,0.41962226057060792,0.090198020419730254,1.7946260974956421,0.4195950846128268,0.090160937847974493
14,7000,0.0066171338908033147,0.015000127929115403,0,0.11838042586215483,4.5916615444938772e-05,0.0016198792985780506,6.6764343105413342e-07,1.9655345397318433e-05,2.8101424216400415,1.2119610522422248,-0.18763412538670649,0.047888297756793964,1.7946265844304161,0.418941034968422,0.088708861158476884,1.7946390154385956,0.41891388490625286,0.088673980221938828
14.02,7010,0.0066177962021003083,0.015000289880911457,0,0.11987563944224053,4.5521347577283368e-05,0.0016653217727556548,8.0585272466688462e-07,1.9318692315611825e-05,2.8104352596616593,1.2119853240071119,-0.18761326099758352,0.047877097700042281,1.7946390077602359,0.41825848346350558,0.087212557454278763,1.7946519945469503,0.41822945977488812,0.087179981973390192
14.040000000000001,7020,0.0066184634559927104,0.01500040250789564,0,0.1213814072015188,4.4441705980716937e-05,0.0017085343964744295,9.1003664161032663e-07,1.9581033806511645e-05,2.8107299820118978,1.2120096155730147,-0.18759234681286335,0.047865897619027827,1.7946515804554171,0.4175717416921958,0.085709887164244825,1.7946650290011394,0.41754211610098196,0.085679612980628081
14.06,7030,0.0066191340252167484,0.015000472671659699,0,0.12289681434847347,4.2807023712672544e-05,0.001749063204985775,9.7876709406519836e-07,1.9618224787422011e-05,2.8110260817047217,1.2120339242788525,-0.18757138976125756,0.047854693077612032,1.794664025669833,0.41688136359974653,0.08420149927239598,1.794678112943572,0.41685216277187281,0.084173547498763046
14.08,7040,0.0066198076753340102,0.015000535208645771,0,0.12442051389825884,4.1001497204139137e-05,0.0017856867160031963,1.0404101526897548e-06,1.9014441926092368e-05,2.8113234306153729,1.2120582363280052,-0.18755042488239174,0.047843490657921602,1.7946767318267072,0.41618843900500685,0.082688090706235534,1.7946912404827269,0.41615991046417455,0.082662463688627882
14.1,7050,0.006620484021766797,0.015000564836860596,0,0.12595194704371487,3.8927536412113494e-05,0.0018197063193600691,1.0714896781919826e-06,1.9090959104164312e-05,2.8116219207036166,1.2120825611548658,-0.1875294267499634,0.047832286155283663,1.7946894197955534,0.41549303165890422,0.081170328196787114,1.7947044056972437,0.41546567142796414,0.08114704314569092
14.120000000000001,7060,0.00662116066639759,0.015000625121129426,0,0.12748925229606631,3.7805041628122554e-05,0.0018441708391559997,1.1363713524287362e-06,1.924308070525986e-05,2.8119208881474598,1.2121068722177661,-0.18750845943564171,0.047821072165832125,1.7947017333429642,0.41479701231691168,0.079648818883834932,1.7947176026400167,0.41476975927096799,0.079627970428967576
14.140000000000001,7070,0.0066218389073415974,0.015000691574512426,0,0.12903202682296427,3.7237988719260743e-05,0.0018638956150811539,1.2097170335050282e-06,1.9090959104164312e-05,2.8122206416446316,1.2121311792149005,-0.18748749825027378,0.047809854557793095,1.7947140080767814,0.41410017397520066,0.078124300368485028,1.7947308253422869,0.41407248874274966,0.078105932589933799
14.16,7080,0.0066225192576689958,0.015000720832030445,0,0.13058038836549479,3.6283131448041448e-05,0.0018825908307088684,1.2470335638646012e-06,1.9167170820781278e-05,2.8125211979742661,1.2121555005818581,-0.18746649949128155,0.047798636144204154,1.7947263872318469,0.41340158240023872,0.076597516039749194,1.7947440678177349,0.41337417551889616,0.076581618701437176
14.18,7090,0.0066232014599752398,0.015000698801152309,0,0.13213380566810598,3.4704676611059584e-05,0.0019035997299823033,1.2344900884949269e-06,1.9167170820781278e-05,2.812822435992794,1.2121798430827468,-0.18744544896187765,0.047787414612210928,1.7947387839265834,0.41270121374606339,0.075069159184841916,1.7947573240665724,0.41267513598520567,0.07505571938661007
14.200000000000001,7100,0.0066238853873452352,0.015000618700313625,0,0.13369025294236178,3.2894876646077731e-05,0.0019203569098287874,1.1686552667376025e-06,1.924308070525986e-05,2.8131243654577718,1.2122042078567443,-0.1874243398681168,0.047776188873074894,1.7947510087025955,0.41199973340441326,0.073539903250396735,1.7947705880796363,0.41197568702187382,0.07352892634778159
14.220000000000001,7110,0.0066245705610571805,0.015000498833884577,0,0.1352472750840055,3.1042448971521668e-05,0.0019314145096943666,1.0702106044401874e-06,1.9655345397318433e-05,2.8134267737946974,1.2122285876141723,-0.18740319062018165,0.047764962271473921,1.7947632298588332,0.4112977255575031,0.07201045236903364,1.7947838538424805,0.41127614578768135,0.072001931895390447
14.24,7120,0.0066252564132035655,0.01500036223593881,0,0.13680567363128446,2.9149491717601283e-05,0.0019407152022204819,9.6342584179385049e-07,1.9543772052848047e-05,2.8137293871639897,1.2122529746555566,-0.18738202436735199,0.047753737693762711,1.7947756792309357,0.41059562150220302,0.070481515095721856,1.794797115339468,0.41057682950418084,0.07047542847689664
14.26,7130,0.0066259422382247603,0.015000245832663963,0,0.13836531689792714,2.7207779160720551e-05,0.0019521156820496966,8.789465289214509e-07,1.9949823901789886e-05,2.8140318791944723,1.2122773558834903,-0.18736087823363123,0.047742520073297982,1.7947886580995867,0.40989403651590067,0.068953796688161026,1.7948103665578647,0.40987805523988347,0.068950108205694111
14.280000000000001,7140,0.0066266280571129748,0.015000153771364629,0,0.13992526914118961,2.5382698179479449e-05,0.0019635672790828118,8.1698074521788832e-07,1.8937615583927249e-05,2.8143342729060685,1.2123017287675231,-0.1873397564080953,0.047731309769775625,1.7948020658398787,0.40919351012397392,0.067427977179672249,1.7948236014919305,0.40918013969444644,0.067426662390022984
14.300000000000001,7150,0.0066273142382828653,0.015000073184514183,0,0.14148470371627672,2.3969984646045743e-05,0.0019710052051196505,7.6751678101534882e-07,1.924308070525986e-05,2.814636757591054,1.212326097541125,-0.18731864597236098,0.047720103009492851,1.7948155680249498,0.40849444618845793,0.065904721953930434,1.7948368141470137,0.40848339898285996,0.065905781061882523
14.32,7160,0.0066280008969168032,0.01500000372699936,0,0.14304284581978202,2.3073616152501099e-05,0.0019746933599757966,7.2974643433831646e-07,1.9318692315611825e-05,2.814939374199493,1.212350462417257,-0.18729754659018691,0.047708897768596326,1.7948290392362578,0.40779716236679608,0.064384710420394883,1.7948499985436412,0.4077881484196339,0.064388152505942459
14.34,7170,0.0066286882005102254,0.014999942046488938,0,0.14459896482950715,2.2690357580147686e-05,0.0019753698694817958,7.0100706780673901e-07,1.9469034601067135e-05,2.8152421586790726,1.2123748243289527,-0.18727645489844413,0.047697693211842397,1.7948424379174039,0.40710190571608706,0.062868629628438533,1.7948631487216136,0.40709470230298511,0.062874462788455904
14.359999999999999,7180,0.0066293762886597283,0.014999886690904863,0,0.14615232267986245,2.2779239744839463e-05,0.0019735409517851791,6.7967169673403225e-07,1.9913252241518953e-05,2.81554512950142,1.2123991837772219,-0.18725536943827981,0.047686489046708101,1.7948557578181406,0.40640893176593518,0.061357166453293269,1.7948762587440958,0.40640337369902424,0.061365395286171756
14.380000000000001,7190,0.0066300652931738238,0.01499983697608993,0,0.1477021721883896,2.3282180423708727e-05,0.0019695679061322935,6.6445590242173026e-07,1.924308070525986e-05,2.8158483012307354,1.2124235410252369,-0.18723428952154356,0.047675285201952626,1.7948690032908587,0.40571850983708524,0.059851004994749275,1.7948893227017106,0.40571447422594298,0.059861630215246861
14.4,7200,0.006630755344771074,0.014999792478921716,0,0.14924776128568126,2.4134886516310234e-05,0.0019637361801612581,6.5418582076942889e-07,1.9618224787422011e-05,2.8161516888323632,1.2124478962495722,-0.18721321472221375,0.047664081674569085,1.794882179787795,0.40503091866774649,0.058350825463841113,1.7949023347166311,0.40502831383820093,0.058363844160158523
14.42,7210,0.0066314465747610808,0.014999752857382521,0,0.1507883360366159,2.5274673319797431e-05,0.001956284775994454,6.4777514235010085e-07,1.9581033806511645e-05,2.8164553087239566,1.2124722495971807,-0.18719214469580489,0.047652878473810945,1.7948952909707869,0.40434644316703428,0.056857303560760707,1.7949152889466731,0.4043452006107125,0.056872709602616645
14.44,7220,0.0066321391150806937,0.014999717795762974,0,0.15232314273183778,2.6645260060164094e-05,0.0019473837619434671,6.4425167222442513e-07,1.9766288961818032e-05,2.8167591787886619,1.2124966012030762,-0.18717107912435801,0.047641675604970499,1.794908338232768,0.40366537224109256,0.055371110025021875,1.7949281795893877,0.4036654405230341,0.055388894450476192
14.460000000000001,7230,0.0066328330978426943,0.014999686992102879,0,0.15385142954654926,2.8198782461812035e-05,0.001937195659016046,6.4277974764584105e-07,1.9618224787422011e-05,2.8170633180627394,1.2125209511946573,-0.18715001770382456,0.047630473066653467,1.7949213209669859,0.40298799713228484,0.053892910233798448,1.7949410008861537,0.40298933724355113,0.053913061566649392
14.48,7240,0.0066335286548166927,0.014999660157715788,0,0.15537244794875713,2.9895873559963353e-05,0.0019258351683090209,6.4266714348353981e-07,1.9692396034153755e-05,2.8173677463835358,1.2125452996921411,-0.18712896014357738,0.047619270851737255,1.7949342369988517,0.40231461006938263,0.052423363803709787,1.7949537471262711,0.40231719191366494,0.052445868298018561
14.5,7250,0.0066342259169762437,0.014999637019058249,0,0.15688545391859313,3.1704731534715013e-05,0.0019134082695136637,6.4335880726409759e-07,1.9506439120854861e-05,2.8176724840904672,1.2125696468082003,-0.1871079061682806,0.04760806894891003,1.7949470829942662,0.40164550316354281,0.050963124182151445,1.7949664126510525,0.40164930293197981,0.050987966004347837
14.52,7260,0.0066349250141369363,0.014999617319274801,0,0.15838970901387234,3.3599836576549843e-05,0.0018999914864304133,6.4442265069338003e-07,1.9729377092144139e-05,2.8179775517887915,1.2125939926477201,-0.18708685551943077,0.047596867343992329,1.7949598547954491,0.40098096750954965,0.049512838225566118,1.794978991857916,0.40098596573848988,0.049539999587195627
14.540000000000001,7270,0.0066356260746750469,0.014999600818936717,0,0.15988448131195523,3.5560683794735175e-05,0.0018856522142678734,6.4553201062419327e-07,1.939400914049012e-05,2.8182829701761323,1.2126183373077783,-0.18706580795609143,0.047585666020941289,1.794972547680203,0.40032129245392023,0.048073145765794904,1.7949914792044783,0.40032747259876639,0.048102607018827348
14.56,7280,0.0066363292253092425,0.014999587296088067,0,0.16136904625447246,3.7570688102437349e-05,0.0018704475692928929,6.4644783945377627e-07,1.9913252241518953e-05,2.818588759909983,1.2126426808778423,-0.18704476325493061,0.047574464962581983,1.7949851565547439,0.39966676499419784,0.046644679166641168,1.7950038692126469,0.39967411238814465,0.046676418871127612
14.58,7290,0.0066370345909221463,0.014999576545950882,0,0.1628426874171307,3.9616299399076442e-05,0.0018544313436886543,6.4700218393202475e-07,1.9581033806511645e-05,2.818894941522875,1.2126670234398242,-0.18702372120992344,0.047563264151489391,1.7949976760932518,0.39901766927885529,0.045228062872797119,1.7950161564727123,0.39902617037591093,0.045262057844512413
14.6,7300,0.0066377422944332298,0.014999568379844671,0,0.16430469722231084,4.1686312701047802e-05,0.0018376394373748849,6.4708430294589888e-07,2.013168567464644e-05,2.8192015353541509,1.2126913650689304,-0.18700268163125686,0.047552063569853975,1.795010100836866,0.39837428618304671,0.043823912953050874,1.7950283356474415,0.3983839280094893,0.043860138296841322
14.620000000000001,7310,0.0066384524566903309,0.01499956262403877,0,0.16575437760826864,4.377133991881747e-05,0.0018201076515731256,6.4662904799114734e-07,1.9913252241518953e-05,2.8195085615221163,1.2127157058343503,-0.18698164434416933,0.047540863199529736,1.7950224252628142,0.39773689294080761,0.04243283663926465,1.7950404014761692,0.3977476626986291,0.042471265772330222
14.640000000000001,7320,0.0066391651963677665,0.014999559118757989,0,0.16719104066544679,4.5863408380594143e-05,0.001801873048400178,6.4560725458811961e-07,2.0347774359157065e-05,2.8198160398822494,1.212740045799473,-0.18696060918795016,0.047529663022530894,1.7950346438321498,0.39710576281886495,0.041055431862305924,1.7950523487788921,0.39711764759959173,0.041096036530463856
14.66,7330,0.0066398806298827344,0.014999557716964899,0,0.16861355830976099,4.7955655825609989e-05,0.0017829672125862035,6.4401823258224479e-07,2.0276000680978352e-05,2.8201239900143875,1.2127643850224208,-0.18693957601471445,0.047518463021130636,1.7950467510226884,0.3964811648209644,0.039692286785817245,1.79506417246036,0.39649415139933741,0.039735037074907276
14.68,7340,0.0066405988713197119,0.014999558283155018,0,0.17002060193420754,5.0042097869091066e-05,0.0017634103047450876,6.4188389911939383e-07,2.013168567464644e-05,2.8204324312114712,1.2127887235565591,-0.18691854468818786,0.047507263177902173,1.7950587413518362,0.39586336341438677,0.038343979338493366,1.7950758675141691,0.39587743809971254,0.038388843682418863
14.700000000000001,7350,0.0066413198641505512,0.014999566557147645,0,0.17141172932321552,5.2053685624142317e-05,0.0017404811857521531,6.3596425178446797e-07,2.005913882365416e-05,2.8207412871475115,1.2128130596306756,-0.18689752096564527,0.047496066260127756,1.7950707594393538,0.39525261892022845,0.037011093766142582,1.7950874290268546,0.3952677668016365,0.03705802193176258
14.720000000000001,7360,0.0066420436585495042,0.014999582296127967,0,0.17278715657942917,5.4011812528156562e-05,0.0017153287842442996,6.2685325240912869e-07,2.0454962674260058e-05,2.8210505633910978,1.2128373933742014,-0.18687650460320943,0.047484871922892413,1.7950827682381862,0.39464917851648423,0.035694180117786356,1.7950988521819828,0.39466539148928892,0.03574312623262052
14.74,7370,0.0066427704491031601,0.014999600083615908,0,0.17414637298466398,5.5974945849129599e-05,0.0016905179572826667,6.1780129705038203e-07,1.9839906680179331e-05,2.8213603460980936,1.2128617264924755,-0.18685549016708486,0.047473677615408175,1.7950946134600196,0.39405329258887811,0.034393766362552876,1.7951101322642442,0.39407056081429631,0.034444699354504643
14.76,7380,0.0066435003761397427,0.014999618071027154,0,0.17548875843215725,5.7943225645995857e-05,0.0016659143278497902,6.0966613339678754e-07,2.0454962674260058e-05,2.8216706747695999,1.2128860595481199,-0.1868344758022126,0.047462482753816947,1.7951062590495643,0.39346521286969927,0.033110383624743313,1.7951212646635455,0.39348351787991925,0.033163271955669496
14.780000000000001,7390,0.006644233552635952,0.014999635747526592,0,0.17681370909139521,5.9906122924827142e-05,0.0016413420309079221,6.026163345434301e-07,2.0490567510038361e-05,2.8219815708043794,1.2129103926980669,-0.18681346099585877,0.047451287221939094,1.7951177048334721,0.39288517967401376,0.031844552854910294,1.7951322448791027,0.39290450002523969,0.031899362112024862
14.800000000000001,7400,0.0066449700785421234,0.01499965308514699,0,0.17812063756956578,6.1853314102325156e-05,0.0016166870742637485,5.9661391517884519e-07,2.0738089811501742e-05,2.822293049446436,1.2129347259534187,-0.18679244571983614,0.04744009105338412,1.7951289582036445,0.3923134246800693,0.030596782028024821,1.7951430685235339,0.39233373860934739,0.030653474846047427
14.82,7410,0.0066457100477839114,0.014999670185621443,0,0.17940897223756874,6.3776422679094288e-05,0.0015918751014032371,5.9158594297964539e-07,2.0347774359157065e-05,2.8226051244626005,1.2129590592857185,-0.18677143007614125,0.047428894315667422,1.7951400258448384,0.39175017284623914,0.029367565340361269,1.7951537313269508,0.39177145879552738,0.029426101655693801
14.84,7420,0.0066464535507970253,0.014999687160325067,0,0.18067815730669376,6.5668834169234022e-05,0.0015668726015397726,5.8747237447719977e-07,2.063237243740307e-05,2.8229178095770906,1.2129833926632232,-0.18675041417646948,0.047417697073127749,1.7951509120460747,0.39119564286920683,0.028157382738668524,1.7951642291410521,0.39121787933544672,0.028217720043312258
14.859999999999999,7430,0.0066472006751852981,0.014999704100313288,0,0.18192765325806873,6.7525249732568068e-05,0.0015416513920798324,5.842324155262943e-07,2.0667671646167049e-05,2.8232311187281738,1.213007726060096,-0.18672939811213754,0.04740649937919978,1.7951616188515909,0.39065004706655321,0.026966699496200137,1.7951745579432161,0.39067321235334174,0.027028793044555535
14.880000000000001,7440,0.0066479515057710093,0.014999721074225361,0,0.18315693736486063,6.9341307295159681e-05,0.0015161923857491312,5.8184072279344001e-07,2.0383566426149207e-05,2.8235450660008863,1.2130320594571522,-0.18670838195196809,0.047395301277118058,1.7951721465704449,0.3901135911168192,0.025795965788788375,1.7951847138405932,0.3901376631302047,0.0258597687572929
14.9,7450,0.0066487061064473846,0.014999737578730372,0,0.18436550997097786,7.1110602023857417e-05,0.0014905039373429257,5.8013842698520108e-07,2.0347774359157065e-05,2.8238596560208458,1.2130563931418341,-0.18668736518758203,0.047384102791257557,1.7951825071716794,0.38958645772799844,0.024645622917291925,1.795194693074198,0.38961142988797132,0.02471107987052297
14.92,7460,0.0066494645319103611,0.014999754073154023,0,0.18555288129144801,7.2831110295904308e-05,0.0014645475950185085,5.7909811693353654e-07,2.0982692419620152e-05,2.8241748962335631,1.2130807269279293,-0.18666634828106096,0.047372904027839093,1.7951926971802643,0.38906884508410655,0.023516086569247873,1.7952044920230024,0.38909470357370723,0.02358314319328525
14.94,7470,0.0066502268538142463,0.014999771064841225,0,0.1867185766335118,7.4502574685759144e-05,0.0014383103756489665,5.7886636996762392e-07,2.0773209379101241e-05,2.8244908033595033,1.2131050605451443,-0.18664533174428258,0.047361705015436975,1.7952027014683345,0.38856095278029035,0.022407752632830596,1.7952141072080277,0.38858766764379526,0.022476359183573019
14.960000000000001,7480,0.0066509931498552463,0.014999788340197065,0,0.18786214570664039,7.6122503440930722e-05,0.0014118019188946839,5.7947517190818539e-07,2.0561592220437957e-05,2.824807393610528,1.2131293940659036,-0.18662431536266538,0.047350505704560973,1.7952125137422923,0.38806295706980043,0.021321006795492228,1.7952235352964381,0.3880904978481225,0.021391111477245595
14.98,7490,0.0066517634912894507,0.014999805811346687,0,0.18898315817550307,7.7688083243088386e-05,0.0013850519118154879,5.8092534990758624e-07,2.0913097891518843e-05,2.8251246807976576,1.2131537275242117,-0.18660329904780354,0.047339306088007488,1.7952221310617476,0.38757502501016855,0.02025621783639173,1.7952327731056319,0.38760336201426737,0.020327766416941256
15,7500,0.0066525379447363378,0.014999823455796054,0,0.19008120350746416,7.9196605068220942e-05,0.0013580713076837374,5.83210650400687e-07,2.0878213633885978e-05,2.8254426777674531,1.2131780609315421,-0.18658228277697983,0.047328106175877224,1.7952315512979655,0.38709731597597036,0.019213736508097049,1.7952418176073357,0.38712641983168605,0.019286672580987818
15.02,7510,0.0066533165729982437,0.014999841267821858,0,0.19115589148329734,8.0645521452981934e-05,0.0013308866122784186,5.8632284059321916e-07,2.0878213633885978e-05,2.8257613968839261,1.213202394293172,-0.18656126654433897,0.0473169059812013,1.795240772308224,0.38662998135189891,0.018193895151479955,1.7952506659316951,0.38665982263590037,0.018268160312317178
15.040000000000001,7520,0.0066540993031275961,0.01499986186149508,0,0.19220686795930639,8.2036407935700016e-05,0.0013049471449884124,5.9046785728774109e-07,2.1155677147440178e-05,2.826080790037079,1.2132267271237158,-0.18654025296585675,0.047305706189199506,1.7952498430459674,0.38617314375617534,0.017197004787107031,1.7952593153713692,0.38620371319268421,0.017272541247376261
15.06,7530,0.006654886148002111,0.014999884784401677,0,0.19323377913352627,8.3365830824447623e-05,0.0012795717298061506,5.9588743439263273e-07,2.1052056881276945e-05,2.8264008585233165,1.2132510594607973,-0.18651924158994909,0.047294506749041045,1.7952587468683368,0.38572694520987888,0.016223360801282762,1.7952677633856216,0.38575822548225069,0.016300107845039824
15.08,7540,0.0066556772173007482,0.014999907534292756,0,0.19423628410156429,8.4628042928942699e-05,0.0012534519545041921,6.0238890532087634e-07,2.1293053117836167e-05,2.8267216485419864,1.213275391799435,-0.18649822991161646,0.047283307031809871,1.7952674287815578,0.38529153151196927,0.015273239930840555,1.7952760076044139,0.38532348448343906,0.015351132915522342
15.1,7550,0.0066564725700655547,0.01499992958534851,0,0.19521407900916304,8.5821278519359232e-05,0.0012267137879716148,6.0976294616795024e-07,2.1190104635059971e-05,2.8270431768863933,1.2132997243129569,-0.18647721740273043,0.047272106871759485,1.7952758780513278,0.38486701990389233,0.014346896190112136,1.7952840458324977,0.38489960595790207,0.01442586914929142
15.120000000000001,7560,0.0066572722510483658,0.01499995087858058,0,0.19616688463280393,8.6943501569758922e-05,0.001199535262016916,6.1785962151961099e-07,2.1052056881276945e-05,2.8273654530757479,1.2133240570342494,-0.18645620400363191,0.047260906250688212,1.7952840958992504,0.38445351545364681,0.013444563163167141,1.7952918760535077,0.38448669623429266,0.013524548645979184
15.140000000000001,7570,0.0066580762983671172,0.014999971477360511,0,0.1970944449166287,8.7992473694070318e-05,0.0011720120004802066,6.2657155232051133e-07,2.1531352099333316e-05,2.8276884847108748,1.2133483899530206,-0.1864351897776555,0.047249705192464832,1.7952920852377181,0.38405111381113305,0.012566453556504549,1.7952994964340543,0.38408485199245068,0.012647382443294414
15.16,7580,0.0066588847455934432,0.014999991459122836,0,0.19799652741179413,8.8965986918598358e-05,0.0011442420800276574,6.358147535983002e-07,2.1017403266208992e-05,2.8280122788410029,1.2133727230520563,-0.18641417480233577,0.047238503726000344,1.7952998482353328,0.38365990125189647,0.01171275858389721,1.7953069053278154,0.38369416004759072,0.011794560045935931
15.18,7590,0.0066596976221611091,0.015000010888521499,0,0.19887292388882852,8.9861915996006976e-05,0.0011162848002806878,6.4551806745227822e-07,2.1361409804484527e-05,2.8283368421733521,1.2133970563169352,-0.18639315914241344,0.047227301875936205,1.7953073861157467,0.38327995434871781,0.01088364744509074,1.7953141012796296,0.3833146971344884,0.010966248954504293
15.200000000000001,7600,0.0066605149532916316,0.015000029815282036,0,0.19972345091184376,9.0678201859614962e-05,0.001088202085127914,6.5561842717001068e-07,2.1293053117836167e-05,2.8286621809918739,1.2134213897372532,-0.18637214284766174,0.047216099662024877,1.7953146994059404,0.38291133964836227,0.010079266848999995,1.7953210830295889,0.38294652969166781,0.010162594194414093
15.220000000000001,7610,0.0066613367598228656,0.015000048277044532,0,0.20054795038169979,9.1412827582691732e-05,0.0010600582317410602,6.6605869148676319e-07,2.1190104635059971e-05,2.8289883010451202,1.2134457233059424,-0.18635112595573106,0.047204897100222375,1.7953217881882295,0.3825541133818392,0.0092997405469241873,1.795327849517131,0.38258971364558814,0.0093837178448065162
15.24,7620,0.0066621630580403777,0.015000066302031465,0,0.20134629006301544,9.2063801198172601e-05,0.0010318998056262614,6.7678637574310777e-07,2.1155677147440178e-05,2.8293152074429604,1.2134700570185155,-0.18633010849482301,0.047193694203661658,1.7953286522887937,0.38220832119697606,0.0085451688657904607,1.7953343998851314,0.38224429419483114,0.0086297185674618082
15.26,7630,0.0066629938595247984,0.015000083910894317,0,0.20211836410166345,9.2629145199683884e-05,0.0010037662480291416,6.8775270483003825e-07,2.1429548445808714e-05,2.8296429045734568,1.2134943908725435,-0.18630909048554661,0.047182490983291872,1.7953352914139062,0.38187399790491511,0.0078156282400287901,1.7953407334839973,0.38191030559428757,0.0079006711357108017
15.280000000000001,7640,0.0066638291710101353,0.015000101117980634,0,0.20286409353542886,9.3106890405975513e-05,0.00097569407689260669,6.9891187643534241e-07,2.1121193543184415e-05,2.8299713960311479,1.2135187248672656,-0.18628807194218644,0.047171287448294907,1.7953417052501075,0.38155116723612797,0.007111170742450045,1.7953468498757585,0.38158777093934476,0.0071966259633484686
15.300000000000001,7650,0.0066646689942477556,0.015000117932309105,0,0.2035834267992086,9.3495072437866156e-05,0.00094772720484211895,7.1022047623461219e-07,2.1531352099333316e-05,2.8303006845546435,1.2135430590033134,-0.18626705287368173,0.047160083606388771,1.7953478935391305,0.38123984160348978,0.0064318236145085835,1.7953527488381615,0.38127670195007346,0.0065176086335457795
15.32,7660,0.0066655133258732751,0.015000134358344163,0,0.20427634022571481,9.3791729757979492e-05,0.00091989266923996255,7.2163702244651939e-07,2.1666346224911465e-05,2.8306307719647945,1.2135673932824902,-0.18624603328440481,0.04714887946406715,1.7953538561342939,0.38094002187075271,0.0057775887961596627,1.7953584303687611,0.38097709875541452,0.0058636194277614795
15.34,7670,0.006666362157275077,0.015000150396677217,0,0.20494283854241152,9.3994902605611992e-05,0.00089222409762617163,7.3312164340752605e-07,2.1497471115166028e-05,2.8309616591116549,1.2135917277075756,-0.18622501317484352,0.04713767502680194,1.7953595930430304,0.38065169712515534,0.0051484424554711101,1.7953638946890129,0.38068894967736616,0.0052346328546548915
15.359999999999999,7680,0.0066672153297020233,0.015000165966292812,0,0.20558295238286348,9.4099818263463289e-05,0.00086449293121079046,7.4438219673441539e-07,2.1463536648682345e-05,2.8312932937434283,1.2136160624556964,-0.18620399245964356,0.047126470492151545,1.7953651138225935,0.38037484760578416,0.0045443357838931076,1.7953691422483673,0.3804122310151713,0.0046305971789988853
15.380000000000001,7690,0.0066680727184174997,0.015000181016467658,0,0.20619674653969125,9.4106372736262777e-05,0.00083676699511382366,7.5542484063756467e-07,2.1598954627055457e-05,2.8316256390220511,1.2136403974986278,-0.18618297108920892,0.047115265773072054,1.7953704143793563,0.38010943668300284,0.0039651908940249317,1.7953741737283599,0.38014690682950381,0.0040514339505909047
15.4,7700,0.0066689343063379078,0.015000195484894301,0,0.20678431660521809,9.401532359574555e-05,0.00080928374830151477,7.6635333900800702e-07,2.1565179853261896e-05,2.8319586975475421,1.213664732728045,-0.18616194900411209,0.047104060670426107,1.7953754848464316,0.379855414106061,0.0034109024771008245,1.7953789900467059,0.37989292872665636,0.0034970375331664916
15.42,7710,0.0066698000667723741,0.015000209324901117,0,0.20734578535087864,9.3824272818337801e-05,0.00078210139792327462,7.7709558008434119e-07,2.1699963539503996e-05,2.8322924672063756,1.2136890681635992,-0.18614092615720929,0.047092855184440632,1.7953803260951899,0.37961272001617447,0.002881339172415392,1.7953835923613914,0.37965023564272682,0.002967274633311201
15.44,7720,0.0066706699641499324,0.015000222551278438,0,0.20788130645772585,9.353080266529009e-05,0.00075524085159043121,7.8761946591914253e-07,2.206637408534863e-05,2.8326269431852711,1.2137134038071691,-0.18611990256306626,0.047081649336183737,1.7953849409988267,0.37938128153864331,0.0023763415183442301,1.7953879820747674,0.37941875362780514,0.0024619838293720442
15.460000000000001,7730,0.0066715439560780425,0.015000235194117886,0,0.20839106512771799,9.313268998693246e-05,0.00072873169269914895,7.9791097266310568e-07,2.1632676668865267e-05,2.8329621191323167,1.2137377396536697,-0.18609887825172453,0.04707044314645685,1.7953893324870609,0.37916101251381157,0.001895721355650071,1.7953921608376402,0.37919839563016156,0.0019809751003723175
15.48,7740,0.0066724219939926031,0.015000247281716917,0,0.20887527844641235,9.2627815841647202e-05,0.00070257738340497153,8.0796081507109379e-07,2.1900583802360337e-05,2.8332979874496713,1.213762075697616,-0.18607785325147758,0.047059236633003404,1.7953935033464472,0.37895181341842771,0.0014392613961889873,1.7953961305533666,0.37898906128043175,0.001524029354920603
15.5,7750,0.0066732529058670196,0.015000252450258924,0,0.2093342736961406,9.2088214400832811e-05,0.00066516802886746294,8.1267330028086659e-07,2.1933842111273517e-05,2.8336167540925477,1.2137864130373726,-0.18605682106233229,0.047048031548742993,1.7953976271873047,0.37875353075807244,0.0010066468208895466,1.7953998933819444,0.37879063667580543,0.001090897960125653
15.52,7760,0.0066740520789640625,0.01500026540195013,0,0.20976838296871017,9.1559664485957884e-05,0.00061019674956501587,8.2337515182517769e-07,2.1800504449438904e-05,2.833923714778412,1.2138107487955501,-0.18603579666891717,0.047036825460854345,1.7954018616209959,0.37856600749071029,0.00059756082525860702,1.7954034517441062,0.37860299416421267,0.00068130227050827719
15.540000000000001,7770,0.0066748586711931962,0.015000283294399541,0,0.21017775993485283,9.0886887277178159e-05,0.00056129497655526119,8.3791729708143207e-07,2.2000207897163392e-05,2.8342325871182923,1.2138350833490157,-0.18601477714711118,0.047025619373011342,1.7954058495443339,0.37838918578438624,0.00021183803040101444,1.7954068083254109,0.37842599212851086,0.00029493315691250799
15.56,7780,0.0066756700709979999,0.01500029910679671,0,0.21056273158426542,9.0047889082443098e-05,0.00052044349587013997,8.5098714735324815e-07,2.1598954627055457e-05,2.8345425112419562,1.2138594182873295,-0.18599375536517496,0.047014413635309192,1.7954095027048573,0.37822292974722749,-0.00015084690605206356,1.7954099660803373,0.37825947477067212,-6.8549464580291986e-05
15.58,7790,0.0066764855681183269,0.015000312278804794,0,0.21092370057590248,8.9058848799451813e-05,0.00048489232221016963,8.6217323607704536e-07,2.183391520383078e-05,2.8348532469002268,1.2138837538734153,-0.18597273077160237,0.047003207775887977,1.795412850702272,0.37806706243641397,-0.0004908826220925784,1.7954129282363762,0.37810327189596971,-0.0004095171037409584
15.6,7800,0.0066773049529994842,0.01500032373073756,0,0.21126109745515836,8.7928911425825317e-05,0.00045322274662896322,8.7216843831282658e-07,2.2165253030559974e-05,2.8351647255117114,1.2139080899704933,-0.1859517043108341,0.046992001528122739,1.7954159271513515,0.37792139277285408,-0.00080868117979865915,1.7954156982981231,0.37795719869716565,-0.00072837316727858425
15.620000000000001,7810,0.0066780975361323876,0.01500032649426996,0,0.21157540897481961,8.6692564729628826e-05,0.00041941581492004119,8.7546612266156794e-07,2.1632676668865267e-05,2.8354663444538581,1.213932428352213,-0.18593066893050086,0.046980794737328184,1.7954187615070345,0.37778571367559138,-0.0011047135315714861,1.7954182800513705,0.37782105553869733,-0.0010255534299290214
15.640000000000001,7820,0.0066788724205810333,0.015000333968652805,0,0.21186716294047572,8.5383082791473905e-05,0.00038018531839802686,8.8259202719240757e-07,2.2132342465963256e-05,2.8357612055768975,1.2139567658755037,-0.18590963822493956,0.046969586994006302,1.795421536922875,0.37765977619794527,-0.0013794681650770664,1.7954206775672008,0.37769462774086449,-0.0013015265055428271
15.66,7830,0.0066796530092524987,0.015000347119439041,0,0.21213681918548766,8.3929823205408682e-05,0.00034585315558491596,8.9411509481605881e-07,2.2099382890764463e-05,2.8360574573892401,1.2139811018743143,-0.18588861311813021,0.046958379854411411,1.7954241509078412,0.37754337560904166,-0.0016333807343954718,1.7954228952060789,0.37757768536401654,-0.0015567943181721
15.68,7840,0.0066804377324399629,0.015000359085059017,0,0.21238492339290657,8.2317546674615967e-05,0.00031685011248143034,9.0473028389174617e-07,2.1900583802360337e-05,2.8363546070310104,1.2140054381392682,-0.18586758666862613,0.046947172845605144,1.7954265089125112,0.37743628708411742,-0.0018669811560355783,1.795424937621944,0.37746998299273965,-0.0017918925731577329
15.700000000000001,7850,0.0066812261022829878,0.015000369210485118,0,0.21261208337490131,8.0553946146981508e-05,0.00029173334304272711,9.1394961725319089e-07,2.2361699290911531e-05,2.8366525014893567,1.21402977492381,-0.1858465582245141,0.04693596560233268,1.7954286207572903,0.37733824824544493,-0.0020808481155807123,1.7954268097663038,0.37737125952004325,-0.0020073912282188577
15.720000000000001,7860,0.00668201794256404,0.015000380829007625,0,0.21281895003534843,7.8650167102877042e-05,0.0002696222041208202,9.2447789635660751e-07,2.2132342465963256e-05,2.8369510790101686,1.2140541111145702,-0.18582553114812683,0.046924758640471763,1.7954305532593209,0.37724896685482334,-0.002275590707801005,1.795428516892325,0.37728123793154711,-0.0022038949645392381
15.74,7870,0.0066828131901937619,0.015000393801091569,0,0.21300619893718423,7.6606573700908778e-05,0.00024995016375430328,9.361914502263246e-07,2.2296409518597789e-05,2.8372503356974326,1.2140784468559571,-0.18580450530362014,0.046913551826931056,1.7954323137803423,0.37716815140453641,-0.0024518499274967481,1.7954300645589276,0.3771996250896692,-0.0023820436578543824
15.76,7880,0.0066836117649850041,0.015000405702593405,0,0.21317453769436401,7.4417892247455298e-05,0.00023231430361932555,9.4710557726180095e-07,2.2524095754713237e-05,2.8375502735000362,1.2141027830589217,-0.18578347825504532,0.046902344537009658,1.7954338733465631,0.3770955029621314,-0.0026103015519421831,1.795431458634877,0.37712611151781134,-0.0025425128495411564
15.780000000000001,7890,0.0066844135321394689,0.01500041616568458,0,0.21332471914563444,7.2083648215973432e-05,0.00021641098968854051,9.5691541561811193e-07,2.1800504449438904e-05,2.8378508663023081,1.2141271198348176,-0.18576244963275484,0.046891136666937998,1.7954352378576537,0.37703069587037719,-0.0027516572998627317,1.7954327053028756,0.37706037118454716,-0.0026860142177037305
15.800000000000001,7900,0.0066852183368711314,0.015000425179405008,0,0.21345753619058422,6.9603976945735129e-05,0.00020196755038463584,9.6559059522469412e-07,2.2361699290911531e-05,2.8381520797437338,1.2141514571773178,-0.18574141942494812,0.046879928235376393,1.7954364217183829,0.37697338599724767,-0.0028766650138491983,1.7954338110636567,0.37700206128780939,-0.0028132960482606384
15.82,7910,0.0066860260108699762,0.015000432813685176,0,0.21357382114733722,6.697873633030304e-05,0.00018878246246214171,9.7316585679901452e-07,2.1666346224911465e-05,2.8384538755494675,1.214175795056629,-0.18572038770097318,0.046868719290443894,1.7954374397430402,0.37692321242335003,-0.0029861092748031197,1.7954347827400767,0.37695082203907548,-0.0029251437060355823
15.84,7920,0.0066868363749906156,0.015000439145061458,0,0.21367444612747613,6.420740175726342e-05,0.0001767043334230208,9.7968569515532467e-07,2.183391520383078e-05,2.8387562129140926,1.2142001334425583,-0.18569935453693939,0.046857509880287071,1.7954383054275047,0.37687979749438805,-0.0030808119814159061,1.7954356274812069,0.37690627644755614,-0.0030223801058412991
15.860000000000001,7930,0.0066876492404560521,0.015000444240005847,0,0.2137603235870317,6.128911944590571e-05,0.00016564088892918061,9.8519109005858988e-07,2.2132342465963256e-05,2.8390590489272434,1.2142244723093729,-0.18567831999901488,0.046846300046315362,1.7954390309918535,0.37684274654121808,-0.0031616328824570473,1.7954363527664272,0.37686803010438141,-0.0031058661835697554
15.880000000000001,7940,0.0066884644093727621,0.015000448154380881,0,0.21383240688353308,5.8222778136473821e-05,0.00015536803822876886,9.897182132319546e-07,2.2329078268013787e-05,2.8393623386718527,1.2142488116356989,-0.18565728414285435,0.046835089823391914,1.7954396277474254,0.37681164756489866,-0.0032294700876346416,1.7954369664095182,0.37683567096678805,-0.0031765013672788167
15.9,7950,0.0066892816749341295,0.015000450935604471,0,0.21389169081435921,5.50070721089232e-05,0.000146022751482865,9.9329933773624158e-07,2.1900583802360337e-05,2.8396660352309491,1.2142731514036071,-0.18563624701573506,0.046823879241315786,1.7954401064317924,0.37678607094001165,-0.0032852605687776681,1.7954374765627532,0.37680876914230604,-0.003235224048280777
15.92,7960,0.0066901008214765812,0.015000452624423205,0,0.21393921213777906,5.1640552859853947e-05,0.00013733818902419726,9.9596362799806841e-07,2.2000207897163392e-05,2.8399700896533662,1.2142974915978875,-0.18561520865830705,0.046812668326100759,1.7954404774618802,0.37676556913873716,-0.0033299806548217842,1.7954378917209917,0.3767868766729468,-0.0032830120522277795
15.94,7970,0.0066909216244597268,0.015000453256015785,0,0.21397605008110412,4.8121671622201202e-05,0.00012943613956990007,9.9773758162411468e-07,2.2556434745889217e-05,2.8402744509097273,1.2143218322055565,-0.18559416910567711,0.046801457100865321,1.7954407511191834,0.37674967647076113,-0.0033646465218341404,1.7954382207257717,0.37676952731938879,-0.0033208831102022884
15.960000000000001,7980,0.0066917438504045515,0.015000452860741979,0,0.21400332683960191,4.444881577589677e-05,0.00012218213826667418,9.9864532009544423e-07,2.262097403300073e-05,2.8405790658504988,1.214346173215519,-0.18557312838814588,0.046790245586438781,1.7954409376853033,0.3767379088348089,-0.0033903146788535651,1.7954384727694017,0.37675623634516503,-0.0033498953298035927
15.98,7990,0.0066925672973112233,0.015000453157038775,0,0.21402221488879941,4.0625997106685899e-05,0.00011559729441631012,1.0003856153607342e-06,2.2132342465963256e-05,2.8408838890343806,1.2143705136864018,-0.18555208824037134,0.04677903407331941,1.79544106025826,0.37672975423807714,-0.0034080836553245491,1.7954386573990542,0.37674650030085099,-0.0033711476662336426
16,8000,0.0066933917924003623,0.015000453371884851,0,0.21403391966273891,3.6648206186075895e-05,0.00010977550494581887,1.0021762552610522e-06,2.2459278078588273e-05,2.8411888936218559,1.2143948540561471,-0.18553104788140332,0.046767822455997143,1.795441121867233,0.37672469652361412,-0.0034190911909246441,1.7954387845208573,0.37673979680824993,-0.0033857803933884933
16.02,8010,0.0066942171166173691,0.015000451608755391,0,0.21403968756630362,3.2507313269500353e-05,0.00010457943059352205,1.0021897653975576e-06,2.2198114802541581e-05,2.8414940406805509,1.2144191953139094,-0.18551000539765961,0.046756610405586312,1.7954411152772447,0.37672220545525575,-0.0034245164670417619,1.7954388644039883,0.37673558434458115,-0.0033949755749427823
16.039999999999999,8020,0.0066950430026702697,0.01500044763564594,0,0.21404081774335151,2.8201654265802366e-05,9.9829471051748235e-05,1.0002707908788565e-06,2.1933842111273517e-05,2.8417992702039871,1.2144435375139642,-0.18548896055643999,0.046745397855897174,1.7954410476594875,0.37672172098243789,-0.0034255823910691249,1.7954389076847652,0.37673330202666672,-0.0033999575354385914
16.059999999999999,8030,0.0066958691696465339,0.015000441462302344,0,0.21403865557121363,2.3730624869194092e-05,9.5828247781899983e-05,9.9646305975550198e-07,2.206637408534863e-05,2.8421045169305943,1.2144678806314875,-0.18546791336791357,0.046734184808495255,1.7954409317750704,0.37672266215825884,-0.0034235545570084486,1.7954389253707406,0.37673236939511834,-0.0034019933313730322
16.080000000000002,8040,0.0066966953260515346,0.015000433165520457,0,0.21403459216483997,1.909413055569237e-05,9.2262874380965803e-05,9.9086104769285935e-07,2.206637408534863e-05,2.8424097125173367,1.2144922246290137,-0.18544686390937073,0.046722971289538673,1.7954407820196228,0.37672442837208242,-0.0034197416427795089,1.7954389288447925,0.37673218619852433,-0.0034023932222858877
16.100000000000001,8050,0.0066975213096946099,0.015000420223808958,0,0.2140300590784287,1.4332405337250399e-05,8.9479388455376957e-05,9.8150562210774016e-07,2.2263692832568247e-05,2.8427148480445501,1.2145165703847314,-0.18542580964659572,0.046711756627765312,1.7954405690782866,0.3767264088471281,-0.0034154964228118668,1.7954389064244689,0.37673228361529082,-0.0034025295217145366
16.120000000000001,8060,0.0066983470133543934,0.015000404488911571,0,0.21402633864184564,9.8350875955765051e-06,8.7243803232045091e-05,9.6987884709383966e-07,2.2099382890764463e-05,2.8430199712126769,1.2145409174957831,-0.18540475243788912,0.046700541035224218,1.7954402880176392,0.37672833151034141,-0.0034122582861565139,1.7954386719375321,0.37673331143575434,-0.0034039325684107661
16.140000000000001,8070,0.0066991725467383419,0.015000399194380421,0,0.21402414296561359,6.7131302970125575e-06,8.5650136453113397e-05,9.6667352113457551e-07,2.2329078268013787e-05,2.8433253333846853,1.2145652612455868,-0.18538370559271561,0.046689327124080533,1.7954399226185327,0.37673099008929567,-0.0034116085153495161,1.7954379667843177,0.37673640231541433,-0.0034081518349551973
16.16,8080,0.0066999983610360912,0.015000415593912554,0,0.21402380151787756,7.5397342345101183e-06,8.494940521531252e-05,9.8078482837131131e-07,2.2000207897163392e-05,2.8436314103543929,1.214589597556496,-0.18536268042762122,0.046678117478751148,1.7954393162119393,0.37673580622828517,-0.0034151512825583942,1.7954365417606402,0.37674264858446582,-0.0034166784283316772
16.18,8090,0.0067008252185870735,0.015000444750623254,0,0.21402559092223061,1.1724850055510901e-05,8.47518182237986e-05,1.0043608183034953e-06,2.2033315828455735e-05,2.8439388448867291,1.2146139296590526,-0.18534166793556017,0.046666913007303662,1.7954380456228258,0.37674418023046979,-0.0034244040902166829,1.795434157354262,0.37675310009064106,-0.0034309454639963382
16.199999999999999,8100,0.0067016538729989319,0.015000472085612187,0,0.21402981089439932,1.6951453711828993e-05,8.5172212471352026e-05,1.026048452178405e-06,2.2033315828455735e-05,2.8442482860108482,1.2146382625369263,-0.18532065346087506,0.046655710313144493,1.7954355812299407,0.37675738149878069,-0.0034408050252422578,1.7954305836213835,0.37676876474058957,-0.00345232880489885
16.219999999999999,8110,0.0067024847923942378,0.015000498056265401,0,0.21403681392680407,2.2482013766425024e-05,8.6226911565621839e-05,1.0469054754561992e-06,2.2394272795856101e-05,2.8445601934701314,1.2146625959464059,-0.18529963747833675,0.046644507457713216,1.7954316593024764,0.37677650952962494,-0.0034657182438062096,1.7954256000631321,0.37679060904125788,-0.0034821478005036665
16.240000000000002,8120,0.0067033184645484516,0.015000519634158086,0,0.21404694101380564,2.8057702925841062e-05,8.7884790128912765e-05,1.0645133561008222e-06,2.2000207897163392e-05,2.8448750245518224,1.2146869307998278,-0.18527861694880943,0.046633303334635369,1.7954260076221493,0.37680260254002879,-0.0035004397332488706,1.7954189955020521,0.37681955864126909,-0.0035216660258112834
16.260000000000002,8130,0.006704155291430829,0.015000537380811632,0,0.21406053600902272,3.3579640491521214e-05,9.0274199682959915e-05,1.0791756467690195e-06,2.2230927998283902e-05,2.8451931700072506,1.2147112669140729,-0.18525759243669424,0.046622098119392233,1.7954184443521797,0.37683661976671912,-0.003546200403187432,1.7954105679585948,0.37685649887230305,-0.0035720920203794579
16.280000000000001,8140,0.0067049956080080172,0.015000556548858254,0,0.21407794676803915,3.9020655459711974e-05,9.3323356870491289e-05,1.0951724512534998e-06,2.2230927998283902e-05,2.8455149620289752,1.2147356025966531,-0.18523656921923159,0.046610893234302023,1.7954088742471497,0.37687944461547118,-0.0036041692687343268,1.7954001245276068,0.3769022752904761,-0.0036345800273444983
16.300000000000001,8150,0.0067058398768828041,0.015000571170970948,0,0.21409948978772661,4.4300016475483588e-05,9.7000109273390954e-05,1.1075053987223686e-06,2.1967050066869309e-05,2.8458408233100472,1.2147599397592206,-0.18521554130163986,0.046599687071054524,1.7953970023979893,0.37693194892187831,-0.0036754597814272578,1.7953874812548216,0.37695769421772057,-0.0037102307324424883
16.32,8160,0.0067066884201445161,0.015000581900792934,0,0.21412549023134389,4.9397626829855567e-05,0.00010126489692054867,1.1166415324613955e-06,2.2394272795856101e-05,2.846171079809666,1.2147842781905471,-0.18519450934097442,0.046588479785815963,1.7953826702312747,0.37699492817760272,-0.0037611271704699177,1.795372463013347,0.37702352328316502,-0.0038000920030305421
16.34,8170,0.0067075415078763556,0.015000593685720565,0,0.21415627557915298,5.4326558885253013e-05,0.00010624594718331499,1.1267169421030204e-06,2.2000207897163392e-05,2.8465060066004422,1.2148086163144536,-0.18517347830729342,0.046577272745271514,1.7953658044805523,0.377069115344982,-0.0038621706894934773,1.7953549033801566,0.37710049196451384,-0.0039051596271080517
16.359999999999999,8180,0.0067083994833910384,0.015000606799953133,0,0.21419215561899196,5.9073728467511209e-05,0.00011186063986254139,1.1379769330731102e-06,2.2329078268013787e-05,2.8468459192291578,1.2148329540466571,-0.18515244847601192,0.046566066033463804,1.7953462476656885,0.37715521815211905,-0.0039795375111010677,1.7953346445125782,0.37718929212942709,-0.0040263780523379384
16.379999999999999,8190,0.0067092626791304547,0.015000621020157973,0,0.21423343227818434,6.362659986026868e-05,0.00011807414810602817,1.1502507081154719e-06,2.2132342465963256e-05,2.8471911223662558,1.2148572914590028,-0.18513141962282895,0.046554859585209295,1.7953238377249237,0.37725390505736839,-0.0041141229110159576,1.7953115370247841,0.37729057857690029,-0.0041646411250679007
16.399999999999999,8200,0.0067101314084465772,0.015000636112321223,0,0.21428040187890884,6.7976865154427443e-05,0.00012482626201561683,1.163354625041876e-06,2.2230927998283902e-05,2.8475419033154057,1.2148816286264716,-0.1851103915127722,0.046543653328910549,1.795298423297601,0.37736580394017111,-0.0042667711909239424,1.7952854398642804,0.37740496957864433,-0.0043207928293516615
16.420000000000002,8210,0.006711005965295439,0.015000651887046815,0,0.21433335574354262,7.2119629576966059e-05,0.00013216129243516901,1.1771379168487054e-06,2.1598954627055457e-05,2.8478985319740131,1.2149059656102708,-0.18508936395570433,0.04653244720574827,1.7952698643905181,0.37749150344542781,-0.0044382766976780166,1.7952562201883968,0.37753304742046523,-0.0044956280259702535
16.440000000000001,8220,0.0067118866820852045,0.015000662007997293,0,0.21439256771591836,7.6017668324478903e-05,0.00013994076714485398,1.1860528050637174e-06,2.2263692832568247e-05,2.848261313769437,1.2149303044308284,-0.18506833058632552,0.04652123946598663,1.7952379204204849,0.37763157665221336,-0.0046293862672735298,1.795223753240776,0.3776753589436439,-0.0046898931914531386
16.460000000000001,8230,0.0067127737358393686,0.015000667763874209,0,0.21445832523003566,7.9682889848773172e-05,0.00014813403333698838,1.1911719689885125e-06,2.2132342465963256e-05,2.8486304481896871,1.2149546446756387,-0.18504729269969383,0.046510030437476022,1.7952025097632438,0.377786529998689,-0.0048407967349206136,1.7951879222278635,0.37783241608631596,-0.0049042871570996426
16.48,8240,0.0067136672606264054,0.015000674372130604,0,0.21453091990091688,8.3148293770404091e-05,0.00015664827045214119,1.1970501624523994e-06,2.2000207897163392e-05,2.8490060909420176,1.2149789846873591,-0.18502625553717802,0.046498821569872173,1.7951636259219661,0.37795682109295775,-0.0050731567992013255,1.7951486181953973,0.37800469642485174,-0.005139461848000083
16.5,8250,0.0067145674756344722,0.015000682026015314,0,0.21461062836094949,8.641549245018449e-05,0.00016556606078638812,1.2038606979119706e-06,2.2000207897163392e-05,2.8493884466600319,1.2150033244078662,-0.18500521929285527,0.046487612923766249,1.7951211684161117,0.37814289345394031,-0.0053270700679642711,1.7951057399048971,0.37819264371523598,-0.0053960230220570539
16.52,8260,0.0067154745906016751,0.015000690518509302,0,0.21469772341883861,8.9483056947420328e-05,0.00017471722023852914,1.2114292682580321e-06,2.1733528855063329e-05,2.8497777108814804,1.2150276639040059,-0.18498418375877362,0.046476404437565143,1.795075032511702,0.3783451591577478,-0.0056030947138894097,1.7950591937101545,0.37839666843444741,-0.0056745310090066618
16.539999999999999,8270,0.0067163887983288425,0.015000699667339912,0,0.21479247629764028,9.2350863240765621e-05,0.00018415404752987374,1.219602393738472e-06,2.2000207897163392e-05,2.8501740638655515,1.21505200323447,-0.18496314875189745,0.046465196053539486,1.7950251237951886,0.37856399657599149,-0.0059017440822054183,1.7950088934337223,0.37861714832183901,-0.0059755014494397903
16.559999999999999,8280,0.0067173101965858394,0.015000716247103021,0,0.21489517148106158,9.5056974621853714e-05,0.00019386490625333813,1.2344518254459432e-06,2.1733528855063329e-05,2.8505776065377333,1.2150763402379963,-0.18494212107836835,0.046453989616515104,1.7949714818297131,0.37879972632977049,-0.0062234860526515614,1.7949547602434039,0.37885442892051757,-0.0062994060338233343
16.580000000000002,8290,0.0067182390234862962,0.015000738637417292,0,0.21500607306067274,9.7590513932950524e-05,0.00020373550985623769,1.2546253192091418e-06,2.2329078268013787e-05,2.8509885267909421,1.2151006754367799,-0.18492109911001545,0.046442784701422775,1.7949139894273345,0.37905267007958771,-0.0065687470808853772,1.7948967225287435,0.37910882411872343,-0.0066466732415215272
16.600000000000001,8300,0.0067191755448573528,0.015000760658311279,0,0.21512543554362668,9.9917738322814574e-05,0.00021377782885442656,1.2746158653616484e-06,2.2000207897163392e-05,2.8514070371151705,1.2151250108003231,-0.18490007663841904,0.046431579592709424,1.7948524596456432,0.37932313345786056,-0.0069379119686944733,1.7948347157775153,0.37938061669121048,-0.0070176890798169262
16.620000000000001,8310,0.0067201198970118607,0.015000781707088098,0,0.21525352634749428,0.00010203919206782103,0.00022393621790105575,1.2938612984369238e-06,2.1867274910380131e-05,2.8518332649721985,1.2151493465199099,-0.18487905305835062,0.046420374105818688,1.7947868267774256,0.37961136851532001,-0.0073313225144273908,1.7947686824522131,0.37967005884062588,-0.007412797822932039
16.640000000000001,8320,0.0067210721891568246,0.015000801808855208,0,0.21539061457888259,0.0001039608083130814,0.00023417689800119652,1.3123607471625002e-06,2.1531352099333316e-05,2.852267315781813,1.2151736825893253,-0.18485802839520232,0.046409168242237571,1.7947170496802325,0.37991759370475447,-0.0077492793378219644,1.79469857186654,0.37997737273888993,-0.0078323027510503306
16.66,8330,0.0067220325148638523,0.01500082102833444,0,0.2155369688951187,0.00010568818317237088,0.00024443585714622226,1.3301521586580576e-06,2.1933842111273517e-05,2.8527092819542084,1.2151980189899978,-0.18483700271408704,0.046397962018213085,1.7946430926380017,0.38024199822829374,-0.0081920428089491109,1.7946243400618984,0.38030275106857581,-0.0082764668893375234
16.68,8340,0.0067230007824681968,0.015000850413730227,0,0.21569288043289486,0.00010728490296507573,0.00025479672595661069,1.3575416693540676e-06,2.1395506250453509e-05,2.8531591254577213,1.2152223521768508,-0.18481598711566408,0.046386758393032544,1.7945651200768789,0.38058470351245782,-0.0086598322184447962,1.7945459496838789,0.38064635756428949,-0.0087455137469628595
16.699999999999999,8350,0.0067239771445230488,0.015000887903523928,0,0.21585860930806791,0.00010873747295179436,0.00026518709727350013,1.392772791006085e-06,2.1733528855063329e-05,2.8536169589406426,1.2152466828214783,-0.18479497952813104,0.046375556852350112,1.7944830450177183,0.38094585463310016,-0.0091528302434082404,1.7944633698587507,0.38100832755404945,-0.0092396280561203373
16.719999999999999,8360,0.0067249618548819289,0.015000923667028893,0,0.21603416652000901,0.00010999194491837939,0.00027556131354594991,1.4266684737495203e-06,2.1497471115166028e-05,2.854082963149386,1.2152710140733325,-0.1847739700744597,0.046364354725768143,1.7943966530301132,0.38132559525486964,-0.009671182456608857,1.7943765760699504,0.38138876850066655,-0.0097589565110499706
16.740000000000002,8370,0.0067259549753570912,0.015000956431505539,0,0.21621850977129176,0.00011104636363857138,0.00028588798904687638,1.45795731436067e-06,2.1361409804484527e-05,2.8545571960758376,1.2152953463353153,-0.1847529574762769,0.046353151639230303,1.7943059097050724,0.38172400664553324,-0.010214995758334885,1.7942855500345722,0.38178776054312397,-0.010303608507059126
16.760000000000002,8380,0.0067269565275566573,0.01500098624396015,0,0.21641149894412731,0.00011190907367297053,0.00029611302271525305,1.4866114667536939e-06,2.1190104635059971e-05,2.8550396855158873,1.2153196795930117,-0.18473194178099595,0.04634194760020733,1.7942108205384648,0.3821411366643882,-0.010784340288651346,1.7941902795798577,0.38220535703795661,-0.010873656879543388
16.780000000000001,8390,0.0067279665155827416,0.015001013347446865,0,0.21661387391925219,0.00011258852364608389,0.0003062632566211741,1.512804839167829e-06,2.1497471115166028e-05,2.8555304459324984,1.2153440137704477,-0.18471092323287827,0.046330742676936612,1.7941113969851326,0.38257700700726233,-0.011379250383165566,1.7940907585196846,0.3826415851006314,-0.0114691386430084
16.800000000000001,8400,0.0067289849308030765,0.015001037956548231,0,0.21682712757037434,0.0001130918202914041,0.00031631823908630328,1.536698530830653e-06,2.1463536648682345e-05,2.856029481491273,1.2153683488001938,-0.18468990204754651,0.046319536929425253,1.7940076517507679,0.38303161461085522,-0.01199972533408953,1.7939869865310576,0.38309644614692695,-0.012090055730090692
16.82,8410,0.0067300114570130569,0.015001076722553222,0,0.21705158601043742,0.00011351191711488496,0.00032630241387563834,1.5746064602928799e-06,2.1361409804484527e-05,2.85653659674368,1.2153926792446927,-0.18466889495965585,0.046308334540381087,1.7938998866542215,0.38350487282562573,-0.012645729509930349,1.7938789690305965,0.38356991643431315,-0.012736375730579074
16.84,8420,0.0067310461506588249,0.01500112747131946,0,0.21728749869986119,0.00011383208582691474,0.00033622208898796821,1.6245674081702816e-06,2.1258792350482307e-05,2.8570518227151647,1.2154170058461309,-0.18464789978269136,0.046297135074862418,1.7937880471772862,0.3839967461414871,-0.013317194649112763,1.7937667170510272,0.38406194760333134,-0.013408032630435846
16.859999999999999,8430,0.0067320892777153101,0.015001175508244081,0,0.21753508632157958,0.00011397014327122165,0.00034597116256303263,1.6721562049502162e-06,2.1190104635059971e-05,2.8575753214721633,1.2154413333930798,-0.18462690174879104,0.046285934795321913,1.7936718693050817,0.38450721797234105,-0.014014019848269308,1.793650247117671,0.38457246721897381,-0.014104927550818071
16.879999999999999,8440,0.0067331408395144149,0.015001218096822783,0,0.21779459591889441,0.00011391600928895751,0.00035560261701104138,1.7145821388388712e-06,2.1598954627055457e-05,2.8581070895181515,1.2154656627522702,-0.18460589810893499,0.046274732919356555,1.793551332735287,0.38503619825162311,-0.014736071609184023,1.7935295811249334,0.38510137931206379,-0.014826929487098805
16.899999999999999,8450,0.0067342007739159453,0.01500125501457681,0,0.21806627717112453,0.00011367860438011391,0.00036501194893734357,1.7515278248011159e-06,2.0808269673042189e-05,2.8586470781794304,1.2154899939912129,-0.18458488863989136,0.046263529373371609,1.7934264844753853,0.385583561836495,-0.015483184967369962,1.7934047462127947,0.38564856492063532,-0.015573876047888374
16.920000000000002,8460,0.006735268994062734,0.015001286670318885,0,0.21835037505715052,0.00011326943166842358,0.0003742392878327488,1.7833245801814681e-06,2.1395506250453509e-05,2.85919522156148,1.215514326978856,-0.18456387375249711,0.046252324270611496,1.793297384363679,0.38614915986181031,-0.016255164309399859,1.793275774643299,0.38621388263131301,-0.016345574194055718
16.940000000000001,8470,0.006736345400105908,0.015001313547575513,0,0.21864712763814514,0.00011269866965359523,0.00038323691734040726,1.8104011556312178e-06,2.1327258847706145e-05,2.8597514441402274,1.215538661560331,-0.18454285393258846,0.046241117746157488,1.7931640924816676,0.38673282258787983,-0.017051784129917185,1.7931427036770442,0.3867971691206914,-0.017141800977749137
16.960000000000001,8480,0.0067374294046847324,0.015001360414109467,0,0.21895682164137664,0.0001120976818380071,0.00039221956163867932,1.8580713422692913e-06,2.0878213633885978e-05,2.8603153776116521,1.2155629892759465,-0.18452185409087801,0.046229914492409048,1.7930270568680273,0.38733426897768264,-0.017872793466176401,1.7930055754496717,0.38739823969671572,-0.017962304281418328
16.98,8490,0.0067385214795262251,0.015001399834697622,0,0.21927960548318104,0.00011131929996256638,0.00040093014074181894,1.8982189350769577e-06,2.0702910668595484e-05,2.8608872756533437,1.2155873196268479,-0.1845008466274709,0.046218709827877832,1.7928858564004988,0.38795340583483318,-0.018717904190260395,1.7928644368483555,0.38801688884006097,-0.018806803556835103
17,8500,0.0067396213829924844,0.015001437590204293,0,0.21961570735434943,0.00011039822841895196,0.00040943053251336908,1.9368209606541839e-06,2.063237243740307e-05,2.8614669722722432,1.2156116505011532,-0.18447983736302975,0.046207504307152369,1.7927406367539103,0.38858997891259667,-0.019586807275817058,1.7927193393882919,0.38865289074551196,-0.019674990564114772
17.02,8510,0.0067407286859514698,0.015001489138876813,0,0.21996536345700954,0.00010941658468669091,0.00041785395342320756,1.9897728200316215e-06,2.0526110585337575e-05,2.8620541826629546,1.2156359766658644,-0.1844588418431464,0.046196301041473466,1.7925917058218144,0.38924368395453468,-0.020479167766155555,1.7925703390891898,0.38930599986334308,-0.020566530110737388
17.039999999999999,8520,0.0067418436238328204,0.015001537008891232,0,0.22032872051206726,0.00010828561400351788,0.00042603219399505241,2.0390450779573118e-06,2.0702910668595484e-05,2.8626490079648637,1.2156603041611935,-0.18443784249122039,0.046185097016105917,1.7924388378414642,0.3899143237815999,-0.021394618054313325,1.7924174963517598,0.3899759514406983,-0.021481060790569013
17.059999999999999,8530,0.0067429661274216101,0.01500157722271753,0,0.22070594912426611,0.00010698679607641176,0.00043394720119157231,2.0805335124993948e-06,2.0526110585337575e-05,2.8632513752543036,1.21568463425257,-0.1844168353108776,0.046173891123557215,1.7922820258911507,0.39060162613334809,-0.022332768330948022,1.7922608758342038,0.39066246206297062,-0.022418195722882932
17.080000000000002,8540,0.0067440960526362675,0.015001608950960253,0,0.22109721657752188,0.00010552560829721012,0.00044160487588147906,2.1133432721444073e-06,2.063237243740307e-05,2.8638611590600251,1.2157089671888679,-0.18439581946946154,0.046162683082469666,1.7921213449351292,0.39130528489677724,-0.023293204650640116,1.7921005463287047,0.39136523019518243,-0.023377523291381111
17.100000000000001,8550,0.006745233222388407,0.015001632532772308,0,0.22150267818727085,0.00010391406119333914,0.0004489907857185972,2.1377849376640315e-06,2.0347774359157065e-05,2.8644782111629001,1.215733302852483,-0.184374795308102,0.046151472959537539,1.7919568951715013,0.39202497296145239,-0.024275489133103456,1.7919365806379157,0.39208393672336456,-0.024358607883214731
17.120000000000001,8560,0.0067463774434357677,0.015001648672799182,0,0.22192247416366079,0.00010216450198079804,0.00045612931960998246,2.1545584106479597e-06,2.0561592220437957e-05,2.8651023720397597,1.2157576410115027,-0.18435376353500593,0.046140260931542429,1.7917887817249425,0.39276034636669865,-0.025279160618641997,1.7917690554514512,0.3928182454959368,-0.025360990628006494
17.140000000000001,8570,0.0067475277435852582,0.015001694639631878,0,0.22235683231519568,0.00010044524332042504,0.00046334823586561549,2.2028169700952449e-06,2.016786123962658e-05,2.8657330726117047,1.2157819682685547,-0.1843327617079045,0.046129045634041965,1.791617537126563,0.39351088623080477,-0.026303754265822946,1.7915980512223741,0.39356780386508761,-0.026384190136871169
17.16,8580,0.0067486840137574045,0.015001768714795033,0,0.22280582961106718,9.8744444985378991e-05,0.00047058962484866575,2.2806052857339551e-06,2.0311919222296604e-05,2.8663701750092376,1.2158062856157927,-0.18431178806458801,0.046117830538065625,1.7914432468164592,0.39427625887666318,-0.027348758560275264,1.7914236520436879,0.39433224322815347,-0.027427703241436983
17.18,8590,0.0067498467453348462,0.015001839816419036,0,0.22326945247023391,9.6915855256668806e-05,0.00047749690794345658,2.3552172887870219e-06,2.0597012732861101e-05,2.8670138692430953,1.2158306043085929,-0.18429081127615193,0.046106617358555077,1.7912655945125535,0.39505623054735267,-0.028413628699443107,1.7912459455248251,0.39511117956899916,-0.028491005732866941
17.199999999999999,8600,0.0067510159088049254,0.015001899336069064,0,0.22374775375798028,9.4915386332881344e-05,0.00048410998494326349,2.4177349760943963e-06,2.0597012732861101e-05,2.867664087202364,1.2158549271348718,-0.18426982269298237,0.046095403545264514,1.7910845093013046,0.39585042599534698,-0.029497816370618293,1.7910650226681362,0.39590421399939751,-0.029573553100880029
17.219999999999999,8610,0.0067521913546805274,0.015001943950729492,0,0.22424078441928436,9.2737842670755769e-05,0.00049044372970971802,2.4647175661918308e-06,2.013168567464644e-05,2.8683206799958474,1.2158792551041109,-0.18424881897976994,0.046084187764127156,1.7909000484672488,0.39665842736707968,-0.030600755993334401,1.7908809777453809,0.39671093330040896,-0.030674781272772466
17.240000000000002,8620,0.0067533728726644256,0.015001972997255943,0,0.22474857894205524,9.0395081224943375e-05,0.00049649268284370418,2.4954714999689431e-06,1.9986328642111702e-05,2.8689834572686075,1.2159035883903349,-0.18422779947245269,0.046072969585310458,1.7907123297571719,0.39747979585712068,-0.031721863231716482,1.7906939081742161,0.39753091046376182,-0.031794107352439142
17.260000000000002,8630,0.0067545602179565406,0.015001987193388269,0,0.22527115137837553,8.7905625614851488e-05,0.00050225262094912579,2.5107423495950793e-06,2.0490567510038361e-05,2.8696522061302137,1.2159279267374428,-0.18420676489373022,0.046061749036082969,1.7905214952067319,0.39831407774036121,-0.032860535572555694,1.7905039143946873,0.39836370523323128,-0.032930930359394074
17.280000000000001,8640,0.0067557525308556011,0.015002007938451564,0,0.2258085808882567,8.5369902378829647e-05,0.00050530707034624628,2.5379189984389189e-06,1.9986328642111702e-05,2.8703263952278966,1.2159522525568351,-0.18418573685258199,0.046050548515628169,1.7903278878620841,0.39916068883983641,-0.034016182927773947,1.7903110997457161,0.39920886464602029,-0.034084631967792926
17.300000000000001,8650,0.0067569496490102049,0.01500203562350742,0,0.22636080567156056,8.2792464533237414e-05,0.00050682379654129429,2.5758362749702365e-06,2.013168567464644e-05,2.8710058420363085,1.2159765694769666,-0.18416471571249038,0.046039361129752564,1.7901316567450472,0.40001918842623491,-0.035188157024452604,1.7901155703415919,0.40006592357413862,-0.035254577245453285
17.32,8660,0.0067581518487452906,0.015002053834372652,0,0.22692768188622073,8.0106293952846299e-05,0.00050895079093941453,2.6027037599291946e-06,1.9913252241518953e-05,2.8716905944704836,1.2160008923770129,-0.1841436848827778,0.046028167522597183,1.7899327513470464,0.40088920833288816,-0.036375775175888074,1.7899174349484599,0.40093440526578294,-0.036440115392876379
17.34,8670,0.0067593589696247174,0.015002058092303644,0,0.22750911905407298,7.7295697310068599e-05,0.00051153796538093899,2.6138267230245228e-06,1.980313203006426e-05,2.8723804836992577,1.2160252225132699,-0.18412263985819763,0.046016967629075971,1.7897312104260037,0.40177027021169909,-0.037578368296023602,1.7897168048608114,0.40181382188671666,-0.037640580482267975
17.359999999999999,8680,0.0067605707748539072,0.015002047013063225,0,0.22810501552300758,7.4364866517802181e-05,0.00051439419356270487,2.6079189591141647e-06,1.9986328642111702e-05,2.8730752946783205,1.2160495598836425,-0.18410157925278464,0.046005761766104956,1.7895271295725925,0.40266186598124604,-0.038795256450958583,1.7895137937779741,0.40270367506164961,-0.038855292196559969
17.379999999999999,8690,0.0067617869964446912,0.015002020680224205,0,0.22871524575866067,7.1326591132741106e-05,0.00051736146939543987,2.5851847414921768e-06,2.0203972031729294e-05,2.8737747903303981,1.2160739041713557,-0.18408050315479701,0.045994550266145733,1.7893206366445635,0.40356347514010327,-0.040025745575330639,1.7893085176806003,0.4036034564156179,-0.040083556568431412
17.400000000000002,8700,0.0067630073474989781,0.015001980004429771,0,0.22933965854104824,6.8197189478622297e-05,0.00052037626307065946,2.5466803835453861e-06,2.0347774359157065e-05,2.8744787199760027,1.2160982548806076,-0.18405941248245686,0.045983333563595866,1.7891118755681643,0.40447456798019604,-0.041269128147199401,1.7891010947071573,0.40451264811536403,-0.041324666719330112
17.420000000000002,8710,0.0067642315294672104,0.015001926332295298,0,0.2299762119970675,6.4993640444706714e-05,0.00052336672709045028,2.4939246154437118e-06,2.0276000680978352e-05,2.8751868244675589,1.2161226114144359,-0.18403830859144535,0.04597211216928055,1.7889009964573557,0.40539460675413513,-0.042524684135606637,1.7888916450304175,0.40543072341071595,-0.042577903598492874
17.440000000000001,8720,0.0067654592374203713,0.015001861185527571,0,0.23061998734158232,6.1731997939003157e-05,0.00052630696201958209,2.4286305665679179e-06,2.0240018397643986e-05,2.8758988396358665,1.2161469731391634,-0.18401719301303524,0.045960886621986427,1.7886881500342835,0.40632304659055324,-0.043791681820118382,1.788680290733947,0.40635714717596771,-0.043842536721968167
17.460000000000001,8730,0.0067666901636938906,0.015001786094096838,0,0.2312704748059515,5.8426746627135618e-05,0.00052915097061260812,2.3525309329293132e-06,1.9913252241518953e-05,2.8766144984672772,1.2161713394313773,-0.18399606728656723,0.045949657449955793,1.7884734848537804,0.40725933621352656,-0.045069378554131019,1.7884671556885956,0.40729137645125896,-0.045117824911636469
17.48,8740,0.0067679240001754168,0.015001702499416202,0,0.23193344601256113,5.5090816594740608e-05,0.00053184410601351823,2.2672759776740789e-06,2.005913882365416e-05,2.8773335323511797,1.2161957097069538,-0.1839749328621938,0.045938425147166347,1.7882571462782344,0.40820291846397255,-0.04635702152303043,1.7882523654289872,0.40823286098395467,-0.046403017034231761
17.5,8750,0.0067691604395832029,0.015001611706874435,0,0.23260941736353699,5.173601287566031e-05,0.00053438864927451545,2.1743845254075062e-06,1.980313203006426e-05,2.8780556716845571,1.2162200834355092,-0.18395379105320292,0.045927190161728609,1.7880392764690656,0.40915323068656906,-0.047653848509070583,1.7880360470300083,0.40918104377002501,-0.0476973527403627
17.52,8760,0.0067703990399900563,0.01500152450686762,0,0.23329814752060787,4.8426015647531306e-05,0.00053982535244194018,2.0826246740991271e-06,1.9876613291913992e-05,2.8787806575027592,1.2162444620834085,-0.1839326528680581,0.045915917541615614,1.7878198779407908,0.41010959306205752,-0.048959091720643312,1.7878183289832978,0.41013536159542524,-0.049000063203533936
17.539999999999999,8770,0.0067716397560165153,0.015001426389340895,0,0.23399922734482523,4.5100272223197345e-05,0.00054370837023282102,1.9818520553133233e-06,1.980313203006426e-05,2.8795082414389666,1.2162688430764343,-0.18391150351940358,0.045904654124052251,1.7875992238056313,0.41107160112079166,-0.050271966645056045,1.7875993410737374,0.41109524557747529,-0.050310371859167334
17.559999999999999,8780,0.0067728823284635828,0.015001314577292882,0,0.23471228373984229,4.1743292036788025e-05,0.00054459115018690065,1.8690776999045161e-06,2.005913882365416e-05,2.8802381232936742,1.216293225050062,-0.18389034011846467,0.045893419545437422,1.7873775708337964,0.41203873060924695,-0.051591687008190605,1.7873792142559406,0.41206012170623996,-0.05162749514362322
17.580000000000002,8790,0.006774126332446475,0.015001200542279972,0,0.23543702584830387,3.8469548660760989e-05,0.00054861716780906867,1.7542435498772125e-06,1.9581033806511645e-05,2.8809701079820704,1.2163176129815716,-0.18386917444564524,0.045882155394935627,1.7871547565362378,0.41301022874951432,-0.052917463665779541,1.7871580805307421,0.4130294113859086,-0.052950643233221913
17.600000000000001,8800,0.0067753715013043449,0.015001080069074926,0,0.23617301379847191,3.5260499100686525e-05,0.00055128528615993255,1.635243393592338e-06,1.9913252241518953e-05,2.8817038550670691,1.2163420023404286,-0.18384800212937347,0.045870897056610647,1.7869310996905776,0.41398559492212911,-0.054248496907952082,1.7869360728216881,0.41400253197617437,-0.054279020783263965
17.620000000000001,8810,0.0067766174242237225,0.015000957504849696,0,0.23691981945310062,3.2096641153012652e-05,0.00055107236499126518,1.5153569020483589e-06,2.016786123962658e-05,2.8824389872084728,1.216366389765281,-0.18382682747128215,0.045859660941366065,1.7867069298359952,0.41496426025662431,-0.055583987873108927,1.7867133248515257,0.41497889733361498,-0.055611827667052839
17.640000000000001,8820,0.0067778637382282271,0.015000838236694703,0,0.23767702775165742,2.9038601990104621e-05,0.00055091890494627955,1.4002793166518265e-06,1.9986328642111702e-05,2.8831752542843012,1.2163907771375904,-0.18380565598173787,0.045848424017713822,1.7864822692408471,0.41594556831806812,-0.056923132047714091,1.7864899710186919,0.41595791835307194,-0.056948259714915267
17.66,8830,0.0067791105286913438,0.015000706914394889,0,0.23844414554306256,2.6243329781000535e-05,0.00055403134290455292,1.2781397579304335e-06,1.9729377092144139e-05,2.8839126332958114,1.216415171525052,-0.18378447228237194,0.045837168943535692,1.7862568701187718,0.41692895795483609,-0.058265109628519489,1.7862661462738043,0.41693900350903057,-0.058287509453222648
17.68,8840,0.0067803572915317535,0.015000571531955637,0,0.23922068458690068,2.3742885334641296e-05,0.0005557325401375641,1.1574472268842907e-06,2.0347774359157065e-05,2.8846506799235514,1.2164395669520307,-0.18376328434783051,0.045825916367316574,1.7860311386961771,0.41791383194312293,-0.059609111128113693,1.7860419859961496,0.41792155939699965,-0.059628766843412409
17.699999999999999,8850,0.0067816034154036054,0.015000446113999529,0,0.24000615523745014,2.148426209570508e-05,0.00055442722195336641,1.0496138821144596e-06,1.9876613291913992e-05,2.885388916035827,1.2164639576420402,-0.18374210624959939,0.045814677129281584,1.7858055056224988,0.41889956047521965,-0.060954332761639585,1.7858176258701741,0.41890499127489134,-0.06097122002100909
17.719999999999999,8860,0.006782848707411894,0.015000327752897115,0,0.24080002174459361,1.9599071235798672e-05,0.00055321897110713824,9.5405796724656366e-07,1.9729377092144139e-05,2.8861271526440366,1.2164883466574778,-0.18372093510571472,0.045803438419491284,1.7855799582238585,0.41988554570056713,-0.062299957810116151,1.7855932017619731,0.41988870360440106,-0.062314056034645807
17.740000000000002,8870,0.0067840929409641428,0.015000213699386785,0,0.2416017205197368,1.8241505399579456e-05,0.00055211370590939075,8.6991137859999093e-07,2.0311919222296604e-05,2.8868651562472709,1.2165127348038598,-0.18369976815319211,0.045792199649093604,1.7853545534877044,0.42087120345203383,-0.06364516694244729,1.7853688495957798,0.42087210059238733,-0.063656461585085589
17.760000000000002,8880,0.0067853358727163315,0.015000102118008476,0,0.24241067245541917,1.7562838149359117e-05,0.00055097579598287769,7.977455999703435e-07,2.0095444986978942e-05,2.8876026770354457,1.2165371225835357,-0.18367860354688009,0.045780960663760251,1.785129385977982,0.42185594515590324,-0.064989142698703067,1.7851447052304563,0.42185458673225107,-0.064997623764241633
17.780000000000001,8890,0.0067865772449155204,0.014999991959719475,0,0.24322627179109094,1.7658567402476877e-05,0.00054975333015315942,7.3943716589507051e-07,2.0419295754930057e-05,2.8883394539431033,1.2165615102807315,-0.18365744023237446,0.045769721365603346,1.7849045722660624,0.42283917867072501,-0.066331069802799209,1.7849209043359819,0.42283556734531624,-0.066336730794200174
17.800000000000001,8900,0.0067878161527825222,0.01499990949863639,0,0.24404800376279032,1.8123444307400417e-05,0.0005504503227216457,7.0592783075332647e-07,1.9949823901789886e-05,2.8890748786929863,1.216585887552261,-0.18363630466705722,0.04575848752041313,1.7846806220304643,0.42382019211295124,-0.067670174987175355,1.7846975822699438,0.42381444912220917,-0.067672972766240583
17.82,8910,0.0067890529021703656,0.014999830909179659,0,0.24487514834048099,1.9236405788298766e-05,0.00055005290665620257,6.8300065206073724e-07,1.9692396034153755e-05,2.8898089913622864,1.2166102643591934,-0.18361517284485668,0.045747254208063512,1.7844573294382995,0.42479852899243825,-0.069005601993723104,1.7844748739540253,0.42479064066423849,-0.069005542379857079
17.84,8920,0.0067902870603875438,0.014999761354322551,0,0.24570709704148316,2.0850121563024599e-05,0.00054963133189230072,6.7087567057422423e-07,2.0203972031729294e-05,2.8905414489782779,1.2166346372794963,-0.18359404998558995,0.045736023713946028,1.7842348551947986,0.42577355629337127,-0.070336559848783703,1.784252913750497,0.42576355302477475,-0.070333635681779583
17.859999999999999,8930,0.0067915180059009176,0.014999715281320082,0,0.24654320437592039,2.2664452375736323e-05,0.00055030861058537718,6.6638253337926169e-07,1.9913252241518953e-05,2.8912717990409704,1.2166590004455087,-0.18357295064067269,0.045724799404633122,1.7840135243588771,0.42674462366669386,-0.071662268549606278,1.7840318353387057,0.42673260025063064,-0.071656452804995441
17.879999999999999,8940,0.0067927458953076546,0.014999675309861113,0,0.24738265996595368,2.4827400090583843e-05,0.00055023045463751012,6.6461915740315072e-07,1.9839906680179331e-05,2.8919999986375458,1.2166833614502206,-0.18355185729581563,0.045713576936184684,1.7837932365133751,0.42771124227638396,-0.072981897155654729,1.783811771591564,0.42769719992344041,-0.072973198707770401
17.900000000000002,8950,0.0067939705721028676,0.014999636369143473,0,0.24822493318722436,2.7319924514115604e-05,0.00054937663955897432,6.6526319884478431e-07,2.013168567464644e-05,2.8927258454384712,1.2167077220206273,-0.18353076485116568,0.045702355082930642,1.7835740326436187,0.42867284809139228,-0.074294648158344398,1.7835928544520399,0.42865677370103999,-0.074283083912670064
17.920000000000002,8960,0.0067951918167451575,0.014999596377712346,0,0.24906933573742293,3.0070273208467644e-05,0.00054790453954697957,6.6868392638708133e-07,1.9913252241518953e-05,2.8934490957529873,1.2167320828183721,-0.1835096712148642,0.045691133303650926,1.7833560230224881,0.42962886488473728,-0.075599736005774576,1.7833752148096462,0.42961074785884629,-0.075585325245580426
17.940000000000001,8970,0.0067964093837475986,0.014999554703560892,0,0.24991517254228493,3.3003625823700996e-05,0.00054590930539393412,6.7528312895115406e-07,1.9692396034153755e-05,2.8941694892689358,1.2167564440500815,-0.18348857575200211,0.04567991140569342,1.7831393472333263,0.43057871805912595,-0.076896383290391751,1.7831589823769314,0.43055855383123781,-0.076879146574730245
17.960000000000001,8980,0.0067976230168559533,0.014999511425903356,0,0.25076174100968168,3.6058034943420241e-05,0.00054341870996825557,6.8529629457754235e-07,1.9913252241518953e-05,2.8948867600632529,1.2167808057005021,-0.18346747854246814,0.045668689371035742,1.7829241539150869,0.43152183813176498,-0.078183820557888917,1.782944285565967,0.43149962875293396,-0.078163779549711612
17.98,8990,0.0067988324574490798,0.014999466923801703,0,0.25160833170857316,3.9186498051364521e-05,0.00054052300985160391,6.9874441604135061e-07,2.0276000680978352e-05,2.8956006423499345,1.216805167658809,-0.18344637996753294,0.045657467254836263,1.7827105912647703,0.43245766221876025,-0.079461286759055644,1.7827312513648392,0.43243341600037477,-0.079438464340501211
18,9000,0.006800037449093254,0.014999421663016793,0,0.2524542294481204,4.2354605289366475e-05,0.00053724279092387203,7.1545266488909818e-07,1.9729377092144139e-05,2.8963108733795089,1.2168295297850373,-0.18342528049562479,0.045646245133238915,1.7824988030802198,0.4333856349502887,-0.080728029866994219,1.7825200052141381,0.43335936573310108,-0.080702450376481757
18.02,9010,0.0068012377398553644,0.014999376095762813,0,0.25329871456297226,4.5537434058012218e-05,0.00053359828352706287,7.3509889984971792e-07,1.9949823901789886e-05,2.897017194803043,1.2168538919420133,-0.18340418058156671,0.045635023079577612,1.7822889275245508,0.43430520909828907,-0.081983307582038201,1.7823106708834464,0.43427693543513407,-0.081954997085463208
18.039999999999999,9020,0.0068024324727342439,0.014999357934812522,0,0.25414112523136073,4.8507393984625728e-05,0.00052807263142261058,7.4495307517523978e-07,2.016786123962658e-05,2.8977190340951342,1.2168782444213215,-0.1833831081570115,0.045623800614944671,1.7820814603703654,0.43521574981285172,-0.083226412244957249,1.78210337034783,0.43518559045635519,-0.083195374632703753
18.059999999999999,9030,0.0068036220168528286,0.014999339963523449,0,0.25498075306454449,5.1490522971483512e-05,0.0005228720599952236,7.5347477906354278e-07,2.016786123962658e-05,2.8984164650823403,1.2169025969668805,-0.18336203576928201,0.045612580524317339,1.7818761590830259,0.4361168426472663,-0.084456598749224926,1.7818982236643266,0.43608480455388599,-0.084422864659931526
18.080000000000002,9040,0.0068048066279037048,0.014999300226940016,0,0.25581685356527245,5.4638475290772615e-05,0.00051878535368650588,7.7270153451363896e-07,2.0597012732861101e-05,2.8991095116953862,1.2169269571603325,-0.18334094130492601,0.045601361410055614,1.7816728167227749,0.43700803857617609,-0.085673136182280993,1.7816953488484368,0.43697406043346798,-0.08563676102436571
18.100000000000001,9050,0.0068059850842916072,0.014999283559347178,0,0.25664879703266985,5.7614810326795804e-05,0.0005128543745433991,7.8297903595359873e-07,2.0311919222296604e-05,2.8997974200599974,1.2169513091065283,-0.18331986998089247,0.045590139347638975,1.781472128800877,0.43788865102251479,-0.086875370370775154,1.7814948617506126,0.43785285029084198,-0.086836370537736976
18.120000000000001,9060,0.0068071577336430919,0.014999264652742997,0,0.25747580074034149,6.0583537481155793e-05,0.00050713004710977621,7.9355100882929297e-07,2.016786123962658e-05,2.9004802403800505,1.2169756619017886,-0.18329879625145135,0.045578919157928499,1.7812739311407291,0.4387582886904674,-0.08806259751962435,1.781296875932747,0.43872067635312878,-0.088021013705310236
18.140000000000001,9070,0.0068083241732906554,0.014999251823278643,0,0.25829711670812588,6.3491190563062162e-05,0.00050097383109055742,8.0138729587749706e-07,2.0095444986978942e-05,2.9011576582621976,1.2170000125627751,-0.18327772851795196,0.045567698321083233,1.781078409697326,0.43961642495278441,-0.089234156821255961,1.7811015025446644,0.43957705142020831,-0.089190025464904718
18.16,9080,0.0068094838282495547,0.014999261467652266,0,0.25910903487673481,6.6241220048386432e-05,0.00049361261344479804,7.9746619352779593e-07,2.0347774359157065e-05,2.9018292666811973,1.2170243553724724,-0.1832566833118266,0.045556475985306627,1.7808858725714385,0.44046252628076826,-0.090389411293732458,1.7809088502006094,0.4404214994060997,-0.090342755925915744
18.18,9090,0.006810636937684759,0.014999273572896443,0,0.25990915324372954,6.8958679065687388e-05,0.00048634981763026434,7.9144772681101877e-07,2.0561592220437957e-05,2.9024950774782123,1.2170486974234869,-0.18323564044128476,0.045545254902616586,1.7806961799376098,0.44129620944762382,-0.091527704420175077,1.7807190248557367,0.44125355588034099,-0.09147857110833571
18.199999999999999,9100,0.0068117833901399655,0.014999284197465447,0,0.26069808391160681,7.1664976486762865e-05,0.00047918839765820234,7.8611140866692501e-07,2.0878213633885978e-05,2.9031549327470136,1.2170730400201157,-0.18321459594248421,0.045534034150944799,1.7805093584044813,0.44211703200080671,-0.092648410348910401,1.7805321296826013,0.44207276860936906,-0.092596853681775421
18.219999999999999,9110,0.0068129230192562288,0.01499929226703935,0,0.26147854627589023,7.4352248841745884e-05,0.00047200943789853288,7.8226848724854376e-07,2.0561592220437957e-05,2.9038086394446636,1.2170973834975203,-0.18319354873693861,0.045522813281234947,1.7803254998595113,0.44292455016757348,-0.093750925827743067,1.7803482649476472,0.44287869809789943,-0.093697003704485596
18.240000000000002,9120,0.0068140556441914201,0.014999297744340705,0,0.26225009930784121,7.7006572884496068e-05,0.00046482623945303964,7.7994888560272305e-07,2.016786123962658e-05,2.904455996844709,1.2171217278590498,-0.18317249878818689,0.045511592181811056,1.7801447154628753,0.44371833148441436,-0.094834667285986343,1.7801675278876976,0.44367091813030596,-0.094778439362377745
18.260000000000002,9130,0.0068151810833400666,0.014999300963215452,0,0.26301207953327754,7.9614623807683772e-05,0.00045754461753224143,7.7892310566275842e-07,2.0597012732861101e-05,2.9050968066483991,1.2171460729909978,-0.18315144643256556,0.045500370869973064,1.7799671173050526,0.44449795763958255,-0.095899070273138293,1.7799900125864441,0.44444901631200057,-0.095840597708045261
18.280000000000001,9140,0.0068162986761970247,0.014999322300123366,0,0.26376389079312063,8.2067011973060942e-05,0.00045099779690165612,7.6653799535150826e-07,2.0347774359157065e-05,2.9057306197145505,1.2171704100578937,-0.18313041220647286,0.045489154040137723,1.7797930928560313,0.4452629502251394,-0.096943625141113987,1.7798158098509367,0.44521259461081358,-0.096882935399785458
18.300000000000001,9150,0.0068174087690215232,0.014999340878960394,0,0.26450482701816025,8.4472377451158166e-05,0.00044398692345482558,7.5593841265632828e-07,2.084327099243578e-05,2.9063575327197184,1.2171947487735644,-0.18310937505763175,0.045477936744326507,1.7796224302626606,0.44601301714588204,-0.097967763284062606,1.7796450070880736,0.44596126989837293,-0.097904929440620125
18.32,9160,0.0068185110873990552,0.014999361046405072,0,0.26523428339459709,8.6805840121712913e-05,0.00043687022675289886,7.4475130150680491e-07,2.0419295754930057e-05,2.9069773167841904,1.2172190865917685,-0.18308833937995303,0.045466720008049584,1.7794552569227557,0.44674776330265026,-0.098970990710029752,1.7794776881810903,0.44669467449148437,-0.098906077917317092
18.34,9170,0.0068196052141380999,0.014999393846407706,0,0.26595168420926535,8.9014620921454835e-05,0.00043011892730689317,7.2730250149497882e-07,2.063237243740307e-05,2.9075896664905754,1.2172434186770158,-0.18306731630565862,0.045455506398176616,1.7792918059411684,0.44746679366803355,-0.099952844544245287,1.7793139333660493,0.44741245669351104,-0.099885900739411129
18.359999999999999,9180,0.0068206913434023944,0.014999425445702052,0,0.26665639953342013,9.115874615520671e-05,0.00042295674136913242,7.1166490942890898e-07,2.063237243740307e-05,2.9081946044621989,1.2172677514666574,-0.18304629188443916,0.045444292594096145,1.7791319656869964,0.44816982973582703,-0.10091283682389517,1.7791538191083298,0.44811428133575354,-0.10084394037822568
18.379999999999999,9190,0.006821769390980799,0.014999453633984854,0,0.26734785745222617,9.3242576412643161e-05,0.00041548699537935166,6.9884945062424529e-07,2.1155677147440178e-05,2.9087920109781389,1.2172920856680898,-0.18302526389378876,0.045433078075875787,1.778975769032626,0.44885655638726574,-0.10185052738761191,1.7789974179791179,0.44879983031882942,-0.10177976260589378
18.400000000000002,9200,0.0068228392378125178,0.014999478197561757,0,0.26802551343520603,9.5257040374291651e-05,0.00040768563253004014,6.8864476447494749e-07,2.0808269673042189e-05,2.9093817455083792,1.2173164212922769,-0.18300423212026118,0.045421862775298298,1.778823292601061,0.44952666703729638,-0.10276550494072419,1.7788447985318954,0.44946880315405346,-0.10269295723437956
18.420000000000002,9210,0.0068239007623100111,0.014999499484125109,0,0.26868884495962103,9.7191693118503115e-05,0.00039964267981342113,6.805770017437323e-07,2.063237243740307e-05,2.9099636691741888,1.2173407581941811,-0.18298319691445084,0.045410646750959335,1.7786746188659046,0.45017987295077622,-0.10365738338537914,1.7786960251789292,0.4501209175048167,-0.10358313885449875
18.440000000000001,9220,0.0068249538493757754,0.014999517954542569,0,0.26933735164306433,9.9037434235524417e-05,0.00039139539221744651,6.7419010596209776e-07,2.1017403266208992e-05,2.910537651302612,1.2173650962038109,-0.18296215874050076,0.045399430087065921,1.7785298245500201,0.45081590503202501,-0.10452580176330094,1.7785511580677624,0.45075590972796725,-0.10444994757494123
18.460000000000001,9230,0.0068259983933034261,0.014999534041016001,0,0.26997055635952816,0.00010078671841313231,0.00038292485680166194,6.6911242471987514e-07,2.122447627911835e-05,2.9111035712984226,1.2173894351647787,-0.18294111803361116,0.045388212861541884,1.7783889781938094,0.45143451432835319,-0.1053704249458086,1.7784102529577026,0.45137353541518932,-0.10529304976129103
18.48,9240,0.0068270342987706333,0.01499954811529294,0,0.27058800646239645,0.00010243323727191716,0.0003742860312256348,6.650424723489312e-07,2.122447627911835e-05,2.9116613190850589,1.2174137749650566,-0.18292007516822656,0.045376995138693706,1.7782521403377627,0.45203547238044589,-0.10619094445172284,1.7782733610963115,0.45197356993438348,-0.10611213877504845
18.5,9250,0.0068280614804537626,0.01499956049667224,0,0.27118927497217027,0.00010397158141910414,0.00036551085837025041,6.617622650313511e-07,2.1258792350482307e-05,2.912210794992212,1.2174381154799234,-0.18289903046585027,0.045365776973455056,1.7781193641901616,0.45261857158809532,-0.10698707927389731,1.7781405290958952,0.45255580897104641,-0.10690693571265093
18.52,9260,0.006829079863242095,0.014999571459431498,0,0.27177396170410406,0.00010539697604926995,0.00035657905141769621,6.5911296178404427e-07,2.1017403266208992e-05,2.912751909799618,1.2174624565882963,-0.18287798420260276,0.045354558412421177,1.7779906962265026,0.45318362561251313,-0.10775857668754452,1.7780117988099935,0.45312006906965041,-0.1076771901444942
18.539999999999999,9270,0.0068300891002734234,0.014999585881487719,0,0.2723417066993864,0.00010666654130846806,0.00034740300404744113,6.5615561569839878e-07,2.1293053117836167e-05,2.9132844676313376,1.217486796325409,-0.18285694129524904,0.045343340158516279,1.7778662480442189,0.45373042697504429,-0.10850521473173612,1.7778872072098699,0.45366618817502358,-0.10842268085395358
18.559999999999999,9280,0.0068310890402658066,0.014999603576506359,0,0.27289216329505583,0.00010779062724543708,0.00033793046864275672,6.530819652965357e-07,2.1361409804484527e-05,2.9138083769603886,1.2175111348573942,-0.18283590155409118,0.045332122257562814,1.7777460419976825,0.45425884985147563,-0.1092268011782459,1.7777667862610005,0.45419402617372945,-0.10914321657640551
18.580000000000002,9290,0.0068320797537269901,0.014999620686504843,0,0.2734250061074916,0.000108802335478405,0.00032825348387833213,6.5060761691719465e-07,2.1052056881276945e-05,2.9143236447258465,1.2175354737452768,-0.18281486108999093,0.0453209041584752,1.7776300370993454,0.45476881511541789,-0.10992317112866939,1.7776505627995636,0.45470346543544693,-0.10983863673824867
18.600000000000001,9300,0.006833061227238345,0.014999636465540252,0,0.27393995090625739,0.00010969916655935604,0.00031841064337830477,6.488273148012268e-07,2.1429548445808714e-05,2.9148302358201996,1.2175598132219145,-0.18279381915276441,0.045309685690385321,1.7775182399852447,0.45526022593337617,-0.11059419082317008,1.7775385584089309,0.45519441135434979,-0.1105088121959247
18.620000000000001,9310,0.0068340334409412191,0.014999650866205956,0,0.27443674728946649,0.00011047428972772036,0.00030848296268365432,6.4765731651443034e-07,2.1531352099333316e-05,2.9153281150685832,1.21758415328477,-0.18277277569517075,0.045298466827259104,1.7774106689394842,0.45573300539642547,-0.11123976010848222,1.7774307892961547,0.45566679289048706,-0.11115364597494044
18.640000000000001,9320,0.0068349963822146873,0.014999664044923347,0,0.2749151776258118,0.00011112139449057453,0.00029844243692165207,6.4698344440873086e-07,2.1666346224911465e-05,2.915817256274456,1.2176084938709051,-0.18275173087490326,0.045287247591848399,1.7773073403517314,0.45618710175361432,-0.11185981232338597,1.7773272661684594,0.45612056311116222,-0.11177307400888836
18.66,9330,0.0068359500493324213,0.014999676194695501,0,0.27537505751712726,0.00011163496627899133,0.00028837840044056194,6.4670719689125584e-07,2.1395506250453509e-05,2.9162976447079281,1.2176328349085306,-0.18273068488639629,0.045276028016540695,1.7772082645986687,0.4566224888077951,-0.11245431455459398,1.7772279941097304,0.45655569973231358,-0.11236706587846822
18.68,9340,0.0068368944525394786,0.014999687494804853,0,0.27581623656302112,0.00011201008115872303,0.00027826472753647818,6.4675322619145882e-07,2.1327258847706145e-05,2.9167692778370209,1.217657176331665,-0.18270963791024861,0.045264808131378918,1.7771134451476875,0.45703916610932538,-0.11302326823807488,1.7771329724570037,0.45697220565989355,-0.11293562555050803
18.699999999999999,9350,0.0068378296143744698,0.014999698101648298,0,0.27623859915088927,0.00011224224165800478,0.00026813929989589992,6.4706614101856465e-07,2.1531352099333316e-05,2.9172321655634463,1.2176815180825362,-0.18268859010401062,0.045253587962037281,1.7770228785411024,0.45743715931784795,-0.11356670988438899,1.7770421946769557,0.45737010953124907,-0.11347879211698583
18.719999999999999,9360,0.0068387553180305205,0.014999718908714352,0,0.27664208419264208,0.00011229568499705098,0.00025774350303332788,6.487596612977319e-07,2.1598954627055457e-05,2.917686196691069,1.2177058563113754,-0.18266755244906316,0.045242367791467501,1.7769367112028951,0.45781649244975986,-0.11408472684865813,1.7769556482423927,0.45774946625650076,-0.11399664053405015
18.740000000000002,9370,0.0068396716384313203,0.014999748074234213,0,0.27702664241556785,0.0001121776474653421,0.00024724966397165972,6.523821826845094e-07,2.1327258847706145e-05,2.9181314286446374,1.2177301917154328,-0.18264652308515109,0.045231147915589298,1.7768548850406916,0.45817725423448158,-0.11457742437276913,1.7768733145087408,0.45811035755992324,-0.11448928236104193
18.760000000000002,9380,0.0068405788423581589,0.01499977606023639,0,0.27739224819968972,0.00011191535722348644,0.00023690641841858556,6.5708946638766203e-07,2.1429548445808714e-05,2.9185680277027237,1.2177545276506723,-0.18262549239773124,0.045219928054599755,1.7767772205150139,0.45851957892875778,-0.11504493372855785,1.7767951685905345,0.45845289252132465,-0.11495686649951534
18.780000000000001,9390,0.0068414770319930414,0.014999801563041223,0,0.27773892998481997,0.00011150755795938669,0.0002267118713371981,6.6257841659259438e-07,2.1933842111273517e-05,2.9189960721845618,1.2177788645310594,-0.18260445907611458,0.045208707866383209,1.7767036639596185,0.45884360324634899,-0.11548743684640871,1.7767211792379083,0.45877720811742656,-0.1153995799322592
18.800000000000001,9400,0.0068423662946959498,0.014999824620583987,0,0.27806675805370179,0.00011094780675490938,0.00021661299127858849,6.6856239684751354e-07,2.2033315828455735e-05,2.9194156343631903,1.2178032023302061,-0.18258342315940582,0.04519748728542701,1.7766341885025589,0.45914948819516949,-0.11590515778103078,1.7766513087130842,0.45908346976324427,-0.11581764846231882
18.82,9410,0.0068432465599306824,0.014999852068439483,0,0.27837585695909822,0.00011021572265514554,0.00020678602165679328,6.7636805640349066e-07,2.1867274910380131e-05,2.9198267073196531,1.2178275383908763,-0.18256239153099582,0.045186267842577066,1.7765688705903695,0.45943740885953493,-0.11629837449956358,1.7765855126668626,0.45937187185346545,-0.11621133745201576
18.84,9420,0.0068441179505645787,0.014999882877258749,0,0.27866636959745728,0.00010931093903499054,0.00019716811314861711,6.8622729610183296e-07,2.1429548445808714e-05,2.9202294034241607,1.2178518731887682,-0.18254136315356856,0.045175049265059712,1.7765076380091043,0.45970759069297873,-0.11666738631659987,1.7765237400151113,0.45964263830383123,-0.11658095256197071
18.859999999999999,9430,0.006844980719237192,0.014999911419359472,0,0.27893846866030997,0.0001082423383469606,0.00018761275210414877,6.9668645928019611e-07,2.1933842111273517e-05,2.9206239118745949,1.2178762089172506,-0.18252033236046439,0.045163830229383688,1.7764503357105828,0.45996029925991583,-0.11701252426012082,1.7764659328152559,0.45989602309251526,-0.11692684049012365
18.879999999999999,9440,0.0068458350183094622,0.014999937201186109,0,0.27919238103307698,0.00010700646712446214,0.00017815864697878357,7.0725210158991756e-07,2.1933842111273517e-05,2.9210103681356538,1.2179005457196865,-0.18249929865558043,0.045152610613813822,1.7763968942843271,0.46019581722614167,-0.11733417381832462,1.7764120261427687,0.46013231080150374,-0.11724938971075563
18.900000000000002,9450,0.0068466809988413611,0.014999960472772338,0,0.27942837641201723,0.0001055977657691704,0.00016882280967404824,7.1768156164119468e-07,2.1800504449438904e-05,2.921388911516734,1.2179248834940266,-0.18247826229086994,0.045141390461956692,1.7763472553218744,0.46041445634194217,-0.11763276499956571,1.7763619479676582,0.46035181715797518,-0.11754903121350976
18.920000000000002,9460,0.0068475188243159926,0.014999981580735768,0,0.2796467653737077,0.00010401097011371174,0.00015973098705346922,7.2784898351002433e-07,2.206637408534863e-05,2.9217596953861369,1.2179492221142005,-0.18245722361532088,0.045130169838476814,1.7763013526219189,0.46061656031608045,-0.11790877088031891,1.7763156190309592,0.46055488957568008,-0.11782623924241223
18.940000000000001,9470,0.0068483486735371685,0.015000000837732895,0,0.27984789956272638,0.00010224137470924009,0.00015080165993445763,7.3769041159960212e-07,2.2165253030559974e-05,2.9221228891165016,1.2179735614682827,-0.18243618294369729,0.045118948800656304,1.7762591094070754,0.46080250556929953,-0.11816270813449545,1.7762729527212229,0.46074190769632151,-0.1180815320348947
18.960000000000001,9480,0.0068491707411514292,0.015000018510838729,0,0.28003217217489074,0.00010028469961122101,0.00014204494666289366,7.4717967805235881e-07,2.2000207897163392e-05,2.9224786782776588,1.217997901460431,-0.18241514054487357,0.045107727396417975,1.7762204388160083,0.46097270165338222,-0.1183951378767111,1.7762338549510048,0.460913283930934,-0.11831547256081432
18.98,9490,0.0068499853712770753,0.015000029804452648,0,0.28020000659811428,9.8145675838845746e-05,0.00013338556798973269,7.5378203019549163e-07,2.1867274910380131e-05,2.9228273358698593,1.2180222440021962,-0.18239409158902009,0.045096504486482003,1.7761851632416648,0.46112760298541888,-0.11860665546491932,1.7761982240333565,0.46106946400126358,-0.11852866926147512
19,9500,0.0068507927848981964,0.015000035862378564,0,0.28035188439513886,9.5817952327719052e-05,0.00012504213876641732,7.5785968314204536e-07,2.1933842111273517e-05,2.923169070777027,1.2180465885824998,-0.18237303722887632,0.045085280345423723,1.7761532005188461,0.46126768296098558,-0.1187979170013512,1.7761659505583134,0.46121092748114767,-0.11872177678864972
19.02,9510,0.0068515931225818019,0.015000041471262146,0,0.28048833760856701,9.3289034756999248e-05,0.00011685164205942842,7.6174280096880652e-07,2.1900583802360337e-05,2.9235040568246977,1.2180709333184236,-0.18235198228495533,0.045074056090325762,1.7761245187402992,0.4613934419365272,-0.11896963283683856,1.7761369172693857,0.46133818833789531,-0.11889549674360046
19.039999999999999,9520,0.0068523866282447863,0.015000047528682349,0,0.28060993048338378,9.055401444622361e-05,0.00010908273998571174,7.6585063268849835e-07,2.2000207897163392e-05,2.9238325360694173,1.2180952779203129,-0.182330927660248,0.045062831903639328,1.7760990070033695,0.46150542552091472,-0.11912255091792708,1.776110998940047,0.46145179547366622,-0.11905057841610052
19.059999999999999,9530,0.0068531737379349082,0.015000047798019504,0,0.28071725690286031,8.7624834069589287e-05,0.0001015093421818094,7.6630720668799919e-07,2.1733528855063329e-05,2.924154860363279,1.218119624603206,-0.18230986706415048,0.045051607924804435,1.7760764381550607,0.46160423446035609,-0.11925745613789136,1.7760880622502251,0.4615523332668513,-0.11918781952345535
19.080000000000002,9540,0.0068539547370542577,0.015000043467946433,0,0.28081096926048832,8.4494149101890293e-05,9.4302381498102456e-05,7.6401396670397359e-07,2.2198114802541581e-05,2.9244713072877406,1.2181439729157864,-0.18228880169848594,0.045040383838534453,1.7760566870776495,0.46169048177512917,-0.11937519432860591,1.77606796566279,0.46164042211345202,-0.11930806694952367
19.100000000000001,9550,0.0068547298102973825,0.015000040445205141,0,0.28089177236710555,8.1144293736621284e-05,8.7352351816117038e-05,7.6258956176758438e-07,2.2198114802541581e-05,2.9247821092825355,1.2181683207760596,-0.18226773752038017,0.04502915956836042,1.7760396916703132,0.46176480554200022,-0.11947666880238457,1.7760505593000455,0.46171671896846028,-0.11941221748373861
19.120000000000001,9560,0.0068554992655020372,0.015000039781470319,0,0.28096040517882498,7.7570597244329233e-05,8.0824907254023356e-05,7.6248736686275919e-07,2.2296409518597789e-05,2.9250875745384519,1.2181926678420165,-0.18224667558746455,0.045017935380456287,1.7760253087074742,0.46182789696160637,-0.11956282585321698,1.7760356848202168,0.46178191788723877,-0.11950121856013009
19.140000000000001,9570,0.0068562634470478757,0.015000041620312866,0,0.28101764853521455,7.377113781428438e-05,7.4430260893384062e-05,7.6373512352122366e-07,2.2165253030559974e-05,2.9253880415794176,1.2182170140716884,-0.18222561604352519,0.045006711362588062,1.7760133652188463,0.46188048752823679,-0.11963466098738382,1.7760231752939417,0.46183675056689955,-0.1195760689963439
19.16,9580,0.0068570227221682583,0.015000045860493791,0,0.28106432743166665,6.974425205752088e-05,6.8515002644514697e-05,7.6628138652544408e-07,2.265317472408141e-05,2.9256838695547183,1.2182413595005412,-0.1822045587863152,0.04499548752525788,1.7760036761786762,0.46192334690731629,-0.11969322151267016,1.7760128550807592,0.46188198688768523,-0.11963781973266509
19.18,9590,0.0068577776490816866,0.015000046284452324,0,0.2811012954898568,6.5498409291338535e-05,6.2774139161097243e-05,7.6665477335881751e-07,2.2459278078588273e-05,2.9259755231368754,1.2182657074214052,-0.18218349753977037,0.044984261645711884,1.7759959684615181,0.46195730144693947,-0.1197395938945098,1.7760045397056001,0.46191843545434802,-0.11968757457103801
19.199999999999999,9600,0.006858528615044341,0.015000043903190588,0,0.28112947362866703,6.1028410339310517e-05,5.750151246234598e-05,7.6554439051482747e-07,2.2394272795856101e-05,2.9262633847317945,1.2182900569642792,-0.18216243332927318,0.044973034375627441,1.7759900607851471,0.46198319093904505,-0.11977493713601475,1.7759980357352756,0.46194694413753007,-0.11972649091408853
19.219999999999999,9610,0.0068592759001379795,0.015000044391695963,0,0.28114983864848586,5.6320744222848783e-05,5.2809885757718632e-05,7.6610254663357703e-07,2.1867274910380131e-05,2.9265477891845491,1.2183144050910599,-0.18214137188351714,0.044961807810152944,1.7759858316917407,0.46200188300219686,-0.11980047429614524,1.7759931406549672,0.46196840061514222,-0.11975578050414351
19.240000000000002,9620,0.0068600201145858119,0.015000040815381799,0,0.2811633816036101,5.1387400853309457e-05,4.8266535893432171e-05,7.6255202483478553e-07,2.2000207897163392e-05,2.9268292417162978,1.2183387540238944,-0.18212030618840974,0.044950585326740206,1.77598301010031,0.46201432971198164,-0.1198174595049766,1.775989642744717,0.46198373291374517,-0.11977671016225423
19.260000000000002,9630,0.0068607616858621656,0.015000035440492793,0,0.28117115855040387,4.6219162697027277e-05,4.4264684931927339e-05,7.5714658121170711e-07,2.2394272795856101e-05,2.9271081781561255,1.2183631031539255,-0.18209923853971907,0.044939364978027058,1.7759813863786811,0.46202148723005643,-0.11982721516730338,1.7759873209559165,0.46199390994992828,-0.11979060252721577
19.280000000000001,9640,0.0068615011806667618,0.015000028103639146,0,0.28117425280043856,4.0808978453082858e-05,4.080287782440274e-05,7.5209729459280596e-07,2.2426798989897964e-05,2.9273851120844312,1.2183874560760419,-0.18207816876749794,0.044928137080130083,1.7759807291059062,0.46202437316366424,-0.11983110583749122,1.7759859447877968,0.46199994207169021,-0.11979883679459007
19.300000000000001,9650,0.0068622390067150096,0.015000022066092397,0,0.28117382379383038,3.514884724376047e-05,3.7624207242194181e-05,7.4883011499994792e-07,2.2459278078588273e-05,2.9276604840079674,1.2184118097319683,-0.18205710017276128,0.044916905658936475,1.77598082791774,0.46202401920399,-0.11983057803389585,1.7759852741639173,0.46200288159981784,-0.11980284945572535
19.32,9660,0.0068629754318508844,0.015000025959065888,0,0.28117109242421684,2.9222924432147851e-05,3.4764421610577404e-05,7.5116631879929375e-07,2.2000207897163392e-05,2.9279346766578476,1.2184361576570475,-0.18203604148259381,0.044905677826250275,1.7759815169054249,0.46202148162319101,-0.1198271484407,1.775985059308657,0.46200382336926676,-0.11980413503677848
19.34,9670,0.0068637110733221485,0.015000037340136994,0,0.2811672861702183,2.3041166181238019e-05,3.2577926011843611e-05,7.5614466872390844e-07,2.183391520383078e-05,2.9282082488429348,1.2184605007580382,-0.182014990211219,0.044894456413431441,1.7759825194244181,0.46201791649939022,-0.11982236286280314,1.7759850419053402,0.46200391015912579,-0.11980424229820416
19.359999999999999,9680,0.0068644463819855159,0.015000063970621209,0,0.2811636848610799,1.6703688184261716e-05,3.0593224735541473e-05,7.6903347278599061e-07,2.2263692832568247e-05,2.9284817126456382,1.2184848380079545,-0.18199395416621345,0.044883238818481705,1.7759835547000111,0.46201450394714322,-0.1198178269643964,1.7759850877157366,0.46200482445806479,-0.119804300303577
19.379999999999999,9690,0.006865182255391301,0.015000110080180961,0,0.28116067382395599,1.0687721238039636e-05,2.8649163135282158e-05,7.9991461901989611e-07,2.206637408534863e-05,2.9287557128353647,1.2185091647710236,-0.1819729377378059,0.044872018417349349,1.7759846179810677,0.46201322008757634,-0.11981442818940718,1.7759853039085323,0.46200913930489701,-0.11980457404806968
19.400000000000002,9700,0.0068659204470731686,0.015000164164438171,0,0.28115763726442,7.4482035268620419e-06,2.7559834460191767e-05,8.4153623783751406e-07,2.2033315828455735e-05,2.9290311957425823,1.2185334867238469,-0.18195192929134529,0.044860794730552607,1.7759858307436003,0.46201691814946388,-0.11981224270300102,1.7759858188477795,0.46201941663154122,-0.11980522606694261
19.420000000000002,9710,0.006866662554239269,0.015000223371243038,0,0.28115383088478518,1.0806904303187895e-05,2.7187027258974601e-05,8.8983426001645638e-07,2.2000207897163392e-05,2.9293090360427945,1.2185578067847533,-0.18193092589150617,0.044849569643766483,1.7759872922000941,0.46202843403833327,-0.11981120912227851,1.7759867551047919,0.46203810275654017,-0.1198064115606593
19.440000000000001,9720,0.0068674102405173569,0.015000276440971086,0,0.28114858354138128,1.7396930713601607e-05,2.6453208906905879e-05,9.3360579666652081e-07,2.2230927998283902e-05,2.9295901135343447,1.2185821302444433,-0.18190991612491353,0.044838346711216732,1.7759891040189302,0.4620504189816661,-0.1198112947922986,1.7759882295442557,0.46206753010368412,-0.11980827850392015
19.460000000000001,9730,0.0068681648221196098,0.015000322040331977,0,0.28114134719986883,2.4718990996363288e-05,2.5755111910467719e-05,9.7137064129431901e-07,2.2132342465963256e-05,2.9298751552130571,1.2186064575593476,-0.18188889865170862,0.044827125331772057,1.7759914002762522,0.46208527158753337,-0.11981253030346795,1.7759903534103394,0.46210991892063402,-0.11981096775469605
19.48,9740,0.006868927311360574,0.015000367966591226,0,0.28113166479468832,3.2215887609815735e-05,2.5924369670044465e-05,1.0112499326591416e-06,2.2000207897163392e-05,2.9301647535480289,1.2186307841995265,-0.18186788139555879,0.044815903113477273,1.7759943371777522,0.46213518422633459,-0.11981498681496465,1.7759932324128052,0.46216737899754523,-0.11981461316326217
19.5,9750,0.0068696988489588143,0.015000414286981045,0,0.28111910020497821,3.9672919514708586e-05,2.5755111910467719e-05,1.0530235433267248e-06,2.2556434745889217e-05,2.9304595385964967,1.2186551102497902,-0.18184686442153508,0.044804680162154165,1.7759980524858998,0.46220225803194259,-0.11981873062154354,1.7759969668131188,0.46224191138569093,-0.11981934168123161
19.52,9760,0.0068704805106629225,0.015000460744918835,0,0.28110325926237101,4.6978424881392185e-05,2.6036596903232025e-05,1.0961890429277953e-06,2.2361699290911531e-05,2.9307601071503897,1.2186794359435336,-0.18182584746702057,0.044793456607173182,1.7760026663485953,0.46228846470729373,-0.11982383433838771,1.7760016515105612,0.46233541011608531,-0.11982527347058908
19.539999999999999,9770,0.0068712737010708652,0.015000489884116347,0,0.28108374066468239,5.3988748976835032e-05,2.664539873259316e-05,1.121682357316986e-06,2.2426798989897964e-05,2.9310671905056394,1.2187037717419444,-0.1818048128152302,0.044782233939966755,1.77600820870381,0.46239572557405506,-0.11983034328028105,1.7760073761283379,0.46244966391810738,-0.11983252201272464
19.559999999999999,9780,0.0068720792284151051,0.015000504926585114,0,0.28106024528564721,6.0688596048634229e-05,2.7665428082454169e-05,1.1327647322876676e-06,2.206637408534863e-05,2.9313812628929314,1.2187281154862888,-0.18178376374292846,0.044771011646081701,1.7760147868878895,0.4625257387311088,-0.11983834784693292,1.7760142250996904,0.46258635793812403,-0.11984119421746736
19.580000000000002,9790,0.006872897600140212,0.015000519902221617,0,0.28103253700196895,6.7118418051363617e-05,2.9078482582128638e-05,1.1444504756954564e-06,2.2263692832568247e-05,2.931702659476795,1.218752458833319,-0.18176271448779049,0.044759788594094123,1.7760225596390149,0.46268004545718955,-0.11984795810460344,1.7760222777540062,0.46274707545811383,-0.11985139053211906
19.600000000000001,9800,0.0068737296156250547,0.015000535456228212,0,0.28100036996527605,7.3258674619904721e-05,3.0354024625058721e-05,1.1571702844110146e-06,2.2132342465963256e-05,2.9320318298413524,1.2187768016406464,-0.18174166569711411,0.044748564984994917,1.7760316220403112,0.46286014754530602,-0.11985925435125488,1.7760316084029302,0.46293329961429014,-0.11986320505048792
19.620000000000001,9810,0.0068745760355220717,0.015000551411141717,0,0.28096352670855684,7.9091521406886273e-05,3.1990888271559454e-05,1.1706449593549441e-06,2.2263692832568247e-05,2.9323692038648135,1.2188011440895852,-0.18172061718840227,0.044737340913791369,1.776042045722322,0.46306744724022991,-0.11987231138815159,1.7760422864264744,0.46314641511572485,-0.11987672562192232
19.640000000000001,9820,0.0068754375627808964,0.015000567589877617,0,0.28092182226978069,8.460615240126634e-05,3.3634780947412156e-05,1.1846621214369644e-06,2.2361699290911531e-05,2.9327151807654923,1.2188254862969736,-0.18169956878155896,0.044726116407240113,1.7760538932728567,0.46330324333078138,-0.11988720118699406,1.776054376359129,0.46338770996297152,-0.11989203396034438
19.66,9830,0.006876314921133107,0.015000579742277885,0,0.28087509575796737,8.9787682064831155e-05,3.5654634224387812e-05,1.1948278700593527e-06,2.1933842111273517e-05,2.9330701673217954,1.2188498305895157,-0.18167851617153241,0.044714891279352506,1.7760671871528091,0.46356874448434959,-0.11990398594756194,1.776067937975973,0.46365837716668912,-0.11990920575328377
19.68,9840,0.006877208664507025,0.015000588692875258,0,0.28082322782781666,9.4637110385379313e-05,3.7990528941920009e-05,1.202004718543114e-06,2.265317472408141e-05,2.933434485149673,1.2188741764509501,-0.1816574601953537,0.044703665527019924,1.7760819896775775,0.46386504960763025,-0.11992273219292726,1.7760830263787841,0.46395951646626532,-0.11992831077091137
19.699999999999999,9850,0.0068781191702715055,0.015000602144990166,0,0.28076614251684906,9.9171916573759317e-05,4.0263371349293496e-05,1.2141533313789919e-06,2.2198114802541581e-05,2.933808363943573,1.2188985196484905,-0.18163640865632547,0.0446924395096987,1.7760984182454822,0.46419314802290668,-0.11994351236678956,1.7760996920821506,0.46429213604843977,-0.11994941297507293
19.719999999999999,9860,0.0068790469653831916,0.01500061932931401,0,0.28070377677049269,0.00010339010597365074,4.1965384839241009e-05,1.230362379951184e-06,2.2230927998283902e-05,2.9341920992267738,1.2189228607609421,-0.18161536077049523,0.04468121331636165,1.7761165136834685,0.46455396009904498,-0.1199663799397899,1.7761179810995809,0.46465715426592802,-0.11997257062832284
19.740000000000002,9870,0.0068799925807658206,0.015000636463933363,0,0.28063609220022928,0.00010728484907575474,4.4198765781529747e-05,1.246687602252887e-06,2.2198114802541581e-05,2.9345859876255553,1.2189472018904011,-0.18159431270598211,0.044669986799570634,1.7761362803898397,0.46494832382856027,-0.11999137853052863,1.7761379350296143,0.4650554013560444,-0.11999783640295776
19.760000000000002,9880,0.0068809564171249454,0.015000653132405355,0,0.28056308801029278,0.00011085896842821463,4.6356056629868636e-05,1.2627575121542668e-06,2.2329078268013787e-05,2.9349902607331719,1.2189715431832879,-0.18157326404333093,0.044658759889457611,1.7761577463663023,0.46537698051482179,-0.12001855260618796,1.7761595911419319,0.46548762115932568,-0.12002525749005036
19.780000000000001,9890,0.0068819388213190837,0.015000669247421173,0,0.28048479467760462,0.00011411708932032535,4.8881803374596877e-05,1.2784908891675901e-06,2.2459278078588273e-05,2.9354051190651038,1.2189958846610731,-0.18155221469488494,0.044647532570545469,1.7761809433680236,0.4658405847996272,-0.12004794268280279,1.776182982463467,0.46595447283815467,-0.120054875708483
19.800000000000001,9900,0.0068829398860963025,0.015000693683618531,0,0.28040130131096996,0.00011711026781644336,5.1848739340090258e-05,1.3038542171790816e-06,2.1933842111273517e-05,2.935830648700235,1.219020221329278,-0.18153117366697968,0.044636303322027705,1.7762059407081852,0.46633965986908293,-0.12007960348742831,1.7762081378645158,0.46645653259538361,-0.12008672761398144
19.82,9910,0.0068839599460191686,0.015000724155872206,0,0.28031268619812455,0.00011982444474913677,5.5317680582828903e-05,1.33617545721613e-06,2.2361699290911531e-05,2.9362670300448137,1.2190445546094284,-0.18151013863628099,0.044625072750268051,1.7762327563385796,0.46687471529766356,-0.12011355838867696,1.7762350821448474,0.46699429539295728,-0.12012084460814848
19.84,9920,0.006884999413147381,0.015000752831170663,0,0.28021904104732731,0.00012222163566630117,5.8867058302302775e-05,1.3666719578009086e-06,2.262097403300073e-05,2.9367144728800332,1.2190688888816295,-0.18148910165455601,0.044613842158749521,1.7762613707837742,0.46744620649927454,-0.12014981479062095,1.7762638361198155,0.46756817667053696,-0.12015725304749776
19.859999999999999,9930,0.0068860584632295238,0.015000779218064798,0,0.28012051377490499,0.00012430895472725797,6.2378083856130893e-05,1.3949236217591586e-06,2.262097403300073e-05,2.937173082605165,1.2190932242772154,-0.18146806222817602,0.04460261139866576,1.7762917909070142,0.46805446428439501,-0.12018839322117611,1.776294416706468,0.46817851406412336,-0.12019597435248738
19.879999999999999,9940,0.0068871367647844895,0.015000821200379308,0,0.28001733033779719,0.00012617040977332169,6.517822313234003e-05,1.4419308037019143e-06,2.2459278078588273e-05,2.9376427522497393,1.2191175490632398,-0.18144703853907485,0.044591378872471131,1.7763240755342307,0.46869966303930805,-0.1202293436959806,1.7763268370096581,0.46882556912468049,-0.1202370251165536
19.900000000000002,9950,0.0068882345538772202,0.015000873977878125,0,0.27990967630822622,0.00012778366098775435,6.8098818573696345e-05,1.5019223158296496e-06,2.2361699290911531e-05,2.9381235922712441,1.219141866652008,-0.18142602570005192,0.044580145178005057,1.7763582320632871,0.46938201304995886,-0.12027266639148441,1.7763611064081546,0.46950952903675897,-0.12028041721514457
19.920000000000002,9960,0.0068893522901254294,0.015000921962225192,0,0.2797977373627839,0.00012908647681550214,7.1431828152699928e-05,1.5566141455543371e-06,2.2329078268013787e-05,2.938615799823554,1.2191661871997346,-0.18140500786498709,0.044568911608518412,1.7763942230544674,0.47010169404427271,-0.12031833801194945,1.7763972306407529,0.47023050833711905,-0.120326157914754
19.940000000000001,9970,0.0068904899864790691,0.015000964577986204,0,0.27968177051918314,0.00013008842826469524,7.5277469797072248e-05,1.605517118976788e-06,2.2230927998283902e-05,2.9391193893845511,1.2191905107939269,-0.18138398445743736,0.044557677977817928,1.7764320374961511,0.47085874042600762,-0.1203663612275897,1.776435211892385,0.47098855063335471,-0.12037424998195488
19.960000000000001,9980,0.0068916475965421029,0.015001002130242169,0,0.27956206134537021,0.00013080400020582238,7.9405539149626558e-05,1.649029997999449e-06,2.1867274910380131e-05,2.9396343419970403,1.2192148371338356,-0.18136295579062783,0.04454644416840401,1.7764716749106277,0.47165311201147198,-0.12041673734204555,1.7764750488802308,0.4717836303225168,-0.12042469179243316
19.98,9990,0.0068928250390886238,0.015001034939928182,0,0.27943891771539442,0.00013124502574891927,8.3809093030114506e-05,1.6875031024877061e-06,2.2230927998283902e-05,2.9401606175130617,1.2192391660018569,-0.18134192219100051,0.04453521014270137,1.7765131357661648,0.47248470373888113,-0.1204694626833329,1.7765167369398278,0.47261565430973634,-0.12047747744002144
20,10000,0.0068940221986439872,0.015001063301815677,0,0.27931266891356032,0.00013142150786487345,8.849642870184128e-05,1.7212394046878703e-06,2.206637408534863e-05,2.9406981559938168,1.2192634972293979,-0.18132088395734869,0.044523975895812425,1.7765564176290738,0.47335334663381629,-0.12052452873369612,1.7765602681111825,0.47348446372684833,-0.1205325968457327
20.02,10010,0.0068952389256475375,0.015001087485774046,0,0.27918366479294399,0.0001313424310692888,9.3463845402285363e-05,1.7505148344377056e-06,2.1867274910380131e-05,2.9412468782164631,1.219287830671355,-0.18129984136288865,0.044512741432895672,1.7766015140621829,0.4742588087228255,-0.12058192246677893,1.776605631224881,0.47438983565101472,-0.12059003586679394
20.039999999999999,10020,0.0068964750370952453,0.015001107739594234,0,0.27905227462240251,0.0001310161158522598,9.8595146934098027e-05,1.7755862499205427e-06,2.1967050066869309e-05,2.9418066861150316,1.2193121661964306,-0.18127879465839464,0.044501506761355947,1.7766484145520518,0.4752007963940682,-0.12064162658232862,1.776652811988199,0.47533148482334825,-0.12064977640567998
20.059999999999999,10030,0.006897730317368774,0.015001124291919377,0,0.27891888575444562,0.00013045039256275951,0.00010396425213502615,1.7966946829886779e-06,2.2000207897163392e-05,2.9423774632129862,1.2193365036835708,-0.18125774407523987,0.044490271888916202,1.7766971047440714,0.47617895593660819,-0.12070361969261585,1.7767017930712121,0.4763090653675357,-0.12071179651914699
20.080000000000002,10040,0.0068990045191221969,0.015001137355026806,0,0.2787839021805032,0.0001296527193117183,0.00010941634752948854,1.8140672233761596e-06,2.1933842111273517e-05,2.9429590750711578,1.2193608430203846,-0.18123668982822039,0.044479036823540166,1.7767475667306281,0.47719287513566599,-0.12076787649083037,1.7767525541929079,0.47732217250846148,-0.12077607052726638
20.100000000000001,10050,0.0069002973641923444,0.015001147127352536,0,0.27864774299369638,0.00012863027469754357,0.00011520567358394656,1.827918577391667e-06,2.1767042412140833e-05,2.9435513697450246,1.2193851841021393,-0.18121563211810243,0.04446780157375832,1.7767997793160313,0.4782420848936903,-0.12083436790815442,1.7768050722072952,0.47837034429083053,-0.12084256912245833
20.120000000000001,10060,0.0069016078794267646,0.015001183046676473,0,0.27851090884051904,0.00012747031012179762,0.00012170991767333207,1.8721483345431309e-06,2.2329078268013787e-05,2.94415388401569,1.2194095103086495,-0.1811946008318413,0.044456560812113424,1.776853914561098,0.47932596828388846,-0.12090311664287759,1.776859321189515,0.47945306329779269,-0.12091125947852563
20.140000000000001,10070,0.0069029359203494319,0.015001239510481634,0,0.2783738202237821,0.00012614618906777104,0.00012865663489142394,1.9393258101142487e-06,2.1565179853261896e-05,2.9447665041334452,1.2194338257682402,-0.18117359024623991,0.044445317208499299,1.7769099292420729,0.48044398186123904,-0.12097406917093184,1.776915272521951,0.48056975836956534,-0.12098210535968723
20.16,10080,0.0069042817511509235,0.01500129084088021,0,0.27823686531265196,0.00012458618317369609,0.00013546242910210919,1.9998497450370761e-06,2.2329078268013787e-05,2.9453893085403724,1.2194581450005335,-0.18115257429011047,0.044434075501555315,1.7769675988451963,0.48159558594970281,-0.12104713204956261,1.7769728949803409,0.48171980632205735,-0.12105506722961208
20.18,10090,0.0069056450514826135,0.015001333583953743,0,0.27810050167569883,0.00012279574740071308,0.00014233203072265977,2.0506926138502537e-06,2.1867274910380131e-05,2.9460221270092863,1.2194824690092376,-0.18113154949156712,0.04442283476031466,1.7770268201581283,0.482780104981687,-0.12112225670271179,1.777032154819886,0.48290253366549207,-0.12113010236045271
20.199999999999999,10100,0.0069070254141980177,0.015001367052386919,0,0.27796520239241385,0.00012078867343471456,0.00014903669972945825,2.0914803944212897e-06,2.1800504449438904e-05,2.9466647355436222,1.2195067977433742,-0.18111051516852258,0.044411594412014102,1.7770875464183384,0.48399680365513864,-0.12119939985466532,1.7770930158613618,0.48411721832303128,-0.12120716494187904
20.219999999999999,10110,0.006908420858026002,0.015001447995569579,0,0.27783161861696282,0.00011883540869039817,0.0001557616366401368,2.1920474526361371e-06,2.2000207897163392e-05,2.9473163201014305,1.2195310915148303,-0.1810895291151513,0.044400346353119867,1.7771497380639378,0.48524463376126498,-0.12127864663202423,1.7771554395772298,0.48536309134939809,-0.12128620619011193
20.240000000000002,10120,0.0069098314169244498,0.015001559648251986,0,0.2777001524467278,0.00011683542439056524,0.00016267916957489305,2.331818959981746e-06,2.1800504449438904e-05,2.9479768021916839,1.2195553621618522,-0.18106857426046943,0.044389092643153126,1.777213383444505,0.48652288494859364,-0.12135989220898079,1.7772193851777467,0.48663933864950104,-0.12136717445695704
20.260000000000002,10130,0.0069112580104883784,0.015001651127279209,0,0.27757111390627848,0.0001145472505834201,0.00016975716904679174,2.4482398924540198e-06,2.1733528855063329e-05,2.9486464269938084,1.2195796451206469,-0.18104759878829874,0.044377840367298221,1.7772784592210262,0.48783094963136164,-0.12144295689264646,1.7772848096970759,0.48794510269705643,-0.1214500153388384
20.280000000000001,10140,0.0069127001503548917,0.015001721240837993,0,0.27744407431569135,0.00011198674750099844,0.00017674557997091414,2.5398655358214501e-06,2.183391520383078e-05,2.9493249175446734,1.219603941063184,-0.18102660148648275,0.044366589808885505,1.7773449169829894,0.48916791334157428,-0.12152778803763735,1.7773516680793975,0.48927948425321316,-0.12153467178583216
20.300000000000001,10150,0.0069141572311189788,0.01500177224260232,0,0.27731493886614655,0.00010919243248641264,0.00018369828374445132,2.6094562676982381e-06,2.1531352099333316e-05,2.9500119464794912,1.2196282484200756,-0.18100558464922797,0.044355340654590972,1.7774127148778756,0.49053279798657629,-0.12161434206161149,1.7774199132650192,0.49064154408517524,-0.12162108421070029
20.32,10160,0.0069156286401036195,0.015001806155268546,0,0.27718388224026702,0.00010619335452938583,0.00019048912692102164,2.6594124866936743e-06,2.1497471115166028e-05,2.9507071783530443,1.2196525659203576,-0.18098455033173502,0.044344092695476026,1.7774818152573078,0.49192459669715977,-0.12170256852617758,1.7774894962764871,0.49203030468482556,-0.1217091905979243
20.34,10170,0.0069171137576565945,0.015001824703767144,0,0.27705595659262577,0.00010301113407902454,0.00019707566661217747,2.6917289318286693e-06,2.1733528855063329e-05,2.9514102710220569,1.2196768925640205,-0.18096350028383107,0.044332845833614874,1.7775521801254321,0.49334227355911442,-0.12179241109588602,1.7775603663046957,0.49344475198734911,-0.12179892661273886
20.359999999999999,10180,0.0069186119527543015,0.015001829434874169,0,0.27693259630164935,9.9663173924530971e-05,0.00020359234666671118,2.7081724323050023e-06,2.1598954627055457e-05,2.9521208747318979,1.2197012274936105,-0.18094243607321231,0.044321600025958779,1.7776237687309318,0.49478476212120365,-0.12188380909859289,1.7776324707949989,0.49488383708985673,-0.12189022571016557
20.379999999999999,10190,0.0069201225816801154,0.015001821766245788,0,0.27681425592360126,9.6164194378112547e-05,0.00020988597313449607,2.7103585422405782e-06,2.1361409804484527e-05,2.9528386320078353,1.2197255699370546,-0.18092135913619828,0.044310355250799197,1.7776965367444757,0.4962509656037648,-0.12197669831791097,1.7777057555333207,0.49634647797000819,-0.1219830192440466
20.400000000000002,10200,0.0069216449882555618,0.015001802998183298,0,0.27670137581286341,9.2526986267635786e-05,0.000215962545889768,2.699772916774302e-06,2.1867274910380131e-05,2.9535631779422316,1.2197499191890828,-0.18090027079008991,0.044299111493466659,1.7777704362383497,0.49773975789694025,-0.12207101144234796,1.7777801647322653,0.49783156120463634,-0.12207723657607847
20.420000000000002,10210,0.0069231785044939244,0.015001774317580248,0,0.27659438060219382,8.87629107523651e-05,0.00022187275798476531,2.6777780462937944e-06,2.1598954627055457e-05,2.9542941405398717,1.2197742746050078,-0.18087917223731725,0.044287868741296137,1.7778454160123718,0.49924998481044885,-0.12216667841155611,1.7778556411172282,0.49933794368836898,-0.12217280518484562
20.440000000000001,10220,0.0069247224512933381,0.015001736803947372,0,0.27649367767258626,8.4882300234090022e-05,0.00022754629400083138,2.6456201423737492e-06,2.1598954627055457e-05,2.9550311410551777,1.2197986355966399,-0.18085806457157266,0.044276626982315298,1.7779214220343025,0.50078046542125176,-0.12226362672200798,1.7779321260125067,0.50086445435225424,-0.12226965077485424
20.460000000000001,10230,0.0069262761391034383,0.015001691438398669,0,0.2763996556359733,8.0894793451973953e-05,0.00023302234178845671,2.6044386540607372e-06,2.084327099243578e-05,2.9557737943163298,1.2198230016278484,-0.18083694878690315,0.044265386205249377,1.7779983978815412,0.50232999349092067,-0.12236178169963302,1.7780095594274097,0.50240989588238305,-0.12236769738556588
20.48,10240,0.0069278388685844305,0.015001639114119954,0,0.27631268284206834,7.6809618116312247e-05,0.00023823191667626928,2.5552774245061841e-06,2.1017403266208992e-05,2.9565217090648868,1.2198473722095913,-0.18081582578829358,0.044254146399897526,1.7780762851332854,0.50389733894632216,-0.12246106673963703,1.7780878801423698,0.50397304643851226,-0.1224668675004312
20.5,10250,0.0069294099312840621,0.015001580646875705,0,0.27623310592220768,7.2635837319450685e-05,0.00024315017775283949,2.4990960318788827e-06,2.1017403266208992e-05,2.9572744883275965,1.2198717468949447,-0.18079469640229168,0.044242907557500016,1.7781550236962846,0.50548124941614303,-0.1225614035160741,1.7781670257950528,0.50555266137268895,-0.12256708215592362
20.52,10260,0.0069309886103474071,0.015001516784643683,0,0.27616124838457351,6.8382580940931737e-05,0.00024787094335030848,2.4367804465121861e-06,2.122447627911835e-05,2.9580317298143735,1.2198961252743783,-0.18077356138675299,0.044231669670968088,1.7782345520651792,0.50708045181353456,-0.12266271216574284,1.7782469329664683,0.50714747494787304,-0.12266826105057303
20.539999999999999,10270,0.0069325729885449175,0.015001489024149234,0,0.2760975510726853,6.4445829233284168e-05,0.00025377622780239765,2.4274757583666492e-06,2.0982692419620152e-05,2.9587926847237305,1.2199204756711708,-0.18075246326818789,0.04422040456802407,1.7783145116328578,0.50869330982866245,-0.12276501554286522,1.7783275372670804,0.50875620205656125,-0.12277032265399954
20.559999999999999,10280,0.0069341640251507327,0.015001440142210302,0,0.27604207277227855,6.0310831813257234e-05,0.00025873145143800444,2.3927109301593816e-06,2.1155677147440178e-05,2.9595574647721214,1.2199448393342045,-0.1807313434943088,0.044209147798403924,1.7783951474235924,0.5103190113352023,-0.12286807246052998,1.7784087734229188,0.51037753993941049,-0.12287318431594706
20.580000000000002,10290,0.0069357607333545559,0.015001378772546854,0,0.27599509914052939,5.6100120229502638e-05,0.0002632393363318361,2.3453410475800754e-06,2.0947924057011411e-05,2.9603255863971292,1.2199692095985928,-0.18071021091940109,0.044197892664538815,1.7784763196928421,0.51195613620121194,-0.12297182695502155,1.7784905753616891,0.51201016990386128,-0.12297676237531714
20.600000000000001,10300,0.0069373617039330928,0.015001327771953107,0,0.27595692751344075,5.2080040602114027e-05,0.00026818822794535312,2.3194916558087499e-06,2.0561592220437957e-05,2.9610964506326005,1.2199935680652874,-0.18068908900284192,0.04418662247810131,1.7785577615711978,0.51360314443940946,-0.1230762535013057,1.7785728762988828,0.51365275904276031,-0.12308097226920255
20.620000000000001,10310,0.0069389671579759525,0.015001254506339518,0,0.27592763861047515,4.798590799019173e-05,0.00027233371936663796,2.2701501236443341e-06,2.0773209379101241e-05,2.9618699271009747,1.220017938774735,-0.18066794433095204,0.044175358159503686,1.7786396059675178,0.51525895198267102,-0.1231811834768083,1.778655608823889,0.51530396195298545,-0.12318572864192102
20.640000000000001,10320,0.0069405763678835088,0.015001159504067673,0,0.27590739764813099,4.3824448127494977e-05,0.00027563008154771353,2.1966212908520196e-06,2.0982692419620152e-05,2.9626455718196518,1.220042323202573,-0.18064677737815379,0.044164101605503381,1.7787218794043844,0.51692219765083913,-0.12328653554944077,1.7787387049861036,0.51696242245406843,-0.12329094545404901
20.66,10330,0.0069421884686760625,0.015001047563744586,0,0.27589635480531177,3.9650862831096652e-05,0.00027817826882769623,2.104101009002866e-06,2.1632676668865267e-05,2.9634229021690279,1.2200667193576569,-0.18062559299308156,0.044152852649720631,1.7788045608044736,0.51859147321055377,-0.1233922399912441,1.7788220963810415,0.51862677530681811,-0.12339653609145523
20.68,10340,0.0069438026032517357,0.015000922960372446,0,0.27589462416527766,3.5529379559616733e-05,0.0002801054249742266,1.997535449922557e-06,2.1767042412140833e-05,2.9642014456537296,1.2200911251729216,-0.18060439550464114,0.044141610917717233,1.7788876022129936,0.52026537044143839,-0.12349822241396019,1.7789057142364455,0.52029564793194383,-0.12350241347433455
20.699999999999999,10350,0.0069454179408611517,0.015000788876185391,0,0.27590228238438635,3.1538917861802942e-05,0.00028141135747453936,1.8809183828364413e-06,2.1598954627055457e-05,2.9649807441388862,1.2201155390119067,-0.18058318813847704,0.044130376014417605,1.7789709387967092,0.5219424853366007,-0.12360440311995485,1.7789894894983986,0.5219676621286794,-0.12360849016624151
20.719999999999999,10360,0.006947033672621521,0.01500064761081089,0,0.2759193702863969,2.7788695587835367e-05,0.00028222352808257855,1.7575727886942999e-06,2.1327258847706145e-05,2.9657603504116463,1.2201399596150386,-0.18056197322843073,0.044119147526082321,1.7790544954378258,0.52362141656905137,-0.12371069881962651,1.7790733529174334,0.52364143579340616,-0.12371467848312412
20.740000000000002,10370,0.0069486490056635689,0.015000500847400353,0,0.27594589416984044,2.443842349358934e-05,0.00028248169089550802,1.6305249137289897e-06,2.1598954627055457e-05,2.9665398247832488,1.2201643859874778,-0.1805407524854955,0.044107925020449815,1.7791381915512072,0.52530076478288912,-0.12381702403293703,1.7791572351346425,0.52531558463827677,-0.1238208906023576
20.760000000000002,10380,0.0069502631591153042,0.015000349853711159,0,0.27598182668625865,2.1718331886889246e-05,0.00028229325530923689,1.5028379454701341e-06,2.1767042412140833e-05,2.9673187327851172,1.2201888173158524,-0.18051952720090803,0.044096708057523581,1.7792219445087309,0.52697913288673404,-0.12392329201670554,1.7792410667677907,0.52698872390983742,-0.12392703867177787
20.780000000000001,10390,0.0069518753616360212,0.015000195622380629,0,0.27602710750715959,1.9925527341541345e-05,0.00028163144377057618,1.3779245232915768e-06,2.1531352099333316e-05,2.9680966437791745,1.2202132529132779,-0.18049829838768378,0.044085496203289803,1.779305671898074,0.52865512689446803,-0.12402941538830838,1.7793247784974233,0.52865947010765346,-0.12403303491871552
20.800000000000001,10400,0.0069534848499812523,0.015000038967808792,0,0.27608164391898204,1.9346780250667699e-05,0.00028048510922362843,1.2598606273668911e-06,2.1531352099333316e-05,2.9688731302199463,1.220237692182581,-0.18047706687831883,0.044074289041107939,1.7793892928582142,0.5303273570578777,-0.12413530656301898,1.7794083011529791,0.53032644270293072,-0.12413879175902932
20.82,10410,0.0069550908682789042,0.014999880591970754,0,0.27614531141650656,2.0102889117945425e-05,0.00027897894914251945,1.1536758980267682e-06,2.1463536648682345e-05,2.9696477673738229,1.2202621345911424,-0.18045583339115953,0.044063086179118076,1.7794727287352305,0.53199443918094003,-0.12424087806754922,1.7794915657988986,0.53198826585714043,-0.12424422190613998
20.84,10420,0.0069566926678273485,0.014999721127252445,0,0.27621795433522178,2.2062286533218898e-05,0.00027702553889578468,1.0654884637233775e-06,2.1190104635059971e-05,2.9704201333680227,1.220286579653816,-0.18043459857362468,0.044051887253898324,1.7795559032762882,0.53365499606102784,-0.12434604276783907,1.7795745038207367,0.53364357014064168,-0.12434923848006384
20.859999999999999,10430,0.0069582895072803656,0.01499956116237872,0,0.27629938655028274,2.4940256184848632e-05,0.00027462860593552079,1.0021799818412837e-06,2.1497471115166028e-05,2.9711898094773908,1.2203110269216009,-0.18041336302840064,0.04404069193107113,1.7796387425399887,0.53530765902117361,-0.12445071403853773,1.7796570470112718,0.53529099425130533,-0.12445375511644656
20.879999999999999,10440,0.0069598790581448158,0.014999464244420061,0,0.27638954581584685,2.7957816919481063e-05,0.00027219717834923453,9.7574756988973813e-07,2.1632676668865267e-05,2.9719556904738305,1.2203354426437094,-0.18039219130985304,0.044029483590406912,1.7797215520672087,0.53695075784087554,-0.12455496109948733,1.7797391276566175,0.53692918673313761,-0.12455768607559685
20.900000000000002,10450,0.0069614606735982831,0.014999428877068583,0,0.27648815510459213,3.1004700273954766e-05,0.00026975194194132641,9.5922648837349136e-07,2.1293053117836167e-05,2.9727173866258498,1.2203598283468251,-0.1803710818529374,0.04401826609803812,1.7798042840218353,0.5385830247169181,-0.12465867120969881,1.7798206786223321,0.53855680769490333,-0.1246609463515201
20.920000000000002,10460,0.0069630348794744532,0.01499940638342811,0,0.27659480507543599,3.4417141568477562e-05,0.00026703604869575924,9.3930785233130958e-07,2.122447627911835e-05,2.9734750428897629,1.220384209611705,-0.18034998521810641,0.044007051969292492,1.7798865269550193,0.54020340100120989,-0.12476162211172805,1.7799016334395301,0.54017253052874836,-0.12476345178095213
20.940000000000001,10470,0.0069646012021169282,0.014999386668090827,0,0.2767091759798247,3.8183645557508502e-05,0.00026404666819489073,9.182972281647935e-07,2.1327258847706145e-05,2.9742283917917285,1.2204085904859305,-0.1803288912174929,0.043995839840914576,1.7799680468030168,0.54181058733123244,-0.12486370739996973,1.779981926390992,0.54177504362882545,-0.12486511915239289
20.960000000000001,10480,0.0069661590292980991,0.014999365851496126,0,0.2768309438563728,4.2210406991563712e-05,0.00026067933946632353,8.9840375828603246e-07,2.1395506250453509e-05,2.9749770858714157,1.2204329720745524,-0.18030779595373697,0.04398462845611667,1.7800487162095981,0.54340326948702056,-0.12496484408470381,1.780061492597276,0.5433630521099152,-0.12496586631514012
20.98,10490,0.0069677077166789055,0.014999342348010144,0,0.2769597641014615,4.6405475895913125e-05,0.00025701281245367599,8.8105997520553836e-07,2.1699963539503996e-05,2.9757207520576472,1.2204573547533921,-0.18028669783686291,0.043973417209249091,1.7801284645344166,0.54498015392121346,-0.12506495454618388,1.7801402681028271,0.54493527952605114,-0.12506561228832308
21,10500,0.006969246609910865,0.014999315791065924,0,0.27709293298912951,5.0696621658457903e-05,0.00025294188012856526,8.6713780619485332e-07,2.1258792350482307e-05,2.9764590084787899,1.2204817385623918,-0.18026559650131616,0.043962205883986832,1.7802072477942097,0.54653997027506351,-0.12516396351804623,1.7802181899620895,0.54649046958914238,-0.12516427736993624
21.02,10510,0.0069707750549819489,0.014999286474436544,0,0.27722476938148077,5.5030701189579673e-05,0.00024858745367299098,8.5712103189230725e-07,2.1531352099333316e-05,2.977191473194543,1.2205061233531658,-0.18024449224508496,0.043950994452066086,1.7802850318958228,0.54808147173217714,-0.12526179724041903,1.7802951963256148,0.54802738788759697,-0.12526178324587295
21.039999999999999,10520,0.0069722924053720265,0.014999255004236123,0,0.27735808823019492,5.9369313490777039e-05,0.00024393435175737815,8.5119955740578774e-07,2.1463536648682345e-05,2.9779177695339287,1.2205305088829286,-0.18022338568023699,0.043939782962414006,1.7803617839416186,0.54960343626701713,-0.1253583829871312,1.7803712265261755,0.54954482360494616,-0.1253580530989592
21.059999999999999,10530,0.0069737980270256237,0.01499922208639925,0,0.27749704800712816,6.368459427533342e-05,0.00023894072357587254,8.4932851866618397e-07,2.1933842111273517e-05,2.9786375293006562,1.2205548948772265,-0.18020227751927598,0.043928571485532274,1.7804374682721908,0.55110466824269078,-0.12545364886462096,1.7804462211648728,0.55104159123846674,-0.12545301171798723
21.080000000000002,10540,0.0069752913016092712,0.0149991884075301,0,0.27764124959524689,6.795593712371589e-05,0.00023371887878899787,8.5127942657684544e-07,2.1699963539503996e-05,2.9793503945803224,1.2205792810675591,-0.18018116845525708,0.043917360087246594,1.7805120451934036,0.55258400002208541,-0.12554752383830362,1.7805201221972495,0.55251653231780562,-0.12554658560674931
21.100000000000001,10550,0.006976771628565648,0.014999154576887674,0,0.27779024536740965,7.2167626409245196e-05,0.00022829785971370726,8.5669145295092705e-07,2.1800504449438904e-05,2.9800560186793819,1.2206036672104894,-0.18016005910338334,0.043906148817608612,1.780585471127514,0.55404029353718298,-0.12563993790135755,1.7805928730193985,0.55396851712360184,-0.12563870309307135
21.120000000000001,10560,0.0069782384264110561,0.01499912110557213,0,0.27794357416465149,7.6307190538278216e-05,0.00022259763598883963,8.6512088787250709e-07,2.2099382890764463e-05,2.9807540665911967,1.2206280530948357,-0.18013894998003688,0.043894937707577721,1.7806576994261201,0.55547244184185129,-0.12573082231025742,1.7806644185540754,0.55539644640611163,-0.12572929443784667
21.140000000000001,10570,0.0069796911336021412,0.014999088406455361,0,0.27810076333721834,8.0364280992592494e-05,0.00021671392146560399,8.7608432062470167e-07,2.1867274910380131e-05,2.9814442152374832,1.2206524385419626,-0.18011784150269988,0.043883726769556285,1.7807286814021961,0.55687937067452942,-0.12582010983752809,1.7807347053368077,0.55679925310383094,-0.12581829194406971
21.16,10580,0.006981129209186001,0.014999056804233539,0,0.27826133081362875,8.4329921417565658e-05,0.00021063133996962471,8.8909244403143636e-07,2.206637408534863e-05,2.9821261536200323,1.2206768234025986,-0.18009673400007176,0.04387251599963507,1.7807983673430288,0.55826004004423879,-0.12590773501492111,1.7808036816020054,0.5581759040621187,-0.12590563006586963
21.18,10590,0.0069825521333644449,0.014999026549257053,0,0.27842478717930735,8.8196011828736552e-05,0.00020449616602129773,9.0367367021084356e-07,2.1666346224911465e-05,2.9827995829821456,1.2207012075523653,-0.18007562772598923,0.043861305380386323,1.7808667073931612,0.55961344584349038,-0.125993634355277,1.780871297369073,0.55952540175182086,-0.12599124551754415
21.199999999999999,10600,0.0069839594080459994,0.014998997831601772,0,0.27859063775432097,9.1955005944287539e-05,0.00019813435812256368,9.1938864283523402e-07,2.1967050066869309e-05,2.9834642170057069,1.2207255908871317,-0.1800545228735948,0.043850094883582963,1.7809336522713577,0.56093862148635476,-0.12607774655012924,1.7809375045285181,0.56084678598789339,-0.12607507738259302
21.219999999999999,10610,0.0069853488671587664,0.014999032915650332,0,0.27875851516786082,9.5325591461274542e-05,0.00019223372971799001,8.8153631047030387e-07,2.1867274910380131e-05,2.9841191360651163,1.2207499319003043,-0.18003348286914331,0.043838874653068585,1.7809992339813332,0.56223436299770346,-0.12616016271203645,1.7810022569280635,0.56213913564802598,-0.12615706722275205
21.240000000000002,10620,0.0069867205088919278,0.014999115684585439,0,0.27892786760172278,9.8414025692776638e-05,0.00018642006312466296,8.0454132961367641e-07,2.2132342465963256e-05,2.9847642479046192,1.2207742417707543,-0.18001249128483338,0.043827647618114619,1.7810634011301671,0.56349989557377267,-0.12624076885057148,1.7810655104587572,0.56340157039126559,-0.12623715918702647
21.260000000000002,10630,0.0069880753581023775,0.014999192529706089,0,0.27909807390867741,0.00010147030183755521,0.00018037875274193736,7.353077771975064e-07,2.2426798989897964e-05,2.9853998666522865,1.2207985560495769,-0.1799914935180523,0.043816422046337122,1.7811260218730121,0.56473463392735446,-0.12631936955367667,1.7811272231410831,0.56463325237663897,-0.12631530012072481
21.280000000000001,10640,0.0069894130438533019,0.014999261592724486,0,0.27926864007652141,0.0001044788081347346,0.00017406516326623145,6.7517046617268792e-07,2.2132342465963256e-05,2.9860257820535407,1.2208228753208725,-0.17997048769802806,0.043805197522079481,1.7811870152924232,0.56593777037787618,-0.12639591417885002,1.7811873552110715,0.5658333879817774,-0.12639143967449257
21.300000000000001,10650,0.0069907331462244395,0.014999323832756773,0,0.27943908763041092,0.00010740530469481755,0.00016759644090417382,6.2309815803426164e-07,2.1933842111273517e-05,2.9866417607725939,1.2208471986366405,-0.17994947481266049,0.043793973548383366,1.7812463350727967,0.56710852483785434,-0.12647036751392379,1.7812458692064099,0.56700122952153953,-0.12646553041334596
21.32,10660,0.0069920352822315807,0.014999380085945912,0,0.27960894173619688,0.00011022527270794865,0.00016090858794512967,5.7813363051092174e-07,2.2230927998283902e-05,2.987247584649245,1.220871525359964,-0.17992845571676461,0.043782749888706861,1.7813039507658908,0.5682461743534658,-0.12654269377659644,1.781302730052553,0.5681360769666346,-0.12653752792570547
21.34,10670,0.0069933191030023996,0.014999431056108249,0,0.27977773383592092,0.00011292080412770927,0.0001541197414362217,5.3940646920155407e-07,2.2165253030559974e-05,2.9878430525624697,1.2208958550410349,-0.17990743112683533,0.043771526434197294,1.7813598379878472,0.56935005150666917,-0.12661285748926401,1.7813579051488342,0.56923727966224613,-0.12660739093242968
21.359999999999999,10680,0.0069945842905168249,0.014999477372340867,0,0.27994500457113008,0.00011547748264198743,0.00014732482131901825,5.0611868005008179e-07,2.1967050066869309e-05,2.9884279804604126,1.2209201873104036,-0.17988640168211703,0.043760303121908324,1.7814139744201638,0.57041954307983112,-0.12668082477476605,1.7814113644545753,0.57030423804665575,-0.1266750813958489
21.379999999999999,10690,0.0069958305570735754,0.01499951960207694,0,0.28011030607165543,0.00011788303904025761,0.00014047106433231463,4.7755804399353168e-07,2.2099382890764463e-05,2.9890022016808575,1.220944521841143,-0.17986536795896996,0.043749079900861257,1.7814663385812399,0.57145409056107677,-0.12674656396705994,1.7814630805751981,0.57133640536986552,-0.1267405646287989
21.400000000000002,10700,0.0069970576457516675,0.014999558250900519,0,0.28027320397389976,0.0001201267341655406,0.00013362580416438521,4.5310875759759546e-07,2.2198114802541581e-05,2.9895655673252954,1.2209688583385143,-0.17984433047107271,0.043737856720507139,1.7815169097563279,0.57245319135591644,-0.12681004596624496,1.7815130288483338,0.57233328941222295,-0.12680380940365463
21.420000000000002,10710,0.0069982645337961771,0.014999622528575016,0,0.28043332731878878,0.00012205452035978532,0.00012730105768847647,4.3713910416865785e-07,2.2230927998283902e-05,2.9901176654862129,1.2209931766898765,-0.17982331905054771,0.043726622364197082,1.7815656501271708,0.57341625271444752,-0.12687130825255574,1.7815611874299346,0.57329445420304259,-0.12686478806136378
21.440000000000001,10720,0.0069994512812361102,0.014999703324842829,0,0.28059025149783939,0.00012372092020636913,0.00012127793789815333,4.4187560700804849e-07,2.1867274910380131e-05,2.9906584750390102,1.2210174830623741,-0.1798023243990407,0.043715380246511316,1.7816125421040589,0.57434295298649862,-0.1269302990859896,1.7816075373803835,0.57421952173923108,-0.12692347662048067
21.460000000000001,10730,0.0070006184190356952,0.014999775683904665,0,0.28074354807462082,0.00012525340220905388,0.00011512972213722231,4.6135035996331868e-07,2.2198114802541581e-05,2.9911881476026845,1.2210417945555783,-0.17978132103165512,0.043704139917530582,1.7816575811580282,0.57523310484455004,-0.12698693810882652,1.7816520627506054,0.57510817370390976,-0.12697985488619981
21.48,10740,0.0070017658042887719,0.014999840403220655,0,0.28089285800062153,0.00012663645824036195,0.00010920963090073006,4.8930892282104649e-07,2.1967050066869309e-05,2.9917066023063681,1.2210661106454268,-0.17976030976128951,0.04369290110933037,1.7817007547753008,0.57608643605431242,-0.12704121273358085,1.781694750668178,0.57596015318503868,-0.12703390655938968
21.5,10750,0.0070028933110756805,0.014999898768767584,0,0.28103784669457488,0.00012784779222066862,0.0001032466179418596,5.2164389055337815e-07,2.2132342465963256e-05,2.992213770892433,1.2210904304856562,-0.17973929189912571,0.043681663417744925,1.7817420535713884,0.57690273040850137,-0.12709311758786951,1.7817355914234412,0.57677526639403898,-0.12708561934562632
21.52,10760,0.0070040008619838973,0.014999951602941151,0,0.28117820093946033,0.00012887128941550772,9.7427507178925974e-05,5.5564618867369154e-07,2.2459278078588273e-05,2.9927096099480894,1.2211147535486118,-0.17971826828307461,0.043670426616277555,1.7817814715295259,0.5776818428046786,-0.12714264864108807,1.7817745785556089,0.57755338438441783,-0.12713498506422716
21.539999999999999,10770,0.007005088422030137,0.014999999492234132,0,0.2813136309961235,0.00012969446947921285,9.1811437375677728e-05,5.8959662060013286e-07,2.2132342465963256e-05,2.9931940989527592,1.2211390794629826,-0.17969723951041686,0.043659190557493018,1.7818190056613468,0.57842369840032848,-0.12718980439708993,1.781811708938879,0.57829444477039016,-0.12718199975728464
21.559999999999999,10780,0.0070061559954665365,0.01500004291226382,0,0.28144387239977919,0.00013030665588019579,8.6302960598395358e-05,6.2245982374440021e-07,2.2000207897163392e-05,2.9936672392492105,1.221163407927091,-0.17967620606550155,0.043647955123707116,1.7818546560166757,0.57912829247280817,-0.12723458682546523,1.7818469828685444,0.57899845344550394,-0.12722666379869987
21.580000000000002,10790,0.0070072036251004497,0.015000082275824965,0,0.28156868728204659,0.00013069826875320047,8.0960073590582274e-05,6.5365167138044644e-07,2.2132342465963256e-05,2.9941290539333982,1.2211877386767342,-0.17965516836879492,0.043636720209710073,1.7818884258524199,0.57979569141832077,-0.12727700180313054,1.7818804041471026,0.57966548630126224,-0.12726898200321646
21.600000000000001,10800,0.0070082310915817259,0.015000127781982335,0,0.28168787766487424,0.00013081918084625562,7.5461226982685714e-05,6.9504384191399283e-07,2.2263692832568247e-05,2.9945794913564323,1.2212120629928931,-0.17963413687202037,0.043625483253939015,1.7819202787535311,0.58042599432619402,-0.12731707672742848,1.7819119801703678,0.58029569094574673,-0.12730896373545403
21.620000000000001,10810,0.0070092386181669075,0.015000175815852832,0,0.28180125487993152,0.00013067940078686805,6.9915669332138119e-05,7.4258506878244947e-07,2.2198114802541581e-05,2.9950186538190198,1.2212363837324194,-0.17961310788006654,0.043614244864411435,1.7819502324923731,0.58101943272952028,-0.12735481672529547,1.78194172201358,0.58088928842224208,-0.12734662301894209
21.640000000000001,10820,0.0070102266227283659,0.015000217939336202,0,0.28190865511604302,0.00013031032221956314,6.4763106721347122e-05,7.8528835774969969e-07,2.2394272795856101e-05,2.9954467129164826,1.2212607081721216,-0.17959207274422553,0.043603007102217747,1.781978341244671,0.58157633300102995,-0.12739022421733653,1.781969644517517,0.58144657492785856,-0.12738197864515366
21.66,10830,0.0070111952908265326,0.015000255124015876,0,0.28200995830453912,0.00012970256713178157,5.9910337653884671e-05,8.2355433737127211e-07,2.1933842111273517e-05,2.9958637736173972,1.2212850357757628,-0.17957103245034506,0.043591769924385612,1.7820046308997326,0.5820970582222561,-0.12742332519104571,1.7819957663746036,0.58196792353215587,-0.12741505428253888
21.68,10840,0.0070121448506740803,0.015000288153415871,0,0.28210507485314262,0.0001288448370600456,5.5185751750639482e-05,8.5792991174480428e-07,2.2329078268013787e-05,2.9962699673034665,1.2213093660190044,-0.17954998779675541,0.04358053320806253,1.7820291228227434,0.58258204866970531,-0.12745415057205869,1.7820201102150233,0.58245378589576657,-0.12744587858555886
21.699999999999999,10850,0.0070130755808279254,0.015000317498047892,0,0.28219394534745079,0.00012772762553368741,5.0668426897595761e-05,8.8875378663981336e-07,2.2033315828455735e-05,2.9966654529343546,1.2213336985742507,-0.17952893926342908,0.043569296850708136,1.7820518408736286,0.58303182691066902,-0.12748273516485947,1.7820427026928278,0.5829046939890189,-0.12747448530371933
21.719999999999999,10860,0.0070139878064383798,0.015000343498227714,0,0.28227654139082808,0.0001263425277713394,4.6700716071480916e-05,9.1628744236067192e-07,2.2329078268013787e-05,2.9970504153271449,1.2213580332009428,-0.17950788719770855,0.043558060765715181,1.7820728132567092,0.58344699867440586,-0.12750911839517151,1.7820635745720494,0.58332126181056132,-0.12750091339060421
21.740000000000002,10870,0.0070148818980086819,0.015000366440559736,0,0.28235286607308457,0.00012468172771107838,4.2773974470170252e-05,9.4077193985282117e-07,2.1867274910380131e-05,2.9974250647907326,1.2213823696965329,-0.17948683189213566,0.043546824877055405,1.7820920729064491,0.5838282540111005,-0.12753334475336381,1.7820827608128094,0.58370418710598515,-0.12752520711290954
21.760000000000002,10880,0.0070157581765089468,0.015000389001073231,0,0.28242295668968542,0.00012271072120013238,3.9679813360359259e-05,9.664195417815785e-07,2.1933842111273517e-05,2.9977896149325982,1.2214067054246764,-0.17946577610984188,0.043535587110051358,1.782109618554464,0.58417634417436015,-0.12755546998743461,1.7821003006574301,0.58405425308644809,-0.12754741615947696
21.780000000000001,10890,0.0070166171056661791,0.015000410369965685,0,0.28248687617075302,0.00012043184255196606,3.6582980333291538e-05,9.9260930850049284e-07,2.2000207897163392e-05,2.9981443338723759,1.2214310403971105,-0.17944471904089834,0.043524347585366288,1.7821254758795635,0.58449214378124015,-0.1275755442197406,1.7821162377165447,0.58437233014729772,-0.1275675957503275
21.800000000000001,10900,0.007017459300003079,0.015000428037109707,0,0.28254472174402917,0.00011786797614890929,3.4001207188974163e-05,1.0145841787900782e-06,2.2198114802541581e-05,2.9984895263142524,1.2214553778574611,-0.17942365806919675,0.043513108587111028,1.7821397653750959,0.58477662993958568,-0.12759362394898133,1.7821306200552087,0.58465937758669506,-0.12758580674569528
21.82,10910,0.0070182853193977461,0.015000442802579651,0,0.28259662541442682,0.00011501283675002958,3.1601160286866866e-05,1.0326973775245158e-06,2.2198114802541581e-05,2.998825501892358,1.2214797178337418,-0.17940259399112399,0.043501870388098753,1.7821525641113636,0.58503084411681139,-0.12760977837981927,1.7821435002790096,0.58491644532423837,-0.12760211575506125
21.84,10920,0.0070190958275035929,0.015000453406125025,0,0.2826427454569565,0.00011187812037109973,2.9128574751183651e-05,1.0449449672985138e-06,2.2230927998283902e-05,2.9991526225102096,1.2215040613764707,-0.17938152550809044,0.043490634288556991,1.7821639380570957,0.58525593983908841,-0.12762407477864199,1.7821549356201782,0.58514467561958561,-0.12761659524618676
21.859999999999999,10930,0.0070198914521738716,0.015000461117666123,0,0.28268327500868595,0.00010844394085156077,2.6700056018199894e-05,1.0531240626910725e-06,2.2230927998283902e-05,2.9994712554083995,1.2215284074196615,-0.17936045392370831,0.043479399592243215,1.782173931848938,0.58545313441311853,-0.12763659475504596,1.7821649880236985,0.58534530479107882,-0.12762932365414742
21.879999999999999,10940,0.0070206728335597416,0.015000467934219611,0,0.2827184377678752,0.00010467939413640048,2.4118161048241934e-05,1.0605133845779258e-06,2.2033315828455735e-05,2.9997817894251111,1.221552753929616,-0.17933938130296112,0.043468164624359505,1.7821825745194313,0.58562373153508274,-0.12764742755041941,1.782173724233419,0.58551966493436725,-0.1276403854903666
21.900000000000002,10950,0.0070214407389657873,0.015000473540585953,0,0.28274848442632755,0.00010057832122793612,2.2329078268013787e-05,1.0668720556546053e-06,2.2361699290911531e-05,3.0000846611540561,1.2215771009904404,-0.17931830732918835,0.04345692929658982,1.7821899302256889,0.58576915534639995,-0.12765666239094411,1.7821812158781625,0.58566918564103021,-0.12764987145164935
21.920000000000002,10960,0.0070221959840675655,0.015000477870714797,0,0.28277369566079974,9.6136353182006782e-05,2.0561592220437957e-05,1.0721357934571981e-06,2.2165253030559974e-05,3.0003803333396037,1.2216014486229656,-0.17929723193589794,0.043445693602118779,1.7821960764826184,0.58589093027271599,-0.1276643952784946,1.7821875395578377,0.58579539571720196,-0.1276578785292159
21.940000000000001,10970,0.0070229394339146592,0.015000481004743438,0,0.28279438133538015,9.1348435480794309e-05,1.9014441926092368e-05,1.0763864359791989e-06,2.1967050066869309e-05,3.0006692973239604,1.221625796778731,-0.17927615520463311,0.043434457531020508,1.7822010974847393,0.58599068077475125,-0.12767072917089967,1.7821927769295487,0.58589992490219278,-0.12766451011773541
21.960000000000001,10980,0.0070236720063418202,0.015000483061748667,0,0.28281087957796969,8.6209088935998988e-05,1.7287598734463859e-05,1.0797486435424354e-06,2.1967050066869309e-05,3.0009520750242999,1.2216501453895383,-0.179255077256431,0.043423221069221141,1.7822050824384383,0.58607013349431492,-0.12767577371982206,1.7821970147937063,0.58598450558711512,-0.12766987612435982
21.98,10990,0.0070243946739021613,0.015000484162448167,0,0.28282355604510417,8.0712654909941757e-05,1.6643112294063987e-05,1.0823514107640101e-06,2.2491710265994076e-05,3.0012292199576902,1.2216744943862607,-0.17923399821400707,0.043411984200947301,1.7822081253508728,0.58613111924748729,-0.12767964523290753,1.7822003451801387,0.58605097453350596,-0.12767409307775737
22,11000,0.0070251084650902341,0.015000484420308305,0,0.28283280327819277,7.4853402587490075e-05,1.4688877218970437e-05,1.0843178982530812e-06,2.1800504449438904e-05,3.0015013178884873,1.2216988437038188,-0.17921291819271873,0.043400746910263924,1.7822103251596955,0.58617557483377181,-0.12768246675000777,1.7822028654342015,0.58610127459194905,-0.1276772842371463
22.02,11010,0.007025814576655685,0.015000480656736211,0,0.28283903650310049,6.864244456438457e-05,1.4886052178675807e-05,1.0811510161814604e-06,2.2000207897163392e-05,3.0017690202585223,1.2217231963298549,-0.17919183392449203,0.043389510191782832,1.782211809563093,0.58620555970114452,-0.12768436232783631,1.7822046783028886,0.58613745642069959,-0.12767957970132868
22.039999999999999,11020,0.0070265141041877133,0.015000474893788893,0,0.28284270314377963,6.2064881924750549e-05,1.4286365630539095e-05,1.0754681882147389e-06,2.2524095754713237e-05,3.0020329637020926,1.2217475506168887,-0.17917074747937994,0.043378273614962243,1.7822126799285705,0.58622321876762007,-0.12768547301905181,1.7822058920209427,0.5861616802043077,-0.12768111651772393
22.059999999999999,11030,0.0070272083444151588,0.015000464006772029,0,0.28284426753988712,5.5136670865543221e-05,1.4337297576862813e-05,1.0633548557485669e-06,2.2230927998283902e-05,3.0022938675606654,1.2217719083189784,-0.17914965566701385,0.043367039299430185,1.7822130484310905,0.58623083935163722,-0.12768593394459524,1.7822066203969662,0.58617621737224213,-0.12768203879140269
22.080000000000002,11040,0.0070278984650044519,0.015000451638348063,0,0.28284423014891696,4.7827671377319659e-05,1.3713635377634418e-05,1.049644994394905e-06,2.2198114802541581e-05,3.0025524224910405,1.2217962667563571,-0.17912856221771753,0.043355805442373253,1.7822130205483335,0.58623077482138475,-0.12768590566347726,1.7822069828995313,0.58618345231751223,-0.12768249779412041
22.100000000000001,11050,0.0070285858293179264,0.015000436782705361,0,0.28284310544841401,4.0133073299108946e-05,1.3766686389570068e-05,1.0337343888722095e-06,2.2132342465963256e-05,3.002809403174779,1.2218206265623501,-0.17910746612095829,0.04334457054809903,1.7822127120814786,0.58622551833768233,-0.12768554166614035,1.782207104743291,0.58618588411529315,-0.12768265207335111
22.120000000000001,11060,0.0070292718623439776,0.015000418638513587,0,0.28284143717448079,3.2068177927835936e-05,1.3226604453452851e-05,1.0142964694965114e-06,2.2426798989897964e-05,3.003065614258682,1.2218449879233981,-0.17908636654981491,0.043333336874500042,1.7822122499616966,0.58621769449144945,-0.12768500551587944,1.7822071169982419,0.58618612637801082,-0.12768266565782613
22.140000000000001,11070,0.0070299572762457354,0.015000425310721384,0,0.28283984342009771,2.3911651068054712e-05,1.2431131930566656e-05,1.0235863832504963e-06,2.2588727439225648e-05,3.0033216274911347,1.2218693358152151,-0.17906529213106409,0.043322092377667591,1.7822117196174518,0.58620982675483702,-0.12768455088400468,1.7822071612297659,0.58618646477334768,-0.1276822692224617
22.16,11080,0.0070306434497037469,0.015000446746924339,0,0.28283802867888042,1.6703251918156084e-05,1.1454575462498553e-05,1.0534264254122926e-06,2.2132342465963256e-05,3.0035780970615558,1.2218936712950783,-0.17904423274475412,0.043310840842733497,1.7822113061042977,0.58620410811881152,-0.12768355691805022,1.7822073903751279,0.58618821786062314,-0.1276802154536382
22.18,11090,0.0070313314822914082,0.015000468859452012,0,0.28283471562032425,1.1252672399911129e-05,1.0386604689550578e-05,1.0868144221019238e-06,2.2198114802541581e-05,3.0038353767951733,1.2219180027737739,-0.17902317401424719,0.04329958878635308,1.7822112384169555,0.58620185321808849,-0.12768053963551526,1.7822079537783957,0.58619252820359313,-0.12767516582026606
22.199999999999999,11100,0.0070320217896068871,0.015000498920163847,0,0.28282847258606758,9.1910078861245356e-06,9.0354909756902108e-06,1.1291798131332991e-06,2.1933842111273517e-05,3.0040935333947028,1.2219423303783203,-0.17900212324113607,0.04328833316005299,1.7822116922668294,0.58620390856290505,-0.12767392774789524,1.7822089952991573,0.58620049640674254,-0.12766583094718995
22.219999999999999,11110,0.0070327149314626507,0.015000537228931408,0,0.2828179787350763,1.1659180909541457e-05,8.3652391566074972e-06,1.1806246410774511e-06,2.2000207897163392e-05,3.0043527084149013,1.2219666540413481,-0.17898108072236713,0.043277074560933243,1.7822128157835111,0.5862111870817025,-0.12766225196466785,1.7822106533790769,0.58621318162447711,-0.12765097001866263
22.240000000000002,11120,0.0070334119824894499,0.015000562935024355,0,0.28280200033341885,1.634353314228305e-05,8.4519278880801402e-06,1.2153217646915732e-06,2.2033315828455735e-05,3.0046132367169696,1.2219909852207642,-0.17896002517103954,0.043265826221606532,1.7822147445570828,0.58622471189876979,-0.12764411440038412,1.7822130611084506,0.58623160207031488,-0.12762939018181896
22.260000000000002,11130,0.0070341134309917343,0.015000577865720491,0,0.28277942710510034,2.1592488180846726e-05,8.5377364625159455e-06,1.2357306167926267e-06,2.2263692832568247e-05,3.0048752630831901,1.2220153227697976,-0.1789389584588168,0.043254586578315248,1.7822175912845279,0.58624536785652892,-0.12761826156180639,1.7822163462927638,0.5862567355260786,-0.12759994595014976
22.280000000000001,11140,0.0070348194480508285,0.01500059623023876,0,0.28274923844443911,2.696237132942153e-05,7.443026089337888e-06,1.25977685934977e-06,2.2394272795856101e-05,3.0051388290678211,1.2220396586703721,-0.17891789510130665,0.043243346217808676,1.7822214606898945,0.58627395863960896,-0.12758354157589075,1.7822206315192461,0.58628951985108702,-0.12756153860697569
22.300000000000001,11150,0.007035530559661933,0.01500061760764735,0,0.28271045541489087,3.2286810435072318e-05,7.2445096183544052e-06,1.2871278350661403e-06,2.206637408534863e-05,3.005404099966106,1.2220639930705246,-0.17889683467440254,0.043232105052368984,1.7822264638707355,0.58631134111876293,-0.12753883565649901,1.7822260342234291,0.58633085349134706,-0.12751311560892128
22.32,11160,0.0070362472866722509,0.015000641146874256,0,0.28266215669542699,3.749223087994169e-05,6.3890569402603996e-06,1.3168645228535203e-06,2.2230927998283902e-05,3.005671241966402,1.2220883264200795,-0.17887577631314094,0.043220863273833635,1.7822327099481647,0.58635834912895168,-0.1274830851048992,1.7822326667557011,0.5863815959887454,-0.12745366998938867
22.34,11170,0.0070369701227755372,0.015000666275447614,0,0.28260347658585733,4.2543042949709154e-05,6.9360898910140305e-06,1.3483768250075331e-06,2.2394272795856101e-05,3.0059404138690216,1.222112659030729,-0.17885471943592376,0.04320962096074394,1.7822403043755597,0.58641578322723997,-0.12741529047938249,1.7822406364478647,0.58644256849024035,-0.12738223976203164
22.359999999999999,11180,0.0070376999472679816,0.015000678129703994,0,0.28253357092689868,4.7340033803956051e-05,3.8181918208328457e-06,1.3633808488808553e-06,2.1967050066869309e-05,3.0062119231910511,1.2221370028620933,-0.17883364885502429,0.043198378284570342,1.7822493413278471,0.58648448641522766,-0.12733446560067882,1.7822500456796921,0.58651455425705401,-0.12729790732422952
22.379999999999999,11190,0.007038437085980751,0.015000679941727171,0,0.28245168534913256,5.1902946772324567e-05,4.8296730789029342e-06,1.3659766110107369e-06,2.1967050066869309e-05,3.0064858702453079,1.2221613550835322,-0.17881256787805955,0.043187135215895192,1.7822599159270631,0.58656516276156934,-0.12723973300945998,1.7822609919454819,0.58659829917386352,-0.12719979886056104
22.400000000000002,11200,0.0070391816083043715,0.015000683461747776,0,0.28235712824438103,5.629957230093441e-05,5.9151173338843952e-06,1.3707095456799774e-06,2.2329078268013787e-05,3.0067622589931893,1.22218570609452,-0.17879148851543569,0.043175891635669462,1.7822721269851607,0.58665844208062823,-0.12713028684629588,1.7822735679206154,0.58669451225799341,-0.12708708374627831
22.420000000000002,11210,0.0070399339146697886,0.015000688613835965,0,0.28224922448517209,6.052489579211808e-05,7.443026089337888e-06,1.3774399151439266e-06,2.1967050066869309e-05,3.0070412200752328,1.2222100560092126,-0.1787704106881722,0.043164647573345261,1.782286066341477,0.58676499157673201,-0.1270053291707903,1.7822878615281121,0.58680386616860702,-0.12695897395078065
22.440000000000001,11220,0.0070406943949678589,0.015000694973486649,0,0.28212734004618994,6.4570938087988691e-05,8.4519278880801402e-06,1.3856393324236298e-06,2.206637408534863e-05,3.0073228827041074,1.2222344051644067,-0.1787493339623045,0.043153403069183638,1.7823018181103636,0.58688544837457024,-0.1268641044869106,1.7823039560051874,0.58692699771589851,-0.12681472344108863
22.460000000000001,11230,0.0070414634123967691,0.01500070226554014,0,0.28199088317234938,6.8433527483702578e-05,1.0731768324341125e-05,1.3949841654398922e-06,2.2329078268013787e-05,3.0076073677235549,1.2222587537507383,-0.17872825805720055,0.043142158153712619,1.7823194604468604,0.58702041284162398,-0.1267059021823263,1.7823219299698077,0.58706450837028479,-0.12665362758531781
22.48,11240,0.0070422413064051932,0.015000710292481654,0,0.28183930329668266,7.2110890901947862e-05,1.3553236463535334e-05,1.4052526225055804e-06,2.2198114802541581e-05,3.0078947883751415,1.2222831018900824,-0.17870718277181771,0.04313091285015145,1.7823390665456125,0.58717044985976785,-0.12653005485765811,1.7823418574872463,0.58721696477159724,-0.12647502255615278
22.5,11250,0.0070430283945783637,0.015000718890878397,0,0.28167209111543084,7.5602575587834921e-05,1.5926940848252804e-05,1.4162652931202667e-06,2.1867274910380131e-05,3.0081852508557319,1.2223074496774569,-0.17868610793996997,0.043119667177968883,1.7823607050531256,0.58733608991697517,-0.12633593688486727,1.7823638081366413,0.58738489923827353,-0.12627828473432107
22.52,11260,0.007043824973468637,0.015000727915089955,0,0.28148877727708277,7.8908974419622285e-05,1.850937158160324e-05,1.4278633026751922e-06,2.1967050066869309e-05,3.0084788545500052,1.2223317971959671,-0.17866503341360609,0.043108421154626916,1.7823844402352635,0.58751782974153566,-0.12612296333682102,1.7823878470775507,0.58756881027654917,-0.12606283011206695
22.539999999999999,11270,0.0070446313190358541,0.015000737231804695,0,0.2812889318279248,8.2031091521750615e-05,2.1155677147440178e-05,1.4399012589002843e-06,2.2000207897163392e-05,3.00877569214079,1.2223561445214335,-0.17864395905720989,0.043097174796204618,1.7824103320645086,0.58771613279769375,-0.1258905890959213,1.7824140351165088,0.58776916308964999,-0.1258281136966255
22.559999999999999,11280,0.0070454476869764868,0.01500074671825935,0,0.28107216372906757,8.4970390338719133e-05,2.4208661032430873e-05,1.4522451354195657e-06,2.2556434745889217e-05,3.0090758496951717,1.2223804917236747,-0.17862288474598079,0.043085928117606906,1.7824384362857526,0.5879314297687438,-0.12563830805016449,1.7824424287735823,0.58798639008698328,-0.12557362891369639
22.580000000000002,11290,0.0070462743130290774,0.015000756261512529,0,0.28083812041016215,8.7728679983677896e-05,2.6836212209724197e-05,1.464771549931139e-06,2.2033315828455735e-05,3.0093794067496735,1.2224048388668687,-0.17860181036509717,0.0430746811326638,1.7824688044782588,0.58816411905125654,-0.1253656523433177,1.782473080348927,0.58822089139333023,-0.12529890701091778
22.600000000000001,11300,0.0070471114132787975,0.015000765757969133,0,0.28058648734361813,9.0308027960115563e-05,2.9991647633427174e-05,1.4773673353474195e-06,2.183391520383078e-05,3.0096864363978826,1.2224291860097503,-0.17858073580923375,0.043063433854217591,1.7825014841182818,0.58841456725839669,-0.12507219166426572,1.7825060379893443,0.58847303535803719,-0.1250035164613405
22.620000000000001,11310,0.0070479591844653331,0.015000775112919701,0,0.28031698762826884,9.2710693773641982e-05,3.3504497252040572e-05,1.4899291039292772e-06,2.2394272795856101e-05,3.0099970053805429,1.2224535332058351,-0.17855966098209508,0.043052186294218218,1.78253651864306,0.58868310972803772,-0.12475753256597487,1.7825413457548365,0.58874315906420771,-0.12468706236690157
22.640000000000001,11320,0.0070488178042938795,0.015000784240054436,0,0.28002938157397644,9.493907905134611e-05,3.6742037519584243e-05,1.5023627614114189e-06,2.2132342465963256e-05,3.0103111741863406,1.22247788050369,-0.17853858579592374,0.04304093846382559,1.7825739475160778,0.58897005103293354,-0.12442131780672534,1.7825790436851638,0.58903156883789465,-0.1243491858618983
22.66,11330,0.0070496874317482862,0.015000793060983314,0,0.279723466280698,9.6995690426373383e-05,4.011827764730893e-05,1.514582993647816e-06,2.2033315828455735e-05,3.0106289971415827,1.2225022279472466,-0.17851751017100836,0.043029690373511113,1.7826138062932599,0.58927566549161081,-0.12406322570798781,1.7826191678664005,0.58933854075729142,-0.1239895635164623
22.68,11340,0.0070505682074056943,0.015000801504760719,0,0.27939907520699409,9.8883112086489878e-05,4.3784522661082355e-05,1.5265127590535417e-06,2.2132342465963256e-05,3.0109505225178359,1.2225265755761048,-0.17849643403520193,0.043018442033155989,1.7826561266897789,0.58960019767933547,-0.12368296952457632,1.7826617504974913,0.58966432116192458,-0.12360790674003319
22.699999999999999,11350,0.0070514602537522517,0.015000809507439436,0,0.27905607460241383,0.00010060398555585755,4.7274704230461125e-05,1.5380827968373749e-06,2.2198114802541581e-05,3.0112757926221754,1.2225509234258394,-0.17847535732346578,0.043007193452145515,1.7827009366472266,0.58994386293892187,-0.12328029682385119,1.7827068199568072,0.59000912716184484,-0.12320396118483269
22.719999999999999,11360,0.0070523636754997766,0.015000817011664469,0,0.27869436879535331,0.00010216099483753341,5.1169468875584142e-05,1.5492311734607012e-06,2.2426798989897964e-05,3.0116048439063503,1.2225752715282818,-0.17845427997745569,0.04299594463945678,1.7827482604009381,0.59030684789128096,-0.12285498887152135,1.7827544008687017,0.59037314714681943,-0.12277750614933838
22.740000000000002,11370,0.0070532785599034045,0.015000823966295913,0,0.27831379661661931,0.00010355685550986562,5.4907669408232819e-05,1.559902853441741e-06,2.2230927998283902e-05,3.0119377070629221,1.2225996199117917,-0.17843320194513643,0.04298469560373868,1.7827981185473314,0.59068931094571997,-0.12240686002227785,1.7828045141700681,0.5907565412955238,-0.12232835398175768
22.760000000000002,11380,0.007054204977080248,0.015000830326067674,0,0.27791378238067255,0.00010479430671493012,5.8805112522436129e-05,1.570049313848312e-06,2.2033315828455735e-05,3.0122744071306338,1.222623968601491,-0.17841212318043359,0.042973446353386381,1.7828505281111315,0.59109138281001539,-0.12193575711392382,1.7828571771768946,0.59115944208473326,-0.12185634948350194
22.780000000000001,11390,0.0070551429803292409,0.015000836051282,0,0.27749415810452532,0.00010587610525997459,6.2843772171037026e-05,1.5796281859488715e-06,2.1967050066869309e-05,3.0126149635954627,1.22264831761949,-0.17839104364292191,0.042962196896607706,1.7829055026124434,0.5915131670002991,-0.12144155886404251,1.7829124036508208,0.59158195479851505,-0.12136136931265995
22.800000000000001,11400,0.0070560926064522685,0.015000841107528357,0,0.2770548947304618,0.00010680502126546483,6.6965468033428169e-05,1.5886029257330819e-06,2.2000207897163392e-05,3.0129593904931622,1.222672666985086,-0.17836996329753815,0.042950947241482622,1.7829630521336048,0.59195474035078888,-0.12092417526850707,1.7829702038656945,0.59202415803742015,-0.12084332138747222
22.82,11410,0.0070570531911070917,0.015000868831531072,0,0.27659668947312771,0.00010772429674918641,7.067265748689398e-05,1.6263349957063043e-06,2.2198114802541581e-05,3.0133074505039814,1.2226969967619419,-0.17834890603780776,0.042939696556578102,1.7830231567594632,0.59241602137169003,-0.12038361663781839,1.7830305846741275,0.59248610422767478,-0.12030214428980468
22.84,11420,0.0070580249883090921,0.015000911473076049,0,0.27611983072194024,0.00010857571074197773,7.4361675105599531e-05,1.6833429828538845e-06,2.2000207897163392e-05,3.0136592421616855,1.2227213133681145,-0.1783278639381278,0.042928444882134209,1.7830858224969035,0.59289709265274115,-0.11981982252775809,1.7830935495740523,0.59296782013037286,-0.11973780666862269
22.859999999999999,11430,0.007059008611617415,0.01500094829562751,0,0.27562441160133266,0.00010922867653207565,7.826827585708349e-05,1.7336143992774876e-06,2.2230927998283902e-05,3.0140149913497836,1.2227456343552676,-0.17830681577128138,0.042917192944173593,1.7831510710708338,0.59339807946398737,-0.11923272659188434,1.7831590987752775,0.59346930735066705,-0.11915030664346492
22.879999999999999,11440,0.0070600040237424559,0.015000979609657556,0,0.27511060440046942,0.00010969244488853124,8.2458800666198857e-05,1.7774085875938021e-06,2.1800504449438904e-05,3.0143746856736056,1.2227699595113402,-0.17828576185156647,0.042905940891422599,1.7832189033460877,0.5939189509542373,-0.11862236166939079,1.7832272292660449,0.59399054284696118,-0.11853967120791728
22.900000000000002,11450,0.0070610111523926201,0.015001006316666024,0,0.27457861446725479,0.00010998483566741764,8.6699021766784533e-05,1.8157890788604551e-06,2.1967050066869309e-05,3.0147383010921858,1.2227942881243725,-0.17826470309986628,0.042894688734863802,1.7832893137040298,0.59445964409388186,-0.11798879295826238,1.7832979348795861,0.59453147944010187,-0.11790595563308667
22.920000000000002,11460,0.0070620299235981763,0.015001028941899855,0,0.27402867479897602,0.0001101180935615462,9.113408817973768e-05,1.8493814346499013e-06,2.206637408534863e-05,3.0151058140322804,1.2228186197808757,-0.17824364005278498,0.042883436469759603,1.7833622927092143,0.59502007746615071,-0.11733211038613957,1.7833712063606768,0.59509204632257018,-0.11724924287107541
22.940000000000001,11470,0.0070630602562536367,0.015001047812345287,0,0.27346104613788624,0.00011010095900476344,9.5653135436083071e-05,1.8785790494030145e-06,2.1933842111273517e-05,3.0154771990762241,1.222842954221413,-0.17822257304432959,0.042872184095007586,1.7834378277408285,0.59560014982983012,-0.11665242913477288,1.783447031432196,0.59567214956767378,-0.11656964295845446
22.960000000000001,11480,0.0070641020584487945,0.015001063175213755,0,0.27287601688264018,0.00010994042524692236,0.00010035381970654006,1.9036834650557163e-06,2.206637408534863e-05,3.0158524274434009,1.2228672912482048,-0.17820150232696416,0.042860931612806158,1.7835159032545813,0.59619973898129963,-0.11594988997070395,1.7835253948616794,0.59627167263873859,-0.11586729241973769
22.98,11490,0.0070651552262166904,0.015001075245392365,0,0.27227390258746581,0.00010964243864709483,0.00010508007966539717,1.9249597951753207e-06,2.2263692832568247e-05,3.0162314664507992,1.2228916306894719,-0.17818042812008753,0.042849679027110274,1.7835965009341475,0.59681870160757899,-0.11522465902095642,1.7836062785278777,0.59689047689830044,-0.11514235367085583
23,11500,0.0070662196433077763,0.01500108422146793,0,0.2716550452851253,0.00010921218953503557,0.00010994138419203761,1.9426547237046474e-06,2.2263692832568247e-05,3.0166142793901831,1.222915972387862,-0.17815935062639507,0.04283842634298668,1.783679599785819,0.59745687352197996,-0.11447692733100281,1.7836896614873121,0.59752840211729719,-0.1143950144226303
23.02,11510,0.0070672951813112615,0.015001090290546512,0,0.27101981274022913,0.00010865428634009918,0.00011490791033980917,1.9570014066343899e-06,2.2230927998283902e-05,3.0170008255460652,1.2229403161971297,-0.17813827003679455,0.042827173566447621,1.7837651762030424,0.59811407000853367,-0.1137069103586055,1.7837755200408305,0.59818526698426044,-0.11362548708424705
23.039999999999999,11520,0.0070683816998833079,0.015001093629670299,0,0.27036859766220056,0.00010797288933887669,0.00011996051427619584,1.9682206032518796e-06,2.1867274910380131e-05,3.0173910602596377,1.2229646619811443,-0.17811718653185307,0.042815920704421806,1.7838532040177373,0.59879008620423557,-0.1129148474449896,1.7838638278001635,0.59886086961450746,-0.11283400816673066
23.059999999999999,11530,0.0070694790470090807,0.015001094406440242,0,0.26970173833789463,0.00010717181817456578,0.00012504796810087733,1.9765210554647372e-06,2.2132342465963256e-05,3.0177849350086645,1.2229890096133764,-0.17809610028243039,0.042804667764735502,1.7839436545477376,0.59948469750612787,-0.11210100127187017,1.7839545557544816,0.59955498805933261,-0.11202083768641805
23.080000000000002,11540,0.0070705870592788827,0.01500109277957982,0,0.26901972879581182,0.00010625463657775804,0.00013012697978805586,1.9820999447216359e-06,2.206637408534863e-05,3.0181823974912447,1.2230133589763403,-0.17807501145025928,0.042793414756077675,1.7840364966448243,0.60019766000004549,-0.11126565730667164,1.7840476723369507,0.60026738081519981,-0.11118625856843239
23.100000000000001,11550,0.007071705562173544,0.015001088899574255,0,0.26832304240449345,0.00010522471759353514,0.00013529551386880434,1.9851435162222006e-06,2.2000207897163392e-05,3.0185833917168097,1.2230377099609562,-0.17805392018859961,0.042782161687959661,1.7841316967450664,0.60092871090792643,-0.11040912323789707,1.7841431434912884,0.60099778733293363,-0.11033057605015752
23.120000000000001,11560,0.0070728343703577411,0.015001082909375711,0,0.26761216227497403,0.00010408529290945346,0.00014047625341505712,1.9858278296013707e-06,2.206637408534863e-05,3.018987858096625,1.2230620624658621,-0.17803282664296521,0.042770908570658898,1.7842292189218789,0.60167756905024505,-0.10953172840253426,1.7842409327383209,0.60174592852691178,-0.10945411708471101
23.140000000000001,11570,0.0070739732879807442,0.015001074945122952,0,0.26688759205352947,0.00010283948978735863,0.00014571292564555236,1.9843195705435138e-06,2.2491710265994076e-05,3.0193957335410362,1.2230864163966904,-0.17801173095185957,0.042759655415172355,1.7843290249415682,0.60244393532025375,-0.10863382320729652,1.7843410012425382,0.6025115072842564,-0.10855722974441864
23.16,11580,0.0070751221089837783,0.015001065136829729,0,0.26614985496428889,0.00010149035850686186,0.00015097074451601617,1.9807768239409905e-06,2.1733528855063329e-05,3.019806951553297,1.2231107716654004,-0.17799063324748637,0.042748402233163028,1.7844310743209915,0.60322749316728275,-0.10771577854515391,1.7844433078786515,0.60329420897402652,-0.10764028262428822
23.18,11590,0.0070762806174132428,0.015001053609042778,0,0.26539949282892183,0.00010004089271680782,0.00015620091607718731,1.9753498259420605e-06,2.2165253030559974e-05,3.0202214423315792,1.223135128189631,-0.17796953365642193,0.042737149036911656,1.7845353243868298,0.60402790908683079,-0.10677798520832421,1.7845478092981484,0.60409370195640921,-0.10670366424548343
23.199999999999999,11600,0.0070774485877390875,0.015001040481425669,0,0.2646370650646071,9.8494044541299816e-05,0.00016150545206401141,1.9681816401027395e-06,2.2132342465963256e-05,3.0206391328694897,1.2231594858920982,-0.17794843230021881,0.042725895839272013,1.7846417303360946,0.60484483311572546,-0.10582085329863222,1.7846544599958503,0.60490963809191167,-0.10574778245879776
23.219999999999999,11610,0.0070786257851775366,0.01500102586929267,0,0.26386314766137547,9.6852735857470403e-05,0.00016671993692793388,1.9594087434189945e-06,2.2198114802541581e-05,3.021059947056536,1.2231838447000849,-0.1779273292959527,0.042714642653623076,1.7847502452975605,0.60567789933103222,-0.10484481163592282,1.7847632123764678,0.60574165325055329,-0.10477306384812843
23.240000000000002,11620,0.0070798119660175065,0.015001009884071253,0,0.2630783321398486,9.5119866842073011e-05,0.00017192889987351886,1.9491615534995776e-06,2.2394272795856101e-05,3.0214838057843374,1.2232082045449406,-0.17790622475669743,0.042703389493830644,1.7848608203938121,0.60652672635170224,-0.10385030716503882,1.7848740168211572,0.60658936782105721,-0.10377995313395012
23.260000000000002,11630,0.0070810068779500728,0.015000992633701327,0,0.26228322449037972,9.3298322603991142e-05,0.000177099903734499,1.9375648623386164e-06,2.1900583802360337e-05,3.0219106270464957,1.2232325653616576,-0.17788511879193955,0.042692136374206199,1.7849734048037558,0.60739091784222388,-0.10283780436175316,1.7849868217540767,0.60745238722004191,-0.10276891257678959
23.280000000000001,11640,0.0070822102604005009,0.015000974222987046,0,0.26147844409459842,9.1390978514440974e-05,0.0001822601777560685,1.9247381925013457e-06,2.2459278078588273e-05,3.0223403260485378,1.2232569270885096,-0.17786401150793663,0.042680883309465893,1.7850879458254707,0.60827006301775488,-0.1018077846379417,1.7851015737089431,0.60833030240121355,-0.10174042138069853
23.300000000000001,11650,0.0070834218448623306,0.015000954753878642,0,0.26066462263036599,8.9400704748976629e-05,0.00018733280255436239,1.9107960986457813e-06,2.2198114802541581e-05,3.0227728153115154,1.223281289666696,-0.1778429030080127,0.042669630314694153,1.7852043889392526,0.60916373715028749,-0.10076074574620204,1.7852182173955877,0.60922269036455767,-0.10069497509672817
23.32,11660,0.0070846413552330938,0.015000934325721329,0,0.2598422385322226,8.7330370400275561e-05,0.00019242701900739099,1.8958483888412163e-06,2.1733528855063329e-05,3.0232080047745593,1.2233056530400666,-0.17782179339281201,0.042658377405303469,1.7853226778708411,0.61007150207558825,-0.099697201184080361,1.7853366957665122,0.61012911466553088,-0.099633085026403029
23.34,11670,0.0070858685081513391,0.015000913035450507,0,0.25901199765195881,8.5182847481632369e-05,0.00019739350099268256,1.8800003031802852e-06,2.2361699290911531e-05,3.0236458019089376,1.2233300171548529,-0.1778006827605034,0.042647124596995281,1.785442754654774,0.61099290670068529,-0.098617679598011307,1.7854569500834456,0.61104912592425265,-0.098555277625194809
23.359999999999999,11680,0.0070871030133346415,0.015000890977751154,0,0.25817464399497492,8.2961015107110665e-05,0.00020225967956440092,1.8633526174754411e-06,2.1933842111273517e-05,3.0240861118151368,1.2233543819594668,-0.17777957120694654,0.04263587190572591,1.7855645596978145,0.61192748751175396,-0.097522724187066742,1.7855789199839009,0.61198226233469699,-0.097462093905996333
23.379999999999999,11690,0.0070883437571749924,0.015000899690285077,0,0.25733087193249471,8.0900412348056377e-05,0.0002071487828037738,1.8920267537180546e-06,2.1867274910380131e-05,3.0245286315805284,1.2233787278252979,-0.1777584911317209,0.042624588941668713,1.785687820355514,0.61287456239324389,-0.096412971451667759,1.7857025435477294,0.61292805017388496,-0.096354088842595415
23.400000000000002,11700,0.0070895916193293501,0.015000894260070004,0,0.25648071417315965,7.8682563390687377e-05,0.00021184255909425395,1.9031759459626203e-06,2.206637408534863e-05,3.0249735942976033,1.2234030814643602,-0.17773739647025533,0.042613315125040033,1.785812702442533,0.61383394054622153,-0.095288871631488983,1.7858277573636796,0.61388600431107576,-0.095231830773148646
23.420000000000002,11710,0.0070908459572007927,0.015000887746784793,0,0.2556216743630515,7.6403520572409012e-05,0.00021632339708673156,1.914865005951681e-06,2.1531352099333316e-05,3.0254208011714581,1.2234274353316636,-0.17771630060656673,0.042602039376442795,1.7859390936845077,0.61480503846029411,-0.094151044925786589,1.7859544965959511,0.61485562871695854,-0.094095900803656013
23.440000000000001,11720,0.007092106001664919,0.015000897521880954,0,0.25475764293886694,7.4208222608463162e-05,0.00022063731247567707,1.9534842152060776e-06,2.1699963539503996e-05,3.0258700412552333,1.2234517780324108,-0.17769522141030469,0.042590744407387221,1.786066791500514,0.6157872286651831,-0.093000131743567888,1.7860826950507527,0.61583641697284497,-0.092946892211433652
23.460000000000001,11730,0.007093372159901629,0.015000896119479003,0,0.25388982072904287,7.1905534445411236e-05,0.00022472905298175961,1.9800404486892501e-06,2.1867274910380131e-05,3.026321410966625,1.2234761261494473,-0.17767413069780255,0.042579454747360697,1.7861958788316317,0.61678016868058028,-0.091836668625694784,1.7862122852428572,0.61682785277986041,-0.091785409848588614
23.48,11740,0.0070946440793092326,0.015000885489625984,0,0.25301892466154219,6.9486694982370513e-05,0.00022868068526928136,1.9954050330875255e-06,2.2198114802541581e-05,3.0267747743490059,1.2235004796490789,-0.17765303041408448,0.042568170985605204,1.7863263507924945,0.61778333325611889,-0.090661277749474842,1.7863431984621592,0.617829410468136,-0.090612069545492446
23.5,11750,0.0070959213629584088,0.015000868464321884,0,0.25214565507366327,6.6967024009774147e-05,0.00023243036902397422,2.0022102632184889e-06,2.1598954627055457e-05,3.0272299913063123,1.223524837365652,-0.17763192342865203,0.04255689261317281,1.7864581598367335,0.61879616901164802,-0.089474597506596726,1.7864753648402294,0.61884055550600015,-0.089427497514255314
23.52,11760,0.0070972036328410572,0.015000846811935822,0,0.25127062626161867,6.4360306404932297e-05,0.00023611125237349331,2.0021795584136899e-06,2.1463536648682345e-05,3.0276869347974622,1.2235491984767091,-0.17761081153692376,0.0425456191951483,1.7865912369258252,0.61981811872146475,-0.088277272169775586,1.7866087134168731,0.61986074500917099,-0.088232329752199593
23.539999999999999,11770,0.007098490525096212,0.015000821550834265,0,0.25039438101453138,6.1678007598898603e-05,0.00023959876231029455,1.9963732021770761e-06,2.1933842111273517e-05,3.0281454858905588,1.223573562461767,-0.17758969577519712,0.042534350352906071,1.7867255027447704,0.62084862159005583,-0.087069952330274925,1.7867431722066844,0.62088942824994753,-0.087027211445334152
23.559999999999999,11780,0.0070997816823580341,0.015000793294606246,0,0.24951781995667574,5.893038733642754e-05,0.00024291923309533546,1.9855070340479465e-06,2.206637408534863e-05,3.0286055291074025,1.223597928968005,-0.17756857677003379,0.042523085731111472,1.7868608738417957,0.62188711193677582,-0.085853295716599123,1.7868786682656044,0.62192604716640199,-0.085812796371827926
23.580000000000002,11790,0.0071010767493476148,0.015000762455854209,0,0.24864162827432665,5.612693920799697e-05,0.00024609423705721455,1.9701303119024581e-06,2.1531352099333316e-05,3.0290669498154634,1.2236222977281916,-0.17754745494446941,0.042511824991917656,1.7869972658698081,0.62293301877505991,-0.084627967331169826,1.7870151277574755,0.62297003687157138,-0.084589746305483909
23.600000000000001,11800,0.0071023753707380568,0.015000729352411538,0,0.24776648593721476,5.3276535978598902e-05,0.00024909129621616618,1.9507101763564275e-06,2.1666346224911465e-05,3.0295296329615566,1.223646668519387,-0.17752633062537676,0.042500567819065888,1.7871345951228224,0.62398576588827948,-0.083394639191703285,1.7871524760205992,0.62402082616264898,-0.083358730419213725
23.620000000000001,11810,0.007103677190210632,0.015000694260123772,0,0.24689306664355745,5.0387576992575921e-05,0.00025188493081881473,1.9276692102689585e-06,2.1900583802360337e-05,3.0299934625317908,1.2236710411431539,-0.17750520409676579,0.042489313922326535,1.7872727790945317,0.62504477207976861,-0.082153989899613422,1.7872906376342916,0.62507783803017725,-0.082120424688510246
23.640000000000001,11820,0.0071049818501162524,0.01500065743770272,0,0.24602203671542119,4.7468216241234886e-05,0.00025454771229735276,1.9014011510062885e-06,2.2000207897163392e-05,3.0304583213973655,1.223695415416187,-0.17748407562487689,0.042478063039560122,1.7874117365136242,0.62610945148859076,-0.080906704130386489,1.7874295364854405,0.62614049016723827,-0.080875511294922542
23.66,11830,0.0071062889914564192,0.01500061913704567,0,0.24515405397813009,4.4526676842827723e-05,0.00025700714007122894,1.872276563032784e-06,2.2165253030559974e-05,3.0309240913533606,1.2237197911660904,-0.17746294546860897,0.042466814936492944,1.7875513871349304,0.62717921394481524,-0.079653472084248625,1.7875690958350599,0.62720819547864659,-0.079624678029529383
23.68,11840,0.0071075982540377549,0.01500057960612693,0,0.244289766642768,4.1571656284120187e-05,0.00025927181271361986,1.8406441139347826e-06,2.1293053117836167e-05,3.0313906532449959,1.2237441682296306,-0.17744181388247107,0.042455569404985141,1.7876916514497081,0.62825346535712523,-0.078394988915093375,1.7877092383848485,0.62828036259014086,-0.078368617696413262
23.699999999999999,11850,0.0071089092767196334,0.015000539088322187,0,0.24342981220361457,3.8612848169913171e-05,0.00026134400402071599,1.8068301095303399e-06,2.1867274910380131e-05,3.031857887140859,1.2237685464521866,-0.17742068111593456,0.0424443262605314,1.7878324504033685,0.62933160812787103,-0.077131954147638487,1.7878498863437442,0.62935639635757523,-0.07710802751613427
23.719999999999999,11860,0.0071102213866496653,0.01500050368967638,0,0.24257482654463938,3.596825209862452e-05,0.00026397212124600348,1.7830658276949286e-06,2.183391520383078e-05,3.0323256614165746,1.2237929140469652,-0.17739955365484317,0.042433081997885029,1.7879733535994959,0.63041288779735238,-0.07586513420433616,1.7879909614944813,0.63043569837611135,-0.075843608529204021
23.740000000000002,11870,0.0071115348011529063,0.01500045889283207,0,0.24172539526740391,3.3317652164854041e-05,0.00026603510098043319,1.7516828881122629e-06,2.1699963539503996e-05,3.0327939785470832,1.2238172880380016,-0.17737841646652353,0.042421838293240997,1.7881146198123465,0.63149691308623024,-0.074595136170442097,1.788132385260147,0.63151766748941096,-0.074576064999559294
23.760000000000002,11880,0.0071128491610235167,0.015000404152654436,0,0.24088211827956815,3.0727634868397957e-05,0.00026800878142798956,1.7135574034644512e-06,2.1733528855063329e-05,3.0332627318271861,1.2238416677113153,-0.17735726902868859,0.042410595040851012,1.7882561267721453,0.63258306346311477,-0.073322674323336265,1.7882740787707361,0.63260170029882601,-0.073306103818036955
23.780000000000001,11890,0.0071141639700669397,0.015000341230178234,0,0.24004558379833499,2.8452792852474346e-05,0.00027035925807836344,1.6756774248662409e-06,2.2000207897163392e-05,3.033731816017883,1.2238660470004401,-0.1773361133060119,0.042399349693612892,1.7883975776284928,0.63367064378537286,-0.072048494828606452,1.7884159629297092,0.63368719167259224,-0.072034433905846379
23.800000000000001,11900,0.0071154789731977227,0.015000275348884378,0,0.23921637521345265,2.6028027630166393e-05,0.00027142214848004191,1.6298644530522229e-06,2.1699963539503996e-05,3.0342009588772658,1.2238904350832267,-0.17731495418048945,0.04238810910985677,1.7885395268592938,0.63475920356605464,-0.070773269367505026,1.788557958480548,0.63477353525502023,-0.070761765618044342
23.82,11910,0.0071167937110863978,0.015000207246851341,0,0.23839504131195396,2.3669660251486818e-05,0.00027248089280234081,1.5808390163825737e-06,2.183391520383078e-05,3.0346700671920126,1.2239148274173375,-0.17729379254650895,0.042376871404067429,1.7886816735172286,0.6358480686032657,-0.069497730410565131,1.7886999860733115,0.63586012397568703,-0.069488810147008723
23.84,11920,0.0071181079350559201,0.015000128878818441,0,0.2375821014051617,2.1744576174109035e-05,0.00027406533001446225,1.530756161796292e-06,2.1800504449438904e-05,3.035139165258625,1.2239392233631941,-0.17727262042058037,0.042365632345559873,1.7888235980485039,0.63693657619931399,-0.068222595149788262,1.7888419663311925,0.63694635055862858,-0.068216278925912324
23.859999999999999,11930,0.0071194213203541806,0.015000041443795648,0,0.23677807808379067,2.0229302300528138e-05,0.00027534166999618718,1.4788170702704369e-06,2.2263692832568247e-05,3.0356080970641046,1.2239636253376127,-0.17725143890942457,0.04235439373123167,1.7889653807564283,0.63802415038595983,-0.066948571602215859,1.788983819917074,0.63803160803153092,-0.066944883032196964
23.879999999999999,11940,0.0071207328095030161,0.014999975024664281,0,0.23598351762975969,1.8810139901875804e-05,0.00027516423948518157,1.4327828204043327e-06,2.1933842111273517e-05,3.0360763297031967,1.2239880207425442,-0.17723027839454286,0.042343162196093728,1.7891074144519552,0.63911012655645427,-0.065676446875755398,1.789125467600085,0.63911529023492242,-0.065675332591047117
23.900000000000002,11950,0.0071220425280184184,0.014999910658465638,0,0.23519885523048914,1.7771323838021682e-05,0.00027512715000007785,1.3862779464599234e-06,2.2000207897163392e-05,3.0365440105854984,1.2240124187722636,-0.17720911969404449,0.042331933366008052,1.7892493458909116,0.64019397702188485,-0.064406856771043866,1.7892668303221573,0.64019679233136551,-0.064408336178863823
23.920000000000002,11960,0.007123350614481487,0.014999827068605356,0,0.23442408205863655,1.7589045170693822e-05,0.00027584156786866814,1.3371293076150783e-06,2.1867274910380131e-05,3.0370113148913123,1.2240368282774321,-0.17718794131433088,0.042320703048319155,1.7893907377442955,0.64127512323562919,-0.0631404645479543,1.7894078292645812,0.64127551131464811,-0.063144600226739497
23.940000000000001,11970,0.007124655452026122,0.014999772701358896,0,0.2336537048999717,1.7826137016648216e-05,0.00027499729740879228,1.2959256392173871e-06,2.2394272795856101e-05,3.0374774962000468,1.2240612228528946,-0.17716679238806948,0.042309479163300558,1.7895319703214156,0.64235275435750083,-0.061878145638976978,1.7895483859145627,0.64235084651897623,-0.061884828423930255
23.960000000000001,11980,0.0071259575514068339,0.014999716918237416,0,0.23288673782064864,1.8680592528471893e-05,0.00027430194048909786,1.2546092195445688e-06,2.1933842111273517e-05,3.0379428290838071,1.2240856211553228,-0.17714564178974204,0.042298256436915128,1.7896727646738628,0.64342645913399699,-0.060620465343775673,1.7896884221317786,0.6434222001281652,-0.060629721121331109
23.98,11990,0.0071272572756405353,0.014999632031512238,0,0.23212964215104762,2.039282838379759e-05,0.00027446133805833012,1.2127881105553751e-06,2.2099382890764463e-05,3.0384075508255775,1.2241100380107799,-0.17712446142962879,0.042287031580470459,1.7898127597482094,0.6444957277988087,-0.059368046645600657,1.7898278602149333,0.64448897768483171,-0.059379974734949256
24,12000,0.0071285524182127073,0.014999585644642991,0,0.23138455355190454,2.2247491988026639e-05,0.00027292994931644456,1.1770716758536118e-06,2.2198114802541581e-05,3.0388707010267622,1.2241344316258385,-0.17710332004584983,0.042275813026352291,1.7899522911217489,0.64555960117231947,-0.058121847764243124,1.7899666229683158,0.6455505885995857,-0.058136281149378286
24.02,12010,0.0071298425964903735,0.014999581230356957,0,0.23065181757479539,2.4110658522167997e-05,0.00027025948207268214,1.1418222287970116e-06,2.2394272795856101e-05,3.0393321232780037,1.2241588013342293,-0.17708222114559025,0.04226459975130567,1.7900913662927853,0.64661754277002748,-0.056882529076933849,1.7901046337683544,0.64660644666022193,-0.056899327121271812
24.039999999999999,12020,0.0071311284339828232,0.014999584280453306,0,0.2299317098022918,2.6245897822107245e-05,0.00026765769767978745,1.105106245704361e-06,2.1900583802360337e-05,3.0397921350899888,1.2241831686942719,-0.17706112962918633,0.042253387863309601,1.7902296896923293,0.64766917630522403,-0.055650626202025315,1.7902418166301741,0.64765597054091195,-0.055669793682817811
24.060000000000002,12030,0.0071324097390144591,0.014999588607483572,0,0.22922453320439909,2.865517838160346e-05,0.00026509912311481997,1.0670480342462891e-06,2.1800504449438904e-05,3.0402507030467047,1.2242075363648866,-0.17704003923263539,0.042242177076080849,1.7903670845400688,0.64871392943814354,-0.054426805880582248,1.7903780962741529,0.64869858431139615,-0.054448355545211852
24.080000000000002,12040,0.0071336862203172386,0.014999592217004283,0,0.22853057439913158,3.127748806191365e-05,0.00026251283619352882,1.0282395704294441e-06,2.206637408534863e-05,3.0407077376987068,1.2242319048055752,-0.177018947952677,0.042230966897298758,1.7905034378857576,0.64975121531790103,-0.053211744848136802,1.7905133981924777,0.64973371794617496,-0.053235680502132149
24.100000000000001,12050,0.0071349575708104145,0.01499959434602683,0,0.22785009686882859,3.405012257896075e-05,0.00025984752055351854,9.8909334464507168e-07,2.2198114802541581e-05,3.0411631342607168,1.2242562741094352,-0.1769978550271388,0.042219756986110669,1.7906386699952592,0.65078045901054382,-0.052006111069713042,1.7906476487157001,0.65076080783370138,-0.052032428833212116
24.120000000000001,12060,0.0071362234797602165,0.014999594822278322,0,0.22718334021000966,3.6922462417784331e-05,0.00025703833662559189,9.4982429656441451e-07,2.265317472408141e-05,3.0416167818665754,1.2242806442465919,-0.17697676028639095,0.042208547185080408,1.7907727172500083,0.65180109692710686,-0.050810562722377849,1.7907807750792937,0.65177929728557249,-0.050839252707515062
24.140000000000001,12070,0.0071374836363569619,0.014999593798168544,0,0.22653051998187138,3.9856573749427721e-05,0.00025413214731413931,9.1053514430687677e-07,2.2426798989897964e-05,3.0420685675589429,1.22430501511516,-0.1769556638864454,0.042197337450574531,1.790905522633615,0.65281257497353029,-0.049625748386580362,1.7909127054902099,0.65278863704572132,-0.049656795587008001
24.16,12080,0.0071387377323093677,0.014999591588220739,0,0.22589182763775714,4.2824804494535498e-05,0.00025107042842370108,8.7127720652853949e-07,2.2717439178655149e-05,3.0425183787250942,1.2243293865728986,-0.17693456614603903,0.042186127794214753,1.7910370306740857,0.65381434797061244,-0.048452306748801285,1.7910433691934338,0.65378828579960846,-0.048485691630035591
24.18,12090,0.0071399854638990526,0.014999588564157867,0,0.22526743057949092,4.5807108224435195e-05,0.00024791211059902829,8.3208185927727305e-07,2.2361699290911531e-05,3.0429661045837069,1.224353758463143,-0.17691346744132008,0.04217491824784958,1.7911671850414823,0.65480587973807214,-0.047290866090273623,1.7911726965385408,0.65477771068341417,-0.047326565094793854
24.199999999999999,12100,0.0071412265334185468,0.014999585092380715,0,0.22465747234050731,4.8788799214883633e-05,0.00024459385678987563,7.9297556267587389e-07,2.2717439178655149e-05,3.0434116369972037,1.2243781306326587,-0.17689236814298887,0.042163708844846638,1.7912959276934948,0.65578664341044246,-0.046142043748474318,1.7913006190462535,0.65575638779323031,-0.046180029742804274
24.219999999999999,12110,0.0071424606500821389,0.014999581501505157,0,0.22406207287412871,5.1758857487838617e-05,0.00024117254333431959,7.5398739164761461e-07,2.2491710265994076e-05,3.0438548708407556,1.2244025029416892,-0.17687126858363755,0.042152499610990005,1.7914231988708578,0.65675612183349363,-0.045006445590999873,1.7914270694749963,0.65672380269425168,-0.045046688242387528
24.240000000000002,12120,0.0071436875305675735,0.014999578069318457,0,0.22348132892313263,5.4708720513445936e-05,0.00023758236475188496,7.1515350509005723e-07,2.1933842111273517e-05,3.0442957041046732,1.224426875268168,-0.17685016904461826,0.042141290560799877,1.7915489375080302,0.65771380799850476,-0.043884665495138267,1.7915519818874539,0.65767945092996816,-0.043927131572137609
24.260000000000002,12130,0.0071449068993306381,0.014999575021108477,0,0.2229153144543741,5.763145273278593e-05,0.00023385918402299172,6.7652046785683156e-07,2.2524095754713237e-05,3.0447340378769843,1.2244512475082998,-0.17682906975436485,0.042130081696821954,1.7916730817993962,0.65865920550056312,-0.042777284822542873,1.791675291717125,0.6586228385313565,-0.042821938424395897
24.280000000000001,12140,0.007146118488795471,0.014999572533880963,0,0.22236408114883366,6.0521188995019774e-05,0.00022999337279989526,6.3814832120991099e-07,2.2588727439225648e-05,3.0451697762637906,1.2244756195751978,-0.17680797089264577,0.042118873010426466,1.7917955697763825,0.65959182901346181,-0.041684871883307557,1.7917969358348811,0.65955348252607238,-0.041731674608724373
24.300000000000001,12150,0.007147322039487417,0.014999570743058955,0,0.22182765894158193,6.3372768386595849e-05,0.00022601631597641541,6.0011393201789422e-07,2.2329078268013787e-05,3.0456028263120904,1.2244999913966745,-0.17678687259731302,0.042107664483249395,1.7919163398242584,0.66051120477580083,-0.040607981387880361,1.7919168526155211,0.6604709114476417,-0.040656892455380081
24.32,12160,0.0071485173001484036,0.014999569749634583,0,0.2213060566084166,6.618149650260461e-05,0.00022193188638762912,5.6251510717268521e-07,2.2459278078588273e-05,3.0460330979489529,1.2245243629128435,-0.17676577497151083,0.042096456088776796,1.7920353311118196,0.66141687108437441,-0.039547153887582363,1.792034982004328,0.66137466584465265,-0.039598130218789232
24.34,12170,0.0071497028634189153,0.014999615051019339,0,0.22079925267774164,6.8711506602750188e-05,0.00021858606284445869,5.4566758020833437e-07,2.2426798989897964e-05,3.0464601106527267,1.2245487084130056,-0.17674472463282848,0.042085214437842314,1.7921524502050017,0.66230815034057877,-0.038503025667051917,1.7921512655836256,0.66226429878994808,-0.038555911481020305
24.359999999999999,12180,0.0071508788382123956,0.01499969261359009,0,0.22030721490504812,7.1049552712691604e-05,0.00021567883781547088,5.5423684090000347e-07,2.2000207897163392e-05,3.0468839008787567,1.22457303528357,-0.17672370723291461,0.042073948823736627,1.792267623802593,0.66318469710262529,-0.03747606217458084,1.7922656466393339,0.66313937638981646,-0.037530744555258899
24.379999999999999,12190,0.007152046004967859,0.01499976276323659,0,0.21982990103613501,7.3405809391943015e-05,0.00021241984402385378,5.7038958802507069e-07,2.2813496432377448e-05,3.0473047289278266,1.2245973657256588,-0.17670268213827847,0.042062687430721918,1.79238081217029,0.66404630090254568,-0.036466654749678196,1.792378070227526,0.66399947829318395,-0.036523121889281016
24.400000000000002,12200,0.0071532041385829765,0.014999825936127847,0,0.21936724339222918,7.5769080322191632e-05,0.00020885195146760636,5.9027910636071618e-07,2.2296409518597789e-05,3.0477225094932137,1.2246216997497741,-0.1766816497874199,0.042051429976521067,1.7924919732681146,0.66489254656366359,-0.035475285380520326,1.7924884832409849,0.66484419820080676,-0.035533519468927105
24.420000000000002,12210,0.0071543529839660546,0.014999883805840435,0,0.21891915557233493,7.8113669561927213e-05,0.00020505503105573206,6.1226623461563515e-07,2.2877310533063834e-05,3.0481371470141241,1.224646036497234,-0.17666061188895821,0.042040175508510719,1.7926010621228481,0.66572301879857665,-0.034502426110756323,1.7925968344757579,0.66567314437446223,-0.03456239622157635
24.440000000000001,12220,0.0071554923139777538,0.014999937352028682,0,0.21848553426667258,8.0422267479378243e-05,0.00020097983962242874,6.3523935592909096e-07,2.2781522350186147e-05,3.0485485568112614,1.2246703754485839,-0.17663956944297166,0.042028923521535644,1.7927080324181284,0.66653732540186272,-0.033548527240808229,1.7927030746977151,0.66648594014614104,-0.033610193419620002
24.460000000000001,12230,0.0071566219218681419,0.014999987168479089,0,0.21806626016284325,8.2682881883872289e-05,0.00019677584150883568,6.583978582427322e-07,2.2394272795856101e-05,3.0489566620481505,1.2246947162859083,-0.17661852305557121,0.04201767371661741,1.7928128379442307,0.6673350948464144,-0.032614018198880802,1.7928071567091042,0.66728222442723906,-0.03267733408393568
24.48,12240,0.0071577416153800954,0.015000033680134348,0,0.21766119880694013,8.4886125445094809e-05,0.00019233987337490685,6.8120392724127637e-07,2.2845425764212974e-05,3.0493613913214013,1.2247190587782391,-0.17659747316070254,0.042006425868130158,1.7929154334925685,0.66811597418821056,-0.031699308271615115,1.7929090354151074,0.66806165221774916,-0.031764222387361013
24.5,12250,0.0071588512144612204,0.015000077232428527,0,0.2172702015074178,8.7024143259257009e-05,0.00018783020217543476,7.033305390770399e-07,2.2459278078588273e-05,3.0497626776757505,1.2247434027337749,-0.17657642011140784,0.041995179776853284,1.7930157753854135,0.66887962855438154,-0.030804786539978875,1.7930086678903971,0.66882389511545293,-0.030871243058167769
24.52,12260,0.0071599505505759893,0.015000118123315842,0,0.21689310625888611,8.9090181126364194e-05,0.00018323343025202242,7.246051683716532e-07,2.2524095754713237e-05,3.0501604582705326,1.2247677479833343,-0.17655536421249327,0.041983935256443394,1.7931138218089269,0.66962574124419716,-0.0299308215005182,1.7931060134456929,0.66956864182511255,-0.029998760783535722
24.539999999999999,12270,0.0071610394665706069,0.015000156614480866,0,0.21652973866971933,9.1078333569408611e-05,0.00017853466472955118,7.4496078238304376e-07,2.2717439178655149e-05,3.0505546742787537,1.2247920943750277,-0.17653430573192586,0.041972692130613325,1.7932095330387183,0.67035401399811545,-0.029077760596607563,1.7932010336943174,0.67029559866766253,-0.029147119613026559
24.560000000000002,12280,0.0071621172333276887,0.015000209924433358,0,0.2161799047498561,9.2825353117260523e-05,0.00017282538208801754,7.8714563606204961e-07,2.2588727439225648e-05,3.0509450907040399,1.2248164243577657,-0.17651326245001653,0.041961446117766386,1.7933027397971755,0.67106402871076332,-0.028246003510776514,1.7932936926187526,0.67100449008940188,-0.028316642362057581
24.580000000000002,12290,0.0071631839340454912,0.015000270669880918,0,0.21584340753100772,9.4386935576859637e-05,0.00016656246410774473,8.4391899323981806e-07,2.2524095754713237e-05,3.051331734030613,1.224840743968822,-0.17649222680304172,0.04195019759725032,1.7933934137772769,0.67175558166078952,-0.027435821350431298,1.7933839566371959,0.67169505917118522,-0.027507630015376233
24.600000000000001,12300,0.0071642399519800766,0.015000323868514747,0,0.21552004848725465,9.5905902670110761e-05,0.00016056393243740093,8.9482775392446317e-07,2.2459278078588273e-05,3.0517147104638918,1.2248650682825588,-0.17647118332999384,0.041938949869248753,1.7934816416864821,0.6724285616196678,-0.02664742602169861,1.7934717946701169,0.67236706813761538,-0.026720361130533388
24.620000000000001,12310,0.0071652851324125683,0.015000371669099526,0,0.21520961536885863,9.737595986486261e-05,0.00015479460106842142,9.4080753071798912e-07,2.2556434745889217e-05,3.0520939496631234,1.2248893963654743,-0.17645013420360817,0.041927703279651243,1.7935674312841845,0.67308274343953922,-0.025881080247383875,1.7935571782068134,0.67302029886623504,-0.025955091241356962
24.640000000000001,12320,0.0071663193372123127,0.015000415558896571,0,0.2149118861122542,9.8779864723856495e-05,0.00014916380994423045,9.8298235470637497e-07,2.2524095754713237e-05,3.0524693962099163,1.2249137273080062,-0.17642908093840509,0.041916457795288603,1.7936507608476446,0.67371791361526423,-0.025137026311383679,1.7936400813719673,0.6736545533967182,-0.025212052261427115
24.66,12330,0.0071673424607404173,0.015000456217725191,0,0.2146266310308067,0.00010010483492104479,0.0001437132099898714,1.0219061201001998e-06,2.2099382890764463e-05,3.0528410097917211,1.2249380606430698,-0.17640802422928573,0.041905213293927129,1.7937316009397146,0.67433388398755978,-0.024415478932031005,1.7937204809922016,0.67426965444006215,-0.024491451887548921
24.68,12340,0.0071683544188882696,0.015000493984017675,0,0.214352296497059,0.00010134118983071226,0.00013839036122932061,1.0578733130085863e-06,2.2717439178655149e-05,3.0532087586215564,1.2249623960984115,-0.17638696442415114,0.041893969634800757,1.7938099228578206,0.67493049060945409,-0.023716626116058254,1.7937983566626359,0.67486544588777941,-0.023793473003226942
24.699999999999999,12350,0.0071693549498794279,0.015000534394736649,0,0.21408694058174516,0.00010242046698828926,0.00013376755910686424,1.1013106475848531e-06,2.2165253030559974e-05,3.0535725894006061,1.224986727780722,-0.17636590732378474,0.041882719015216098,1.7938855655645851,0.67550754369381671,-0.023040646856997308,1.7938736908134434,0.67544179332108978,-0.023118273082138624
24.719999999999999,12360,0.0071703440848746676,0.015000574080249131,0,0.21383060424935543,0.0001033559325422269,0.00012969493334417427,1.1474774796078575e-06,2.2132342465963256e-05,3.053932502318597,1.2250110579371116,-0.17634484947045526,0.041871463266172221,1.793958529240073,0.67606494484672086,-0.022387668196824664,1.7939464687764066,0.67599858452011174,-0.022465983591608549
24.740000000000002,12370,0.0071713219452014983,0.015000608414722701,0,0.21358364874230484,0.00010419844049986084,0.00012557730481286132,1.1874758668156785e-06,2.2426798989897964e-05,3.0542884967342632,1.2250353914105294,-0.17632378602021048,0.04186020888345704,1.7940289262063209,0.6766026463873076,-0.0217577821460017,1.794016678851474,0.67653572997305433,-0.021836709396082649
24.760000000000002,12380,0.0071722884710336094,0.015000639167552713,0,0.21334793112805636,0.00010494507180561699,0.00012125990534465268,1.222901775954669e-06,2.2524095754713237e-05,3.0546405394075253,1.2250597274629973,-0.17630271876324927,0.041848956016171307,1.7940967735402629,0.67712057804008308,-0.021151070928396042,1.7940843123733157,0.677053163385409,-0.021230528160601642
24.780000000000001,12390,0.0071732436301528832,0.015000667212812449,0,0.21312354486321061,0.00010558696123471594,0.00011691400617875289,1.2547401094898588e-06,2.2329078268013787e-05,3.0549886159044282,1.2250840655952207,-0.17628164859087994,0.041837704463421742,1.7941620611545428,0.67761868968743022,-0.0205675891911688,1.7941493637778805,0.67755084218914186,-0.020647489754274995
24.800000000000001,12400,0.0071741873718420349,0.015000692083383454,0,0.2129102279384962,0.00010606782895874788,0.0001120624664001168,1.2850365652287734e-06,2.2491710265994076e-05,3.0553327394121004,1.2251084035352273,-0.17626057512809715,0.041826451511027089,1.7942246618089017,0.67809692108653497,-0.020007377361560812,1.7942118306689514,0.67802874805188496,-0.02008761565375479
24.82,12410,0.0071751197339225969,0.015000712997349607,0,0.2127077246243867,0.00010639840656091032,0.00010680704902243747,1.3125063586568145e-06,2.2524095754713237e-05,3.0556729138948882,1.2251327421633607,-0.17623949756523583,0.041815197457900792,1.7942845914746806,0.67855528809435961,-0.019470423930225772,1.7942717138847029,0.67848688738612806,-0.019550898346710074
24.84,12420,0.0071760407736297122,0.015000730749878771,0,0.21251578283837497,0.00010661901255024167,0.00010176752659760443,1.3359435317327341e-06,2.2394272795856101e-05,3.0560091256324484,1.2251570831063505,-0.17621841663130899,0.041803944354545625,1.7943419565670788,0.67899385236789622,-0.018956680312438842,1.7943290175642561,0.67892529185841144,-0.019037300735300106
24.859999999999999,12430,0.007176950528258604,0.015000744276372395,0,0.21233413853694605,0.00010670925040043899,9.7292742253954605e-05,1.3555687630750438e-06,2.1967050066869309e-05,3.0563414068132011,1.2251814257513585,-0.17619733130145296,0.041792690415257579,1.7943966864846106,0.67941265827214514,-0.018466082573023932,1.7943837492142354,0.67934401889851614,-0.018546755539648949
24.879999999999999,12440,0.0071778490423934343,0.015000753949424649,0,0.21216253298994578,0.00010666542490800303,9.3135709180224943e-05,1.3715429985792412e-06,2.2263692832568247e-05,3.0566697634018674,1.2252057700887409,-0.17617624194415735,0.041781435930988015,1.7944488074740963,0.67981178604252646,-0.017998537057550695,1.7944359197753252,0.67974315220865722,-0.018079164701318831
24.900000000000002,12450,0.0071787363615888932,0.015000761836401028,0,0.21200071063672385,0.00010649615288817214,8.8907315991899579e-05,1.3848711369468905e-06,2.2588727439225648e-05,3.0569941842439792,1.2252301160568799,-0.17615515061008302,0.041770182427680866,1.7944984106907145,0.68019134986056751,-0.017553918360366228,1.7944855436888256,0.68012280227267474,-0.017634398786784439
24.920000000000002,12460,0.0071796125608842021,0.015000768611462422,0,0.21184841092100004,0.00010619699927240051,8.4717408227161475e-05,1.3962387932870509e-06,2.2198114802541581e-05,3.0573146922123828,1.2252544633312885,-0.17613405798307691,0.041758929918910413,1.7945455154694563,0.68055148397525067,-0.017132068159803393,1.794532638963209,0.68048310686522584,-0.017212296390906781
24.940000000000001,12470,0.0071804777400010476,0.015000774429112285,0,0.21170537245107662,0.00010576170416867838,8.0581036496893256e-05,1.4059036278675797e-06,2.2296409518597789e-05,3.057631323314892,1.2252788117540625,-0.17611296422385456,0.041747678269763909,1.7945901306082033,0.6808923497305136,-0.016732795172738055,1.7945772272406761,0.6808242315609766,-0.016812663540406683
24.960000000000001,12480,0.0071813320172686287,0.0150007793149392,0,0.21157133391882357,0.00010518454961532256,7.6430625566046973e-05,1.4139931015711986e-06,2.206637408534863e-05,3.0579441200674764,1.2253031612293404,-0.17609186936234142,0.041736427340436567,1.794632269549379,0.68121413724201674,-0.016355874788377016,1.7946193338637124,0.68114637024379421,-0.016435273097338984
24.98,12490,0.0071821755275203649,0.015000783281476705,0,0.21144603419219113,0.00010446055767833694,7.247527535427405e-05,1.4206087916217588e-06,2.2394272795856101e-05,3.0582531301117073,1.2253275116782174,-0.17607077341472027,0.04172517700736552,1.794671952511679,0.68151706594132133,-0.016001048543400391,1.7946589879416444,0.68144974561593796,-0.016079864162566668
25,12500,0.0071830084217708772,0.015000786348411892,0,0.2113292122086681,0.0001035853202759483,6.8333900711511436e-05,1.425847812702513e-06,2.2000207897163392e-05,3.0585584062508633,1.2253518630280367,-0.17604967640398769,0.041713927162538668,1.7947092059836307,0.68180138496338449,-0.015668023550769867,1.7946962224171956,0.68173460970725142,-0.015746141479234838
25.02,12510,0.0071838309302614083,0.015000783648572777,0,0.21122059997371592,0.00010252747393906475,6.4413246828431915e-05,1.4262754744570001e-06,2.2033315828455735e-05,3.0588600671985935,1.2253762162833042,-0.1760285734533471,0.041702675693436171,1.7947439336695639,0.68206735854387612,-0.015356473910352861,1.7947310741330436,0.68200124438435483,-0.015433774836243835
25.039999999999999,12520,0.007184643150588913,0.015000780748925266,0,0.21111994478842447,0.00010131923249874764,6.0395057023941803e-05,1.4258838019004974e-06,2.2132342465963256e-05,3.0591580955349027,1.2254005702566,-0.1760074701433989,0.041691424897225576,1.7947763380066881,0.68231531663839773,-0.015066033083527313,1.7947635838983751,0.68224996185983611,-0.015142398471724036
25.060000000000002,12530,0.0071854452338734141,0.015000781390089715,0,0.21102698921313004,9.9975151670270653e-05,5.6684397917425181e-05,1.4275185072876812e-06,2.2198114802541581e-05,3.0594525169562674,1.2254249239810202,-0.17598637023074531,0.041680176126666246,1.7948065503556943,0.68254560945154608,-0.01479630062822029,1.7947937965554435,0.68248110520144323,-0.014871610476509381
25.080000000000002,12540,0.0071862374559364629,0.015000782025372623,0,0.21094146409003414,9.8467540429986072e-05,5.296149999199454e-05,1.4287735655061491e-06,2.1800504449438904e-05,3.0597434620235102,1.2254492781069533,-0.17596527016507868,0.0416689277345242,1.7948345060873292,0.68275859546684459,-0.01454684226558675,1.7948217610461239,0.68269504884127619,-0.014620972197610702
25.100000000000001,12550,0.0071870200653072064,0.0150007819207231,0,0.21086310361772348,9.6788853946055045e-05,4.9371449686321578e-05,1.4291053847847303e-06,2.1867274910380131e-05,3.0600310243735533,1.2254736328175966,-0.17594416920974959,0.041657679419039466,1.7948602331262213,0.68295467682033983,-0.014317184173137099,1.7948475304784703,0.68289219908497756,-0.014390007641691585
25.120000000000001,12560,0.007187793318388226,0.015000780944642902,0,0.21079164127223074,9.4935997272514703e-05,4.5881894249579087e-05,1.4284428529761267e-06,2.2263692832568247e-05,3.0603152937252225,1.2254979881247039,-0.17592306723394172,0.041646431081675886,1.7948837867344105,0.68313429031698425,-0.014106814488840149,1.7948711621932716,0.68307299462092597,-0.014178202878539659
25.140000000000001,12570,0.0071885574866011378,0.015000779117530505,0,0.21072680826399059,9.290651147149292e-05,4.2448952558237425e-05,1.426838516676781e-06,2.2000207897163392e-05,3.0605963640273512,1.2255223439922096,-0.17590196425971696,0.041635182671300161,1.7949052304622115,0.68329790590383421,-0.01391518289092253,1.7948927178306078,0.68323790702942699,-0.013985005444542536
25.16,12580,0.0071893128589509674,0.01500077648218937,0,0.21066833273014798,9.0697879544787834e-05,3.8825585377709828e-05,1.4243618955316415e-06,2.2165253030559974e-05,3.0608743355942223,1.2255467003780134,-0.17588086033161987,0.041623934145955194,1.7949246320752124,0.68344602687379186,-0.013741699956383156,1.7949122633964061,0.68338744129190576,-0.013809823746160119
25.18,12590,0.007190059742908159,0.015000773075291188,0,0.21061593906364015,8.8307487258110535e-05,3.5572763544074224e-05,1.4210753926874243e-06,2.2230927998283902e-05,3.0611493155537794,1.2255710572437699,-0.17585975548792654,0.041612685464904875,1.7949420632146229,0.68357919037582437,-0.013585736540319781,1.7949298693289975,0.68352213630009695,-0.013652026463400774
25.199999999999999,12600,0.0071907984647674233,0.015000768926098548,0,0.21056934722184958,8.5732664888912914e-05,3.2465858510792826e-05,1.4170330681601854e-06,2.1967050066869309e-05,3.0614214179227552,1.2255954145555232,-0.17583864975935337,0.041601436588456747,1.7949575996512301,0.68369796794918369,-0.013446623174163572,1.7949456105656729,0.68364256536523882,-0.013510941953292901
25.219999999999999,12610,0.0071915293699087246,0.015000764059307869,0,0.21052827198828131,8.2970715415849243e-05,2.9377754437941119e-05,1.4122830774749023e-06,2.2394272795856101e-05,3.0616907636556232,1.22561977228278,-0.175817543171921,0.041590187478757319,1.7949713215051988,0.68380296604626278,-0.01332364946916097,1.7949595666092395,0.6837493367272639,-0.013385857653359839
25.240000000000002,12620,0.0071922528230667863,0.015000758497024175,0,0.21049242219092287,8.0018928816018623e-05,2.6672741375736855e-05,1.4068695284365149e-06,2.1867274910380131e-05,3.0619574807150078,1.2256441303977441,-0.1757964357489516,0.041578938100175183,1.7949833133912898,0.68389482654774125,-0.013216063520400601,1.7949718215945767,0.68384309406399146,-0.01327601948509341
25.260000000000002,12630,0.007192969208618589,0.015000752259708079,0,0.21046149988532584,7.6874590626989275e-05,2.3996963492005911e-05,1.4008335366979548e-06,2.1967050066869309e-05,3.0622217041611437,1.2256684888748446,-0.17577532751202773,0.0415676884193035,1.7949936645262785,0.6839742272746101,-0.013123071310578311,1.7949824643551926,0.68392451700031764,-0.013180631257429243
25.280000000000001,12640,0.0071936789308810582,0.015000745366595791,0,0.21043519951029971,7.3534989168742539e-05,2.0982692419620152e-05,1.3942138662740332e-06,2.1933842111273517e-05,3.0624835762479878,1.2256928476904054,-0.17575421848142644,0.041556438404800632,1.7950024688211261,0.6840418824990866,-0.013043836113550174,1.7949915884897809,0.6839943216174097,-0.013098854070218713
25.300000000000001,12650,0.0071943824144129797,0.015000737835914884,0,0.21041320702396035,6.9997423256694464e-05,1.8860476299618448e-05,1.3870473633082899e-06,2.2000207897163392e-05,3.0627432465245459,1.2257172068224342,-0.1757331086763449,0.04154518802717716,1.7950098249660906,0.68409854345501353,-0.01297747789778558,1.7949992924287757,0.68405326096189634,-0.013029805717703638
25.32,12660,0.0071950801091545009,0.015000731737226193,0,0.21039520640969839,6.6299425660147697e-05,1.6730478313215042e-05,1.3794307319219796e-06,2.1632676668865267e-05,3.063000836418345,1.2257415671922809,-0.17571200011282581,0.041533939734674966,1.79501595373566,0.68414502352244477,-0.012923064452412239,1.7950056795009091,0.68410212555505923,-0.012972560091991256
25.34,12670,0.0071957724659148176,0.015000727633685084,0,0.21038086164777736,6.242458886367341e-05,1.4388049231413678e-05,1.3725172280117329e-06,2.1666346224911465e-05,3.063256513469315,1.2257659279533348,-0.17569089338616556,0.041522692904898441,1.7950209316436421,0.68418213866341804,-0.012879631919526941,1.795010857999767,0.68414174390202653,-0.012926146586525647
25.359999999999999,12680,0.0071964599803794301,0.015000723500369649,0,0.21036982031009319,5.8329300797861008e-05,1.2313298636799924e-05,1.3661740709111918e-06,2.1967050066869309e-05,3.0635104903153541,1.2257902882491825,-0.175669786522229,0.041511445154919148,1.7950247492080611,0.68421072899495694,-0.012846174953637147,1.7950149412503453,0.68417298300096285,-0.012889549499564584
25.379999999999999,12690,0.007197143188375184,0.015000718001251218,0,0.21036172460296956,5.4006878328230322e-05,9.8831444809089806e-06,1.359253183968306e-06,2.2000207897163392e-05,3.0637629639742174,1.2258146485425929,-0.17564867817454619,0.041500196118747716,1.7950275010345189,0.6842316981140748,-0.012821633430978897,1.7950180476756061,0.68419674885226212,-0.012861707437651235
25.400000000000002,12700,0.0071978226304298832,0.015000710780911357,0,0.21035620553042772,4.9457692846338865e-05,9.195423586105984e-06,1.3513977296481481e-06,2.183391520383078e-05,3.0640141241728114,1.2258390090067373,-0.17562756798295651,0.041488945749072859,1.7950293169064055,0.68424599220592452,-0.012804900711874397,1.7950203008630343,0.68421398696773894,-0.012841512719089176
25.420000000000002,12710,0.00719849890786756,0.015000700890136451,0,0.21035288502054725,4.4706879651962147e-05,8.1891091329340797e-06,1.3402815268726864e-06,2.1666346224911465e-05,3.064264163438418,1.2258633711137927,-0.17560645492563071,0.041477696462530349,1.7950303874118945,0.68425461287632716,-0.012794817978507601,1.7950218296311933,0.68422568287982066,-0.01282781077741614
25.440000000000001,12720,0.0071991726880961324,0.015000686519296175,0,0.21035136934831322,3.9792564499117021e-05,6.3890569402603996e-06,1.3224962822597474e-06,2.1800504449438904e-05,3.0645133046269097,1.2258877377950614,-0.17558533709944921,0.041466448684768287,1.7950308941998816,0.68425861249652864,-0.012790170126436091,1.7950227680962823,0.68423286265073979,-0.012819399564876807
25.460000000000001,12730,0.0071998444428551375,0.015000671487826363,0,0.21035123953375637,3.4665282842859235e-05,6.9360898910140305e-06,1.3042157961592581e-06,2.1900583802360337e-05,3.0647617324453256,1.2259121050577932,-0.17556421847825893,0.04145519957342398,1.7950309147456649,0.68425901825886526,-0.012789727842643553,1.7950232557386909,0.68423659338172438,-0.012815028955898991
25.48,12740,0.0072005148319461178,0.015000653110031709,0,0.21035206880209092,2.9319814467047152e-05,7.6363836416656947e-06,1.2828650545559163e-06,2.1933842111273517e-05,3.0650096845097101,1.2259364724583901,-0.1755430963426306,0.041443953226335879,1.7950305640297888,0.6842569373197781,-0.012792195792566711,1.7950234374695573,0.6842379837221908,-0.01281340015056566
25.5,12750,0.0072011845710705348,0.015000630160004545,0,0.21035341041017988,2.3782978869085381e-05,7.8249647206127635e-06,1.2573253305238837e-06,2.1666346224911465e-05,3.0652574204111898,1.2259608419688499,-0.17552196945033649,0.041432705527866875,1.7950299917045918,0.68425353524403942,-0.01279621320074276,1.795023463697323,0.68423818437893602,-0.01281316507808905
25.52,12760,0.0072018540343185174,0.015000613100477017,0,0.21035481932479883,1.8184216634437657e-05,8.0091067314007856e-06,1.2411376338982934e-06,2.1800504449438904e-05,3.0655050821174354,1.225985208090216,-0.17550084855019693,0.041421446781177852,1.7950293178063739,0.68424985426679896,-0.012800507714260225,1.795023463697323,0.68423818437893602,-0.01281316507808905
25.539999999999999,12770,0.0072025234238902369,0.015000610407478378,0,0.2103559373146624,1.3519404244865425e-05,7.8249647206127635e-06,1.246069305769757e-06,2.1632676668865267e-05,3.0657527489696181,1.2260095608244395,-0.17547974237498404,0.041410181238171161,1.7950285981868919,0.6842467447139724,-0.012804047404478505,1.795023463697323,0.68423818437893602,-0.01281316507808905
25.560000000000002,12780,0.0072031931479505052,0.015000610205725027,0,0.21035672469730138,1.008431869951004e-05,8.0091067314007856e-06,1.2569275078149113e-06,2.1531352099333316e-05,3.0660005573058546,1.2260339079751907,-0.17545863873255346,0.041398915142280661,1.7950278959632673,0.68424444396291051,-0.012806617856487568,1.795023463697323,0.68423818437893602,-0.01281316507808905
25.580000000000002,12790,0.0072038633975923692,0.015000602431053205,0,0.21035729961166919,7.5810930941929506e-06,7.8249647206127635e-06,1.2591968482049184e-06,2.2263692832568247e-05,3.066248549185929,1.226058259948289,-0.17543752722463915,0.041387649987936891,1.7950272866965669,0.6842427686238175,-0.012808491498288613,1.795023463697323,0.68423818437893602,-0.01281316507808905
25.600000000000001,12800,0.0072045339325067705,0.015000593703634567,0,0.21035771330156139,5.7138681574339587e-06,7.6363836416656947e-06,1.2608057648043421e-06,2.1867274910380131e-05,3.0664966353520606,1.2260826147067481,-0.17541641461575264,0.041376378744422723,1.7950267664985382,0.68424149823642355,-0.012809885117417666,1.795023463697323,0.68423818437893602,-0.01281316507808905
25.620000000000001,12810,0.0072052046461118149,0.015000585452016156,0,0.21035801140928242,4.3264958788634676e-06,8.3652391566074972e-06,1.2632837966717248e-06,2.1497471115166028e-05,3.0667447721499008,1.2261069702241032,-0.17539530236023435,0.041365104814970521,1.7950263254976697,0.68424053187848055,-0.012810925008613814,1.795023463697323,0.68423818437893602,-0.01281316507808905
25.640000000000001,12820,0.0072058755656208857,0.015000574719671343,0,0.21035823465291026,3.3540662402792305e-06,8.4519278880801402e-06,1.2620556363506235e-06,2.1463536648682345e-05,3.0669929580611122,1.2261313271085941,-0.17537418740143246,0.041353835388074356,1.795025976797239,0.68423983852162473,-0.012811682546092083,1.795023463697323,0.68423818437893602,-0.01281316507808905
25.66,12830,0.0072065466594588498,0.015000561768565854,0,0.21035840330860811,2.7143564877156035e-06,9.2743557084026993e-06,1.2569350231764959e-06,2.1258792350482307e-05,3.067241178672377,1.226155685853086,-0.17535306998913047,0.04134257010200898,1.7950257233637088,0.68423935791267942,-0.012812224622071763,1.795023463697323,0.68423818437893602,-0.01281316507808905
25.68,12840,0.0072072178315797878,0.015000548599842274,0,0.21035853874086793,2.2614304881381838e-06,8.5377364625159455e-06,1.2512662176032532e-06,2.1429548445808714e-05,3.0674894137438389,1.2261800449478231,-0.17533195220775277,0.041331305807523283,1.7950255108817006,0.68423899255478959,-0.012812645505412132,1.795023463697323,0.68423818437893602,-0.01281316507808905
25.699999999999999,12850,0.0072078890337115079,0.015000536313327784,0,0.21035864660820447,1.9196005389780527e-06,8.9544535452316558e-06,1.2471031594994418e-06,2.1395506250453509e-05,3.0677376553362459,1.2262044034842803,-0.17531083520821694,0.041320040408041624,1.7950253051026674,0.6842386958177098,-0.012812984736836314,1.795023463697323,0.68423818437893602,-0.01281316507808905
25.719999999999999,12860,0.0072085602781506285,0.015000524487995067,0,0.21035872464969646,1.6772354718292091e-06,9.195423586105984e-06,1.243622201763041e-06,2.1632676668865267e-05,3.0679859043581041,1.2262287617896954,-0.17528971854652062,0.041308774841252956,1.7950251144753462,0.68423847244934988,-0.012813236255212175,1.795023463697323,0.68423818437893602,-0.01281316507808905
25.740000000000002,12870,0.007209231573732564,0.015000512543697105,0,0.2103587778845688,1.5058474047461402e-06,1.0029569411827041e-05,1.2398100655743378e-06,2.1598954627055457e-05,3.0682341612714095,1.2262531201441109,-0.17526860161911054,0.041297510335637673,1.7950249435914021,0.68423831812085401,-0.012813409215387551,1.795023463697323,0.68423818437893602,-0.01281316507808905
25.760000000000002,12880,0.0072099029254778279,0.015000500020511825,0,0.21035881296929956,1.3782778310725358e-06,9.80911239371097e-06,1.2348535137831718e-06,2.206637408534863e-05,3.0684824259393015,1.226277478830665,-0.17524748394773398,0.041286247710617736,1.7950247954966128,0.6842382242497449,-0.012813517740463109,1.795023463697323,0.68423818437893602,-0.01281316507808905
25.780000000000001,12890,0.0072105743335836719,0.015000486683594192,0,0.21035883586759246,1.2767188339913193e-06,9.2743557084026993e-06,1.2282795668894163e-06,2.1867274910380131e-05,3.0687306971169703,1.2263018380848918,-0.17522636528626939,0.04127498731382416,1.7950246722776411,0.68423818016012461,-0.012813576571463882,1.795023463697323,0.68423818437893602,-0.01281316507808905
25.800000000000001,12900,0.0072112457933398736,0.015000472534793781,0,0.21035885114688402,1.1932926931809518e-06,9.3526217011086895e-06,1.2199597512794908e-06,2.1565179853261896e-05,3.0689789722834502,1.2263261980505507,-0.17520524563224249,0.041263729140414172,1.7950245751763496,0.68423817452251245,-0.012813599203273709,1.795023463697323,0.68423818437893602,-0.01281316507808905
25.82,12910,0.0072119172959517691,0.015000457775967436,0,0.2103588619815259,1.1270840557122053e-06,9.9566261207594374e-06,1.2100498039099092e-06,2.1565179853261896e-05,3.069227247855904,1.2263505587644885,-0.17518412518904669,0.041252472966804302,1.7950245046083855,0.68423819642461858,-0.012813597140040893,1.795023463697323,0.68423818437893602,-0.01281316507808905
25.84,12920,0.0072125888298779552,0.015000442750325079,0,0.21035887041030352,1.0805470477741131e-06,1.0799477313527679e-05,1.1989055671429402e-06,2.1258792350482307e-05,3.0694755196170918,1.2263749201655223,-0.17516300430580289,0.041241218455399339,1.7950244601920753,0.6842382361127608,-0.012813579690851186,1.795023463697323,0.68423818437893602,-0.01281316507808905
25.859999999999999,12930,0.0072132603823067002,0.015000427878443603,0,0.21035887764253991,1.0565277153325187e-06,1.0799477313527679e-05,1.1869975826374831e-06,2.1867274910380131e-05,3.0697237832024702,1.2263992821171683,-0.1751418834118251,0.041229965227467934,1.7950244408100537,0.68423828542571896,-0.012813554039619764,1.795023463697323,0.68423818437893602,-0.01281316507808905
25.879999999999999,12940,0.0072139319405096665,0.015000413599307465,0,0.21035888432896888,1.0563281604535303e-06,1.1000103948581645e-05,1.1748362506972612e-06,2.1361409804484527e-05,3.0699720345514403,1.226423644435634,-0.17512076295623757,0.041218712910621139,1.795024444701105,0.68423833796693123,-0.012813525454961261,1.795023463697323,0.68423818437893602,-0.01281316507808905
25.900000000000002,12950,0.007214603492926611,0.015000400322219656,0,0.21035889077151601,1.0789973742425199e-06,1.0799477313527679e-05,1.1629131042613986e-06,2.0982692419620152e-05,3.0702202702453492,1.2264480069171624,-0.17509964335869749,0.041207461167575052,1.795024469573216,0.68423838907619083,-0.012813497565766009,1.795023463697323,0.68423818437893602,-0.01281316507808905
25.920000000000002,12960,0.0072152750299238413,0.015000388392017699,0,0.21035889707197516,1.121702090331744e-06,1.0933637455190016e-05,1.1516595563222871e-06,2.1933842111273517e-05,3.0704684877351642,1.2264723693613906,-0.17507852497370011,0.041196209711408652,1.7950245127282012,0.68423843566422193,-0.012813472658161872,1.795023463697323,0.68423818437893602,-0.01281316507808905
25.940000000000001,12970,0.0072159465442295364,0.015000378067703881,0,0.21035890322965639,1.1806215739007293e-06,1.0526028440638427e-05,1.1414220372794008e-06,2.1666346224911465e-05,3.0707166854370307,1.2264967315890838,-0.17505740806858733,0.04118495831123066,1.7950245711894313,0.68423847596719978,-0.01281345196624736,1.795023463697323,0.68423818437893602,-0.01281316507808905
25.960000000000001,12980,0.0072166180310853367,0.015000369513086606,0,0.21035890920059053,1.2517609346646538e-06,1.0386604689550578e-05,1.1324509747128674e-06,2.1429548445808714e-05,3.0709648627418562,1.2265210934538753,-0.1750362928138271,0.041173706791259465,1.7950246418258682,0.68423850926767193,-0.012813435939451921,1.795023463697323,0.68423818437893602,-0.01281316507808905
25.98,12990,0.0072172894881715457,0.015000362797241377,0,0.21035891493004555,1.3314055819230873e-06,1.1326587362040649e-05,1.1249004334077543e-06,2.122447627911835e-05,3.0712130199384808,1.2265454548484811,-0.17501517928333835,0.041162455025690853,1.7950247214673118,0.68423853561662129,-0.012813424476560958,1.795023463697323,0.68423818437893602,-0.01281316507808905
26,13000,0.0072179609153686019,0.015000357902269819,0,0.21035892036784559,1.4162619455942828e-06,1.0526028440638427e-05,1.1188352677881039e-06,2.1327258847706145e-05,3.0714611580879945,1.2265698157062401,-0.17499406746228793,0.041151202931186272,1.7950248070072945,0.68423855558006907,-0.012813417121612833,1.795023463697323,0.68423818437893602,-0.01281316507808905
26.02,13010,0.0072186323144143799,0.015000354735938354,0,0.21035892547360388,1.5034396755832448e-06,1.0799477313527679e-05,1.1142429916101967e-06,2.1531352099333316e-05,3.0717092788639349,1.2265941759990562,-0.17497295725989037,0.041139950458412393,1.7950248954913,0.68423857002399213,-0.012813413220702128,1.795023463697323,0.68423818437893602,-0.01281316507808905
26.039999999999999,13020,0.0072193036885090222,0.015000353147013664,0,0.21035893021675858,1.5903955588731574e-06,1.1131846416284069e-05,1.1110480925611557e-06,2.1429548445808714e-05,3.07195738438545,1.2266185357328481,-0.1749518485249851,0.041128697583643098,1.7950249841892714,0.68423857994354842,-0.012813412041459027,1.795023463697323,0.68423818437893602,-0.01281316507808905
26.060000000000002,13030,0.0072199750419088228,0.015000352941492445,0,0.21035893457453173,1.6748936715015162e-06,1.0933637455190016e-05,1.1091271044693087e-06,2.1565179853261896e-05,3.0722054770543319,1.2266428949414796,-0.17493074106254497,0.041117444301124885,1.7950250706520019,0.68423858633686252,-0.012813412858831219,1.795023463697323,0.68423818437893602,-0.01281316507808905
26.080000000000002,13040,0.0072206463795399948,0.015000353898386387,0,0.21035893852961171,1.7549922769474481e-06,1.0731768324341125e-05,1.1083232300945865e-06,2.1666346224911465e-05,3.0724535593954543,1.2266672536800576,-0.17490963464975101,0.041106190616603741,1.7950251527519008,0.68423859011976829,-0.012813415011885348,1.795023463697323,0.68423818437893602,-0.01281316507808905
26.100000000000001,13050,0.0072213177066531662,0.015000355784076281,0,0.21035894206845535,1.8290490093685434e-06,1.1066171232981577e-05,1.1084597408028504e-06,2.1598954627055457e-05,3.0727016339324011,1.2266916120182221,-0.17488852905061528,0.041094936542203919,1.7950252287089854,0.68423859207557314,-0.012813417936868644,1.795023463697323,0.68423818437893602,-0.01281316507808905
26.120000000000001,13060,0.0072219890285306985,0.015000358364656454,0,0.21035894518046749,1.8957323946216886e-06,1.1454575462498553e-05,1.109351677340127e-06,2.1361409804484527e-05,3.0729497030750168,1.2267159700339294,-0.17486742402856864,0.041083682092660556,1.7950252971033434,0.68423859283284227,-0.012813421181745962,1.795023463697323,0.68423818437893602,-0.01281316507808905
26.140000000000001,13070,0.0072226603502519469,0.015000361415968675,0,0.21035894785800419,1.9540305783293544e-06,1.0663629423853027e-05,1.1108156050914029e-06,2.1598954627055457e-05,3.0731977690392727,1.2267403278080324,-0.17484631935669576,0.041072427282800146,1.7950253568755612,0.68423859286407474,-0.012813424407129053,1.795023463697323,0.68423818437893602,-0.01281316507808905
26.16,13080,0.0072233316765162375,0.015000364731266966,0,0.21035895009698913,2.0032521699983274e-06,1.1000103948581645e-05,1.1126773577015136e-06,2.1497471115166028e-05,3.0734458337856734,1.2267646854198166,-0.17482521482556013,0.041061172126088105,1.7950254073167062,0.68423859249869134,-0.012813427377946286,1.795023463697323,0.68423818437893602,-0.01281316507808905
26.18,13090,0.0072240030115196321,0.015000368126626296,0,0.2103589518978117,2.0430174534494533e-06,1.0526028440638427e-05,1.1147778085994663e-06,2.1598954627055457e-05,3.0736938989852067,1.2267890429435577,-0.17480411024872763,0.041049916634020064,1.7950254480495367,0.6842385919445878,-0.012813429949466775,1.795023463697323,0.68423818437893602,-0.01281316507808905
26.199999999999999,13100,0.0072246743588792193,0.015000371444312646,0,0.21035895326628759,2.0732403543434202e-06,1.1000103948581645e-05,1.1169768173750928e-06,2.1598954627055457e-05,3.07394196599859,1.2268134004460507,-0.174783005466218,0.041038660816136607,1.795025479002601,0.68423859131366005,-0.012813432050622764,1.795023463697323,0.68423818437893602,-0.01281316507808905
26.219999999999999,13110,0.0072253457215974894,0.015000374554408362,0,0.21035895421443745,2.094102635342629e-06,1.0526028440638427e-05,1.1191555550584051e-06,2.1767042412140833e-05,3.0741900358735492,1.2268377579850303,-0.17476190034617467,0.04102740468044163,1.7950255003788318,0.68423859064780346,-0.01281343366678298,1.795023463697323,0.68423818437893602,-0.01281316507808905
26.240000000000002,13120,0.0072260171020590725,0.01500037735499323,0,0.21035895476094926,2.1060222350825808e-06,1.0456548945759379e-05,1.1212174300415487e-06,2.1598954627055457e-05,3.0744381093601203,1.226862115608361,-0.17474079478506527,0.041016148234050059,1.7950255126201859,0.68423858994293607,-0.012813434823521432,1.795023463697323,0.68423818437893602,-0.01281316507808905
26.260000000000002,13130,0.0072266885020523522,0.015000379771204079,0,0.21035895493125256,2.1096176585149185e-06,1.1000103948581645e-05,1.1230878977227225e-06,2.1666346224911465e-05,3.0746861869216793,1.2268864733538427,-0.17471968870673893,0.041004891483905952,1.7950255163697466,0.68423858916955849,-0.01281343557233762,1.795023463697323,0.68423818437893602,-0.01281316507808905
26.280000000000001,13140,0.0072273599228092405,0.015000381753446571,0,0.21035895475718552,2.1056701752555155e-06,1.1131846416284069e-05,1.1247133763541411e-06,2.1293053117836167e-05,3.0749342687720382,1.2269108312495152,-0.17469858206062155,0.040993634437461512,1.7950255124326053,0.68423858828909667,-0.012813435978831195,1.795023463697323,0.68423818437893602,-0.01281316507808905
26.300000000000001,13150,0.0072280313650572329,0.015000383275032126,0,0.2103589542762917,2.0950853580237098e-06,1.1197136397927998e-05,1.1260595340716019e-06,2.1086653546985296e-05,3.0751823548973589,1.226935189314313,-0.17467747481932347,0.040982377103241159,1.795025501736722,0.68423858726586673,-0.012813436113486199,1.795023463697323,0.68423818437893602,-0.01281316507808905
26.32,13160,0.007228702829078954,0.015000384329435464,0,0.2103589535308048,2.0788551809198419e-06,1.0456548945759379e-05,1.1271091472256242e-06,2.1190104635059971e-05,3.0754304450927497,1.2269595475589574,-0.17465636697586687,0.040971119491243255,1.7950254852947496,0.68423858607492061,-0.01281343604495803,1.795023463697323,0.68423818437893602,-0.01281316507808905
26.34,13170,0.0072293743147752929,0.01500038492736804,0,0.21035895256640352,2.0580217711646966e-06,1.1197136397927998e-05,1.1278597138660297e-06,2.1361409804484527e-05,3.0756785389983685,1.2269839059869965,-0.17463525854072093,0.040959861613160224,1.7950254641677656,0.68423858470628973,-0.012813435835597934,1.795023463697323,0.68423818437893602,-0.01281316507808905
26.359999999999999,13180,0.0072300458217291509,0.015000385093805945,0,0.21035895143084304,2.0336436346401744e-06,1.0456548945759379e-05,1.1283209742557069e-06,2.1699963539503996e-05,3.0759266361293505,1.2270082645959155,-0.17461414953879453,0.040948603482426231,1.7950254394316238,0.68423858316631447,-0.012813435538866288,1.795023463697323,0.68423818437893602,-0.01281316507808905
26.379999999999999,13190,0.0072307173492676341,0.015000384865064522,0,0.21035895017251913,2.0067650074655096e-06,1.1390761175093017e-05,1.1285124626828925e-06,2.122447627911835e-05,3.076174735909984,1.2270326233782358,-0.17459304000647655,0.040937345114100007,1.7950254121465115,0.68423858147674543,-0.012813435198219775,1.795023463697323,0.68423818437893602,-0.01281316507808905
26.400000000000002,13200,0.007231388896521097,0.015000384286026822,0,0.21035894883907694,1.9783888675596715e-06,1.1262047877356564e-05,1.1284611708418864e-06,2.1361409804484527e-05,3.0764228377012333,1.2270569823225919,-0.17457192998883328,0.040926086524617503,1.7950253833301828,0.68423857967233193,-0.012813434847112634,1.795023463697323,0.68423818437893602,-0.01281316507808905
26.420000000000002,13210,0.0072320604624780066,0.015000383407549094,0,0.21035894747611539,1.9494539324055068e-06,1.1262047877356564e-05,1.1281993844904661e-06,2.1395506250453509e-05,3.0766709408310984,1.2270813414147275,-0.17455081953698454,0.040914827731446765,1.7950253539351519,0.6842385777974983,-0.012813434509749241,1.795023463697323,0.68423818437893602,-0.01281316507808905
26.440000000000001,13220,0.007232732046034967,0.0150003822841059,0,0.21035894612603592,1.9208158698763841e-06,1.059505231752994e-05,1.127762742909232e-06,2.1258792350482307e-05,3.076919044616421,1.2271057006384061,-0.1745297087057251,0.040903568752676409,1.7950253248300341,0.68423857590263382,-0.012813434202283187,1.795023463697323,0.68423818437893602,-0.01281316507808905
26.460000000000001,13230,0.0072334036460415009,0.015000380971684171,0,0.21035894482709561,1.8932327989159786e-06,1.0933637455190016e-05,1.1271885299694025e-06,2.1429548445808714e-05,3.0771671483837411,1.227130059976226,-0.17450859755139744,0.040892309606572384,1.7950252967850828,0.68423857404040811,-0.012813433934245591,1.795023463697323,0.68423818437893602,-0.01281316507808905
26.48,13240,0.0072340752613394808,0.015000379525944237,0,0.21035894361265808,1.8673550159243875e-06,1.0663629423853027e-05,1.1265142157444246e-06,2.1463536648682345e-05,3.0774152514906108,1.2271544194103292,-0.17448748613003459,0.040881050311134391,1.7950252704618554,0.68423857226239315,-0.012813433709999912,1.795023463697323,0.68423818437893602,-0.01281316507808905
26.5,13250,0.0072347468907971307,0.015000378000641244,0,0.21035894251066678,1.8437187895160215e-06,1.1262047877356564e-05,1.1257762425339222e-06,2.1699963539503996e-05,3.0776633533355331,1.2271787789230011,-0.17446637449576707,0.040869790883672624,1.7950252464068528,0.68423857061619564,-0.012813433530108132,1.795023463697323,0.68423818437893602,-0.01281316507808905
26.52,13260,0.0072354185333377095,0.015000376446317836,0,0.2103589415433432,1.822743953260656e-06,1.1197136397927998e-05,1.1250090413104917e-06,2.183391520383078e-05,3.0779114533749956,1.2272031384971798,-0.17444526269950406,0.04085853134042728,1.7950252250488856,0.68423856914321612,-0.01281343339253299,1.795023463697323,0.68423818437893602,-0.01281316507808905
26.539999999999999,13270,0.0072360901879630129,0.015000374909249924,0,0.21035894072708711,1.8047349352101735e-06,1.1131846416284069e-05,1.1242442677253125e-06,2.1632676668865267e-05,3.0781595511286604,1.227227498116864,-0.17442415078786902,0.040847271696247231,1.7950252066998478,0.68423856787705628,-0.012813433293630765,1.795023463697323,0.68423818437893602,-0.01281316507808905
26.560000000000002,13280,0.0072367618537719112,0.015000373430634772,0,0.21035894007256953,1.7898848101980941e-06,1.1262047877356564e-05,1.1235102336329577e-06,2.1699963539503996e-05,3.0784076461864411,1.2272518577674343,-0.17440303880238028,0.0408360119643318,1.7950251915585238,0.68423856684257112,-0.012813433228928004,1.795023463697323,0.68423818437893602,-0.01281316507808905
26.580000000000002,13290,0.0072374335299741502,0.01500037204602413,0,0.21035893958498555,1.778281921988697e-06,1.1197136397927998e-05,1.1228315194516157e-06,2.1733528855063329e-05,3.0786557382132131,1.2272762174358969,-0.17438192677887931,0.040824752156045155,1.7950251797170269,0.68423856605549205,-0.012813433193691938,1.795023463697323,0.68423818437893602,-0.01281316507808905
26.600000000000001,13300,0.0072381052158997051,0.015000370784953167,0,0.21035893926445401,1.7699185750516499e-06,1.0799477313527679e-05,1.1222287379049789e-06,2.183391520383078e-05,3.078903826947359,1.2273005771110481,-0.17436081474715448,0.040813492280798468,1.7950251711693963,0.68423856552256734,-0.012813433183317572,1.795023463697323,0.68423818437893602,-0.01281316507808905
26.620000000000001,13310,0.0072387769110040072,0.015000369670786023,0,0.21035893910651804,1.7647013520797626e-06,1.1706354451251847e-05,1.1217184434199298e-06,2.1967050066869309e-05,3.0791519122035833,1.2273249367835686,-0.17433970273078497,0.040802232346004934,1.7950251658219394,0.68423856524209326,-0.012813433193563907,1.795023463697323,0.68423818437893602,-0.01281316507808905
26.640000000000001,13320,0.0072394486148693801,0.015000368720736889,0,0.2103589391027372,1.7624625864789979e-06,1.1326587362040649e-05,1.1213131469020945e-06,2.1666346224911465e-05,3.0793999938671983,1.2273492964460715,-0.17431859074716,0.040790972357092989,1.7950251635048433,0.68423856520477233,-0.012813433220672552,1.795023463697323,0.68423818437893602,-0.01281316507808905
26.66,13330,0.0072401203272030815,0.015000367946038581,0,0.21035893924132143,1.7629725463635697e-06,1.1066171232981577e-05,1.1210214417556242e-06,2.122447627911835e-05,3.0796480718912558,1.2273736560930728,-0.17429747880764751,0.040779712317577398,1.7950251639846064,0.68423856539477124,-0.012813433261396532,1.795023463697323,0.68423818437893602,-0.01281316507808905
26.68,13340,0.0072407920478323347,0.015000367352262973,0,0.21035893950781043,1.7659519826331849e-06,1.0799477313527679e-05,1.1208481966288867e-06,2.1190104635059971e-05,3.0798961462879979,1.2273980157209432,-0.17427636691791359,0.040768452229179297,1.7950251669769064,0.68423856579093068,-0.01281343331297894,1.795023463697323,0.68423818437893602,-0.01281316507808905
26.699999999999999,13350,0.0072414637766967877,0.015000366939745673,0,0.21035893988574308,1.7710846350447862e-06,1.1262047877356564e-05,1.1207948299794317e-06,2.1121193543184415e-05,3.0801442171297797,1.2274223753277951,-0.17425525507835163,0.040757192091980997,1.7950251721594737,0.68423856636801506,-0.012813433373090532,1.795023463697323,0.68423818437893602,-0.01281316507808905
26.719999999999999,13360,0.0072421355138388502,0.01500036670411012,0,0.21035894035732111,1.7780294415624984e-06,1.1581149199548762e-05,1.1208596301612632e-06,2.1565179853261896e-05,3.0803922845305869,1.2274467349133513,-0.1742341432846064,0.040745931904612995,1.7950251791846745,0.68423856709796682,-0.012813433439757979,1.795023463697323,0.68423818437893602,-0.01281316507808905
26.740000000000002,13370,0.0072428072593923552,0.015000366636855141,0,0.21035894090403598,1.7864321285160976e-06,1.1326587362040649e-05,1.1210381060920311e-06,2.1155677147440178e-05,3.0806403486488567,1.2274710944787925,-0.17421303152816503,0.040734671664460084,1.7950251876914536,0.68423856795109927,-0.012813433511289586,1.795023463697323,0.68423818437893602,-0.01281316507808905
26.760000000000002,13380,0.0072434790135699695,0.015000366725995444,0,0.21035894150724876,1.7959359703099902e-06,1.1000103948581645e-05,1.1213233969324877e-06,2.1327258847706145e-05,3.0808884096713709,1.227495454026553,-0.17419191979700158,0.040723411367879825,1.7950251973164,0.68423856889720258,-0.012813433586204634,1.795023463697323,0.68423818437893602,-0.01281316507808905
26.780000000000001,13390,0.0072441507766498334,0.01500036695672452,0,0.21035894214871681,1.8061915398332266e-06,1.1706354451251847e-05,1.1217066581223109e-06,2.1800504449438904e-05,3.081136467810405,1.2275198135601493,-0.17417080807624302,0.040712151010424892,1.7950252077037459,0.68423856990652343,-0.012813433663187353,1.795023463697323,0.68423818437893602,-0.01281316507808905
26.800000000000001,13400,0.007244822548961815,0.015000367312086947,0,0.21035894281104439,1.8168652754332466e-06,1.1197136397927998e-05,1.1221774842963045e-06,2.1733528855063329e-05,3.081384523292833,1.2275441730839678,-0.1741496963488457,0.040700890587063686,1.7950252185141187,0.6842385709506138,-0.012813433741039069,1.795023463697323,0.68423818437893602,-0.01281316507808905
26.82,13410,0.0072454943308737849,0.015000367773640328,0,0.21035894347807252,1.8276467537060419e-06,1.1262047877356564e-05,1.122724323755765e-06,2.1497471115166028e-05,3.0816325763535009,1.2275685326030579,-0.1741285845962619,0.040689630092390648,1.795025229431936,0.68423857200302796,-0.012813433818663301,1.795023463697323,0.68423818437893602,-0.01281316507808905
26.84,13420,0.0072461661227782486,0.01500036832208849,0,0.21035894413518488,1.8382546375213589e-06,1.1581149199548762e-05,1.1233348822255581e-06,2.1900583802360337e-05,3.0818806272281249,1.2275928921229287,-0.17410747279907735,0.040678369520824473,1.7950252401714228,0.68423857303987756,-0.012813433895048233,1.795023463697323,0.68423818437893602,-0.01281316507808905
26.859999999999999,13430,0.0072468379250796942,0.015000368937868392,0,0.21035894476954295,1.8484412196673949e-06,1.1581149199548762e-05,1.1239964904601036e-06,2.1463536648682345e-05,3.0821286761485602,1.227617251649372,-0.17408636093760152,0.04066710886678674,1.795025250481179,0.68423857404023447,-0.012813433969269738,1.795023463697323,0.68423818437893602,-0.01281316507808905
26.879999999999999,13440,0.0072475097381828483,0.015000369601699644,0,0.21035894537025276,1.8579956338531123e-06,1.1066171232981577e-05,1.1246964782323633e-06,2.2000207897163392e-05,3.0823767233347623,1.2276416111882651,-0.17406524899242276,0.04065584812486428,1.795025260147378,0.68423857498640905,-0.012813434040498223,1.795023463697323,0.68423818437893602,-0.01281316507808905
26.900000000000002,13450,0.0072481815624821254,0.015000370295053925,0,0.2103589459284482,1.8667457246152334e-06,1.1454575462498553e-05,1.1254224893171829e-06,2.2132342465963256e-05,3.0826247689910078,1.2276659707454127,-0.17404413694487972,0.040644587289944419,1.7950252689956034,0.68423857586408821,-0.012813434108003176,1.795023463697323,0.68423818437893602,-0.01281316507808905
26.920000000000002,13460,0.0072488533983524053,0.015000371000571692,0,0.21035894643732694,1.8745587056038424e-06,1.0933637455190016e-05,1.126162770175638e-06,2.1361409804484527e-05,3.0828728133035348,1.2276903303264017,-0.17402302477748316,0.040633326357329101,1.7950252768914554,0.6842385766623682,-0.012813434171173024,1.795023463697323,0.68423818437893602,-0.01281316507808905
26.940000000000001,13470,0.0072495252461412356,0.015000371702395746,0,0.21035894689211376,1.8813406816740383e-06,1.0799477313527679e-05,1.1269064107975545e-06,2.1497471115166028e-05,3.0831208564353489,1.2277146899364773,-0.17400191247425068,0.040622065322823045,1.795025283740014,0.68423857737368143,-0.012813434229521381,1.795023463697323,0.68423818437893602,-0.01281316507808905
26.960000000000001,13480,0.0072501971061625725,0.015000372386442539,0,0.21035894728998208,1.8870351650488521e-06,1.0866764427531615e-05,1.12764355506071e-06,2.1699963539503996e-05,3.0833688985262344,1.2277390495804308,-0.17398080002098282,0.040610804182800782,1.7950252894842906,0.68423857799365062,-0.012813434282694278,1.795023463697323,0.68423818437893602,-0.01281316507808905
26.98,13490,0.0072508689786920221,0.015000373040577343,0,0.21035894762992186,1.8916207432131247e-06,1.1768457563181822e-05,1.1283655386459619e-06,2.1733528855063329e-05,3.0836169396908675,1.2277634092625289,-0.17395968740543943,0.040599542934249257,1.7950252941028357,0.68423857852084857,-0.012813434330476128,1.795023463697323,0.68423818437893602,-0.01281316507808905
27,13500,0.007251540863963595,0.015000373654749514,0,0.21035894791258394,1.8951080400623056e-06,1.1454575462498553e-05,1.1290650128838457e-06,2.1800504449438904e-05,3.0838649800169402,1.227787768986444,-0.17393857461747636,0.04058828157478675,1.7950252976066363,0.68423857895653084,-0.012813434372789655,1.795023463697323,0.68423818437893602,-0.01281316507808905
