applied_interval_end_time_s,applied_interval_start_time_s,actual_torque_L2_67channels_Nm,actual_torque_max_abs_67channels_Nm,actual_torque_saturation_count
0.020000000000000004,0.018000000000000002,20.32325479961203,18.281988625570808,0
0.040000000000000022,0.03800000000000002,18.047210824874938,16.627855693115286,0
0.060000000000000039,0.058000000000000038,17.345991945253392,16.255728382716608,0
0.080000000000000057,0.078000000000000055,6.0917945771778479,5.3502003040541224,0
0.10000000000000007,0.098000000000000073,2.6791912162793081,2.5821912120741422,0
0.12000000000000009,0.11800000000000009,2.5444245114846353,2.4881715824645569,0
0.1400000000000001,0.13800000000000009,0.67535786914691609,0.61996939590634426,0
0.16000000000000011,0.15800000000000011,2.4407094517893411,2.3835535428368546,0
0.18000000000000013,0.17800000000000013,2.3930168726126779,2.324528415808147,0
0.20000000000000015,0.19800000000000015,1.5866659740727531,1.5065801580374651,0
0.22000000000000017,0.21800000000000017,0.79807687829162599,0.65999704695381389,0
0.24000000000000019,0.23800000000000018,0.51846430262476562,0.30327024527623131,0
0.26000000000000018,0.25800000000000017,1.1283137590480301,1.0360671666665862,0
0.28000000000000019,0.27800000000000019,1.4231676308410062,1.3387890414701658,0
0.30000000000000021,0.29800000000000021,1.3674108269172158,1.3150559922672358,0
0.32000000000000023,0.31800000000000023,1.1560633093486636,1.1106384037669634,0
0.34000000000000025,0.33800000000000024,0.86141440348021292,0.80905645523593628,0
0.36000000000000026,0.35800000000000026,0.49688210115774833,0.44162183970255603,0
0.38000000000000028,0.37800000000000028,0.22239051666541593,0.21583114493974415,0
0.4000000000000003,0.3980000000000003,0.53047646213676292,0.20391690431620488,0
0.42000000000000032,0.41800000000000032,0.66199473568271994,0.37148104447169272,0
0.44000000000000034,0.43800000000000033,0.70218614699688608,0.43385157400530094,0
0.46000000000000035,0.45800000000000035,0.67226345287414457,0.39189321793785692,0
0.48000000000000037,0.47800000000000037,5.6958605089926975,5.574123837020962,0
0.50000000000000033,0.49800000000000033,7.634784325006474,7.4997539779302445,0
0.52000000000000035,0.51800000000000035,6.1945896765591222,6.0894579487616589,0
0.54000000000000037,0.53800000000000037,5.1669642205681443,5.0855171345088808,0
0.56000000000000039,0.55800000000000038,4.3102066941148784,4.2475268475047923,0
0.5800000000000004,0.5780000000000004,3.5439960291193144,3.5079700208459901,0
0.60000000000000042,0.59800000000000042,2.9055520167794713,2.8769837757031009,0
0.62000000000000044,0.61800000000000044,2.3413990900368731,2.3126487050860294,0
0.64000000000000046,0.63800000000000046,1.7676213437318382,1.7449861231552379,0
0.66000000000000048,0.65800000000000047,1.3074870353207115,1.2718221279983368,0
0.68000000000000049,0.67800000000000049,0.90655687158728404,0.83573106232681482,0
0.70000000000000051,0.69800000000000051,0.59338784886452456,0.43177904424014363,0
0.72000000000000053,0.71800000000000053,0.4633352613786389,0.4285217688557425,0
0.74000000000000055,0.73800000000000054,0.57056884596524993,0.47630940011173678,0
0.76000000000000056,0.75800000000000056,0.80037210228937217,0.59279213102847483,0
0.78000000000000058,0.77800000000000058,1.0731148619844573,0.91349719564297482,0
0.8000000000000006,0.7980000000000006,1.3504485625707894,1.2199198841345114,0
0.82000000000000062,0.81800000000000062,1.6226617499703226,1.5131842628454186,0
0.84000000000000064,0.83800000000000063,0.67681305032774097,0.65949486136693081,0
0.86000000000000065,0.85800000000000065,0.67941136700502547,0.65764962635831314,0
0.88000000000000067,0.87800000000000067,0.29117166573192083,0.20806577621016029,0
0.90000000000000069,0.89800000000000069,2.2470020037610992,2.1636740921848707,0
0.92000000000000071,0.9180000000000007,0.41099103506441964,0.33525027570196286,0
0.94000000000000072,0.93800000000000072,0.22318832705840472,0.19445659969945112,0
0.96000000000000074,0.95800000000000074,2.5417928580061546,2.4780846829017427,0
0.98000000000000076,0.97800000000000076,2.5880328569631508,2.5404338005173388,0
1.0000000000000007,0.99800000000000066,2.7310425544501724,2.6952785602818086,0
1.0200000000000007,1.0180000000000007,2.8704673646602861,2.8445454145728011,0
1.0400000000000007,1.0380000000000007,2.9883503142952605,2.9692306223819998,0
1.0600000000000007,1.0580000000000007,3.0734740948493648,3.0567016723459455,0
1.0800000000000007,1.0780000000000007,3.1175376968810276,3.096655452330364,0
1.1000000000000008,1.0980000000000008,3.1131861918730825,3.0789317253718949,0
1.1200000000000008,1.1180000000000008,3.9082653078806135,2.6879481391955133,0
1.1400000000000008,1.1380000000000008,3.0071860720087131,2.2673042104837244,0
1.1600000000000008,1.1580000000000008,2.951025333905263,2.2259042123524582,0
1.1800000000000008,1.1780000000000008,3.0097224095007968,2.2180349408495448,0
1.2000000000000008,1.1980000000000008,3.0422937281767584,2.2334149064410309,0
1.2200000000000009,1.2180000000000009,3.175883281666557,2.5005265177502118,0
1.2400000000000009,1.2380000000000009,2.2402801187818429,1.843561367041495,0
1.2600000000000009,1.2580000000000009,2.1824045305623385,1.7304502013050189,0
1.2800000000000009,1.2780000000000009,2.5270365422439105,2.4732816091025298,0
1.3000000000000009,1.2980000000000009,2.4161620239859247,2.4141162380487216,0
1.320000000000001,1.3180000000000009,2.3549777225293123,2.3518716419262526,0
1.340000000000001,1.338000000000001,2.5612603076237885,2.551203729858134,0
1.360000000000001,1.358000000000001,2.5218500392255154,2.5097114210184399,0
1.380000000000001,1.378000000000001,1.6388084378907972,1.6266407356865356,0
1.400000000000001,1.398000000000001,1.1846734973582662,1.1686636114941935,0
1.420000000000001,1.418000000000001,2.3045514739901272,2.2837823012000147,0
1.4400000000000011,1.4380000000000011,2.3294137036817633,2.3027377197870647,0
1.4600000000000011,1.4580000000000011,1.6154685779813058,1.5825050889498971,0
1.4800000000000011,1.4780000000000011,1.3687238490131028,1.3266102353596325,0
1.5000000000000011,1.4980000000000011,1.0920552381217281,1.0117786281585006,0
1.5200000000000011,1.5180000000000011,0.86050017057376449,0.60266028021635065,0
1.5400000000000011,1.5380000000000011,0.65683343025704799,0.43350305149250884,0
1.5600000000000012,1.5580000000000012,0.60731687484666508,0.48107766936951796,0
1.5800000000000012,1.5780000000000012,0.6805199420225726,0.53100895162668671,0
1.6000000000000012,1.5980000000000012,0.84428258389554145,0.59303838326045621,0
1.6200000000000012,1.6180000000000012,1.0466406673116484,0.75871182050867203,0
1.6400000000000012,1.6380000000000012,1.2400758328213073,1.1313543660941792,0
1.6600000000000013,1.6580000000000013,2.8593677832366988,2.2073758455082766,0
1.6800000000000013,1.6780000000000013,3.2207932840961626,2.8593745131976336,0
1.7000000000000013,1.6980000000000013,3.182614448254415,2.8526091285840742,0
1.7200000000000013,1.7180000000000013,3.2209660980199781,2.8881542386614161,0
1.7400000000000013,1.7380000000000013,3.3422162713691854,2.9364546017842446,0
1.7600000000000013,1.7580000000000013,3.5330645360328012,2.9976985044474991,0
1.7800000000000014,1.7780000000000014,3.786377907230901,3.0884026883187436,0
1.8000000000000014,1.7980000000000014,4.0010160912203334,3.1921771053769343,0
1.8200000000000014,1.8180000000000014,1.619204248410345,1.2072081722068571,0
1.8400000000000014,1.8380000000000014,4.2797087035337551,2.7166291241571319,0
1.8600000000000014,1.8580000000000014,5.3202132257478336,5.166981714764626,0
1.8800000000000014,1.8780000000000014,4.1808910071013097,4.0675005917579199,0
1.9000000000000015,1.8980000000000015,4.2492022862573453,3.5159710798371431,0
1.9200000000000015,1.9180000000000015,4.0341737392256576,3.1787898569704427,0
1.9400000000000015,1.9380000000000015,3.8234571713384864,2.9601152339700292,0
1.9600000000000015,1.9580000000000015,3.3663109053228184,2.6989453082250185,0
1.9800000000000015,1.9780000000000015,2.6598878829744605,2.4406731944627689,0
2.0000000000000013,1.9980000000000013,2.3920269922282111,2.2045782411929653,0
2.0199999999999991,2.0179999999999993,2.0762765531323759,1.9744287616124929,0
2.0399999999999969,2.0379999999999971,1.861961651548697,1.7736820560428082,0
2.0599999999999947,2.0579999999999949,1.6709455793718346,1.592770973940981,0
2.0799999999999925,2.0779999999999927,1.4943243544657661,1.4297796619203653,0
2.0999999999999903,2.0979999999999905,1.3357213386833908,1.2830554367943612,0
2.1199999999999881,2.1179999999999883,1.1937881399752481,1.1510206377150205,0
2.1399999999999859,2.1379999999999861,1.0600843420694512,1.031236976154875,0
2.1599999999999837,2.1579999999999839,0.94869083002702115,0.92414144642129481,0
2.1799999999999815,2.1779999999999817,0.85188551409433633,0.82962906743325249,0
2.1999999999999793,2.1979999999999795,0.76393437555561194,0.74396218586482832,0
2.2199999999999771,2.2179999999999773,0.6849016025569642,0.66699663156204569,0
2.2399999999999749,2.2379999999999751,0.61408071169596923,0.59798319500313757,0
2.2599999999999727,2.2579999999999729,0.54970213304039084,0.53551410068680672,0
2.2799999999999705,2.2779999999999707,0.49353852843323776,0.48056332218835285,0
2.2999999999999683,2.2979999999999685,0.44249396792530427,0.43074561090323071,0
2.3199999999999661,2.3179999999999663,0.39671079397938841,0.38605981609764078,0
2.3399999999999639,2.3379999999999641,0.35556530567835753,0.34591431349419749,0
2.3599999999999617,2.3579999999999619,0.31889140914245556,0.31006801078635432,0
2.3799999999999595,2.3779999999999597,0.28597450095883953,0.27789437914992809,0
2.3999999999999573,2.3979999999999575,0.25655833774757958,0.24911538499669003,0
2.4199999999999551,2.4179999999999553,0.23001072108010831,0.22316355074834604,0
2.4399999999999529,2.4379999999999531,0.20627478464911192,0.19994540836298502,0
2.4599999999999507,2.4579999999999509,0.18513696681049946,0.17923219862582818,0
2.4799999999999485,2.4779999999999487,0.16612868183441554,0.16060011013713191,0
2.4999999999999463,2.4979999999999465,0.14899047185740524,0.14381272234202366,0
2.5199999999999441,2.5179999999999443,0.13382872930002263,0.12891667203326637,0
2.5399999999999419,2.5379999999999421,0.1201913249790274,0.11550745457694563,0
2.5599999999999397,2.5579999999999399,0.10899539563965605,0.10359318359255254,0
2.5799999999999375,2.5779999999999377,0.099166884210804676,0.092860121671680243,0
2.5999999999999353,2.5979999999999355,0.089181962862047645,0.083205781323932346,0
2.619999999999933,2.6179999999999333,0.080266469648922881,0.074515239633057034,0
2.6399999999999308,2.6379999999999311,0.071125096117099343,0.065653517121508534,0
2.6599999999999286,2.6579999999999289,0.065410661003005341,0.059911563934596006,0
2.6799999999999264,2.6779999999999267,0.059193556076742045,0.053712904913903833,0
2.6999999999999242,2.6979999999999245,0.053450198467836101,0.048035984770435594,0
2.719999999999922,2.7179999999999223,0.048566500153389529,0.043148616277636526,0
2.7399999999999198,2.7379999999999201,0.043923837518151078,0.038510499000189699,0
2.7599999999999176,2.7579999999999179,0.040055549632699292,0.034577888191876696,0
2.7799999999999154,2.7779999999999156,0.036368372948761163,0.030826568878369088,0
2.7999999999999132,2.7979999999999134,0.033355297103469517,0.027689961149970788,0
2.819999999999911,2.8179999999999112,0.030624035556441272,0.024818378655335691,0
2.8399999999999088,2.837999999999909,0.028191828683664724,0.022231574646280946,0
2.8599999999999066,2.8579999999999068,0.026034227944342014,0.019903688074999905,0
2.8799999999999044,2.8779999999999046,0.023986232476533146,0.017669511343403273,0
2.8999999999999022,2.8979999999999024,0.022547617383886623,0.015997539026505733,0
2.9199999999999,2.9179999999999002,0.02092010714628836,0.014152531454757086,0
2.9399999999998978,2.937999999999898,0.019833670584601965,0.012822419829226021,0
2.9599999999998956,2.9579999999998958,0.01856751004634313,0.011313449343737006,0
2.9799999999998934,2.9779999999998936,0.013550959316318847,0.0095901520058638782,0
2.9999999999998912,2.9979999999998914,0.013614522953249575,0.0090661015223455037,0
3.019999999999889,3.0179999999998892,0.013033046886619116,0.0081235050027204849,0
3.0399999999998868,3.037999999999887,0.034861490779032112,0.02397919956131591,0
3.0599999999998846,3.0579999999998848,0.0093936661631972493,0.004826712180557434,0
3.0799999999998824,3.0779999999998826,0.011373533450811074,0.0057984512355779248,0
3.0999999999998802,3.0979999999998804,0.011140191905076398,0.0051659687541198073,0
3.119999999999878,3.1179999999998782,0.010870097638520778,0.0045952419521142242,0
3.1399999999998758,3.137999999999876,0.01065263124383589,0.0040881214133724935,0
3.1599999999998736,3.1579999999998738,0.01048523499028335,0.0037895009386665207,0
3.1799999999998714,3.1779999999998716,0.010357598854392041,0.0038064461695433978,0
3.1999999999998692,3.1979999999998694,0.010261666796209793,0.0038240788388324912,0
3.219999999999867,3.2179999999998672,0.010191193323248018,0.0038417130842202693,0
3.2399999999998648,3.237999999999865,0.010250669193727297,0.003911495404264529,0
3.2599999999998626,3.2579999999998628,0.010148271932156021,0.0038927614476391079,0
3.2799999999998604,3.2779999999998606,0.098692226096807778,0.040023617512997114,0
3.2999999999998582,3.2979999999998584,0.0095885066909921195,0.0042929560743408344,0
3.319999999999856,3.3179999999998562,0.0081317168823590892,0.0031695248374148249,0
3.3399999999998538,3.337999999999854,0.0091402144144033751,0.0036976354132951211,0
3.3599999999998515,3.3579999999998518,0.009713141691776811,0.0039708881921558126,0
3.3799999999998493,3.3779999999998496,0.0096449743619818808,0.0039362832409786863,0
3.3999999999998471,3.3979999999998474,0.0096984742834252523,0.0039676094660119326,0
3.4199999999998449,3.4179999999998452,0.0096175123340729411,0.0039236884115142609,0
3.4399999999998427,3.437999999999843,0.0096083870857156597,0.0039183444377304385,0
3.4599999999998405,3.4579999999998408,0.0096113610180676295,0.0039183901557361201,0
3.4799999999998383,3.4779999999998386,0.0096149122475106437,0.0039176254214105481,0
3.4999999999998361,3.4979999999998364,0.0096170623812435064,0.0039153116481523403,0
3.5199999999998339,3.5179999999998341,0.0096171059957684234,0.003911380011181847,0
3.5399999999998317,3.5379999999998319,0.009614377999068632,0.0039057277396649295,0
3.5599999999998295,3.5579999999998297,0.00960830329671695,0.0038982458807127569,0
3.5799999999998273,3.5779999999998275,0.0095984666456591337,0.0038888665774957981,0
3.5999999999998251,3.5979999999998253,0.0095844565732106923,0.0038775098331200707,0
3.6199999999998229,3.6179999999998231,0.0095659171927402163,0.0038641058726739145,0
3.6399999999998207,3.6379999999998209,0.0094727035823283807,0.0038078672448700339,0
3.6599999999998185,3.6579999999998187,0.0094941147885408989,0.0038230947754612867,0
3.6799999999998163,3.6779999999998165,0.0094643855555039853,0.0038057239880082295,0
3.6999999999998141,3.6979999999998143,0.0094224936770835547,0.0037818489768040881,0
3.7199999999998119,3.7179999999998121,0.0093751870740841972,0.0037559242156488312,0
3.7399999999998097,3.7379999999998099,0.0093225565253477593,0.0037281072085919081,0
3.7599999999998075,3.7579999999998077,0.0092640330122455497,0.0036981193910298501,0
3.7799999999998053,3.7779999999998055,0.0091991965097468972,0.00366577180865931,0
3.7999999999998031,3.7979999999998033,0.0090597465780143365,0.003588832459654709,0
3.8199999999998009,3.8179999999998011,0.0090322767933572398,0.0035869281488501367,0
3.8399999999997987,3.8379999999997989,0.008951306598763871,0.0035497312041549382,0
3.8599999999997965,3.8579999999997967,0.0088560273323410234,0.0035050814392944742,0
3.8799999999997943,3.8779999999997945,0.008753578406010076,0.0034578671712026136,0
3.8999999999997921,3.8979999999997923,0.0086441482942094597,0.0034082875901025648,0
3.9199999999997899,3.9179999999997901,0.0085271796508395569,0.0033560337452567444,0
3.9399999999997877,3.9379999999997879,0.008402255016189325,0.003300886382864506,0
3.9599999999997855,3.9579999999997857,0.0082690700489317353,0.0032426995122049034,0
3.9799999999997833,3.9779999999997835,0.0080627883894019373,0.0031393281453857965,0
3.9999999999997811,3.9979999999997813,0.0079623934109616431,0.0031111362555149491,0
4.0199999999997793,4.0179999999997795,0.0078076718743338774,0.0030463050441308023,0
4.0399999999997771,4.0379999999997773,0.0076365796376764499,0.0029729960554109791,0
4.0599999999997749,4.0579999999997751,0.0074564144656159952,0.0028963473664721491,0
4.0799999999997727,4.0779999999997729,0.0072674738069041693,0.0028166171424772631,0
4.0999999999997705,4.0979999999997707,0.007005440019959102,0.0026907676468914373,0
4.1199999999997683,4.1179999999997685,0.0068485518554047215,0.0026417712814471076,0
4.1399999999997661,4.1379999999997663,0.0066358382798422074,0.0025547678272867446,0
4.1599999999997639,4.1579999999997641,0.0064051867192653419,0.0024583613143178353,0
4.1799999999997617,4.1779999999997619,0.006164347118979327,0.0023580476815779068,0
4.1999999999997595,4.1979999999997597,0.0058518511350357655,0.002211560242547198,0
4.2199999999997573,4.2179999999997575,0.0056415522168564896,0.0021419199320322716,0
4.2399999999997551,4.2379999999997553,0.0053758641621996037,0.0020339927413651096,0
4.2599999999997529,4.2579999999997531,0.0050912498837077423,0.0019158708295752102,0
4.2799999999997507,4.2779999999997509,0.0047363453138594041,0.0017514041262033397,0
4.2999999999997485,4.2979999999997487,0.0044799972614336788,0.0016626043452096563,0
4.3199999999997463,4.3179999999997465,0.0041094640842704007,0.0014922208965376747,0
4.3399999999997441,4.3379999999997443,0.0038324539606412016,0.0013950975634279877,0
4.3599999999997419,4.3579999999997421,0.0035008927991456548,0.0012582839330817787,0
4.3799999999997397,4.3779999999997399,0.003097033564121188,0.0010691013317785988,0
4.3999999999997375,4.3979999999997377,0.0027304962841092281,0.00090969396661282108,0
4.4199999999997353,4.4179999999997355,0.002423900269901635,0.00079796469524073593,0
4.439999999999733,4.4379999999997333,0.0020219467491040233,0.00060191262149115674,0
4.4599999999997308,4.4579999999997311,0.0016658984401044521,0.00045661375060089955,0
4.4799999999997286,4.4779999999997289,0.0013242902467062541,0.00044781257239317177,0
4.4999999999997264,4.4979999999997267,0.001107159019797096,0.00044655449792611429,0
4.5199999999997242,4.5179999999997245,0.0010574432810475482,0.00044770358684508883,0
4.539999999999722,4.5379999999997223,0.0014722142545748526,0.00046756197045212921,0
4.5599999999997198,4.5579999999997201,0.0033430729679230506,0.00093657663921944251,0
4.5799999999997176,4.5779999999997179,0.0051657691340492393,0.0015922094200532563,0
4.5999999999997154,4.5979999999997156,0.006979310107549817,0.002242852898853843,0
4.6199999999997132,4.6179999999997134,0.0087033578632249448,0.0028587084672728855,0
4.639999999999711,4.6379999999997112,0.010315034736505201,0.0034382957396537823,0
4.6599999999997088,4.657999999999709,0.011834740106328442,0.0039651498320261314,0
4.6799999999997066,4.6779999999997068,0.013279600617458353,0.0044797618640153355,0
4.6999999999997044,4.6979999999997046,0.014639225399717714,0.0049552006204070338,0
4.7199999999997022,4.7179999999997024,0.015929258497247061,0.0054040123123540104,0
4.7399999999997,4.7379999999997002,0.017163969943144911,0.0058236394738428073,0
4.7599999999996978,4.757999999999698,0.018345758886092332,0.00624488745981159,0
4.7799999999996956,4.7779999999996958,0.019459660305645884,0.0066326351682019355,0
4.7999999999996934,4.7979999999996936,0.020522028377776912,0.0069918760121070889,0
4.8199999999996912,4.8179999999996914,0.021545349059737526,0.0073571679829710886,0
4.839999999999689,4.8379999999996892,0.022503015481732787,0.0076901026153346364,0
4.8599999999996868,4.857999999999687,0.023409544962022275,0.0080038918150395193,0
4.8799999999996846,4.8779999999996848,0.024268607396196573,0.0083014109596042888,0
4.8999999999996824,4.8979999999996826,0.025081405594969262,0.0085832435979818471,0
4.9199999999996802,4.9179999999996804,0.025848763467141489,0.0088496526435487416,0
4.939999999999678,4.9379999999996782,0.026571467435980524,0.0091009012422479402,0
4.9599999999996758,4.957999999999676,0.027250283557245247,0.0093372626178071308,0
4.9799999999996736,4.9779999999996738,0.027885949804976395,0.0095590055841032629,0
4.9999999999996714,4.9979999999996716,0.028482046785503635,0.0097791648454369703,0
5.0199999999996692,5.0179999999996694,0.029011930014600892,0.0099655278959503608,0
5.039999999999667,5.0379999999996672,0.029513444422080631,0.010141871888083649,0
5.0599999999996648,5.057999999999665,0.029942374612785379,0.01026945553123651,0
5.0799999999996626,5.0779999999996628,0.030369853112914708,0.010418753742452332,0
5.0999999999996604,5.0979999999996606,0.030780363065326787,0.010591414474099335,0
5.1199999999996582,5.1179999999996584,0.031142095348718347,0.010726886848925787,0
5.139999999999656,5.1379999999996562,0.031392220727985094,0.010780773218288688,0
5.1599999999996538,5.157999999999654,0.031661803800207292,0.010873704958364145,0
5.1799999999996515,5.1779999999996518,0.031907955437308858,0.010966548100711376,0
5.1999999999996493,5.1979999999996496,0.0321192978300796,0.011048407261798055,0
5.2199999999996471,5.2179999999996474,0.03238499322820796,0.011236212694030797,0
5.2399999999996449,5.2379999999996452,0.032409286384668473,0.011166760690362534,0
5.2599999999996427,5.257999999999643,0.032474997711307713,0.011173771711883865,0
5.2799999999996405,5.2779999999996408,0.032539849706036697,0.011202059154704356,0
5.2999999999996383,5.2979999999996386,0.032581404883767394,0.011227937281707441,0
5.3199999999996361,5.3179999999996364,0.032591558600174091,0.011243510676203407,0
5.3399999999996339,5.3379999999996341,0.032568551865240145,0.011246949832270314,0
5.3599999999996317,5.3579999999996319,0.032512728222811191,0.011238295665786373,0
5.3799999999996295,5.3779999999996297,0.03242493132913768,0.011218007972586777,0
5.3999999999996273,5.3979999999996275,0.032306036286021883,0.011186559880239184,0
5.4199999999996251,5.4179999999996253,0.032156853319552453,0.011144358572378383,0
5.4399999999996229,5.4379999999996231,0.032013418250207239,0.011216724832055935,0
5.4599999999996207,5.4579999999996209,0.031796956370595202,0.01105190124898104,0
5.4799999999996185,5.4779999999996187,0.031500596578060418,0.010920392374855776,0
5.4999999999996163,5.4979999999996165,0.031209337877808364,0.010818945508268167,0
5.5199999999996141,5.5179999999996143,0.030914887858699377,0.010727603753150971,0
5.5399999999996119,5.5379999999996121,0.030603582921256322,0.010633826139354079,0
5.5599999999996097,5.5579999999996099,0.030268656865208091,0.010532027665923682,0
5.5799999999996075,5.5779999999996077,0.029907887598488919,0.010420283147773133,0
5.5999999999996053,5.5979999999996055,0.029521069257709885,0.010298249725435259,0
5.6199999999996031,5.6179999999996033,0.029108753032649998,0.010166180426354384,0
5.6399999999996009,5.6379999999996011,0.028671726673975474,0.010024505782566131,0
5.6599999999995987,5.6579999999995989,0.028210815615488188,0.0098736697055238944,0
5.6799999999995965,5.6779999999995967,0.027726813746917427,0.0097140729923543469,0
5.6999999999995943,5.6979999999995945,0.027220465755661699,0.0095460608749992747,0
5.7199999999995921,5.7179999999995923,0.026692469463668583,0.0093699274516227671,0
5.7399999999995899,5.7379999999995901,0.02614348499509735,0.0091859254278438603,0
5.7599999999995877,5.7579999999995879,0.025574145255888445,0.0089942763651338197,0
5.7799999999995855,5.7779999999995857,0.024579891390553506,0.0086983415464726606,0
5.7999999999995833,5.7979999999995835,0.024465588736295729,0.0086286319492811826,0
5.8199999999995811,5.8179999999995813,0.023845916482194463,0.008393016330739609,0
5.8399999999995789,5.8379999999995791,0.023143143310101741,0.0081422471336970777,0
5.8599999999995767,5.8579999999995769,0.022443486020791409,0.0078998542327950241,0
5.8799999999995745,5.8779999999995747,0.021747474475970672,0.007662154820022072,0
5.8999999999995723,5.8979999999995725,0.021046705300991935,0.0074238035782641975,0
5.9199999999995701,5.9179999999995703,0.020335967961420058,0.0071815073027271751,0
5.9399999999995678,5.9379999999995681,0.01961283552699996,0.0069335853963502564,0
5.9599999999995656,5.9579999999995659,0.018876414158763486,0.0066793096880409901,0
5.9799999999995634,5.9779999999995637,0.015979809700715508,0.0050937086343690735,0
5.9999999999995612,5.9979999999995615,0.021605848099221302,0.01069407430372654,0
6.019999999999559,6.0179999999995593,0.013665146044581926,0.0041616532338550087,0
6.0399999999995568,6.0379999999995571,0.014322871699280329,0.0057598311627571489,0
6.0599999999995546,6.0579999999995549,0.011215186827094645,0.0039108446651123958,0
6.0799999999995524,6.0779999999995526,0.013187413470229515,0.0042001777117803658,0
6.0999999999995502,6.0979999999995504,0.010128747225043287,0.0025004568726305527,0
6.119999999999548,6.1179999999995482,0.011618217058127902,0.0031759102007402722,0
6.1399999999995458,6.137999999999546,0.009443529150980897,0.0023850952974363766,0
6.1599999999995436,6.1579999999995438,0.010242225696471506,0.0023943051913231242,0
6.1799999999995414,6.1779999999995416,0.010238226996694398,0.0030699618106079032,0
6.1999999999995392,6.1979999999995394,0.0079567565559757504,0.0029261743607049305,0
6.219999999999537,6.2179999999995372,0.0083045965901756558,0.0024981785176426772,0
6.2399999999995348,6.237999999999535,0.0081139989154678481,0.0022307278736503466,0
6.2599999999995326,6.2579999999995328,0.006797990679471351,0.0018861278044671552,0
6.2799999999995304,6.2779999999995306,0.0066806263752616918,0.0015638916948310965,0
6.2999999999995282,6.2979999999995284,0.0054120104067283343,0.0012719044762789236,0
6.319999999999526,6.3179999999995262,0.0055921505217234125,0.0013331910474939799,0
6.3399999999995238,6.337999999999524,0.004242043601210106,0.001049589370676137,0
6.3599999999995216,6.3579999999995218,0.0045431548463199375,0.0010890442390568641,0
6.3799999999995194,6.3779999999995196,0.0043054494940007841,0.0010868266408206328,0
6.3999999999995172,6.3979999999995174,0.0036935115218256422,0.0010951349062419042,0
6.419999999999515,6.4179999999995152,0.0040392994533709013,0.0011101827113373609,0
6.4399999999995128,6.437999999999513,0.00442164809602235,0.0011240956371046931,0
6.4599999999995106,6.4579999999995108,0.0048984960494973979,0.0013075999636546706,0
6.4799999999995084,6.4779999999995086,0.0055335257545164711,0.00138874717317741,0
6.4999999999995062,6.4979999999995064,0.0062295919005026365,0.0016713932355049842,0
6.519999999999504,6.5179999999995042,0.006972818266233546,0.0019902856745731153,0
6.5399999999995018,6.537999999999502,0.0077600005389955127,0.0023270499427557692,0
6.5599999999994996,6.5579999999994998,0.0085789674396616732,0.0026710616681272061,0
6.5799999999994974,6.5779999999994976,0.0094183462647647823,0.0030165952537188948,0
6.5999999999994952,6.5979999999994954,0.010269719586206257,0.0033608055329718196,0
6.619999999999493,6.6179999999994932,0.01112724090649848,0.0037023867365529907,0
6.6399999999994908,6.637999999999491,0.01198683717431444,0.0040407840028300447,0
6.6599999999994886,6.6579999999994888,0.012845570235057717,0.0043757717331152132,0
6.6799999999994863,6.6779999999994866,0.013701202198027944,0.0047072371488761939,0
6.6999999999994841,6.6979999999994844,0.014551926426284806,0.0050350801817773492,0
6.7199999999994819,6.7179999999994822,0.01539620264851147,0.0053591715278202747,0
6.7399999999994797,6.73799999999948,0.016232658300597506,0.005679339902957407,0
6.7599999999994775,6.7579999999994778,0.017060029986247782,0.005995372783341237,0
6.7799999999994753,6.7779999999994756,0.017877128702995501,0.0063070224930780539,0
6.7999999999994731,6.7979999999994734,0.01868281888363104,0.0066140136062079399,0
6.8199999999994709,6.8179999999994712,0.019375774999317065,0.0067800565523650647,0
6.8399999999994687,6.8379999999994689,0.02026228744253376,0.0072907191865782192,0
6.8599999999994665,6.8579999999994667,0.020995968921588753,0.007432668219956153,0
6.8799999999994643,6.8779999999994645,0.02179029272908594,0.0078766815846412746,0
6.8999999999994621,6.8979999999994623,0.022494777115307795,0.0080041615350854127,0
6.9199999999994599,6.9179999999994601,0.023222886454822369,0.0084169025397946157,0
6.9399999999994577,6.9379999999994579,0.023910755813640917,0.0085411539930680732,0
6.9599999999994555,6.9579999999994557,0.024526656270029618,0.0088308265192513606,0
6.9799999999994533,6.9779999999994535,0.025209316847029314,0.0091075221145158983,0
6.9999999999994511,6.9979999999994513,0.025860493927004187,0.0093595073546033376,0
7.0199999999994489,7.0179999999994491,0.026476904030018067,0.0095942260192935329,0
7.0399999999994467,7.0379999999994469,0.027064912272899706,0.0098172626539648235,0
7.0599999999994445,7.0579999999994447,0.027627589827455213,0.010030901575739807,0
7.0799999999994423,7.0779999999994425,0.02816542845201938,0.010235661847045894,0
7.0999999999994401,7.0979999999994403,0.028514726452223381,0.010366118468808725,0
7.1199999999994379,7.1179999999994381,0.029179426839762813,0.010620000455233244,0
7.1399999999994357,7.1379999999994359,0.029656862014795081,0.010806399849624592,0
7.1599999999994335,7.1579999999994337,0.030081056094184083,0.010971441003366224,0
7.1799999999994313,7.1779999999994315,0.030475034991993295,0.011124202242691925,0
7.1999999999994291,7.1979999999994293,0.030840147072570295,0.01126585905884056,0
7.2199999999994269,7.2179999999994271,0.031175138767467008,0.011396250910270586,0
7.2399999999994247,7.2379999999994249,0.031478802244365417,0.01151501716419618,0
7.2599999999994225,7.2579999999994227,0.031750048681766736,0.011621756942160701,0
7.2799999999994203,7.2779999999994205,0.031987833818254797,0.011716061127220232,0
7.2999999999994181,7.2979999999994183,0.032191141620502024,0.01179752759102219,0
7.3199999999994159,7.3179999999994161,0.032358986184480791,0.011865768257021469,0
7.3399999999994137,7.3379999999994139,0.03249003178951701,0.01192022354797335,0
7.3599999999994115,7.3579999999994117,0.032583410944368923,0.011960555270330301,0
7.3799999999994093,7.3779999999994095,0.032546955678072212,0.011887806669677412,0
7.3999999999994071,7.3979999999994073,0.032572332010811486,0.011968298178391078,0
7.4199999999994048,7.4179999999994051,0.032582257251775937,0.011990550234731841,0
7.4399999999994026,7.4379999999994029,0.032527926931097982,0.011975018595534504,0
7.4599999999994004,7.4579999999994007,0.032420451226882488,0.011937063971171844,0
7.4799999999993982,7.4779999999993985,0.032268289360329862,0.011882660817678177,0
7.499999999999396,7.4979999999993963,0.032073446789226995,0.01181299350375184,0
7.5199999999993938,7.5179999999993941,0.031835453748695508,0.01172779684164528,0
7.5399999999993916,7.5379999999993919,0.031553287656648263,0.011626543167193096,0
7.5599999999993894,7.5579999999993897,0.031225917441344928,0.011508733249977324,0
7.5799999999993872,7.5779999999993874,0.030852387018496272,0.011373929784529724,0
7.599999999999385,7.5979999999993852,0.030431801328932275,0.011221743135892984,0
7.6199999999993828,7.617999999999383,0.029963307361912165,0.01105181730454422,0
7.6399999999993806,7.6379999999993808,0.02944608249931573,0.010863821093938048,0
7.6599999999993784,7.6579999999993786,0.028879327689793913,0.010657442455715616,0
7.6799999999993762,7.6779999999993764,0.028262262966167309,0.010432384440603184,0
7.699999999999374,7.6979999999993742,0.027594124178698481,0.010188362071707721,0
7.7199999999993718,7.717999999999372,0.026874160568058046,0.0099250998879113154,0
7.7399999999993696,7.7379999999993698,0.026101633002708645,0.0096423300129306506,0
7.7599999999993674,7.7579999999993676,0.025275812811151044,0.0093397906520694372,0
7.7799999999993652,7.7779999999993654,0.02439598115105274,0.0090172249161932384,0
7.799999999999363,7.7979999999993632,0.023461428908324141,0.0086743798871259555,0
7.8199999999993608,7.817999999999361,0.022471457174322945,0.008311005852764718,0
7.8399999999993586,7.8379999999993588,0.021425378455538487,0.0079268556610214667,0
7.8599999999993564,7.8579999999993566,0.020322518883211238,0.0075216841415677409,0
7.8799999999993542,7.8779999999993544,0.019162221939754871,0.0070952475687792779,0
7.899999999999352,7.8979999999993522,0.017943854611832667,0.0066473031430947915,0
7.9199999999993498,7.91799999999935,0.01666681759727855,0.0061776084692338907,0
7.9399999999993476,7.9379999999993478,0.015330562647681133,0.0056859210227110579,0
7.9599999999993454,7.9579999999993456,0.013934623093726308,0.0051719975931489911,0
7.9799999999993432,7.9779999999993434,0.012478670260780738,0.0046355936982157191,0
7.999999999999341,7.9979999999993412,0.010962624632867488,0.0040764629641673739,0
8.0199999999993477,8.017999999999347,0.0093868940351680818,0.0034943564658084579,0
8.0399999999993543,8.0379999999993537,0.0077687633589400068,0.0029046677327470224,0
8.059999999999361,8.0579999999993603,0.0061430430458207907,0.0022874400562147121,0
8.0799999999993677,8.077999999999367,0.0044115530559475855,0.0016321513126906515,0
8.0999999999993744,8.0979999999993737,0.0026830911809595727,0.00095313484258597464,0
8.119999999999381,8.1179999999993804,0.0013954803585068331,0.00044581775432672895,0
8.1399999999993877,8.1379999999993871,0.0017623276153920229,0.00044392949560595387,0
8.1599999999993944,8.1579999999993937,0.0024185361641085056,0.00055173457281137365,0
8.1799999999994011,8.1779999999994004,0.0035818771979294157,0.001061424361149579,0
8.1999999999994078,8.1979999999994071,0.004813622906634004,0.0015647590503294613,0
8.2199999999994144,8.2179999999994138,0.0060868889146693346,0.0020530523759287839,0
8.2399999999994211,8.2379999999994205,0.0073947313987146636,0.0025499997079377894,0
8.2599999999994278,8.2579999999994271,0.0085803883858631014,0.0029971304301951041,0
8.2799999999994345,8.2779999999994338,0.0097014193107158725,0.0034170972136260405,0
8.2999999999994412,8.2979999999994405,0.010803671954095302,0.0038290404338769879,0
8.3199999999994478,8.3179999999994472,0.011859603190885944,0.0042230362762861193,0
8.3399999999994545,8.3379999999994538,0.012870896967780904,0.0046003247931158658,0
8.3599999999994612,8.3579999999994605,0.013841183656005574,0.0049624784436793981,0
8.3799999999994679,8.3779999999994672,0.014772770768948796,0.0053103765196013076,0
8.3999999999994746,8.3979999999994739,0.015698672825998287,0.0056596410649757158,0
8.4199999999994812,8.4179999999994806,0.016549226188603123,0.0059797299727127034,0
8.4399999999994879,8.4379999999994872,0.017377088643191155,0.0062901157655836431,0
8.4599999999994946,8.4579999999994939,0.018167630984420115,0.0065858313876883141,0
8.4799999999995013,8.4779999999995006,0.018922513306540652,0.0068680372920424176,0
8.4999999999995079,8.4979999999995073,0.021714533001089335,0.0073881720900945006,0
8.5199999999995146,8.517999999999514,0.030315747917337262,0.0081906637935155041,0
8.5399999999995213,8.5379999999995206,0.039421625872717338,0.0110858056852972,0
8.559999999999528,8.5579999999995273,0.047200955364988403,0.014264362146865871,0
8.5799999999995347,8.577999999999534,0.05377908441143147,0.016866738229179369,0
8.5999999999995413,8.5979999999995407,0.058219178302450721,0.018571355419214158,0
8.619999999999548,8.6179999999995474,0.061497882639359167,0.019794528815599087,0
8.6399999999995547,8.637999999999554,0.063573023886902974,0.020531461263155935,0
8.6599999999995614,8.6579999999995607,0.064518066416280495,0.020813502637685419,0
8.6799999999995681,8.6779999999995674,0.064437139668919077,0.020681694745334003,0
8.6999999999995747,8.6979999999995741,0.063289117094192923,0.020122973167939918,0
8.7199999999995814,8.7179999999995808,0.061645750190274157,0.019366895091684624,0
8.7399999999995881,8.7379999999995874,0.059161326971531987,0.01824521157426719,0
8.7599999999995948,8.7579999999995941,0.055878838624270351,0.016796920409544943,0
8.7799999999996015,8.7779999999996008,0.052459024091739588,0.015241172664478778,0
8.7999999999996081,8.7979999999996075,0.048528798024564029,0.013424162773691352,0
8.8199999999996148,8.8179999999996141,0.044326770085000584,0.011415184582488509,0
8.8399999999996215,8.8379999999996208,0.040055224801442968,0.011014057672842692,0
8.8599999999996282,8.8579999999996275,0.035938502022619924,0.010839445922621501,0
8.8799999999996349,8.8779999999996342,0.032209334898888768,0.010581280831703677,0
8.8999999999996415,8.8979999999996409,0.02925486902940341,0.010342300057953844,0
8.9199999999996482,8.9179999999996475,0.027421660621431546,0.010104733430160414,0
8.9399999999996549,8.9379999999996542,0.026905269321615608,0.0098512495100618429,0
8.9599999999996616,8.9579999999996609,0.027803989838648475,0.0096008302762413018,0
8.9799999999996682,8.9779999999996676,0.030017083049916737,0.0093392032753718181,0
8.9999999999996749,8.9979999999996743,0.032852318457714837,0.009466606955999414,0
9.0199999999996816,9.0179999999996809,0.036224459642109692,0.011537427550312309,0
9.0399999999996883,9.0379999999996876,0.03977904328091033,0.013476205994073362,0
9.059999999999695,9.0579999999996943,0.043291243638807743,0.015267144344658375,0
9.0799999999997016,9.077999999999701,0.04671546317927517,0.016917417307151402,0
9.0999999999997083,9.0979999999997077,0.049229102141597952,0.018044058570244405,0
9.119999999999715,9.1179999999997143,0.051677025549424785,0.019170176034472537,0
9.1399999999997217,9.137999999999721,0.053381520405804128,0.019948649412645618,0
9.1599999999997284,9.1579999999997277,0.05434422320473245,0.020393701422751462,0
9.179999999999735,9.1779999999997344,0.054502829123426265,0.020487371794838238,0
9.1999999999997417,9.197999999999741,0.053787864678411963,0.020202863645561033,0
9.2199999999997484,9.2179999999997477,0.052138195723958218,0.01951086339006845,0
9.2399999999997551,9.2379999999997544,0.049510710538367086,0.018381705888945669,0
9.2599999999997618,9.2579999999997611,0.045894570047948689,0.01678605310805217,0
9.2799999999997684,9.2779999999997678,0.041129954907105561,0.014567753423163974,0
9.2999999999997751,9.2979999999997744,0.036022109361947587,0.012084207815198379,0
9.3199999999997818,9.3179999999997811,0.03027692341034471,0.0087956460306720715,0
9.3399999999997885,9.3379999999997878,0.02584264818452631,0.0085950480109922445,0
9.3599999999997952,9.3579999999997945,0.024691252660332019,0.0089552669299527883,0
9.3799999999998018,9.3779999999998012,0.026176681177065581,0.0090971775799456034,0
9.3999999999998085,9.3979999999998078,0.025386573593616447,0.0089197758812638757,0
9.4199999999998152,9.4179999999998145,0.024554625005881625,0.0087166681274461998,0
9.4399999999998219,9.4379999999998212,0.023883869936366826,0.008520366127519257,0
9.4599999999998285,9.4579999999998279,0.023298212878115652,0.0083294029732224849,0
9.4799999999998352,9.4779999999998346,0.022755225146419204,0.0081408787391119217,0
9.4999999999998419,9.4979999999998412,0.022236736174183574,0.0079533407016207404,0
9.5199999999998486,9.5179999999998479,0.021730630942197026,0.0077649052206699995,0
9.5399999999998553,9.5379999999998546,0.021229699630539608,0.0075746031120761245,0
9.5599999999998619,9.5579999999998613,0.020731739395312608,0.0073829230423129904,0
9.5799999999998686,9.577999999999868,0.020231660399727385,0.0071886623440320678,0
9.5999999999998753,9.5979999999998746,0.019695197771068443,0.0069903890882979831,0
9.619999999999882,9.6179999999998813,0.019237333538330726,0.0067786221898400072,0
9.6399999999998887,9.637999999999888,0.018662930678457416,0.0065811773127714933,0
9.6599999999998953,9.6579999999998947,0.093118125662531886,0.036094275660991347,0
9.679999999999902,9.6779999999999013,0.13769365511517689,0.053306825662444615,0
9.6999999999999087,9.697999999999908,0.13198048819797822,0.050148555789382251,0
9.7199999999999154,9.7179999999999147,0.10021442469726166,0.03966953835823573,0
9.7399999999999221,9.7379999999999214,0.091860631250520269,0.036156642429888017,0
9.7599999999999287,9.7579999999999281,0.074036121616851844,0.029494361700865925,0
9.7799999999999354,9.7779999999999347,0.066537345978866763,0.025946402466802024,0
9.7999999999999421,9.7979999999999414,0.058973754669299612,0.023306852054806902,0
9.8199999999999488,9.8179999999999481,0.062682019725847651,0.024253298158086946,0
9.8399999999999554,9.8379999999999548,0.049005044873583072,0.019335181547330653,0
9.8599999999999621,9.8579999999999615,0.052864633930202978,0.013467863480282182,0
9.8799999999999688,9.8779999999999681,0.052605815226639346,0.014279244929756728,0
9.8999999999999755,9.8979999999999748,0.04969952419330164,0.015359156403159817,0
9.9199999999999822,9.9179999999999815,0.047341240617178454,0.015172967094917543,0
9.9399999999999888,9.9379999999999882,0.048050489860144159,0.015589680968969349,0
9.9599999999999955,9.9579999999999949,0.051312868699128836,0.016099258243760534,0
9.9800000000000022,9.9780000000000015,0.032608007050872391,0.013010477680169137,0
10.000000000000009,9.9980000000000082,0.016899944350605194,0.0062578254095159991,0
10.020000000000016,10.018000000000015,0.076458587528903527,0.025421181050192313,0
10.040000000000022,10.038000000000022,0.039770503588033357,0.016174617533061517,0
10.060000000000029,10.058000000000028,0.15823320821593542,0.070796358446750113,0
10.080000000000036,10.078000000000035,0.12579244156926109,0.054167809272500145,0
10.100000000000042,10.098000000000042,0.10704438520002391,0.046750182272912222,0
10.120000000000049,10.118000000000048,0.091100396157078448,0.034931100579062534,0
10.140000000000056,10.138000000000055,0.087554288626613228,0.031586369341500518,0
10.160000000000062,10.158000000000062,0.085185183495151695,0.034398246884053033,0
10.180000000000069,10.178000000000068,0.092565133879320347,0.028483123406858595,0
10.200000000000076,10.198000000000075,0.10100683914030471,0.034313366037264606,0
10.220000000000082,10.218000000000082,0.11639771613062098,0.042283862950360289,0
10.240000000000089,10.238000000000088,0.083921403908019623,0.024146037201890399,0
10.260000000000096,10.258000000000095,0.084438831220973926,0.030821057968788243,0
10.280000000000102,10.278000000000102,0.1365273973371727,0.053808133571738317,0
10.300000000000109,10.298000000000108,0.12708521980920168,0.048312624673848927,0
10.320000000000116,10.318000000000115,0.13887543484415066,0.053101116225537162,0
10.340000000000122,10.338000000000122,0.14563232814499188,0.055396969877404556,0
10.360000000000129,10.358000000000128,0.094958091538155584,0.029375446144157623,0
10.380000000000136,10.378000000000135,0.089914797594479734,0.036513431347614464,0
10.400000000000142,10.398000000000142,0.14051173866628741,0.053535559866204653,0
10.420000000000149,10.418000000000148,0.13241489780369389,0.049543608076827617,0
10.440000000000156,10.438000000000155,0.12977631603529333,0.046392883670411084,0
10.460000000000163,10.458000000000162,0.12694697925596757,0.042824319222646332,0
10.480000000000169,10.478000000000169,0.16693259001542135,0.069019684073285598,0
10.500000000000176,10.498000000000175,0.04279501429092613,0.028831722008496961,0
10.520000000000183,10.518000000000182,0.095693941151335629,0.032495182059382309,0
10.540000000000189,10.538000000000189,0.10032047801270627,0.0276887894782324,0
10.560000000000196,10.558000000000195,0.08783179473178368,0.032072011383343021,0
10.580000000000203,10.578000000000202,0.089445807872026051,0.028538692858141701,0
10.600000000000209,10.598000000000209,0.071779489069272284,0.024410752840679745,0
10.620000000000216,10.618000000000215,0.041817437737325241,0.010795111620985811,0
10.640000000000223,10.638000000000222,0.14861033481162386,0.05711228201058742,0
10.660000000000229,10.658000000000229,0.29185805448586161,0.11035949154504839,0
10.680000000000236,10.678000000000235,0.22138427329763299,0.083632057777356786,0
10.700000000000243,10.698000000000242,0.15578766281516968,0.058820736247904799,0
10.720000000000249,10.718000000000249,0.11074670239710066,0.041725250900073077,0
10.740000000000256,10.738000000000255,0.078783524095514659,0.029559579650327558,0
10.760000000000263,10.758000000000262,0.05544835836604544,0.020649159478929219,0
10.780000000000269,10.778000000000269,0.038894479044132582,0.014366809900666022,0
10.800000000000276,10.798000000000275,0.027717613717792092,0.009822918152392987,0
10.820000000000283,10.818000000000282,0.019027406474568444,0.0061281217462779564,0
10.840000000000289,10.838000000000289,0.010739920844509233,0.0036671999829421377,0
10.860000000000296,10.858000000000295,0.016554834357426183,0.0067476017959890123,0
10.880000000000303,10.878000000000302,0.0094627443151588907,0.0060096119363461029,0
10.900000000000309,10.898000000000309,0.018112073105129727,0.007799097733111382,0
10.920000000000316,10.918000000000315,0.018943740897566411,0.0080925505615108452,0
10.940000000000323,10.938000000000322,0.019955932362468745,0.0084116057128057753,0
10.960000000000329,10.958000000000329,0.020728299404671344,0.0086611732644906944,0
10.980000000000336,10.978000000000335,0.021338879451028941,0.0088721734221715275,0
11.000000000000343,10.998000000000342,0.021838724759581415,0.0090566127463324268,0
11.02000000000035,11.018000000000349,0.022258632653447404,0.009221381943390939,0
11.040000000000356,11.038000000000356,0.022618999156316866,0.0093709669794954029,0
11.060000000000363,11.058000000000362,0.022932822235417868,0.0095078685901364667,0
11.08000000000037,11.078000000000369,0.023212163990395177,0.0096350526825336874,0
11.100000000000376,11.098000000000376,0.22372099381645011,0.099735840904669248,0
11.120000000000383,11.118000000000382,0.032428100179043656,0.014145722359891928,0
11.14000000000039,11.138000000000389,0.027415457838690489,0.010806070949647528,0
11.160000000000396,11.158000000000396,0.033926116677841768,0.0099568200271085549,0
11.180000000000403,11.178000000000402,0.043154609772132209,0.012656274305419156,0
11.20000000000041,11.198000000000409,0.051218961650789339,0.016225121291549915,0
11.220000000000416,11.218000000000416,0.056943194097310482,0.018551766164977262,0
11.240000000000423,11.238000000000422,0.061409981759424581,0.020334286910754888,0
11.26000000000043,11.258000000000429,0.064487127075258402,0.021552273030244765,0
11.280000000000436,11.278000000000436,0.066235931183427563,0.022238430835894302,0
11.300000000000443,11.298000000000442,0.066766695581188515,0.022439339334825774,0
11.32000000000045,11.318000000000449,0.066198637225067761,0.022202742461124081,0
11.340000000000456,11.338000000000456,0.19395740359225594,0.08217303821192487,0
11.360000000000463,11.358000000000462,0.063721767445562377,0.019125217613157389,0
11.38000000000047,11.378000000000469,0.058080694435050824,0.018369170940178647,0
11.400000000000476,11.398000000000476,0.054165372903713767,0.017086318342248788,0
11.420000000000483,11.418000000000482,0.049733449279129288,0.015266802966709011,0
11.44000000000049,11.438000000000489,0.045105128048566596,0.013241584657489418,0
11.460000000000496,11.458000000000496,0.04031157230578182,0.011039149813121374,0
11.480000000000503,11.478000000000502,0.071997310358566824,0.031120927719955043,0
11.50000000000051,11.498000000000509,0.025799746990077428,0.0068661454441961587,0
11.520000000000516,11.518000000000516,0.028346288506177354,0.010705888086568093,0
11.540000000000523,11.538000000000523,0.025367800573244403,0.0102312326239199,0
11.56000000000053,11.558000000000529,0.0185350449979419,0.0088012176016623537,0
11.580000000000537,11.578000000000536,0.017099859181411669,0.005191708474915591,0
11.600000000000543,11.598000000000543,0.020479959482491632,0.0066052352100624502,0
11.62000000000055,11.618000000000549,0.025966684670390087,0.0092311783899954904,0
11.640000000000557,11.638000000000556,0.031508349263146496,0.011611589775930934,0
11.660000000000563,11.658000000000563,0.03700325544000789,0.013889979757920447,0
11.68000000000057,11.678000000000569,0.042652502641678323,0.016098859705617082,0
11.700000000000577,11.698000000000576,0.04722820040644609,0.017950111865306057,0
11.720000000000583,11.718000000000583,0.051062770316668983,0.019478046199783695,0
11.74000000000059,11.738000000000589,0.05462716466477157,0.020840224300784273,0
11.760000000000597,11.758000000000596,0.057469070596318256,0.021948309203865847,0
11.780000000000603,11.778000000000603,0.059524746994785639,0.022742488171481577,0
11.80000000000061,11.798000000000609,0.060554268753903025,0.023158916702050981,0
11.820000000000617,11.818000000000616,0.060651086232230519,0.023199461772645626,0
11.840000000000623,11.838000000000623,0.062799364557844184,0.023196381359042523,0
11.86000000000063,11.858000000000629,0.060373467069659285,0.022316910702929522,0
11.880000000000637,11.878000000000636,0.05684056060543452,0.0209555807008001,0
11.900000000000643,11.898000000000643,0.052050539319283398,0.019077838721750999,0
11.92000000000065,11.918000000000649,0.045920057908219895,0.016651322902648757,0
11.940000000000657,11.938000000000656,0.038491044735023849,0.013640691070936644,0
11.960000000000663,11.958000000000663,0.030009401960076704,0.01001566472176561,0
11.98000000000067,11.978000000000669,0.02133263124163599,0.006606195059011946,0
12.000000000000677,11.998000000000676,0.016946954662178264,0.006843737195274425,0
12.020000000000683,12.018000000000683,0.01696111715929479,0.0065856876327352633,0
12.04000000000069,12.038000000000689,0.01590642419437607,0.0062987244096812025,0
12.060000000000697,12.058000000000696,0.014889128168429751,0.0059829795646549585,0
12.080000000000704,12.078000000000703,0.013965384678837619,0.0056546759867830334,0
12.10000000000071,12.09800000000071,0.013063337816898541,0.0053147989715744163,0
12.120000000000717,12.118000000000716,0.012152403677600874,0.0049625057122739437,0
12.140000000000724,12.138000000000723,0.011219796254681785,0.004597240286558342,0
12.16000000000073,12.15800000000073,0.01025920469653648,0.0042186808735702281,0
12.180000000000737,12.178000000000736,0.0092880172085832349,0.0038531857696035153,0
12.200000000000744,12.198000000000743,0.0084066031987913604,0.0034961260628626864,0
12.22000000000075,12.21800000000075,0.0073602445270433015,0.0030765954295027282,0
12.240000000000757,12.238000000000756,0.0062701040143772497,0.0026384005047091243,0
12.260000000000764,12.258000000000763,0.0051626680919684758,0.0021872646477752722,0
12.28000000000077,12.27800000000077,0.0040566128292458467,0.0017226273626274125,0
12.300000000000777,12.298000000000776,0.0030347216474936262,0.0012740102544539565,0
12.320000000000784,12.318000000000783,0.0022551136830608067,0.00083387356696022329,0
12.34000000000079,12.33800000000079,0.001916647340591442,0.00046405734167685557,0
12.360000000000797,12.358000000000796,0.0022713363677305184,0.00078238993123900885,0
12.380000000000804,12.378000000000803,0.0036243836561415349,0.00098373887678751852,0
12.40000000000081,12.39800000000081,0.0058405387020775178,0.0016748019581381633,0
12.420000000000817,12.418000000000816,0.0080613606983890359,0.0025416151918624418,0
12.440000000000824,12.438000000000823,0.010205921205387741,0.0033269728774802678,0
12.46000000000083,12.45800000000083,0.012207768176216143,0.0040540069961203023,0
12.480000000000837,12.478000000000836,0.014149490498381661,0.0047436964691557511,0
12.500000000000844,12.498000000000843,0.015956207797112199,0.0053868319862267165,0
12.52000000000085,12.51800000000085,0.017687323122515555,0.0060008067752620351,0
12.540000000000857,12.538000000000856,0.019373484867900654,0.0065911305914159585,0
12.560000000000864,12.558000000000863,0.020934003672407282,0.0071396407928928252,0
12.58000000000087,12.57800000000087,0.02243469510448148,0.0076677789651130391,0
12.600000000000877,12.598000000000876,0.023867823592034966,0.0081717989759265558,0
12.620000000000884,12.618000000000883,0.025233551322100856,0.0086516843079408844,0
12.640000000000891,12.63800000000089,0.026533599213653818,0.0091081728379185031,0
12.660000000000897,12.658000000000897,0.027769661494927465,0.009541985250895859,0
12.680000000000904,12.678000000000903,0.028943176408631657,0.0099537130021894928,0
12.700000000000911,12.69800000000091,0.030055369622985124,0.010343841471779544,0
12.720000000000917,12.718000000000917,0.031107316801580763,0.010712781940853244,0
12.740000000000924,12.738000000000923,0.032099988876997346,0.011060894274198251,0
12.760000000000931,12.75800000000093,0.033034283088391812,0.011388502204480049,0
12.780000000000937,12.778000000000937,0.033911044998035621,0.011695904059630861,0
12.800000000000944,12.798000000000943,0.034731084537427286,0.011983380551707914,0
12.820000000000951,12.81800000000095,0.035395936275871391,0.012220705943715875,0
12.840000000000957,12.838000000000957,0.036174326025233051,0.012503294498646168,0
12.860000000000964,12.858000000000963,0.036774239019986193,0.012715742477827681,0
12.880000000000971,12.87800000000097,0.037422796330629136,0.01294841055817589,0
12.900000000000977,12.898000000000977,0.037892431974425107,0.013113068755662689,0
12.920000000000984,12.918000000000983,0.038454105448059828,0.013315527013936167,0
12.940000000000991,12.93800000000099,0.038905332480554548,0.013474190509340803,0
12.960000000000997,12.958000000000997,0.039294267226886066,0.013609222117801779,0
12.980000000001004,12.978000000001003,0.039632851780890412,0.01372620790747316,0
13.000000000001011,12.99800000000101,0.039923602468085469,0.013826396121205611,0
13.020000000001017,13.018000000001017,0.040038246154649605,0.013864890842309609,0
13.040000000001024,13.038000000001023,0.040331139513481155,0.013977596205981501,0
13.060000000001031,13.05800000000103,0.040503029606132342,0.014039955546952433,0
13.080000000001037,13.078000000001037,0.040608259733926129,0.014075301827190422,0
13.100000000001044,13.098000000001043,0.040663969799035103,0.014092040827495298,0
13.120000000001051,13.11800000000105,0.040675832881651296,0.014093174690319073,0
13.140000000001058,13.138000000001057,0.040645387964034579,0.014079455221571587,0
13.160000000001064,13.158000000001064,0.040445515923587021,0.014010407006423024,0
13.180000000001071,13.17800000000107,0.040355765712505355,0.01396109234842758,0
13.200000000001078,13.198000000001077,0.040286167605712048,0.01395506779186706,0
13.220000000001084,13.218000000001084,0.039924465467478798,0.01385359518661468,0
13.240000000001091,13.23800000000109,0.039853695521475073,0.013809814816376555,0
13.260000000001098,13.258000000001097,0.039619174998466733,0.013728577473733378,0
13.280000000001104,13.278000000001104,0.039311710744557575,0.013620394419921671,0
13.300000000001111,13.29800000000111,0.038957263937720685,0.013492691418883661,0
13.320000000001118,13.318000000001117,0.038564535366396022,0.013349970469180931,0
13.340000000001124,13.338000000001124,0.038137283462741076,0.013194524180372896,0
13.360000000001131,13.35800000000113,0.037677739517498129,0.013027646499613594,0
13.380000000001138,13.378000000001137,0.0371872610395678,0.012850026085904399,0
13.400000000001144,13.398000000001144,0.036666703917947685,0.012662022981297153,0
13.420000000001151,13.41800000000115,0.036226031807010894,0.012473572957863666,0
13.440000000001158,13.438000000001157,0.03551141385052916,0.012250126389522994,0
13.460000000001164,13.458000000001164,0.034902125967395885,0.01203409305853117,0
13.480000000001171,13.47800000000117,0.03427751442033606,0.011808658059364169,0
13.500000000001178,13.498000000001177,0.03362194344249924,0.011572465216773241,0
13.520000000001184,13.518000000001184,0.032936963550824414,0.011326267008077031,0
13.540000000001191,13.53800000000119,0.032224882324326201,0.011070736088906696,0
13.560000000001198,13.558000000001197,0.031487266551462688,0.010806361479430855,0
13.580000000001204,13.578000000001204,0.030725304512300454,0.010533540994908878,0
13.600000000001211,13.59800000000121,0.029940047605991203,0.010252632663535729,0
13.620000000001218,13.618000000001217,0.029132495055495443,0.0099639762083427539,0
13.640000000001224,13.638000000001224,0.028303620822351511,0.0096679025832579722,0
13.660000000001231,13.65800000000123,0.027454384567691923,0.009364738746035434,0
13.680000000001238,13.678000000001237,0.026585738077585613,0.0090548101090709241,0
13.700000000001245,13.698000000001244,0.037482293362049994,0.01266947837333967,0
13.720000000001251,13.718000000001251,0.042707336264336995,0.016239609163947767,0
13.740000000001258,13.738000000001257,0.036361954746114603,0.012927648830285859,0
13.760000000001265,13.758000000001264,0.031591873551765973,0.010672488517794256,0
13.780000000001271,13.778000000001271,0.030177178589183794,0.0098981474465205735,0
13.800000000001278,13.798000000001277,0.025935850265917808,0.0078454080113174191,0
13.820000000001285,13.818000000001284,0.023742985255704816,0.0068370649474708244,0
13.840000000001291,13.838000000001291,0.021974329101987336,0.006098713487163729,0
13.860000000001298,13.858000000001297,0.020255890057914894,0.0057195804646406664,0
13.880000000001305,13.878000000001304,0.018130878431874775,0.0052340661611065334,0
13.900000000001311,13.898000000001311,0.016758736086504661,0.004857183910182473,0
13.920000000001318,13.918000000001317,0.015230492498832345,0.0044339460580422596,0
13.940000000001325,13.938000000001324,0.013732954329174868,0.0039840879910616016,0
13.960000000001331,13.958000000001331,0.01339890793955683,0.003997390562573231,0
13.980000000001338,13.978000000001337,0.011604460842925627,0.0032016850010833002,0
14.000000000001345,13.998000000001344,0.01035447244199296,0.0032172204940575516,0
14.020000000001351,14.018000000001351,0.0099663043841336438,0.0025099462775178679,0
14.040000000001358,14.038000000001357,0.0083669824850618815,0.0023793981018227265,0
14.060000000001365,14.058000000001364,0.0079225070716580151,0.0018634570479944006,0
14.080000000001371,14.078000000001371,0.0067603462808620302,0.0014209723411735728,0
14.100000000001378,14.098000000001377,0.0059912997850677385,0.001240564749706253,0
14.120000000001385,14.118000000001384,0.0052363195909334017,0.0011551608796426119,0
14.140000000001391,14.138000000001391,0.0048888021248438013,0.0011478737612791389,0
14.160000000001398,14.158000000001397,0.0046551157292155435,0.0011427071607985832,0
14.180000000001405,14.178000000001404,0.00464770887277134,0.0011382025590195648,0
14.200000000001411,14.198000000001411,0.0049439700712614106,0.0011435206100472814,0
14.220000000001418,14.218000000001418,0.0054077157487017477,0.001509402140604489,0
14.240000000001425,14.238000000001424,0.006228299985175656,0.0020123012498694031,0
14.260000000001432,14.258000000001431,0.0067188166910591932,0.0021987815391488791,0
14.280000000001438,14.278000000001438,0.0074326555920327456,0.0024890900989235913,0
14.300000000001445,14.298000000001444,0.0082632664955885719,0.002834396763313019,0
14.320000000001452,14.318000000001451,0.0091566024688726697,0.0031983259408007777,0
14.340000000001458,14.338000000001458,0.010082331659912989,0.0035653500173620403,0
14.360000000001465,14.358000000001464,0.011023481667146366,0.0039295272771504453,0
14.380000000001472,14.378000000001471,0.01197094445110241,0.0042888074450181252,0
14.400000000001478,14.398000000001478,0.012919580619379017,0.0046426345379820327,0
14.420000000001485,14.418000000001484,0.013866154445625681,0.0049909600098779943,0
14.440000000001492,14.438000000001491,0.014808371355762615,0.0053338626813396696,0
14.460000000001498,14.458000000001498,0.015744440239783858,0.005671414676308606,0
14.480000000001505,14.478000000001504,0.016672866523780177,0.0060036420808764349,0
14.500000000001512,14.498000000001511,0.017592347083862148,0.0063305201148831777,0
14.520000000001518,14.518000000001518,0.018501712582627141,0.0066519797170008325,0
14.540000000001525,14.538000000001524,0.019399893456751298,0.0069679168832197397,0
14.560000000001532,14.558000000001531,0.020285898421122484,0.0072782016224754824,0
14.580000000001538,14.578000000001538,0.021158799652615367,0.0075826855043665958,0
14.600000000001545,14.598000000001544,0.022017724347132339,0.0078812076645695204,0
14.620000000001552,14.618000000001551,0.022861843360832884,0.0081735992212618146,0
14.640000000001558,14.638000000001558,0.023690367242468435,0.0084596866338553199,0
14.660000000001565,14.658000000001564,0.024502540309626022,0.0087392940145048694,0
14.680000000001572,14.678000000001571,0.025450600596527179,0.0091176570916182351,0
14.700000000001578,14.698000000001578,0.025877256479078577,0.0091777574679129184,0
14.720000000001585,14.718000000001584,0.0269155459790302,0.0096016356017023154,0
14.740000000001592,14.738000000001591,0.027502146815014061,0.0097785736226568346,0
14.760000000001599,14.758000000001598,0.02818692782557226,0.010003158222500219,0
14.780000000001605,14.778000000001605,0.028884527888527765,0.01023835486477659,0
14.800000000001612,14.798000000001611,0.029568939803132327,0.010470740758145289,0
14.820000000001619,14.818000000001618,0.030232257934534146,0.010695793480921763,0
14.840000000001625,14.838000000001625,0.030872069539219088,0.010912157571977905,0
14.860000000001632,14.858000000001631,0.031487600616629967,0.011119508407891901,0
14.880000000001639,14.878000000001638,0.03207680296872658,0.011329268219306066,0
14.900000000001645,14.898000000001645,0.032617430283348091,0.011501473164756823,0
14.920000000001652,14.918000000001651,0.033152905594803307,0.011678251434824745,0
14.940000000001659,14.938000000001658,0.033667823425363355,0.011849153486078746,0
14.960000000001665,14.958000000001665,0.034157839665325145,0.012011494712353318,0
14.980000000001672,14.978000000001671,0.034621499350373806,0.012164557243399411,0
15.000000000001679,14.998000000001678,0.035058094505252088,0.012308096583068844,0
15.020000000001685,15.018000000001685,0.035437559824797155,0.012464350623151873,0
15.040000000001692,15.038000000001691,0.035776116450272621,0.012553030083433944,0
15.060000000001699,15.058000000001698,0.036112877909898894,0.012657264249593882,0
15.080000000001705,15.078000000001705,0.036433934363469804,0.012760633633051466,0
15.100000000001712,15.098000000001711,0.036729288731450642,0.012856091806846154,0
15.120000000001719,15.118000000001718,0.036994848434537576,0.012941303802570346,0
15.140000000001725,15.138000000001725,0.037229209252614477,0.013015646239922333,0
15.160000000001732,15.158000000001731,0.037431793320352839,0.013078970912331504,0
15.180000000001739,15.178000000001738,0.037602182284477356,0.013131211758920302,0
15.200000000001745,15.198000000001745,0.037739945501839477,0.013172290186117564,0
15.220000000001752,15.218000000001751,0.037844615145436661,0.013202103038519679,0
15.240000000001759,15.238000000001758,0.03791569169841142,0.013220526753017457,0
15.260000000001765,15.258000000001765,0.037952651465835471,0.013227422192522591,0
15.280000000001772,15.278000000001771,0.037954951539015756,0.013222637872674078,0
15.300000000001779,15.298000000001778,0.037922033479086459,0.013206012314229581,0
15.320000000001786,15.318000000001785,0.037853325819756055,0.013177375671313347,0
15.340000000001792,15.338000000001792,0.037609537355906594,0.013115589215219393,0
15.360000000001799,15.358000000001798,0.037446890214655443,0.013050284614176543,0
15.380000000001806,15.378000000001805,0.037264199049473895,0.012982210912985787,0
15.400000000001812,15.398000000001812,0.037046516661235873,0.012903526595845406,0
15.420000000001819,15.418000000001818,0.036790118939007299,0.01281205806867425,0
15.440000000001826,15.438000000001825,0.03649399506743839,0.012707258004662448,0
15.460000000001832,15.458000000001832,0.036157592536214776,0.012588930691971615,0
15.480000000001839,15.478000000001838,0.035780368105350242,0.012456916523254704,0
15.500000000001846,15.498000000001845,0.11084130648492947,0.049074452644273299,0
15.520000000001852,15.518000000001852,0.03705141375549597,0.012425907263193172,0
15.540000000001859,15.538000000001858,0.034492662883991485,0.011833809158956928,0
15.560000000001866,15.558000000001865,0.033510825334514154,0.011556501900492623,0
15.580000000001872,15.578000000001872,0.032871015994703337,0.01134974083055966,0
15.600000000001879,15.598000000001878,0.032266593744492651,0.011144032256664825,0
15.620000000001886,15.618000000001885,0.06276542460625846,0.02689075294035961,0
15.640000000001892,15.638000000001892,0.032296287031704486,0.010928245109150171,0
15.660000000001899,15.658000000001898,0.03031637958608514,0.010386955003674156,0
15.680000000001906,15.678000000001905,0.029238663222629212,0.010049071544757563,0
15.700000000001912,15.698000000001912,0.028347771184617798,0.0097524071729464482,0
15.720000000001919,15.718000000001918,0.027456152463058738,0.0094501563660819368,0
15.740000000001926,15.738000000001925,0.026655251947829736,0.0091791799558702362,0
15.760000000001932,15.758000000001932,0.025616261128999878,0.0088125605479127227,0
15.780000000001939,15.778000000001938,0.024553645420052984,0.0084487531991937412,0
15.800000000001946,15.798000000001945,0.023446878807468804,0.0080734064519640807,0
15.820000000001953,15.818000000001952,0.022287991006202431,0.0076811694910987232,0
15.840000000001959,15.838000000001959,0.021074514700539809,0.0072703773928086387,0
15.860000000001966,15.858000000001965,0.019805787484629914,0.0068405675215240432,0
15.880000000001973,15.878000000001972,0.018481583038703543,0.0063915712611468138,0
15.900000000001979,15.898000000001979,0.017101752109015083,0.0059232474569469252,0
15.920000000001986,15.918000000001985,0.015666210927355734,0.0054354268069339981,0
15.940000000001993,15.938000000001992,0.014175046459008396,0.0049279110812218965,0
15.960000000001999,15.958000000001999,0.01262870524122279,0.0044004813286404564,0
15.980000000002006,15.978000000002005,0.011130327567528027,0.0038816944132528345,0
16.000000000002011,15.99800000000201,0.0094652592180875291,0.003302489045304364,0
16.020000000002,16.018000000002001,0.0077607681442972264,0.0027103639703166039,0
16.040000000001989,16.03800000000199,0.006028676956119014,0.0021008484605391552,0
16.060000000001978,16.058000000001979,0.0043032829800671883,0.0014713826587073847,0
16.080000000001966,16.078000000001968,0.0027232667447517783,0.00082073598482974765,0
16.100000000001955,16.098000000001957,0.0019459513048614156,0.00045809500730236352,0
16.120000000001944,16.118000000001945,0.0028296579524778945,0.00066357885923818869,0
16.140000000001933,16.138000000001934,0.0054017027784878727,0.0016599000700328857,0
16.160000000001922,16.158000000001923,0.0085355621851932462,0.0027108022260221971,0
16.180000000001911,16.178000000001912,0.011807948037082469,0.0038582196551514617,0
16.2000000000019,16.198000000001901,0.014854306712434692,0.0049309249281450336,0
16.220000000001889,16.21800000000189,0.017488909957372612,0.005778964541741401,0
16.240000000001878,16.238000000001879,0.020203971008097149,0.0067323938292789664,0
16.260000000001867,16.258000000001868,0.022521025395660282,0.007468821337628947,0
16.280000000001856,16.278000000001857,0.024838241563063725,0.0082276153071934137,0
16.300000000001845,16.298000000001846,0.027177012115969134,0.0090618837298140596,0
16.320000000001833,16.318000000001835,0.029135140302634335,0.0096829774151503418,0
16.340000000001822,16.338000000001824,0.031110189466191148,0.01033209114068232,0
16.360000000001811,16.358000000001812,0.033002338184016149,0.010958587251928347,0
16.3800000000018,16.378000000001801,0.034789909794656702,0.011550935857003588,0
16.400000000001789,16.39800000000179,0.036471960809567813,0.012108102470233022,0
16.420000000001778,16.418000000001779,0.038109908356732343,0.012681302024552627,0
16.440000000001767,16.438000000001768,0.03954776486992384,0.013171773761655526,0
16.460000000001756,16.458000000001757,0.040846160448228676,0.013586539335225068,0
16.480000000001745,16.478000000001746,0.042126270530937468,0.014008619879983038,0
16.500000000001734,16.498000000001735,0.043323306624366953,0.014405045644470612,0
16.520000000001723,16.518000000001724,0.044426451388597812,0.014770056716819321,0
16.540000000001712,16.538000000001713,0.045436507532100524,0.01510376691525723,0
16.5600000000017,16.558000000001702,0.046229605616801041,0.015302703223760473,0
16.580000000001689,16.57800000000169,0.047239483842773745,0.015666403704088748,0
16.600000000001678,16.598000000001679,0.048006979392776122,0.0159233950434369,0
16.620000000001667,16.618000000001668,0.048656889449495588,0.016135869268384988,0
16.640000000001656,16.638000000001657,0.049220480187841004,0.016319167352771814,0
16.660000000001645,16.658000000001646,0.049703580484666873,0.016475975866413389,0
16.680000000001634,16.678000000001635,0.04988181173917642,0.016454469959511987,0
16.700000000001623,16.698000000001624,0.05048439301897753,0.016696743549280194,0
16.720000000001612,16.718000000001613,0.050782397129559842,0.016800870568204444,0
16.740000000001601,16.738000000001602,0.05094741399296035,0.016851668613884818,0
16.76000000000159,16.758000000001591,0.051030198200854117,0.016873915641635203,0
16.780000000001579,16.77800000000158,0.051042298586362771,0.016873085695742713,0
16.800000000001567,16.798000000001569,0.050985748594395801,0.016849952941353458,0
16.820000000001556,16.818000000001557,0.050510385921691749,0.016593329524367196,0
16.840000000001545,16.838000000001546,0.050705530093472562,0.016715159464298916,0
16.860000000001534,16.858000000001535,0.050541645922166901,0.016672283735413806,0
16.880000000001523,16.878000000001524,0.05022054732437016,0.01656287230461035,0
16.900000000001512,16.898000000001513,0.049815572546906356,0.01642245539094642,0
16.920000000001501,16.918000000001502,0.049348803035799374,0.016261619246364191,0
16.94000000000149,16.938000000001491,0.048825783011900561,0.016082851367619402,0
16.960000000001479,16.95800000000148,0.047748495722193682,0.015610616776526797,0
16.980000000001468,16.978000000001469,0.048150688274760746,0.015921820174192417,0
17.000000000001457,16.998000000001458,0.04657408007351304,0.015237316750680241,0
17.020000000001446,17.018000000001447,0.046201699448937233,0.015159937160150358,0
17.040000000001434,17.038000000001436,0.04553105146968494,0.014952994521067874,0
17.060000000001423,17.058000000001424,0.0447109137491737,0.014682190766228264,0
17.080000000001412,17.078000000001413,0.043808756397159095,0.014379126024761272,0
17.100000000001401,17.098000000001402,0.04285242987260833,0.014057091682093356,0
17.12000000000139,17.118000000001391,0.041852623576740737,0.013721085749699831,0
17.140000000001379,17.13800000000138,0.040196196448472186,0.013075230563832082,0
17.160000000001368,17.158000000001369,0.039661226801966099,0.012930446856358394,0
17.180000000001357,17.178000000001358,0.038768204575918494,0.012663628155445358,0
17.200000000001346,17.198000000001347,0.037692475305150866,0.012319768023288054,0
17.220000000001335,17.218000000001336,0.036512187667661442,0.011930531608895107,0
17.240000000001324,17.238000000001325,0.035267504773909851,0.011515085612495209,0
17.260000000001313,17.258000000001314,0.033980360001048301,0.011084112618065243,0
17.280000000001301,17.278000000001303,0.032376220846949279,0.010516208902764538,0
17.30000000000129,17.298000000001291,0.031271569923713119,0.010148135588844164,0
17.320000000001279,17.31800000000128,0.030027575185804168,0.0097465462872785603,0
17.340000000001268,17.338000000001269,0.028692245137606352,0.0093124010906886195,0
17.360000000001257,17.358000000001258,0.02729873683802865,0.0088543051472994745,0
17.380000000001246,17.378000000001247,0.025865524025216642,0.008380116406827412,0
17.400000000001235,17.398000000001236,0.024404221442494642,0.0078953593813637715,0
17.420000000001224,17.418000000001225,0.022922471351543093,0.0074035742970759693,0
17.440000000001213,17.438000000001214,0.021425277899428212,0.0069069144542298656,0
17.460000000001202,17.458000000001203,0.019749275872177917,0.0064075613698949601,0
17.480000000001191,17.478000000001192,0.018689653115518196,0.0058957769738505689,0
17.50000000000118,17.498000000001181,0.016879950839998048,0.0053940233024124479,0
17.520000000001168,17.51800000000117,0.015347728700253988,0.0049551471102943518,0
17.540000000001157,17.538000000001158,0.013906734078968336,0.0043285295074703906,0
17.560000000001146,17.558000000001147,0.012206383487240118,0.0038412978711636781,0
17.580000000001135,17.578000000001136,0.010896748722649797,0.0034700479642348577,0
17.600000000001124,17.598000000001125,0.0091142527291486284,0.0027431036597304679,0
17.620000000001113,17.618000000001114,0.0075650222670786919,0.0022751658281797743,0
17.640000000001102,17.638000000001103,0.00612526209491146,0.0017850303896956767,0
17.660000000001091,17.658000000001092,0.0047432195815944123,0.0012834569941453636,0
17.68000000000108,17.678000000001081,0.0040012010018236014,0.0010493548388314108,0
17.700000000001069,17.69800000000107,0.0024253962970390568,0.00067331529156345346,0
17.720000000001058,17.718000000001059,0.0025557715822608642,0.00056794103238269416,0
17.740000000001046,17.738000000001048,0.0033875300948356486,0.00080119231060972419,0
17.760000000001035,17.758000000001037,0.0045967319453753203,0.001289891277805327,0
17.780000000001024,17.778000000001025,0.0059692770809336498,0.0017862183707398199,0
17.800000000001013,17.798000000001014,0.0078667158843429025,0.002498702606499727,0
17.820000000001002,17.818000000001003,0.008629817903014713,0.0026533372308879129,0
17.840000000000991,17.838000000000992,0.01071661869938954,0.0034135625128307325,0
17.86000000000098,17.858000000000981,0.011969943524437613,0.0038075810564601581,0
17.880000000000969,17.87800000000097,0.01336276627369992,0.0042446801002397148,0
17.900000000000958,17.898000000000959,0.014815979912905517,0.0047096256396192346,0
17.920000000000947,17.918000000000948,0.016289612350101824,0.0051862081179390078,0
17.940000000000936,17.938000000000937,0.017762357702323532,0.0056640490918316118,0
17.960000000000925,17.958000000000926,0.019222667069167306,0.0061375101023251437,0
17.980000000000913,17.978000000000915,0.020664281036432322,0.0066037800368592961,0
18.000000000000902,17.998000000000903,0.022083800366226598,0.0070615493356589168,0
18.020000000000891,18.018000000000892,0.023479304559624395,0.0075102459009966883,0
18.04000000000088,18.038000000000881,0.025357100858096369,0.0081668511332134465,0
18.060000000000869,18.05800000000087,0.025809646475509311,0.008207125398199051,0
18.080000000000858,18.078000000000859,0.027862213165923761,0.0089367896219743528,0
18.100000000000847,18.098000000000848,0.028365736049342501,0.0090147105715236951,0
18.120000000000836,18.118000000000837,0.030423591313763591,0.0097495121834784721,0
18.140000000000825,18.138000000000826,0.031345990157167387,0.010016198239355777,0
18.160000000000814,18.158000000000815,0.032449390403509089,0.010350409171655389,0
18.180000000000803,18.178000000000804,0.033595900251359168,0.010708374455813402,0
18.200000000000792,18.198000000000793,0.034734887358767445,0.011068555573266711,0
18.22000000000078,18.218000000000782,0.035846226107096889,0.011421210393715159,0
18.240000000000769,18.23800000000077,0.036921686013524593,0.011762286573453861,0
18.260000000000758,18.258000000000759,0.03795782272840293,0.012090229203088476,0
18.280000000000747,18.278000000000748,0.039323465261372058,0.012556081731081239,0
18.300000000000736,18.298000000000737,0.03960201572860441,0.012572107788039393,0
18.320000000000725,18.318000000000726,0.041072083576854566,0.013085289864104321,0
18.340000000000714,18.338000000000715,0.041704276176967828,0.013259904602178865,0
18.360000000000703,18.358000000000704,0.042461820957587167,0.013486089989063832,0
18.380000000000692,18.378000000000693,0.043233651709624912,0.013725104768360199,0
18.400000000000681,18.398000000000682,0.043975747451428668,0.013957735746190143,0
18.42000000000067,18.418000000000671,0.044672427628671171,0.014176455628782631,0
18.440000000000659,18.43800000000066,0.04531851071708843,0.014378802167597373,0
18.460000000000647,18.458000000000649,0.045912236401639765,0.014564089769117794,0
18.480000000000636,18.478000000000637,0.046452750246846301,0.014732123907438603,0
18.500000000000625,18.498000000000626,0.04693932086055095,0.014882777596062605,0
18.520000000000614,18.518000000000615,0.047371126086539449,0.015015892148175039,0
18.540000000000603,18.538000000000604,0.04799673146578505,0.015120834503175863,0
18.560000000000592,18.558000000000593,0.04816789053068072,0.015172476521602316,0
18.580000000000581,18.578000000000582,0.048402782001570513,0.015239208140050772,0
18.60000000000057,18.598000000000571,0.048605892744391747,0.015297822874023816,0
18.620000000000559,18.61800000000056,0.048753346055860229,0.015340229010432768,0
18.640000000000548,18.638000000000549,0.048838922966110657,0.015363660369818209,0
18.660000000000537,18.658000000000538,0.048860446898729391,0.015367112277435606,0
18.680000000000526,18.678000000000527,0.048816626926283219,0.015350110911176626,0
18.700000000000514,18.698000000000516,0.048706326017327911,0.015312311563545117,0
18.720000000000503,18.718000000000504,0.048738031087016166,0.015336711820119418,0
18.740000000000492,18.738000000000493,0.048291162872659887,0.015163677235206136,0
18.760000000000481,18.758000000000482,0.047930815458090539,0.015039929952329514,0
18.78000000000047,18.778000000000471,0.047543495436820793,0.014915481207891436,0
18.800000000000459,18.79800000000046,0.047092015314087889,0.014772833768773391,0
18.820000000000448,18.818000000000449,0.046699873171565473,0.0146570129753651,0
18.840000000000437,18.838000000000438,0.045968040645024348,0.014404898883771909,0
18.860000000000426,18.858000000000427,0.045260222345745733,0.014177272155751305,0
18.880000000000415,18.878000000000416,0.044499722600226076,0.013937906494421825,0
18.900000000000404,18.898000000000405,0.043662327128185706,0.013675255045784013,0
18.920000000000393,18.918000000000394,0.042741660166496429,0.013386405297092412,0
18.940000000000381,18.938000000000383,0.04173595693598104,0.013070732212382367,0
18.96000000000037,18.958000000000371,0.04064420069418833,0.012727994123461246,0
18.980000000000359,18.97800000000036,0.039465298751992943,0.012357916713412598,0
19.000000000000348,18.998000000000349,0.038097234788739318,0.011925826965756867,0
19.020000000000337,19.018000000000338,0.036831584251165311,0.011544034074090116,0
19.040000000000326,19.038000000000327,0.035404772433075715,0.011100178142030145,0
19.060000000000315,19.058000000000316,0.03386378140023958,0.010616808612627291,0
19.080000000000304,19.078000000000305,0.032104276649327981,0.010060938675771963,0
19.100000000000293,19.098000000000294,0.030479398568705018,0.0095653240963541279,0
19.120000000000282,19.118000000000283,0.028676442777065974,0.0090041892543426833,0
19.140000000000271,19.138000000000272,0.02674932125864506,0.0083999870258331701,0
19.160000000000259,19.158000000000261,0.024716257409734543,0.0077613332881250044,0
19.180000000000248,19.17800000000025,0.022475955280169307,0.0070564723661232639,0
19.200000000000237,19.198000000000238,0.02033186758558447,0.006394309827818548,0
19.220000000000226,19.218000000000227,0.018023724613646784,0.0056745636537248248,0
19.240000000000215,19.238000000000216,0.015464611873528619,0.0048744160257054693,0
19.260000000000204,19.258000000000205,0.01302428586947455,0.0041120069213834284,0
19.280000000000193,19.278000000000194,0.010304867700916568,0.0032652850977858659,0
19.300000000000182,19.298000000000183,0.0076319424971934445,0.0024221183089743917,0
19.320000000000171,19.318000000000172,0.0048372186440897736,0.0015347116695676908,0
19.34000000000016,19.338000000000161,0.0020236871500817996,0.00058101479019308786,0
19.360000000000149,19.35800000000015,0.0019392884305578474,0.00048639402816203257,0
19.380000000000138,19.378000000000139,0.0046612058408745808,0.0017022422136906226,0
19.400000000000126,19.398000000000128,0.0082850755080764726,0.003219727879365409,0
19.420000000000115,19.418000000000117,0.011661714635720117,0.0045848649939466152,0
19.440000000000104,19.438000000000105,0.01499241504594185,0.005909598925999222,0
19.460000000000093,19.458000000000094,0.017868012518622193,0.0070472193659953507,0
19.480000000000082,19.478000000000083,0.020682996682279704,0.0081580133301151925,0
19.500000000000071,19.498000000000072,0.023344950722070035,0.0092063155317153658,0
19.52000000000006,19.518000000000061,0.025846598403960246,0.010189973823146072,0
19.540000000000049,19.53800000000005,0.028293221759383969,0.011143328342137436,0
19.560000000000038,19.558000000000039,0.030295295275745447,0.011927462689803747,0
19.580000000000027,19.578000000000028,0.032332964519267371,0.012726950550770114,0
19.600000000000016,19.598000000000017,0.034260181211277559,0.013483462835428868,0
19.620000000000005,19.618000000000006,0.03605542887397091,0.014188241995177819,0
19.639999999999993,19.637999999999995,0.03771982995002051,0.014841850871473942,0
19.659999999999982,19.657999999999983,0.039245592398373635,0.015436956294986367,0
19.679999999999971,19.677999999999972,0.040623667375969646,0.01597874975395629,0
19.69999999999996,19.697999999999961,0.041921712371557757,0.016493743783859219,0
19.719999999999949,19.71799999999995,0.043130986732484174,0.016970426635593457,0
19.739999999999938,19.737999999999939,0.044195818569917673,0.017390603953639932,0
19.759999999999927,19.757999999999928,0.045140389763725787,0.017763953593473006,0
19.779999999999916,19.777999999999917,0.045972524760532991,0.018093591696205752,0
19.799999999999905,19.797999999999906,0.046625624727202865,0.018355112762857201,0
19.819999999999894,19.817999999999895,0.047368691988973602,0.018653548621146526,0
19.839999999999883,19.837999999999884,0.047893393233418659,0.018863883361570136,0
19.859999999999872,19.857999999999873,0.048298717918329633,0.019027391512220194,0
19.87999999999986,19.877999999999862,0.04847459142213726,0.01910097735759388,0
19.899999999999849,19.89799999999985,0.048875197991487977,0.019268477511065932,0
19.919999999999838,19.917999999999839,0.049008704273838702,0.019326706021983386,0
19.939999999999827,19.937999999999828,0.049023113269551381,0.019337866849819661,0
19.959999999999816,19.957999999999817,0.048946161025287808,0.019313480334416357,0
19.979999999999805,19.977999999999806,0.048782474316926269,0.019255354033655213,0
19.999999999999794,19.997999999999795,0.048533953479915189,0.01916417389961696,0
20.019999999999783,20.017999999999784,0.048202530701698429,0.019040655481652072,0
20.039999999999772,20.037999999999773,0.047790254955510168,0.018885568988828139,0
20.059999999999761,20.057999999999762,0.047299228749454747,0.018699707984038871,0
20.07999999999975,20.077999999999751,0.046731597681389445,0.018483883527220177,0
20.099999999999739,20.09799999999974,0.046089553076751909,0.018238924944293387,0
20.119999999999727,20.117999999999729,0.045208321661880428,0.017899782939861691,0
20.139999999999716,20.137999999999717,0.044694925000323751,0.017714661039748659,0
20.159999999999705,20.157999999999706,0.043899859781765117,0.017410711972450078,0
20.179999999999694,20.177999999999695,0.04298720059757926,0.017059335744727767,0
20.199999999999683,20.197999999999684,0.041998313435764607,0.016677817346736915,0
20.219999999999672,20.217999999999673,0.040483159590393052,0.016069004215534588,0
20.239999999999661,20.237999999999662,0.039961687460919902,0.015897962476458544,0
20.25999999999965,20.257999999999651,0.03885489356863369,0.01547116473182872,0
20.279999999999639,20.27799999999964,0.03760960803027228,0.014987272370091223,0
20.299999999999628,20.297999999999629,0.036315695982929941,0.014484220430822332,0
20.319999999999617,20.317999999999618,0.034982232056233672,0.01396566950910718,0
20.339999999999606,20.337999999999607,0.03360894005572547,0.01343133303224067,0
20.359999999999594,20.357999999999596,0.032196520353887655,0.012881355849864476,0
20.379999999999583,20.377999999999584,0.030746553532780239,0.012316256165397683,0
20.399999999999572,20.397999999999573,0.02926091476752447,0.011736667125832143,0
20.419999999999561,20.417999999999562,0.027741603119998078,0.011143258036118526,0
20.43999999999955,20.437999999999551,0.026190744512510879,0.010536728974755959,0
20.459999999999539,20.45799999999954,0.024610624876001838,0.0099178160591127558,0
20.479999999999528,20.477999999999529,0.023003720974639152,0.0092872920405622367,0
20.499999999999517,20.497999999999518,0.021372734445878637,0.0086459623665601122,0
20.519999999999506,20.517999999999507,0.019720643534601543,0.0079946591817012767,0
20.539999999999495,20.537999999999496,0.017537200130205821,0.0071159320123867862,0
20.559999999999484,20.557999999999485,0.017196974662763192,0.0069697660899159953,0
20.579999999999472,20.577999999999474,0.014313840081656622,0.0058418754384770913,0
20.599999999999461,20.597999999999463,0.013161593538484504,0.0053870339703442046,0
20.61999999999945,20.617999999999451,0.011516575490377353,0.0047127033359541772,0
20.639999999999439,20.63799999999944,0.0097883808493623332,0.0039950208889205962,0
20.659999999999428,20.657999999999429,0.0081033946181917546,0.0032764933891583779,0
20.679999999999417,20.677999999999418,0.0065131760236446547,0.0025627803963544802,0
20.699999999999406,20.697999999999407,0.0050937361608683548,0.0018527787889109331,0
20.719999999999395,20.717999999999396,0.0040165796296631239,0.0011487559431635182,0
20.739999999999384,20.737999999999385,0.0035939262993928637,0.00085936092167694254,0
20.759999999999373,20.757999999999374,0.00403033240528833,0.0012515390386529253,0
20.779999999999362,20.777999999999363,0.0051044823710913977,0.0016421256477900229,0
20.799999999999351,20.797999999999352,0.0065020376579792765,0.0020308387399061681,0
20.819999999999339,20.817999999999341,0.0080501888373556534,0.0024173204399793903,0
20.839999999999328,20.83799999999933,0.0096702966219083131,0.0030517948823680723,0
20.859999999999317,20.857999999999318,0.011324558636118792,0.0037386745715648276,0
20.879999999999306,20.877999999999307,0.013900762908472298,0.0047905641944426336,0
20.899999999999295,20.897999999999296,0.014776412568042912,0.0051447125999455326,0
20.919999999999284,20.917999999999285,0.016275987164994808,0.0057443188917438966,0
20.939999999999273,20.937999999999274,0.017896385069658353,0.0063916399248001333,0
20.959999999999262,20.957999999999263,0.019532644399803883,0.0070426949954886485,0
20.979999999999251,20.977999999999252,0.02115922710404328,0.007688039380473805,0
20.99999999999924,20.997999999999241,0.022765743049507226,0.0083241783265106707,0
21.019999999999229,21.01799999999923,0.024345397634164781,0.0089487848736274512,0
21.039999999999218,21.037999999999219,0.025893352848085454,0.0095601738159809876,0
21.059999999999206,21.057999999999208,0.027406179413191081,0.010157157372623255,0
21.079999999999195,21.077999999999196,0.028881349286001834,0.010738872588495332,0
21.099999999999184,21.097999999999185,0.030316824569163972,0.011304629434773299,0
21.119999999999173,21.117999999999174,0.031710783237783112,0.011853807316282518,0
21.139999999999162,21.137999999999163,0.033061459358086437,0.012385794881791515,0
21.159999999999151,21.157999999999152,0.034367061301244034,0.01289995982420577,0
21.17999999999914,21.177999999999141,0.03562573760230376,0.013395637068894708,0
21.199999999999129,21.19799999999913,0.036835569426341086,0.013872127224601486,0
21.219999999999118,21.217999999999119,0.038633805482587623,0.014602080998904731,0
21.239999999999107,21.237999999999108,0.039071059473446391,0.014753110734868197,0
21.259999999999096,21.257999999999097,0.04006056540116678,0.015140513283712324,0
21.279999999999085,21.277999999999086,0.041077968974501604,0.015543046035895949,0
21.299999999999073,21.297999999999075,0.042037130248061341,0.015922804743447889,0
21.319999999999062,21.317999999999063,0.042929337380302607,0.016276187851106554,0
21.339999999999051,21.337999999999052,0.043754018226547557,0.0166031099575292,0
21.35999999999904,21.357999999999041,0.0445099831803452,0.016903184369733867,0
21.379999999999029,21.37799999999903,0.045195597461455544,0.017175818196200909,0
21.399999999999018,21.397999999999019,0.045809161021750637,0.017420386101266287,0
21.419999999999007,21.417999999999008,0.046667509505812339,0.017774711480322822,0
21.439999999998996,21.437999999998997,0.046793435657897398,0.017815848551226442,0
21.459999999998985,21.457999999998986,0.047164787550077844,0.017965612479374594,0
21.479999999998974,21.477999999998975,0.047491893070187023,0.018099746040575848,0
21.499999999998963,21.497999999998964,0.047732429967984824,0.01820007855451803,0
21.519999999998952,21.517999999998953,0.047884465929476386,0.018265890962849647,0
21.53999999999894,21.537999999998942,0.047948298872440578,0.018297413088438526,0
21.559999999998929,21.55799999999893,0.047922879461266853,0.018294294377798424,0
21.579999999998918,21.577999999998919,0.047806495587154746,0.018255898818592044,0
21.599999999998907,21.597999999998908,0.04768118633998368,0.018219815438889155,0
21.619999999998896,21.617999999998897,0.047307946802892874,0.018078089340325662,0
21.639999999998885,21.637999999998886,0.046909143723828366,0.017930464074805051,0
21.659999999998874,21.657999999998875,0.046415009097170577,0.017746074960039847,0
21.679999999998863,21.677999999998864,0.045816491947180057,0.017521090985763023,0
21.699999999998852,21.697999999998853,0.045112787019499528,0.017255286743928969,0
21.719999999998841,21.717999999998842,0.044302643059934338,0.016948231006438386,0
21.73999999999883,21.737999999998831,0.043384114223029215,0.016599185534541025,0
21.759999999998819,21.75799999999882,0.042414470551293645,0.016233890107973853,0
21.779999999998807,21.777999999998809,0.041250704213075737,0.015790923165736877,0
21.799999999998796,21.797999999998797,0.040011616238612872,0.015318565804460385,0
21.819999999998785,21.817999999998786,0.038625222004830012,0.014786332684999372,0
21.839999999998774,21.837999999998775,0.037062773829256587,0.014183865997912281,0
21.859999999998763,21.857999999998764,0.035477102912738145,0.013577197280031315,0
21.879999999998752,21.877999999998753,0.033731753604590374,0.012907329501819003,0
21.899999999998741,21.897999999998742,0.031859575623880636,0.01218841464534094,0
21.91999999999873,21.917999999998731,0.02986033052934128,0.011420301310548817,0
21.939999999998719,21.93799999999872,0.027730180299170272,0.010601376169960158,0
21.959999999998708,21.957999999998709,0.025466027212417107,0.0097303589248869879,0
21.979999999998697,21.977999999998698,0.023065343849813978,0.0088062022569951326,0
21.999999999998685,21.997999999998687,0.020525844230997955,0.0078279326005524525,0
22.019999999998674,22.017999999998676,0.017800816141671782,0.0067732568672632595,0
22.039999999998663,22.037999999998664,0.015000124996056996,0.0056944151129602848,0
22.059999999998652,22.057999999998653,0.011942495691049666,0.0045055736390159232,0
22.079999999998641,22.077999999998642,0.0089161454266128218,0.00333954316984672,0
22.09999999999863,22.097999999998631,0.0055805960555975337,0.0020302547512164172,0
22.119999999998619,22.11799999999862,0.0022697556412152875,0.00070160676233569806,0
22.139999999998608,22.137999999998609,0.0016189696652030015,0.00054308506658201964,0
22.159999999998597,22.157999999998598,0.0039465671334594924,0.001502623124181385,0
22.179999999998586,22.177999999998587,0.0058271637192879771,0.0019106343785723293,0
22.199999999998575,22.197999999998576,0.0079897206780355137,0.0023527046100505849,0
22.219999999998564,22.217999999998565,0.010133411555551657,0.0028991854680858607,0
22.239999999998552,22.237999999998554,0.012361838347576854,0.0035946681819327068,0
22.259999999998541,22.257999999998543,0.014125328257414142,0.0041821447602561823,0
22.27999999999853,22.277999999998531,0.015985451140795297,0.0047674819162337092,0
22.299999999998519,22.29799999999852,0.017782083558533824,0.0053252490199955553,0
22.319999999998508,22.317999999998509,0.019493861664844493,0.0058532752119445095,0
22.339999999998497,22.337999999998498,0.021122764345832951,0.0063533686356724017,0
22.359999999998486,22.357999999998487,0.022808558350857898,0.0068483756731087383,0
22.379999999998475,22.377999999998476,0.024094884999759703,0.0072657860000931692,0
22.399999999998464,22.397999999998465,0.025484837171571701,0.0076917682570240356,0
22.419999999998453,22.417999999998454,0.026819989777849634,0.0080975255053922276,0
22.439999999998442,22.437999999998443,0.028081037032495138,0.0084804430307220229,0
22.459999999998431,22.457999999998432,0.029269938818427221,0.0088416441654675746,0
22.479999999998419,22.477999999998421,0.030389452225636777,0.009182134551050148,0
22.499999999998408,22.497999999998409,0.031441419557749414,0.0095025954266294271,0
22.519999999998397,22.517999999998398,0.032427239850084874,0.0098035457604961958,0
22.539999999998386,22.537999999998387,0.033348154282993168,0.010085431207224738,0
22.559999999998375,22.557999999998376,0.034205336756741811,0.010348657534449295,0
22.579999999998364,22.577999999998365,0.034999918437742736,0.010593603554236393,0
22.599999999998353,22.597999999998354,0.035732996990297729,0.01082062766540931,0
22.619999999998342,22.617999999998343,0.036405642900005392,0.011030072131604698,0
22.639999999998331,22.637999999998332,0.037018904803031501,0.011222266188880808,0
22.65999999999832,22.657999999998321,0.037573813913261964,0.011397528357223023,0
22.679999999998309,22.67799999999831,0.038071387544721773,0.011556168161081716,0
22.699999999998298,22.697999999998299,0.038512631840708578,0.011698487404081487,0
22.719999999998286,22.717999999998288,0.038898543861106756,0.011824781123562191,0
22.739999999998275,22.737999999998276,0.03923011315278141,0.011935338302719783,0
22.759999999998264,22.757999999998265,0.039508322951393844,0.01203044242111812,0
22.779999999998253,22.777999999998254,0.039734151081543635,0.012110371878408441,0
22.799999999998242,22.797999999998243,0.039908570658056447,0.012175400339105405,0
22.819999999998231,22.817999999998232,0.039765812900756585,0.012162088742688539,0
22.83999999999822,22.837999999998221,0.04018231653168524,0.012273561754675977,0
22.859999999998209,22.85799999999821,0.040228614799531555,0.012301551639087038,0
22.879999999998198,22.877999999998199,0.040188760233485131,0.012306634024656659,0
22.899999999998187,22.897999999998188,0.040106701298474962,0.012298503622514398,0
22.919999999998176,22.917999999998177,0.039983986885938065,0.012277833726564038,0
22.939999999998165,22.937999999998166,0.039819247706548225,0.012244534854632016,0
22.959999999998153,22.957999999998155,0.039612337590688509,0.012198688713157078,0
22.979999999998142,22.977999999998143,0.039363752188281517,0.012140469615051355,0
22.999999999998131,22.997999999998132,0.039074181668347148,0.012070072357903345,0
23.01999999999812,23.017999999998121,0.038744376237554334,0.011987694273949341,0
23.039999999998109,23.03799999999811,0.038375120722913075,0.011893534771942145,0
23.059999999998098,23.057999999998099,0.03796723066385059,0.01178779687154375,0
23.079999999998087,23.077999999998088,0.037521549205306912,0.011670687688487931,0
23.099999999998076,23.097999999998077,0.037038942862601607,0.011542418089780336,0
23.119999999998065,23.117999999998066,0.036520297120346497,0.011403202026460073,0
23.139999999998054,23.137999999998055,0.035966512587623248,0.011253255846709555,0
23.159999999998043,23.157999999998044,0.035378501920364958,0.011092797716840392,0
23.179999999998032,23.177999999998033,0.034757187529546783,0.010922047186779617,0
23.19999999999802,23.197999999998022,0.034103499985341519,0.010741224895894902,0
23.219999999998009,23.21799999999801,0.033418377002444995,0.010550552399562107,0
23.239999999997998,23.237999999997999,0.032702762928218096,0.01035025209734804,0
23.259999999997987,23.257999999997988,0.031957608632711104,0.010140547232743996,0
23.279999999997976,23.277999999997977,0.031183871771790325,0.0099216619569575861,0
23.299999999997965,23.297999999997966,0.030382517372086616,0.009693821428282871,0
23.319999999997954,23.317999999997955,0.02955451874061767,0.0094572519434465117,0
23.339999999997943,23.337999999997944,0.028700858714921427,0.0092121810902878101,0
23.359999999997932,23.357999999997933,0.02782253128496404,0.0089588379117924669,0
23.379999999997921,23.377999999997922,0.026482520053681034,0.0085122072829446581,0
23.39999999999791,23.397999999997911,0.026555576108223598,0.008608775240283412,0
23.419999999997898,23.4179999999979,0.024686415633289775,0.0080021321929696666,0
23.439999999997887,23.437999999997889,0.024126033233965592,0.007854494717180565,0
23.459999999997876,23.457999999997877,0.02320866620616455,0.0076013466865311697,0
23.479999999997865,23.477999999997866,0.022199114578702224,0.0073128854206872332,0
23.499999999997854,23.497999999997855,0.021163916253154145,0.0070085505546558366,0
23.519999999997843,23.517999999997844,0.020113671228924476,0.006694192948107614,0
23.539999999997832,23.537999999997833,0.019050360486967229,0.006372380013415677,0
23.559999999997821,23.557999999997822,0.017975494033525621,0.006044599076490755,0
23.57999999999781,23.577999999997811,0.016890698514838938,0.0057117440799170074,0
23.599999999997799,23.5979999999978,0.01579762807836628,0.0053743293154932528,0
23.619999999997788,23.617999999997789,0.014698035285043766,0.0050326450631123336,0
23.639999999997777,23.637999999997778,0.013593936363170503,0.0046868688046349258,0
23.659999999997765,23.657999999997767,0.012487817905578314,0.0043371362189451451,0
23.679999999997754,23.677999999997756,0.011382902729599305,0.0039835817810577297,0
23.699999999997743,23.697999999997744,0.010283538509485676,0.0036263590901909658,0
23.719999999997732,23.717999999997733,0.0087048821180054498,0.003009037983761253,0
23.739999999997721,23.737999999997722,0.0086251755967285161,0.003113066295609505,0
23.75999999999771,23.757999999997711,0.0068077699387948951,0.0023669539571970471,0
23.779999999997699,23.7779999999977,0.0061305507566572796,0.0021322450384719588,0
23.799999999997688,23.797999999997689,0.0056699116800235354,0.0020581064857303167,0
23.819999999997677,23.817999999997678,0.004386657971851054,0.0013221744999967352,0
23.839999999997666,23.837999999997667,0.0039862516796046951,0.0010184222048221178,0
23.859999999997655,23.857999999997656,0.0038414734659186303,0.0010881738837978387,0
23.879999999997644,23.877999999997645,0.0043057387230990823,0.0013265835746610244,0
23.899999999997632,23.897999999997634,0.0044493511246937378,0.0013064216516271636,0
23.919999999997621,23.917999999997622,0.0052968002380938206,0.0014856476344108976,0
23.93999999999761,23.937999999997611,0.0062225410396129629,0.0016344355871881159,0
23.959999999997599,23.9579999999976,0.0076273123716576888,0.0019091969105835594,0
23.979999999997588,23.977999999997589,0.0079063144681166559,0.001791535371071345,0
23.999999999997577,23.997999999997578,0.0098065140616011171,0.0023916220848243662,0
24.019999999997566,24.017999999997567,0.010436222118903979,0.0024486931287815332,0
24.039999999997555,24.037999999997556,0.011510388142986591,0.0027589937433047215,0
24.059999999997544,24.057999999997545,0.012645404445899296,0.0031543982808736695,0
24.079999999997533,24.077999999997534,0.013774038046542305,0.003535231254938783,0
24.099999999997522,24.097999999997523,0.014890453437067621,0.0039062086635054533,0
24.119999999997511,24.117999999997512,0.015996134409577499,0.0042711308107936099,0
24.139999999997499,24.137999999997501,0.017091510018783684,0.0046319844521306233,0
24.159999999997488,24.157999999997489,0.018175922650951894,0.0049895556705602025,0
24.179999999997477,24.177999999997478,0.01924821358906605,0.0053439496149887099,0
24.199999999997466,24.197999999997467,0.020307023766296544,0.0056949034915286662,0
24.219999999997455,24.217999999997456,0.021350920878621414,0.0060419683801370937,0
24.239999999997444,24.237999999997445,0.02237845853020709,0.0063846149200988984,0
24.259999999997433,24.257999999997434,0.023388207259436855,0.0067222928435160395,0
24.279999999997422,24.277999999997423,0.024378770236369342,0.0070544617625655113,0
24.299999999997411,24.297999999997412,0.02534878912999192,0.0073806043911303736,0
24.3199999999974,24.317999999997401,0.026296943762451393,0.0077002296398159999,0
24.339999999997389,24.33799999999739,0.027704800715724641,0.0081291946126308533,0
24.359999999997378,24.357999999997379,0.028108382589802573,0.0083251168823400903,0
24.379999999997366,24.377999999997368,0.028947440725622085,0.0086104489051539671,0
24.399999999997355,24.397999999997356,0.029817976684323594,0.0089012689658966807,0
24.419999999997344,24.417999999997345,0.030655663503682769,0.0091835268887280261,0
24.439999999997333,24.437999999997334,0.031457513788170986,0.0094560147376710982,0
24.459999999997322,24.457999999997323,0.032225465389753238,0.0097186773312471237,0
24.479999999997311,24.477999999997312,0.032959818046734951,0.009971240554784034,0
24.4999999999973,24.497999999997301,0.033659971658292057,0.010213313692761851,0
24.519999999997289,24.51799999999729,0.034325066582975752,0.010444490996908268,0
24.539999999997278,24.537999999997279,0.034954175421256742,0.010664375464018182,0
24.559999999997267,24.557999999997268,0.035937281129872031,0.011017829581113506,0
24.579999999997256,24.577999999997257,0.036099830002931155,0.011079546541837956,0
24.599999999997245,24.597999999997246,0.036577335691010203,0.011237394483723779,0
24.619999999997233,24.617999999997235,0.037065239426898627,0.011406390336098558,0
24.639999999997222,24.637999999997223,0.037512712859519931,0.011567123238030672,0
24.659999999997211,24.657999999997212,0.037914739816597202,0.011714912754103345,0
24.6799999999972,24.677999999997201,0.038271063670280603,0.011848263338332278,0
24.699999999997189,24.69799999999719,0.038754423119870512,0.012064224871175927,0
24.719999999997178,24.717999999997179,0.038870969931889932,0.012080626611433264,0
24.739999999997167,24.737999999997168,0.039061669228963453,0.012146361682125901,0
24.759999999997156,24.757999999997157,0.039229932467133098,0.012215248506438885,0
24.779999999997145,24.777999999997146,0.03935229892811417,0.012272533810357453,0
24.799999999997134,24.797999999997135,0.039580582058716486,0.012397756747262985,0
24.819999999997123,24.817999999997124,0.039463733696512932,0.012343202381764696,0
24.839999999997112,24.837999999997113,0.039410417992784039,0.012333118543447815,0
24.8599999999971,24.857999999997102,0.039407966940191115,0.012377603180120243,0
24.879999999997089,24.87799999999709,0.039214860462277713,0.012298339638007156,0
24.899999999997078,24.897999999997079,0.039007907697109948,0.012241385303005703,0
24.919999999997067,24.917999999997068,0.038754402909301496,0.012175777254299592,0
24.939999999997056,24.937999999997057,0.03844391033207778,0.012092154900167188,0
24.959999999997045,24.957999999997046,0.038073509059457916,0.011988291365953755,0
24.979999999997034,24.977999999997035,0.037642149381343269,0.011863776679254845,0
24.999999999997023,24.997999999997024,0.037149065286598705,0.011718492995012637,0
25.019999999997012,25.017999999997013,0.036737035785143868,0.011637699454651722,0
25.039999999997001,25.037999999997002,0.035884139670078495,0.01128820646214041,0
25.05999999999699,25.057999999996991,0.035274931512800582,0.011141515781524626,0
25.079999999996978,25.07799999999698,0.034544303945181223,0.010927278263369941,0
25.099999999996967,25.097999999996969,0.03373183810894799,0.010677525733188836,0
25.119999999996956,25.117999999996957,0.032848977851396129,0.010402581834470752,0
25.139999999996945,25.137999999996946,0.031897697421110073,0.010104883932601873,0
25.159999999996934,25.157999999996935,0.030877467522437922,0.0097846066865087122,0
25.179999999996923,25.177999999996924,0.029787262412012742,0.0094414366504038515,0
25.199999999996912,25.197999999996913,0.028626017157193578,0.0090750094154273264,0
25.219999999996901,25.217999999996902,0.027392694175290409,0.0086849798198663491,0
25.23999999999689,25.237999999996891,0.026086278528761473,0.0082710190556245112,0
25.259999999996879,25.25799999999688,0.024705770548223274,0.0078328066997606829,0
25.279999999996868,25.277999999996869,0.023250183951475479,0.0073700266667248576,0
25.299999999996857,25.297999999996858,0.02171854798453797,0.0068823655405436017,0
25.319999999996845,25.317999999996847,0.019957071491101781,0.0062857974205226715,0
25.339999999996834,25.337999999996835,0.01838100096915482,0.0058235458771581068,0
25.359999999996823,25.357999999996824,0.016636929330869417,0.0052782088660301646,0
25.379999999996812,25.377999999996813,0.014790939683684591,0.004688647810655179,0
25.399999999996801,25.397999999996802,0.012860581019663708,0.0040681335333970642,0
25.41999999999679,25.417999999996791,0.010775496572019084,0.0033824400048731306,0
25.439999999996779,25.43799999999678,0.008623057353383182,0.0026940238420689175,0
25.459999999996768,25.457999999996769,0.0065907932291664507,0.0020557103830868436,0
25.479999999996757,25.477999999996758,0.0042721603544280829,0.0012989520053120363,0
25.499999999996746,25.497999999996747,0.0020309883095635775,0.00054829674371960032,0
25.519999999996735,25.517999999996736,0.00098780172916334858,0.00046794052335527765,0
25.539999999996724,25.537999999996725,0.0019981505602911691,0.00059005962685699891,0
25.559999999996712,25.557999999996714,0.001746919328408574,0.00048947739794075152,0
25.579999999996701,25.577999999996702,0.0014576048130941657,0.00048073493791930312,0
25.59999999999669,25.597999999996691,0.001209099284240191,0.00048620982329594843,0
25.619999999996679,25.61799999999668,0.0011414270323210302,0.00047021407258698004,0
25.639999999996668,25.637999999996669,0.0010864408113147195,0.00047298428731712693,0
25.659999999996657,25.657999999996658,0.0010347721990439029,0.00047437248059412562,0
25.679999999996646,25.677999999996647,0.00096507865273950987,0.00046685834403439587,0
25.699999999996635,25.697999999996636,0.00097079971436897744,0.0004682827197137711,0
25.719999999996624,25.717999999996625,0.00097084891835625103,0.00046795591737839665,0
25.739999999996613,25.737999999996614,0.00096903384453264337,0.00046767257499537751,0
25.759999999996602,25.757999999996603,0.00096658729946650572,0.0004677910856966638,0
25.779999999996591,25.777999999996592,0.00096382595186925168,0.00046822814025809767,0
25.799999999996579,25.797999999996581,0.00096089489755375626,0.00046882194459796274,0
25.819999999996568,25.817999999996569,0.00095792953304656397,0.00046943580744951706,0
25.839999999996557,25.837999999996558,0.00095506229392251535,0.00046997626523806631,0
25.859999999996546,25.857999999996547,0.00095240802858649349,0.00047038854917600678,0
25.879999999996535,25.877999999996536,0.00095005515720625474,0.0004706480389446504,0
25.899999999996524,25.897999999996525,0.00094806383855497412,0.00047075212288497971,0
25.919999999996513,25.917999999996514,0.00094646799015132659,0.00047071320305590384,0
25.939999999996502,25.937999999996503,0.0009452785643393357,0.00047055291828446431,0
25.959999999996491,25.957999999996492,0.00094448683181407684,0.00047029754015488165,0
25.97999999999648,25.977999999996481,0.00094406744933248283,0.00046997449314864888,0
25.999999999996469,25.99799999999647,0.00094398153841019337,0.00046960991442336283,0
26.019999999996458,26.017999999996459,0.00094418001249007698,0.00046922708035931779,0
26.039999999996446,26.037999999996448,0.00094460719799204179,0.00046884556685728053,0
26.059999999996435,26.057999999996436,0.00094520457510032527,0.00046848095993525744,0
26.079999999996424,26.077999999996425,0.00094591435502829144,0.00046814492918180201,0
26.099999999996413,26.097999999996414,0.00094668257946817582,0.00046784558328939182,0
26.119999999996402,26.117999999996403,0.00094746151910892536,0.00046758793142415487,0
26.139999999996391,26.137999999996392,0.00094821125083195191,0.00046737441759020558,0
26.15999999999638,26.157999999996381,0.00094890041798633513,0.00046720543818498222,0
26.179999999996369,26.17799999999637,0.00094950627155124148,0.00046707983046666984,0
26.199999999996358,26.197999999996359,0.00095001413982154378,0.00046699528516983891,0
26.219999999996347,26.217999999996348,0.00095041650129745975,0.00046694869491347297,0
26.239999999996336,26.237999999996337,0.00095071183207977598,0.00046693644047810412,0
26.259999999996325,26.257999999996326,0.00095090336960961062,0.000466954602951242,0
26.279999999996313,26.277999999996315,0.00095099790387189278,0.00046699912572977572,0
26.299999999996302,26.297999999996303,0.00095100467500298187,0.00046706594650708193,0
26.319999999996291,26.317999999996292,0.00095093442318281156,0.00046715107893069283,0
26.33999999999628,26.337999999996281,0.00095079860712120367,0.0004672506815475995,0
26.359999999996269,26.35799999999627,0.00095060879851822857,0.00046736110369248587,0
26.379999999996258,26.377999999996259,0.00095037622706041361,0.00046747893232806622,0
26.399999999996247,26.397999999996248,0.00095011146858579301,0.00046760101412153982,0
26.419999999996236,26.417999999996237,0.00094982424246571259,0.0004677244772435828,0
26.439999999996225,26.437999999996226,0.00094952329442999001,0.00046784676025259857,0
26.459999999996214,26.457999999996215,0.00094921634755859422,0.00046796561873249307,0
26.479999999996203,26.477999999996204,0.00094891009300637611,0.0004680791418556005,0
26.499999999996191,26.497999999996193,0.00094861021808720727,0.00046818575869094723,0
26.51999999999618,26.517999999996182,0.00094832144490474587,0.00046828423076830883,0
26.539999999996169,26.53799999999617,0.00094804758029273404,0.00046837366015832726,0
26.559999999996158,26.557999999996159,0.00094779157710252811,0.00046845346760421161,0
26.579999999996147,26.577999999996148,0.0009475555865191002,0.00046852337873391027,0
26.599999999996136,26.597999999996137,0.0009473410198574232,0.00046858340806296391,0
26.619999999996125,26.617999999996126,0.00094714860871894556,0.00046863382392883091,0
26.639999999996114,26.637999999996115,0.00094697846187800688,0.00046867511893571701,0
26.659999999996103,26.657999999996104,0.00094683013260131162,0.00046870798150905568,0
26.679999999996092,26.677999999996093,0.00094670268134006445,0.0004687332531186675,0
26.699999999996081,26.697999999996082,0.00094659474257551847,0.00046875189726770301,0
26.71999999999607,26.717999999996071,0.00094650459638198734,0.00046876495819362307,0
26.739999999996058,26.73799999999606,0.00094643024053698839,0.0004687735266446526,0
26.759999999996047,26.757999999996049,0.00094636946376413145,0.00046877870821638781,0
26.779999999996036,26.777999999996037,0.00094631991756971719,0.00046878158554690327,0
26.799999999996025,26.797999999996026,0.00094627918745665519,0.00046878320030536281,0
26.819999999996014,26.817999999996015,0.00094624486037369455,0.0004687845276717755,0
26.839999999996003,26.837999999996004,0.00094621458804674066,0.00046878644651365364,0
26.859999999995992,26.857999999995993,0.00094618614107872076,0.00046878973764573535,0
26.879999999995981,26.877999999995982,0.00094615745871662099,0.00046879506890253498,0
26.89999999999597,26.897999999995971,0.00094612668691971841,0.00046880298457766407,0
26.919999999995959,26.91799999999596,0.00094609221116446303,0.00046881390632322973,0
26.939999999995948,26.937999999995949,0.00094605267435589433,0.00046882813172210649,0
26.959999999995937,26.957999999995938,0.00094600699300557869,0.00046884584454866062,0
26.979999999995925,26.977999999995927,0.00094595435651352101,0.00046886711528510246,0
26.999999999995914,26.997999999995915,0.00094589422410695182,0.00046889191281596841,0
