time_s,fresh_state_index,base_translation_drift_m,robot_target_minimum_m,robot_target_minimum_censored,continuum_sphere_minimum_m,continuum_actual_minus_task_base_m,continuum_orientation_to_Task_deg,rigid_position_to_terminal_Task_grasp_m,rigid_orientation_to_terminal_Task_grasp_deg,base_orientation_drift_deg,rigid_actual_x_m,rigid_actual_y_m,rigid_actual_z_m,continuum_actual_x_m,continuum_actual_y_m,continuum_actual_z_m,continuum_Task_base_x_m,continuum_Task_base_y_m,continuum_Task_base_z_m
0,0,0,0.38088294669604594,0,0.09623181754614954,0,0,0.36809455434513894,5.2630142203192084e-06,0,1.1944940203126171,-0.56820370359434225,0.095991255573481288,1.9300000000000013,0.62599999999999989,5.3857741901253149e-09,1.9300000000000013,0.62599999999999989,5.3857741901253149e-09
0.02,10,1.5356588863522482e-05,0.37995938967498594,0,0.096209636555271705,6.7831938370059385e-05,0.0018714379462708344,0.36715914251623316,0.00527461994540786,0.0076109997331237373,1.1943690384659444,-0.56726120698975779,0.095800998743200735,1.9300662998942009,0.6259862925116042,-3.3276051566022035e-07,1.9299998788978392,0.6260000514636882,5.3857731542258737e-09
0.040000000000000001,20,5.6575124115213976e-05,0.37749053458271581,0,0.096168609154569151,0.00024652094015107723,0.0066434391597916548,0.3646620287613262,0.011617517912844518,0.027903128966270598,1.1941086866555668,-0.56477424970431378,0.095364591304831312,1.9302435439485988,0.62596902007264954,-1.9900082657091608e-06,1.9299990376500789,0.62600040896112497,5.3857659582512541e-09
0.059999999999999998,30,0.00012157630179027103,0.37360966404859175,0,0.096135667990115331,0.0005275703117302384,0.013475896569026466,0.3607508190096701,0.01100701939928374,0.059613539276861478,1.1937696843642793,-0.5608717795141096,0.094859003299751554,1.9305231455889942,0.6259664249034711,-6.4725129892530662e-06,1.9299967738183768,0.62600137100116715,5.3857465935928994e-09
0.080000000000000002,40,0.00019927081053006554,0.36895388919839617,0,0.096117491849121356,0.00086908931641602389,0.019115338397842484,0.35607033889544948,0.0086656228448642927,0.096941301839369082,1.1936132766865291,-0.55619351641453185,0.09437455178398961,1.9308608513057142,0.62597166324173004,-1.0921701218813119e-05,1.929992404123769,0.62600322795068353,5.3857092155302492e-09
0.10000000000000001,50,0.00027656798740018052,0.36419723372033358,0,0.096112784290771774,0.0012129481316950838,0.021253899026642514,0.35129016439472832,0.0079018084485542855,0.13361775081535221,1.1936189056341135,-0.55141520493683649,0.093893252782206102,1.9311977935016225,0.62597830492379358,-1.5305931893862987e-05,1.9299852642732838,0.6260062621082384,5.3856481417475893e-09
0.12,60,0.00035006129913521842,0.35947280285341687,0,0.096116034272439366,0.001537309704235364,0.019417819143201561,0.34654003574507813,0.0070881378247474765,0.1682025527085679,1.1936117726233253,-0.54666912232258635,0.093393086056478003,1.9315117235534194,0.62598667864221191,-1.8089085468452319e-05,1.9299747087865522,0.62601074777777421,5.3855578508509032e-09
0.14000000000000001,70,0.00042196795334983558,0.35475688607916683,0,0.096113096084101568,0.001843184723571055,0.014232224644935343,0.34179603479491705,0.0058223157524573445,0.20181820743923234,1.193599491793665,-0.54193133581417197,0.092873178930204428,1.9318031213584161,0.62599699056485658,-1.5604123885791672e-05,1.9299601108224211,0.62601695134229485,5.385432980884726e-09
0.16,80,0.00049557285961159177,0.35004212656964029,0,0.096090522691565899,0.0021372164279069281,0.0084753849774530481,0.33705239893521688,0.0048166528424498012,0.23629193923251343,1.193585379377873,-0.53719484999847389,0.092344589334589514,1.9320779933617995,0.62600848275509513,-9.2924971402827114e-06,1.9299408620055651,0.626025131337549,5.3852683278489885e-09
0.17999999999999999,90,0.00057209733626306777,0.34532733238171753,0,0.096040632556779554,0.0024189181424334005,0.0040414206817841114,0.33230913703282428,0.0046765898634096624,0.27235703972450526,1.1935708855814591,-0.532458779291759,0.091815528340633321,1.9323352445481421,0.62602079716645787,-2.1141409210271689e-06,1.9299163722530983,0.62603553852571314,5.385058844215873e-09
0.20000000000000001,100,0.00065076415413224198,0.34061354023653662,0,0.095960240912987355,0.0026777598169405426,0.0010954897377842879,0.32756738459790363,0.0054170520282554148,0.30958142866566413,1.1935567018719353,-0.52772416557071855,0.091286937433986318,1.9325637702759713,0.62603142322902905,5.2950217370349762e-06,1.9298860696011855,0.62604841596907457,5.3847996374466621e-09
0.22,110,0.00073061198852258696,0.33590031364969575,0,0.095855406983804819,0.0028994921519228107,0.00067860881240094288,0.32282662914854432,0.0067211937690038097,0.34740894213176332,1.1935434570539243,-0.52299042853101763,0.090759434020645346,1.9327488028628297,0.6260445440955742,1.1814884817681903e-05,1.9298494000316553,0.62606399910371469,5.3844859685085912e-09
0.23999999999999999,120,0.00081062952211433104,0.33118619067568522,0,0.095734243069407476,0.0030669779948805627,0.0009267271482099786,0.31808520940941726,0.0080736396979571544,0.38526292453332467,1.1935315275964753,-0.51825582266425874,0.090233714116568317,1.9328727007163986,0.62606336728309564,1.6582300239015278e-05,1.9298058272986116,0.62608251581319219,5.3841132503916958e-09
0.26000000000000001,130,0.00088986666909825879,0.32646946611202809,0,0.095603880768864308,0.0031607773738794205,0.00051959825200826606,0.31334114759757697,0.0090265751718420547,0.42261488143265863,1.1935211056504871,-0.51351841898698725,0.08970923577258752,1.9329154985276433,0.62608598181048136,1.9346282231723446e-05,1.9297548327550458,0.62610418650222621,5.3836770466256656e-09
0.28000000000000003,140,0.0009677758685631456,0.32174861961687862,0,0.095471552357632355,0.0031595485980017175,0.0012239076751419198,0.3085927300350888,0.0093506870774697909,0.45916784131639893,1.1935126945007473,-0.5087765800066959,0.08918523919749459,1.9328553516973705,0.62611178794303091,2.0110365792430521e-05,1.9296959151794477,0.62612922417037942,5.3831730697966926e-09
0.29999999999999999,150,0.0010442966135727429,0.31702344287247985,0,0.095345435538034512,0.0030518118482938928,0.0024240045707064864,0.30383973668638592,0.0090490042670846524,0.49489366157597398,1.1935065056604801,-0.50403011409784326,0.08866146996114406,1.9326802526277653,0.62613471280471822,1.9494567085503098e-05,1.9296285906024189,0.62615783448574103,5.3825971800643251e-09
0.32000000000000001,160,0.001119714893601088,0.31229332032440382,0,0.095237523355331949,0.002838541375819543,0.0033258528567094237,0.29908159315596822,0.0082612650437801152,0.52994546691885602,1.1935032468901399,-0.49927847091283173,0.088137723172118723,1.9323906953586596,0.62615826357047033,1.8198631850737985e-05,1.9295523921332836,0.62619021585861012,5.3819453836783143e-09
0.34000000000000002,170,0.0011944720363677248,0.3075567879021468,0,0.095157240659267672,0.0025247552754740984,0.0037772356824245547,0.29431690415098011,0.0071736129651055964,0.56455230807147783,1.1935040651756375,-0.49452027739338889,0.087613795408149939,1.9319913610612522,0.62619407188533349,1.6665503009411183e-05,1.9294668697867015,0.62622655951517903,5.3812138314954675e-09
0.35999999999999999,180,0.0012690039875086776,0.30281353337131561,0,0.095098786081129066,0.0021147447181813629,0.0039350154132725326,0.28954543963069479,0.0059762707490998435,0.59894676166283933,1.1935091608829105,-0.48975531677745843,0.087089580071172651,1.9314860929815174,0.62623882088878302,1.5065714379248504e-05,1.9293715903092787,0.62626704957121571,5.3803988174965001e-09
0.38,190,0.0013437375150313418,0.29806344778170429,0,0.095052150112786032,0.0016145623050274273,0.0039625124085313108,0.28476719259023292,0.0048509897946014341,0.63336433812357318,1.1935184791877347,-0.48498356992605451,0.086565199569950152,1.9308804571960112,0.62628693776719591,1.2673805578195682e-05,1.9292661370061808,0.62631186310574805,5.3794967773028821e-09
0.40000000000000002,200,0.0014190870599751733,0.29330788035194766,0,0.0950158437340268,0.0010869019971711984,0.0037983809019582477,0.27998355990168777,0.0039354031053154635,0.66801270542306423,1.1935312109665979,-0.48020645397301359,0.086040510612784532,1.9302367092673307,0.62633790028034053,1.07549614784141e-05,1.9291501095677437,0.62636117023474569,5.3785042866936928e-09
0.41999999999999998,210,0.0014952913081617599,0.28854852503936257,0,0.094986099269484231,0.00059754458863806915,0.0033862481825235272,0.27519625561172539,0.0032853815624468083,0.70300387402024755,1.1935464251285994,-0.47542569090196213,0.08551548716663912,1.9296201388161403,0.62639201159692415,9.9082342662856973e-06,1.9290231238960867,0.62641513418480443,5.3774180601224706e-09
0.44,220,0.0015724103170301372,0.28378642390484676,0,0.094961897761683872,0.00017387797521235167,0.0029423881498688545,0.270406331220086,0.0029046644270896791,0.73836866644383026,1.1935636232450635,-0.47064232576812337,0.084990220554253509,1.9290571537260572,0.62645145970272653,5.2759519924338065e-06,1.9288848119317235,0.6264739113668284,5.3762349492340606e-09
0.46000000000000002,230,0.0016503988399570544,0.27902299977268225,0,0.094940804946126112,0.00016722538641039377,0.0025611592860564488,0.26561519113033988,0.0027526165507644066,0.77407985684503122,1.1935821316632507,-0.46585776295414255,0.084464748814046822,1.9285689542316979,0.62651648172277619,-2.0509334829434073e-06,1.9287348214801743,0.62653765144971385,5.3749519413814709e-09
0.47999999999999998,240,0.0017242514871038295,0.27451326783002622,0,0.094919762660736429,0.00041930393910564068,0.0022503915352531179,0.2610782099165212,0.0027409059595225327,0.80790533603482717,1.193533594289949,-0.46132701218199096,0.083951775606705623,1.9281541338189288,0.62658521079670082,-8.2330346336155477e-06,1.9285728160385787,0.62660649743403185,5.3735661581427185e-09
0.5,250,0.0017884552957740827,0.27053393261733288,0,0.094900650851657747,0.00059221014310439327,0.0019942427212244055,0.25707247586098797,0.0027706663633679371,0.83741095479511907,1.1933369350555447,-0.45732677918569764,0.083463018528880453,1.9278068026496358,0.62665907943656518,-1.3208631092391431e-05,1.9283984746223057,0.62668058572571184,5.3720748538376821e-09
0.52000000000000002,260,0.0018429304209023581,0.26707667926055378,0,0.09488247255898008,0.0006723310874623533,0.0017472502180947899,0.25358998709396136,0.0028077342973877564,0.86258059550880739,1.1929796682352467,-0.45384874452273466,0.082995626354473009,1.9275396717048472,0.62673936260233309,-1.6098025421409475e-05,1.9282114915915685,0.62676004620972448,5.3704754140449524e-09
0.54000000000000004,270,0.0018893615175853327,0.26404032421165408,0,0.094864491403703843,0.00064816210116561222,0.0014955409447024472,0.2505307952241404,0.0028547285100074715,0.88416139787344827,1.1924756546136954,-0.45079173271739764,0.082549388955340836,1.9273638758890603,0.62682517887896105,-1.431550648637022e-05,1.928011576478033,0.62684500232376494,5.3687653541186824e-09
0.56000000000000005,280,0.0019289201915907491,0.26134950565708914,0,0.094853831049250631,0.00053218158367378536,0.0012656427614138772,0.24782108933545771,0.0029057520975195633,0.90266801175463496,1.1918343156883309,-0.44808038151289203,0.082126327217998132,1.9272667100032537,0.62691664207277642,-1.0360499341369679e-05,1.927798453811433,0.6269355711319361,5.3669423177054403e-09
0.57999999999999996,290,0.0019625304551831543,0.25894118462451665,0,0.094851977192850601,0.00039196829514150626,0.0010766515604403492,0.2453992118820898,0.0029611755216674041,0.91852495412706225,1.1910631629943655,-0.44565164997755136,0.081725878250647449,1.9271803777340719,0.62701387540194897,-7.4044311728419361e-06,1.92757186294618,0.62703186339843131,5.365004075261057e-09
0.59999999999999998,300,0.0019910504146508209,0.25676161641863438,0,0.09485584748866796,0.00026992512987817664,0.00091783645204868071,0.24321294519855521,0.0030350744103420399,0.93212354450979662,1.1901682324715197,-0.44345180093685399,0.081347716949288995,1.9270622453341582,0.62711660884534859,-5.3275414450908897e-06,1.9273315578879762,0.62713398366121809,5.362948522567478e-09
0.62,310,0.0020152865972012822,0.25476367907503716,0,0.094864851014158286,0.00017040271051154193,0.00078175740911584374,0.24121660526821814,0.0031298051639934259,0.94381887050365676,1.1891543843518648,-0.44143372565430916,0.080989541206112153,1.9269078086159539,0.62722491210368148,-3.7772164678467582e-06,1.9270773071204252,0.62724203030572112,5.3607736792496166e-09
0.64000000000000001,320,0.0020360620428023458,0.25290235838194242,0,0.094878784110005054,9.5894335279770825e-05,0.0006630122712219114,0.23936551887292801,0.0032333802357032769,0.95398434247228525,1.1880258958188994,-0.43955241101784587,0.080637531022905606,1.9267145822754217,0.62733894588822192,-2.6433044972480026e-06,1.9268088934316463,0.62735609563850503,5.3584776872921996e-09
0.66000000000000003,330,0.0020541598767234415,0.25113723720035913,0,0.094897604634178373,4.2762636556842598e-05,0.00056078827176013208,0.23762004049297364,0.0033382014595615545,0.96297248893029141,1.1867873616433149,-0.43776743649067096,0.08028093962508126,1.9264870680063961,0.62745892055948771,-1.7865009243961392e-06,1.9265261137408838,0.62747626596095796,5.3560588095566234e-09
0.68000000000000005,340,0.0020702625993414435,0.24943320956989656,0,0.094921325996108946,1.7719608243565087e-05,0.00047459371747075836,0.23594677358445185,0.0034405662731924851,0.97108067618119775,1.1854439854582874,-0.43604370567590794,0.079917202920124178,1.9262304189677801,0.6275850137283332,-1.1154133487980843e-06,1.9262287789251207,0.62760262164297453,5.3535154282977997e-09
0.70000000000000007,350,0.002085007169532891,0.24775801656588303,0,0.094949966914479489,3.6239789338878673e-05,0.00040293593743225556,0.23431519528426797,0.0035356316073455727,0.978584524428049,1.184001422886376,-0.43434896133401701,0.079543663490450181,1.9259482325205151,0.62771736189972138,-5.9182683603192757e-07,1.9259167136456898,0.62773523719663904,5.3508460436810109e-09
0.71999999999999997,360,0.0020989932232065543,0.24608187631052839,0,0.094983532147282251,5.6220585095502471e-05,0.00034414597957052823,0.23269728590679198,0.0036183813532935562,0.98574148598188494,1.1824660087166419,-0.43265341688614062,0.079157895384407109,1.9256429782116786,0.62785606694607843,-1.8794454468282025e-07,1.9255897561748863,0.62787418134990869,5.3480492722987579e-09
0.73999999999999999,370,0.0021127743183012334,0.24437751135948943,0,0.095022006752584959,7.1304209259332471e-05,0.00029742709480027799,0.23106787025807854,0.0036857082981738383,0.99278343022079374,1.1808448770513706,-0.43092979901945255,0.078761062515372737,1.925316671457018,0.62800120757099198,1.3488866160994898e-07,1.9252477582225791,0.62801951712029658,5.3451238456876103e-09
0.76000000000000001,380,0.0021268074852846958,0.24262108162915072,0,0.095065355593756201,8.2241934926863264e-05,0.00026342479901720792,0.22940636233948969,0.0037387205177853481,0.99988358216779238,1.1791457038134103,-0.4291542632839771,0.078366616555190005,1.9249707259722948,0.62815283728097826,4.3039731878872034e-07,1.924890584762823,0.62817130188855475,5.34206860884506e-09
0.78000000000000003,390,0.0021415619147860045,0.24078971223154122,0,0.095113630983852226,8.9875997006649876e-05,0.0002403854245790406,0.22769241079380056,0.0037772929969315844,1.0072257193719705,1.1773774865028106,-0.42730392416571467,0.077982757551544352,1.9246060486805956,0.62831102011968887,6.5005781842027394e-07,1.9245181138604712,0.62832958747235768,5.338882518746369e-09
0.80000000000000004,400,0.002157552327753348,0.23886077087227403,0,0.095166844442259951,9.5122274636142863e-05,0.00022636758095023377,0.22590468558354976,0.0037993817481630772,1.0150256355996434,1.1755510148778152,-0.42535614410742317,0.077608088117746069,1.9242235162530428,0.62847580546339443,7.9652001143971034e-07,1.9241302364977859,0.62849442019998525,5.335564642861423e-09
0.82000000000000006,410,0.0021752795315616077,0.23681310765853136,0,0.095224974473259172,9.8453395831930981e-05,0.00022038608481879287,0.2240230406478862,0.0038040666387600995,1.0234933520500393,1.1736787732248848,-0.42328976525308781,0.077241566551845914,1.9238235286032104,0.62864722008947993,9.1018996041747817e-07,1.9237268564010519,0.62866584098400591,5.3321141576715784e-09
0.83999999999999997,420,0.0021933767810385081,0.23474548998403549,0,0.095288535463904922,9.9746407985777598e-05,0.00021194232175539298,0.22214435642836181,0.0038431945245454833,1.032036448859706,1.1717857549157951,-0.42120356314621904,0.076881785969256128,1.9234057926347328,0.62882482221286784,9.9986433023372386e-07,1.9233078898671869,0.62884388539495983,5.3285303471865157e-09
0.85999999999999999,430,0.002210676914885057,0.23274056088571302,0,0.095358515492956569,9.8842946071912366e-05,0.00020536406570687915,0.22034865680945434,0.0039514811937424038,1.0401616039487651,1.1698903915341294,-0.41918018735824014,0.076522392608272399,1.9229701718025825,0.62900914101604188,1.0516028889237209e-06,1.9228732655903551,0.62902858373504178,5.32481260146109e-09
0.88,440,0.0022279409562060829,0.23075488111690065,0,0.095435014075288649,9.841404173481715e-05,0.00020637317961379938,0.2185923482134115,0.0041002157370275735,1.0482161435311037,1.1679921345634992,-0.41717618920447191,0.076151348311951028,1.9225194141735127,0.62920062481902028,1.0879538166965552e-06,1.922422924488578,0.62921996111178502,5.3209604151121811e-09
0.90000000000000002,450,0.0022472197317180693,0.2286622556060319,0,0.095517329904087817,9.8821041289840316e-05,0.00021885268008431456,0.21675191891773163,0.0042227844790743438,1.0570911752978798,1.1660835047896969,-0.41506534795625694,0.075761610133896096,1.9220538390522885,0.62939929048424303,1.1713030780538152e-06,1.9219568195303462,0.62941803751174341,5.3169733858355448e-09
0.92000000000000004,460,0.0022677481509137142,0.22651336738080136,0,0.095605343963960948,9.8518935912270637e-05,0.00022189903922007146,0.21487736534493329,0.0043469636823618629,1.0664595136096966,1.1641730932128573,-0.41289835329391511,0.075353540295968732,1.9215716049013327,0.62960397387124611,1.301004903555236e-06,1.921474915561233,0.62962282787417556,5.3128512129226621e-09
0.94000000000000006,470,0.0022883538315337255,0.22438408566949716,0,0.095700048448709968,9.8080321697894936e-05,0.00022185304501515821,0.21304266291382398,0.004512764187272705,1.0758235059601542,1.1622707556243828,-0.4107510861817118,0.074927185498220042,1.9210733774779569,0.62981522333862217,1.4272111673319607e-06,1.9209771891305036,0.62983434216472733,5.3085936957775922e-09
0.95999999999999996,480,0.002311218300371184,0.22214386325373364,0,0.095801195530938826,9.7554658952401089e-05,0.00023451904833947,0.21111975264878111,0.0046512279686727999,1.0861203430103417,1.1603773624154146,-0.40849296133229451,0.07448152822360754,1.920559353173225,0.63003384352038272,1.555669056441078e-06,1.9204636283177301,0.63005258544911513,5.3042007324338206e-09
0.97999999999999998,490,0.0023379070273723923,0.21970474836442841,0,0.095907934116925747,9.6585479248622569e-05,0.0002495765983108388,0.20902138116227031,0.0047182700418452886,1.0980219408538261,1.1585044986591759,-0.40603598981087807,0.074016793298863903,1.9200290345477213,0.63025916092805379,1.7043515262241447e-06,1.9199342325594009,0.63027755796680929,5.299672318071113e-09
1,500,0.0023686381877790815,0.21706390324855712,0,0.096020143922700002,9.5224915045248444e-05,0.00026134121484890581,0.20674219284593923,0.0047224402237425389,1.1116263801942372,1.1566725484276374,-0.40337731324637943,0.07353393802051976,1.919482431155096,0.6304908905249148,1.8689715235424312e-06,1.9193890124755346,0.6305092552047169,5.295008543532364e-09
1.02,510,0.0024037117414441797,0.21421415963508753,0,0.09613806070441186,9.3443457712020595e-05,0.00027245949069785796,0.20427149520836083,0.0046719160161611401,1.1270676947352762,1.1549040807631958,-0.40050973751020413,0.073034267834988204,1.9189195628287739,0.63072917817880292,2.0470506821949009e-06,1.9188279896962903,0.63074766797086512,5.2902095938404454e-09
1.04,520,0.0024434216585570096,0.21114944531007754,0,0.096262019311719155,9.1378307441996034e-05,0.00028542611973037018,0.20159839788623149,0.0045729836453916751,1.1444776249061783,1.1532241581552234,-0.39742715787633848,0.072519613613944739,1.918340625327478,0.63097414042982403,2.2386740478545574e-06,1.9182511966885805,0.63099278246808432,5.2852757467150632e-09
1.0600000000000001,530,0.0024880292363987531,0.20786625825576682,0,0.096392191317989318,8.9174078897384825e-05,0.00030094037486438473,0.19871314697573744,0.0044308364887363115,1.1639733024910195,1.1516600895433813,-0.39412603374754962,0.071992373545949478,1.9177458160915632,0.63122579803888812,2.4438174998826514e-06,1.9176586765826835,0.63124458036769127,5.2802073710896016e-09
1.0800000000000001,540,0.0025377452843753168,0.20436458516166736,0,0.096528748162319628,8.6621441403874236e-05,0.00031882930541478419,0.19560794028397699,0.0042498941462812351,1.1856484850674689,1.1502411519328319,-0.3906063142458952,0.071455550679116242,1.9171349691413313,0.63148410959660883,2.6600726142021509e-06,1.9170504829988537,0.63150303888317216,5.2750049256279802e-09
1.1000000000000001,550,0.0025927174159809394,0.20064867464582858,0,0.09666556110720792,8.3856454688791451e-05,0.00033870396067117731,0.19227763052597172,0.0040340122672500121,1.2095670799233438,1.1489981826997033,-0.3868721933598761,0.070912782927371951,1.9165082796480781,0.63174902346004191,2.8844598716516291e-06,1.9164266798739353,0.63176813084386585,5.2696689572414978e-09
1.1200000000000001,560,0.0026479712150327445,0.19697296614464346,0,0.096764806986724294,7.5212563828133105e-05,0.00036628581011298998,0.18894925318776606,0.0037829269947409487,1.2332527451233128,1.1479962573447093,-0.38317801266139678,0.070381881647675906,1.9158595475788285,0.63201909242759291,3.659214528161687e-06,1.9157873412879736,0.63203982476864684,5.2642000996056889e-09
1.1400000000000001,570,0.0027026554161216679,0.19330683495221113,0,0.096872610475752435,6.4291590868992648e-05,0.00041221797298473612,0.18560732706213945,0.0034622589936720693,1.256057002019384,1.1471562559044257,-0.37949325600125827,0.069853699331581809,1.9151930893756546,0.63229675951325603,3.7167451762279178e-06,1.9151325512908259,0.63231808493960895,5.2585990716771701e-09
1.1599999999999999,580,0.0027593285949859283,0.18948058599781933,0,0.096988799921228136,5.6544286423173725e-05,0.00046998979098421858,0.1821041627492983,0.0038913802107378073,1.2790754268228586,1.146407775554388,-0.37564870488401936,0.069313841298698678,1.9145149208634966,0.63258211781417062,2.9194283845096203e-06,1.9144624037287756,0.63260287147574767,5.2528666762104962e-09
1.1799999999999999,590,0.0028184039233881434,0.18550063466126873,0,0.097112570463778525,5.0579871861188264e-05,0.0005417945578906761,0.17843340936765539,0.0058198200654163753,1.3025069161827132,1.1457956844332398,-0.37165103070709932,0.068766259865391782,1.9138234778648138,0.63287426507260458,1.8204981974238139e-06,1.913777002071142,0.63289414040664393,5.2470037982750035e-09
1.2,600,0.0028803139370112384,0.18137208126581666,0,0.097243838383657716,4.5721793871659272e-05,0.00062946456058973993,0.17458582750886875,0.0089570824402262633,1.3265525372578189,1.1453635247203882,-0.36750511201937752,0.068215849774190623,1.9131180936348287,0.63317295723002298,6.0428371406047686e-07,1.9130764592368941,0.63319184374614712,5.2410114037716672e-09
1.22,610,0.0029451992229754149,0.17710816234909479,0,0.097382925921991853,4.1341854555694507e-05,0.00073180305527655596,0.17056417531159415,0.01294633374992483,1.3512648047636808,1.145139148637369,-0.36322395368158955,0.067681460770032592,1.9123982145755933,0.63347815153022513,-7.1613362953985256e-07,1.9123608974212607,0.63349592956605805,5.2348905379499489e-09
1.24,620,0.003013643676157393,0.17272722077452421,0,0.09753050015934786,3.7420810222477818e-05,0.00082498482372628246,0.16637739790303988,0.017267445397882403,1.3771322640926034,1.1451424652618494,-0.35882560845857286,0.067180612926163147,1.9116639616051538,0.63378987025411859,-2.409184327653514e-06,1.911630447922344,0.63380634206981212,5.2286423239246468e-09
1.26,630,0.0030865035198046321,0.16824975646722418,0,0.097686473710532878,3.4585895932375376e-05,0.00088962148765276382,0.16203310483276137,0.02087138269775567,1.4049415934878557,1.1453982251933466,-0.35432996856208387,0.066717243023053679,1.9109158901475751,0.63410754405367398,-4.2218769198928998e-06,1.9108852509677305,0.63412302166616275,5.2222679611927502e-09
1.28,640,0.003162596448458566,0.16373113240121567,0,0.097850772850881756,3.323295199647017e-05,0.00090604734540518643,0.15762331492891571,0.022917141000847036,1.434571268416692,1.1457668351183312,-0.34979219288849273,0.066277606839785425,1.910154185057573,0.63443018420459507,-5.642724205306458e-06,1.9101254555411036,0.63444590504286424,5.2157687241502833e-09
1.3,650,0.0032401206254417374,0.15921680813097017,0,0.098023508014928873,3.2493164918526896e-05,0.00088504088616802755,0.15324031149061129,0.023213232404901616,1.4653756821890056,1.1460909578026865,-0.34525791719777388,0.065847128974126465,1.9093784262216122,0.63475807937994588,-5.6340470384292351e-06,1.9093512192088549,0.63477492524035517,5.2091459606091653e-09
1.3200000000000001,660,0.0033185931837427687,0.15471419776297254,0,0.098205219923588771,3.1731951328377929e-05,0.00084328809643021015,0.1488979316284306,0.022243241383409093,1.4971027019800582,1.1463552924837985,-0.34073483249476522,0.065422371624161563,1.9085884668125808,0.63509203779364776,-4.504269782171609e-06,1.9085627079466969,0.63511001172544113,5.2024010903140505e-09
1.3400000000000001,670,0.0033980978511801018,0.15022339495316886,0,0.098394342988346511,3.1026074553214572e-05,0.00078502803813881926,0.14458802752075878,0.020419968831917396,1.5297818954697828,1.1465879912322783,-0.33622320213148316,0.064989949006925882,1.9077845516782077,0.63543223573826835,-3.0005883368872401e-06,1.9077600959662739,0.63545109046497827,5.1955356034591881e-09
1.3600000000000001,680,0.0034786380423654983,0.14574572884952752,0,0.098590539495003016,3.0604468890237307e-05,0.00071615376223943419,0.14030813109457274,0.01802480014110576,1.5634052073625138,1.146803095696441,-0.33172447965728136,0.064540190811219117,1.9069670607590079,0.63577852702752491,-1.455334714523967e-06,1.9069435655417755,0.63579808399955651,5.1885510592052689e-09
1.3800000000000001,690,0.0035598979429511506,0.1412832090442589,0,0.098794385721613809,3.0302496046489518e-05,0.00065156523269055324,0.13606118843809203,0.015361225130303508,1.5976982619318763,1.1470026434597256,-0.32724081872884275,0.06407366089249053,1.9061359214603477,0.63613074285784199,2.1787230348881262e-07,1.9061133068365466,0.63615091151718217,5.1814490841962738e-09
1.4000000000000001,700,0.0036415279778553859,0.13683773329598989,0,0.099004948523913228,2.9894380491044527e-05,0.00059670044070267078,0.13185078188550037,0.012779352981709957,1.6323520475195141,1.1471873371121986,-0.32277427292025018,0.063593100569877631,1.9052910883069407,0.63648886866250964,1.7909167758922523e-06,1.9052695177297014,0.63650948892696169,5.1742313710763311e-09
1.4199999999999999,710,0.0037237202520695226,0.1324115370056155,0,0.099222521315191353,2.9346062800005467e-05,0.00054002651056397248,0.12768232952613939,0.010354907652028402,1.6675597134960465,1.1473553064612694,-0.31832715601493095,0.063108508420236104,1.9044329864220777,0.63685301062174637,2.8847821646340427e-06,1.9044124036427337,0.63687372893278427,5.1668996770065589e-09
1.4399999999999999,720,0.0038067186914597243,0.12800752917320007,0,0.099446619657607926,2.8702572476822766e-05,0.00050037837199104962,0.1235597125332344,0.0081516444297335729,1.7035362452509784,1.1475091081236535,-0.31390235743343986,0.06262161226875447,1.9035618259836202,0.63722300987703817,4.0348112409254707e-06,1.9035421773661294,0.63724354110700565,5.1594558221819232e-09
1.46,730,0.0038903329359641623,0.12362797253611761,0,0.099676832851469416,2.8011987689457992e-05,0.00049910646380779548,0.11948500059523991,0.0068096238902023501,1.7400864646413197,1.1476537901939952,-0.30950243199963356,0.062125143361669431,1.9026776720850742,0.63759864513108577,5.5469968464869772e-06,1.9026590588859793,0.63761883196413049,5.1519016883480846e-09
1.48,740,0.0039743433914638899,0.11927472253231461,0,0.099913312092327261,2.7261066512695527e-05,0.00052541704661206938,0.11546136018487278,0.0069701681034392091,1.7770016432716194,1.1477915863052732,-0.3051294975233998,0.061616790078415244,1.9017807546166123,0.6379798215207193,7.0900152955593856e-06,1.9017632752105895,0.63799950503449643,5.1442392173182493e-09
1.5,750,0.0040586306562145373,0.11495161243982106,0,0.10016339807546112,4.6529332540574898e-05,0.00056726818186679951,0.11149413584728964,0.0083963134701096568,1.8141632433519088,1.1479238041238307,-0.30078729446905245,0.061097529350815784,1.9008995453652646,0.63837500868393471,8.7686395035155128e-06,1.9008550601970944,0.63838546093795601,5.1364704094900213e-09
1.52,760,0.0041430398087972777,0.11066453172831138,0,0.10044633234695977,0.00015781236452730478,0.00063177980687203236,0.10759052470384452,0.010375968849005291,1.8514250400154995,1.1480515748760327,-0.29648142278662631,0.06056830353365926,1.9000897027907306,0.63880397801751365,1.0730661932273058e-05,1.8999346543780684,0.63877659745756132,5.1285973223622511e-09
1.54,770,0.00422734837169364,0.10641762330542945,0,0.1007633993429673,0.00036902962217648898,0.00079096864057896007,0.10375639693281161,0.012415228227667625,1.888623588895316,1.148175827229998,-0.29221578706191637,0.06003005509742286,1.8993580219661226,0.63926930912376401,1.8335308840093846e-05,1.8990023047881379,0.63917280961324585,5.120622069051888e-09
1.5600000000000001,780,0.0043113031549508454,0.10221370917365612,0,0.10110774929059355,0.00064505946706383966,0.0012565564284799443,0.099996686012977135,0.014280660186512499,1.9256013509106353,1.1482974771994821,-0.28799309252361083,0.059483113396071985,1.8986748014015118,0.63976093981590298,3.2160841210046794e-05,1.898058264790593,0.63957398973550816,5.1125468168108316e-09
1.5800000000000001,790,0.0043946534929281151,0.098055944167964204,0,0.10147367416003444,0.00096063771008377571,0.0021853009862167483,0.096316848896218624,0.015864926105188699,1.9622078387167456,1.1484174380310295,-0.28381645229556057,0.058927400467743002,1.8980187234509425,0.64026563184784058,4.8255015238579907e-05,1.8971027939039997,0.63998002753909544,5.1043737855427802e-09
1.6000000000000001,800,0.0044771409900324606,0.093947964009330392,0,0.10185773184910843,0.0012934960060057713,0.0036168080756013299,0.092722994824724736,0.017117196304699864,1.9982932906311994,1.148536513666105,-0.27968945951351548,0.05836287567452985,1.8973681048658531,0.64077935733614588,6.685599824833917e-05,1.896136157628812,0.64039081019668587,5.0961052463200813e-09
1.6200000000000001,810,0.0045584969282279914,0.089893663070658991,0,0.10225678852867012,0.0016225147033663047,0.0055422889712108334,0.08922161753539945,0.018015816502263731,2.0337061895263626,1.1486555584184877,-0.2756160009169385,0.057789295132519791,1.8967018918895546,0.64129919884412179,8.8675978694047368e-05,1.8951586272739833,0.64080622241257212,5.0877435199005866e-09
1.6400000000000001,820,0.00463884396780085,0.085883545460546135,0,0.1026653639759342,0.0019286791372953654,0.0079402326207264843,0.085795097623936251,0.018530819828014248,2.0684369667602258,1.1487990303873523,-0.27158651576094761,0.057210177405702993,1.8960027828332731,0.64181742448087942,0.00011340302338153542,1.8941704797835788,0.64122614649634468,5.0792909752444964e-09
1.6600000000000001,830,0.0047206198684970084,0.081836806824149053,0,0.10308019586415398,0.002203111984570716,0.010804297545466168,0.082277963835197004,0.018476319778623587,2.1032983046870828,1.1491444162071882,-0.26751972071931512,0.056656671451259535,1.8952625775698098,0.64233109284908385,0.00014114292843968654,1.8931719975633872,0.64165046243657498,5.0707500280312163e-09
1.6799999999999999,840,0.0048049034018559532,0.077717813500992439,0,0.10349676467482402,0.0024300808328498861,0.014143256738123097,0.078566629767411841,0.017723805458439799,2.1385391232208799,1.1498095375455155,-0.26337964831108368,0.056151327108548213,1.8944670159791279,0.64283379137635821,0.00017124575887405384,1.8921634683075332,0.64207904797449811,5.0621231391762032e-09
1.7,850,0.0048909012551189924,0.073560191291558052,0,0.10390728217790343,0.0025935827980064141,0.017684368485535697,0.074677947465259964,0.016369129181824309,2.1737793112843371,1.1507945104119763,-0.25919997169429604,0.055696778807517562,1.8936034946129585,0.64331357695062574,0.0002012617216365878,1.8911451848250884,0.64251177867769649,5.0534128133478197e-09
1.72,860,0.0049780940368351909,0.069397276449054593,0,0.10431039648429172,0.0027182362958106296,0.020713014575508736,0.070622211858609049,0.014638482100240068,2.2087967310459318,1.1521077332371237,-0.25501414154050567,0.055297702861588291,1.8926951076994045,0.64378024869538697,0.00022957766595822207,1.8901174448666844,0.64294852801378266,5.0446215974841814e-09
1.74,870,0.0050659330032917713,0.065264227968946084,0,0.10471004180009058,0.0028213807073403465,0.022849381692554339,0.066409818460744494,0.012759865938293565,2.2433625894123326,1.1537568742656907,-0.2508573596341267,0.054959621679973585,1.8917566923613465,0.64424572648556766,0.00025449044286262348,1.8890805509511239,0.64338916742408259,5.0357520793100117e-09
1.76,880,0.005153843602004749,0.061197343995755868,0,0.10510628619415044,0.0028927401554669223,0.024256641481968148,0.062052635700650761,0.010984431236646859,2.2772476295272255,1.1557463508719661,-0.24676597175432868,0.054688161960774313,1.8907786324423699,0.64470736496414949,0.00027543401945512449,1.8880348101919928,0.64383356639731881,5.0268068858534875e-09
1.78,890,0.0052411925141782837,0.057234026611650168,0,0.10549773034102242,0.0029228364019454485,0.025116044899210977,0.05756712830317981,0.0096653067125573849,2.310199381938066,1.1580736145489048,-0.24277748356341727,0.054490195132427283,1.8897525868259104,0.6451609723155648,0.00029221670133889851,1.8869805341242731,0.64428159254329365,5.0177886819630946e-09
1.8,900,0.0053273269346047203,0.053406968334994358,0,0.10588365722948198,0.0029035602946510478,0.025535732387103213,0.05297718057634223,0.0092871451966195836,2.3419617221407174,1.1607203116812552,-0.23892461566518419,0.054373771565557963,1.8886713834141715,0.64560327384516625,0.00030426167941529172,1.8859180385309533,0.64473311166657221,5.008700168824475e-09
1.8200000000000001,910,0.0054125225960779122,0.049685012620626474,0,0.10626425240783866,0.002833342271787481,0.025602853082283803,0.048333606739669854,0.010091805023760718,2.3728828815467864,1.1635662404082407,-0.2351765089396422,0.054315145905407383,1.8875339144130161,0.64603354262797064,0.00031115267218227244,1.884847643269641,0.64518798784016551,4.9995440824772792e-09
1.8400000000000001,920,0.0054961714218970939,0.046121826180229336,0,0.10663804298848625,0.0027037033373321457,0.025367017042607982,0.043645707885598038,0.011721774536263583,2.4027215962512369,1.1666448227578483,-0.23158663018051501,0.054312754322705138,1.8863326788471413,0.64644800160515192,0.00031295141621259337,1.8837696720991759,0.64564608347921393,4.9903231923320192e-09
1.8600000000000001,930,0.005573676097844437,0.04288971352000754,0,0.1070037215511202,0.0024899455667306129,0.024850310936046602,0.039167799853024328,0.01396861651779879,2.4297893824321597,1.1697623486920561,-0.22832773064352105,0.054355598448568104,1.8850449278262462,0.64683801018957776,0.00030658041040956639,1.8826844525062396,0.64610725941467007,4.9810402996869118e-09
1.8800000000000001,940,0.0056427156801768475,0.04001532904137791,0,0.10736127746597521,0.0021821298079577594,0.024062717635865913,0.035128634808413564,0.016054036463501627,2.4535511075560517,1.1726185283634778,-0.2254270551376753,0.054401642164446276,1.8836613639139597,0.64720074886732837,0.000290896335140639,1.8815923155319698,0.64657137496698169,4.9716982362447395e-09
1.9000000000000001,950,0.0057049718427164909,0.037433548786121484,0,0.10771261246576783,0.0017908104586823721,0.023147051046110326,0.031507825338445081,0.017250023466766323,2.4750133385449171,1.1751760984304609,-0.22281936529673849,0.054435820456171652,1.8821921744236336,0.64753908448403685,0.00026652883619728343,1.8804935955985707,0.64703828801977559,4.9622998626296919e-09
1.9199999999999999,960,0.0057617937774732441,0.035109864706906767,0,0.10806342375663539,0.0013512257185101435,0.022211890114426095,0.028254280305895343,0.017221453871090017,2.4948718928808797,1.1774725724764095,-0.22046991644994754,0.05445952074871109,1.8806712233893021,0.64786183609795167,0.0002355117474602151,1.8793886303359253,0.64750785509354014,4.9528480669042226e-09
1.9399999999999999,970,0.0058137607573434747,0.033021478526040524,0,0.10842432264030571,0.00096211806593314217,0.021071959859887416,0.025331343975571383,0.016276380122917593,2.5133188230984382,1.1795370578359439,-0.21835594729349281,0.054475645575060419,1.8791912221973557,0.64820286045147202,0.00020387102483093662,1.8782777604082077,0.64797993141930843,4.9433457630858974e-09
1.96,980,0.005861228143745319,0.031148003716604304,0,0.10880143115280536,0.00067975920416069675,0.019587059391610012,0.022707967527994696,0.014801399181900616,2.5304203989462613,1.1813931765392933,-0.21645716216554459,0.054486429533993908,1.8778052293724117,0.64858346449287174,0.00017550478514564351,1.8771613293404952,0.64845437101234182,4.9337958896642442e-09
1.98,990,0.0059043100576570791,0.029468394504995995,0,0.1091922561051358,0.00048316171286762779,0.017849137060825197,0.020354335494825078,0.013150907775460701,2.5460824559008897,1.1830621195319624,-0.21475259898108287,0.054493262690748327,1.8764940442817595,0.64899680066894816,0.00015058769648359691,1.8760396833453792,0.64893102674581282,4.9242014081176077e-09
2,1000,0.0059432298984906625,0.027963397223526643,0,0.10959515329038469,0.00035007404536848281,0.016026904860459299,0.018243549228098069,0.01156562120220502,2.560304541622719,1.1845626748766995,-0.21322302060346751,0.054497293976572055,1.8752375838735411,0.64943623096274306,0.00012887307535549691,1.8749131711495783,0.64940975042448834,4.9145653014299935e-09
2.02,1010,0.0059783355133212184,0.026614972785287332,0,0.11000692055436712,0.00025978799870231658,0.014277841256180993,0.016350910717053479,0.01009977604992178,2.573188524507851,1.1859116933122111,-0.21185036440564325,0.054499024667826329,1.8740173347368563,0.64989325233177198,0.00011030839789447643,1.87378214382055,0.64989039285841255,4.9048905726079246e-09
2.04,1020,0.0060099606133350719,0.025406714720900073,0,0.11042405914434478,0.00019598503962919281,0.012711884500196375,0.014653963804662265,0.0087754589277920566,2.5848378131743712,1.1871244861971879,-0.21061819591213288,0.054498832280538465,1.87281797576148,0.65036003308218593,9.4866905504485408e-05,1.8726469545931017,0.65037280393659036,4.8951802431972912e-09
2.0600000000000001,1030,0.0060384518392251315,0.024324090198532339,0,0.11084583002793588,0.00015094115574136675,0.011331487515101414,0.013132663992775391,0.0075872452123385437,2.5953785847700428,1.1882148293956882,-0.20951195180207374,0.054497002158562236,1.871632495289135,0.65083379856203838,8.2122471406013059e-05,1.8715079586960039,0.65085683270067063,4.8854373518001981e-09
2.0800000000000001,1040,0.0060641176274241855,0.023354064645110809,0,0.11127198203641589,0.00011935155667594308,0.010116815106703472,0.011768965236313525,0.0065275403607338578,2.6049198350215135,1.1891951756017973,-0.20851856981562533,0.054493782531293042,1.8704563520307784,0.65131286794041932,7.15956303744565e-05,1.8703655131786021,0.65134232741862896,4.8756649525918199e-09
2.1000000000000001,1050,0.0060872311565863023,0.0224849539572494,0,0.11170717409890829,9.7279381885497293e-05,0.009052787881978273,0.010546638625145575,0.005591271767196886,2.6135552652811254,1.1900767627825635,-0.20762634139150599,0.054489404015551558,1.8692863681905272,0.65179595687230329,6.2890645220720049e-05,1.8692199767374271,0.65182913565845124,4.8658661138372475e-09
2.1200000000000001,1060,0.0061080391203153324,0.021706278507904794,0,0.11215259379433934,8.1788624344845081e-05,0.0081261737976518131,0.009451098044751716,0.0047718993957773046,2.6213690991752578,1.1908697131557777,-0.20682476444559497,0.054484063026339999,1.8681203135412512,0.65228206931605637,5.5678691696575482e-05,1.8680717095428092,0.65231710436181622,4.8560439164083415e-09
2.1400000000000001,1070,0.0061267485599537253,0.021008626093824961,0,0.11260835375939923,7.0719217384740225e-05,0.0073289851406482167,0.0084692285955860081,0.0040622453199656208,2.6284259530230942,1.1915831383812425,-0.20610440622323747,0.05447792408032523,1.8669563995303395,0.65277028808745696,4.9726003376164268e-05,1.8669210730654884,0.6528060799177795,4.8462014523005817e-09
2.1600000000000001,1080,0.0061435525844815196,0.020383538828448688,0,0.11307399448314351,6.2628037253988791e-05,0.0066564156704492982,0.0075892394757860436,0.0034543609986812168,2.6347886950664337,1.192225234478937,-0.20545679034563497,0.054471121466478145,1.8657930081561054,0.65325974274373999,4.4840510446040895e-05,1.8657684299032278,0.653295908236456,4.83634182314992e-09
2.1800000000000002,1090,0.0061586441307206734,0.019823483962397307,0,0.11344406103128735,5.6878420169506833e-05,0.0060918380033561717,0.0068005989174909735,0.0029356835192882388,2.6405274842132029,1.19280334556389,-0.20487436836330394,0.054463757183124288,1.8646301442867701,0.65375022014224626,4.0841450481966919e-05,1.8646141436074237,0.65378643482270304,4.8264681387496265e-09
2.2000000000000002,1100,0.0061721997176269298,0.01932172695085313,0,0.11381733591517637,5.2790433895580213e-05,0.0056150207430341629,0.0060938700262768994,0.002493376027727976,2.64570738937143,1.1933240625373776,-0.20435038661235594,0.054455913417165901,1.8634682422456152,0.65424168774414893,3.7562466428652284e-05,1.8634585785097197,0.6542775048498044,4.816583515567146e-09
2.2200000000000002,1110,0.0061843774570103814,0.018872199892497575,0,0.11420099519831939,4.970759668715903e-05,0.0052103376331141694,0.0054605606860163285,0.0021164926428561392,2.6503864160064801,1.193793311451721,-0.20387876254683221,0.054447654853231151,1.8623070937334296,0.65473386744765649,3.485002339156407e-05,1.8623020995486168,0.65476896323315226,4.8066910752609441e-09
2.2400000000000002,1120,0.0061953194037807462,0.018469465272194605,0,0.1145948219396011,4.7233470558962794e-05,0.0048655612549856038,0.004893054876751398,0.0017957066141215143,2.6546165703968723,1.1942164115243623,-0.20345404557111224,0.054439037164341043,1.861146576351703,0.65522649009784528,3.2585736729492456e-05,1.8611450720960867,0.65526065470393113,4.7967939431973605e-09
2.2600000000000002,1130,0.006205152381789758,0.018108631542527509,0,0.11499511509092922,4.524135624434376e-05,0.0045709900846084795,0.0043845059024888106,0.0015229799912443746,2.6584439080989877,1.1945981414354925,-0.20307133243155862,0.054430103752196084,1.8599863156186986,0.65571917933714174,3.0650991734252059e-05,1.859987861784183,0.65575242388280097,4.7868952469674573e-09
2.2800000000000002,1140,0.0062139906898048946,0.017785339900699706,0,0.11539648051565604,4.3616924895101645e-05,0.0043187125315148666,0.003928799679779384,0.0012913861937647424,2.6619100118305257,1.194942780919843,-0.20272625679002804,0.054420897451712871,1.8588266042212285,0.65621180257345058,2.8994888129665968e-05,1.8588308343316529,0.65624411535357985,4.7769981149038737e-09
2.3000000000000003,1150,0.0062219376870565482,0.017495700198712633,0,0.11579883127946505,4.2161075492187478e-05,0.0041004487977731588,0.0035204650617570777,0.001094756230905748,2.6650526826960879,1.1952541658133711,-0.20241491752877375,0.054411457125642854,1.8576679981865001,0.65670432334175299,2.7582934177452172e-05,1.8576743553705499,0.6567355737369277,4.7671056745976717e-09
2.3199999999999998,1160,0.0062290860541904395,0.017236208148710765,0,0.11620147914772908,4.0819600085589011e-05,0.0039099637748658544,0.0031545813323903401,0.00092784261002471099,2.6679057290696808,1.1955357416691286,-0.20213380164426675,0.054401812373323602,1.8565106980448332,0.65719654423292351,2.6363319855652928e-05,1.8565187902728459,0.65722664376402906,4.7572210514151912e-09
2.3399999999999999,1170,0.0062355188469391653,0.017003721390675481,0,0.11660454321378014,3.9620235733963589e-05,0.0037425333100638762,0.0028267350515919069,0.00078620547160421705,2.6704993988205366,1.1957905991801023,-0.20187975861082125,0.054391987858544641,1.8553548171262459,0.65768825420455235,2.5298709428228569e-05,1.8553645039770419,0.65771717035027621,4.7473473670148977e-09
2.3599999999999999,1180,0.0062413107148257142,0.016795427380987944,0,0.11700822258257246,3.8560912266634803e-05,0.0035942128448156769,0.0025329735569109245,0.00066601239915067747,2.6728608416975237,1.1960215091666011,-0.20164996960092099,0.054382005800459321,1.8542006834532856,0.65817926642334468,2.4354955112460425e-05,1.8542118608147813,0.6582069986689526,4.737487737864236e-09
2.3799999999999999,1190,0.0062465287415354037,0.016608811835326472,0,0.11741240250018906,3.7591315814846612e-05,0.0034615072992939455,0.0022697569878042207,0.00056401814693138937,2.6750144451199716,1.196230955281911,-0.20144191235764014,0.054371886259595471,1.8530487342843613,0.65866942365373082,2.3503084354202817e-05,1.8530612243374605,0.65869597422491588,4.7276452737564763e-09
2.3999999999999999,1200,0.0062512331256746653,0.016441621736935967,0,0.11781697550991721,3.6648213299153017e-05,0.0033416334053108648,0.0020339141903810737,0.000477426680849709,2.6769820866766749,1.1964211637239979,-0.20125332856093575,0.054361647027453032,1.8518993902233625,0.65915858915428638,2.2725113463956448e-05,1.8519129571428425,0.65918394292828086,4.7178230763275702e-09
2.4199999999999999,1210,0.0062554778137377011,0.016291833751081182,0,0.11822181439542931,3.5741486179492975e-05,0.003232378455818237,0.0018225992657501069,0.0004038845696302377,2.678783364464647,1.1965941313607216,-0.20108219052450957,0.054351302481269202,1.8507529306017365,0.65964659805923875,2.2007393553333888e-05,1.8507674207016676,0.65967075116810314,4.7080242375729978e-09
2.4399999999999999,1220,0.0062593111201144063,0.016157631697516838,0,0.1186267772107886,3.4934621802463205e-05,0.0031320872109968211,0.0016332591436641439,0.00034143688002892921,2.6804358022193546,1.1967516490300421,-0.20092667863818819,0.054340864351852772,1.8496095709248854,0.66013326874048506,2.1339818935487308e-05,1.8496249751842657,0.66015624588606148,4.6982518383646196e-09
2.46,1230,0.0062627764274204812,0.016037395082811764,0,0.11903174201648004,3.4198128733978528e-05,0.003039312827616106,0.0014636109349852988,0.00028838851099891163,2.6819551029270685,1.196895320599388,-0.2007851683784927,0.054330344330818646,1.8484697070691525,0.66061846151160319,2.071492551532819e-05,1.848485979287168,0.66064027465014175,4.6885089469675266e-09
2.48,1240,0.0062659126673013273,0.015929672647323388,0,0.11943658615946923,3.3493939417934894e-05,0.002952775878167677,0.0013116090816159517,0.00024335394663934742,2.6833553514166919,1.1970265836407483,-0.20065620454649091,0.054319752747920606,1.847333740735337,0.66110203835464187,2.0125575300365971e-05,1.8473507900597197,0.66112268572831967,4.6787986175568924e-09
2.5,1250,0.0062687546706678855,0.01583315850785446,0,0.11984065228321941,3.2890308838312751e-05,0.0028715011072218892,0.0011754152873332362,0.0002049981463799566,2.6846491401011638,1.1971467281741286,-0.20053847750728954,0.054309097094178714,1.8462019123094786,0.66158382096405266,1.9564937443652172e-05,1.8462197627306913,0.66160332816224376,4.6691238887348242e-09
2.52,1260,0.0062713336636281737,0.015746686242219345,0,0.12024354595222986,3.2392315070496376e-05,0.0027947445370488295,0.0010533854933028229,0.00017243268778920301,2.6858477256475122,1.1972569094609538,-0.20043081753815045,0.054298384837754642,1.8450745674451883,0.66206366026125352,1.902974903309975e-05,1.8450932505348905,0.66208205184091917,4.6594877820472108e-09
2.54,1270,0.006273677669242971,0.015669212667105605,0,0.1206458958786836,3.1957119813398914e-05,0.0027217752153863043,0.00094404858633890339,0.00014466866299772012,2.686961195012703,1.1973581622861382,-0.20033217900536754,0.054287623178048576,1.843952114695899,0.66254142490318202,1.85171529219423e-05,1.8439716045397745,0.66255870757439028,4.6498933005005735e-09
2.5600000000000001,1280,0.0062758118031342224,0.015599801562645536,0,0.12104759609631074,3.1557842096027467e-05,0.0026510236770375178,0.00084608495925873916,0.00012110351073921987,2.6879988524855616,1.1974514143719708,-0.20024162347209112,0.054276818044380622,1.8428349177237053,0.66301698669096676,1.8016887758904913e-05,1.842855173472062,0.66303314716742368,4.6403434270789203e-09
2.5800000000000001,1290,0.0062777585493416915,0.015537612498073361,0,0.12144852578286505,3.1178941711786471e-05,0.0025796157194604378,0.00075831070327289109,0.00010096933759477949,2.6889691980785235,1.1975374975340205,-0.20015830850097954,0.054265974452967269,1.8417233102010533,0.66349022432860771,1.7509801662934286e-05,1.8417443035443444,0.66350522349319208,4.6308411232605943e-09
2.6000000000000001,1300,0.0062795379589172841,0.015481893428773121,0,0.12184855197525085,3.0821243714387086e-05,0.0025064962181510983,0.00067966573051775282,8.3809093030114506e-05,2.6898794867356899,1.1976171570757983,-0.20008148024231295,0.054255097060773437,1.8406176313620011,0.66396099852724821,1.6991037786361205e-05,1.840639338281699,0.66397479056695652,4.6213893275351259e-09
2.6200000000000001,1310,0.0062811679160254038,0.015431970531929939,0,0.12224751606175024,3.0521377737622202e-05,0.0024328528362452338,0.00060920006598930122,6.9066013704552147e-05,2.6907359689701082,1.1976910609862448,-0.20001046324820157,0.054244189646087716,1.8395181994543623,0.66442913946240945,1.6469412139544451e-05,1.8395406183482998,0.66444170361975041,4.6119909539200782e-09
2.6400000000000001,1320,0.0062826645962745188,0.015387192840465231,0,0.12264501993657376,3.0870465756306116e-05,0.0023595084724374617,0.00054601824052926838,5.6632936810205469e-05,2.6915443406791897,1.1977598229921027,-0.19994460503704142,0.054233242600472333,1.8384247544609504,0.66489406086585556,1.5871596279646215e-05,1.8384484813740301,0.66490581917206204,4.6026488904779059e-09
2.6600000000000001,1330,0.0062840421487229889,0.015347036626047271,0,0.12304101581024895,3.1626133047109895e-05,0.0022874633923846074,0.00048937356604931905,4.6119584810583162e-05,2.6923094583391238,1.1978239740535046,-0.19988338057259417,0.054222263133823612,1.8373379096126685,0.66535580380290549,1.5243837071547207e-05,1.8373632617810938,0.66536699510751818,4.5933659978327986e-09
2.6800000000000002,1340,0.0062853132020362036,0.015311059839642616,0,0.12343559292466491,3.2229876477502338e-05,0.0022168640044768033,0.00043862249462637816,3.7468895094184944e-05,2.6930356502933841,1.1978839811863193,-0.19982634664511756,0.054211265412328402,1.8362585604412198,0.66581463472033953,1.4665228628668333e-05,1.8362852906106286,0.66582509074656648,4.5841451076875385e-09
2.7000000000000002,1350,0.0062864893489563371,0.015278825022326695,0,0.12382858314090309,3.2727491131226901e-05,0.0021477232265698222,0.00039314957822949925,2.9821031431209501e-05,2.6937269699366424,1.1979402761895375,-0.19977306470640879,0.054200250922435307,1.8351869764145068,0.66627036216811386,1.4124436637679722e-05,1.8352148953493164,0.66627996692015989,4.5749890213403427e-09
2.7200000000000002,1360,0.0062875808948547798,0.015249945198296113,0,0.12421983771505229,3.3151700978465481e-05,0.0020802383674523063,0.00035240818497315405,2.3814010656927559e-05,2.6943870042132145,1.1979932442387757,-0.19972314688623047,0.05418922228156977,1.8341234386961629,0.66672283345961125,1.3621653848800749e-05,1.8341523997559965,0.66673148604343846,4.5659005082017239e-09
2.7400000000000002,1370,0.0062885971386151037,0.01522406941380759,0,0.12460918821638964,3.3554630377586899e-05,0.0020144745310570981,0.00031590442237529331,1.8783020217535152e-05,2.695018981836756,1.1980432319660501,-0.19967624136759415,0.054178180580301778,1.833068212475738,0.66717186283176122,1.3146851649899519e-05,1.8330981236882766,0.66717951218941329,4.5568823043113303e-09
2.7600000000000002,1380,0.0062895464084736057,0.015200884478129681,0,0.12499647910161463,3.3963777745398526e-05,0.0019504578073883676,0.00028319679557432722,1.5835142153691226e-05,2.6956257813831499,1.1980905495983281,-0.19963203402434818,0.054167127088102833,1.832021582732378,0.66761728921880947,1.269454153791322e-05,1.8320523829291457,0.66762391116264952,4.547937110854806e-09
2.7800000000000002,1390,0.0062904361979500114,0.015180107440410257,0,0.12538154629021969,3.4412158989379288e-05,0.0018881381292308551,0.00025388759925823196,1.2547858734911261e-05,2.6962099842076461,1.1981354758807956,-0.19959024118248053,0.054156062242880269,1.8309838247499057,0.66805893881604872,1.2255223800781169e-05,1.8310154890135852,0.66806455057294944,4.5390675926806363e-09
2.8000000000000003,1400,0.0062912731990482649,0.015161486913622034,0,0.12576424362389405,3.4906163632670369e-05,0.0018274912717255328,0.00022762251540443766,1.2013660097101191e-05,2.6967738820175793,1.1981782598444601,-0.19955061080387465,0.054144987036909682,1.8299552336389797,0.6684966707345309,1.1826489174840812e-05,1.8299877490551812,0.66850129990903562,4.530276376816998e-09
2.8199999999999998,1410,0.0062920633539584004,0.015144802560318894,0,0.12614445493443943,3.5417171151713451e-05,0.0017684412025537805,0.00020408875308724721,1.1952831047522336e-05,2.6973194964292095,1.1982191229285606,-0.19951292196777093,0.054133903817575157,1.8289361350523052,0.66893039616303629,1.1416935824420952e-05,1.8289694655727364,0.668934030612234,4.5215660509886145e-09
2.8399999999999999,1420,0.0062928120208700124,0.015129854253915644,0,0.12652204547823814,3.5942028429809345e-05,0.0017109082798825094,0.00018300346575918501,1.289169934879393e-05,2.6978486446289742,1.1982582644791744,-0.19947697401726253,0.054122813894522351,1.8279268268496573,0.66935999502939947,1.1027370066026671e-05,1.8279609363168825,0.66936261615015713,4.5129391621336015e-09
2.8599999999999999,1430,0.0062935240122270822,0.015116461845981862,0,0.12689687437963454,3.6483097421525155e-05,0.0016548124402546314,0.00016411241498354951,1.3281600966983096e-05,2.6983629498294466,1.1982958634104932,-0.19944258632368331,0.054111718175381227,1.8269275968750083,0.66978533768959281,1.0655719359145613e-05,1.8269624540966909,0.66978693209038731,4.5043982149203213e-09
2.8799999999999999,1440,0.0062942037246914179,0.01510445729606971,0,0.12726876376299082,3.7075281501580882e-05,0.0016000793285014588,0.00014718145264222901,1.4388049231413678e-05,2.6988638919409573,1.1983320823457888,-0.19940959040505549,0.05410061535731981,1.8259386908831561,0.67020623392277645,1.0286011765101015e-05,1.8259743066062863,0.67020685617416009,4.4959456702642304e-09
2.8999999999999999,1450,0.0062948549728645267,0.015093699397531623,0,0.12763722946653458,3.7695840466331843e-05,0.0015466830096968441,0.00013200974230228528,1.5367925632528735e-05,2.6993527356485658,1.1983670637243982,-0.19937784466667838,0.054089507201484699,1.8249604111616153,0.6706226004933894,9.926500312987023e-06,1.8249967762514576,0.67062226839004624,4.4875839438447364e-09
2.9199999999999999,1460,0.006295481233393168,0.015084057693889583,0,0.12800171649321934,3.8343100215641072e-05,0.0014945087587686695,0.00011841355670356413,1.6511196510205469e-05,2.6998306301990982,1.1984009365564212,-0.19934721829641186,0.054078394026142861,1.8239930319387565,0.67103431319471141,9.5749479982430792e-06,1.8240301399762699,0.67103305104763666,4.4793154046220383e-09
2.9399999999999999,1470,0.0062960855859444239,0.015075417607037988,0,0.12836508212590159,3.9006264397980518e-05,0.0014435360816105346,0.00010623049211101815,1.7704227144513012e-05,2.7002985819662308,1.198433815622002,-0.19931759639774277,0.0540672768775841,1.823036833621402,0.67144127307305834,9.234594526471253e-06,1.8230746690896769,0.67143908885122383,4.4711423733539861e-09
2.96,1480,0.0062966708308547443,0.01506767367630274,0,0.12872959533228154,3.9687415267160117e-05,0.0013936923176544327,9.5312346297103296e-05,1.8271553931657168e-05,2.7007575021047141,1.1984658047500465,-0.19928887321874744,0.054056155753394133,1.82209207486757,0.67184335226415026,8.9014298372975997e-06,1.8221306290921317,0.67184026897348637,4.4630671211129289e-09
2.98,1490,0.0062972403537939247,0.015060709602761787,0,0.12909531813406699,4.0792490776036616e-05,0.0013462957354973513,8.5506618634058644e-05,1.8744172150678372e-05,2.7012084335660753,1.1984970029000226,-0.19926093217887833,0.054045023457955706,1.8211585724247055,0.67224026132915748,8.5534543617877223e-06,1.8211982795022013,0.67223648112917078,4.4550918678025666e-09
3,1500,0.0062977968639099293,0.01505445184923652,0,0.12945848906135818,4.2141914959678235e-05,0.0013032065372252837,7.6704667133904044e-05,1.9090959104164312e-05,2.7016521050666773,1.1985274899981855,-0.19923369951427755,0.054033883329674334,1.8202367691507246,0.67263196005963066,8.220399777745619e-06,1.8202778736831753,0.67262761764877599,4.4472187806747972e-09
3.02,1510,0.0062983422794175223,0.015048844725583488,0,0.12974740189927236,4.3338091462605899e-05,0.0012634603855311542,6.881814108410557e-05,2.0240018397643986e-05,2.7020890730953981,1.1985573352069507,-0.1992071193370186,0.054022742139123066,1.8193273350578509,0.67301849549598869,7.9212900260423473e-06,1.8193696586696801,0.67301357355223568,4.4394499728465685e-09
3.04,1520,0.0062988760908547674,0.015043881906322127,0,0.13003848309424204,4.3539610528770597e-05,0.0012191786028559306,6.1808498484117091e-05,2.0347774359157065e-05,2.7025197814894306,1.1985865868766075,-0.19918118518296096,0.054011620806019955,1.8184314543512594,0.67340037490528115,7.6615122517576099e-06,1.8184738749942904,0.6733942466226015,4.4317875018167331e-09
3.0600000000000001,1530,0.0062994012017159994,0.015039419737929032,0,0.13033091862036389,4.410746331294031e-05,0.0011656752657616721,5.5513839780724867e-05,2.0738089811501742e-05,2.7029453227873663,1.1986153296505724,-0.19915575315845901,0.054000492236704861,1.8175478726499843,0.67377682276039685,7.3097100257809075e-06,1.8175907565141403,0.67376953747972645,4.4242333679828953e-09
3.0800000000000001,1540,0.0062999205604658088,0.015035372803514462,0,0.13062242938396101,4.5350410779673478e-05,0.0011171849187715868,4.98288468000673e-05,2.1497471115166028e-05,2.7033660472490175,1.1986436266767586,-0.19913073765148648,0.053989344932191187,1.8166764187376367,0.6741472723976405,6.9373430767583677e-06,1.816720530237536,0.67413934965394784,4.4167895131582588e-09
3.1000000000000001,1550,0.0063004349227335568,0.01503174837685939,0,0.13090993018146907,4.6406770562078333e-05,0.0010743566784067631,4.4736635830926477e-05,2.1395506250453509e-05,2.7037819935607916,1.1986715093213127,-0.19910614584045241,0.05397819788286877,1.8158182805600014,0.67451211279822132,6.6167410534147144e-06,1.8158634161505682,0.67450358965977042,4.4094578190884867e-09
3.1200000000000001,1560,0.0063009454729557601,0.015028501275714654,0,0.13119327019100963,4.732821135943022e-05,0.0010351758127682981,4.0174549526079987e-05,2.183391520383078e-05,2.704193568491601,1.1986990208691206,-0.19908193241378772,0.053967050793865948,1.8149736204945204,0.67487129413192781,6.3332057044547738e-06,1.8150196270437231,0.67486216706954993,4.402240105968544e-09
3.1400000000000001,1570,0.0063014532478162365,0.01502559161370177,0,0.13147236456163472,4.8160614531898791e-05,0.00099869622581399671,3.6086845248959691e-05,2.2033315828455735e-05,2.7046011143456066,1.1987262001447938,-0.19905805736951923,0.053955903507298793,1.814142592500732,0.67522472150518209,6.0750507720011378e-06,1.8141893683384942,0.6752149945871756,4.3951381309595497e-09
3.1600000000000001,1580,0.0063019591764116433,0.015022984067343866,0,0.13174712944591208,4.8927904485803645e-05,0.00096438712618117546,3.2423967739142657e-05,2.2394272795856101e-05,2.7050049263782898,1.198753081800604,-0.19903448527991,0.053944755972282835,1.8133253669220264,0.6755723050005914,5.8359205311261837e-06,1.8133728379139957,0.67556198812175383,4.3881535867056296e-09
3.1800000000000002,1590,0.0063024640903065945,0.015020647140671426,0,0.13201748526484652,4.9643084224185805e-05,0.00093186254850408372,2.9141664394054127e-05,2.2426798989897964e-05,2.7054052618366353,1.1987796968284983,-0.19901118455449623,0.053933608182247704,1.8125221187750138,0.67591396158845152,5.6117003220466572e-06,1.812570225933573,0.67590306686129098,4.3812880998507672e-09
3.2000000000000002,1600,0.0063029687321017863,0.015018552659728936,0,0.13228335576423278,5.0314487224694238e-05,0.00090081899768239585,2.6200330757513578e-05,2.2845425764212974e-05,2.7058023457344262,1.1988060729786387,-0.19898812693376539,0.053922460144488808,1.8117330205348114,0.67624961299450015,5.3992934537814887e-06,1.8117817146714146,0.67623815334637694,4.3745432295556524e-09
3.2200000000000002,1610,0.0063034737643826062,0.015016675392374008,0,0.13254466748784774,5.0947997797706877e-05,0.00087100981469206442,2.3564493295532474e-05,2.2556434745889217e-05,2.706196375115709,1.1988322351097469,-0.19896528710824343,0.05391131186891391,1.8109582393995272,0.67657918475704093,5.1962905836158937e-06,1.8110074783391661,0.67656717354386786,4.3679204660145344e-09
3.2400000000000002,1620,0.006303979765012113,0.015014994451395125,0,0.13280135633116555,5.1493668727009494e-05,0.00084218441309039105,2.1203829103805142e-05,2.2685329707937426e-05,2.7065875056256083,1.1988582051585266,-0.19894264412200885,0.053900163983906464,1.8101979944440585,0.67690261436917509,5.000810513363865e-06,1.8102476829125391,0.67689005692056936,4.3614212289720675e-09
3.2600000000000002,1630,0.006304487242814313,0.015013489050663813,0,0.13305335210406583,5.1977905490985734e-05,0.00081415811932042078,1.9089408561354798e-05,2.265317472408141e-05,2.7069758874596777,1.1988840031852679,-0.19892017712546137,0.053889016320647617,1.8094524148521309,0.67721983157228183,4.8112822150074899e-06,1.8095024859579256,0.67720673651692009,4.3550468662401701e-09
3.2800000000000002,1640,0.0063049768788466156,0.015012145271609736,0,0.13330083713562374,5.2217719395224901e-05,0.00077224569635727812,1.7199562205313356e-05,2.3099271619960363e-05,2.7073541644003907,1.1989096459235029,-0.19889787213851423,0.053877868368788703,1.8087219046512268,0.67753103513244151,4.5505524147794622e-06,1.808772036459009,0.67751714902067417,4.3487986522148688e-09
3.3000000000000003,1650,0.0063054571513719128,0.01501095767705145,0,0.133543826400574,5.2190595883325932e-05,0.000708564232706387,1.5520121305381881e-05,2.3381554252771861e-05,2.7077254389396797,1.1989351478819179,-0.19887572373125637,0.053866729642661482,1.8080066696579034,0.67783626320934642,4.1840380179073834e-06,1.8080564746433756,0.67782123484058499,4.3426777863931505e-09
3.3200000000000003,1660,0.0063059428544415116,0.015009879498823554,0,0.133781562245785,5.2715485986463128e-05,0.000653230022411296,1.4003369212029053e-05,2.2909150924997221e-05,2.7080953439873943,1.1989605296046897,-0.19885368502552284,0.05385558534296337,1.8073058282983412,0.67813486621428343,3.8589957275899814e-06,1.8073559318091277,0.67811893818008817,4.3366853918898151e-09
3.3399999999999999,1670,0.0063064319647974558,0.015008895836377831,0,0.1340139550956132,5.3705140435504576e-05,0.00060792520677225301,1.262964163038293e-05,2.2909150924997221e-05,2.7084631123099738,1.1989858039991204,-0.19883174106201626,0.053844432993927563,1.8066195751426146,0.67842678918634547,3.5909665744021705e-06,1.806670530151494,0.67841020711098443,4.3308225139543224e-09
3.3599999999999999,1680,0.0063069245940234261,0.015008013634742917,0,0.13424110704265454,5.4530558258808777e-05,0.00056861581228493828,1.1398261062458914e-05,2.3004407680670755e-05,2.7088286142386728,1.1990109790314836,-0.19880989876584548,0.053833280070347142,1.8059487288468343,0.67871214663356605,3.3580863441162685e-06,1.8060003825894437,0.67869499364712316,4.3250901184876484e-09
3.3799999999999999,1690,0.0063074209126224787,0.01500722378844861,0,0.13446301646650463,5.5172445917209109e-05,0.0005334753235942594,1.0295625684622991e-05,2.2781522350186147e-05,2.7091918902603389,1.1990360647956069,-0.1987881490029961,0.053822127602383259,1.8052934228852116,0.67899092948631423,3.1493479244589113e-06,1.8053455925922961,0.67897325381808527,4.3194890905591288e-09
3.3999999999999999,1700,0.0063079211317966623,0.015006517434319407,0,0.13467966184473629,5.5657221660204608e-05,0.00050172115652111649,9.30896022552471e-06,2.3225154141253322e-05,2.7095530004857591,1.1990610704602405,-0.19876648288230067,0.053810975958412229,1.8046537258921753,0.67926310778059951,2.9600838660154261e-06,1.8047062540063341,0.67924494774286626,4.3140202329233199e-09
3.4199999999999999,1710,0.0063084254380248953,0.015005885441334408,0,0.13489101760799244,5.6035402447062595e-05,0.00047281950612922379,8.4258237943699014e-06,2.3036072399968081e-05,2.7099120023859791,1.1990860044565521,-0.19874489124547021,0.053799824916957645,1.8040296683703274,0.67952864701257643,2.7865562933366616e-06,1.8040824508814159,0.67951003970355994,4.3086842645368367e-09
3.4399999999999999,1720,0.0063089340023591289,0.015005318512528483,0,0.13509705738512459,5.63739395668414e-05,0.00044628766499040353,7.6341395018594999e-06,2.3350358035739973e-05,2.7102689544192375,1.1991108745466139,-0.19872336476983848,0.053788673812669129,1.803421251412505,0.67978751205014976,2.6256458061927896e-06,1.8034742572975864,0.67976849821904073,4.303481819075217e-09
3.46,1730,0.006309446977962643,0.015004809826476583,0,0.13529776425796422,5.6677808177964167e-05,0.00042177455084216494,6.9243611922482247e-06,2.2813496432377448e-05,2.710623895355126,1.1991356873941044,-0.19870189661147941,0.053777522599040277,1.8028285345122954,0.6800396802361367,2.4750947123771458e-06,1.8028817371916892,0.68002029611864767,4.2984134434497554e-09
3.48,1740,0.0063099644970439793,0.015004353344351833,0,0.13549312443291811,5.69456680058392e-05,0.00039893801273069231,6.2879974486757957e-06,2.3193747562800386e-05,2.7109768571609019,1.199160448955628,-0.19868048071120908,0.053766371268812015,1.8022515737094187,0.68028513314465633,2.3331146307472661e-06,1.8023049441839794,0.68026541061586698,4.2934795963243723e-09
3.5,1750,0.006310486670610526,0.015003943642729804,0,0.13568312651534395,5.7177064615758475e-05,0.000377474175495751,5.7174298092047106e-06,2.3036072399968081e-05,2.7113278667242602,1.1991851645706937,-0.19865911162723518,0.05375521981457497,1.8016904133515825,0.68052385563403506,2.198336290671974e-06,1.801743921404735,0.6805038233820152,4.2886806466324546e-09
3.52,1760,0.0063110135910248166,0.015003575855574283,0,0.13586776179624799,5.7372022111264519e-05,0.00035727749389829517,5.2058271375657526e-06,2.3319120084582497e-05,2.7116769467595856,1.1992098390246901,-0.19863778447697944,0.053744068228926752,1.8011450863820726,0.68075583615985813,2.0697370366977717e-06,1.8011987013208686,0.68073552061992282,4.2840168720937031e-09
3.54,1770,0.0063115453341925929,0.015003245622885891,0,0.13604702456474482,5.7530502529474982e-05,0.00033809005190051181,4.7470692851942968e-06,2.3162298399097643e-05,2.7120241165242174,1.1992344766051906,-0.198616494885551,0.053732916506298967,1.8006156148032324,0.68098106711681139,1.9465632970261003e-06,1.8006693055625398,0.68096049313761686,4.2794884577309979e-09
3.5600000000000001,1780,0.0063120819612258669,0.015002949040305576,0,0.13622091234214162,5.7652270462149004e-05,0.00031977897880341186,4.3356748992758494e-06,2.3381554252771861e-05,2.7123693924233865,1.1992590811533086,-0.19859523893517539,0.053721764643343994,1.8001020096897873,0.68119954509033331,1.8282654776903413e-06,1.800155744749766,0.68117873642200477,4.2750954943872256e-09
3.5800000000000001,1790,0.0063126235197903842,0.015002682611053248,0,0.1363894260622002,5.7736917821625834e-05,0.00030232750490077979,3.9667342080905445e-06,2.3350358035739973e-05,2.7127127885442492,1.199283656110365,-0.19857401311698056,0.053710612638338415,1.7996042710181652,0.68141127105086718,1.7144479858890296e-06,1.7996580183190367,0.68139025071255654,4.2708379772421556e-09
3.6000000000000001,1800,0.0063131700452474038,0.015002443203330914,0,0.1365525702239844,5.7783909704336524e-05,0.00028552825460794335,3.6358492510798248e-06,2.3505925099591037e-05,2.7130543171180097,1.1993082045595014,-0.19855281428826344,0.053699460490737087,1.7991223874677538,0.68161625051990704,1.6048289068144178e-06,1.7991761143499232,0.68159504107498869,4.2667158043292729e-09
3.6200000000000001,1810,0.006313721561657543,0.015002228012506579,0,0.13671035302408791,5.7792620070086719e-05,0.00026947346941150847,3.3390806416518383e-06,2.3225154141253322e-05,2.713393988931704,1.1993327292628286,-0.19853163963455836,0.053688308200912839,1.798656336228919,0.68181449371573422,1.4992083296460977e-06,1.7987100093916917,0.68179311747494709,4.2627287750526375e-09
3.6400000000000001,1820,0.0063142780950976455,0.015002032887904112,0,0.13686278025079482,5.7811389385111224e-05,0.00025401164978326556,3.0715686517249415e-06,2.3225154141253322e-05,2.7137318328544895,1.1993572330061641,-0.19851048499530766,0.053677155145134596,1.7982060267305535,0.68200600763226538,1.3971421830392324e-06,1.7982596682899143,0.68198449485169033,4.2588765887037261e-09
3.6600000000000001,1830,0.0063148396656230602,0.015001856089249014,0,0.13700987025547276,5.7818353993840833e-05,0.0002391511272094457,2.8305887334327023e-06,2.3193747562800386e-05,2.7140678598734,1.1993817179084847,-0.19848934862266929,0.053666001506692027,1.7977714365184594,0.68219081546885474,1.2987483175949445e-06,1.7978250440130827,0.68216919319177238,4.2551588429783021e-09
3.6800000000000002,1840,0.0063154062731150176,0.015001697057567771,0,0.13715164902613164,5.7765360094053737e-05,0.00022489117412202299,2.6144945935625632e-06,2.3412708902503816e-05,2.7144020681310317,1.1994061856799265,-0.19846822995128655,0.0536548478499978,1.7973525614471242,0.68236895007047549,1.2042015581141925e-06,1.797406077479218,0.68234723760272609,4.2515750324932401e-09
3.7000000000000002,1850,0.0063159779029299933,0.015001553996118812,0,0.13728814984868595,5.7653146561726621e-05,0.00021112909097479159,2.420751263992771e-06,2.3319120084582497e-05,2.7147344658437027,1.1994306380988111,-0.19844712717785726,0.053643694185633466,1.7969493292929186,0.68254044145572723,1.1134056572349351e-06,1.7970026973824837,0.68251865838674686,4.2481245473033947e-09
3.7200000000000002,1860,0.0063165545310877773,0.01500142523042974,0,0.13741944602170431,5.748642747185188e-05,0.00019787297917678735,2.2470350050912264e-06,2.347489416183844e-05,2.715065061694784,1.1994550767702621,-0.19842603862198843,0.053632540493402478,1.7965616508261351,0.68270532415389973,1.0262887165847333e-06,1.7966148200197984,0.68268349111437454,4.2448066714184479e-09
3.7400000000000002,1870,0.0063171361273159426,0.015001309273310684,0,0.13754556929775116,5.7268080917117646e-05,0.00018514884190539414,2.0912732429737562e-06,2.3067693653563172e-05,2.7153938645762059,1.1994795031297825,-0.19840496279116909,0.053621386759317491,1.7961894263168059,0.68286363829410812,9.4279776226240364e-07,1.7962423491174466,0.68284177669817736,4.2416205813197578e-09
3.7600000000000002,1880,0.0063177226552005626,0.015001204801508248,0,0.13766654899052888,5.6999630446392331e-05,0.00017293922309174727,1.9516145384325129e-06,2.3130806476445511e-05,2.7157208837950888,1.1995039184617602,-0.19838389835734349,0.053610232974970501,1.7958325448270447,0.68301542962268447,8.6288798253690513e-07,1.7958851756576906,0.68299356146643553,4.2385653444772074e-09
3.7800000000000002,1890,0.0063183140722035819,0.015001110633236446,0,0.13778241925497919,5.6681873746185079e-05,0.00016118920846302281,1.8264008994163264e-06,2.3099271619960363e-05,2.716046129270556,1.1995283239162193,-0.19836284413439004,0.053599079134895762,1.7954908833244518,0.68316074948081629,7.8651873326100038e-07,1.7955431777053834,0.68313889723682342,4.2356399178660598e-09
3.8000000000000003,1900,0.0063189103427515247,0.015001023929402515,0,0.13789321222293116,5.6368132647826886e-05,0.00014998254061254635,1.7128012127747945e-06,2.3256518306983181e-05,2.7163696327756206,1.1995527208598162,-0.19834179727827478,0.053587924541065646,1.7951642450237735,0.68329964599821602,7.133904013844486e-07,1.7952162202345798,0.68327784139009307,4.232843146483806e-09
3.8200000000000003,1910,0.0063195114293629982,0.015000944293609953,0,0.1379989745819481,5.603579778220806e-05,0.00013925150245934563,1.6099475681877019e-06,2.3287840231354886e-05,2.7166914081267608,1.1995771101100416,-0.19832075738952504,0.053576769392495928,1.794852507347483,0.68343218541409156,6.4363021776630244e-07,1.794904154955149,0.68341045694375757,4.2301737618670181e-09
3.8399999999999999,1920,0.0063201172771825999,0.015000872467245322,0,0.13809976196234361,5.5633300918673572e-05,0.00012899612875690993,1.5178484347181673e-06,2.3099271619960363e-05,2.7170114564299372,1.19960149219393,-0.19829972520720082,0.053565614314341439,1.7945555679483132,0.68355844474407135,5.7741113468147169e-07,1.7946068201393859,0.68353681262577415,4.2276303806081943e-09
3.8599999999999999,1930,0.0063207278193453138,0.015000807708524737,0,0.13819562816118103,5.5161642481583644e-05,0.0001191618457073505,1.4354320107170815e-06,2.3412708902503816e-05,2.717329791262189,1.1996258678492073,-0.19827869998659675,0.053554459317427326,1.794273250227715,0.68367849805255232,5.1466345106385686e-07,1.7943240404486236,0.68365698294822708,4.225211502872619e-09
3.8799999999999999,1940,0.0063213429819823147,0.015000749275313875,0,0.1382866313795468,5.4626272431819672e-05,0.00010986842817844653,1.3616790306048736e-06,2.3004407680670755e-05,2.7176464279887198,1.1996502377509357,-0.19825768098294172,0.053543304376008148,1.7940053586308262,0.68379242446777022,4.5531544015346009e-07,1.7940556267598442,0.6837710482810111,4.2229155109151994e-09
3.8999999999999999,1950,0.0063219626871299766,0.015000696515342351,0,0.13837283516501592,5.4030635824059137e-05,0.00010096211802181293,1.2956837721300017e-06,2.3130806476445511e-05,2.7179613832700453,1.1996746025013829,-0.19823666754160446,0.053532149471072703,1.7937516859470617,0.68390030937637103,3.9929952818123701e-07,1.7938013759922935,0.68387909492551402,4.2207406675973389e-09
3.9199999999999999,1960,0.0063225868525597726,0.015000648854310171,0,0.13845430841420231,5.3376638810392495e-05,9.2491707176923986e-05,1.2366395672131929e-06,2.2813496432377448e-05,2.7182746751514495,1.1996989626382093,-0.19821565908615585,0.053520994590257095,1.7935120126082043,0.68400224443086743,3.4654764224277411e-07,1.7935610709340895,0.68398121518830091,4.2186851149037599e-09
3.9399999999999999,1970,0.0063232153914852852,0.015000605782098284,0,0.13853112533379053,5.2665338378683138e-05,8.4502028287940104e-05,1.1838243729262508e-06,2.3162298399097643e-05,2.7185863231631191,1.1997233186422691,-0.19819465510455042,0.053509839724943602,1.7932861057211065,0.68409832750840305,2.9698972937031088e-07,1.7933344800688367,0.68407750745479601,4.2167468724593774e-09
3.96,1980,0.0063238482124514965,0.015000566843464956,0,0.13860336544802987,5.1897269646924616e-05,7.7000727640077194e-05,1.1365904160902842e-06,2.3067693653563172e-05,2.7188963483998458,1.1997476709439834,-0.19817365513980764,0.053498684868593917,1.7930737185177812,0.68418866272944701,2.5055313380982651e-07,1.7931213574022367,0.68416807626296705,4.2149238360461361e-09
3.98,1990,0.0063244852328374259,0.015000529805899663,0,0.13867110649753175,5.1126558949237289e-05,6.9780001811020314e-05,1.0931789898935138e-06,2.3036072399968081e-05,2.7192047958073031,1.199772020272827,-0.19815265695669912,0.053487529295431394,1.7928745272097897,0.68427335131786715,2.0680415113099549e-07,1.792921442288701,0.68425303237700774,4.2132137761198637e-09
4,2000,0.0063251263689801576,0.015000494870924471,0,0.13873444165282653,5.0330008587655958e-05,6.3156170643833675e-05,1.053506197292075e-06,2.2972699315936647e-05,2.7195116923049327,1.1997963668661449,-0.19813166075583563,0.053476373212301601,1.7926882830237867,0.68435251382585782,1.6585508330776874e-07,1.7927344592579639,0.68433249286102016,4.2116143363271373e-09
4.0200000000000005,2010,0.0063257715201412157,0.0150004633551653,0,0.13879347360915123,4.9454564336233327e-05,5.6966603045806464e-05,1.0181650654405836e-06,2.2972699315936647e-05,2.719817051877131,1.1998207107242882,-0.19811066785354173,0.053465217272835104,1.7925147570900655,0.68442628244287118,1.2794869462840078e-07,1.7925601178416912,0.68440658115270026,4.2101230320220992e-09
4.04,2020,0.0063264205742004156,0.015000434997267897,0,0.13884830343518487,4.8500825091187918e-05,5.1155221494304046e-05,9.8673304085253338e-07,2.3036072399968081e-05,2.7201209020602994,1.1998450521188961,-0.19808967798726299,0.053454061492351712,1.7923536429780109,0.68449478669937569,9.297431532051339e-08,1.7923981124000954,0.68447542713701826,4.2087372487833468e-09
4.0600000000000005,2030,0.006327073412441135,0.015000409473949605,0,0.13889903700362149,4.7474312820437556e-05,4.5770549568287739e-05,9.5877760290816172e-07,2.3162298399097643e-05,2.7204232728515225,1.1998693913095086,-0.19806869083261883,0.053442905844092788,1.7922046131674674,0.68455816177554607,6.0800349486442032e-08,1.7922481219485462,0.68453916721990371,4.2074542409307563e-09
4.0800000000000001,2040,0.0063277299123846035,0.015000386506562826,0,0.13894578598025384,4.6378595705361798e-05,4.0767132852299058e-05,9.3391961180152044e-07,2.3036072399968081e-05,2.7207241960648347,1.1998937285263949,-0.19804770610999328,0.053431750307562378,1.7920673268878817,0.68461654977572017,3.1304216841271478e-08,1.792109809984183,0.68459794440192767,4.206271130042348e-09
4.0999999999999996,2050,0.0063283899613736415,0.015000363960951658,0,0.13898866052322201,4.5271553878093524e-05,3.6101604354825752e-05,9.1077129085955238e-07,2.3287840231354886e-05,2.7210237285230838,1.1999180643295899,-0.19802672168332075,0.053420594116622797,1.7919413643418041,0.68467009033257831,3.9822088978335578e-09,1.7919828243125258,0.68465190835198642,4.2051849034711241e-09
4.1200000000000001,2060,0.0063290534459252519,0.015000342215008679,0,0.13902778686372033,4.4130391304227552e-05,3.2195304973023749e-05,8.8944273352800224e-07,2.3004407680670755e-05,2.7213219083204119,1.1999423987897662,-0.19800573793017151,0.053409437483020884,1.7918263838151094,0.68471894329699334,-2.1096563442815868e-08,1.7918667968740889,0.68470121548098417,4.2041924128619348e-09
4.1399999999999997,2070,0.0063297202352284292,0.015000322805981823,0,0.13906330121254604,4.2900515232535814e-05,2.8572731261078417e-05,8.7062692655480322e-07,2.3225154141253322e-05,2.7216187600360957,1.1999667317470761,-0.1979847563879592,0.053398281093158334,1.7917220647431154,0.68476328084424876,-4.3685406067209001e-08,1.7917613435709909,0.6847460290155164,4.203290372668316e-09
4.1600000000000001,2080,0.0063303901869128576,0.015000305616413847,0,0.13909533826953011,4.1582771378163977e-05,2.5441881649397974e-05,8.5408779218009316e-07,2.2749503328951236e-05,2.7219143225450315,1.1999910633385718,-0.19796377693854111,0.053387124966712281,1.7916280057517762,0.68480327272355968,-6.3914879406346518e-08,1.7916660640935682,0.68478651907155319,4.2024753586693486e-09
4.1799999999999997,2090,0.0063310631517391209,0.015000290434317769,0,0.13912403775307797,4.018347735415471e-05,2.2556434745889217e-05,8.3956142389493976e-07,2.3443822150653013e-05,2.7222086375039827,1.2000153937064475,-0.19794279936929263,0.053375969073395479,1.7915437826964362,0.68483909469144955,-8.1946238265441916e-08,1.7915805417469861,0.68482286272812198,4.2017438064865034e-09
4.2000000000000002,2100,0.0063317389905326966,0.015000275170290617,0,0.13914953796583021,3.876303483146989e-05,2.013168567464644e-05,8.2589373387459385e-07,2.3067693653563172e-05,2.7225017720751725,1.2000397233361397,-0.19792182158900917,0.053364812625085918,1.7914688916049561,0.68487092023726159,-9.8316929993690773e-08,1.7915043432778508,0.68485524410099108,4.2010920101004926e-09
4.2199999999999998,2110,0.0063324175634770167,0.015000260267059603,0,0.13917199392658292,3.7299831167172906e-05,1.8627141836043019e-05,8.1324810534940195e-07,2.2972699315936647e-05,2.7227937744991859,1.200064052224797,-0.19790084404046981,0.053353655830561307,1.7914029075665669,0.68489894395551987,-1.129859130577205e-07,1.7914370187008219,0.68488385441635269,4.2005161203681251e-09
4.2400000000000002,2120,0.00633309871323015,0.015000247353857942,0,0.13919157107276256,3.5739196592895498e-05,1.7075472925031942e-05,8.0229840338907385e-07,2.2940947124789083e-05,2.7230846791527683,1.2000883801394331,-0.19787986835354543,0.053342499390779209,1.7913454275229586,0.68492337341772602,-1.2570865734441204e-07,1.7913781011252241,0.68490889208450578,4.2000121435391529e-09
4.2599999999999998,2130,0.0063337822705864201,0.015000236385791822,0,0.13920843337297639,3.4082085587731567e-05,1.6555285230907042e-05,7.9289699637129347e-07,2.3036072399968081e-05,2.7233745349413887,1.2001127071547586,-0.19785889448289423,0.05333134333032262,1.7912959663375256,0.68494441390786776,-1.3662387958762461e-07,1.7913271065816576,0.68493056277354003,4.1995759397731195e-09
4.2800000000000002,2140,0.0063344680734518126,0.015000225317491508,0,0.13922274279854632,3.2390628594718832e-05,1.63782182658682e-05,7.8404255682206827e-07,2.3225154141253322e-05,2.7236634172975385,1.2001370337135919,-0.19783792038173106,0.053320186864352692,1.7912539500546509,0.68496226770836843,-1.4635836066185471e-07,1.7912835338486144,0.68494907948301742,4.1992032216562265e-09
4.2999999999999998,2150,0.0063351559586323014,0.015000214600047723,0,0.13923467781981191,3.0645738882597327e-05,1.6018213462801612e-05,7.7589635041283682e-07,2.3162298399097643e-05,2.7239513828991617,1.2001613597825564,-0.1978169465012273,0.053309030189389407,1.7912188821457755,0.68497715806584036,-1.5486676091574123e-07,1.791246864279084,0.68496466261765765,4.1988895527181532e-09
4.3200000000000003,2160,0.0063358457596000657,0.015000203877850008,0,0.13924441969265844,2.8853017508863201e-05,1.6199215970291549e-05,7.6825902555448199e-07,2.3443822150653013e-05,2.7242384988724897,1.2001856854797042,-0.19779597248491898,0.053297873192754294,1.7911902195899341,0.68498931146628206,-1.6226961509314654e-07,1.7912165616271716,0.68497754006101896,4.1986303459489455e-09
4.3399999999999999,2170,0.0063365373019205473,0.015000193776441012,0,0.13925215989906087,2.69884094925251e-05,1.6018213462801612e-05,7.6135043556286304e-07,2.2781522350186147e-05,2.7245248248317946,1.2002100107275873,-0.19777499895864914,0.053286716144790393,1.7911674364284689,0.68499896719499354,-1.6851532817863969e-07,1.7911920718747045,0.68498794724918299,4.19842086231583e-09
4.3600000000000003,2180,0.0063372303908361379,0.015000186069325917,0,0.13925810003628336,2.4998825732774525e-05,1.6333651602943885e-05,7.5579788214497008e-07,2.3036072399968081e-05,2.7248104066369789,1.2002343352285043,-0.19775402769685632,0.053275559791414955,1.7911500228942012,0.68500637723481261,-1.7334886080739212e-07,1.7911728230578485,0.68499612724443726,4.1982562092800909e-09
4.3799999999999999,2190,0.0063379248346718793,0.015000178921247541,0,0.1392624334072439,2.2942091588587614e-05,1.7329712313881724e-05,7.5080256747149758e-07,2.3162298399097643e-05,2.7250953289292319,1.2002586593628295,-0.19773305686311549,0.05326440342322665,1.7911373211949018,0.68501178245348449,-1.77451269544364e-07,1.7911582250937175,0.68500233080895789,4.1981313393139137e-09
4.4000000000000004,2200,0.0063386204517937132,0.015000170766840494,0,0.1392653608726401,2.0863032399747375e-05,1.7621689505503623e-05,7.4575161051946893e-07,2.2972699315936647e-05,2.7253796836803694,1.2002829834605777,-0.19771208489066827,0.053253246411213997,1.7911286700690559,0.68501543328109105,-1.812537205162939e-07,1.7911476696069859,0.68500681647849371,4.1980410484172284e-09
4.4199999999999999,2210,0.0063393170463005169,0.015000163926730028,0,0.13926710529663638,1.8686885968396791e-05,1.8070981951380476e-05,7.4148938408896699e-07,2.3193747562800386e-05,2.7256635262465334,1.2003073071069725,-0.19769111410138049,0.053242089699750972,1.7911235302841566,0.68501760835323877,-1.8414008168851116e-07,1.7911405297565004,0.68500985063604858,4.1979799746345686e-09
4.4400000000000004,2220,0.006340014413951588,0.015000158704971542,0,0.13926788804658641,1.6404246310983976e-05,1.7663006536443448e-05,7.3805286239671908e-07,2.3225154141253322e-05,2.7259469317278127,1.2003316302696569,-0.19767014479978648,0.053230933447534663,1.7911212677325894,0.68501858373982649,-1.863998500797438e-07,1.7911361600618929,0.68501170758556496,4.1979425965719175e-09
4.46,2230,0.0063407123533201588,0.015000154128128306,0,0.13926793118374087,1.4045540671405196e-05,1.8899085298673496e-05,7.3504887880840254e-07,2.3536915126363769e-05,2.7262299941473302,1.2003559531649743,-0.19764917601113699,0.053219777266509699,1.7911211824972222,0.68501863629232462,-1.8840277779398717e-07,1.791133896230191,0.68501266962560703,4.1979232319135645e-09
4.4800000000000004,2240,0.0063414106788549224,0.015000149026652157,0,0.13926746489148989,1.164004333924525e-05,1.924308070525986e-05,7.3202767599690448e-07,2.3036072399968081e-05,2.7265128212298917,1.2003802760754481,-0.19762820656460434,0.053208620687599746,1.7911225573400453,0.68501805224067647,-1.9152143989463876e-07,1.7911330549824307,0.68501302712304379,4.1979160359389457e-09
4.5,2250,0.0063421092171795316,0.015000143343443104,0,0.13926673193201522,9.1783523968945301e-06,1.9090959104164312e-05,7.2896455915698803e-07,2.3036072399968081e-05,2.7267955218805127,1.2004045990436436,-0.19760723640328559,0.053197463684093414,1.7911247021831993,0.68501713329606129,-1.9741642225742697e-07,1.7911329338802684,0.68501307858673222,4.1979150000395028e-09
4.5200000000000005,2260,0.0063428077623116884,0.015000140888363439,0,0.13926594805672085,6.6860646966723443e-06,1.939400914049012e-05,7.2765081010787696e-07,2.3099271619960363e-05,2.727078173607389,1.2004289205497924,-0.19758626934580201,0.053186307763532725,1.7911270132107533,0.6850161614834116,-1.8902581745614465e-07,1.7911328825400135,0.68501299042463892,2.5686814310925617e-07
4.54,2270,0.0063435062147852734,0.015000145925707319,0,0.13926499976892609,4.7780334042861509e-06,1.9469034601067135e-05,7.3179914820334181e-07,2.265317472408141e-05,2.7273608002130012,1.2004532410365469,-0.19756530965567529,0.053175149524806974,1.7911291873918211,0.68501532324540759,2.7328406272307898e-07,1.7911325265758566,0.68501237915877722,2.0087399401186185e-06
4.5600000000000005,2280,0.0063442038476502743,0.015000160636248564,0,0.13926256104223678,5.3159828818036323e-06,1.9167170820781278e-05,7.3799610376903648e-07,2.3004407680670755e-05,2.7276431165787733,1.2004775601015945,-0.19754435950641605,0.053163996815050886,1.791130688853366,0.68501406018579147,2.6579760055470244e-06,1.791131570710927,0.68501073773621013,6.7130136158787813e-06
4.5800000000000001,2290,0.0063449000407937682,0.015000178928574139,0,0.13925695389235182,8.2021818779453644e-06,1.8627141836043019e-05,7.4343135721433182e-07,2.2717439178655149e-05,2.7279248749107246,1.2005018781255961,-0.19752341280558317,0.053152849855917936,1.79113097448543,0.68501159935043898,8.7345670099576388e-06,1.791129729761183,0.68500757643552712,1.5773217784057403e-05
4.6000000000000005,2300,0.0063455945516196809,0.015000195143803944,0,0.1392468160350343,1.2010577554361011e-05,1.8627141836043019e-05,7.4873504466602316e-07,2.2813496432377448e-05,2.7282059506372955,1.2005261964649754,-0.19750246389386292,0.053141701765531284,1.7911297962479802,0.68500739541478706,2.0050210199636772e-05,1.7911267285210879,0.68500242267052514,3.0543772007200174e-05
4.6200000000000001,2310,0.0063462870311692321,0.015000209093407782,0,0.1392308420228717,1.6185664719567128e-05,1.8587967992817196e-05,7.536704396480971e-07,2.3162298399097643e-05,2.7284861635856958,1.2005505151927969,-0.1974815125824444,0.053130552410520504,1.7911269465231354,0.68500091513462202,3.8073624795322487e-05,1.7911223016492868,0.68499482079388907,5.2330549441786402e-05
4.6399999999999997,2320,0.006346977155758513,0.015000221731612345,0,0.13920781127998569,2.0540298349598234e-05,1.8899085298673496e-05,7.5845763015469644e-07,2.3412708902503816e-05,2.7287653442185809,1.2005748341614941,-0.19746055982608629,0.053119402223987949,1.7911222478335518,0.68499166427772573,6.4184687754928008e-05,1.791116193554281,0.68498433190087349,8.2391439483292129e-05
4.6600000000000001,2330,0.0063476646053657665,0.015000232983175819,0,0.13917657294951571,2.4970971294900063e-05,1.9014441926092368e-05,7.629246944456371e-07,2.3036072399968081e-05,2.7290433370140939,1.2005991533768938,-0.19743960554968243,0.053108251291147462,1.7911154831586864,0.68497917514637696,9.9683375693439277e-05,1.7911081582801045,0.68497053363298321,0.0001219369104112488
4.6799999999999997,2340,0.0063483490762203118,0.015000243057195245,0,0.13913604082823791,2.9411185389221414e-05,1.8821788102366937e-05,7.6709961804344106e-07,2.3381554252771861e-05,2.7293199950808371,1.2006234728113496,-0.19741864996267261,0.053097099682512347,1.7911064457105335,0.68496300859696901,0.00014580135275558124,1.7910979593919991,0.68495301998165425,0.00017213057203429544
4.7000000000000002,2350,0.0063490302902253441,0.015000252626616336,0,0.13908518937887468,3.3818635521424264e-05,1.943155808007896e-05,7.712621369719431e-07,2.3099271619960363e-05,2.7295951832593834,1.2006477923599046,-0.19739769373853672,0.053085947624776739,1.7910949474930755,0.68494275247051117,0.00020370692579797382,1.7910853698620908,0.68493140109193518,0.00023408973833525141
4.7199999999999998,2360,0.0063497079785370036,0.015000261747840648,0,0.13902304574329308,3.8156947863222927e-05,1.9129102916627893e-05,7.7541239582077512e-07,2.347489416183844e-05,2.7298687773262529,1.200672112018883,-0.19737673693380792,0.053074795138123555,1.791080782338792,0.68491801397200036,0.00027450859492216104,1.7910701719550652,0.68490530306616781,0.00030888599011615715
4.7400000000000002,2370,0.0063503818648705662,0.015000269509989004,0,0.13894868378695377,4.2387661544950601e-05,1.943155808007896e-05,7.7909467673918135e-07,2.3004407680670755e-05,2.7301406567103865,1.2006964319734141,-0.19735577863720929,0.053063641796173747,1.7910637148624411,0.68488841568212011,0.00035926012156950373,1.7910521571138436,0.68487436776766808,0.0003975457376433557
4.7599999999999998,2380,0.0063510516954644013,0.015000276091768737,0,0.13886123204195483,4.6495081025125758e-05,2.0276000680978352e-05,7.8234799478953766e-07,2.3193747562800386e-05,2.7304107019701753,1.2007207521924668,-0.19733481902765654,0.053052487683792907,1.7910435598164041,0.6848536063644699,0.0004589621674070195,1.7910311258452574,0.68483825262440767,0.00050105078329252476
4.7800000000000002,2390,0.0063517172427781255,0.015000282260357066,0,0.13875986829062376,5.0475552106738644e-05,2.0773209379101241e-05,7.8550944244127927e-07,2.3067693653563172e-05,2.730678802720484,1.2007450725299751,-0.19731385887272274,0.053041333165821568,1.7910201599357041,0.68481325617371303,0.00057456540548616924,1.7910068876057255,0.68479663043269423,0.00062033888419376802
4.7999999999999998,2400,0.0063523782687674333,0.015000287161586027,0,0.13864380828665523,5.4310977023735191e-05,2.1429548445808714e-05,7.8810103501339283e-07,2.3350358035739973e-05,2.7309448556408418,1.200769393138984,-0.19729289731756755,0.053030177950338146,1.7909933061997174,0.68476704379997144,0.0007069726044081373,1.7909792606869295,0.68474918916085303,0.00075630431487663677
4.8200000000000003,2410,0.0063530345544209645,0.015000291004271867,0,0.13851231479070605,5.7997153080805092e-05,2.2426798989897964e-05,7.9021307677662224e-07,2.3225154141253322e-05,2.7312087576531661,1.2007937139866813,-0.19727193457122597,0.053019022108493123,1.7909628355328762,0.68471466968644934,0.00085704174365081986,1.7909480721014885,0.6846956317529076,0.00090979842991523098
4.8399999999999999,2420,0.0063536859059012355,0.015000294562033356,0,0.13836469491599715,6.1537213209179265e-05,2.3162298399097643e-05,7.9224689383458249e-07,2.3225154141253322e-05,2.7314704142349675,1.2008180349406952,-0.19725097140785652,0.053007865922508293,1.7909286118622487,0.68465585284311947,0.0010255866489230279,1.7909131574686368,0.6846356759322606,0.0010816302265732117
4.8600000000000003,2430,0.0063543321374466008,0.015000297872612593,0,0.13820029487867344,6.4928257903265705e-05,2.4744711127599622e-05,7.9421282136266719e-07,2.3350358035739973e-05,2.731729740733833,1.2008423559963031,-0.19723000786518574,0.052996709416393693,1.7908904795621285,0.6845903238895007,0.0012133768793064987,1.7908743608998967,0.68456905400537527,0.001272566907448913
4.8799999999999999,2440,0.0063549730736788025,0.015000300924699322,0,0.13801850163452453,6.8167926596881742e-05,2.6287356432399194e-05,7.9609743064800263e-07,2.3099271619960363e-05,2.7319866575802489,1.2008666771572512,-0.19720904393187078,0.052985552592492373,1.7908482883447434,0.68451782806132189,0.0014211395003808202,1.7908315348847574,0.68449551266545616,0.0014833344431203408
4.9000000000000004,2450,0.0063556085509601148,0.015000303712096215,0,0.13781874270156216,7.1255086277597e-05,2.7875415369281657e-05,7.9789100425511933e-07,2.3536915126363769e-05,2.7322410899659269,1.2008909984261218,-0.19718807960169454,0.052974395454274147,1.7908018969639381,0.68443812537416593,0.001649560061115046,1.7907845401763487,0.68441481279613026,0.0017146181347902994
4.9199999999999999,2460,0.0063562384172371859,0.015000306234024293,0,0.13760048568859976,7.4189535914950997e-05,3.0064472461725659e-05,7.9958725362609326e-07,2.2909150924997221e-05,2.7324929677875391,1.2009153198042704,-0.19716711487386157,0.052963238007488429,1.790751173040448,0.68435099028973645,0.0018992833860388776,1.790733245677117,0.68432672927512772,0.0019670631769313773
4.9400000000000004,2470,0.0063568625317629622,0.015000308492092248,0,0.13736323785529173,7.697171800334125e-05,3.2510731868091709e-05,8.0118171574245742e-07,2.3443822150653013e-05,2.7327422255921285,1.2009396412923636,-0.19714614974996192,0.052952080258989259,1.7906959926372028,0.68425621137994841,0.0021709143029629207,1.7906775283245018,0.68423105077796309,0.0022412752199310851
4.96,2480,0.0063574807648879251,0.015000310488709112,0,0.13710654572955108,7.9602529166372519e-05,3.4952621358355786e-05,8.0267095356147002e-07,2.3225154141253322e-05,2.7329888025194027,1.200963962890677,-0.19712518423238753,0.052940922215954575,1.7906362399911093,0.68415359103869633,0.0024650183289973205,1.7906172729766103,0.6841275795816163,0.002537820932736828
4.9800000000000004,2490,0.0063580929978889825,0.015000312226548412,0,0.13682999476317884,8.2083195135315479e-05,3.764357620473439e-05,8.0405227182994769e-07,2.3099271619960363e-05,2.7332326422355666,1.2009882845992135,-0.19710421832379399,0.052929763885572648,1.7905718073315693,0.68404294522499021,0.0027821223242527515,1.7905523722978944,0.68401613136821371,0.0028572285655010599
5,2500,0.0063586991406052911,0.015000314912451582,0,0.13653321267700838,8.4425305870172444e-05,4.0998918112699998e-05,8.0599731170185105e-07,2.2940947124789083e-05,2.7334736937089388,1.2010126062075082,-0.19708325323193682,0.052918605699481099,1.7905026352466322,0.68392410872138221,0.0031227164518310277,1.7904827266448253,0.68389653502870884,0.0031999885122262406
5.0200000000000005,2510,0.0063592991239630713,0.015000319673799709,0,0.13621586745010214,8.6642159443776461e-05,4.4346946078767742e-05,8.0906822747599531e-07,2.3381554252771861e-05,2.7337119177548814,1.2010369274824155,-0.19706229008450316,0.052907448260058706,1.7904286676116508,0.68379692980893958,0.0034872506684529665,1.7904082439515701,0.68376863246656383,0.0035665538734100063
5.04,2520,0.0063598928831352739,0.015000327005748066,0,0.13587765905932789,8.8736074818077703e-05,4.7857040207728578e-05,8.135917558314777e-07,2.3004407680670755e-05,2.7339472834523106,1.2010612483652849,-0.19704132937692712,0.052896291666611965,1.7903498270691967,0.68366126433017294,0.0038761410574625352,1.7903288396156667,0.68363227840143004,0.0039573410186901047
5.0600000000000005,2530,0.006360480341568193,0.015000335192673091,0,0.1355183168141898,9.0688530064277678e-05,5.1792473735518297e-05,8.1867727245984543e-07,2.2972699315936647e-05,2.7341797704018131,1.2010855691789595,-0.1970203693926072,0.052885135175736404,1.7902659647948869,0.68351696943967277,0.0042897660395184983,1.7902444363837,0.68348734017282908,0.0043727301494895848
5.0800000000000001,2540,0.0063610614279132156,0.015000342512191322,0,0.13513761060948482,9.2486267878876303e-05,5.5763903978453549e-05,8.2333592203099091e-07,2.3287840231354886e-05,2.7344093557022076,1.2011098902089714,-0.19699940840807803,0.052873978195092514,1.7901769502369698,0.68336391718962708,0.0047284662247909035,1.7901549642369781,0.68333369754383411,0.0048130658616617281
5.1000000000000005,2550,0.0063616361144323164,0.015000351035458997,0,0.13473536593392013,9.4158551138138656e-05,6.0503583718882237e-05,8.2863404552262371e-07,2.3225154141253322e-05,2.7346360036784434,1.2011342110533467,-0.19697844849545534,0.052862821801516226,1.7900828064406069,0.68320201444878215,0.0051925467915128051,1.7900603602772065,0.68317124250475059,0.0052786577081352284
5.1200000000000001,2560,0.0063622043899648614,0.015000363223845507,0,0.1343114392799501,9.5728230733821849e-05,6.5200586565193118e-05,8.3610494120089838e-07,2.3505925099591037e-05,2.7348596872709301,1.2011585314025714,-0.1969574921172548,0.052851666655591836,1.7899835656878049,0.68303117802618274,0.0056822855934705345,1.789960568612166,0.68299987907679727,0.0057697807615591313
5.1399999999999997,2570,0.0063627662103943787,0.015000376780945112,0,0.1338657023290597,9.7166917551663214e-05,7.00510741072238e-05,8.4455409923563469e-07,2.2940947124789083e-05,2.7350804065175764,1.201182851650705,-0.1969365369759046,0.052840511734558344,1.7898790782565464,0.68285130797469717,0.0061979231800809416,1.789855540241386,0.68281952311578731,0.0062866761769480037
5.1600000000000001,2580,0.0063633215358604731,0.015000389024624035,0,0.13339806685357028,9.8450147926472972e-05,7.5316192777923895e-05,8.5235937572384111e-07,2.3536915126363769e-05,2.7352981611678699,1.2012071721723827,-0.19691558038804735,0.052829356183788097,1.7897692005463606,0.68266231763907104,0.0067396621241106042,1.7897452329418226,0.68263010211580932,0.0068295517543269513
5.1799999999999997,2590,0.006363870354821664,0.015000399606827067,0,0.13290849100459393,9.9579919133103913e-05,8.0897024071630846e-05,8.5926410029743295e-07,2.3225154141253322e-05,2.7355129395067479,1.2012314930363359,-0.19689462200553509,0.052818199850685331,1.789653896678387,0.6824641468529854,0.0073076751554827114,1.7896296111535324,0.6824315550129082,0.0073985825013765981
5.2000000000000002,2600,0.0063644126678557228,0.015000408601928441,0,0.1323969702455893,0.00010056318317036407,8.6875401649470421e-05,8.6526715879125951e-07,2.3004407680670755e-05,2.7357247307825716,1.2012558142333944,-0.19687366190280603,0.052807042763588226,1.7895331552983311,0.68225674921797719,0.0079021032578303636,1.7895086458653493,0.68222383198876624,0.0079939111960783144
5.2199999999999998,2610,0.0063649485904679675,0.015000421894963527,0,0.1318635843124735,0.00010150061020581226,9.2869225918218576e-05,8.7371102281589883e-07,2.3381554252771861e-05,2.7359335131394875,1.201280135366495,-0.19685270596460477,0.052795887153620429,1.789407252465693,0.68204014372493582,0.0085230479460967866,1.7893823145005601,0.68200689427438399,0.0086156489493590775
5.2400000000000002,2620,0.0063654781151206083,0.015000439621872365,0,0.13130838258149524,0.00010237398432263217,9.8993572409384559e-05,8.8489932841289393e-07,2.2781522350186147e-05,2.7361392926561043,1.201304456174459,-0.19683175432756644,0.052784733218072893,1.789276121977831,0.68181428939168043,0.0091705923702405032,1.7892506008025797,0.68178071395376161,0.0092638757677367366
5.2599999999999998,2630,0.0063660011754319203,0.015000456759371483,0,0.13073141579234832,0.00010309467780325319,0.00010552310699881134,8.959823673976832e-07,2.3319120084582497e-05,2.7363420973970722,1.2013287769828971,-0.19681080196892509,0.052773579040201905,1.7891394825368288,0.68157911721643394,0.0098447914118093872,1.7891134947206273,0.68154527376757945,0.0099386411159648625
5.2800000000000002,2640,0.0063665178008834407,0.015000471644150101,0,0.13013281224891449,0.00010365146750746465,0.00011244558706095737,9.0581947923536897e-07,2.2813496432377448e-05,2.736541944036599,1.2013530981250833,-0.19678984722457757,0.052762423883374453,1.7889972821728901,0.68133461526922101,0.010545660827781956,1.7889709922954022,0.68130056691687924,0.01063996447967802
5.2999999999999998,2650,0.0063670280430036157,0.015000483956934259,0,0.12951274184900824,0.00010405229148423161,0.00011980850768396071,9.1410379734023246e-07,2.3036072399968081e-05,2.7367388437230971,1.2013774196879325,-0.19676888977503351,0.052751267598461875,1.7888495391258541,0.68108079171497893,0.011273187479891518,1.7888230955447593,0.68104659686674518,0.011367835928036597
5.3200000000000003,2660,0.0063675319583982211,0.015000493825996082,0,0.1288714082415027,0.00010430785368995419,0.00012739264119506239,9.2084406397548719e-07,2.2845425764212974e-05,2.7369328073503794,1.2014017416618232,-0.19674792974857827,0.052740110238822538,1.7886962882545141,0.6808176656507553,0.012027330146749218,1.7886698123493845,0.68078337714998471,0.012122216676372123
5.3399999999999999,2670,0.0063680296068460637,0.015000501476179914,0,0.1282090472889173,0.0001044276724427862,0.00013541937389908215,9.2613946166020798e-07,2.347489416183844e-05,2.737123848059841,1.2014260640133536,-0.19672696737014472,0.052728951900280673,1.7885375667000003,0.68054526515312785,0.012808019602347577,1.7885111563384712,0.68051093117080985,0.012903039648832038
5.3600000000000003,2680,0.0063685210521049421,0.01500050712261846,0,0.12752592672465535,0.00010441955600950079,0.00014373856831060764,9.301029212106751e-07,2.2781522350186147e-05,2.7373119820579377,1.2014503867086463,-0.196706002854977,0.052717792672891423,1.7883734117159245,0.68026362698687837,0.0136151589713982,1.7883471467753955,0.68022929200851778,0.013710210041025066
5.3799999999999999,2690,0.0063690063627308722,0.015000510950669232,0,0.12682234595969613,0.0001042898625437562,0.00015235972865387435,9.3284151658633741e-07,2.3350358035739973e-05,2.7374972287708057,1.2014747097183596,-0.19668503638853665,0.052706632632679364,1.7882038614226421,0.67997279661127874,0.014448624239656316,1.7881778084433919,0.67993850222117225,0.014543605882665947
5.4000000000000004,2700,0.0063694856125866995,0.01500051311865771,0,0.12609863585736814,0.00010404384699763904,0.00016128866612460206,9.3445396671295895e-07,2.2717439178655149e-05,2.7376796107885126,1.2014990330176119,-0.19666406812923967,0.052695471843622534,1.7880289558761173,0.67967282818622921,0.01530826480840543,1.7880031715312295,0.67963861364928424,0.015403078600220825
5.4199999999999999,2710,0.006369958881120962,0.015000513763776806,0,0.12535515845861545,0.00010368594956968877,0.00017040860011234061,9.350317867028357e-07,2.262097403300073e-05,2.7378591537790129,1.2015233565850167,-0.19664309821435053,0.052684310360687214,1.7878487379093391,0.67936378453238866,0.016193904056291387,1.7878232715188866,0.67932968721949327,0.016288453579551988
5.4400000000000004,2720,0.0063704266312976697,0.015000511063701654,0,0.12459244538326675,0.00010340425191917649,0.00017890174344907747,9.3185153358981982e-07,2.2940947124789083e-05,2.7380359668285044,1.2015476842330783,-0.19662212480088789,0.052673146391381022,1.7876636193355364,0.67904586474551631,0.017105282102336288,1.787638149063228,0.67901179274824819,0.017199530728563214
5.46,2730,0.0063708888338512163,0.015000509450473928,0,0.12381086928922524,0.00010315138458601426,0.00018710698302827625,9.2846688726392608e-07,2.2524095754713237e-05,2.7382100449552569,1.2015720139594106,-0.19660115232915368,0.052661982284058606,1.7874736085215543,0.67871910760630128,0.018042202302304085,1.7874478498836799,0.67868500874548798,0.018136085039844593
5.4800000000000004,2740,0.0063713452508039805,0.015000510907040198,0,0.12301074969708545,0.00010275077770595178,0.00019585500453077266,9.2752312143801601e-07,2.2972699315936647e-05,2.7383813646420427,1.2015963423354836,-0.19658018280084388,0.052650819762863982,1.7872783994538506,0.67838347747220473,0.019004468697986034,1.7872524246479051,0.67834942221832351,0.019097867153317793
5.5,2750,0.0063717959900483241,0.015000511931260084,0,0.12219256416243759,0.00010217844619199322,0.00020507991313976543,9.2660673521176885e-07,2.3036072399968081e-05,2.7385499917247316,1.201620670100765,-0.19655921271175719,0.052639657222581529,1.7870779361631159,0.67803905941500175,0.01999179903640599,1.7870519288574795,0.67800512847471761,0.020084603918880884
5.5200000000000005,2760,0.0063722411927218644,0.015000510928115069,0,0.12135683566129649,0.00010144305585628543,0.00021469988324558935,9.2457741593800643e-07,2.3036072399968081e-05,2.7387159828039227,1.2016449976938934,-0.19653824046526464,0.052628493906149959,1.7868722691831647,0.67768596506073486,0.021003886729370994,1.7868464227335681,0.67765223092716675,0.021095998959053713
5.54,2770,0.0063726810005191809,0.015000507494133808,0,0.12050411528239349,0.0001005598699722542,0.00022462847911353161,9.2113760993287202e-07,2.2717439178655149e-05,2.7388793867229042,1.2016693252713766,-0.19651726565719918,0.052617329608523292,1.786661488838494,0.67732431549218164,0.022040406433585548,1.7866359711025996,0.6772908408963817,0.022131733231622569
5.5600000000000005,2780,0.0063731155531334995,0.01500050172151661,0,0.11963498057897171,9.9544315398546331e-05,0.00023485449280965948,9.1635221929815001e-07,2.3036072399968081e-05,2.7390402499978248,1.2016936528681386,-0.19649628837950739,0.052606164352641843,1.7864456972641771,0.6769542384475391,0.023101012761366845,1.7864206432819429,0.67692107741496854,0.023191465592285666
5.5800000000000001,2790,0.0063735449892477992,0.015000493860215939,0,0.11875003536651907,9.8409991023252691e-05,0.00024531993874448061,9.1040903051431368e-07,2.2813496432377448e-05,2.7391986196478482,1.2017179804775884,-0.19647530888207043,0.05259499823279927,1.7862249980533274,0.67657586772137257,0.024185339661823541,1.7862005129655829,0.67654306703110989,0.024274833357297777
5.6000000000000005,2800,0.0063739694476535307,0.015000484181140843,0,0.11784990945848453,9.7168162680543694e-05,0.00025599545364517423,9.0351870369798817e-07,2.2685329707937426e-05,2.7393545443456091,1.2017423080836349,-0.19645432743578312,0.052583831352549341,1.7859994933149539,0.67618934298944999,0.025293000533243452,1.7859756581097956,0.67615694361224565,0.025381452866115727
5.6200000000000001,2810,0.0063743890681313932,0.01500047292965764,0,0.11693525836595559,9.5827900118864822e-05,0.00026683397412261152,8.9587910205665938e-07,2.2940947124789083e-05,2.7395080747929157,1.2017666356715695,-0.19643334428600412,0.052572663804414978,1.7857692835820669,0.67579480979538631,0.026423588621257103,1.7857461608188248,0.67576284814875431,0.026510920044043013
5.6399999999999997,2820,0.0063748039921066799,0.015000460315162363,0,0.11600676297974619,9.4396456233883621e-05,0.00027782954129680003,8.8766610617338856e-07,2.2717439178655149e-05,2.7396592637924644,1.2017909632307344,-0.19641235964211196,0.052561495665774463,1.7855344686446517,0.67539241959539398,0.027576677506510026,1.7855121072305566,0.67536092855763352,0.027662810964875252
5.6600000000000001,2830,0.0063752143631120176,0.015000446513387975,0,0.11506512921156825,9.2879685326846233e-05,0.00028891377246993385,8.7903414915293007e-07,2.262097403300073e-05,2.7398081662019438,1.2018152907543467,-0.19639137367980497,0.052550327000176311,1.7852951485388442,0.67498232979774075,0.028751821622113857,1.7852735874021963,0.67495133948618147,0.028836682413545027
5.6799999999999997,2840,0.0063756203270850173,0.015000431672216851,0,0.11411108757556809,9.1282412843317053e-05,0.00030012056397842409,8.7011962591055584e-07,2.262097403300073e-05,2.7399548388471917,1.2018396182385502,-0.19637038654692071,0.052539157859995758,1.7850514244143165,0.67456470376751343,0.029948556784561993,1.7850306951959434,0.67453424211567781,0.030032072448766867
5.7000000000000002,2850,0.006376022032528135,0.015000415917674719,0,0.1131453927038549,8.9608730444297997e-05,0.00031136880240236397,8.610445867096325e-07,2.2165253030559974e-05,2.740099340414647,1.2018639456814413,-0.19634939836943124,0.052527988289047305,1.7848033992040786,0.67413971078928037,0.031166400732857948,1.7847835281646673,0.67410980396506437,0.03124850096568264
5.7199999999999998,2860,0.0063764196305583281,0.015000399359035467,0,0.11216882279690993,8.7862218081563706e-05,0.00032261574493838154,8.5191985353505607e-07,2.2394272795856101e-05,2.7402417313582097,1.2018882730822471,-0.1963284092565529,0.052516818324757637,1.7845511781001639,0.67370752599071504,0.032404853673332137,1.7845321874375839,0.67367819869462664,0.032485470258506198
5.7400000000000002,2870,0.0063768132748725026,0.015000382092859615,0,0.11118044325394011,8.6046104923512379e-05,0.00033388553830374231,8.4284735298064968e-07,2.2426798989897964e-05,2.7403820737907125,1.2019126004407124,-0.19630741930478951,0.052505647999863236,1.7842948688657287,0.67326833023398414,0.033663398828560155,1.7842767776059298,0.67323960590967435,0.033742465583168797
5.7599999999999998,2880,0.0063772031216514282,0.01500036420604744,0,0.11017686316832451,8.4163382969583143e-05,0.00034514849030926762,8.3392168618010225e-07,2.262097403300073e-05,2.7405204313908529,1.2019369277567016,-0.19628642860098416,0.052494477343686057,1.7840345820195329,0.67282230998208181,0.034941502989289629,1.7840174066086398,0.67279421096422265,0.035018955719963822
5.7800000000000002,2890,0.0063775905297936983,0.015000307990787774,0,0.10916021204682499,8.2587383964156003e-05,0.00035377561346493501,8.0655486785037058e-07,2.2491710265994076e-05,2.7406573472831561,1.2019612732725076,-0.1962653993559843,0.052483282429874378,1.7837706132465017,0.6723699790492822,0.036238371183380746,1.7837541856180208,0.67234220476467321,0.036314393536192251
5.7999999999999998,2900,0.006377975305103898,0.01500022704886962,0,0.10813534975449132,8.1176613280853899e-05,0.00036080397519631924,7.7563841302627363e-07,2.2459278078588273e-05,2.7407927385778614,1.2019856310662131,-0.19624434519637718,0.05247207211255811,1.7835030786327684,0.67191140733239407,0.037553548233804857,1.7834872289254291,0.67188378357349499,0.037628216548807235
5.8200000000000003,2910,0.0063783565217853996,0.015000156079988929,0,0.1071030391241076,7.9565254338584456e-05,0.00036867602937838624,7.5831726641740382e-07,2.2230927998283902e-05,2.7409262493153324,1.202009984494832,-0.1962233008973141,0.052460868180808237,1.7832319111727599,0.67144647905958976,0.038886697635981009,1.7832166538269452,0.67141914881290543,0.038959847487059641
5.8399999999999999,2920,0.006378734312083776,0.01500009386687929,0,0.10606416134412722,7.7741110800540577e-05,0.00037736408839494326,7.5146308561665497e-07,2.2198114802541581e-05,2.741057957852135,1.2020343334729182,-0.19620226524361947,0.052449669653565685,1.7829571379274258,0.67097539273315998,0.040237218200471443,1.78294258050905,0.67094850686855145,0.040308694855142629
5.8600000000000003,2930,0.0063791089066683668,0.015000037403667401,0,0.10501961801198967,7.5740645318134273e-05,0.00038655303091308636,7.5213684339661279e-07,2.265317472408141e-05,2.7411879709117795,1.2020586789773728,-0.19618123522514974,0.052438474818434409,1.7826788498179269,0.67049839055437654,0.041604471107002161,1.7826651319343001,0.67047206889319011,0.041674153494837218
5.8799999999999999,2940,0.0063794805295117494,0.014999984830432895,0,0.10397077122639245,7.3597097399035052e-05,0.00039608288492226564,7.5850925551628387e-07,2.2000207897163392e-05,2.7413163842177162,1.2020830216920073,-0.19616020897875341,0.052427282631103571,1.7823971752182473,0.67001571409671246,0.042987814495296574,1.7823844337270038,0.66999005061037031,0.043055605148156859
5.9000000000000004,2950,0.006379849391682452,0.014999935212041352,0,0.10291906075893856,7.1337612125760343e-05,0.00040582727275880587,7.693338308627184e-07,2.2491710265994076e-05,2.7414432842037115,1.2021073620317879,-0.19613918556722004,0.052416092535300357,1.7821122620021639,0.66952760288546032,0.044386602326358791,1.7821006140588971,0.66950267211811287,0.044452419019992903
5.9199999999999999,2960,0.0063802156951225418,0.014999888131666063,0,0.10186556799582325,6.8984855149299289e-05,0.00041570974418081376,7.8362479406847748e-07,2.206637408534863e-05,2.7415687523034507,1.2021317002615211,-0.19611816457231235,0.052404904241323429,1.7818242665715036,0.66903429648114487,0.045800181234523667,1.7818138035348183,0.66901015769259253,0.045863952340759309
5.9400000000000004,2970,0.0063805796353186266,0.01499984342960785,0,0.10081132400642051,6.6557718726147696e-05,0.00042560766125443971,8.0053227643428648e-07,2.1733528855063329e-05,2.7416928675695877,1.2021560365696908,-0.19609714583326668,0.052393717592514454,1.7815333476351631,0.66853603539272699,0.047227889125648466,1.7815241350783853,0.66851273559181823,0.047289550929038048
5.96,2980,0.0063809414027674351,0.014999801060876373,0,0.099757369725346157,6.4071673171099068e-05,0.00043545803962167281,8.1930754543168906e-07,2.2132342465963256e-05,2.74181570803654,1.2021803711055179,-0.19607612930421714,0.052382532494755524,1.7812396630427925,0.6680330613838763,0.048669054790381271,1.7812317438176704,0.66801063785931414,0.048728549754223763
5.9800000000000004,2990,0.0063813017643426402,0.014999839042400633,0,0.098704770520431223,6.1534790359244696e-05,0.00044789684820866269,8.0702702626288986e-07,2.1867274910380131e-05,2.7419370784813228,1.202204677331834,-0.1960551931192534,0.052371388170216401,1.7809444962296153,0.66752573212331845,0.050123187198239695,1.7809367669708756,0.66750410012780104,0.050180273499169301
6,3000,0.0063816675168221256,0.014999914203942486,0,0.097653418948468129,5.8766411865601709e-05,0.00046565193493939709,7.8345855895917875e-07,2.1900583802360337e-05,2.7420591067549105,1.2022289701628261,-0.19603429402154898,0.052360266891099599,1.7806472001419449,0.66701396661785373,0.05158956516741775,1.7806393437320096,0.66699336142287735,0.051644037122830347
6.0200000000000005,3010,0.0063820398304658818,0.01499997679658145,0,0.096598678817213901,5.6070105044071826e-05,0.00048720486710251363,7.7021382453952601e-07,2.1800504449438904e-05,2.7421823083337786,1.2022532704396711,-0.19601338215750672,0.052349139188763778,1.7803478472128265,0.66649819361816964,0.053067236090193912,1.7803396151565625,0.66647866396669941,0.053119146422910733
6.04,3020,0.0063824168318856915,0.01500004945116162,0,0.095547745933956346,5.3641844640673996e-05,0.00050908969731180964,7.6474225452968086e-07,2.183391520383078e-05,2.7423061073101103,1.2022775715802423,-0.19599248020173349,0.052338013914632768,1.7800469986159706,0.66597893033930522,0.054555476071439603,1.7800377240471819,0.6659602529816635,0.054604898598507333
6.0600000000000005,3030,0.0063827975470814539,0.015000100054924255,0,0.094502029297141049,5.0891606469055772e-05,0.00053199621750232981,7.6576817591874922e-07,2.206637408534863e-05,2.7424305726817111,1.2023018764469973,-0.19597155603872246,0.052326879631698707,1.7797428492268026,0.66545597355784614,0.056053692741318627,1.7797338148393482,0.66543837649408599,0.056100582812755415
6.0800000000000001,3040,0.0063831816461863682,0.015000163722741959,0,0.093463039125892822,4.8232043685627606e-05,0.00055357461275777902,7.7716221708996919e-07,2.1900583802360337e-05,2.7425554162611614,1.2023261758355552,-0.1959506448366912,0.052315748737414354,1.7794367015039572,0.66493003229583336,0.057561087870664204,1.7794280334870516,0.66491328513788484,0.057605480755473192
6.1000000000000005,3050,0.0063835688346348986,0.01500020905869376,0,0.092431496288537529,4.543112126231368e-05,0.00057533195484694175,7.8934464682287659e-07,2.183391520383078e-05,2.7426806652044404,1.2023504806040051,-0.19592971514380358,0.05230460990017969,1.779128384335295,0.66440098720212737,0.059076986102338205,1.7791205273484658,0.66438523195826027,0.059118867205807502
6.1200000000000001,3060,0.0063839589614286228,0.015000247995023393,0,0.091408534212869402,4.2612101915943503e-05,0.00059637173968637579,8.0277099639788472e-07,2.2132342465963256e-05,2.7428062318407904,1.2023747874299646,-0.19590877891334593,0.052293467833884423,1.7788184131068208,0.66386923384589058,0.060600649040287856,1.7788114450716257,0.6638544722153763,0.06064001059487828
6.1400000000000006,3070,0.0063843515529957654,0.015000273411961805,0,0.090388227257469977,3.9713089914622342e-05,0.00061684422150382035,8.1287064514220837e-07,2.1598954627055457e-05,2.7429320347695558,1.202399098342003,-0.19588782901313645,0.052282319794228878,1.778506778385599,0.6633349417563259,0.062131351042432538,1.7785009364801017,0.66332126318804085,0.062168173568424086
6.1600000000000001,3080,0.0063847465458464481,0.015000294536418813,0,0.089376094229417447,3.6828831599870875e-05,0.00063597369104364935,8.2228547201985517e-07,2.2296409518597789e-05,2.7430580344001743,1.202423410756075,-0.1958668746862362,0.052271169429032129,1.7781938975659861,0.66279848606650382,0.063668342137745804,1.7781891524586764,0.66278586397738781,0.063702613549446785
6.1799999999999997,3090,0.0063851414113167589,0.015000417727157796,0,0.088376533816362485,3.4216064746328442e-05,0.0006590291992947967,8.9414776220602835e-07,2.1699963539503996e-05,2.743183387419899,1.2024476846558645,-0.19584602250541414,0.052260059667456026,1.7778799488031805,0.66226112507358259,0.065210983971699804,1.7778762448390195,0.66224853531055716,0.065242583300856971
6.2000000000000002,3100,0.0063855395280898748,0.015000493432010702,0,0.087389185905987016,3.1489732593491529e-05,0.00067854973143456664,9.4580370804490039e-07,2.2263692832568247e-05,2.7433093183704189,1.2024719773261943,-0.19582512260697113,0.052248931081665929,1.7775651955260998,0.66172157375206575,0.06675836993278704,1.7775623662853643,0.66170953934437637,0.066787331488118828
6.2199999999999998,3110,0.0063859404984709092,0.015000482839428859,0,0.086414933976884545,2.85505881977162e-05,0.00069508396722401809,9.4002652059391574e-07,2.206637408534863e-05,2.7434359671012731,1.2024962987478289,-0.19580413613911321,0.052237766534206261,1.7772489415823269,0.66117987951938906,0.068309680317349061,1.7772476701801829,0.66116913946904154,0.06833610324189493
6.2400000000000002,3120,0.0063863433029996775,0.015000476718716863,0,0.085455505022170364,2.5695886517107032e-05,0.00070848810174470192,9.3762456808510384e-07,2.1767042412140833e-05,2.7435627587970646,1.2025206190689171,-0.19578315402117191,0.052226602924120062,1.7769322700824286,0.66063713013883785,0.069864277453226306,1.7769323105098622,0.66062760011179789,0.069888140720692021
6.2599999999999998,3130,0.0063867478180067465,0.015000460277550368,0,0.08451184321640226,2.290573559005384e-05,0.00072110876557509847,9.2927988778616943e-07,2.1666346224911465e-05,2.7436897930107453,1.202544941856126,-0.19576216144584149,0.052215433923377422,1.7766148930098955,0.66009350194143357,0.07142139686455759,1.7766164417503794,0.66008518654062154,0.071442683673505161
6.2800000000000002,3140,0.0063871540646076334,0.015000434642861386,0,0.083584824412251596,2.0139674368716967e-05,0.00073174029997177359,9.1421624512417442e-07,2.1933842111273517e-05,2.7438170341223955,1.2025692687576479,-0.19574115952388885,0.052204261798038935,1.7762972546616373,0.65954917459108919,0.072980323779707257,1.7763002187529777,0.6595421646678995,0.072998970002463581
6.2999999999999998,3150,0.0063875617096295495,0.015000416064195235,0,0.082670982245471786,1.7619193107090409e-05,0.00074193273726391436,9.0587658961742272e-07,2.1733528855063329e-05,2.743944444246059,1.2025935917979971,-0.19572016455642338,0.052193090870215522,1.7759793041233922,0.65900466237808686,0.074540239579298978,1.7759837966298424,0.65899880085411167,0.074556236325475256
6.3200000000000003,3160,0.0063879712082224455,0.01500039404211654,0,0.081759553461901668,1.5261212909562419e-05,0.00075017024389485004,8.9508571973998893e-07,2.1800504449438904e-05,2.7440721295028863,1.2026179174273812,-0.19569916600230564,0.052181918294441847,1.7756616337657063,0.65846009713363118,0.076100375899603806,1.7756673306397763,0.6584553617115112,0.076113718538872208
6.3399999999999999,3170,0.0063883824731907068,0.015000359914277546,0,0.080862670066421893,1.3279313305176988e-05,0.00075696651927470101,8.7847838437094249e-07,2.1867274910380131e-05,2.7442001882515581,1.2026422465994777,-0.19567815519775689,0.052170739774661766,1.7753439605325916,0.65791566095637377,0.077659950007009843,1.7753509760738755,0.65791211390780568,0.077670652380055411
6.3600000000000003,3180,0.0063887946238415042,0.015000345559622281,0,0.079986165468573622,1.2375931886636367e-05,0.00076466667451003051,8.7929995098660748e-07,2.1933842111273517e-05,2.7443284675457571,1.2026665638164638,-0.19565716412312018,0.052159565463092222,1.7750258981261167,0.65737200032449572,0.079218200549453277,1.775034888141205,0.65736932396983816,0.079226273990139914
6.3799999999999999,3190,0.0063892092367658498,0.015000318859357469,0,0.079130397498823085,1.1742088084598282e-05,0.00076748599919612324,8.7130055622344394e-07,2.1733528855063329e-05,2.7444572600085269,1.202690889237676,-0.1956361605142638,0.052148386569887045,1.7747089603588622,0.65682896913469935,0.080774375234909684,1.7747192218544749,0.65682725808726838,0.080779820476599845
6.4000000000000004,3200,0.0063896261782402184,0.015000257659907052,0,0.078295937961487067,1.1880398433945928e-05,0.00076868745814001702,8.4663734972359074e-07,2.206637408534863e-05,2.744586704536597,1.2027152273573718,-0.19561512220606705,0.05213719453381397,1.7743925971106589,0.65628653724836927,0.082327708087147775,1.7744041319157153,0.6562861819162531,0.082330530475913752
6.4199999999999999,3210,0.0063900447245890026,0.015000186614889562,0,0.077483901706930897,1.3394518485565679e-05,0.0007709041807743807,8.2611052688001734e-07,2.2165253030559974e-05,2.7447166897642461,1.2027395656951192,-0.19559407393754136,0.052125996959501784,1.7740764233146031,0.6557452792065519,0.08387744294920163,1.7740897726019529,0.65574636038312795,0.083877644716209218
6.4400000000000004,3220,0.0063904651875291412,0.015000115687270518,0,0.076695142095993651,1.5556134744174983e-05,0.00077206066808394502,8.1421256551885217e-07,2.1395506250453509e-05,2.7448472424948585,1.2027639034010777,-0.19557302566519341,0.052114798129111274,1.7737611235891615,0.65520562737440369,0.085422822304733304,1.7737762976508864,0.65520805748808764,0.085420406579908195
6.46,3230,0.0063908877969557848,0.015000054232085839,0,0.07593036875156367,1.7632310077990248e-05,0.00076978951550212981,8.1042987512168852e-07,2.2165253030559974e-05,2.7449783571904312,1.202788240176927,-0.19555198672858121,0.052103602941700806,1.7734473605527012,0.65466792545607311,0.086963124775371978,1.7734638601465615,0.65467153610886775,0.086958062666371946
6.4800000000000004,3240,0.0063913124935835583,0.01500000179713617,0,0.075190121953321865,1.9787246815610947e-05,0.00076745465639286724,8.1251307703844275e-07,2.1967050066869309e-05,2.7451100825230097,1.20281257454306,-0.19553095669287585,0.052092411896634085,1.7731350231575287,0.6541323225666219,0.088497591939875317,1.7731526124050483,0.65413705780442477,0.088489863354546394
6.5,3250,0.0063917393439736764,0.014999953059185341,0,0.074474938407693814,2.2212296247812397e-05,0.0007663007300930016,8.1929652665931343e-07,2.1867274910380131e-05,2.7452425264867508,1.2028369068430196,-0.1955099302414921,0.052081222349381132,1.7728239726237116,0.6535990097975436,0.090025453838699185,1.7728427058601148,0.65360488261861827,0.090015063365606662
6.5200000000000005,3260,0.0063921685751484958,0.014999908197325556,0,0.073785373381554192,2.4710737459820341e-05,0.00076416223130936563,8.2947270242503397e-07,2.1867274910380131e-05,2.7453757680694952,1.2028612381788597,-0.19548890753927248,0.052070034083048312,1.7725144982447141,0.6530682962660328,0.091545970390855144,1.7725342909489048,0.65307526888389089,0.091532922325602714
6.54,3270,0.0063926003111764319,0.014999868250641042,0,0.073121010728169622,2.7215463401835716e-05,0.00076100882998873397,8.4172229397904039e-07,2.1800504449438904e-05,2.745509865258196,1.2028855684237916,-0.19546788962420925,0.052058847744912942,1.7722067907338404,0.65254044102831144,0.093058408527402769,1.7722275169976125,0.65254847302494978,0.093042705328103714
6.5600000000000005,3280,0.00639303466062163,0.014999833592988053,0,0.072467317414848464,2.9710052062491127e-05,0.00075694822278949314,8.5487629958729766e-07,2.1900583802360337e-05,2.7456448792159716,1.2029098975065495,-0.1954468768699052,0.05204766362670836,1.7719009972555779,0.65201569236192891,0.094562038553438768,1.7719225321071577,0.65202474936244759,0.094543683496843944
6.5800000000000001,3290,0.0063934717305583703,0.014999804143615184,0,0.071820090037697598,3.2195296733941027e-05,0.000752057797209218,8.6805097619300179e-07,2.1598954627055457e-05,2.745780874078827,1.2029342254441748,-0.195425869195234,0.052036481761269918,1.7715972483245581,0.6514942956147699,0.096056136110808779,1.7716194830388632,0.65150434991666351,0.096035134548367124
6.6000000000000005,3300,0.0063939116302588013,0.0149997795491821,0,0.071194356246389812,3.4674913896045917e-05,0.00074640718510684504,8.8066909872728506e-07,2.2132342465963256e-05,2.7459179158433766,1.2029585523174307,-0.19540486624637138,0.052025302016372808,1.7712956698655848,0.6509764953851902,0.097539982515180257,1.7713185151001285,0.650987524211184,0.097516343354671853
6.6200000000000001,3310,0.0063943544717090621,0.014999759291309913,0,0.070595696938318575,3.7150359856348674e-05,0.00074001147844812471,8.9242279797981005e-07,2.183391520383078e-05,2.7460560714985833,1.2029828782531833,-0.19538386750438649,0.052014124154259211,1.7709963879469026,0.65046253591677139,0.099012865365012082,1.7710197720301075,0.65047451907658427,0.098986602505856586
6.6400000000000006,3320,0.0063948003655927097,0.014999742875290378,0,0.070024298032145604,3.9621467914712536e-05,0.00073291383001009719,9.0315272889226962e-07,2.1632676668865267e-05,2.7461954068007088,1.2030072033718695,-0.19536287247404444,0.05200294795107676,1.7706995303810389,0.64995265920714862,0.10047408139333845,1.7707233958853825,0.64996557845410885,0.10044521287276463
6.6600000000000001,3330,0.006395249419799522,0.01499972989075489,0,0.069480277380123884,4.2086962050660893e-05,0.00072515896792460142,9.1277677033999784e-07,2.2230927998283902e-05,2.7463359855688609,1.2030315277706127,-0.19534188074453032,0.051991773230605477,1.770405226794832,0.64944710435467257,0.10192293734745338,1.7704295269256412,0.64946094319935266,0.10189148416962929
6.6799999999999997,3340,0.0063957017399625359,0.014999719980392836,0,0.068963684543304954,4.4544282545870353e-05,0.00071675505283650168,9.2127263008619227e-07,2.2099382890764463e-05,2.7464778700674213,1.2030558515339786,-0.19532089195815575,0.051980599841592805,1.770113607960865,0.64894610779461515,0.1033587497011791,1.7701383034993519,0.64896085088594213,0.10332473551671885
6.7000000000000002,3350,0.0063961573492767815,0.014999714490866642,0,0.068474407633615425,4.7027243441280293e-05,0.00070786228329804634,9.282082963833905e-07,2.1733528855063329e-05,2.7466210834396017,1.2030801740073911,-0.19529990746549705,0.051969428301966082,1.7698248133614878,0.64844981082668396,0.10478085912762408,1.7698498619294387,0.64846553560921627,0.10474429600298184
6.7199999999999998,3360,0.0063966166343480723,0.014999711127443907,0,0.068012526506119497,4.9297289033134956e-05,0.00069673579278134467,9.3122407204691795e-07,2.206637408534863e-05,2.7467657391963067,1.2031044978203611,-0.19527892494305168,0.051958260189872048,1.7695392702604058,0.64795865361236882,0.10618858475793849,1.7695643363989586,0.64797522778990757,0.10614950524869154
6.7400000000000002,3370,0.0063970793533393803,0.014999714368526202,0,0.067577778514552739,5.1590159895944635e-05,0.0006857370464281743,9.319066430662459e-07,2.2099382890764463e-05,2.7469118252362175,1.2031288197348646,-0.19525794890194473,0.051947094719995444,1.7692567930837686,0.6474727140045764,0.10758129641580066,1.7692818588367756,0.64749015397782284,0.10753971396809198
6.7599999999999998,3380,0.0063975457547243196,0.014999718626132568,0,0.067170011554438191,5.3847734960541633e-05,0.00067415255974242886,9.3128051679411047e-07,2.2394272795856101e-05,2.7470594593272715,1.2031531418496697,-0.19523697373999521,0.051935930447025075,1.7689775223941091,0.6469922892333887,0.10895832756059053,1.7690025588032379,0.64701053665552433,0.10891428453204205
6.7800000000000002,3390,0.0063980157771241809,0.014999725940522195,0,0.066788857966683851,5.6160629791421993e-05,0.0006626295623508346,9.3035002549770174e-07,2.2000207897163392e-05,2.7472086585723621,1.2031774627683642,-0.19521600151077545,0.051924766733143252,1.7687014673143997,0.64651750257887786,0.11031906431918902,1.7687265633758524,0.64653659404201114,0.1102725915306611
6.7999999999999998,3400,0.0063984896863996353,0.014999732337953034,0,0.066434040514179366,5.8425755847193547e-05,0.00065045001730225838,9.2894905118309323e-07,2.1933842111273517e-05,2.7473595274993308,1.2032017843611564,-0.19519502822536927,0.051913603314267212,1.7684288551373781,0.64604866346900591,0.11166287294053789,1.7684539970349615,0.64606853989639934,0.11161402233597362
6.8200000000000003,3410,0.0063989677190462203,0.014999736226758995,0,0.066103763759838785,6.0530606020817701e-05,0.00063686478149356225,9.2549974262582086e-07,2.1531352099333316e-05,2.7475121426644571,1.2032261081705991,-0.19517405227432791,0.051902441308644423,1.7681599786821174,0.64558607547432689,0.11298914639614047,1.7681849815494177,0.64560658332160403,0.11293797766455499
6.8399999999999999,3420,0.0063994496582891096,0.014999742991354769,0,0.065782922937074995,6.263045906398038e-05,0.00062322786146859239,9.2087639052062081e-07,2.1867274910380131e-05,2.7476664693382995,1.2032504312496071,-0.19515307906923487,0.051891280691895504,1.7678947772765561,0.64512977950679118,0.11429732625440948,1.7679196358622602,0.64515092856801926,0.11424387214017562
6.8600000000000003,3430,0.0063999355779974414,0.014999751144765988,0,0.065468230824024781,6.4739434346470592e-05,0.00060957525094372175,9.1595922363349445e-07,2.183391520383078e-05,2.7478225660624469,1.2032747538490185,-0.19513210712336604,0.051880120542606947,1.7676333145074696,0.64467996503827707,0.11558683401880424,1.7676580759763907,0.64470177483719993,0.11553113485644682
6.8799999999999999,3440,0.0064004255708175056,0.014999759818017631,0,0.065172426053633326,6.6845468212662788e-05,0.00059577864206488535,9.1111891475142776e-07,2.2198114802541581e-05,2.7479804884781891,1.2032990761949691,-0.19511113556679172,0.051868960435460611,1.7673757000224188,0.64423683579022561,0.11685710752769413,1.7674004148402482,0.64425931608554221,0.11679920993946535
6.9000000000000004,3450,0.0064009197235114995,0.014999768622976731,0,0.064900655726072565,6.8933621577080685e-05,0.00058183781375437593,9.0648898835563281e-07,2.1900583802360337e-05,2.7481402862864535,1.2033233984201164,-0.19509016401062948,0.051857800195274771,1.7671220551238804,0.64380058983812682,0.11810760238161466,1.7671467622334855,0.64382374082796501,0.1180475571104586
6.9199999999999999,3460,0.0064014181130402029,0.014999777454318023,0,0.064652282072795664,7.0991962285156017e-05,0.00056770233966336537,9.0208036913631963e-07,2.2263692832568247e-05,2.7483020042873814,1.2033477205802869,-0.19506919234912334,0.051846639793436955,1.7668725000498746,0.64337141650688501,0.11933779223392026,1.7668972246526449,0.64339523194159043,0.1192756522484299
6.9400000000000004,3470,0.0064019208078160096,0.014999786347566105,0,0.064426618433172239,7.3011839118915326e-05,0.00055341262657073505,8.9785200258483662e-07,2.2230927998283902e-05,2.7484656837824373,1.2033720426846781,-0.19504822061760052,0.051835479274732636,1.7666271499024939,0.64294949682712688,0.12054716848458234,1.7666519051968335,0.64297396646942528,0.12048298795280302
6.96,3480,0.0064024278706868573,0.01499979535283444,0,0.064222934641200796,7.4986421480424729e-05,0.00053892800339564264,8.9376419286091501e-07,2.1967050066869309e-05,2.7486313640980513,1.2033963647362007,-0.19502724886603592,0.051824318687421995,1.7663861135344918,0.64253500488339632,0.12173523968681436,1.766410903453399,0.64256011542404168,0.12166907410606793
6.9800000000000004,3490,0.0064029393597258601,0.014999804509544882,0,0.064040461259295245,7.6910180100287244e-05,0.00052425873246539649,8.897871726337403e-07,2.2296409518597789e-05,2.7487990828564364,1.2034206867385733,-0.19500627713372962,0.051813158070987221,1.7661494936246631,0.64212810794483699,0.12290153199404495,1.7661743153836063,0.64215384359125849,0.12283343843642534
7,3500,0.0064034553286121242,0.014999813842942867,0,0.06387742081138742,7.8778548946169347e-05,0.00050944037466043191,8.8590106400919296e-07,2.2426798989897964e-05,2.7489688760071189,1.203445008697356,-0.19498530544581563,0.051801997454986218,1.7659173870685578,0.64172896639293553,0.12404558977462571,1.7659422332083117,0.64175530933382186,0.1239756270804319
7.0200000000000005,3510,0.0064039758266189288,0.014999823375499856,0,0.063733354250127106,8.0587774448608236e-05,0.00049448900930696771,8.8209143710231613e-07,2.2459278078588273e-05,2.7491407776728471,1.2034693306158246,-0.19496433382467759,0.051790836865785138,1.7656898854126615,0.64133773348447087,0.12516697632204468,1.7657147452936397,0.64136466439508644,0.12509520514564534
7.04,3520,0.006404500899394535,0.014999833108759505,0,0.06360587893746128,8.2334422138110222e-05,0.00047938763017339584,8.7835360143353196e-07,2.2329078268013787e-05,2.7493148203949009,1.2034936525029525,-0.19494336227175602,0.051779676316410755,1.7654670750881458,0.64095455558986936,0.12626527423797004,1.765491936036659,0.64098205370269656,0.12619175727326948
7.0600000000000005,3530,0.0064050305875083223,0.01499984308127893,0,0.063488939142650802,8.4015948193752316e-05,0.00046421738834231333,8.7467705508180311e-07,2.2426798989897964e-05,2.7494910343511743,1.2035179743504145,-0.19492239082560053,0.051768515838959826,1.7652490378378196,0.64057957118023656,0.12734008657358534,1.765273885751057,0.64060761517226672,0.1272648882007994
7.0800000000000001,3540,0.0064055649290455634,0.014999853283695129,0,0.063389040863531559,8.5629406984537857e-05,0.00044893071278507353,8.7106688030141502e-07,2.2459278078588273e-05,2.7496694485009541,1.2035422961677917,-0.19490141947676337,0.051757355437288155,1.7650358505209993,0.64021291215168186,0.12839103652235417,1.7650606705528165,0.64024147951106336,0.12831422332466597
7.1000000000000005,3550,0.0064061039595774668,0.01499986365892989,0,0.063305381785540765,8.7171514745143072e-05,0.0004335943069939939,8.6753936165591755e-07,2.2263692832568247e-05,2.7498500905235743,1.2035666179823086,-0.19488044816800304,0.051746195087726425,1.7648275851077526,0.63985470352535168,0.12941776808624941,1.7648523622458909,0.63988377002168495,0.12933940926288187
7.1200000000000001,3560,0.0064066477099462516,0.014999874181584457,0,0.063237007608721529,8.8639644576026766e-05,0.00041819921383147532,8.6410295822548679e-07,2.265317472408141e-05,2.7500329857222123,1.2035909398068783,-0.19485947687383537,0.051735034783368022,1.7646243089990572,0.63950506199134982,0.13041994743856758,1.7646490282078806,0.63953460240574389,0.13034011441768564
7.1400000000000006,3570,0.006407196206783647,0.0149998848436796,0,0.063176723771494331,9.0031487846707102e-05,0.00040281109395326128,8.6076347772989639e-07,2.2329078268013787e-05,2.7502181572184856,1.203615261646531,-0.1948385055862458,0.051723874525546998,1.7644260850191442,0.63916409607320557,0.13139726328147477,1.7644507312757078,0.63919408456754667,0.13131602953818761
7.1600000000000001,3580,0.0064077494716620114,0.014999895686152629,0,0.063127379743148804,9.1345325051002269e-05,0.00038742137092691168,8.5752160424181357e-07,2.2361699290911531e-05,2.7504056255220206,1.2036395834856239,-0.1948175343462481,0.051712714340626388,1.7642329714994798,0.63883190553346814,0.13234942762340712,1.7642575296312932,0.6388623164177758,0.13226686828301409
7.1799999999999997,3590,0.0064083075246851836,0.014999906672971063,0,0.063090819184344976,9.2578416426887202e-05,0.00037203768304026587,8.5439086647349696e-07,2.2198114802541581e-05,2.7505954102088177,1.2036639053400691,-0.19479656311772972,0.051701554212398602,1.7640450216513823,0.63850858330233407,0.13327617519121332,1.7640694766872309,0.63853938967716972,0.13319236778295343
7.2000000000000002,3600,0.0064088703829840547,0.014999917736890231,0,0.063066130866307385,9.3727776132378126e-05,0.00035673642236748964,8.5138616677477809e-07,2.2230927998283902e-05,2.7507875292042776,1.2036882272376237,-0.194775591833307,0.051690394107342302,1.7638622835752864,0.63819421428783263,0.13417726453369835,1.7638866209724646,0.63822538768020476,0.1340922892036
7.2199999999999998,3610,0.0064094380584641571,0.014999928858360287,0,0.063052410912432827,9.4791126813492373e-05,0.0003415478761543531,8.4851509139413048e-07,2.2717439178655149e-05,2.7509819976950118,1.2037125491856018,-0.19475462047340436,0.051679234016943805,1.7636848005380517,0.63788887390569349,0.13505247928715763,1.763709006017963,0.6379203851787757,0.13496641830799999
7.2400000000000002,3620,0.006410010559131229,0.014999940021388462,0,0.063048766911888487,9.5766229530877287e-05,0.00032642302259565647,8.4578449637064669e-07,2.2685329707937426e-05,2.751178828717924,1.203736871189788,-0.19473364902201759,0.05166807393363506,1.7635126107665196,0.63759262873917055,0.13590162828262572,1.7635366702423958,0.63762444814587682,0.13581456601929665
7.2599999999999998,3630,0.0064105880572357266,0.014999948406124283,0,0.063052517017183035,9.6589338360063471e-05,0.00031091665176701937,8.4171465417676977e-07,2.2877310533063834e-05,2.751378075028978,1.2037611962431976,-0.19471267463741579,0.051656913000229877,1.7633458758852085,0.63730563017237019,0.13672454752645888,1.7633696468378095,0.63733763357928264,0.13663656898337437
7.2800000000000002,3640,0.0064111704542772902,0.014999956003983572,0,0.063057192356342828,9.7285570523547826e-05,0.00029520821129045652,8.3646501798787229e-07,2.2588727439225648e-05,2.7515797100754988,1.2037855231359649,-0.19469169931793479,0.051645752144459295,1.7631845959003036,0.63702788562063906,0.13752110332699974,1.7632079636553029,0.63705998930522978,0.13743229013150443
7.2999999999999998,3650,0.0064117575703183842,0.014999965215947739,0,0.06306734253878829,9.7912456054483437e-05,0.00027982683609696597,8.3140362736456088e-07,2.2685329707937426e-05,2.7517836950347547,1.2038098492667906,-0.19467072548388903,0.051634592038063865,1.763028664692269,0.63675934398074463,0.13829118134967031,1.7630516430907026,0.63679155378209673,0.1382016192429906
7.3200000000000003,3660,0.0064123494118448216,0.014999974866213737,0,0.063084550923398236,9.8466120414997203e-05,0.00026476345346954821,8.2675310352414959e-07,2.2491710265994076e-05,2.7519900461698934,1.2038341749429224,-0.19464975195889683,0.05162343198147698,1.7628780725143105,0.63650003872417726,0.13903469038249064,1.7629007019702394,0.63653235590408597,0.1389444735078125
7.3399999999999999,3670,0.0064129459859987433,0.01499998444764347,0,0.063108037691792906,9.8937093050561944e-05,0.00025002889143159229,8.2252500652652948e-07,2.2556434745889217e-05,2.7521987726258801,1.2038585003652531,-0.19462877823492297,0.051612271708875571,1.7627328352789717,0.63625000008253496,0.13975157156161225,1.7627551514362232,0.63628241480490422,0.13966079808927287
7.3600000000000003,3680,0.0064135472882402983,0.014999993855581191,0,0.063137045225860389,9.9317989319758112e-05,0.00023553942261315028,8.1868499884366387e-07,2.2361699290911531e-05,2.7524098765449172,1.2038828256057583,-0.19460780420687779,0.051601111181473015,1.7625929695822882,0.63600924463688391,0.14044179681664021,1.7626149968327198,0.63604173966144395,0.14035056668664039
7.3799999999999999,3690,0.0064141533055530183,0.015000003102074911,0,0.063170842525372417,9.9603043679755628e-05,0.00022140245463002904,8.1519600933436421e-07,2.2296409518597789e-05,2.7526233560601603,1.2039071506937964,-0.19458682988657935,0.051589950422511556,1.7624584851996132,0.6357777765288547,0.14110536759885531,1.7624802375912252,0.63581032949746386,0.14101378209779666
7.4000000000000004,3700,0.0064147640183490444,0.015000012218292275,0,0.063208728112791157,9.9787503694573991e-05,0.00020753549743037411,8.1202759119271698e-07,2.265317472408141e-05,2.7528392064095066,1.203931475647704,-0.19456585530504608,0.051578789461998072,1.7623293835664664,0.63555558831371062,0.1417423149113651,1.7623508671163426,0.63558817298727044,0.14165047678188006
7.4199999999999999,3710,0.0064153794013025837,0.015000021228666529,0,0.063250031923740152,9.9867302474150339e-05,0.0001940678393140692,8.0915550893623005e-07,2.262097403300073e-05,2.7530574202354461,1.2039558004840922,-0.1945448804865923,0.051567628323202802,1.7622056578773688,0.63534266120168525,0.14235269980290596,1.7622268726714576,0.63537524825939862,0.14226071342193128
7.4400000000000004,3720,0.0064159994237029368,0.015000030147624542,0,0.063294116740696627,9.9838868421423153e-05,0.0001808670654513514,8.0655980915496525e-07,2.2588727439225648e-05,2.7532779876131488,1.2039801252197251,-0.19452390544553527,0.051556467021770025,1.7620872934601914,0.63513896507113576,0.1429366139682777,1.7621082352644137,0.63517152270029276,0.14284458548753798
7.46,3730,0.0064166240496200972,0.01500003898158654,0,0.063340379365895094,9.9698995196932533e-05,0.00016807852135002841,8.0422329680762345e-07,2.2845425764212974e-05,2.7535008960123863,1.2040044498714668,-0.19450293018819048,0.051545305567433343,1.7619742680955002,0.63494445841087277,0.14349418035530431,1.7619949295331889,0.63497695275798782,0.14340221779748061
7.4800000000000004,3740,0.0064172532379893196,0.015000047731332258,0,0.063388251581798782,9.9444745955966598e-05,0.00015566333033946867,8.0213059439928565e-07,2.2717439178655149e-05,2.7537261302504978,1.2040287744558793,-0.19448195471523819,0.051534143965665691,1.7618665522349264,0.63475908823131399,0.14402555376081611,1.7618869236315697,0.63479148374579031,0.14393376708237712
7.5,3750,0.0064178869426488741,0.015000056393815239,0,0.063437200911082903,9.9073382005362013e-05,0.0001435406546025847,8.0026754939722924e-07,2.2717439178655149e-05,2.7539536724374729,1.2040530989889324,-0.1944609790235366,0.051522982218862361,1.7617641091338094,0.63458278995296213,0.14453092141667298,1.761784179114829,0.63461504964595916,0.144439422547327
7.5200000000000005,3760,0.0064185251123431847,0.015000064963426582,0,0.063486731183128531,9.8582310046736209e-05,0.00013189628498174981,7.9862085161237401e-07,2.2940947124789083e-05,2.7541835019263918,1.204077423485812,-0.19444000310738707,0.051511820327165198,1.7616668949186474,0.63441548727572084,0.14501050356875039,1.7616866508254003,0.63444757291338705,0.14491940643455797
7.54,3770,0.0064191676906980152,0.015000073432889753,0,0.063536382914732403,9.7969043565611266e-05,0.00012056057819344669,7.9717776569360562e-07,2.2588727439225648e-05,2.7544155952607401,1.2041017479608278,-0.19441902695943142,0.051500658289053279,1.7615748586056188,0.63425709203241565,0.14546455405103534,1.7615942867785537,0.63428896427928105,0.14537397458607046
7.5600000000000005,3780,0.0064198146161729003,0.015000081793914023,0,0.063585733513335796,9.723117479074422e-05,0.0001097223706227903,7.9592594581671305e-07,2.2909150924997221e-05,2.7546499261164974,1.2041260724273752,-0.19439805057130197,0.051489496101783931,1.7614879420824128,0.63410750402975791,0.14589336085619659,1.761507028048072,0.6341391225548435,0.14580341700628202
7.5800000000000001,3790,0.0064204658825589523,0.015000089160813098,0,0.063634422719129335,9.6333604699051873e-05,9.9295012928005906e-05,7.929561884350363e-07,2.2717439178655149e-05,2.7548864686187255,1.2041503981340427,-0.19437707304330135,0.051478334926193206,1.761406180928127,0.63396666420226322,0.14629725115894979,1.7614248086519266,0.633997934434954,0.14620805842467272
7.6000000000000005,3800,0.0064211213418736163,0.01500009636684714,0,0.063682087554341404,9.5289766348385834e-05,8.9210154216725796e-05,7.889409451937868e-07,2.2394272795856101e-05,2.7551251670874897,1.2041747245397389,-0.19435609521331323,0.05146717469696354,1.761329470122333,0.63383442347104024,0.1466765837539484,1.7613475554379521,0.63386527430184891,0.14658825885843133
7.6200000000000001,3810,0.0064217808244231688,0.015000104077788701,0,0.063728391918758953,9.4128899294490293e-05,7.9588924010846106e-05,7.8557399269869221e-07,2.2845425764212974e-05,2.7553659707521545,1.2041990505818769,-0.19433511775947801,0.051456014306670197,1.7612576284905646,0.63371059312452582,0.14703174739490699,1.7612751879695234,0.6337410040288034,0.14694441417509857
7.6400000000000006,3820,0.0064224442571964475,0.015000111706017111,0,0.063773063477997882,9.2846717421494186e-05,7.0455727090282786e-05,7.8275872141648104e-07,2.2361699290911531e-05,2.7556088476698104,1.2042233764271926,-0.19431414009369014,0.051444853436582109,1.7611905589229448,0.63359502587387839,0.14736316958568685,1.7612076184112302,0.63362497278381236,0.14727695665521354
7.6600000000000001,3830,0.0064231115630046763,0.015000119093346564,0,0.063815864879158746,9.1437024470198477e-05,6.1732026592918281e-05,7.8039068004355819e-07,2.2845425764212974e-05,2.7558537592527936,1.2042477021590896,-0.19429316205717267,0.051433692055617201,1.7611281757029191,0.63348756478107759,0.14767131761619248,1.7611447514145542,0.63351701683327122,0.14758635555495725
7.6799999999999997,3840,0.0064237826545505425,0.015000126240089704,0,0.063856282226737421,8.9895048476830601e-05,5.3400112036401238e-05,7.7840904628603945e-07,2.2749503328951236e-05,2.7561006617219133,1.2042720278079495,-0.19427218364990251,0.051422530202515221,1.7610703859273025,0.63338803767551777,0.14795669702437533,1.761086484003543,0.63341695934565656,0.14787311766879999
7.7000000000000002,3850,0.0064244574360826524,0.015000133177837251,0,0.063893598166389315,8.8216976107597525e-05,4.5674895232662317e-05,7.7677450327317899e-07,2.3067693653563172e-05,2.7563495073970943,1.2042963533882964,-0.19425120490326425,0.051411367920406494,1.7610170865577117,0.63329625766171849,0.14821985139556987,1.7610327054604871,0.63332461019520769,0.14813778789214474
7.7199999999999998,3860,0.0064251358045916921,0.015000139933412603,0,0.063927864983815419,8.6399501457984685e-05,3.8009711234958483e-05,7.7545595011545568e-07,2.2329078268013787e-05,2.7566002451188898,1.2043206789120076,-0.19423022584392877,0.051400205243242604,1.76096816465805,0.63321202360888529,0.14846136279545435,1.7609832972115957,0.63323976576560792,0.14838094978397146
7.7400000000000002,3870,0.0064258176502759714,0.015000146522566994,0,0.063959165949876828,8.4439621428157111e-05,3.1508759035607564e-05,7.7442479035598051e-07,2.3193747562800386e-05,2.7568528202985374,1.20434500439181,-0.19420924648750881,0.051389042195848611,1.7609234978835466,0.63313512025550445,0.14868185236372594,1.7609381327126716,0.63316220875366436,0.14860322612948537
7.7599999999999998,3880,0.0064265028565827775,0.015000152955014251,0,0.063987590531858457,8.2334562704952243e-05,2.518270461962665e-05,7.7365453594651647e-07,2.2588727439225648e-05,2.757107174822051,1.2043693298403559,-0.19418826684359114,0.051377878797597303,1.760882954831797,0.63306531811485811,0.1488819809402466,1.7608970773347876,0.63309170797299008,0.14880527950275765
7.7800000000000002,3890,0.0064271913001918597,0.015000159237364407,0,0.064013234451317486,8.0081730476561151e-05,1.9839906680179331e-05,7.7312073435217575e-07,2.2781522350186147e-05,2.7573632469623286,1.2043936552696666,-0.19416728691866472,0.051366715064457842,1.7608463952203368,0.63300237335207976,0.14906244966376056,1.7608599882499614,0.63302801815768484,0.14898781282937415
7.7999999999999998,3900,0.006427882813864051,0.015000166500473521,0,0.064036180989735764,7.7699042936272379e-05,1.5462498375200197e-05,7.743275734164355e-07,2.2588727439225648e-05,2.757620967590841,1.2044179797000998,-0.19414630785404391,0.051355550416355034,1.7608136120187778,0.63294599106760141,0.14922399938888153,1.7608267143168328,0.63297087976601563,0.1491515699490788
7.8200000000000003,3910,0.0064285773232438176,0.015000173811731264,0,0.064056549470015545,7.5174167682195449e-05,1.225395709315776e-05,7.7658302020198182e-07,2.2556434745889217e-05,2.7578802892692607,1.2044423036229031,-0.19412532871317023,0.051344384755386968,1.7607844611713181,0.63289591536602774,0.14936741144280535,1.7607970959663377,0.63292001878409798,0.14929733617841873
7.8399999999999999,3920,0.0064292747532509135,0.015000180173565568,0,0.064074472738435861,7.2484883447895804e-05,1.2431131930566656e-05,7.7846650586254263e-07,2.2263692832568247e-05,2.7581411543291328,1.2044666279402667,-0.19410434848875646,0.051333218645123461,1.7607588347110488,0.63285189428106081,0.14949351287162355,1.7607709650873851,0.63287514652957721,0.14942593887338956
7.8600000000000003,3930,0.0064299749454370617,0.015000186117944235,0,0.064090068937963152,6.9630203646668914e-05,1.4489019236708837e-05,7.8011085278313462e-07,2.2685329707937426e-05,2.7584034802129889,1.2044909525257474,-0.19408336771302326,0.051322052389371466,1.7607365685347507,0.63281362342994829,0.14960317452524208,1.7607481449125322,0.63283595945530924,0.14953824799208026
7.8799999999999999,3940,0.006430677733240988,0.01500019185704668,0,0.064103463122111043,6.6610430752517356e-05,1.698988104306101e-05,7.8160641476872987e-07,2.262097403300073e-05,2.7586671830308904,1.2045152773102974,-0.19406238659852437,0.051310886071805367,1.760717475523798,0.63278078081022737,0.14969730830953598,1.7607284499036604,0.63280213895304116,0.14963517665731896
7.9000000000000004,3950,0.0064313829459956041,0.015000197432033053,0,0.064114788426503672,6.3425061233462511e-05,2.0561592220437957e-05,7.8298317374532516e-07,2.3130806476445511e-05,2.7589321767751351,1.2045396022740911,-0.19404140518659235,0.051299719690827861,1.7607013569200263,0.63275303049486198,0.14977686893644337,1.7607116856376508,0.63277335115709288,0.14971768171931671
7.9199999999999999,3960,0.0064320904075321587,0.015000202832501516,0,0.06412418525487476,6.0073074946386776e-05,2.3966568339221968e-05,7.8424765590911338e-07,2.2845425764212974e-05,2.7591983720085751,1.2045639274139435,-0.19402042346690149,0.051288553223075212,1.7606880054672527,0.63273002202196715,0.14984285524856375,1.7606976486920602,0.63274924674803801,0.14978676431831361
7.9400000000000004,3970,0.0064327999351697336,0.015000208040136779,0,0.064131800900803421,5.6553189496942334e-05,2.7294063213316153e-05,7.8539953867176494e-07,2.2230927998283902e-05,2.7594656752870539,1.204588252730368,-0.19399944142117531,0.051277386644541186,1.7606772058848827,0.63271138978655672,0.14989631101277967,1.7606861265307963,0.63272946075638414,0.14984347044722385
7.96,3980,0.0064335113391808954,0.015000213040195182,0,0.064137789464817491,5.2863976167180318e-05,3.0354024625058721e-05,7.8643720583618369e-07,2.2685329707937426e-05,2.7597339889371932,1.2046125782238724,-0.19397845903469679,0.051266219935289244,1.7606687346377099,0.63269675266439263,0.14993832550974473,1.7606768973897944,0.63271361236625545,0.14988889151427898
7.9800000000000004,3990,0.0064342244224705391,0.015000217822827559,0,0.064142311864178098,4.9003928163587172e-05,3.3066511133632515e-05,7.8735920523149432e-07,2.2781522350186147e-05,2.7600032109547499,1.204636903894299,-0.19395747629764254,0.051255053079385458,1.7606623595924429,0.63268571372942939,0.14997003407518769,1.7606697301626917,0.6327013047190716,0.1499241649056765
8,4000,0.0064349389479049571,0.015000223440319952,0,0.064145521921191884,4.4979045017593424e-05,3.5408454289026452e-05,7.8903815486575354e-07,2.2588727439225648e-05,2.7602732256118285,1.2046612287713394,-0.19393649426980261,0.051243886685647846,1.7606578169129667,0.63267783912180864,0.14999261604628333,1.7606643842865048,0.63269212471723046,0.14995047454822086
8.0199999999999996,4010,0.0064356547436059995,0.01500022910020065,0,0.064147603399090813,4.0782935459792572e-05,3.7527212475925243e-05,7.9099188099407671e-07,2.2426798989897964e-05,2.760543937161382,1.2046855533697549,-0.19391551215524622,0.051232720270392697,1.7606548614358137,0.63267271130734015,0.15000730041833985,1.7606606096273036,0.63268564282778816,0.14996905147197245
8.0400000000000009,4020,0.0064363716394292168,0.015000233733376511,0,0.064148752326196629,3.6406186520224514e-05,3.9199276236726461e-05,7.9232610136221399e-07,2.265317472408141e-05,2.760815245805798,1.204709878641093,-0.19389452887746439,0.051221553220819276,1.760653257574289,0.63266990627727804,0.15001536659548606,1.7606581463658886,0.63268141288614044,0.14998117437288896
8.0600000000000005,4030,0.0064370894021385594,0.015000237633721649,0,0.064149154908210992,3.1848687832539187e-05,4.0838591509860764e-05,7.9313613743593587e-07,2.265317472408141e-05,2.7610870281928461,1.2047342044931473,-0.19387354473062676,0.051210385724672763,1.7606527422231069,0.63266895998675776,0.15001814080997183,1.7606567248834653,0.63267897189970401,0.1499881701754727
8.0800000000000001,4040,0.0064378076777734401,0.015000245020976284,0,0.064148967651145888,2.714330022079793e-05,4.2173307093971303e-05,7.963295079818916e-07,2.2491710265994076e-05,2.7613591179204877,1.2047585285455533,-0.19385256395180539,0.051199219736369303,1.7606529929538335,0.63266933242517154,0.1500170064104597,1.7606560656473207,0.63267783985159654,0.14999141459541596
8.0999999999999996,4050,0.0064385263588941062,0.015000252076283142,0,0.064148425185055369,2.2262511527497506e-05,4.3399927079008772e-05,7.9967708601333001e-07,2.265317472408141e-05,2.7616314414449126,1.2047828526037516,-0.19383158271070644,0.051188053243528729,1.7606537250452901,0.63267057050826891,0.1500133729241255,1.7606558790964992,0.63267751950431839,0.14999233270224444
8.120000000000001,4060,0.0064392453242599901,0.015000255276256419,0,0.064147776666115958,1.7217233266017313e-05,4.4132748170698074e-05,7.9979607053287074e-07,2.2588727439225648e-05,2.761903918877938,1.2048071790119359,-0.19381059746217838,0.051176885842992924,1.7606546237557925,0.6326721993741542,0.15000871581190373,1.7606558727372605,0.63267748726412076,0.14999237838902463
8.1400000000000006,4070,0.006439964498318353,0.015000247714346516,0,0.064147189158337725,1.2480276031237788e-05,4.5434878357311187e-05,7.9387773659804735e-07,2.2329078268013787e-05,2.7621764803639355,1.2048315089622512,-0.19378960130016176,0.051165713622750179,1.7606554549635134,0.63267371183735632,0.15000442596164282,1.7606559742633456,0.63267692320244751,0.14999237711307745
8.1600000000000001,4080,0.0064406832709148426,0.015000236723289279,0,0.064146017705421887,8.7910252063044621e-06,4.6387495125601714e-05,7.8615473673726289e-07,2.2556434745889217e-05,2.7624488006395702,1.2048558406629817,-0.19376860156608669,0.051154538895152868,1.7606562817612434,0.63267410437510085,0.15000114314872881,1.7606563765036307,0.63267468842378882,0.14999237205785093
8.1799999999999997,4090,0.0064414009572722137,0.015000226850085955,0,0.064143009145556346,6.81625254787502e-06,4.7259282698740904e-05,7.7860076923623991e-07,2.2588727439225648e-05,2.7627205219125601,1.2048801729168817,-0.1937476028106328,0.051143364440775808,1.7606573052217014,0.63267207385343693,0.1499987342122884,1.7606572820270909,0.63266965748934911,0.14999236067752333
8.1999999999999993,4100,0.0064421170296425911,0.015000217498651602,0,0.064136898273553039,7.2781984128941168e-06,4.7826567718037368e-05,7.7185712356380977e-07,2.2426798989897964e-05,2.7629913479920547,1.2049045047247402,-0.19372660445033849,0.051132189665174736,1.760658785496177,0.63266637599081721,0.14999694218371296,1.7606588874455673,0.63266073805715672,0.14999234050114033
8.2200000000000006,4110,0.0064428310168495144,0.015000208396291502,0,0.06412653834919535,9.5796410727179236e-06,4.8175837656272991e-05,7.6585848504491806e-07,2.1900583802360337e-05,2.7632610049375095,1.2049288361321504,-0.19370560621329147,0.05112101435383487,1.7606609739152517,0.63265585992308238,0.14999559442480712,1.7606613834716198,0.63264687056064128,0.14999230913188774
8.2400000000000002,4120,0.0064435425523088272,0.015000196592263421,0,0.06411088395993722,1.2672043083442824e-05,4.8732454405376235e-05,7.5881299837187634e-07,2.2329078268013787e-05,2.7635292676888308,1.2049531683640105,-0.19368460514022084,0.05110983747378043,1.7606640868168539,0.63263945929785204,0.14999456359506341,1.7606649549763811,0.63262702788721181,0.14999226424636472
8.2599999999999998,4130,0.0064442512128005921,0.01500018223829243,0,0.064088923508447054,1.6053938008784819e-05,4.9489422255200403e-05,7.5092162402163657e-07,2.265317472408141e-05,2.7637958870965478,1.2049775013724953,-0.1936636013828002,0.051098659106206118,1.7606683424074219,0.63261612819943003,0.14999376280304394,1.760669781047409,0.63260021505683384,0.14999220359385637
8.2799999999999994,4140,0.0064449565884230229,0.015000165720186314,0,0.064059694223500468,1.9531964364440137e-05,5.0220472509295529e-05,7.4250364164142085e-07,2.2099382890764463e-05,2.7640606216962085,1.2050018350367271,-0.19364259532712358,0.051087479459678641,1.7606739491089756,0.63258486328300889,0.14999312720699842,1.7606760350465405,0.63256546890060739,0.14999212499560691
8.3000000000000007,4150,0.0064456582861254132,0.015000147406842541,0,0.064022279958352413,2.3021781489496737e-05,5.1183712290995874e-05,7.3385747753422811e-07,2.2394272795856101e-05,2.7643232400950528,1.2050261692487294,-0.19362158734230853,0.051076298744047406,1.7606811024470466,0.63254470339465263,0.14999260746753704,1.7606838846677444,0.632521857739344,0.14999202634409251
8.3200000000000003,4160,0.0064463559287473377,0.015000127617668994,0,0.063975807008124747,2.648001609630392e-05,5.2212987866874485e-05,7.2524895779483929e-07,2.2909150924997221e-05,2.764583520616922,1.2050505039177266,-0.19360057774795947,0.051065117142235494,1.7606899853137683,0.63249472656818073,0.14999216608705343,1.7606934919949744,0.63246848106214504,0.14999190560229414
8.3399999999999999,4170,0.0064470488881682823,0.01500011823582649,0,0.06391936456971048,2.9795820223299164e-05,5.3249746645795976e-05,7.218527745726484e-07,2.265317472408141e-05,2.7648411133948558,1.205074834624045,-0.19357957845588594,0.051053939556020896,1.7607009023226718,0.63243397997742712,0.14999181502222475,1.7607050135600222,0.63240446920497873,0.14999176080297061
8.3599999999999994,4180,0.0064477368387845244,0.015000117497160749,0,0.063852178822527139,3.2980489650095466e-05,5.4159136465346226e-05,7.2218349490630608e-07,2.2524095754713237e-05,2.7650958300444999,1.2050991621996983,-0.19355858769504986,0.051042765506855707,1.7607139921320265,0.6323616399122407,0.14999152256252352,1.7607186004003716,0.63232898302925811,0.14999159004793139
8.3800000000000008,4190,0.0064484196336012413,0.01500011603321375,0,0.063773553760171714,3.6101262483935763e-05,5.5567482431249055e-05,7.2208481210184428e-07,2.3036072399968081e-05,2.7653475790018187,1.2051234901613275,-0.19353759607361798,0.0510315911756756,1.7607292843763949,0.63227695050581689,0.14999123529602609,1.7607343981170505,0.63224121360041818,0.14999139150730958
8.4000000000000004,4200,0.006449096957068262,0.015000113219120748,0,0.063682757501046211,3.9151874378417677e-05,5.6889776843560207e-05,7.2147420779115866e-07,2.2781522350186147e-05,2.7655961794056512,1.2051478186235709,-0.19351660296681772,0.051020416145605298,1.7607469014130455,0.63217912391294018,0.14999093711201025,1.7607525469324845,0.63214038186649413,0.14999116341883489
8.4199999999999999,4210,0.0064497685018439872,0.015000109164858404,0,0.063579082261947611,4.2121948520482439e-05,5.8307177119576495e-05,7.2046043092282551e-07,2.2426798989897964e-05,2.7658414501121271,1.2051721475163661,-0.19349560848537151,0.051009240423129779,1.7607669849312237,0.63206740100061631,0.14999062046778033,1.7607731817483505,0.63202573833669839,0.14999090408710641
8.4399999999999995,4220,0.0064504339752661241,0.015000104041862099,0,0.063461851175639183,4.5004654018831007e-05,5.9971141828322821e-05,7.1913100567865196e-07,2.2394272795856101e-05,2.766083217315578,1.205196476780918,-0.19347461280110545,0.050998064087154772,1.7607896741365447,0.63194105587598948,0.1499902801529415,1.7607964322034293,0.63189656275999839,0.14999061188286561
8.4600000000000009,4230,0.00645109309785666,0.015000097997243621,0,0.063330417168016573,4.7795677440479681e-05,6.1897117312211873e-05,7.1755479205290656e-07,2.2877310533063834e-05,2.7663213149473949,1.2052208063741603,-0.19345361606135233,0.050986887214997847,1.7608151010698081,0.6317993938870462,0.14998991204092257,1.7608224227314588,0.63175216380369437,0.14999028524226934
8.4800000000000004,4240,0.0064517456026074137,0.015000091149162014,0,0.063184161646474862,5.0492212526726019e-05,6.3764946568868312e-05,7.1579047155196727e-07,2.265317472408141e-05,2.7665555843990877,1.2052451362628114,-0.19343261838443165,0.050975709869787215,1.7608433904265111,0.63164175023234681,0.14998951276323386,1.760851272618988,0.63159187873199651,0.14998992266616262
8.5,4250,0.0064523909875516556,0.015000086390032412,0,0.063021545620135594,5.3159512668402655e-05,6.6000623691493421e-05,7.1415879190384132e-07,2.2588727439225648e-05,2.7667858804927157,1.2052694657400302,-0.19341162266068623,0.050964534100696235,1.7608747323922471,0.6314674968308025,0.14998674177899637,1.7608830960632289,0.63141507308460298,0.14998952271935162
8.5199999999999996,4260,0.0064530282967817359,0.015000089755748184,0,0.062839251495016457,5.741285389660517e-05,6.8748661679303606e-05,7.134241518497917e-07,2.265317472408141e-05,2.767012099324698,1.2052937933542058,-0.19339063492528538,0.050953363876721072,1.7609093833740581,0.63127604755273203,0.14997469129615321,1.7609180022299105,0.63122114035527743,0.14998908402987654
8.5400000000000009,4270,0.0064536564924768964,0.015000103610644687,0,0.062633487114821446,7.2432897241307402e-05,7.2294011355523925e-05,7.1447306939318627e-07,2.2717439178655149e-05,2.7672341970968,1.2053181185636579,-0.1933696575478232,0.050942200280852612,1.7609474796001297,0.6310668443149694,0.14994519889194152,1.7609560953111318,0.63100950167042624,0.14998860528828462
8.5600000000000005,4280,0.0064542747038016787,0.015000125219376388,0,0.062401128033529631,0.00011367623570157905,7.7500829528715033e-05,7.1839969219901867e-07,2.2556434745889217e-05,2.7674521545435464,1.2053424418047005,-0.1933486878031124,0.050931040466992927,1.7609889755653068,0.63083933186991037,0.14989173790581839,1.7609974745832153,0.63077960546767653,0.14998808524690299
8.5800000000000001,4290,0.0064548822785791124,0.015000150660965279,0,0.062139690566813253,0.00018890445350448718,8.4294745813141852e-05,7.2485329495004477e-07,2.2132342465963256e-05,2.7676659576744824,1.205366764094743,-0.19332772176741064,0.050919882146026489,1.7610338545655764,0.63059299980177841,0.14980930470996584,1.7610422344645595,0.63053092717445358,0.14998752271911153
8.5999999999999996,4300,0.0064554787229957923,0.015000177368925142,0,0.061847216240580601,0.00029987813971648621,9.2664927517477461e-05,7.3288048470850869e-07,2.2198114802541581e-05,2.7678755780532232,1.2053910862355186,-0.19330675686590171,0.050908724511202513,1.7610821692688958,0.63032737128917204,0.14969415316365592,1.7610904645734922,0.63026296888655853,0.14998691657861599
8.620000000000001,4310,0.0064560636282931195,0.01500020396571375,0,0.061522208146268166,0.00044771685484322758,0.00010227481337131333,7.4202811100364411e-07,2.2524095754713237e-05,2.768080966378216,1.2054154085242297,-0.19328579171879323,0.050897566883443116,1.7611339752185668,0.63004197942147955,0.14954362560550608,1.7611422497861242,0.62997525904674567,0.14998626575872065
8.6400000000000006,4320,0.006456636688932157,0.015000229333339971,0,0.061163601471548749,0.00063336222187663897,0.00011321437742607378,7.5172807500961099e-07,2.2459278078588273e-05,2.7682820651444406,1.2054397312002016,-0.19326482520659635,0.05088640869386038,1.761189332833057,0.62973638084706629,0.14935603511738998,1.7611976702942025,0.62966735212330038,0.14998556925160147
8.6600000000000001,4330,0.0064571976944426245,0.015000252555953174,0,0.060770730061489593,0.00085727006901717385,0.00012500715705115269,7.6134641113347135e-07,2.265317472408141e-05,2.7684788103350422,1.2054640544639483,-0.19324385641260453,0.050875249454265518,1.7612483060128896,0.62941015684277801,0.14913057085736156,1.7612568016629622,0.62933882828861665,0.14998482610757885
8.6799999999999997,4340,0.0064577465201627838,0.015000272901152087,0,0.060343291132507644,0.0011192804809663499,0.00013774097226017888,7.7024892847435696e-07,2.2717439178655149e-05,2.7686711322262929,1.2054883784780248,-0.19322288460411569,0.050864088747835233,1.7613109603239701,0.62906291282917237,0.14886721302782255,1.7613197148889816,0.62898929309777452,0.14998403543439068
8.7000000000000011,4350,0.0064582831188126529,0.015000289798735878,0,0.059881208139007568,0.0014186030686046402,0.0001510528030214845,7.7784998199251872e-07,2.2524095754713237e-05,2.7688589560962273,1.2055127033699511,-0.1932019092110164,0.05085292622610324,1.7613773614835559,0.62869427797039379,0.14856665460337998,1.761386476458034,0.62861837716711766,0.1499831963964651
8.7200000000000006,4360,0.0064588075127991551,0.015000302820559711,0,0.059384664306515907,0.0017538484831358433,0.00016482033349659325,7.8364665566595609e-07,2.2459278078588273e-05,2.7690422028601778,1.2055370292356875,-0.19318092980548704,0.050841761607017519,1.7614475742340938,0.62830390489122911,0.14823022875294622,1.7614571484029411,0.62822573585283137,0.14998230821419356
8.7400000000000002,4370,0.0064593197871145158,0.015000311660720977,0,0.058854131487456988,0.0021230770385601218,0.0001787550024181394,7.8723947218311708e-07,2.2781522350186147e-05,2.7692207896322047,1.2055613561438119,-0.19315994608207124,0.050830594670896942,1.7615216614973386,0.62789146945532248,0.14785984097478452,1.7615317883614263,0.62781104892951956,0.1499813701632037
8.7599999999999998,4380,0.0064598202172608627,0.015000315595093112,0,0.058290332963560558,0.0025238443942437144,0.00019315673534085829,7.8667894406934742e-07,2.2329078268013787e-05,2.7693946590882645,1.2055856856148717,-0.19313895729949607,0.050819426139753467,1.7615997921598252,0.62745672644794015,0.14745791519476228,1.7616104496339686,0.62737402026878275,0.14998038157363228
8.7799999999999994,4390,0.0064603089870466195,0.0150003139981752,0,0.057694157781509277,0.0029532817262852991,0.0002075881754263568,7.8184826909555648e-07,2.206637408534863e-05,2.7695637304014955,1.2056100174133051,-0.19311796283657703,0.050808255358822378,1.7616819655905624,0.62699937549763207,0.14702730481956819,1.7616931812416541,0.62691437751779566,0.14997934182939801
8.8000000000000007,4400,0.0064607862133578648,0.015000302982844339,0,0.05706667233589733,0.0034081651524489995,0.00022119164529431373,7.7213546148284359e-07,2.2198114802541581e-05,2.769727926059629,1.2056343504416138,-0.19309695882576672,0.050797079114681946,1.7617679616687554,0.62651909122557536,0.14657122279518409,1.761780027984031,0.62643187177788451,0.14997825036747461
8.8200000000000003,4410,0.0064612521785829651,0.015000282699152372,0,0.056409105718611484,0.0038849001825325604,0.00023411152154693987,7.5781825221239754e-07,2.2459278078588273e-05,2.7698871494821891,1.2056586849218529,-0.19307594541725936,0.05078589722307178,1.761857870402832,0.62601565025695305,0.14609325694890307,1.7618710304969614,0.62592627728310513,0.14997710667716363
8.8399999999999999,4420,0.006461707212263329,0.015000256644262959,0,0.055722802703894202,0.0043796010395535075,0.00024683953076856766,7.4093195272497205e-07,2.2263692832568247e-05,2.7700412791767182,1.2056830208086151,-0.19305492610497024,0.050774711568006607,1.7619519082315895,0.62548886432209139,0.14559728803515276,1.7619662253104753,0.62539739107881986,0.14997591029936735
8.8599999999999994,4430,0.0064621516398847825,0.015000226052483573,0,0.055009222246624905,0.0048881851757559833,0.00025925213182471587,7.2268333184555072e-07,2.2263692832568247e-05,2.7701902092117821,1.2057073578289279,-0.19303390212350852,0.050763522911583682,1.7620501559483697,0.6249385472315081,0.14508739477651475,1.7620656449066234,0.62484503270027592,0.14997466082586189
8.8800000000000008,4440,0.0064625858054463345,0.015000191410454042,0,0.054269913348374825,0.0054064115399066635,0.00027116958522478707,7.039742700412738e-07,2.1967050066869309e-05,2.7703338401595325,1.2057316958578683,-0.19301287395977371,0.050752331542323274,1.7621526538887522,0.62436453213557297,0.14456781536879568,1.7621693177773303,0.62426904385118198,0.14997335789856986
8.9000000000000004,4450,0.0064630099957779233,0.015000156447304416,0,0.053506493797676587,0.0059299083826922097,0.00028277313122785844,6.8755820138989433e-07,2.1632676668865267e-05,2.7704720378987293,1.2057560336395527,-0.19299184535173006,0.050741139034056283,1.7622594660384476,0.62376667891732829,0.14404291936377786,1.7622772684822481,0.62366928808228717,0.14997200120883347
8.9199999999999999,4460,0.0064634245770008765,0.015000121490998901,0,0.052720612406086588,0.0064542723999413106,0.00029383212635295978,6.7362527986941294e-07,2.2491710265994076e-05,2.7706047013991597,1.205780371186649,-0.19297081662519922,0.050729945818993177,1.762370632464352,0.62314486291526827,0.14351710830092942,1.7623895177066087,0.62304565046995719,0.14997059049668734
8.9399999999999995,4470,0.0064638299676489375,0.015000084629933137,0,0.051913937633161246,0.0069751094654778257,0.00030396020528638851,6.6138046172500873e-07,2.2000207897163392e-05,2.7707317561173941,1.2058047092504367,-0.19294978586163886,0.050718751311845597,1.7624861591104264,0.62249897761203987,0.14299477495860682,1.7625060823190777,0.62239803729475307,0.14996912555013156
8.9600000000000009,4480,0.0064642265456101352,0.015000046020990329,0,0.051088144352528793,0.0074880583912682996,0.00031314061697253692,6.5141732080548785e-07,2.1967050066869309e-05,2.7708531114468506,1.2058290477901505,-0.19292875321819075,0.050707555566028122,1.7626060549476019,0.62182894139707579,0.14248027950615197,1.7626269754296073,0.62172637572000788,0.14996760620440441
8.9800000000000004,4490,0.0064646145646794174,0.015000013493675066,0,0.050244952440968403,0.0079888327076281726,0.0003212163789340394,6.4575358247513497e-07,2.2198114802541581e-05,2.7709685935292732,1.2058533845724357,-0.19290772653525459,0.050696362395176865,1.7627304970756756,0.62113466001701279,0.14197790671318777,1.76275220644729,0.621030613470405,0.14996603234125552
9,4500,0.0064649943924838613,0.014999986144403253,0,0.0493861425271113,0.0084733339005282158,0.00032817797378314085,6.4304265578949131e-07,2.2556434745889217e-05,2.7710781285823769,1.2058777199534143,-0.19288670490660892,0.050685171455078802,1.7628594537834326,0.62041610716908624,0.1414917548272859,1.7628817811382107,0.62031071851055541,0.14996440388821852
9.0199999999999996,4510,0.0064653664617841458,0.01499995794202794,0,0.048513162758964896,0.0089376897618751172,0.00033416050470846693,6.4192086929678123e-07,2.2263692832568247e-05,2.7711817053091492,1.2059020556902313,-0.19286568229248888,0.050673979780956835,1.7629927739962801,0.61967329505001878,0.14102569639363474,1.7630157016833008,0.61956667872357518,0.14996272081788417
9.0400000000000009,4520,0.006465731019016905,0.014999934931598262,0,0.047627264147920241,0.0093782464026729729,0.00033900082226967666,6.424584351384273e-07,2.2099382890764463e-05,2.7712791847912994,1.2059263901135819,-0.19284466474455614,0.050662790644853149,1.7631305985919963,0.61890620498267301,0.14058338433413911,1.7631539667361911,0.6187985015896631,0.14996098314717327
9.0600000000000005,4530,0.0064660883749536489,0.014999916176860952,0,0.046729665433561433,0.0097916874435527348,0.00034273456070352428,6.4390511278241164e-07,2.2165253030559974e-05,2.7713705107355833,1.2059507235055016,-0.1928236513249465,0.050651603583164291,1.7632728875149395,0.61811486195036902,0.14016813493352917,1.7632965714810644,0.6180062138646788,0.14995919093660937
9.0800000000000001,4540,0.0064664388755000073,0.014999896542237337,0,0.045821523503737034,0.010175077053091919,0.00034523506857903026,6.4625302029878262e-07,2.2000207897163392e-05,2.7714556836628734,1.2059750572612051,-0.19280263689287822,0.050640415770115771,1.7634194937463159,0.61729932216194361,0.13978288436891279,1.7634435076905104,0.61718986125871955,0.14995734428959198
9.0999999999999996,4550,0.0064667827813573095,0.014999875864030487,0,0.044903853680379434,0.010525880353598888,0.00034656900791413828,6.4967660302776907e-07,2.265317472408141e-05,2.7715346624182979,1.2059993914065057,-0.19278162128496668,0.050629227079043194,1.7635704013826754,0.61645964438357326,0.13943016740782871,1.7635947637833764,0.61634950811469824,0.1499554433516693
9.120000000000001,4560,0.0064671203162288606,0.014999854497389676,0,0.043977563754531303,0.010842031519180626,0.00034671620580534651,6.5424452808401813e-07,2.2165253030559974e-05,2.7716074124154062,1.2060237258478137,-0.19276060485688415,0.050618037698782606,1.7637256117944891,0.61559590577988788,0.13911204979056574,1.7637503248826225,0.61548523708692082,0.14995348830981114
9.1400000000000006,4570,0.0064674516631317604,0.014999832829411794,0,0.043043454712372316,0.011121989661106599,0.00034573721666859917,6.5993985240600434e-07,2.2099382890764463e-05,2.7716739123266936,1.2060480604889501,-0.19273958799613239,0.050606847847059183,1.7638851207339539,0.61470820354585887,0.13883007240965528,1.7639101728731741,0.61459714881966454,0.14995147939168199
9.1600000000000001,4580,0.0064677769604440565,0.014999811224646449,0,0.042102212241543015,0.011364791758641617,0.00034364150628464002,6.6667483383130956e-07,2.2296409518597789e-05,2.7717341559750701,1.2060723952405292,-0.19271857106758328,0.050595657733267692,1.7640489168050815,0.6137966544462008,0.13858519836974098,1.7640742864597743,0.61368536162575438,0.14994941686491373
9.1799999999999997,4590,0.0064680964017544253,0.014999782662934818,0,0.04115445252442098,0.011570128869364819,0.00034066959316419787,6.7678286898510051e-07,2.2132342465963256e-05,2.771788237788237,1.2060967320055622,-0.19269754704457739,0.050584463406601103,1.7642167964746687,0.61286141390233051,0.1383777373655766,1.7642426412248384,0.61275001116514161,0.14994730103637874
9.2000000000000011,4600,0.0064684100286039135,0.014999749050662665,0,0.040200109198922022,0.011738344024070915,0.00033700599110000505,6.906042827105667e-07,2.2459278078588273e-05,2.7718361745471123,1.2061210702382121,-0.19267651783582163,0.050573265925063227,1.7643887970183882,0.61190262880614321,0.13820734636197471,1.7644152096863066,0.61179125012348101,0.14994513225146269
9.2200000000000006,4610,0.0064687177541289942,0.014999717361504046,0,0.039238562966037747,0.011870499402536386,0.00033255332900398353,7.0565045717597569e-07,2.2426798989897964e-05,2.7718779448751545,1.2061454080732665,-0.19265549042097768,0.050562069271069265,1.7645650772714951,0.61092045323390465,0.13807296284445006,1.7645919613554968,0.61080924789070867,0.14994291089333758
9.2400000000000002,4620,0.0064690196353144802,0.014999678880362613,0,0.038269319356497543,0.011968502186501816,0.00032743972472637896,7.2523337843731571e-07,2.265317472408141e-05,2.7719137202789659,1.2061697478811035,-0.19263445607208882,0.05055086942848723,1.7647453968545248,0.60991511563137146,0.13797268075765234,1.7647728627949577,0.60980419023961896,0.14994063738223448
9.2599999999999998,4630,0.0064693155167591726,0.014999636108271821,0,0.03729146630447655,0.012035056847926327,0.00032203907351164343,7.492004382143751e-07,2.2556434745889217e-05,2.7719435736165394,1.2061940889660632,-0.1926134172941964,0.050539667504197638,1.7649297814116356,0.60888681173834658,0.1379037957138253,1.7649578776763226,0.60877627900444309,0.14993831217471665
9.2799999999999994,4640,0.0064696050754173224,0.014999598415411328,0,0.036303699917100238,0.01207373677421477,0.00031671665249015038,7.7264306706872388e-07,2.2717439178655149e-05,2.7719675245073185,1.2062184288525237,-0.19259238346887467,0.050528468092058833,1.7651184158176054,0.60783573325083751,0.13786273385939177,1.7651469668381625,0.6077257317594259,0.14993593576295233
9.3000000000000007,4650,0.00646988800688858,0.014999567422655263,0,0.035304433529756825,0.012089093485109255,0.00031192547430831003,7.9342440226814723e-07,2.2781522350186147e-05,2.7719856993082779,1.2062427671667821,-0.19257135621695973,0.050517272194664696,1.7653112835104838,0.60676212523041562,0.13784494401471831,1.7653400883438386,0.60665278149740365,0.14993350867398772
9.3200000000000003,4660,0.0064701639347331929,0.014999543612882211,0,0.034291716056176792,0.012086683441643384,0.00030797450967133435,8.102669753247563e-07,2.2972699315936647e-05,2.7719982622487049,1.206267103799662,-0.19255033602047622,0.050506080167501431,1.7655083229770638,0.60566625326020862,0.13784487021228983,1.7655371975393561,0.6055576763083822,0.14993103146901982
9.3399999999999999,4670,0.006470432574240419,0.014999517194010263,0,0.033263374576666421,0.012073144510238191,0.00030539329374711224,8.2871412104392383e-07,2.2459278078588273e-05,2.7720055247343218,1.2062914417765884,-0.19252931306862464,0.050494887417375088,1.7657092564317722,0.60454845096202747,0.13785587606775671,1.7657382471112175,0.60444067905811361,0.1499285047426695
9.3599999999999994,4680,0.0064706933652942909,0.014999491189413681,0,0.032219315735616122,0.012056178023813955,0.00030441550483603424,8.4685447686474009e-07,2.2588727439225648e-05,2.7720076837279062,1.2063157800753961,-0.19250829038975387,0.05048369553044512,1.7659140989807893,0.60340899329025144,0.13787026036422381,1.7659431871442748,0.60330206706667433,0.14992592912225425
9.3800000000000008,4690,0.0064709786172541285,0.014999535724252199,0,0.031263676252788794,0.012000248527390194,0.00029951761871543545,8.1744698951277457e-07,2.265317472408141e-05,2.7720250178119739,1.206340102954744,-0.19248733828659542,0.050472536227409485,1.7660944285704485,0.60233933647622373,0.13792481517170735,1.7661519651795836,0.60214213178704279,0.14992330526706121
9.4000000000000004,4700,0.0064713064914217883,0.014999620151128374,0,0.030454911250785539,0.01188570603989224,0.00028234489400491639,7.6035434015819221e-07,2.3099271619960363e-05,2.7720690671133603,1.2063644158832993,-0.19246642588892324,0.050461403515317575,1.7662325008583293,0.60138935096658575,0.13804337636928787,1.7663645262722567,0.60096117848367714,0.14992063386762006
9.4199999999999999,4710,0.006471666847849734,0.014999689337947606,0,0.029764130512535979,0.011728646333210628,0.00025823794968895218,7.1772614175867395e-07,2.2717439178655149e-05,2.7721339079415466,1.2063887303748086,-0.19244549801016569,0.050450266077213569,1.766334609470217,0.60053129171875497,0.13821727864756009,1.7665808130493155,0.59975952591109216,0.14991791564497595
9.4399999999999995,4720,0.0064720525715686499,0.014999748189279891,0,0.029172543852624709,0.011543517381615586,0.00023432937212924951,6.8685768785752025e-07,2.3099271619960363e-05,2.7722151811186162,1.2064130462637874,-0.19242455963067662,0.050439123273956651,1.7664058940923502,0.59974662580375304,0.13844192603265626,1.7668007657675449,0.59853750599243749,0.14991515134996239
9.4600000000000009,4730,0.0064724581817850041,0.014999802634792558,0,0.028666038808314455,0.01134480559037027,0.00021717088332559137,6.6377631161211814e-07,2.2749503328951236e-05,2.7723094850183814,1.2064373632239105,-0.19240361671963457,0.050427977558270672,1.7664503684124202,0.59902099216331617,0.13871422845880729,1.767024322371346,0.59729546349807505,0.14991234176247417
9.4800000000000004,4740,0.0064728788892350576,0.01499985406003424,0,0.028232711847512054,0.011147297867328524,0.00021256734948452318,6.4792055144334984e-07,2.2813496432377448e-05,2.7724138897332606,1.2064616810349857,-0.19238267067733461,0.050416828957807067,1.7664712718469078,0.5983418798692538,0.13903170373469012,1.7672514185505883,0.59603375572415662,0.14990948769074031
9.5,4750,0.0064733105249715787,0.0149999060173188,0,0.027862446630422061,0.010965633987231273,0.0002245927807860251,6.3553551302362424e-07,2.2717439178655149e-05,2.7725258017296905,1.206485999752843,-0.19236172503722035,0.050405682192562008,1.7664715183063409,0.59769830721329675,0.13939241926428855,1.7674819877984647,0.59475275217120138,0.14990658997059703
9.5199999999999996,4760,0.0064737492037366846,0.014999957552403438,0,0.027546305294269685,0.010813952412868935,0.00025274872537392283,6.2779065689165108e-07,2.3287840231354886e-05,2.7726428738564501,1.2065103192627336,-0.19234077884342204,0.050394536244766003,1.7664534780776306,0.59708014740730775,0.13979472758683381,1.767715961469343,0.5934528342226737,0.14990364946476048
9.5400000000000009,4770,0.0064741913402098679,0.015000005993545971,0,0.027276521131534309,0.010705244425133585,0.00029364104505925264,6.2653712235778983e-07,2.2845425764212974e-05,2.7727629721003311,1.2065346393635346,-0.1923198294343462,0.050383387576547659,1.7664191467727819,0.5964781391344508,0.14023730258295991,1.7679532688366197,0.59213439482356012,0.1499006670620999
9.5600000000000005,4780,0.0064746335574944035,0.015000044551239388,0,0.027046280768799585,0.010650739329495519,0.00034355664814765736,6.3337850957252134e-07,2.265317472408141e-05,2.7728841376591205,1.206558960098604,-0.19229887004533155,0.050372227880931819,1.7663701439315997,0.59588365804105381,0.14071903662383811,1.7681938371505739,0.59079783815894804,0.14989764367691039
9.5800000000000001,4790,0.006475073086756605,0.015000083981795117,0,0.02685036200586631,0.010659172086714604,0.00039995080907387603,6.4256462100255421e-07,2.2813496432377448e-05,2.7730045693812189,1.2065832809135928,-0.19227791139368725,0.050361069692011637,1.7663084910911568,0.595289486599892,0.14123950957198869,1.7684375916962192,0.58944357933260227,0.14989458024818586
9.5999999999999996,4800,0.0064755071380381756,0.015000122632007866,0,0.026683856453557649,0.010736539765782741,0.00046087963562689295,6.5350156040193473e-07,2.3287840231354886e-05,2.7731225860530482,1.2066076024091417,-0.19225695181839919,0.050349912280212995,1.766235657599188,0.59468834286291472,0.14179819266899404,1.7686844558511572,0.58807204404554303,0.14989147773889197
9.620000000000001,4810,0.00647593277505123,0.015000143731968575,0,0.026542228156363402,0.01088564062237387,0.00052471597473024881,6.6585292107116448e-07,2.2972699315936647e-05,2.7732365966852912,1.2066319258508016,-0.19223597460208824,0.050338737870050061,1.7661524442050811,0.59407285236188678,0.14239446470035128,1.7689343511434319,0.5866836682746237,0.149888337135239
9.6400000000000006,4820,0.0064763475036319976,0.015000154356320725,0,0.026417391501007637,0.011106010989966582,0.00059067933432327782,6.7713334590429617e-07,2.3036072399968081e-05,2.7733450271992006,1.2066562508196437,-0.19221498679875001,0.050327554241746161,1.7660603559827579,0.59343673146035347,0.14302833103459625,1.7691871973093811,0.58527889795110821,0.14988515944595487
9.6600000000000001,4830,0.0064767573939123035,0.015000184247548268,0,0.026304285194705547,0.011424270277107804,0.00065898274290777958,6.9049672474372645e-07,2.2556434745889217e-05,2.7734522150967975,1.2066805733007833,-0.19219401808997083,0.050316389597060439,1.7659585933446902,0.59279794183798262,0.14368079377881129,1.7694429123514905,0.58385818863924865,0.14988194570155794
9.6799999999999997,4840,0.0064771687354911178,0.015000208573477032,0,0.026206853441324535,0.011864535261208372,0.00073145633965570407,7.0317590664022641e-07,2.2132342465963256e-05,2.7735631079302041,1.2067048967885132,-0.19217304367868576,0.050305221198828541,1.7658444515226408,0.59217489725167349,0.14433143229801276,1.7697014125962471,0.58242200521486298,0.14987869695363001
9.7000000000000011,4850,0.0064775808683510518,0.01500021310235548,0,0.02612604569810674,0.01242090803291524,0.0008097321773192981,7.1109036718247986e-07,2.265317472408141e-05,2.7736776428050565,1.206729223463646,-0.1921520493612619,0.050294035634087318,1.7657173734657177,0.59156674503061535,0.14497813898793843,1.7699626127519921,0.58097082154391222,0.14987541427408926
9.7200000000000006,4860,0.0064779846571687534,0.015000212464966613,0,0.02606550292477703,0.013055047567407082,0.00089309783864055536,7.1765764477512494e-07,2.2588727439225648e-05,2.7737894470288662,1.2067535513866643,-0.19213104975283909,0.050282845121674517,1.765579811745851,0.59094873349622312,0.14564280128267273,1.7702264259667733,0.5795051201610788,0.149872098754463
9.7400000000000002,4870,0.0064783679877624088,0.015000213061560155,0,0.026017399160249449,0.013721448215247326,0.00097685809290517372,7.2378024781943342e-07,2.265317472408141e-05,2.7738900000722673,1.2067778798772435,-0.19211005123999642,0.050271656291295597,1.7654354182100147,0.5902869288162691,0.14635362569350235,1.7704927638861994,0.57802539194834335,0.14986875150516088
9.7599999999999998,4880,0.0064787366821233714,0.015000197105159206,0,0.02597716215972154,0.014425508706753087,0.001048675958584026,7.268132549583735e-07,2.2426798989897964e-05,2.7739816119823684,1.2068022104532716,-0.19208903606677197,0.050260453489295559,1.765291193664408,0.58958874464201116,0.14709127663068947,1.7707615367112934,0.57653213581356288,0.14986537365474753
9.7799999999999994,4890,0.0064790969277046069,0.015000162315877892,0,0.025943065135545465,0.015174237955160073,0.0011038867341621515,7.287097466745259e-07,2.2845425764212974e-05,2.7740675370537606,1.2068265442403379,-0.19206800195828203,0.050249234362273666,1.7651510937903061,0.58886640227007203,0.1478361084343785,1.7710326532563441,0.57502585836904807,0.14986196634921561
9.8000000000000007,4900,0.0064794455359669413,0.015000130840067315,0,0.025915024639142935,0.015954462617266987,0.0011460670220845366,7.3254878788722246e-07,2.2940947124789083e-05,2.7741460881430959,1.2068508785586785,-0.19204697101615589,0.05023801980471964,1.7650146431699658,0.5881139334370139,0.14859239951061654,1.7713060210067608,0.57350707361014064,0.14985853075125879
9.8200000000000003,4910,0.0064797796945495374,0.015000102741045943,0,0.025892280485442773,0.016754895627870796,0.0011778103745276613,7.3769694755319593e-07,2.2845425764212974e-05,2.7742158354630133,1.2068752131354226,-0.1920259433045626,0.050226809415180845,1.7648814495958831,0.58732533182362212,0.14936258960615104,1.7715815461769262,0.57197630259379195,0.14985506803954451
9.8399999999999999,4920,0.0064800991000748343,0.015000078048961859,0,0.025860834761572353,0.017571152526937736,0.0012014321437174085,7.4367612196361968e-07,2.2524095754713237e-05,2.7742768725040139,1.2068995476447584,-0.19200491885788312,0.050215602861820939,1.7647511424768125,0.58650069297774954,0.15014413228058227,1.7718591337680489,0.57043407311713934,0.14985157940798702
9.8599999999999994,4930,0.0064804202309881242,0.015000185351390284,0,0.025834724809553025,0.018444016728803397,0.0012211518224759606,7.869883437848457e-07,2.2000207897163392e-05,2.7743402898607483,1.2069238430633231,-0.19198402650034552,0.050204460057937973,1.7646201505284471,0.58568973261703861,0.15090501975743392,1.7721386876260175,0.56888091939608421,0.14984806606502027
9.8800000000000008,4940,0.0064807388331362464,0.01500025180794747,0,0.02582419166064269,0.0193520455719551,0.001240860648275096,8.2356388470634152e-07,2.2717439178655149e-05,2.7744035249949515,1.20694815164165,-0.19196309305503534,0.050193299272020903,1.7644867574939107,0.58487547678017549,0.15165474375267451,1.772420110499253,0.5673173817438697,0.14984452923287084
9.9000000000000004,4950,0.0064810373129943217,0.015000193067482142,0,0.025816838405001992,0.020247264380937085,0.0012567553873166768,8.0816462575488799e-07,2.2781522350186147e-05,2.7744551027328326,1.2069724975182758,-0.19194203406790394,0.050182077766954707,1.7643543966792228,0.5840079801271536,0.1524245177176049,1.7727033040965621,0.56574400624965893,0.14984097014683082
9.9199999999999999,4960,0.006481311214235003,0.015000130237609322,0,0.025812495603145753,0.021121104895456409,0.00126601245843757,7.981265881012266e-07,2.2717439178655149e-05,2.7744920849239558,1.2069968439696166,-0.19192097086818291,0.050170854824813815,1.7642262846868673,0.58307971425365557,0.15321758782811576,1.7729881691449911,0.56416134445711097,0.14983739005453073
9.9399999999999995,4970,0.006481562077078981,0.015000073991305358,0,0.025794149389888624,0.021975541371636625,0.0012701925423656494,7.9472073770830582e-07,2.2524095754713237e-05,2.7745155030013042,1.2070211891917881,-0.19189991412487911,0.050159636906135036,1.7641030456376723,0.5820948990649184,0.15402704576044154,1.7732746054476785,0.56256995304295976,0.14983379021521254
9.9600000000000009,4980,0.0064818116561410144,0.015000148192736554,0,0.025783619849238909,0.022859323949332207,0.0012737404362727005,8.2067134028464102e-07,2.2198114802541581e-05,2.774539251343719,1.2070454964475836,-0.19187898794105634,0.05014847923426749,1.7639800414694211,0.58111522567701202,0.15482123265305744,1.7735625119417076,0.5609703934955913,0.14983017189900247
9.9800000000000004,4990,0.0064820515196858091,0.015000186249352579,0,0.025788331291194899,0.023746620506865435,0.0012795466642246637,8.3925024788696832e-07,2.2329078268013787e-05,2.7745581303792055,1.2070698142836953,-0.19185802536927649,0.050137307229861344,1.7638575677941422,0.58011297193112787,0.15561150458542838,1.7738517867559607,0.55936323179362157,0.14982653638618396
10,5000,0.006482261854686467,0.015000110125225875,0,0.025793710745367994,0.024591465097536135,0.0012820274851883986,8.2545531298236856e-07,2.2877310533063834e-05,2.7745595462500336,1.2070941658099132,-0.19183694828203601,0.050126082507357526,1.7637410199440449,0.57903295651636266,0.15642195897427189,1.774142327268972,0.5577490380844734,0.14982288496647056
10.02,5010,0.006482453682249408,0.015000118804354987,0,0.025801429285538906,0.025391082107279101,0.0012773269829278941,8.2709902939556795e-07,2.2717439178655149e-05,2.7745450972327159,1.2071184974865057,-0.19181595595451198,0.050114903014236038,1.7636356712566001,0.57787423846839181,0.15725026271650849,1.7744340301667807,0.55612838636295459,0.1498192189382789
10.040000000000001,5020,0.0064826381269438528,0.015000194425583185,0,0.025810308586058546,0.026141924825393535,0.0012676615354518027,8.3871343207934436e-07,2.262097403300073e-05,2.7745174732909184,1.2071428131864395,-0.19179503045179863,0.050103764782208383,1.7635427266640988,0.57663382205795843,0.15809158478786667,1.7747267915007834,0.55450185414983522,0.14981553960800165
10.06,5030,0.0064828162759305004,0.015000233794882863,0,0.02579485107433202,0.026857529508437741,0.001257626838709878,8.4356187765040076e-07,2.2198114802541581e-05,2.7744801040710545,1.207167138099368,-0.1917740684859626,0.050092611759122878,1.7634590863324657,0.57532992389308291,0.15893397873869927,1.7750205067455889,0.55287002217042602,0.14981184828928024
10.08,5040,0.0064830043643204615,0.015000263333223842,0,0.025773810611599952,0.027596922135275891,0.0012532885317857215,8.4450247747494843e-07,2.1767042412140833e-05,2.7744475416754288,1.2071914658372322,-0.19175309654040873,0.050081458005657359,1.763375497667494,0.57403922644542449,0.1597547216076918,1.7753150708568699,0.5512334740331547,0.14980814630227798
10.1,5050,0.0064832088975970321,0.015000269760501801,0,0.025782644250320334,0.028360317567889821,0.0012572425004775988,8.3710441999281773e-07,2.2524095754713237e-05,2.7744221785035146,1.2072157986966012,-0.19173210129942125,0.050070293585887146,1.7632908089516177,0.57276587125869338,0.16055359315859088,1.775610378329217,0.54959279590814458,0.14980443497295298
10.120000000000001,5060,0.0064834090822565972,0.015000266447015728,0,0.025801107637841179,0.029080272871330429,0.001260818163510835,8.2757995525084844e-07,2.2230927998283902e-05,2.7743870568174369,1.2072401332340943,-0.19171109614761839,0.050059121816907033,1.7632169618961824,0.57142616126283019,0.16135257169495068,1.7759063232539913,0.54794857620579129,0.14980071563233091
10.140000000000001,5070,0.0064835887111764981,0.015000255276521738,0,0.025819861474414542,0.029726677301869803,0.0012571543701780149,8.1516324441200012e-07,2.2329078268013787e-05,2.7743328191448104,1.2072644700334276,-0.19169008300196666,0.050047944942662084,1.7631603479656079,0.56998267121842894,0.16215690251886325,1.7762027993771783,0.54630140525534165,0.14979698961577806
10.16,5080,0.006483748263944553,0.015000237222079682,0,0.025840737321481864,0.030297136788476352,0.0012461387201178052,7.9946966759913405e-07,2.206637408534863e-05,2.7742595939554189,1.2072888092905134,-0.19166906285496288,0.050036764627492319,1.7631233447668637,0.56843530608975801,0.16295904797890109,1.7764997001572405,0.54465187498347001,0.14979325826227419
10.18,5090,0.0064838865838181773,0.015000217338229593,0,0.025861793235382458,0.030785915249637211,0.0012289631991597991,7.8358486689845817e-07,2.1867274910380131e-05,2.7741665684039853,1.2073131493594085,-0.19164804075883235,0.050025582416765961,1.7631093721127711,0.566780719701375,0.16375120374633925,1.7767969188229704,0.54300057859285622,0.1497895229136855
10.200000000000001,5100,0.0064840079166329917,0.015000199246261533,0,0.025844977734382442,0.031208510667242693,0.0012082583406208521,7.7131216844455361e-07,2.1733528855063329e-05,2.7740577050580066,1.2073374893061208,-0.19162702036809026,0.05001439627694293,1.7631178318755185,0.5650416679852881,0.164524965503168,1.7770943484313446,0.54134811024076357,0.14978578491403749
10.220000000000001,5110,0.0064841424020747251,0.015000209297073247,0,0.025830811160144199,0.031644237189349438,0.0011918086848987227,7.793722925032196e-07,2.1395506250453509e-05,2.773953465789913,1.20736182037012,-0.19160602816290778,0.05000320965906227,1.7631343009907345,0.56331698167889344,0.16527669540355508,1.777391881925376,0.53969506471761619,0.14978204560878797
10.24,5120,0.0064842780946741639,0.015000204058439007,0,0.025855583662194349,0.03206816328626319,0.0011811908255690872,7.8566147191950429e-07,2.1429548445808714e-05,2.7738474366327548,1.2073861506745311,-0.19158502048586074,0.049992013779533558,1.7631625559554844,0.56157930987932714,0.16600588582332382,1.7776894121919675,0.5380420371255763,0.14977830634409989
10.26,5130,0.0064843951177313936,0.015000194517935342,0,0.025884365073915332,0.032402085263373098,0.0011655270535918156,7.7834366890212962e-07,2.183391520383078e-05,2.7737223068861074,1.2074104850960812,-0.19156400822748212,0.049980832583744202,1.7632193694608518,0.5597352680173161,0.16670968033700065,1.7779868321197652,0.53638962255712241,0.14977456846611426
10.279999999999999,5140,0.0064844874153059491,0.01500017096454025,0,0.025905828754927841,0.032634013633354629,0.0011424525057239854,7.6015989324368686e-07,2.2033315828455735e-05,2.773575100985497,1.2074348268254798,-0.19154298176114867,0.049969650763299241,1.7633092041044862,0.55777430120272253,0.16737995817760057,1.7782840346570108,0.53473841577362635,0.14977083332022317
10.300000000000001,5150,0.006484566488814794,0.015000133422286305,0,0.025920145809891548,0.032803982299822329,0.0011161084774521659,7.425335264754065e-07,2.1800504449438904e-05,2.7734151901578121,1.2074591724081545,-0.19152194125887326,0.049958455580015271,1.7634262865512038,0.55574806878856131,0.16801554467038521,1.7785809128693961,0.53308901088393079,0.14976710225034259
10.32,5160,0.0064846372825321423,0.01500010193412385,0,0.025939510842933874,0.032893455299766262,0.0010886902944358947,7.2613412266965814e-07,2.1086653546985296e-05,2.7732417328630738,1.207483516089817,-0.19150090664667913,0.049947266655130301,1.7635767306023258,0.55364065750982738,0.16860720295678908,1.7788773599979151,0.53144200102292838,0.14976337659818539
10.34,5170,0.0064847331321162376,0.015000101165739963,0,0.025962195409683392,0.03290006400233083,0.0010515205997957341,7.1609562779324702e-07,2.0947924057011411e-05,2.7730636142395997,1.2075078531492824,-0.19147990269294829,0.04993609334763225,1.7637625820953622,0.55145152814700338,0.1691516326379314,1.7791732695167177,0.52979797803013651,0.14975965770253419
10.359999999999999,5180,0.0064849170897820132,0.01500022997117067,0,0.025986537014083752,0.03283534975202921,0.00097805277137642745,7.7078092302612666e-07,2.005913882365416e-05,2.7728998191297918,1.2075321468839311,-0.1914590286127103,0.049924959488675924,1.7639834599653068,0.54919983961775054,0.16964549023445694,1.7794685351909627,0.52815753212827776,0.14975594689851429
10.380000000000001,5190,0.0064852042505562221,0.015000519014863494,0,0.026026868778461019,0.032668538166412874,0.00084932756933604151,9.7345075328733544e-07,1.9618224787422011e-05,2.7727511788275261,1.2075563836363179,-0.19143831520542076,0.049913870820721934,1.7642465314351483,0.54685752595111925,0.17007235742443691,1.7797630511346707,0.52652125160185537,0.14975224551686661
10.4,5200,0.0064855840475642927,0.015000884161958212,0,0.0260613538312204,0.032367339549062568,0.00068067341552947684,1.2994663766999334e-06,1.8430439999894915e-05,2.772612461057157,1.20758059605597,-0.1914176781606344,0.049902799312003712,1.7645598910443159,0.54439723351690317,0.17041132882099663,1.7800567118685777,0.5248897224757324,0.14974855488322064
10.42,5210,0.0064860496160417357,0.015001099744328589,0,0.026035249720614988,0.031976282949522879,0.00053834609084346067,1.5037613729479202e-06,1.7663006536443448e-05,2.7724881949635214,1.2076048710811258,-0.19139689114072994,0.049891670545851308,1.7649159420718281,0.54186716313424521,0.17067799439796,1.7803494123779886,0.52326352819370814,0.14974487631736727
10.44,5220,0.0064865868853032664,0.01500122124213619,0,0.026062959442021728,0.031563668926503738,0.00056175970324020901,1.6176110188654558e-06,1.6817390473705895e-05,2.7723820914480282,1.2076291833703308,-0.19137600971226654,0.049880504210848033,1.7653023412735454,0.53933680636138437,0.1709055042990911,1.7806410481706294,0.52164324929709638,0.1497412111325318
10.460000000000001,5230,0.0064871947932674473,0.015001310764291049,0,0.02612523102511749,0.031050547719840563,0.00073137063173127446,1.6989225866780769e-06,1.5649929441225564e-05,2.772286981597206,1.2076535076882442,-0.19135509599382497,0.049869339036569031,1.765737231004745,0.53673952321717255,0.17104587188635056,1.7809315153345009,0.52002946310330267,0.1497375606346468
10.48,5240,0.0064878739076147524,0.015001392679292713,0,0.026186296619615322,0.030367466979513966,0.0009451093018646462,1.7713698081097209e-06,1.463916852406315e-05,2.7721978121914397,1.2076778403154154,-0.19133417466774635,0.049858168626631713,1.7662366112191947,0.53402136166648351,0.17104924747308139,1.7812207105957321,0.51842274338440242,0.14973392612162506
10.5,5250,0.0064886188144640273,0.015001514133324715,0,0.026172396193246052,0.029514187337353052,0.0011890428053048885,1.8855469231044055e-06,1.4837004097464935e-05,2.7721150466679565,1.2077021624413566,-0.19131329312956391,0.049846995490503455,1.7668037964191998,0.53119752023207356,0.17090222819489589,1.7815085313764329,0.51682366004571767,0.14973030888263253
10.52,5260,0.0064894103297921911,0.015001710217011801,0,0.026183394527171909,0.028638906333064238,0.0014903146633677359,2.0833334994097989e-06,1.6903855776160324e-05,2.7720452699059783,1.2077264531262304,-0.19129248668207946,0.049835803541195337,1.7674111568118742,0.52838824279283247,0.17070835335899004,1.7817948758525477,0.51523277880439533,0.14972671019736117
10.540000000000001,5270,0.0064902537250029523,0.015001863638671592,0,0.02625902230938925,0.027687706307086234,0.0017979913529275872,2.2366530582949876e-06,1.7908907090463366e-05,2.7719872979958273,1.2077507552079523,-0.19127163683396478,0.049824628682260098,1.7680720309288294,0.52556123747393979,0.17042419529821726,1.7820796430117085,0.5136506608679845,0.14972313133530193
10.56,5280,0.0064911554455863493,0.01500196556208395,0,0.026294189358572632,0.026548277966165407,0.0020794897640662724,2.3338641727015401e-06,1.924308070525986e-05,2.7719368870200491,1.207775080815549,-0.19125073508517534,0.049813453013009039,1.7688077259550228,0.52264448953131315,0.16995368461484203,1.7823627327110876,0.51207786261301447,0.14971957355501767
10.58,5290,0.0064921040444712594,0.015002126719973688,0,0.026325782275278951,0.025270758168798566,0.0023577468981841191,2.4953108830488542e-06,2.1463536648682345e-05,2.7718949730510078,1.2077993844880657,-0.19122989286315464,0.049802272321900119,1.7696098837533889,0.51968430127981013,0.16932839560364316,1.7826440457352515,0.5105149352635715,0.14971603810341602
10.6,5300,0.0064930940647361553,0.015002308125884933,0,0.026377433442730219,0.023891535440170732,0.0026388186367987654,2.6806354646443114e-06,2.4328804008734323e-05,2.7718628116860486,1.2078236764166081,-0.19120907092345391,0.049791085752626918,1.7704740404948165,0.5167133260466017,0.16857360656672005,1.7829234838540133,0.50896242456987728,0.1497125262150224
10.620000000000001,5310,0.0064941256673887587,0.015002451433136671,0,0.02643152508715526,0.022392871293384464,0.0029143570608796596,2.8269118948094435e-06,2.6092529506690732e-05,2.7718414910757314,1.2078479785645253,-0.19118821051439894,0.049779894585017803,1.771404361234131,0.51373305299066152,0.16766558480117455,1.7832009498802868,0.50742087048686568,0.14970903911125286
10.640000000000001,5320,0.0064951999598295423,0.015002543170161592,0,0.026505390985637325,0.020733656165555687,0.0031916509580385602,2.9188349448549578e-06,2.763906749706611e-05,2.7718326290495305,1.2078722980387222,-0.1911672980574024,0.049768699877689684,1.7724072004516538,0.51073673810578646,0.16655418111265619,1.7834763477279387,0.50589080685276167,0.14970557799968695
10.66,5330,0.0064963153235248943,0.015002529664429573,0,0.026476237020472512,0.018901603192496851,0.0034953603610395063,2.9014330631985187e-06,2.9003182112398563e-05,2.7718384907150737,1.2078966527942439,-0.19114627985000579,0.0497574730406267,1.7734836446086939,0.50773629994677616,0.16521239001885704,1.7837495824696425,0.50437276106765694,0.14970214407334084
10.68,5340,0.0064974555711247457,0.015002666324076361,0,0.02649698249615224,0.017036697992913304,0.0038018297935346898,3.0457394548354126e-06,3.0877819000961799e-05,2.7718557137023758,1.2079209542067972,-0.19112541238848299,0.049746227995937559,1.7746144757380269,0.50478361960029949,0.16377361655364303,1.7840205603947314,0.50286725377208963,0.14969873850994003
10.700000000000001,5350,0.006498621827641755,0.015002926104336206,0,0.026587409860875724,0.015101807561316507,0.0040736215001215105,3.3189633574503139e-06,3.129985888245142e-05,2.7718877998465534,1.2079452021023387,-0.19110466786435257,0.049735047600454663,1.7758041381955503,0.50188196300131593,0.16217780163674278,1.7842891890670514,0.50137479852561995,0.14969536247119236
10.720000000000001,5360,0.0064998192884610437,0.015003135165253881,0,0.026587031743332733,0.013024280579150338,0.0043869545247057599,3.5392919693769099e-06,3.0995628734492465e-05,2.7719418451657885,1.2079694605065183,-0.19108387209915839,0.049723889913648532,1.7770586858554542,0.49903003330278722,0.16030718422454929,1.7845553773828147,0.49989590148540958,0.14969201710206095
10.74,5370,0.006501038423793507,0.015003351365388001,0,0.026619051917944385,0.01096175728698205,0.0047234307664145471,3.7701746768424128e-06,3.0924996750400673e-05,2.7720144078595137,1.207993720542649,-0.19106308361350202,0.049712667434004404,1.778360870006233,0.49625470269396033,0.15827448734803062,1.7848190356284523,0.49843106108479773,0.14968870353003708
10.76,5380,0.0065022749576227126,0.015003519565563223,0,0.02667810679457041,0.0090239469404822283,0.0050316678856978424,3.9507636972873884e-06,3.0521661538735793e-05,2.77210749622644,1.2080179909495461,-0.19104224652261359,0.049701464316273952,1.7797042733332735,0.49357795566468166,0.15608489465563941,1.7850800755384686,0.49698076771187977,0.14968542286441305
10.779999999999999,5390,0.0065035191366642009,0.01500365372546166,0,0.026724386903175572,0.0073859271285152631,0.0053360194475710263,4.0950025805589886e-06,2.9723096744937507e-05,2.7722293066696753,1.2080422744443913,-0.19102137493365867,0.049690256932370488,1.7810684304568531,0.49105101495698611,0.15369699437007669,1.7853384103532923,0.49554550338808434,0.14968217619555532
10.800000000000001,5400,0.006504823544791912,0.015003702664125408,0,0.026712900530981826,0.0064080573171203543,0.0055419343782531234,4.150103318111433e-06,2.9452097250453521e-05,2.7724213708685177,1.2080665875196683,-0.19100041787886957,0.049679037763691383,1.7823229373408491,0.48888304019640899,0.15137535088759466,1.7855939548771318,0.49412574144675087,0.14967896459417718
10.82,5410,0.0065062053401656154,0.015003662073194141,0,0.026675399048723195,0.0060854969125767565,0.0055172096297972867,4.1105876251699415e-06,2.8419250842508189e-05,2.7727011998617099,1.208090919037055,-0.19097937039567717,0.049667865813033903,1.7833900635910176,0.4871687795574331,0.14927464550272923,1.7858466255358272,0.4927219462117079,0.14967578911061175
10.84,5420,0.0065075782969023005,0.015003586580146295,0,0.026597116059752318,0.0062573261780576447,0.0053001398794290579,4.0355236412840655e-06,2.6176204321706559e-05,2.7730326856387495,1.208115255057391,-0.19095828728598463,0.049656704070024218,1.7842662520789632,0.48580172303646124,0.14739394886801879,1.7860963404347034,0.49133457267584957,0.14967265077408501
10.859999999999999,5430,0.0065089695585923476,0.015003418669688316,0,0.026523458093023929,0.006718225712014564,0.0049699380587440957,3.8602916497447721e-06,2.3966568339221968e-05,2.7734104898946654,1.2081396284383137,-0.19093711115738982,0.049645550738883056,1.7849797719150737,0.48469612979741944,0.14572937810341222,1.7863430194164243,0.48996406617971389,0.14966955059198853
10.880000000000001,5440,0.0065104219952044065,0.01500319800508218,0,0.026446193445092886,0.0073160842680502838,0.004616548873976516,3.6281535681618188e-06,2.1666346224911465e-05,2.7738375602232033,1.2081640252596866,-0.19091588209031848,0.049634390600420721,1.7855714761706387,0.48380258072285881,0.14424661176782547,1.7865865841188442,0.48861086209006055,0.1496664895491526
10.9,5450,0.0065119182573669995,0.015002986194184937,0,0.02635631995151675,0.0079735924690694272,0.0042546736979316166,3.4073362717088348e-06,2.0526110585337575e-05,2.7743010017308949,1.2081884175361721,-0.19089466199889521,0.049623212174167285,1.7860685271293761,0.48307705848910781,0.14292722262600929,1.7868269580328631,0.48727538547844784,0.14966346860711893
10.92,5460,0.0065133577277628465,0.015002736312040589,0,0.026253192842430245,0.0086454194964563288,0.0038713015741700862,3.1491554324960343e-06,1.924308070525986e-05,2.7747614229180013,1.2082128190462598,-0.1908734035765105,0.049612013068261233,1.7864960732010615,0.48247146479404623,0.1417697105517991,1.7870640665602782,0.48595805079981075,0.14966048870341381
10.94,5470,0.0065146633601439949,0.015002477493322298,0,0.026165654145598675,0.0093123059145801632,0.0034520970978136108,2.8834606432368978e-06,1.8548711416805456e-05,2.7751874584760441,1.2082372198944893,-0.19085213602621151,0.049600812871223934,1.7868738205385137,0.48194444575901102,0.14075985292873613,1.7872978370716379,0.48465926157103822,0.14965755075082074
10.960000000000001,5480,0.0065157937100008599,0.015002244338749955,0,0.026239930323447867,0.0099316536536924044,0.00301147108960381,2.6473885418588551e-06,1.7868158671132889e-05,2.7755463117145092,1.2082616090528888,-0.19083089422396024,0.049589606810893069,1.7872131429122358,0.48136391810317303,0.13993476488648704,1.7875281989640948,0.48337941004955098,0.14965465563665364
10.98,5490,0.0065167178952458089,0.015002014910030937,0,0.026565579158925767,0.010442907960197506,0.0025667628030360498,2.4157608847865029e-06,1.8191590511038928e-05,2.7758141279513282,1.2082859985993564,-0.19080965607806036,0.049578401497333606,1.7875220656630491,0.4806343834355466,0.1393175742860662,1.7877550837192586,0.48211887691187927,0.14965180422202962
11,5500,0.006517469345765841,0.015001811700308301,0,0.02709600767037821,0.010839789988391132,0.0021495087274129771,2.2110984080577122e-06,1.7745352001653249e-05,2.7760044869322695,1.2083103813181721,-0.19078844419837945,0.049567204860462677,1.7878068124617941,0.47977948539631865,0.13886638198826801,1.7879784249610498,0.48087803093223996,0.14964899734114187
11.02,5510,0.0065181432725755113,0.015001643835427902,0,0.027768948227524966,0.011141281857386272,0.0017838950139543424,2.0434370334335481e-06,1.7497153036827848e-05,2.7761558117599265,1.2083347538312046,-0.19076726781143422,0.049556011463406262,1.7880718438527665,0.4788407533710855,0.1385356294204575,1.788198158513552,0.47965722866111471,0.14964623580053266
11.040000000000001,5520,0.0065187941645733849,0.015001483618114472,0,0.028540306666603565,0.01136751239804515,0.0014794569521213458,1.8850552279676128e-06,1.7075472925031942e-05,2.7762913159944111,1.2083591248502865,-0.19074609900021905,0.04954481384489022,1.7883208412268097,0.47784750980089091,0.13829273334258613,1.7884142224588668,0.47845681410382668,0.14964352037836623
11.06,5530,0.0065194270028341821,0.015001328976800732,0,0.029379413203762882,0.011535763554148011,0.001231086533615572,1.7346138597209166e-06,1.7538763447639102e-05,2.7764153642521876,1.2083834942859542,-0.19072493566061488,0.049533611500011579,1.788557098111794,0.47681979231854466,0.13811436627653684,1.7886265571949649,0.47727711839911952,0.14964085182370171
11.08,5540,0.0065200477077461769,0.01500118407458226,0,0.030263891070359997,0.011660040495928186,0.0010330336539580011,1.5963188650974439e-06,1.870524340221744e-05,2.7765319432333104,1.2084078611401776,-0.19070378199492491,0.049522406764353322,1.788783079807484,0.47577223728947182,0.13798344780857114,1.7888351054935401,0.47611845949773346,0.14963823085576605
11.1,5550,0.0065206612586930215,0.015001053389900341,0,0.031177069060058293,0.011751353895144808,0.00088027251066177955,1.4742222399474134e-06,1.9766288961818032e-05,2.7766442362085462,1.2084322243098997,-0.19068264250877215,0.049511202406479549,1.7890005571051666,0.47471583796543237,0.13788736504328877,1.7890398125578635,0.47498114184098428,0.14963565816322691
11.120000000000001,5560,0.0065212718908713189,0.01500093604796445,0,0.032106439313988593,0.011818181965945878,0.0007675477312774424,1.3669406018588848e-06,1.9986328642111702e-05,2.7767548316429136,1.2084565844469122,-0.19066151632042683,0.049499999441616351,1.7892107670158708,0.47365891539806554,0.13781679510654452,1.7892406260806348,0.47386545603933927,0.14963313440346562
11.140000000000001,5570,0.0065218830337527411,0.015000831283308641,0,0.033044075830967648,0.011863813157166829,0.00068854290612613029,1.2739798951872919e-06,2.0982692419620152e-05,2.7768655724075009,1.2084809384583959,-0.19064040268768356,0.049488801687683409,1.789414433952093,0.4726075598648935,0.13776800468914716,1.7894374963018369,0.47277167855099711,0.14963066020185006
11.16,5580,0.0065224972326016414,0.015000735454469593,0,0.033986025557864404,0.011885632606012664,0.00063578569254401686,1.1944267491117377e-06,2.1565179853261896e-05,2.7769775287189296,1.2085052901654476,-0.19061929796650828,0.049477596362672661,1.7896119773664825,0.47156631663607906,0.13774337041316057,1.789630376066589,0.47170007136046266,0.14962823615100762
11.18,5590,0.0065231164472862391,0.015000640987956251,0,0.034929971857480722,0.011879286326694556,0.00060303501910441838,1.1232744496962889e-06,2.1933842111273517e-05,2.7770913517764604,1.2085296431238173,-0.19059819454371046,0.049466378955818062,1.7898037937008104,0.47053869887031896,0.1377471162156132,1.7898192208829984,0.47065088165712687,0.14962586281009807
11.200000000000001,5600,0.0065237421932492863,0.015000544496574234,0,0.035873856855625968,0.011841184784558903,0.00058668725823356551,1.0545867851960408e-06,2.2329078268013787e-05,2.7772074433190119,1.2085539973391357,-0.19057708896732692,0.049455162408891896,1.7899906269844763,0.46952758546361328,0.137782758769354,1.7900039889800157,0.46962434151384336,0.14962354070408654
11.220000000000001,5610,0.0065243752902026126,0.015000451566440703,0,0.036816262961264098,0.011768434120468796,0.00058332924604991162,9.9242862924442301e-07,2.2491710265994076e-05,2.7773259936631476,1.20857835150215,-0.19055598682355046,0.04944394945526201,1.7901728679308282,0.46853488983077923,0.13785315470435086,1.790184641365286,0.46862066756550647,0.14962127032301642
11.24,5620,0.0065250162599199846,0.015000366555486207,0,0.037756169342363984,0.011658817596471275,0.00059004221951949713,9.4171309289897213e-07,2.2845425764212974e-05,2.7774471525060154,1.2086027037072242,-0.19053489250249381,0.049432737808561042,1.7903505343681925,0.46756187519833264,0.13796050151420924,1.7903611418830037,0.46764006068762792,0.14961905212128221
11.26,5630,0.0065256656650857564,0.015000289103088545,0,0.03869247759875339,0.011510863422096881,0.00060484304316545763,9.0152257819515218e-07,2.2972699315936647e-05,2.7775711006335357,1.2086270541636368,-0.19051380563873663,0.049421527523932043,1.7905237629005439,0.46660967054157404,0.13810625887933942,1.7905334572717646,0.46668270567491577,0.14961688651690255
11.279999999999999,5640,0.0065263238604081316,0.015000220001471595,0,0.039624220256536079,0.011323760452335942,0.00062607053239851324,8.7123266229144108e-07,2.3004407680670755e-05,2.7776979734319323,1.2086514026251802,-0.19049272702382342,0.049410319128792478,1.7906926316362608,0.46567910194645684,0.1382912312759598,1.7907015572224199,0.46574877091985034,0.14961477389079308
11.300000000000001,5650,0.0065269910566591993,0.015000160060558076,0,0.040550501250966466,0.011097349705133238,0.00065233893858540994,8.4989224435427284e-07,2.3319120084582497e-05,2.7778278914282306,1.2086757487311171,-0.19047165746938377,0.049399112980545043,1.7908571590900622,0.46477077232334318,0.13851557406560877,1.7908654144359284,0.46483840809126364,0.14961271458603939
11.32,5660,0.0065276674098200928,0.015000109538320814,0,0.041470398794594458,0.010832114440178377,0.00068240285492841726,8.3590780952034681e-07,2.3691257207163768e-05,2.7779609882692782,1.2087000923747311,-0.19045059723223973,0.049387909330698282,1.7910173747768749,0.46388517174996269,0.1387788017747717,1.7910250046812106,0.4639517518129157,0.14961070890716985
11.34,5670,0.0065283530044769784,0.015000068789001049,0,0.042382962035709425,0.010529131569553086,0.00071513825647089035,8.2761798444532137e-07,2.3598773091450889e-05,2.7780974044497708,1.2087244334293674,-0.19042954666549236,0.049376708496051462,1.7911733010376629,0.46302268004434016,0.13907983624011028,1.7911803068530014,0.46308891934207241,0.14960875711942867
11.359999999999999,5680,0.0065290478683234562,0.015000038142988408,0,0.043287275109977548,0.01019002885620449,0.00074947030390337698,8.234449182566977e-07,2.3814010656927559e-05,2.7782372919449978,1.2087487717745695,-0.19040850609840845,0.049365510785773364,1.7913249510532547,0.46218358944154392,0.1394170490465185,1.7913313030297031,0.4622500102480836,0.14960685944804875
11.380000000000001,5690,0.0065297519391860417,0.015000017152639964,0,0.044182221212556251,0.0098169558456422841,0.0007845301831704214,8.193604287611029e-07,2.3536915126363769e-05,2.7783807802081033,1.2087731086997362,-0.19038747505300258,0.049354318671650535,1.791472472903201,0.46136824035200685,0.1397882894980427,1.7914779785312394,0.46143510609096022,0.14960501607752449
11.4,5700,0.0065304650211055861,0.015000005490980394,0,0.04506674951460151,0.0094125001839113712,0.00081922951448347154,8.151048267665812e-07,2.3536915126363769e-05,2.7785280060412036,1.2087974439695954,-0.19036645320728426,0.049343131456208382,1.7916158014675418,0.46057675939553216,0.14019097016427887,1.7916203219769071,0.46064427009995113,0.14960322715088498
11.42,5710,0.0065311869686281096,0.015000002153831926,0,0.045939862293879676,0.0089796523099045442,0.00085250741474186234,8.1236670506419533e-07,2.3598773091450889e-05,2.7786791650106726,1.2088217768652874,-0.1903454395771314,0.049331946677739061,1.7917547739419464,0.45980916958478263,0.14062210150097781,1.7917583253432314,0.45987754685212279,0.14960149276896664
11.44,5720,0.0065319177106607047,0.015000005883541823,0,0.046800371262845121,0.0085217734759664588,0.00088359756636915304,8.1090219034449787e-07,2.3722005120437366e-05,2.7788344811049193,1.2088461077352268,-0.19032443290105383,0.049320763918545368,1.7918893741444839,0.45906556484369759,0.14107832248592275,1.7918919840218168,0.45913496195093495,0.14959981298968633
11.460000000000001,5730,0.0065326571497817693,0.015000016233666775,0,0.047647012116943326,0.00804252905545828,0.00091182545771255027,8.1067029777846654e-07,2.408791882813596e-05,2.7789941803072145,1.2088704367227683,-0.19030343272972314,0.049309583185299766,1.7920196172781728,0.45834601044536627,0.14155596804984419,1.792021296877202,0.45841652170481872,0.1495981878273141
11.48,5740,0.0065334051660860303,0.015000033009819792,0,0.048478453139326035,0.0075458381250811555,0.00093657295676941759,8.1186262421365724e-07,2.3905662095044801e-05,2.7791584937236431,1.2088947638862224,-0.19028243886679658,0.049298404561139639,1.7921455213962902,0.4576505375132553,0.14205111958045355,1.7921462663047119,0.45772221280575498,0.14959661725174633
11.5,5750,0.0065341616360000722,0.015000052368282982,0,0.049293248167122168,0.0070358391533068641,0.00095766994884418049,8.1350264808217363e-07,2.3783381691639052e-05,2.7793276734472006,1.2089190906691605,-0.19026144745066453,0.049287227300001887,1.7922670726220677,0.45697919127668785,0.14255963878945374,1.7922668982883116,0.45705200200785073,0.14959510118777847
11.52,5760,0.0065348793159338368,0.015000115558812994,0,0.05008866148341528,0.0065168708625020135,0.00096150303526212953,8.4222690052443666e-07,2.426880686682541e-05,2.7794840913515384,1.2089433989715797,-0.19024049992003583,0.04927605006487449,1.7923843503692705,0.45633329451826421,0.14307717250514562,1.7923832024584594,0.45640583580591731,0.14959363951437801
11.540000000000001,5770,0.0065355729652407718,0.015000154638257364,0,0.050864825798327608,0.0059934272865462372,0.00093382075563414437,8.6175236632621182e-07,2.4057638591366351e-05,2.7796334522081914,1.208967717240488,-0.19021952808236628,0.049264869157197272,1.7924974813390522,0.45571096812684653,0.14359924581493211,1.7924951921499597,0.45578364011404848,0.14959223206395741
11.56,5780,0.0065362781665725183,0.015000169956362178,0,0.051621123542456161,0.0054696478653564386,0.00090459241712663474,8.6100053235907602e-07,2.3691257207163768e-05,2.7797895370748638,1.2089920470251361,-0.19019853218317362,0.049253695015185894,1.7926065934515867,0.45511123308271684,0.14412173379349205,1.7926028844598159,0.45518531994419731,0.14959087862164702
11.58,5790,0.0065369919444539081,0.015000196451534243,0,0.052354709314691945,0.0049499362494027747,0.00088018390244700199,8.6515966695930622e-07,2.3536915126363769e-05,2.7799517231426787,1.2090163731360144,-0.19017754733438333,0.049242525312634532,1.792711414839093,0.45453535613628637,0.14464021966199109,1.7927063003050847,0.45461075908475357,0.14958957892456801
11.6,5800,0.006537700132587013,0.015000251225886739,0,0.053062663952909213,0.004438773053277445,0.00085517950775166143,8.9788589376225689e-07,2.3536915126363769e-05,2.7801151562648161,1.2090406855673261,-0.19015659082362674,0.04923134758513012,1.7928113794679839,0.45398459977452171,0.14515020093904751,1.7928054644807279,0.45405981977912235,0.1495883326611053
11.620000000000001,5810,0.0065384042992282249,0.015000274565416973,0,0.053745034212549607,0.0039404590653504198,0.00082051334274393483,9.1432872536991325e-07,2.347489416183844e-05,2.7802805278451159,1.2090650089597006,-0.19013560263226384,0.04922016218242662,1.7929068291313492,0.45345704064474252,0.14564740521131675,1.7929004057174669,0.45353234240430007,0.1495871394701804
11.640000000000001,5820,0.0065391107669990605,0.015000252735198292,0,0.054400937381097851,0.0034590141289241052,0.00078131531509326711,8.98170607869826e-07,2.4027320194202514e-05,2.780450455757042,1.2090893501299882,-0.19011456890440692,0.04920897428562198,1.7929980836167021,0.45295183015807466,0.14612783370668125,1.7929911567396346,0.45302814514945389,0.14958599894052441
11.66,5830,0.0065398146922828106,0.015000285983428842,0,0.055026964325842663,0.0029981876506576183,0.00074216652918123057,9.2089999273050908e-07,2.3536915126363769e-05,2.7806234486217729,1.2091136700504523,-0.19009359040015983,0.049197790720165308,1.793085257204452,0.45247093154079454,0.14658769809171487,1.7930777543230296,0.45254702369449806,0.14958491060995094
11.68,5840,0.0065405178681135091,0.015000306643766973,0,0.055623035012051687,0.0025616724343010258,0.00069905764084850187,9.346219052404399e-07,2.347489416183844e-05,2.7808003364535345,1.2091379949911045,-0.19007259910531171,0.049186606901694331,1.7931683305435488,0.45201269484301049,0.14702334361503192,1.7931602393527686,0.45208875088867262,0.14958387396462899
11.700000000000001,5850,0.0065412191118915794,0.015000332417808427,0,0.05618757067474154,0.0021527331157339758,0.00065410094783852567,9.5234169245567452e-07,2.3814010656927559e-05,2.7809809522062281,1.2091623180036015,-0.19005161281383653,0.049175423784420566,1.7932473326538034,0.45157725553277928,0.14743150846489128,1.7932386568811405,0.45165307642911906,0.1495828884383559
11.720000000000001,5860,0.0065419185362829094,0.015000346611574457,0,0.056719810957035481,0.0017743164024123636,0.00060623700600217839,9.6119933374224462e-07,2.3350358035739973e-05,2.7811655207609771,1.2091866455974778,-0.19003061474615213,0.04916424045286992,1.7933223051762732,0.45116399169007149,0.14780927820620832,1.7933130561854584,0.45123972653945921,0.14958195341183023
11.74,5870,0.006542616767754689,0.015000325135638704,0,0.057219254273246832,0.001428965118711549,0.00055585975612462181,9.4220997380998396e-07,2.347489416183844e-05,2.7813544720017314,1.2092109871479007,-0.19000958068509138,0.049153055337682924,1.7933932712707543,0.45077218426146975,0.14815417078798249,1.7933834908259136,0.45084840364837409,0.14958106821192471
11.76,5880,0.0065433124583667906,0.015000307912341426,0,0.057684449296294883,0.0011186701290973326,0.00050531716807768656,9.2630120363882584e-07,2.3629641349369947e-05,2.7815474993666784,1.2092353271630647,-0.18998855076304424,0.049141870907938139,1.7934603107200255,0.45040239512951685,0.14846422075052451,1.7934500187034286,0.45047878606817937,0.14958023211095919
11.779999999999999,5890,0.0065440055585978011,0.015000294257000174,0,0.05811498646497474,0.00084499295599141887,0.00045506055253922658,9.1289058224490614e-07,2.3536915126363769e-05,2.7817446707678344,1.2092596658913397,-0.18996752429243952,0.04913068707945014,1.7935234788362402,0.45005428421288529,0.14873796711728812,1.7935127021175106,0.45013052767340223,0.1495794443259735
11.800000000000001,5900,0.0065446958803218463,0.015000283377974686,0,0.058510790172615394,0.00060901405076703257,0.00040568175796518846,9.0135434673494894e-07,2.3350358035739973e-05,2.7819459611713566,1.2092840036402466,-0.189946500477918,0.049119503748296392,1.7935828336542796,0.44972742972483498,0.1489745333208907,1.7935716078241035,0.44980325757936385,0.14957870401800044
11.82,5910,0.0065453851979783203,0.015000275077106627,0,0.058872079383531443,0.00041142127095285925,0.00035788700374670123,8.9151350987538689e-07,2.3443822150653013e-05,2.7821519722131449,1.2093083405442906,-0.18992547912296931,0.049108320837124665,1.7936384337300724,0.44942140276208536,0.14917368283325089,1.7936268070934427,0.4494965798207502,0.14957801029133858
11.84,5920,0.0065460778725994926,0.015000270113870609,0,0.059199401266373373,0.00025294494382993474,0.00031292172705550838,8.8373235231673542e-07,2.3067693653563172e-05,2.7823641204739626,1.2093326764210339,-0.1899044609897815,0.049097138605300308,1.7936903488307747,0.44913576004774913,0.14933587643545085,1.7936783757679069,0.44921007303019495,0.14957736219282528
11.859999999999999,5930,0.0065467759806139107,0.015000268105969914,0,0.05949365346350128,0.00013643277134547067,0.00027149464980958629,8.7778389109870422e-07,2.3067693653563172e-05,2.782582983950789,1.2093570113343581,-0.1898834456883027,0.049085957034007789,1.7937386495084622,0.44887003872688258,0.14946231245596436,1.793726394319872,0.44894329011685469,0.14957675871110965
11.880000000000001,5940,0.0065474794274766931,0.015000287894386575,0,0.059756188845258872,7.619815712952874e-05,0.00023362841521296638,8.8308202153912733e-07,2.3099271619960363e-05,2.7828082383289701,1.2093813397858695,-0.1898624520993292,0.049074784540952127,1.7937838138433477,0.44862369403414265,0.14955504647932205,1.7937709479095643,0.44869575794498728,0.14957619877592532
11.9,5950,0.0065481883815609043,0.015000302189031416,0,0.059988548145795788,8.2828278532754221e-05,0.00019914350368543203,8.8651696851398609e-07,2.3350358035739973e-05,2.7830398576459046,1.2094056697917348,-0.18984145287528312,0.049063609026438096,1.7938253358360481,0.44839630273127062,0.14961680523609119,1.7938121264429132,0.44846697701252847,0.14957568125736351
11.92,5960,0.0065489027502300106,0.015000317601454725,0,0.060192843028516733,0.00010371411757381294,0.00016801779463770789,8.9143515729382917e-07,2.3036072399968081e-05,2.7832774603596651,1.2094299994340307,-0.18982045464669003,0.049052433205704155,1.7938634729635865,0.44818730204017809,0.14965135161286935,1.7938500246294049,0.44825642112967101,0.14957520496514587
11.94,5970,0.0065496226193433689,0.015000345394020873,0,0.060371630170898145,0.00011224680257517748,0.00014068365977843377,9.0438734635533426e-07,2.3036072399968081e-05,2.7835206336747618,1.2094543254504326,-0.18979946869909686,0.049041262192412234,1.7938985667266589,0.44799608823658571,0.14966341893777152,1.7938847420399351,0.44806353709744023,0.1495747686478974
11.960000000000001,5980,0.0065503481064682796,0.015000375841911141,0,0.060527819621333016,0.00010778035620387116,0.00011732477797429659,9.2055441669344242e-07,2.2813496432377448e-05,2.7837690259280632,1.2094786505972339,-0.18977848528887042,0.049030091483557615,1.7939305147881466,0.44782208744912066,0.14965866849537571,1.7939163831646627,0.44788774438627488,0.14957437099241938
11.98,5990,0.0065510792588287011,0.015000404368206492,0,0.060664784885636223,9.5618616509319363e-05,9.8195104865470234e-05,9.3702409483641553e-07,2.2940947124789083e-05,2.7840221576596589,1.2095029762513823,-0.18975749982848827,0.049018919082512262,1.7939593398671168,0.44766469224072725,0.14964383767543102,1.7939450574708626,0.44772843481460006,0.14957401062296233
12,6000,0.0065518161238719867,0.015000426257735901,0,0.060786357833373071,8.261436245702474e-05,8.3460468003766116e-05,9.503101783149673e-07,2.2909150924997221e-05,2.784279469738868,1.2095273037889214,-0.18973650759332328,0.049007742847208977,1.7939850907794894,0.4475232586701649,0.14962673898125861,1.7939708794607787,0.44758497222740945,0.14957368610049887
12.02,6010,0.0065525585424702172,0.015000445755619561,0,0.060895372062425519,7.2764882169534304e-05,7.2636019162168638e-05,9.6278844627417645e-07,2.2909150924997221e-05,2.7845404463399865,1.2095516318712538,-0.18971551283379157,0.048996564989899703,1.7940079950030745,0.44739708405430056,0.14961270067605875,1.7939939687294777,0.44745669217484008,0.14957339592199667
12.040000000000001,6020,0.0065533062774088451,0.015000463924659833,0,0.060992706567882408,6.5897079350623263e-05,6.5155852023689864e-05,9.7479153238656949e-07,2.3004407680670755e-05,2.7848048666099672,1.2095759602978717,-0.1896945166090496,0.048985386480310783,1.7940282312315476,0.44728548075351232,0.14960238490067254,1.7940144500227015,0.44734290159075096,0.14957313851969137
12.06,6030,0.0065540589886984787,0.015000484366123929,0,0.061078588381182249,6.0862638633929906e-05,5.9922503424677941e-05,9.8911047718666719e-07,2.2972699315936647e-05,2.7850725735361297,1.2096002879196845,-0.18967352253520314,0.048974208410307356,1.794046002646241,0.44718771417919778,0.1495947657894065,1.7940324532947214,0.4472428784712994,0.14957291226035949
12.08,6040,0.0065548164110519145,0.015000506161314261,0,0.06115336277640724,5.6882932484656014e-05,5.6154685942138605e-05,1.0051500373402418e-06,2.2845425764212974e-05,2.7853434376779305,1.2096246150906325,-0.18965252969419777,0.048963030136863102,1.7940614299252087,0.44710304849802285,0.14958908837117219,1.7940481137661899,0.44715587155352154,0.14957271544459133
12.1,6050,0.0065555783119051522,0.015000525282976542,0,0.061217493611493111,5.3454783529856075e-05,5.3386459955892716e-05,1.0196552943204798e-06,2.2813496432377448e-05,2.7856173355459752,1.2096489431736461,-0.18963153404717054,0.048951850050093913,1.7940745873815995,0.44703073369590529,0.14958484465071059,1.7940615719819952,0.44708109999390622,0.14957254630606401
12.120000000000001,6060,0.0065563443816341526,0.015000541048712193,0,0.061271564420541692,5.0297596201851021e-05,5.1425246764741849e-05,1.0319332660257636e-06,2.2845425764212974e-05,2.7858940867239741,1.2096732723610135,-0.18961053490971791,0.048940667886413151,1.7940856106820895,0.44696996081130097,0.14958167993652932,1.7940729738691135,0.4470177530469755,0.1495724030108142
12.140000000000001,6070,0.0065571142913764266,0.015000553377157994,0,0.06131622747926959,4.7247584541342498e-05,4.9885519991890944e-05,1.0417558724969472e-06,2.2426798989897964e-05,2.786173490639972,1.2096976026681012,-0.18958953219910621,0.048929483711127361,1.7940946566071354,0.44691988729338256,0.14957932703463542,1.7940824707944629,0.44696498974386034,0.14957228365651115
12.16,6080,0.0065578876993169248,0.015000562344087927,0,0.061352189976050166,4.420890282768858e-05,4.8747409892733185e-05,1.0490528551336872e-06,2.2491710265994076e-05,2.7864553334898883,1.2097219340684686,-0.18956852599003515,0.048918297664926218,1.7941018897541008,0.44687964051854506,0.14957758163013593,1.7940902196227557,0.44692193857087947,0.14957218627172963
12.18,6090,0.0065586642517832874,0.015000568061698286,0,0.061380208153911271,4.1126066805013418e-05,4.7643323489773486e-05,1.0538223926412114e-06,2.2361699290911531e-05,2.7867393901939463,1.2097462665266823,-0.18954751639396472,0.048907109885027382,1.7941074793068137,0.44684831757588561,0.14957628848375573,1.7940963827743523,0.44688769714811716,0.14957210881522279
12.200000000000001,6100,0.0065594435832954387,0.015000570647758022,0,0.06140108307429671,3.7967282928368333e-05,4.6980829509431752e-05,1.0561010467677453e-06,2.262097403300073e-05,2.7870254251559965,1.2097706000062487,-0.18952650352822523,0.048895920488664348,1.794111598720582,0.44682498474715882,0.14957533070092691,1.7941011282831141,0.44686133190799793,0.14957204917519509
12.220000000000001,6110,0.0065602252236112504,0.015000576858658281,0,0.061415723534263021,3.4797672764338351e-05,4.6151184392783559e-05,1.0617806860166211e-06,2.2491710265994076e-05,2.7873131290359039,1.209794932061717,-0.18950549417399526,0.04888473173092054,1.7941145106958347,0.44680861741153299,0.1495746500309105,1.7941046298542562,0.4468418777738693,0.14957200516857527
12.24,6120,0.0065610088734603814,0.015000584814105633,0,0.061424976232033003,3.1569226247031684e-05,4.5434878357311187e-05,1.0691202279725404e-06,2.2459278078588273e-05,2.7876022869239798,1.2098192634626117,-0.18948448644138252,0.048873543201309259,1.7941163707919958,0.44679825060537676,0.14957416827026537,1.7941070669222019,0.44682833783857434,0.14957197454028923
12.26,6130,0.0065617942775694077,0.015000587835811562,0,0.06142968753597846,2.8186585300007006e-05,4.4886088819247391e-05,1.0722312956922216e-06,2.265317472408141e-05,2.7878927170037886,1.2098435966175627,-0.18946347362702243,0.048862352722185233,1.7941172708344784,0.44679291916510649,0.14957380507974347,1.7941086247084346,0.4468196830430321,0.14957195496253292
12.280000000000001,6140,0.0065625810376650998,0.015000584901937255,0,0.061430809856883963,2.4641340596493544e-05,4.4658156536028428e-05,1.0702858408896078e-06,2.265317472408141e-05,2.7881841557513831,1.209867931807121,-0.18944245470718729,0.048851159819516869,1.7941173828617014,0.44679156073261278,0.1495735218684825,1.7941094942793512,0.44681485185481384,0.14957194403404533
12.300000000000001,6150,0.0065633686701683774,0.015000580341976662,0,0.061429396670435531,2.1005825904511813e-05,4.4099702304461412e-05,1.0673503012905187e-06,2.2909150924997221e-05,2.7884762796700291,1.2098922672573378,-0.1894214340326372,0.048839965515382271,1.7941169447115743,0.44679301836238494,0.14957331572318436,1.7941098726041158,0.44681274994672282,0.14957193927938139
12.32,6160,0.0065641568496856368,0.015000571472582935,0,0.061426424117847052,1.7237246269834337e-05,4.3867684222547834e-05,1.060919362353995e-06,2.2459278078588273e-05,2.7887688442619649,1.2099166040872715,-0.18940040890617388,0.04882876926030754,1.7941161459723094,0.44679620572468498,0.14957315221138093,1.7941099626125128,0.44681224987536827,0.14957193814818481
12.34,6170,0.0065649453538341711,0.015000551968277768,0,0.061422902490063207,1.3292595247910467e-05,4.3366322794389001e-05,1.0460955892193263e-06,2.2198114802541581e-05,2.7890616564147193,1.2099409441441293,-0.18937937298870516,0.048817568222010964,1.7941150832353185,0.4467999962362792,0.1495729906031685,1.7941099649752124,0.44681221374376834,0.14957188199473315
12.359999999999999,6180,0.0065657335154040474,0.015000527467053484,0,0.061419787953444722,9.6289015713690066e-06,4.2977985044806233e-05,1.0270461026318095e-06,2.2165253030559974e-05,2.7893543240432606,1.2099652862510917,-0.18935833191874943,0.048806365808538532,1.7941141130050273,0.44680326726281716,0.14957266748639517,1.7941099729846732,0.4468117913822216,0.14957096004230599
12.380000000000001,6190,0.0065665205985653312,0.0150005067440535,0,0.06141744639620856,7.0891133515759463e-06,4.2825068226553704e-05,1.0105949937185252e-06,2.2426798989897964e-05,2.7896465330790887,1.2099896278008639,-0.18933729449053943,0.04879516598484137,1.7941134708230635,0.44680517929066405,0.14957121130095871,1.7941100000131627,0.44681036609344466,0.14956784884892799
12.4,6200,0.0065673062430923529,0.015000491041854977,0,0.061415759868300175,6.9060985974591924e-06,4.2654517695413029e-05,9.982077137767226e-07,2.2459278078588273e-05,2.7899382205887431,1.2100139678486448,-0.18931626196331672,0.04878396823393065,1.7941130875684839,0.44680515930563275,0.14956706405868972,1.7941100572860715,0.4468073459308024,0.14956125628315112
12.42,6210,0.0065680902858857668,0.015000478480868157,0,0.061414551319610704,9.2090128806841709e-06,4.2977985044806233e-05,9.88303631811702e-07,2.2263692832568247e-05,2.7902293971018759,1.2100383070007863,-0.18929523245262786,0.048772771749306443,1.7941128893811094,0.4468027183848734,0.14955870928680945,1.794110155655176,0.44680215864941369,0.14954993321952548
12.44,6220,0.0065688725193070799,0.015000468642567015,0,0.061413710565165029,1.2737524664885964e-05,4.3315867486094983e-05,9.8049979457262865e-07,2.2296409518597789e-05,2.7905200391161467,1.210062645387421,-0.18927420553873187,0.048761576336479734,1.7941128473506673,0.44679735509933932,0.14954476238772346,1.7941103056027301,0.44679425149033847,0.14953267306751172
12.460000000000001,6230,0.0065696526915239844,0.015000461448939082,0,0.061413168468181963,1.6732505711058189e-05,4.4346946078767742e-05,9.7470780008342161e-07,2.2426798989897964e-05,2.790810100344562,1.2100869830128393,-0.18925318114358167,0.04875038194074114,1.7941129472295085,0.44678856832369768,0.14952393405509565,1.7941105172455585,0.44678309096476454,0.14950831130039327
12.48,6240,0.0065704305216135435,0.01500045585149333,0,0.061412877882365303,2.089666547900484e-05,4.5547043630625889e-05,9.7018277937003623e-07,2.2459278078588273e-05,2.7910995270103891,1.2101113201398555,-0.18923215821715006,0.04873918803767166,1.7941131574976348,0.44677586814241527,0.14949500553492587,1.7941108003391495,0.4467681626381948,0.14947572498418879
12.5,6250,0.0065712057512917268,0.015000451351185938,0,0.061412807721676309,2.5103111914985061e-05,4.7320938671076483e-05,9.6652131840263671e-07,2.2329078268013787e-05,2.7913882649665234,1.2101356569317119,-0.18921113625876929,0.048727994456662704,1.7941134705812638,0.44675878138946762,0.14945682364828028,1.7941111642817462,0.44674897091463417,0.14943383230656446
12.52,6260,0.006571978165445351,0.015000448034474133,0,0.061412944278984812,2.928752500704279e-05,4.945995549328153e-05,9.6371137481715232e-07,2.2329078268013787e-05,2.7916762670276674,1.210159993407512,-0.18919011535374383,0.048716801343735835,1.7941138972866753,0.44673684926765062,0.14940829562345151,1.7941116181184409,0.44672503882077647,0.14938159210574634
12.540000000000001,6270,0.0065727475547904396,0.015000445777044801,0,0.061413292321441111,3.3409285816448679e-05,5.2045189935762275e-05,9.6164764101495368e-07,2.2588727439225648e-05,2.7919634875042565,1.2101843296068602,-0.18916909537722609,0.048705608665902643,1.7941144403844729,0.44670962457778779,0.14934838230571296,1.7941121705452661,0.44669590779019175,0.14931800339943269
12.56,6280,0.0065735137181758716,0.015000444423421305,0,0.061413871540644531,3.7441697814074783e-05,5.527813499413382e-05,9.6020985665109083e-07,2.2263692832568247e-05,2.7922498818987047,1.2102086655771642,-0.1891480761732533,0.048694416367305045,1.7941151023061017,0.44667667546953405,0.14927609442440856,1.7941128299132882,0.4466611374475129,0.1492421049137064
12.58,6290,0.0065742764628854396,0.015000443828475027,0,0.061414716239536517,4.1366833107498986e-05,5.8990754715865347e-05,9.5928893919189306e-07,2.2459278078588273e-05,2.7925354069547899,1.2102330013631435,-0.18912705759629564,0.048683224392521207,1.7941158865508497,0.44663758607762349,0.14919048972664944,1.7941136042326995,0.44662030539262304,0.14915297461194724
12.6,6300,0.0065750356045799086,0.015000443865434686,0,0.061415875602204524,4.5172563099964796e-05,6.3340568614767928e-05,9.5879154686598051e-07,2.2717439178655149e-05,2.792820020838561,1.2102573370041898,-0.18910603951926114,0.048672032691349572,1.7941167975358687,0.44659195674901736,0.14909067056752118,1.7941145011769106,0.44657300698484226,0.14904972922374421
12.620000000000001,6310,0.0065757909672495528,0.015000444424580019,0,0.061417414205789091,4.8850735078730932e-05,6.8205774534960679e-05,9.5863828183138621e-07,2.2329078268013787e-05,2.7931036833347904,1.2102816725345598,-0.18908502183217296,0.048660841219023233,1.7941178402463167,0.44653940420184629,0.14897578192292263,1.7941155280866439,0.4465188551271147,0.14893152377380797
12.640000000000001,6320,0.0065765423831790747,0.015000445410389543,0,0.061419412738454894,5.2395987519961958e-05,7.3622817853269165e-05,9.5876099557906169e-07,2.2781522350186147e-05,2.7933863560130461,1.2103060079841566,-0.18906400443930188,0.04864964993548257,1.7941190199606971,0.44647956161528007,0.14884500977152229,1.7941166919740248,0.44645748005019559,0.14879755111088311
12.66,6330,0.0065772896929047328,0.015000446739088734,0,0.061421968881519885,5.5804946423252793e-05,7.9414718450177384e-05,9.5910056025352604e-07,2.2394272795856101e-05,2.793668002344071,1.2103303433792452,-0.18904298725670246,0.048638458804657385,1.7941203420637402,0.44641207864727706,0.14869757977101708,1.7941179995266756,0.44638852909683835,0.14864704143666049
12.68,6340,0.0065780327451584603,0.015000448336761358,0,0.061425198303227173,5.9075664453249176e-05,8.5854146594736914e-05,9.5960519507535522e-07,2.2845425764212974e-05,2.7939485877806249,1.2103546787430086,-0.18902197021031836,0.048627267793894098,1.7941218119207007,0.44633662139175623,0.14853275615851599,1.7941194571118073,0.44631166650598142,0.14847926183468968
12.700000000000001,6350,0.0065787713968002105,0.015000450137878579,0,0.061429235715430873,6.2207222868566317e-05,9.2845675968323467e-05,9.6022917639915844e-07,2.2361699290911531e-05,2.7942280798116643,1.2103790140960089,-0.18900095323450555,0.048616076873494667,1.7941234347921966,0.44625287228940674,0.14834984081824368,1.7941210707803121,0.44622657319693526,0.14829351579929112
12.720000000000001,6360,0.006579505512740759,0.015000452084161316,0,0.061434235952675602,6.5199446347911848e-05,0.00010022298972734511,9.6093188440819621e-07,2.1933842111273517e-05,2.7945064479961523,1.2104033494565305,-0.18897993627088885,0.048604886016345737,1.7941252157765089,0.44616053000412481,0.14814817247311202,1.7941228462708565,0.44613294655356966,0.14808914276446875
12.74,6370,0.0065802349658569152,0.015000454123620754,0,0.061440375040836638,6.8052697657658523e-05,0.00010808248327068641,9.6167702131552148e-07,2.2296409518597789e-05,2.7947836639796408,1.2104276848408795,-0.18895891926740283,0.048593695197603086,1.7941271597709727,0.44605930927420906,0.14792712596750757,1.7941247890139738,0.44603050020850032,0.14786551763282202
12.76,6380,0.0065809596369005678,0.015000456209780447,0,0.061447851228657681,7.0767729410899419e-05,0.00011636405484296016,9.6243200870080028e-07,2.2263692832568247e-05,2.7950597015040692,1.2104520202636209,-0.18893790217750786,0.048582504394424769,1.794129271446824,0.44594894074511027,0.14768611161699077,1.7941269041361561,0.4459189638272763,0.14762205030445855
12.780000000000001,6390,0.0065816794144027222,0.015000458301018661,0,0.061456885960305345,7.3345576911321297e-05,0.0001250188187104953,9.6316749467312499e-07,2.1967050066869309e-05,2.7953345364029674,1.2104763557377809,-0.18891688495953224,0.048571313585751882,1.7941315552335069,0.44582917078875817,0.14742457460693528,1.7941291964639472,0.44579808289256656,0.14735818520590621
12.800000000000001,6400,0.0065823941945734243,0.01500046036002557,0,0.061467724770778547,7.5787480641060533e-05,0.00013415932956238778,9.6385695936553118e-07,2.2000207897163392e-05,2.7956081465914506,1.2105006912750247,-0.18889586757612745,0.04856012275212037,1.7941340153095915,0.4456997613131205,0.14714199442686912,1.7941316705280357,0.44566761848834741,0.14707340081902567
12.82,6410,0.0065831039017929952,0.015000464627308923,0,0.061480635795667836,7.8104656867427919e-05,0.00014360665614501794,9.6601159070774796e-07,2.2329078268013787e-05,2.7958805026293958,1.2105250263537417,-0.18887485226926812,0.048548933158884471,1.7941367169942763,0.44556049466047554,0.1468378907532745,1.7941343305673467,0.44552734708408925,0.14676720920992262
12.84,6420,0.0065838084802600522,0.015000470864232054,0,0.061495917588869707,8.0295791674182051e-05,0.0001534704141978914,9.6953552278851916e-07,2.2426798989897964e-05,2.7961515989242809,1.2105493610066254,-0.18885383880059758,0.048537744630356643,1.7941396481063394,0.44541115998276659,0.14651180910677714,1.7941371805331352,0.4453770603189437,0.14643915555786016
12.859999999999999,6430,0.0065845078693416281,0.015000477027426061,0,0.061513837520523799,8.2353013650293192e-05,0.00016370205220660709,9.7305503040408467e-07,2.2263692832568247e-05,2.7964214401198269,1.2105736957182209,-0.18883282512536043,0.048526556014139605,1.7941427521102418,0.44525156035689684,0.14616332230147266,1.7941402240930777,0.44521656478593047,0.14608881768417117
12.880000000000001,6440,0.0065852020021084758,0.015000482627018537,0,0.061533428184805013,8.4276941360773706e-05,0.00017423677360678104,9.7619249865374317e-07,2.2524095754713237e-05,2.7966900170670388,1.2105980306328323,-0.1888118107527067,0.048515367084764553,1.7941460236422999,0.44508151948063213,0.14579204019359351,1.7941434646353656,0.44504568181612453,0.14571580558117056
12.9,6450,0.0065858908136339827,0.015000487578347961,0,0.061554241065426583,8.6069873050475087e-05,0.00018514096775471521,9.7886887443403199e-07,2.2394272795856101e-05,2.7969573179607141,1.2106223657788373,-0.18879079559779838,0.048504177806562014,1.7941494692007571,0.4449008745889122,0.14539760622548098,1.7941469052727976,0.44486424726284313,0.14531976094106777
12.92,6460,0.0065865742439937258,0.015000491897744297,0,0.061576293509535661,8.7734226253363766e-05,0.0001963196759357242,9.8108442730540764e-07,2.2263692832568247e-05,2.7972233318292705,1.2106467011536182,-0.1887697796770158,0.048492988187804759,1.7941530961744729,0.44470947661410098,0.14497969543847244,1.7941505488468719,0.44467211128583256,0.14490035668487899
12.94,6470,0.0065872522396512824,0.015000495610485578,0,0.061599601299004415,8.9272283763949074e-05,0.00020779524597701953,9.8284839802128377e-07,2.2459278078588273e-05,2.7974880495938641,1.2106710367514169,-0.18874876301570603,0.048481798239873697,1.7941569106663162,0.44450719048481779,0.14453801356216159,1.7941543979318793,0.44446913813545552,0.14445729649133954
12.960000000000001,6480,0.0065879247947794274,0.015000501072043301,0,0.061624149208822747,9.0706892866981653e-05,0.0002195775690172082,9.8546967676340331e-07,2.1867274910380131e-05,2.7977514561540238,1.2106953722912672,-0.18872774796245748,0.048470610102781878,1.7941610174358702,0.44429392826000758,0.14407230063688251,1.7941584548389955,0.44425520593687773,0.14399031432581616
12.98,6490,0.0065885918823462139,0.015000508595306571,0,0.061649990275532592,9.203433367302677e-05,0.00023165759897015087,9.8940859205821365e-07,2.206637408534863e-05,2.7980135506200066,1.21071970756925,-0.1887067348339638,0.048459423611412034,1.7941653999036653,0.44406956645560131,0.1435823240578647,1.7941627216203735,0.4440302064742554,0.14349917396921955
13,6500,0.0065892534684979564,0.015000516084954441,0,0.06167938424918986,9.3236687052168358e-05,0.00024397020775871213,9.9349444922084603e-07,2.1933842111273517e-05,2.7982743483188677,1.2107440428490293,-0.18868572154080229,0.048448236881251702,1.7941699628443364,0.44383398052728895,0.14306787423891792,1.7941672000732365,0.44379404497492181,0.14298366854691646
13.02,6510,0.0065899095444959879,0.01500052247011118,0,0.061714148062805098,9.4313616972854103e-05,0.00025655010186749613,9.9684381262758623e-07,2.2198114802541581e-05,2.7985338599635545,1.2107683784451502,-0.18866470700974686,0.048437049439791283,1.7941746878243665,0.44358709415901715,0.14252877105698117,1.7941718917439704,0.44354663989357457,0.14244362005764222
13.040000000000001,6520,0.0065905600990720193,0.015000527411490059,0,0.061754838202458841,9.5268183758156406e-05,0.0002693896009341395,9.9913079812243121e-07,2.2263692832568247e-05,2.7987920897453371,1.2107927144715627,-0.18864369090040078,0.048425861173066242,1.7941795791773585,0.44332884398124078,0.14196486576166556,1.7941767979322161,0.44328792269646244,0.14187887890241296
13.06,6530,0.0065912051203046787,0.015000530892780512,0,0.061802039909746011,9.6103641270621373e-05,0.0002823836168296924,1.0003039341894186e-06,2.2198114802541581e-05,2.7990490395743111,1.2108170509398815,-0.18862267319626924,0.048414672091044809,1.7941846458997912,0.44305917664520988,0.14137603883756616,1.7941819196949624,0.44301783764557273,0.14128932341343814
13.08,6540,0.0065918445994658827,0.01500053299288294,0,0.061856364297155138,9.6822865879992221e-05,0.00029557835990650923,1.0004026479032056e-06,2.206637408534863e-05,2.7993047118669794,1.2108413878284239,-0.1886016539764285,0.048403482231940811,1.7941898961244713,0.44277805007415066,0.14076219842710308,1.7941872578506386,0.44273634158281783,0.14067485938303265
13.1,6550,0.0065924785331025366,0.015000533800194733,0,0.06191844584632953,9.7428568221734032e-05,0.00030894811290096199,9.9948014068675598e-07,2.2165253030559974e-05,2.7995591106313729,1.210865725112781,-0.18858063332946934,0.048392291637825345,1.794195336322769,0.4424854344281875,0.14012327958198287,1.7941928129832068,0.44244340371422242,0.14003541959252933
13.120000000000001,6560,0.0065931069235463076,0.015000533392936001,0,0.061988940661108612,9.7923375447181608e-05,0.00032250501359997673,9.9758430378300266e-07,2.1767042412140833e-05,2.7998122416605828,1.2108900627730408,-0.18855961133373295,0.048381100349907655,1.7942009714874683,0.44218131215395473,0.13945924375995877,1.7941985854462545,0.44213900539411061,0.13937096334119115
13.140000000000001,6570,0.0065937297788065596,0.015000531839407692,0,0.062068524907360138,9.8309791078370382e-05,0.00033618956741734578,9.9475803652525849e-07,2.2033315828455735e-05,2.8000641124486627,1.2109144007927812,-0.18853858805759371,0.048369908406617833,1.7942068053400024,0.44186567765340745,0.13877007835978877,1.7942045753670877,0.44182313990929267,0.13868147597512392
13.16,6580,0.0065943471126862652,0.015000529197606504,0,0.062157892806423413,9.8590344776112516e-05,0.00035000971021122791,9.9103597177048156e-07,2.1733528855063329e-05,2.8003147321638631,1.2109387391610158,-0.18851756355901811,0.048358715848619623,1.7942128407720768,0.44153853725054182,0.13805579631541523,1.7942107826508222,0.44149581226325241,0.13796696841618816
13.18,6590,0.0065949589438463636,0.015000525534634584,0,0.062257755276718875,9.8767214649613688e-05,0.00036391594661659379,9.8646763807361767e-07,2.1967050066869309e-05,2.8005641112725548,1.2109630778602392,-0.18849653790520376,0.048347522710548409,1.794219079717877,0.44119990824405864,0.13731643555821674,1.794217206984478,0.44115703896033381,0.13722747669091179
13.200000000000001,6600,0.0065955652960868836,0.01500052091268984,0,0.062368837508894749,9.8842336732387498e-05,0.00037795663492749603,9.8110356227930426e-07,2.2033315828455735e-05,2.8008122616787321,1.2109874168718295,-0.1884755111585002,0.048336329018465157,1.7942255231127076,0.44084981892858027,0.13655205855058278,1.7942238478410704,0.44080684778992824,0.13646306145940218
13.220000000000001,6610,0.0065961661987974747,0.01500051537756499,0,0.06249187615929807,9.8817677858287364e-05,0.00039205412265641174,9.7498081765807023e-07,2.206637408534863e-05,2.8010591968577154,1.211011756183124,-0.18845448336477241,0.048325134794814123,1.7942321712261493,0.44048830885036755,0.13576275187816089,1.7942307044837029,0.44044527761066143,0.13567380754425898
13.24,6620,0.0065967616865710019,0.015000508969657021,0,0.062627148850160325,9.8695178453554616e-05,0.00040621326292187627,9.6813369555241417e-07,2.183391520383078e-05,2.8013049316520111,1.2110360957828359,-0.18843345456447752,0.048313940059436164,1.7942390238820389,0.44011542841816098,0.13494862579080835,1.7942377759696606,0.44007237813458044,0.13485982345948586
13.26,6630,0.0065973517987672307,0.015000501736228683,0,0.062771405368558353,9.8476691283735601e-05,0.00042041395630965745,9.606054571352925e-07,2.1463536648682345e-05,2.8015494820579168,1.2110604356561168,-0.18841242480499765,0.048302744831255448,1.7942460806148841,0.43973123850532758,0.1341098137473907,1.7942450611545013,0.43968820971134087,0.13402124093940332
13.280000000000001,6640,0.0065979365795957885,0.01500049372557369,0,0.062929142129262539,9.8164046235671396e-05,0.00043467728492982508,9.5244201536521872e-07,2.1258792350482307e-05,2.8017928652589092,1.2110847757873056,-0.18839139413475936,0.048291549128497202,1.7942533407029002,0.43933581037716607,0.13324647194654551,1.7942525586961497,0.43929284311239336,0.13315821446756071
13.300000000000001,6650,0.0065985161809315697,0.015000483600123554,0,0.063101628455877745,9.7784068034923545e-05,0.00044950351396365887,9.4174597306042715e-07,2.1733528855063329e-05,2.8020351344987429,1.2111091177689837,-0.18837036119758818,0.048280352174531319,1.7942608411196315,0.43892929171334127,0.13235877411294711,1.7942602670589887,0.43888635931517139,0.13227092080564898
13.32,6660,0.0065990906423566064,0.015000471919715179,0,0.063289629016073795,9.7329651897559672e-05,0.00046471017992623788,9.2920911505663777e-07,2.1565179853261896e-05,2.8022763012333263,1.2111334610868989,-0.1883493265581771,0.048269154362041981,1.7942685693537357,0.43851174827069811,0.13144692321929524,1.7942681845179522,0.43846884928727753,0.13135955852241257
13.34,6670,0.006599659949884179,0.015000459764761345,0,0.063488650875543062,9.6778936771141249e-05,0.00047974178584094413,9.1642205498126446e-07,2.1258792350482307e-05,2.8025163606581596,1.2111578043858626,-0.18832829131283935,0.048257956324830861,1.7942764839599539,0.43808321938334288,0.13051114505462497,1.7942763091626186,0.43804041377067082,0.13042434752256205
13.359999999999999,6680,0.0066002241712126821,0.015000446868241946,0,0.063701556799806075,9.6133119522308035e-05,0.00049465997609999168,9.0319238026742861e-07,2.1395506250453509e-05,2.8027553380176173,1.2111821477372624,-0.18830725519459041,0.048246757870515009,1.7942845760797439,0.43764381711967371,0.12955168079222928,1.7942846389013023,0.43760116306585378,0.1294655285756863
13.380000000000001,6690,0.0066007833816237524,0.015000433068810121,0,0.06393213593961708,9.5396481960815664e-05,0.00050942606602467878,8.8937980303776138e-07,2.1733528855063329e-05,2.8029932593867728,1.2112064912257305,-0.18828621804131324,0.048235558915037557,1.7942928455032163,0.43719366878172716,0.12856879242511388,1.7942931714651464,0.43715121681605923,0.12848336284516496
13.4,6700,0.006601337657617566,0.015000418323104279,0,0.064181111792845663,9.4573112995594941e-05,0.00052406960392566582,8.7494719532588076e-07,2.1258792350482307e-05,2.8032301498975469,1.211230834893011,-0.18826517980907648,0.048224359450161729,1.7943012940141656,0.4367329087756418,0.12756276261950786,1.7943019044122162,0.43669070379143771,0.12747813141708092
13.42,6710,0.0066018870764863761,0.015000402684413766,0,0.064447460648064697,9.3666247903027568e-05,0.00053857893131226998,8.599508725026716e-07,2.084327099243578e-05,2.8034660340106816,1.2112551787387218,-0.18824414055106467,0.048213159501586306,1.7943099233858257,0.43626167803172688,0.1265338937307931,1.7943108351315902,0.436219761673244,0.12645013482913228
13.44,6720,0.0066024317171610222,0.015000386262966897,0,0.064726705364455656,9.2678267881291513e-05,0.00055296065832275538,8.4450717360979532e-07,2.1293053117836167e-05,2.8037009361131031,1.211279522733012,-0.18822310037782503,0.04820195910335337,1.7943187345054348,0.43578012450959014,0.12548250698836996,1.7943199608474547,0.43573853683802427,0.12539969259954498
13.460000000000001,6730,0.0066029716629572117,0.015000369138663686,0,0.065026169710060533,9.161172021836547e-05,0.00056720906961196598,8.2870366428605621e-07,2.1361409804484527e-05,2.8039348817186851,1.2113038668593223,-0.18820205936937487,0.048190758286160713,1.7943277273041285,0.43528840487066406,0.124408942219325,1.7943292786231944,0.4352471841418033,0.124327142755985
13.48,6740,0.0066035070015749249,0.015000351357385193,0,0.06534608800566441,9.0469297992132764e-05,0.00058128381010514555,8.125970548675706e-07,2.1190104635059971e-05,2.8041678974548687,1.2113282111153667,-0.18818101757150291,0.048179557075090522,1.794336900853696,0.43478668427630041,0.12331355733753811,1.7943387853654862,0.4347458667042714,0.12323284136447107
13.5,6750,0.0066040378225139208,0.015000332996369863,0,0.065686580441890186,8.9252630664137604e-05,0.00059518617813561622,7.9628750921029595e-07,2.1327258847706145e-05,2.8044000100469213,1.2113525554740001,-0.18815997506182702,0.04816835548237982,1.794346253058644,0.43427513436270071,0.12219672741199587,1.7943484778283911,0.43423475569297121,0.12211716205828638
13.52,6760,0.006604564218804441,0.015000314126654328,0,0.066044257374742149,8.7963392150668435e-05,0.00060891720634265959,7.7987122731609106e-07,2.0878213633885978e-05,2.8046312468893091,1.2113768999101959,-0.18813893191173392,0.048157153519191448,1.7943557814603515,0.43375393459485379,0.12105884465366132,1.7943583526174476,0.43371403010748499,0.12098049556689144
13.540000000000001,6770,0.0066050862875227448,0.015000294816005302,0,0.066420780526729922,8.6603898068174728e-05,0.00062245193137666242,7.6343139312832583e-07,2.0878213633885978e-05,2.8048616360896865,1.2114012444094489,-0.18811788818906552,0.048145951213349948,1.7943654841826286,0.43322327286547091,0.11990031822959729,1.7943684061937633,0.4331838765636214,0.11982324924483614
13.56,6780,0.0066056041297026507,0.015000275110815879,0,0.066818835693008366,8.5176818731099043e-05,0.00063577537394410939,7.4702858482349045e-07,2.0808269673042189e-05,2.8050912065877216,1.2114255889690693,-0.18809684394007781,0.048134748594938923,1.7943753591325144,0.43268334498268995,0.118721573601008,1.7943786348781079,0.43264448907760278,0.1186458466006725
13.58,6790,0.0066061183939316445,0.015000238484525944,0,0.06724026784665374,8.3772672804958742e-05,0.00064991973178167746,7.1515186795449627e-07,2.1395506250453509e-05,2.8053202259227792,1.2114499439321613,-0.18807578250630178,0.048123538575651582,1.7943853407016659,0.43213458366928775,0.11752302906442366,1.794389034855006,0.43209606885025181,0.11744872682586643
13.6,6800,0.0066066284694594954,0.015000206412405298,0,0.067685899750677625,8.2245505642271037e-05,0.00066340135199868615,6.8917569961291944e-07,2.1017403266208992e-05,2.8055484048083157,1.2114742955011573,-0.18805472554287081,0.04811232982707711,1.7943954665145276,0.43157681278143994,0.11630517341040547,1.7943996021768296,0.43153882405117883,0.11623234432371049
13.620000000000001,6810,0.006607134776886109,0.01500017016229792,0,0.068155928007449712,8.0673607654214522e-05,0.00067678136649461894,6.6115699428988599e-07,2.1017403266208992e-05,2.8057759106068585,1.2114986488552026,-0.18803366424875584,0.048101119507624072,1.7944057259747035,0.43101044030660729,0.11506846308235043,1.7944103327678904,0.43097296960296866,0.11499716823823597
13.640000000000001,6820,0.0066076378316770245,0.01500011742162104,0,0.068650505223011249,7.9132008017721402e-05,0.00069072240341780194,6.2200470682092332e-07,2.1017403266208992e-05,2.806002949505312,1.2115230110717021,-0.18801258621728234,0.048089903253474439,1.7944160725570171,0.43043587030285896,0.11381336502264264,1.7944212224285323,0.43039872696536774,0.11374368198312579
13.66,6830,0.0066081372709935245,0.015000062801051693,0,0.069163471272630977,7.7519434102742943e-05,0.00070420128126421743,5.8614348463272521e-07,2.0947924057011411e-05,2.8062293369928857,1.2115473730406936,-0.18799150617912347,0.048078686707608953,1.7944265360066973,0.429853066799807,0.11254040027548155,1.7944322668392245,0.42981632391947105,0.11247238277062602
13.68,6840,0.0066086330115813002,0.015000012274035418,0,0.069700068346081695,7.5762794816865831e-05,0.0007170458516760239,5.5832477243003448e-07,2.084327099243578e-05,2.8064550063189531,1.2115717324857136,-0.18797043014244705,0.048067470470418511,1.7944371447693797,0.42926209326741976,0.11125009077380789,1.7944434615646536,0.42922599435190911,0.11118378114045885
13.700000000000001,6850,0.0066091251967591831,0.014999966592134598,0,0.07026211976873542,7.389347149384602e-05,0.0007293186156307924,5.384015338382461e-07,2.0808269673042189e-05,2.8066799982023811,1.2115960892409599,-0.18794935885966987,0.048056254907432219,1.7944479213107327,0.42866326067763572,0.1099429608160444,1.7944548020578164,0.42862797803903502,0.10987840048873455
13.720000000000001,6860,0.0066096140825033477,0.014999923031886795,0,0.070838525774424566,7.1981253398048856e-05,0.00074119748258011484,5.2406525048457678e-07,2.0982692419620152e-05,2.8069044063303337,1.2116204445010961,-0.18792828958654237,0.048045040121902492,1.7944588701495356,0.42805696971169682,0.10861954273191766,1.7944662836641125,0.42802252043111161,0.10855677659686433
13.74,6870,0.0066101058933817234,0.014999908763044465,0,0.071426661260530322,7.0027479285794523e-05,0.00075459101829141318,5.2151239190972477e-07,2.0982692419620152e-05,2.8071303017425815,1.2116447837663045,-0.18790724967140079,0.0480338390908229,1.794470346195417,0.42744347257721976,0.10728043087510249,1.7944779016254366,0.42740987243649814,0.1072194571604721
13.76,6880,0.006610620588229494,0.014999884998259921,0,0.072039659754808416,6.8112116950909136e-05,0.0007829946891886627,5.1532766964523948e-07,2.0773209379101241e-05,2.8073647105894457,1.211669125506206,-0.18788620010259321,0.048022639074051784,1.7944817115801612,0.42682316500537426,0.10592612383775131,1.7944896510842714,0.42679029020583747,0.10586700131830706
13.780000000000001,6890,0.0066111626318946896,0.014999858374374868,0,0.072678394999182522,6.6201190294157587e-05,0.00083635310793032339,5.096317096268895e-07,2.0490567510038361e-05,2.8076091125656051,1.2116934699638349,-0.18786514749458486,0.048011436448468253,1.7944929878905416,0.42619616681044775,0.10455722619925935,1.79450152708778,0.42616403491624327,0.10449997918115606
13.800000000000001,6900,0.0066117250752408775,0.014999860457391696,0,0.073341692244117351,6.422238668053416e-05,0.0009046085331791703,5.1137285413642374e-07,2.0667671646167049e-05,2.80786098570566,1.2117178034039433,-0.18784412359711847,0.048000240046172801,1.7945046384269889,0.42556262280920676,0.10317436966999557,1.7945135245918982,0.42553137255548673,0.10311897136075618
13.82,6910,0.0066123056010160023,0.014999870468136112,0,0.074028336562237673,6.223521176187342e-05,0.00098142236904209595,5.1504577281114179e-07,2.0347774359157065e-05,2.8081196075242287,1.2117421342643917,-0.18782310753104031,0.047989045035361749,1.7945164283362569,0.42492295476749042,0.10177809780112652,1.7945256384654282,0.42489257370618366,0.10172456849870656
13.84,6920,0.0066129023352077369,0.014999866081854222,0,0.074740074348650015,6.0421543298753442e-05,0.0010635470339861544,5.1609730095020682e-07,2.063237243740307e-05,2.8083844165085634,1.2117664687557712,-0.18780207689440606,0.047977847427031831,1.7945281540457472,0.42427781377313672,0.10036896975860557,1.7945378634941294,0.42424791332998152,0.10031737079538111
13.859999999999999,6930,0.0066135125826100654,0.014999859855367859,0,0.0754756778544661,5.8639785866039526e-05,0.0011472119346264196,5.166970958715823e-07,2.0240018397643986e-05,2.8086543955332561,1.2117908035780192,-0.1877810442863222,0.047966649878259486,1.7945399818722252,0.42362717949125211,0.098947621716202028,1.7945501943848123,0.42359767055174652,0.098897987538840784
13.880000000000001,6940,0.0066141339412984059,0.014999868283289211,0,0.076236254414154436,5.6708620594586665e-05,0.001229465473837678,5.1980579054986279e-07,2.005913882365416e-05,2.8089286290942739,1.2118151349162662,-0.18776002625018226,0.0479554550274175,1.7945520566970745,0.42297098567396735,0.097514696077966742,1.7945626257694314,0.42294212844375029,0.097467036633745729
13.9,6950,0.0066147650775004833,0.014999891248077627,0,0.077021371911588227,5.4842399689821497e-05,0.0013086475793777893,5.2885985512356039e-07,2.0276000680978352e-05,2.809206715762103,1.2118394613383889,-0.18773902270441781,0.047944260481799533,1.7945642419607597,0.42230994527334359,0.096070791861240346,1.7945751522091757,0.42228157380985759,0.096025144130268247
13.92,6960,0.0066154045849784069,0.014999926998190621,0,0.077829902094931153,5.3076632378987708e-05,0.0013837845685307694,5.455579478905114e-07,2.0419295754930057e-05,2.8094881665312985,1.2118637830692116,-0.18771803189430242,0.047933065613671277,1.7945765058227616,0.42164440253051855,0.094616536931917544,1.7945877681985636,0.42161629696971242,0.09457294375300429
13.94,6970,0.0066160512201573225,0.014999973382045069,0,0.078657160969648865,5.1379049337437717e-05,0.0014541296694075656,5.7081826984263218e-07,1.9986328642111702e-05,2.8097725253670203,1.2118881009011602,-0.18769705165387299,0.047921870409305574,1.794588853349165,0.42097457097932112,0.093152574065934676,1.7946004681695344,0.42094659154292574,0.093111076429886336
13.960000000000001,6980,0.0066167039378771759,0.015000029946682408,0,0.079507740136987137,4.9776390407462203e-05,0.001519244563516633,6.0655310853785945e-07,1.980313203006426e-05,2.8100594157538659,1.2119124147402813,-0.18767608153347981,0.047910674459523322,1.794601268475436,0.42030077261838256,0.091679549523477483,1.7946132464955411,0.42027275423326205,0.091640189821095522
13.98,6990,0.006617361778984132,0.015000095093340856,0,0.080381244772031513,4.8227621309003653e-05,0.0015789402758323889,6.5279252756831805e-07,1.9729377092144139e-05,2.8103484716062046,1.211936725314289,-0.18765511992039605,0.047899477978794874,1.7946137657680368,0.41962321238797878,0.090198121987286745,1.7946260974956421,0.4195950846128268,0.090160937847974493
14,7000,0.0066180214683175887,0.015000259779412578,0,0.081274778289284644,4.790011511561709e-05,0.0016270040708744361,7.8874231020131244e-07,1.9913252241518953e-05,2.8106386916368744,1.2119609956153137,-0.18763425842760503,0.047888277366630413,1.7946261684088818,0.41894407191060112,0.088708881792449332,1.7946390154385956,0.41891388490625286,0.088673980221938828
14.02,7010,0.0066186860389605183,0.015000378116104742,0,0.082184028794891312,4.6846415574888282e-05,0.0016727057801266215,8.9602655659135516e-07,2.013168567464644e-05,2.8109307999523527,1.2119852848061163,-0.18761335012832075,0.047877076939800152,1.7946387179672179,0.4182603500442485,0.087212602677577342,1.7946519945469503,0.41822945977488812,0.087179981973390192
14.040000000000001,7020,0.0066193535521222764,0.015000463213614413,0,0.083100783505278386,4.5301118182832815e-05,0.0017143613245900206,9.7817678672211748e-07,1.9655345397318433e-05,2.8112242003053582,1.2120095877830694,-0.18759240825074069,0.047865871136942545,1.7946510883395574,0.41757276113635305,0.085709923557501108,1.7946650290011394,0.41754211610098196,0.085679612980628081
14.06,7030,0.0066200245641053401,0.015000533580114862,0,0.084036538893225238,4.3540552667562891e-05,0.0017525230104947947,1.0473532312570944e-06,2.005913882365416e-05,2.8115190251145141,1.2120338966765971,-0.18757145140028814,0.047854667073868144,1.7946636962221734,0.41688223056283086,0.08420154510254646,1.794678112943572,0.41685216277187281,0.084173547498763046
14.08,7040,0.0066206984764280198,0.015000568037578583,0,0.084993103230665806,4.1458368900397827e-05,0.0017885255786550202,1.0834225475116772e-06,1.9469034601067135e-05,2.8118150823709667,1.2120582195753817,-0.18755045827373967,0.047843461124772772,1.7946762996344903,0.41618883490810621,0.082688133592194055,1.7946912404827269,0.41615991046417455,0.082662463688627882
14.1,7050,0.0066213725709633993,0.015000642971122118,0,0.085965490250679538,4.0425823066936248e-05,0.0018144351250617785,1.1629049310071635e-06,1.9766288961818032e-05,2.8121116106661637,1.2120825248243263,-0.18752950585174974,0.047832245736557623,1.7946885477231214,0.41549470004570299,0.081170283437848031,1.7947044056972437,0.41546567142796414,0.08114704314569092
14.120000000000001,7060,0.0066220483731590516,0.015000726088377572,0,0.086955662679187307,4.0009561959888972e-05,0.0018354914245362279,1.2533702758428869e-06,2.0022766828502049e-05,2.8124089994956578,1.2121068249608775,-0.1875085615938703,0.047821026297024449,1.7947007423455734,0.4147995167508467,0.079648730677298871,1.7947176026400167,0.41476975927096799,0.079627970428967576
14.140000000000001,7070,0.0066227264717869374,0.01500076899297343,0,0.087964654826329508,3.9170312399092576e-05,0.001855732749363418,1.3051195889099558e-06,1.980313203006426e-05,2.8127072781892646,1.2121311405455217,-0.18748757672828226,0.047809805890085308,1.7947130357671597,0.41410220928023889,0.078124222861708351,1.7947308253422869,0.41407248874274966,0.078105932589933799
14.16,7080,0.0066234065617963994,0.015000757852420606,0,0.088990895567592293,3.7626966613072558e-05,0.0018784533665230608,1.3041769870997788e-06,2.005913882365416e-05,2.8130063015086129,1.2121554784263107,-0.18746653731532331,0.047798582495561605,1.7947253599884667,0.41340272448089171,0.076597454184049049,1.7947440678177349,0.41337417551889616,0.076581618701437176
14.18,7090,0.0066240884463323142,0.01500068792974471,0,0.090032913860870784,3.5774814084775679e-05,0.0018969697675860731,1.248688430627688e-06,1.9766288961818032e-05,2.813306055798737,1.2121798389770848,-0.1874454386178345,0.047787355226266696,1.7947375319130068,0.41270176655185214,0.075069095518342469,1.7947573240665724,0.41267513598520567,0.07505571938661007
14.200000000000001,7100,0.0066247716406043679,0.015000578438671556,0,0.091090980985699649,3.382399605918395e-05,0.0019097777178149864,1.1596304338450571e-06,1.9543772052848047e-05,2.8136063305412895,1.2122042144713681,-0.18742429996299634,0.047776127380940364,1.7947497157655319,0.41199995852898263,0.073539848946190617,1.7947705880796363,0.41197568702187382,0.07352892634778159
14.220000000000001,7110,0.0066254556087106554,0.015000451521682565,0,0.092164111178490438,3.1773498042521072e-05,0.0019208343623530171,1.0597013085341863e-06,1.9618224787422011e-05,2.8139068646133332,1.2122285975134259,-0.18740314360372795,0.04776490170256556,1.7947621377087137,0.41129772970725315,0.072010423015928957,1.7947838538424805,0.41127614578768135,0.072001931895390447
14.24,7120,0.0066261401063112402,0.015000314186113443,0,0.093251320375436264,2.9694909740667226e-05,0.0019300833137076991,9.5798956120747682e-07,2.0311919222296604e-05,2.8142075447188319,1.2122529856436099,-0.18738197658029618,0.047753679727825016,1.7947748351230717,0.41059549381330107,0.07048151314508036,1.794797115339468,0.41057682950418084,0.07047542847689664
14.26,7130,0.0066268245023453588,0.015000200029924646,0,0.094351288580700604,2.760986339201541e-05,0.0019412259487767613,8.8036461239167611e-07,2.005913882365416e-05,2.814508088819212,1.2122773666613911,-0.1873608326803369,0.047742465128164241,1.7947880318651914,0.40989385738376216,0.068953817425093267,1.7948103665578647,0.40987805523988347,0.068950108205694111
14.280000000000001,7140,0.006627508844663961,0.015000112622496004,0,0.09545625233513555,2.5690142653905954e-05,0.0019521716919718164,8.2533956380084393e-07,2.005913882365416e-05,2.814808533344348,1.2123017385722088,-0.18733971551027023,0.047731257591720207,1.7948016057550784,0.40919334362039761,0.067428014177501078,1.7948236014919305,0.40918013969444644,0.067426662390022984
14.300000000000001,7150,0.0066281935400038386,0.015000036643878296,0,0.096570484074196439,2.4208727180046605e-05,0.0019591473001906814,7.8184377394981991e-07,1.9876613291913992e-05,2.8151090770976643,1.2123261063576545,-0.18731860968667025,0.047720053210366972,1.7948152255689915,0.40849430651784496,0.065904770393187803,1.7948368141470137,0.40848339898285996,0.065905781061882523
14.32,7160,0.006628878719676109,0.014999970709316237,0,0.097694799307228491,2.3258391731654886e-05,0.0019625413104961101,7.4866710215817484e-07,2.0022766828502049e-05,2.815409763346703,1.2123504703958234,-0.18729751383025922,0.04770885001185568,1.7948287770626101,0.40779704443064085,0.064384766872035329,1.7948499985436412,0.4077881484196339,0.064388152505942459
14.34,7170,0.0066295645454783406,0.014999911916563146,0,0.098828322004125141,2.2832903359501523e-05,0.0019629728544787455,7.235536962301721e-07,2.013168567464644e-05,2.815710623635395,1.2123748316391347,-0.18727642502780334,0.047697647199866348,1.7948422298390061,0.40710180417212055,0.062868691715673275,1.7948631487216136,0.40709470230298511,0.062874462788455904
14.359999999999999,7180,0.0066302511554867166,0.014999858988664797,0,0.099970157679835719,2.2889153697703755e-05,0.0019609364861994348,7.0506538742346665e-07,2.0561592220437957e-05,2.8160116744761483,1.2123991905384286,-0.18725534199611873,0.047686444538061784,1.7948555858245472,0.40640884292379509,0.061357232484279163,1.7948762587440958,0.40640337369902424,0.061365395286171756
14.380000000000001,7190,0.0066309386806388641,0.014999811339421642,0,0.10111790807242435,2.3367039264557871e-05,0.001956783263411384,6.9202839689494694e-07,1.9839906680179331e-05,2.816312929177994,1.2124235473270666,-0.18723426414529193,0.047675241998084157,1.7948688550432963,0.40571843089364684,0.059851073782908888,1.7948893227017106,0.40571447422594298,0.059861630215246861
14.4,7200,0.0066316272508470551,0.014999768613222364,0,0.10226484266444869,2.4200497601304002e-05,0.0019507907654750796,6.83363860558384e-07,2.0203972031729294e-05,2.81661440180206,1.2124479021626613,-0.18721319111696555,0.047664039609696271,1.794882046901277,0.4050308473327639,0.058350896185891982,1.7949023347166311,0.40502831383820093,0.058363844160158523
14.42,7210,0.0066323169966355762,0.014999730519028035,0,0.103416889059911,2.5325386566307206e-05,0.0019431846926348324,6.7807933301450259e-07,2.0419295754930057e-05,2.8169161081254277,1.2124722551786513,-0.18719212261773169,0.047652837408014313,1.7948951678174307,0.404346377558227,0.056857375648224684,1.7949152889466731,0.4043452006107125,0.056872709602616645
14.44,7220,0.0066330080491739558,0.01499969678119962,0,0.10457372048642666,2.6684282925872052e-05,0.0019341555590452737,6.752936840543976e-07,2.0561592220437957e-05,2.8172180655796488,1.2124966064997915,-0.18717105836977077,0.047641635419192301,1.7949082210908631,0.4036653108376706,0.055371183084813987,1.7949281795893877,0.4036654405230341,0.055388894450476192
14.460000000000001,7230,0.0066337005398277808,0.014999667129823273,0,0.10573439499879053,2.8228466818256134e-05,0.0019238451203488678,6.7425470543221356e-07,1.9692396034153755e-05,2.8175202928870937,1.2125209562454646,-0.18714999810113006,0.047630433658881678,1.7949212074155581,0.40298793872783406,0.053892983991734152,1.7949410008861537,0.40298933724355113,0.053913061566649392
14.48,7240,0.0066343945996438971,0.014999641302057521,0,0.10689778073643946,2.9917953583169318e-05,0.0019123729247379621,6.7434252122597063e-07,1.9766288961818032e-05,2.817822809680453,1.2125453045295345,-0.18712894154706272,0.047619232134019612,1.7949341254918709,0.40231455372088276,0.052423438065097014,1.7949537471262711,0.40231719191366494,0.052445868298018561
14.5,7250,0.0066350903589012834,0.014999619045355144,0,0.1080571880648751,3.1720505803245561e-05,0.0018998353349552607,6.7506195570910746e-07,2.0240018397643986e-05,2.818125636167494,1.2125696514596196,-0.18710788845325391,0.047608030844989574,1.794946972565971,0.4016454481422162,0.050963198804741969,1.7949664126510525,0.40164930293197981,0.050987966004347837
14.52,7260,0.0066357879467511711,0.014999600120073397,0,0.109215435154983,3.361029943189883e-05,0.0018863158316855182,6.7602865970038005e-07,2.0347774359157065e-05,2.8184287928819036,1.2125939971365405,-0.1870868385784295,0.047596829787429927,1.794959744859649,0.40098091325725943,0.049512913101284195,1.794978991857916,0.40098596573848988,0.049539999587195627
14.540000000000001,7270,0.0066364874909362178,0.014999584301037046,0,0.11037400885346935,3.5566616408260858e-05,0.0018718776427469903,6.7695287612163169e-07,2.0203972031729294e-05,2.8187323004911891,1.212618341654063,-0.18706579169591794,0.047585628953614283,1.7949724378957228,0.40032123854641383,0.048073220808543017,1.7949914792044783,0.40032747259876639,0.048102607018827348
14.56,7280,0.006637189117571711,0.014999571378226866,0,0.11153198326441921,3.7572720222442394e-05,0.0018565813933399111,6.7762330571888462e-07,2.005913882365416e-05,2.8190361796595198,1.2126426850989374,-0.18704474759433079,0.047574428333480037,1.7949850467364641,0.39966671111112739,0.046644754304277961,1.7950038692126469,0.39967411238814465,0.046676418871127612
14.58,7290,0.0066378929509666494,0.014999561156968747,0,0.11268844093022395,3.9614950882409789e-05,0.0018404730193394786,6.7789230459627174e-07,2.0526110585337575e-05,2.8193404509499675,1.2126670275508216,-0.18702370607775173,0.047563227915709695,1.7949975661540845,0.3990176151798564,0.045228138041930439,1.7950161564727123,0.39902617037591093,0.045262057844512413
14.6,7300,0.0066385991134942039,0.014999553457251975,0,0.11384247407997553,4.1682021573535762e-05,0.0018236005514702808,6.7766352971185913e-07,2.0738089811501742e-05,2.8196451347614433,1.2126913690830061,-0.18700266696503937,0.04755202768783285,1.7950099907504042,0.39837423168896458,0.04382398809568791,1.7950283356474415,0.3983839280094893,0.043860138296841322
14.620000000000001,7310,0.0066393077254825348,0.014999548112845111,0,0.11499318576958792,4.3764481608828335e-05,0.0018059877794461303,6.768816630418085e-07,2.0276000680978352e-05,2.8199502512822265,1.2127157097630155,-0.18698163008893323,0.047540827636388172,1.7950223150395712,0.39773683791914261,0.042432911700698302,1.7950404014761692,0.3977476626986291,0.042471265772330222
14.640000000000001,7320,0.0066400189051124339,0.014999544970496513,0,0.11613969093115323,4.585430918952944e-05,0.0017876760242283526,6.755238538148394e-07,2.0667671646167049e-05,2.8202558204610981,1.2127400496528336,-0.1869605952952462,0.047529627747480506,1.7950345335046458,0.3971057071726169,0.041055506789798045,1.7950523487788921,0.39711764759959173,0.041096036530463856
14.66,7330,0.0066407327683320611,0.014999543888892375,0,0.11728111734533461,4.7944602630200259e-05,0.0017686917948268621,6.7359304273698098e-07,2.0702910668595484e-05,2.8205618619826245,1.2127643888093467,-0.18693956244181703,0.047518428006991929,1.7950466406361869,0.39648110848012796,0.039692361527798564,1.79506417246036,0.39649415139933741,0.039735037074907276
14.68,7340,0.0066414494287802585,0.01499954473756963,0,0.11841660654773326,5.0029345301960465e-05,0.0017490652887555407,6.7111273289205893e-07,2.0490567510038361e-05,2.8208683952574503,1.2127887272848508,-0.1869185313974123,0.047507228400687017,1.7950586309586836,0.39586330632953598,0.038344053844084569,1.7950758675141691,0.39587743809971254,0.038388843682418863
14.700000000000001,7350,0.0066421688284116157,0.014999553339302526,0,0.11954530715835704,5.2038470571995059e-05,0.0017260908848782844,6.6466753344667227e-07,2.0667671646167049e-05,2.8211753435746734,1.2128130632897891,-0.18689750800238919,0.047496031734301482,1.7950706503985812,0.39525256045939328,0.037011168466487145,1.7950874290268546,0.3952677668016365,0.03705802193176258
14.720000000000001,7360,0.0066428911741728243,0.01499956418266659,0,0.12066640875814508,5.405109868215918e-05,0.0017035845998456711,6.5783241358564454e-07,2.1052056881276945e-05,2.8214828011065798,1.2128373985457108,-0.1868764867286421,0.047484835120836587,1.7950825230625451,0.39464911601241709,0.035694238708856969,1.7950988521819828,0.39466539148928892,0.03574312623262052
14.74,7370,0.0066436165698057267,0.014999576905767616,0,0.12177908575534965,5.6048903311757889e-05,0.0016803410625912843,6.5064540753631493e-07,2.0808269673042189e-05,2.8217907836485101,1.2128617332252367,-0.1868554672114745,0.04747363871275944,1.7950942577281044,0.3940532346460171,0.034393814361062994,1.7951101322642442,0.39407056081429631,0.034444699354504643
14.76,7380,0.0066443450177428153,0.014999594379767809,0,0.12288253824221174,5.7998264015522202e-05,0.0016548820363168654,6.4168157215132709e-07,2.0667671646167049e-05,2.8220992557845417,1.2128860664650527,-0.18683445233021537,0.04746244395904111,1.7951059271151382,0.39346516086222311,0.033110436568484669,1.7951212646635455,0.39348351787991925,0.033163271955669496
14.780000000000001,7390,0.0066450766711709415,0.014999613125138419,0,0.12397600014804633,5.9938186252747086e-05,0.0016295808302582825,6.3316571532009901e-07,2.084327099243578e-05,2.8224082782566562,1.212910399314153,-0.18681343859535524,0.047451249044112659,1.7951174253410231,0.39288512617477017,0.031844611574307305,1.7951322448791027,0.39290450002523969,0.031899362112024862
14.800000000000001,7400,0.0066458116346004041,0.014999631306322691,0,0.12505872025785478,6.1863379751555059e-05,0.0016044131080155013,6.2560771593917851e-07,2.1327258847706145e-05,2.8227178729501237,1.2129347324788011,-0.1867924241612185,0.047440053587359768,1.7951287412792187,0.39231334999034229,0.030596852306015356,1.7951430685235339,0.39233373860934739,0.030653474846047427
14.82,7410,0.0066465499858811327,0.014999649050413774,0,0.12612995094137858,6.3767400316615199e-05,0.0015792117070443951,6.1897943070702915e-07,2.1121193543184415e-05,2.8230280522992226,1.2129590658713023,-0.18677140915655482,0.047428857601017754,1.7951398730169097,0.39175006690880526,0.029367649831356039,1.7951537313269508,0.39177145879552738,0.029426101655693801
14.84,7420,0.0066472918128775132,0.014999666892041205,0,0.12718895906699881,6.5646307132920552e-05,0.001553864283369796,6.1329316201711429e-07,2.1429548445808714e-05,2.8233388340932857,1.2129833992030732,-0.18675039412093913,0.047417661112228414,1.7951508119306054,0.39119551280890846,0.028157477578267798,1.7951642291410521,0.39121787933544672,0.028217720043312258
14.859999999999999,7430,0.0066480372086110311,0.014999684673481112,0,0.12823504369654795,6.7494009799515394e-05,0.0015283325707265533,6.0858010642522941e-07,2.1258792350482307e-05,2.8236502349335657,1.2130077325307014,-0.18672937889585037,0.047406464103017201,1.795161558454256,0.39064989964685659,0.026966801332513286,1.7951745579432161,0.39067321235334174,0.027028793044555535
14.880000000000001,7440,0.0066487862593932016,0.014999702383238131,0,0.12926752539862488,6.9304880085373907e-05,0.0015025882556454816,6.0481806590795855e-07,2.063237243740307e-05,2.8239622691072901,1.2130320658658811,-0.18670836346952735,0.04739526660228472,1.7951721149897755,0.39011343124463249,0.025796072202571817,1.7951847138405932,0.3901376631302047,0.0258597687572929
14.9,7450,0.0066495390472876073,0.014999720069682945,0,0.13028574538811041,7.1074152911202544e-05,0.0014766325593676185,6.0197646403542777e-07,2.1258792350482307e-05,2.8242749503368976,1.2130563991990779,-0.18668734789036867,0.047384068652121185,1.7951824832368033,0.38958630501261399,0.024645725484892633,1.795194693074198,0.38961142988797132,0.02471107987052297
14.92,7460,0.0066502956511051321,0.014999737786445066,0,0.13128906611138125,7.2797812762948362e-05,0.0014504496110365988,6.0003143264854376e-07,2.1598954627055457e-05,2.824588292279985,1.2130807325178756,-0.18666633221208415,0.047372870292263593,1.795192663622877,0.38906871160726902,0.023516180306741893,1.7952044920230024,0.38909470357370723,0.02358314319328525
14.94,7470,0.0066510561466123575,0.014999755576183934,0,0.1322767849498751,7.4472406599940567e-05,0.0014240468387012226,5.9896694712786128e-07,2.1632676668865267e-05,2.824902308576795,1.2131050658126885,-0.18664531647738433,0.047361671556246702,1.795202655445213,0.38856083452382512,0.022407839258398728,1.7952141072080277,0.38858766764379526,0.022476359183573019
14.960000000000001,7480,0.0066518206064876354,0.014999773468518371,0,0.13324620676674451,7.6094884904929111e-05,0.0013974175202166278,5.9877239149693189e-07,2.1121193543184415e-05,2.8252170127769118,1.2131293990776499,-0.18662430071589531,0.04735047247149058,1.7952124571604811,0.38806284977529115,0.021321087977753461,1.7952235352964381,0.3880904978481225,0.021391111477245595
14.98,7490,0.0066525891002082891,0.014999791481687473,0,0.13419604302889143,7.7662484008739476e-05,0.0013705846159724185,5.9943987041449317e-07,2.1327258847706145e-05,2.8255324182500083,1.2131537323101989,-0.18660328494582271,0.047339273060251277,1.7952220666505556,0.38757492561459639,0.020256294713338646,1.7952327731056319,0.38760336201426737,0.020327766416941256
15,7500,0.0066533616939248048,0.014999809624675757,0,0.13512598143464236,7.9172642656329798e-05,0.0013435467789355594,6.0096200919820082e-07,2.1800504449438904e-05,2.8258485381043927,1.2131780655104603,-0.18658226917608592,0.047328073340547033,1.7952314814308623,0.38709722227561205,0.019213809877768658,1.7952418176073357,0.38712641983168605,0.019286672580987818
15.02,7510,0.0066541383134269333,0.014999830800307529,0,0.13603574580053063,8.0626138070594586e-05,0.0013177707902110149,6.0338862673761466e-07,2.1155677147440178e-05,2.8261653223907452,1.2132023980990447,-0.18656125631266887,0.04731687407341445,1.7952407547071945,0.38662987022836165,0.018193963310681599,1.7952506659316951,0.38665982263590037,0.018268160312317178
15.040000000000001,7520,0.0066549189769189573,0.014999854526773054,0,0.13692635411370294,8.2019876740011024e-05,0.0012925659303727941,6.0702443305392919e-07,2.1699963539503996e-05,2.826482774351109,1.2132267301240096,-0.18654024587441181,0.04730567520665175,1.7952498684581557,0.38617302083312521,0.01719706943094201,1.7952593153713692,0.38620371319268421,0.017272541247376261
15.06,7530,0.0066557038030431405,0.014999878058309032,0,0.13779861564778145,8.334890618461384e-05,0.0012666180215277973,6.118477257587319e-07,2.1933842111273517e-05,2.826800944087803,1.2132510621591497,-0.18651923511174798,0.047294476048298666,1.7952587627848566,0.3857268301625924,0.016223424318441239,1.7952677633856216,0.38575822548225069,0.016300107845039824
15.08,7540,0.0066564928556379797,0.014999900825075572,0,0.13865207411884498,8.4611524032903381e-05,0.001240040900657163,6.1768324994102157e-07,2.1800504449438904e-05,2.8271198497852712,1.2132753943910088,-0.18649822345238251,0.047283276417092394,1.7952674257839276,0.38529142498704372,0.01527330200233748,1.7952760076044139,0.38532348448343906,0.015351132915522342
15.1,7550,0.0066572861835143323,0.014999922765705791,0,0.13948630140878715,8.5805577211060845e-05,0.0012130023445076285,6.243771302602378e-07,2.1767042412140833e-05,2.8274395017893599,1.2132997268528676,-0.18647721083428179,0.047272076293764773,1.7952758586009883,0.38486691986522847,0.014346956630218287,1.7952840458324977,0.38489960595790207,0.01442586914929142
15.120000000000001,7560,0.0066580838287293659,0.014999943952430204,0,0.14030089524161732,8.6928702594228936e-05,0.0011856091211447824,6.3180959144092966e-07,2.1867274910380131e-05,2.8277599084174172,1.2133240595314954,-0.18645619732967383,0.047260875705417073,1.7952840642751096,0.38445342009722594,0.013444621966110125,1.7952918760535077,0.38448669623429266,0.013524548645979184
15.140000000000001,7570,0.0066588858288665924,0.014999964473217145,0,0.14109547939954947,8.7978595816280377e-05,0.0011579556682237767,6.3988473901150029e-07,2.1733528855063329e-05,2.8280810774508973,1.2133483924062551,-0.1864351830266692,0.047249674684783333,1.7952920450656993,0.38405102181599898,0.012566510757317866,1.7952994964340543,0.38408485199245068,0.012647382443294414
15.16,7580,0.006659692217500424,0.014999984402292717,0,0.14186970423610915,8.895306245712339e-05,0.0011301022204706164,6.4852165118369952e-07,2.1565179853261896e-05,2.8284030163748248,1.2133727254596072,-0.18641416799961957,0.047238473259916328,1.7952998022130016,0.38365981166822583,0.011712814208638567,1.7953069053278154,0.38369416004759072,0.011794560045935931
15.18,7590,0.0066605030241330635,0.015000003797636297,0,0.14262324716114874,8.9849994261370162e-05,0.0011021057082614835,6.5764943210371253e-07,2.1900583802360337e-05,2.8287257323063022,1.2133970586784433,-0.18639315230658371,0.047227271453449161,1.7953073361957486,0.38327986649189999,0.010883701504842124,1.7953141012796296,0.3833146971344884,0.010966248954504293
15.200000000000001,7600,0.0066613182740230988,0.015000022704001179,0,0.14335581308573223,9.0667338938977272e-05,0.0010740296012950216,6.6720459518638683e-07,2.2000207897163392e-05,2.8290492318694613,1.2134213920533525,-0.18637213599235475,0.047216069283768855,1.7953146469981369,0.38291125302622908,0.010079319343919193,1.7953210830295889,0.38294652969166781,0.010162594194414093
15.220000000000001,7610,0.0066621379880156305,0.015000041155790175,0,0.14406713484132799,9.1403078696544363e-05,0.0010459211541375445,6.7712942611760837e-07,2.2000207897163392e-05,2.8293735210978199,1.2134457255778142,-0.18635111909134172,0.04720486676608239,1.7953217343104104,0.38255402764386526,0.0092997914703881832,1.795327849517131,0.38258971364558814,0.0093837178448065162
15.24,7620,0.0066629621823890489,0.015000059179047148,0,0.14475697358168318,9.2055216824743488e-05,0.0010178242390771709,6.8737079049658228e-07,2.2263692832568247e-05,2.8296986053439168,1.213470059247612,-0.18633010162956684,0.047193663913119126,1.7953285976739009,0.38220823609714749,0.0085452182072204286,1.7953343998851314,0.38224429419483114,0.0086297185674618082
15.26,7630,0.0066637908687133002,0.015000076792840565,0,0.14542511917137291,9.2621769564587029e-05,0.00098976340550853653,6.978792023027198e-07,2.206637408534863e-05,2.8300244892085895,1.2134943930604238,-0.18630908362605644,0.04718246073559091,1.7953352365876647,0.38187391327395259,0.0078156759867396928,1.7953407334839973,0.38191030559428757,0.0079006711357108017
15.280000000000001,7640,0.0066646240537141304,0.015000094010305515,0,0.14607139056329066,9.3100761215960897e-05,0.00096178122305780312,7.0860808582510494e-07,2.1733528855063329e-05,2.8303511764749429,1.2135187270155192,-0.18628806509388507,0.047171257242526521,1.7953416505881927,0.38155108296062201,0.0071112168808979562,1.7953468498757585,0.38158777093934476,0.0071966259633484686
15.300000000000001,7650,0.0066654617391403237,0.015000110839506696,0,0.14669563616658801,9.3490221214327564e-05,0.00093393003158484143,7.195132208838495e-07,2.2000207897163392e-05,2.8306786700506041,1.2135430611135019,-0.18626704604104014,0.047160053441541484,1.7953478393093629,0.38123975761032702,0.0064318681311540896,1.7953527488381615,0.38127670195007346,0.0065176086335457795
15.32,7660,0.0066663039216326488,0.015000127284162069,0,0.14729773420625744,9.3788182412664283e-05,0.00090621145177432138,7.3055230618661167e-07,2.2329078268013787e-05,2.8310069719059032,1.2135673953561184,-0.18624602647115013,0.047148849339058899,1.7953538025275793,0.3809399381155863,0.0057776316780884952,1.7953584303687611,0.38097709875541452,0.0058636194277614795
15.34,7670,0.0066671505925939983,0.015000143344267584,0,0.14787759307526083,9.3992680087739912e-05,0.00087868780966382943,7.4168465397580932e-07,2.1800504449438904e-05,2.8313360830301244,1.2135917297460614,-0.18622500638411038,0.04713764494050688,1.7953595401957692,0.38065161358396088,0.0051484836908290118,1.7953638946890129,0.38068894967736616,0.0052346328546548915
15.359999999999999,7680,0.0066680015935907787,0.015000159035829148,0,0.14843514868682672,9.409897576529073e-05,0.00085109371359633342,7.5267437120534578e-07,2.1967050066869309e-05,2.8316659515626976,1.213616064426968,-0.18620398579206773,0.047126440467393761,1.7953650633327132,0.38037476384593688,0.0045443754246863987,1.7953691422483673,0.3804122310151713,0.0046305971789988853
15.380000000000001,7690,0.0066688568021286386,0.015000174287785318,0,0.14897037251807643,9.4106956693852824e-05,0.00082352476245156885,7.6352109683509608e-07,2.2588727439225648e-05,2.8319965421201472,1.2136403993777141,-0.18618296462499134,0.047115235828174923,1.795370367365579,0.38010935244922761,0.003965228965684988,1.7953741737283599,0.38014690682950381,0.0040514339505909047
15.4,7700,0.0066697162029225494,0.015000188950337919,0,0.14948326814840754,9.4017340050575647e-05,0.00079621796881742765,7.7428053201154574e-07,2.206637408534863e-05,2.8323278583954399,1.2136647345195726,-0.18616194273554446,0.047104030801740068,1.7953754409238984,0.37985532956973556,0.0034109389422585807,1.7953789900467059,0.37989292872665636,0.0034970375331664916
15.42,7710,0.006670579769480379,0.01500020296652454,0,0.14997386756287337,9.3827719585096229e-05,0.00076921357240958255,7.8487329264475395e-07,2.2329078268013787e-05,2.8326598984266811,1.2136890698751484,-0.18614092006625543,0.047092825385080049,1.7953802847085429,0.37961263536805329,0.0028813739945496171,1.7953835923613914,0.37965023564272682,0.002967274633311201
15.44,7720,0.0066714474662517053,0.015000216351810329,0,0.15044223472901289,9.3535674138685391e-05,0.00074254260280958275,7.9526472153851598e-07,2.2426798989897964e-05,2.8329926574078539,1.2137134054458718,-0.18611989663237186,0.047081619599470811,1.7953849017042933,0.37938119692800387,0.0023763746712500383,1.7953879820747674,0.37941875362780514,0.0024619838293720442
15.460000000000001,7730,0.0066723192508614223,0.015000229138569928,0,0.15088846597433486,9.3138977753402739e-05,0.00071620974121272031,8.0543921173443039e-07,2.2099382890764463e-05,2.8333261289790368,1.2137377412257695,-0.18609887246623019,0.047070413466497242,1.7953892949638992,0.37916092805331991,0.0018957528225908293,1.7953921608376402,0.37919839563016156,0.0019809751003723175
15.48,7740,0.0066731950747895537,0.01500024135712988,0,0.15131269015758644,9.2635509042619847e-05,0.00069026107687854873,8.1538616754691611e-07,2.2296409518597789e-05,2.833660305534508,1.2137620772085849,-0.1860778475981632,0.047059207004605953,1.7953934673651997,0.3789517291944044,0.0014392911680316956,1.7953961305533666,0.37898906128043175,0.001524029354920603
15.5,7750,0.0066740242558425648,0.01500024680671793,0,0.15171513853514787,9.2096917879389025e-05,0.00065344423716492993,8.2012523596909405e-07,2.2491710265994076e-05,2.833977741835175,1.2137864144378006,-0.18605681569182547,0.047048002066328594,1.7953975962325603,0.37875344951675127,0.0010066739695465344,1.7953998933819444,0.37879063667580543,0.001090897960125653
15.52,7760,0.0066748220456927451,0.015000260029032682,0,0.152096051408039,9.1567866967772678e-05,0.0005996603664989472,8.3081577536659469e-07,2.262097403300073e-05,2.8342836364427813,1.2138107500985458,-0.1860357915734521,0.047036796013717942,1.795401836483179,0.3785659339562753,0.00059758485188584373,1.7954034517441062,0.37860299416421267,0.00068130227050827719
15.540000000000001,7770,0.0066756272167407095,0.015000278071491294,0,0.1524555133845,9.08946176595521e-05,0.00055178618617290052,8.4521208771826635e-07,2.2329078268013787e-05,2.8345914314658969,1.2138350845960537,-0.18601477220562584,0.047025589907112753,1.7954058273864419,0.37838911891198446,0.00021185948369883254,1.7954068083254109,0.37842599212851086,0.00029493315691250799
15.56,7780,0.006676437177650818,0.015000294014125795,0,0.15279376383769197,9.0055654096515657e-05,0.0005117402720001223,8.5813161194821716e-07,2.2000207897163392e-05,2.8349002811557567,1.2138594194834318,-0.18599375055689704,0.047014384178139919,1.7954094825965092,0.37822286765587942,-0.00015082768906705125,1.7954099660803373,0.37825947477067212,-6.8549464580291986e-05
15.58,7790,0.0066772512254879421,0.015000307303856196,0,0.15311111469285321,8.9066991070314402e-05,0.00047684614836810611,8.6919206923836164e-07,2.2263692832568247e-05,2.8352099502674868,1.2138837550218289,-0.1859727260833528,0.04700317834536507,1.7954128322343939,0.37806700396640208,-0.00049086547168289516,1.7954129282363762,0.37810327189596971,-0.0004095171037409584
15.6,7800,0.0066780691529277087,0.015000318862181984,0,0.15340790724377448,8.7937611024713718e-05,0.00044570746013598139,8.7908679724894991e-07,2.265317472408141e-05,2.8355203716499151,1.2139080910749105,-0.18595169973091955,0.04699197212849883,1.7954159100597911,0.37792133716370824,-0.00080866593786107512,1.7954156982981231,0.37795719869716565,-0.00072837316727858425
15.620000000000001,7810,0.0066788611503659319,0.015000321898599647,0,0.15368453197196033,8.6701234353343001e-05,0.00041261918425706867,8.8252315986115612e-07,2.265317472408141e-05,2.8358213247574966,1.2139324293686595,-0.18593066462720792,0.046980765398930979,1.7954187461481399,0.37778566183248558,-0.0011046999545071174,1.7954182800513705,0.37782105553869733,-0.0010255534299290214
15.640000000000001,7820,0.0066796360607806003,0.01500032952595067,0,0.15394142796191926,8.5389971465639234e-05,0.00037445542711119791,8.8968805617489548e-07,2.2588727439225648e-05,2.8361158003946318,1.2139567668349664,-0.18590963407754735,0.046969557667057321,1.7954215203835049,0.37765973042783291,-0.001379455411802034,1.7954206775672008,0.37769462774086449,-0.0013015265055428271
15.66,7830,0.0066804166080076067,0.015000342690859387,0,0.15417897624427632,8.3935097313306937e-05,0.00034098398343871994,9.0106546913842438e-07,2.2749503328951236e-05,2.8364116495014966,1.213981102819119,-0.18588860898662612,0.046958350506654124,1.7954241316895707,0.3775433350490251,-0.0016333686450026883,1.7954228952060789,0.37757768536401654,-0.0015567943181721
15.68,7840,0.0066812012643567243,0.015000354683180941,0,0.15439762829388137,8.2321898226258482e-05,0.00031272599367120697,9.1155023484637616e-07,2.2426798989897964e-05,2.8367083961559714,1.2140054390689785,-0.18586758256564886,0.046947143483304851,1.7954264877254875,0.37743625031940009,-0.0018669698590433148,1.795424937621944,0.37746998299273965,-0.0017918925731577329
15.700000000000001,7850,0.006681989553757586,0.015000364854736653,0,0.15459789644825045,8.0557859329280471e-05,0.00028811793136876348,9.2067864379171541e-07,2.2845425764212974e-05,2.8370058923616246,1.2140297758348622,-0.18584655416958606,0.046935936231673039,1.7954285983608684,0.37733821431736525,-0.0020808376999460251,1.7954268097663038,0.37737125952004325,-0.0020073912282188577
15.720000000000001,7860,0.0066827812799275695,0.015000373676700672,0,0.15478032823685461,7.8647854994143201e-05,0.0002663226429274592,9.2882631298834224e-07,2.2781522350186147e-05,2.8373040825347298,1.2140541130530453,-0.18582552428299687,0.046924728578227416,1.7954304864482644,0.37724894701100364,-0.002275581102634666,1.795428516892325,0.37728123793154711,-0.0022038949645392381
15.74,7870,0.0066835763346682489,0.015000384194123011,0,0.15494551426509565,7.659980904649091e-05,0.0002469369621847305,9.3841327804432394e-07,2.2845425764212974e-05,2.8376029312452107,1.2140784496676034,-0.18580449597270998,0.046913521123972506,1.7954322121618449,0.37716814196040116,-0.0024518414452058485,1.7954300645589276,0.3771996250896692,-0.0023820436578543824
15.76,7880,0.0066843746571690326,0.015000396091599219,0,0.15509406752721244,7.4412711863991343e-05,0.00022964765383988101,9.4917302725706808e-07,2.3162298399097643e-05,2.8379024371892108,1.2141027858445446,-0.18578346892202974,0.046902313794967995,1.7954337794972164,0.37709549212016491,-0.0026102942464928639,1.795431458634877,0.37712611151781134,-0.0025425128495411564
15.780000000000001,7890,0.0066851761532405124,0.015000406990002997,0,0.15522663074501888,7.2080869398087377e-05,0.00021394824854066002,9.5919295163095041e-07,2.2685329707937426e-05,2.8382025981429178,1.2141271224593664,-0.18576244073852979,0.046891106021010327,1.7954351597675675,0.37703068196173306,-0.0027516509253066785,1.7954327053028756,0.37706037118454716,-0.0026860142177037305
15.800000000000001,7900,0.0066859806752322193,0.015000416497017926,0,0.15534389147227723,6.960336524270265e-05,0.00019970274777392135,9.6815635738800216e-07,2.2491710265994076e-05,2.8385033844867666,1.2141514596266887,-0.18574141102746472,0.046879897707442809,1.7954363577595429,0.37697336948444393,-0.0028766594699865086,1.7954338110636567,0.37700206128780939,-0.0028132960482606384
15.82,7910,0.0066867880570560308,0.015000424587105821,0,0.15544657548355784,6.6979938506099492e-05,0.00018664671374104443,9.7602386507231874e-07,2.2717439178655149e-05,2.8388047588297196,1.2141757973444873,-0.18572037976242789,0.04686868887051962,1.795437386725252,0.37692319399245899,-0.0029861045333236442,1.7954347827400767,0.37695082203907548,-0.0029251437060355823
15.84,7920,0.0066875981204675096,0.015000431323557944,0,0.1555354455682495,6.4210116469031153e-05,0.00017470887593400212,9.828259547570455e-07,2.2588727439225648e-05,2.8391066802450715,1.2142001355859924,-0.18569934700628649,0.046857479553375582,1.7954382606065022,0.37687977770056669,-0.0030808080282426157,1.7954356274812069,0.37690627644755614,-0.0030223801058412991
15.860000000000001,7930,0.0066884106772968476,0.015000436779780704,0,0.15561130159961531,6.1293110176746819e-05,0.00016375547686471909,9.8860515063606477e-07,2.2781522350186147e-05,2.8394091055104269,1.2142244743231143,-0.18567831283220032,0.046846269799381848,1.7954389923191096,0.37684272579070971,-0.0031616297005533493,1.7954363527664272,0.37686803010438141,-0.0031058661835697554
15.880000000000001,7940,0.006689225530274563,0.015000441020280374,0,0.15567498084500897,5.8227860816188692e-05,0.00015365553856049917,9.934012284655239e-07,2.265317472408141e-05,2.8397119894134728,1.2142488135316942,-0.1856572773045187,0.046835059646042822,1.795439593742026,0.37681162614876745,-0.0032294676549104737,1.7954369664095182,0.37683567096678805,-0.0031765013672788167
15.9,7950,0.00669004247329747,0.015000444099183963,0,0.15572735829702639,5.5013102394243573e-05,0.00014431047804371313,9.9724926475878899e-07,2.262097403300073e-05,2.8400152847839113,1.2142731531916335,-0.1856362404772669,0.046823849125174968,1.7954400760290938,0.37678604906497193,-0.0032852588591199849,1.7954374765627532,0.37680876914230604,-0.003235224048280777
15.92,7960,0.0066908612914820019,0.015000446062194653,0,0.15576934699104089,5.1647416120025741e-05,0.00013573658497628954,1.0001804083400916e-06,2.2749503328951236e-05,2.8403189424550557,1.214297493286087,-0.1856152023960802,0.046812638264225839,1.7954404498987564,0.37676554694956921,-0.0033299796391259204,1.7954378917209917,0.3767868766729468,-0.0032830120522277795
15.94,7970,0.0066916817611341415,0.015000446948342702,0,0.15580189831068525,4.8129275092797432e-05,0.00012787237847327186,1.0022226825716009e-06,2.2972699315936647e-05,2.8406229112023369,1.2143218338007793,-0.18559416309994031,0.046801427087386389,1.7954407258517904,0.37674965406650218,-0.0033646461686453869,1.7954382207257717,0.37676952731938879,-0.0033208831102022884
15.960000000000001,7980,0.0066925036496816919,0.015000446791160759,0,0.15582600228749202,4.4457082232663046e-05,0.00012070559898949104,1.0034015154641504e-06,2.3287840231354886e-05,2.840927137695715,1.2143461747235293,-0.18557312262234038,0.046790215616346692,1.7954409143292567,0.3767378862807399,-0.003390314954761154,1.7954384727694017,0.37675623634516503,-0.0033498953298035927
15.98,7990,0.006693326756627249,0.015000447248040916,0,0.15584269594472683,4.0634663706111755e-05,0.00011420160035304245,1.0053349683555081e-06,2.265317472408141e-05,2.8412315765834331,1.2143705151368658,-0.18555208263649842,0.046779004131279861,1.7954410377921928,0.37672973191826897,-0.0034080845173257083,1.7954386573990542,0.37674650030085099,-0.0033711476662336426
16,8000,0.0066941509091924421,0.015000447564204048,0,0.15585304261452615,3.6657091844693395e-05,0.00010834518764671958,1.0072699732814537e-06,2.2813496432377448e-05,2.8415362003301818,1.2143948554705293,-0.18553104237985449,0.046767792528401742,1.7954410995307624,0.37672467464404275,-0.0034190926022816389,1.7954387845208573,0.37673979680824993,-0.0033857803933884933
16.02,8010,0.0066949758880994878,0.015000445906903829,0,0.15585814100649509,3.2516449010495585e-05,0.00010320424876507707,1.0074648113103912e-06,2.3162298399097643e-05,2.8418409691571749,1.2144191966887752,-0.18551000000302326,0.046756580489591131,1.7954410931644043,0.37672218384816869,-0.0034245184045154516,1.7954388644039883,0.37673558434458115,-0.0033949755749427823
16.039999999999999,8020,0.006695801427035116,0.015000442056179895,0,0.15585913893607015,2.8211091235164688e-05,9.8535983924309776e-05,1.0057775929981174e-06,2.2426798989897964e-05,2.84214582280284,1.2144435388421919,-0.1854889552854026,0.046745367951879703,1.7954410260955305,0.37672169945801975,-0.0034255848334877612,1.7954389076847652,0.37673330202666672,-0.0033999575354385914
16.059999999999999,8030,0.0066966272462763146,0.015000436024664972,0,0.15585722549555875,2.3740385717532919e-05,9.4518565397489846e-05,1.002254067014036e-06,2.2845425764212974e-05,2.842450695851765,1.2144678819052483,-0.18546790824005879,0.046734154917839034,1.7954409110903222,0.37672264055614818,-0.0034235574804184505,1.7954389253707406,0.37673236939511834,-0.0034019933313730322
16.080000000000002,8040,0.0066974530556162945,0.015000427889226764,0,0.15585363021449228,1.9104184347055069e-05,9.1062073875184673e-05,9.9698748603336364e-07,2.2877310533063834e-05,2.8427555198346628,1.2144922258405624,-0.18544685894435206,0.046722941413826304,1.7954407624879836,0.37672440656123196,-0.0034197450191903378,1.7954389288447925,0.37673218619852433,-0.0034023932222858877
16.100000000000001,8050,0.0066982786936177945,0.015000415120326776,0,0.15584961573827594,1.4342865232820538e-05,8.8174607437376345e-05,9.8806615924129541e-07,2.2845425764212974e-05,2.8430602854589244,1.2145165715246942,-0.1854258048561214,0.046711726757738825,1.7954405505561919,0.37672638671191877,-0.0034155003021299562,1.7954389064244689,0.37673228361529082,-0.0034025295217145366
16.120000000000001,8060,0.0066991040535567987,0.015000399577460712,0,0.15584621217754688,9.8473868801811886e-06,8.5998360963670303e-05,9.7694948703485537e-07,2.262097403300073e-05,2.8433650399079098,1.2145409185562297,-0.18540474784131533,0.046700511173168729,1.7954402706786485,0.37672830893226705,-0.0034122626352814742,1.7954386719375321,0.37673331143575434,-0.0034039325684107661
16.140000000000001,8070,0.0066999292457361566,0.015000394512900727,0,0.1558436448596279,6.7296664192381928e-06,8.458824607211399e-05,9.7409239949196434e-07,2.3287840231354886e-05,2.8436700343532566,1.2145652622283811,-0.18538370122764022,0.046689297316243751,1.7954399079859427,0.37673096716638904,-0.0034116129477008627,1.7954379667843177,0.37673640231541433,-0.0034081518349551973
16.16,8080,0.006700754721457966,0.015000411219824081,0,0.15584163155904468,7.5565226394113345e-06,8.3704657982656923e-05,9.8820494737274486e-07,2.3036072399968081e-05,2.8439757445817162,1.2145895984585271,-0.18536267637098378,0.046678087806915881,1.7954393068584227,0.37673578309604155,-0.0034151551629742032,1.7954365417606402,0.37674264858446582,-0.0034166784283316772
16.18,8090,0.0067015812437538113,0.015000440831244105,0,0.15583986072880612,1.1740585893235775e-05,8.3617529138410276e-05,1.0116284964427873e-06,2.2781522350186147e-05,2.844282814276974,1.2146139304305856,-0.1853416643353071,0.046666883523570353,1.7954380430859991,0.37674415627940677,-0.0034244070630764139,1.795434157354262,0.37675310009064106,-0.0034309454639963382
16.199999999999999,8100,0.0067024095716244287,0.015000468695539549,0,0.15583808545115979,1.6967953207212735e-05,8.4060942071775277e-05,1.0332448224333341e-06,2.2877310533063834e-05,2.8445918956152147,1.2146382631389068,-0.18532065039241005,0.0466556810114616,1.7954355848374648,0.37675735631560736,-0.0034408072115552197,1.7954305836213835,0.37676876474058957,-0.00345232880489885
16.219999999999999,8110,0.0067032402318652051,0.01500048884970164,0,0.15583614129303497,2.2454059523112278e-05,8.5026596876142094e-05,1.0490512165237742e-06,2.2717439178655149e-05,2.8449035006936172,1.2146625984246868,-0.18529962856624385,0.046644476651861326,1.7954315568872505,0.37677650665417295,-0.0034657214888666496,1.7954256000631321,0.37679060904125788,-0.0034821478005036665
16.240000000000002,8120,0.0067040735805435122,0.015000505720193838,0,0.15583392210835684,2.8003302107996435e-05,8.6749452612600318e-05,1.0624849140163148e-06,2.2524095754713237e-05,2.8452180007692403,1.2146869347866354,-0.18527860330803761,0.046633271270794759,1.7954258312625397,0.37680261530040271,-0.0035004438556161146,1.7954189955020521,0.37681955864126909,-0.0035216660258112834
16.260000000000002,8130,0.0067049099882950693,0.015000524331161136,0,0.15583134295683063,3.3540282868449422e-05,8.9103868883214703e-05,1.0774768792155982e-06,2.3225154141253322e-05,2.8455357546158511,1.2147112706131198,-0.18525757966501988,0.046622066282749425,1.7954183018914689,0.37683662572755644,-0.0035462038961701879,1.7954105679585948,0.37685649887230305,-0.0035720920203794579
16.280000000000001,8140,0.0067057498895865299,0.015000545075364786,0,0.15582832319349957,3.8998380412521174e-05,9.2160109720111494e-05,1.0943695200474769e-06,2.2781522350186147e-05,2.845857156235339,1.2147356057861707,-0.18523655803141975,0.04661086184524179,1.7954087762920119,0.37687944188393085,-0.0036041718673702791,1.7954001245276068,0.3769022752904761,-0.0036345800273444983
16.300000000000001,8150,0.0067065937657618197,0.015000561151445817,0,0.15582477956956986,4.4290129393626169e-05,9.5835854103917115e-05,1.1076157432321474e-06,2.2749503328951236e-05,2.8461826407504587,1.214759942479247,-0.18521553157485016,0.046599656094434248,1.7953969386914281,0.37693193983464962,-0.0036754617202740007,1.7953874812548216,0.37695769421772057,-0.0037102307324424883
16.32,8160,0.0067074419425504237,0.015000573108493185,0,0.15582066967958874,4.9395898628005962e-05,0.00010022298972734511,1.1175693516874401e-06,2.2909150924997221e-05,2.8465125356794214,1.2147842805133147,-0.18519450084743019,0.046588449152248482,1.7953826305497547,0.37699491499549947,-0.0037611286628052507,1.795372463013347,0.37702352328316502,-0.0038000920030305421
16.34,8170,0.006708294688697867,0.01500058598352234,0,0.1558159800609569,5.433046936686775e-05,0.00010523258068584899,1.1283452411075323e-06,2.2845425764212974e-05,2.8468471146770127,1.2148086182844646,-0.18517347090920222,0.04657724241826558,1.7953657824624569,0.37706909948913003,-0.0038621717455691413,1.7953549033801566,0.37710049196451384,-0.0039051596271080517
16.359999999999999,8180,0.0067091523476665591,0.015000600090567537,0,0.15581069780021173,5.9081708254286957e-05,0.00011093802165465878,1.1402168463620164e-06,2.3099271619960363e-05,2.8471866929024268,1.2148329556960007,-0.18515244207560069,0.046566035988847142,1.7953462390912345,0.37715520058062774,-0.0039795381089510274,1.7953346445125782,0.37718929212942709,-0.0040263780523379384
16.379999999999999,8190,0.0067100152524956387,0.015000615224048488,0,0.15580482339344104,6.3637574413689642e-05,0.00011728749453138462,1.1530322321640316e-06,2.2524095754713237e-05,2.847531575033762,1.2148572928141828,-0.18513141414016196,0.046554829803888455,1.7953238395593818,0.37725388647049257,-0.0041141230308135218,1.7953115370247841,0.37729057857690029,-0.0041646411250679007
16.399999999999999,8200,0.0067108837172323941,0.015000631158748581,0,0.15579837345006325,6.7990058077974956e-05,0.00012414702597700623,1.1666189810960359e-06,2.265317472408141e-05,2.8478820485108569,1.2148816297111455,-0.18511038687675546,0.046543623793996493,1.7952984332728057,0.37736578486734307,-0.0042667708177954776,1.7952854398642804,0.37740496957864433,-0.0043207928293516615
16.420000000000002,8210,0.0067117580701871035,0.015000644399538035,0,0.15579137172229987,7.2115293566099757e-05,0.00013150331559182862,1.1779864369877498e-06,2.2394272795856101e-05,2.8482384123939108,1.2149059674955123,-0.18508935677382324,0.046532417021702681,1.7952698218115759,0.37749149655281827,-0.0044382770293720786,1.7952562201883968,0.37753304742046523,-0.0044956280259702535
16.440000000000001,8220,0.0067126385697487785,0.015000652720910612,0,0.15578386378878561,7.6002423842876088e-05,0.00013936661663577351,1.1851860628014003e-06,2.2588727439225648e-05,2.8486009237608356,1.2149303068831976,-0.18506832159675454,0.04652120880402788,1.7952378452949276,0.37763157778403306,-0.0046293870553766178,1.795223753240776,0.3776753589436439,-0.0046898931914531386
16.460000000000001,8230,0.0067135253782590644,0.015000659489013317,0,0.15577592873494489,7.9674411799590409e-05,0.00014772011266894628,1.1910748945522232e-06,2.3130806476445511e-05,2.8489697667861469,1.2149546468068189,-0.18504728472760265,0.046510000047704794,1.7952024572367711,0.37778652772767701,-0.0048407969692507253,1.7951879222278635,0.37783241608631596,-0.0049042871570996426
16.48,8240,0.0067144186858317852,0.015000667189965325,0,0.15576765927339017,8.3146474325988405e-05,0.00015634551419395655,1.197782668655022e-06,2.2459278078588273e-05,2.8493451320589132,1.2149789864734957,-0.18502624866327977,0.046498791484510291,1.7951635961218899,0.37795681545053855,-0.0050731564167772669,1.7951486181953973,0.37800469642485174,-0.005139461848000083
16.5,8250,0.0067153187159887488,0.015000675805189399,0,0.15575915797618306,8.6418334868639652e-05,0.00016541189625776477,1.2053002071140804e-06,2.3099271619960363e-05,2.8497272273932568,1.2150033258911073,-0.18500521338509363,0.046487583110469154,1.7951211551632256,0.37814288573811783,-0.0053270691090046085,1.7951057399048971,0.37819264371523598,-0.0053960230220570539
16.52,8260,0.0067162256785604458,0.015000685143963901,0,0.15575054538847963,8.9489120439705419e-05,0.00017477144850716779,1.213471065637018e-06,2.2394272795856101e-05,2.8501162480162896,1.2150276651212033,-0.18498417870151307,0.04647637486597285,1.7950750312078441,0.37834515031621274,-0.005603093205026102,1.7950591937101545,0.37839666843444741,-0.0056745310090066618
16.539999999999999,8270,0.00671713976625604,0.015000695050594847,0,0.15574196151019729,9.2359214438613786e-05,0.00018437557679586229,1.2221672337142241e-06,2.2972699315936647e-05,2.8505123738118758,1.2150520042142259,-0.18496314445622164,0.046465166700474951,1.7950251313976697,0.37856398722505991,-0.0059017420377840473,1.7950088934337223,0.37861714832183901,-0.0059755014494397903
16.559999999999999,8280,0.0067180610734945568,0.01500071240332212,0,0.15573358562504175,9.5067609317706333e-05,0.00019416547217994553,1.2374696305280102e-06,2.2329078268013787e-05,2.8509157036636892,1.2150763409762684,-0.18494211755940304,0.046453960498086755,1.7949714976784421,0.37879971655975198,-0.0062234832691925425,1.7949547602434039,0.37885442892051757,-0.0062994060338233343
16.580000000000002,8290,0.0067189898383458579,0.015000735577120611,0,0.1557255904639526,9.7603436371185775e-05,0.00020421080580411145,1.2580520200475612e-06,2.2972699315936647e-05,2.8513264253627297,1.2151006759310696,-0.18492109637824256,0.046442755830334262,1.7949140130071637,0.37905265994989584,-0.0065687434251007698,1.7948967225287435,0.37910882411872343,-0.0066466732415215272
16.600000000000001,8300,0.0067199263290450726,0.015000758320103962,0,0.15571815658486349,9.9932441913261604e-05,0.00021442470309305774,1.2784200818582665e-06,2.2426798989897964e-05,2.8517447526749913,1.215125011070729,-0.18490007463215075,0.046431550952311822,1.7948524893743758,0.37932312326921114,-0.006937907511593476,1.7948347157775153,0.37938061669121048,-0.0070176890798169262
16.620000000000001,8310,0.0067208706822709761,0.015000780022509591,0,0.15571150270726544,0.00010205518439035217,0.00022477445868775104,1.2980090092947176e-06,2.262097403300073e-05,2.8521708131966879,1.2151493465886856,-0.18487905170880981,0.04642034567646236,1.7947868611835849,0.37961135854245692,-0.0073313173382652357,1.7947686824522131,0.37967005884062588,-0.007412797822932039
16.640000000000001,8320,0.0067218230072027454,0.015000800713612841,0,0.15570587031035485,0.00010397770912060491,0.00023515226395928504,1.3168179786043998e-06,2.206637408534863e-05,2.8526047122681399,1.215173682477368,-0.18485802763780185,0.046409140005378539,1.7947170876168572,0.37991758414812399,-0.0077492735068144395,1.79469857186654,0.37997737273888993,-0.0078323027510503306
16.66,8330,0.0067227833972862017,0.015000820463922218,0,0.15570152052171188,0.00010570571250109863,0.00024559018201772702,1.3348865838848871e-06,2.2263692832568247e-05,2.8530465421923021,1.2151980187163485,-0.18483700249005516,0.046397933956939537,1.7946431332412409,0.38024198922324925,-0.0081920363722357212,1.7946243400618984,0.38030275106857581,-0.0082764668893375234
16.68,8340,0.0067237517562310882,0.015000850449317071,0,0.15569876477709976,0.00010730382650296287,0.00025610932556648818,1.3625372539214414e-06,2.2263692832568247e-05,2.8534962623510198,1.2152223517212022,-0.18481598749433481,0.04638673054361684,1.79456516479784,0.38058469469875561,-0.0086598248819231664,1.7945459496838789,0.38064635756428949,-0.0087455137469628595
16.699999999999999,8350,0.0067247282362608045,0.015000888601689771,0,0.15569789262127115,0.00010875838992368902,0.00026663721403218506,1.3980398905461032e-06,2.2524095754713237e-05,2.8539539852791833,1.215246682165281,-0.18479498057225555,0.046375529245753423,1.7944830950075832,0.38094584570599921,-0.0091528218089571636,1.7944633698587507,0.38100832755404945,-0.0092396280561203373
16.719999999999999,8360,0.0067257130942849864,0.015000924985158388,0,0.15569919174867825,0.00011001453087497627,0.00027715970126135153,1.4322085563852227e-06,2.1900583802360337e-05,2.8544198934946343,1.2152710132302538,-0.18477397174124804,0.046364327347803602,1.7943967074675853,0.38132558632548108,-0.0096711730469366264,1.7943765760699504,0.38138876850066655,-0.0097589565110499706
16.740000000000002,8370,0.0067267063924851666,0.0150009583054525,0,0.15570299608656835,0.00011107015651435549,0.00028763430138024817,1.4637556073288604e-06,2.2230927998283902e-05,2.8548940452273817,1.2152953453258319,-0.18475295970132133,0.046353124467853911,1.7943059674524726,0.38172399789222949,-0.010214985524344062,1.7942855500345722,0.38178776054312397,-0.010303608507059126
16.760000000000002,8380,0.0067277081521707896,0.015000988609222677,0,0.15570892429559605,0.00011193368318401624,0.00029802448605371944,1.4926459153917118e-06,2.2198114802541581e-05,2.8553764681203964,1.2153196784377356,-0.18473194449953098,0.046341920613359677,1.7942108806169623,0.38214112823031471,-0.010784329353157329,1.7941902795798577,0.38220535703795661,-0.010873656879543388
16.780000000000001,8390,0.0067287183769742485,0.015001016144566205,0,0.15571526477048753,0.00011261365514112192,0.00030833406097407752,1.5190511312884616e-06,2.2165253030559974e-05,2.8558671764014152,1.2153440124884169,-0.18471092638520398,0.046330715854333765,1.79411145863662,0.38257699898718972,-0.011379238840819513,1.7940907585196846,0.3826415851006314,-0.0114691386430084
16.800000000000001,8400,0.0067297370577534881,0.015001041131501296,0,0.15572403184063086,0.00011311725606979283,0.00031852737499211557,1.54313202110276e-06,2.2099382890764463e-05,2.8563661739958159,1.2153683474087296,-0.18468990557942233,0.046319510252618191,1.7940077143967346,0.38303160706047995,-0.0119997132590488,1.7939869865310576,0.38309644614692695,-0.012090055730090692
16.82,8410,0.0067307638723930795,0.015001080377379458,0,0.15573668078504777,0.00011353884216834778,0.00032863077410299736,1.5812504958243601e-06,2.2033315828455735e-05,2.8568732621256463,1.2153926777182569,-0.18466889897324584,0.046308308067503981,1.7938999527500006,0.38350486529430178,-0.012645716470797621,1.7938789690305965,0.38356991643431315,-0.012736375730579074
16.84,8420,0.0067317988763411253,0.015001131716033976,0,0.15575361765342927,0.00011386152501791631,0.00033870396067117731,1.6314805225222073e-06,2.1598954627055457e-05,2.8573884714341569,1.2154170041544416,-0.1846479043882662,0.046297108859988327,1.793788118871777,0.38399673817723406,-0.013317180334394078,1.7937667170510272,0.38406194760333134,-0.013408032630435846
16.859999999999999,8430,0.0067328423391253478,0.015001180322822386,0,0.15577522806206043,0.00011400180864188304,0.00034863666775078808,1.6793594836297045e-06,2.183391520383078e-05,2.8579119661997527,1.2154413315411317,-0.18462690692630973,0.046285908826995958,1.7936719459472421,0.38450720958865059,-0.014014004424752915,1.793650247117671,0.38457246721897381,-0.014104927550818071
16.879999999999999,8440,0.0067338942627576115,0.015001223415753804,0,0.15580194955049151,0.00011394927430038658,0.00035834701555508556,1.7220596366071178e-06,2.206637408534863e-05,2.858443743396311,1.2154656607596706,-0.1846059037926778,0.046274707169868867,1.7935514129253511,0.3850361896349514,-0.014736055312538103,1.7935295811249334,0.38510137931206379,-0.014826929487098805
16.899999999999999,8450,0.0067349545847037668,0.0150012607617612,0,0.15583424014261216,0.00011371286964930394,0.00036790413109363492,1.7592465230450733e-06,2.1800504449438904e-05,2.8589837541847531,1.2154899918811917,-0.18458489475349685,0.046263503812127002,1.7934265668559117,0.38558355318002779,-0.015483168000610212,1.7934047462127947,0.38564856492063532,-0.015573876047888374
16.920000000000002,8460,0.0067360232173420583,0.015001292772576055,0,0.15587256830286236,0.00011330421907866759,0.00037725976571949775,1.7912463168209318e-06,2.2033315828455735e-05,2.8595319323016217,1.2155143247738789,-0.18456388022252943,0.04625229886863437,1.7932974678349838,0.38614915131347305,-0.016255146831016334,1.793275774643299,0.38621388263131301,-0.016345574194055718
16.940000000000001,8470,0.0067371000599612471,0.015001319938280251,0,0.15591740959956779,0.00011273362101426007,0.00038636441324258326,1.818487714406266e-06,2.1429548445808714e-05,2.860088201814841,1.2155386592808768,-0.18454286069219134,0.046241092477135315,1.7931641762055732,0.3867328142469883,-0.017051766261910104,1.7931427036770442,0.3867971691206914,-0.017141800977749137
16.960000000000001,8480,0.006738184520400506,0.015001367142300671,0,0.15596931739644418,0.00011213397576509778,0.00039547694769411873,1.866305846334714e-06,2.1699963539503996e-05,2.8606521912248764,1.2155629869357434,-0.18452186118825176,0.046229889436740945,1.7930271438260312,0.38733426100164181,-0.017872774620195139,1.7930055754496717,0.38739823969671572,-0.017962304281418328
16.98,8490,0.0067392770740216318,0.015001406854059809,0,0.15602868330240371,0.00011135638597797713,0.00040427962684224116,1.9065920650651525e-06,2.1666346224911465e-05,2.8612241569315038,1.2155873172303904,-0.18450085401649108,0.046218684946407323,1.7928859451420249,0.38795339816840368,-0.018717884646506575,1.7928644368483555,0.38801688884006097,-0.018806803556835103
17,8500,0.0067403774791159029,0.015001444835287633,0,0.15609585914140173,0.0001104357267767805,0.00041290527285954798,1.9452822187531528e-06,2.1666346224911465e-05,2.8618039326188893,1.2156116480734471,-0.18447984497786182,0.046207479580005886,1.7927407264675297,0.38858997177034627,-0.019586787133600479,1.7927193393882919,0.38865289074551196,-0.019674990564114772
17.02,8510,0.0067414853022083384,0.015001496647999312,0,0.15616815372533344,0.00010945533315556938,0.00042144259731726033,1.9983253115983492e-06,2.1190104635059971e-05,2.8623912308232211,1.2156359742152452,-0.18445884972154858,0.04619627652390694,1.7925917985271056,0.38924367734686222,-0.020479146665966487,1.7925703390891898,0.38930599986334308,-0.020566530110737388
17.039999999999999,8520,0.0067426007793417115,0.015001544786829125,0,0.15624878029648759,0.00010832559484502133,0.00042970352128241001,2.0477159370146257e-06,2.1666346224911465e-05,2.8629861536116064,1.2156603016796723,-0.18443785063821702,0.046185072696701669,1.79243893331216,0.38991431740943577,-0.021394596130634096,1.7924174963517598,0.3899759514406983,-0.021481060790569013
17.059999999999999,8530,0.0067437238418640438,0.015001585225591325,0,0.15633871234808167,0.00010702755289525308,0.00043772534382599456,2.0893100601338961e-06,2.1086653546985296e-05,2.8635886285193819,1.2156846317480008,-0.18441684368263819,0.046173866972095544,1.792282123046063,0.39060161990445647,-0.0223327458263687,1.7922608758342038,0.39066246206297062,-0.022418195722882932
17.080000000000002,8540,0.0067448543453386906,0.015001617113279988,0,0.15643843490565051,0.00010556658784887883,0.00044547353030376753,2.1221894019777074e-06,2.1666346224911465e-05,2.8641985299713508,1.2157089646770112,-0.18439582800042298,0.046162659062806852,1.7921214425261802,0.39130527883712513,-0.023293181794665642,1.7921005463287047,0.39136523019518243,-0.023377523291381111
17.100000000000001,8550,0.0067459921118136331,0.015001640784904772,0,0.15654842953801615,0.00010395477199880112,0.00045296695078149608,2.1466561176613503e-06,2.1121193543184415e-05,2.8648157093646103,1.215733300351068,-0.18437480392851746,0.04615144903565209,1.7919569920835487,0.39202496712522533,-0.024275466112703207,1.7919365806379157,0.39208393672336456,-0.024358607883214731
17.120000000000001,8560,0.0067471369469764243,0.015001656948982704,0,0.15666916957091231,0.0001022045605921035,0.00046017845131273452,2.1634099419431236e-06,2.0947924057011411e-05,2.8654400066807928,1.2157576385374522,-0.1843537721789999,0.046140237070033147,1.7917888770686698,0.3927603407989278,-0.025279137578210192,1.7917690554514512,0.3928182454959368,-0.025360990628006494
17.140000000000001,8570,0.0067482878802132247,0.015001702746929118,0,0.15680124570588899,0.00010048495911968254,0.00046750324842008699,2.2114354439597494e-06,2.1052056881276945e-05,2.8660708518439546,1.2157819659824824,-0.18433277017841107,0.046129021946495014,1.7916176350229529,0.3935108833732055,-0.026303730461455004,1.7915980512223741,0.39356780386508761,-0.026384190136871169
17.16,8580,0.0067494447959156774,0.015001776642502662,0,0.15694507290275561,9.8785014537371114e-05,0.00047480101896610902,2.2889433204891694e-06,2.0947924057011411e-05,2.8667081041808973,1.2158062835884302,-0.18431179634857242,0.046117807144439311,1.7914433516675188,0.39427625965010576,-0.027348733355359769,1.7914236520436879,0.39433224322815347,-0.027427703241436983
17.18,8590,0.0067506081804170398,0.0150018477150394,0,0.15710020603411409,9.6958079456556327e-05,0.00048180225331267935,2.3634237503610377e-06,2.063237243740307e-05,2.8673519528989289,1.2158306024669343,-0.18429081952558096,0.046106594264632809,1.7912657065372521,0.39505623344772717,-0.02841360227482452,1.7912459455248251,0.39511117956899916,-0.028491005732866941
17.199999999999999,8600,0.0067517780063149988,0.015001907252628002,0,0.15726144512475401,9.4959038066566958e-05,0.00048850776398136006,2.4258779771598499e-06,2.0773209379101241e-05,2.8680023312331437,1.2158549254378359,-0.18426983095597785,0.046095380714699007,1.791084626861928,0.39585043002589304,-0.029497789133914404,1.7910650226681362,0.39590421399939751,-0.029573553100880029
17.219999999999999,8610,0.0067529541252724958,0.015001951856023469,0,0.15743454016912423,9.2782127785705933e-05,0.0004948942225535271,2.4727949948637552e-06,2.0982692419620152e-05,2.8686590909416507,1.2158792535390301,-0.18424882722777711,0.046084165140119628,1.7909001692073052,0.39665843207135049,-0.03060072837294403,1.7908809777453809,0.39671093330040896,-0.030674781272772466
17.240000000000002,8620,0.0067541363269878266,0.015001980823926335,0,0.15762076803096819,9.0439055204842589e-05,0.00050101166031179417,2.5034424282420225e-06,2.0597012732861101e-05,2.8693220416701064,1.215903586959699,-0.1842278076385023,0.046072947103505194,1.7907124512469317,0.39747980105668979,-0.031721835603675495,1.7906939081742161,0.39753091046376182,-0.031794107352439142
17.260000000000002,8630,0.0067553243659587512,0.015001994861290625,0,0.15782050307423717,8.7948427473543656e-05,0.00050683386405475899,2.5185507317679518e-06,2.0702910668595484e-05,2.8699909701518047,1.2159279254498825,-0.18420677289794191,0.046061726632349288,1.7905216152896533,0.39831408337160262,-0.032860508238856716,1.7905039143946873,0.39836370523323128,-0.032930930359394074
17.280000000000001,8640,0.0067565173884538672,0.015002015107338774,0,0.15803419816187045,8.5410506452559886e-05,0.00050993377672703855,2.5449976441324079e-06,2.0383566426149207e-05,2.870665346212208,1.2159522515748282,-0.18418574435074905,0.046050526269900388,1.7903280081161905,0.39916069810197963,-0.034016155361162911,1.7903110997457161,0.39920886464602029,-0.034084631967792926
17.300000000000001,8650,0.0067577152264238416,0.015002042109908716,0,0.15826214447973849,8.2830752564658246e-05,0.00051147383743116014,2.5818607186142698e-06,2.0913097891518843e-05,2.8713449848364117,1.2159765689004083,-0.18416472251850446,0.046039339116631058,1.7901317791919664,0.40001920296143523,-0.035188128836227912,1.7901155703415919,0.40006592357413862,-0.035254577245453285
17.32,8660,0.0067589181473876429,0.015002059734816038,0,0.15850453685486932,8.0142758781060126e-05,0.00051365395358807871,2.6078466169056315e-06,2.0561592220437957e-05,2.8720299311503661,1.2160008921525078,-0.18414369109451806,0.04602814570517301,1.7899328754268011,0.40088922649878583,-0.036375746670454276,1.7899174349484599,0.40093440526578294,-0.036440115392876379
17.34,8670,0.0067601259909951892,0.015002063470659324,0,0.15876163051184544,7.7330357355205221e-05,0.00051626980082450011,2.6182232010262593e-06,2.016786123962658e-05,2.8727200166118387,1.2160252225894175,-0.18412264554101551,0.046016945947286642,1.7897313346062689,0.40177029055340724,-0.037578339871040825,1.7897168048608114,0.40181382188671666,-0.037640580482267975
17.359999999999999,8680,0.0067613385210367532,0.015002051883418119,0,0.15903366702812935,7.4397365769491761e-05,0.00051915194728211682,2.6116429005999266e-06,2.0667671646167049e-05,2.8734150264797949,1.2160495602274741,-0.18410158442193014,0.046005740151113687,1.789527251989443,0.40266188758467308,-0.038795228469191145,1.7895137937779741,0.40270367506164961,-0.038855292196559969
17.379999999999999,8690,0.0067625554695467469,0.015002025025076471,0,0.15931720107935735,7.1356445784931605e-05,0.00052212848259947271,2.5882701954439391e-06,2.0347774359157065e-05,2.8741147236528386,1.2160739047634423,-0.18408050779366569,0.045994528647179789,1.7893207554413149,0.40356349745339021,-0.040025718337948137,1.7893085176806003,0.4036034564156179,-0.040083556568431412
17.400000000000002,8700,0.0067637765491656678,0.015001983791822927,0,0.15961077988674938,6.8223956034965509e-05,0.0005251644909499665,2.5491417649312638e-06,2.0702910668595484e-05,2.8748188571703794,1.2160982557089368,-0.18405941655982183,0.045983311872285847,1.7891119890919225,0.40447459065492869,-0.041269101889960615,1.7891010947071573,0.40451264811536403,-0.041324666719330112
17.420000000000002,8710,0.0067650014605933504,0.015001929527213444,0,0.15991978205092686,6.5016999549742023e-05,0.00052820098914453249,2.4957705111171643e-06,2.013168567464644e-05,2.8755271674595431,1.21612261247023,-0.18403831207292071,0.045972090342361764,1.7889011033575997,0.40539462955344663,-0.042524659033091432,1.7888916450304175,0.40543072341071595,-0.042577903598492874
17.440000000000001,8720,0.0067662298980065375,0.015001863756493133,0,0.16024432578378001,6.1751781806252575e-05,0.00053114328313047055,2.4298723353701165e-06,2.0526110585337575e-05,2.8762393898544101,1.2161469744144173,-0.18401719586771503,0.045960864602734186,1.7886882492903327,0.40632306933891987,-0.043791657994009976,1.788680290733947,0.40635714717596771,-0.043842536721968167
17.460000000000001,8730,0.0067674615527958497,0.015001788016456408,0,0.16058449310715045,5.8442934134804659e-05,0.00053399975533064228,2.353187723348462e-06,2.0419295754930057e-05,2.8769552568303034,1.2161713409175772,-0.18399606949033337,0.045949635188685861,1.7884735757555066,0.40725935876935765,-0.045069356083129786,1.7884671556885956,0.40729137645125896,-0.045117824911636469
17.48,8740,0.0067686961159104525,0.015001703756470723,0,0.16094032911198566,5.5103513184916888e-05,0.00053668893222928585,2.2673774589787752e-06,2.0561592220437957e-05,2.8776744992703978,1.2161957113945352,-0.18397493439885787,0.045938402601098417,1.7882572283808531,0.40820294070513774,-0.046357000452655249,1.7882523654289872,0.40823286098395467,-0.046403017034231761
17.5,8750,0.006769933279169282,0.015001612289694011,0,0.16131184144730107,5.1745426766032588e-05,0.00053923900117292553,2.1739723034418864e-06,2.0419295754930057e-05,2.8783968470990886,1.2162200853137601,-0.18395379191432606,0.045927167294472007,1.7880393495377849,0.40915325250346835,-0.047653828860287954,1.7880360470300083,0.40918104377002501,-0.0476973527403627
17.52,8760,0.0067711727358780657,0.015001514777260798,0,0.16169899998771667,4.8380108625794165e-05,0.00054161155282410019,2.074359118261655e-06,2.0773209379101241e-05,2.8791220295055,1.2162444622019171,-0.18393264320485153,0.045915929673459088,1.7878200788508423,0.41010972634655785,-0.048959070437224167,1.7878183289832978,0.41013536159542524,-0.049000063203533936
17.539999999999999,8770,0.0067724141810240612,0.015001412232254872,0,0.16210173664199073,4.5019348607876883e-05,0.00054378478262754053,1.9697898622670005e-06,2.0311919222296604e-05,2.8798497749568179,1.2162688416420011,-0.18391148928963555,0.04590469009458148,1.7875995539074137,0.41107178955690171,-0.050271946456765332,1.7875993410737374,0.41109524557747529,-0.050310371859167334
17.559999999999999,8780,0.0067736573112458448,0.015001305534102576,0,0.16251994528116326,4.1676265348459119e-05,0.00054573035157119817,1.8614039391763257e-06,2.0311919222296604e-05,2.8805798111298695,1.2162932232680579,-0.18389033105344413,0.045893448870672621,1.787377910970595,0.41203886493105407,-0.051591671100727425,1.7873792142559406,0.41206012170623996,-0.05162749514362322
17.580000000000002,8790,0.0067749018247105939,0.015001195447138812,0,0.16295348177683314,3.8366484605911787e-05,0.00054748663615513727,1.750257920986336e-06,1.9913252241518953e-05,2.8813118648263645,1.2163176067585459,-0.18386916926528471,0.045882206276386839,1.7871552855907,0.4130103711067441,-0.052917452222081621,1.7871580805307421,0.4130294113859086,-0.052950643233221913
17.600000000000001,8800,0.0067761474209806147,0.015001082639501555,0,0.16340147079107489,3.5109664562385474e-05,0.00054899039623620657,1.6373596476804265e-06,2.063237243740307e-05,2.8820456619188777,1.216341991829579,-0.18384800459740566,0.045870962553750214,1.7869318130726539,0.41398572296738817,-0.054248492103183187,1.7869360728216881,0.41400253197617437,-0.054279020783263965
17.620000000000001,8810,0.0067773938009140621,0.015000967700272214,0,0.16385433364575236,3.1931598986839935e-05,0.00055029271535962676,1.5237060775872562e-06,2.0878213633885978e-05,2.8827809273548293,1.2163663782287757,-0.18382683764253732,0.045859717917208297,1.7867076287945203,0.41496433208188149,-0.055583988209615819,1.7867133248515257,0.41497889733361498,-0.055611827667052839
17.640000000000001,8820,0.0067786406666198286,0.015000851153922086,0,0.1643176280674237,2.8867230104041869e-05,0.00055132759609921361,1.4103262798637127e-06,2.0561592220437957e-05,2.8835173852102596,1.2163907657299904,-0.18380566892842129,0.045848472557923327,1.7864828683930043,0.41594560717444223,-0.05692313394004226,1.7864899710186919,0.41595791835307194,-0.056948259714915267
17.66,8830,0.006779887721470884,0.01500073347189638,0,0.16479534420581649,2.5964971354294299e-05,0.00055213746994096208,1.2983326756454552e-06,2.0561592220437957e-05,2.8842547587998872,1.2164151541290373,-0.18378449892946111,0.045837226647283527,1.7862576678407847,0.41692895461831736,-0.058265119372686962,1.7862661462738043,0.41693900350903057,-0.058287509453222648
17.68,8840,0.0067811346701714074,0.015000615081543633,0,0.16528716436687568,2.3292588528125756e-05,0.00055270881900601129,1.1889851091328394e-06,2.0808269673042189e-05,2.8849927708210985,1.2164395432403095,-0.18376332807570511,0.045825980339689348,1.7860321634422005,0.41791377894727966,-0.059609132009152549,1.7860419859961496,0.41792155939699965,-0.059628766843412409
17.699999999999999,8850,0.0067823812188689088,0.015000496372827169,0,0.16579273518331689,2.0943952212455877e-05,0.00055301865740983009,1.0837729975008822e-06,2.0667671646167049e-05,2.8857311435439437,1.216463932894152,-0.18374215675960054,0.045814733774718758,1.7858064917713863,0.4188994833796833,-0.060954357516188107,1.7858176258701741,0.41890499127489134,-0.06097122002100909
17.719999999999999,8860,0.0067836270753013133,0.015000377703278514,0,0.16631166842109057,1.9043056543930976e-05,0.00055309510145932432,9.8451872020294782e-07,2.0419295754930057e-05,2.8864695990152205,1.2164883229348591,-0.18372098534097503,0.045803487078815201,1.7855807895726901,0.41988547035089108,-0.062299980466043535,1.7855932017619731,0.41988870360440106,-0.062314056034645807
17.740000000000002,8870,0.0067848719489695692,0.015000259401647181,0,0.16684354190031281,1.7735941774728049e-05,0.00055292901989284374,8.9349583785004101e-07,2.1121193543184415e-05,2.8872078592872259,1.2165127132191278,-0.18369981415071107,0.045792240366603405,1.7853551936385395,0.42087114205089765,-0.063645185075842964,1.7853688495957798,0.42087210059238733,-0.063656461585085589
17.760000000000002,8880,0.0067861155513277253,0.01500014177059945,0,0.16738790052676736,1.715768459951797e-05,0.00055250172376487632,8.1352847486570185e-07,2.0561592220437957e-05,2.8879456466534696,1.2165371036148598,-0.18367864349346397,0.045780993741938232,1.7851298406755085,0.42185590096490189,-0.064989155946366908,1.7851447052304563,0.42185458673225107,-0.064997623764241633
17.780000000000001,8890,0.0067873575959841058,0.01500002508879509,0,0.16794425742900862,1.7377406383017623e-05,0.00055183770417350099,7.4798112834226729e-07,2.1052056881276945e-05,2.888682683894352,1.2165614940001903,-0.18365747364974874,0.045769747298758587,1.7849048671657417,0.42283915041535086,-0.066331078800533044,1.7849209043359819,0.42283556734531624,-0.066336730794200174
17.800000000000001,8900,0.0067885971567348061,0.014999936588253783,0,0.16851219363136052,1.7956302930552512e-05,0.00055301338501690777,7.1014485177993857e-07,2.063237243740307e-05,2.8894183512751348,1.2165858737556756,-0.18363633203933799,0.045758506983907446,1.7846807944954168,0.42382017658012416,-0.067670180694035631,1.7846975822699438,0.42381444912220917,-0.067672972766240583
17.82,8910,0.0067898345338862536,0.01499985269252457,0,0.16909104737620184,1.915841982320309e-05,0.00055298174960371376,6.8458876352902415e-07,2.0526110585337575e-05,2.8901526878761747,1.2166102527402707,-0.18361519490742917,0.04574726787246907,1.7844574119175407,0.42479852218494252,-0.069005605334809331,1.7844748739540253,0.42479064066423849,-0.069005542379857079
17.84,8920,0.0067910692938978707,0.014999778603995078,0,0.16968027970299779,2.083248672869686e-05,0.00055282090826203154,6.7158061550565944e-07,2.0561592220437957e-05,2.8908853515174471,1.2166346275367703,-0.18359406751323909,0.045736032217992224,1.7842348752873654,0.42577355525483451,-0.070336561727743233,1.784252913750497,0.42576355302477475,-0.070333635681779583
17.859999999999999,8930,0.0067923008137973353,0.014999728817872385,0,0.17027934116981161,2.2681097408183186e-05,0.00055375234793043286,6.6786046848137841e-07,2.0561592220437957e-05,2.8916158899941617,1.2166589922815636,-0.1835729644560562,0.045724803370475221,1.7840135057912743,0.42674462623471232,-0.071662269640687309,1.7840318353387057,0.42673260025063064,-0.071656452804995441
17.879999999999999,8940,0.0067935292535003201,0.014999685794027355,0,0.1708875260301683,2.486146428656816e-05,0.00055384974893507523,6.6742457011412968e-07,1.9986328642111702e-05,2.8923442637867653,1.2166833546037232,-0.18355186806159596,0.045713576893422335,1.7837931944943373,0.42771124656410442,-0.072981897888832803,1.783811771591564,0.42769719992344041,-0.072973198707770401
17.900000000000002,8950,0.0067947544601032204,0.014999644300491256,0,0.17150417236811266,2.736174942337876e-05,0.00055315967526865751,6.6962621300907111e-07,2.063237243740307e-05,2.8930702734019853,1.2167077162855395,-0.18353077306819188,0.045702351476103388,1.7835739765443839,0.42867285292337592,-0.074294648883189346,1.7835928544520399,0.42865677370103999,-0.074283083912670064
17.920000000000002,8960,0.0067959762168179338,0.014999602129807322,0,0.17212861078910738,3.0114917587441844e-05,0.00055179147029176445,6.7470214792136033e-07,2.0597012732861101e-05,2.8937936771449637,1.216732078034054,-0.18350967725743619,0.045691126510218262,1.7833559583412992,0.42962886963084052,-0.075599736979268251,1.7833752148096462,0.42961074785884629,-0.075585325245580426
17.940000000000001,8970,0.0067971942800970214,0.014999558559602999,0,0.17276015508746898,3.3048843565970975e-05,0.0005498620449189888,6.829899060119675e-07,2.005913882365416e-05,2.8945142160093367,1.2167564400894291,-0.18348857990367157,0.045679901750782272,1.7831392770057308,0.43057872242656547,-0.076896384676986743,1.7831589823769314,0.43055855383123781,-0.076879146574730245
17.960000000000001,8980,0.0067984083950424724,0.014999513606357692,0,0.17339810163132449,3.6102970056449563e-05,0.00054743737175130661,6.9468339647838516e-07,2.0597012732861101e-05,2.8952316249028227,1.2167808024605158,-0.18346748102380647,0.045668677138307329,1.782924079686115,0.43152184201771615,-0.078183822447057585,1.782944285565967,0.43149962875293396,-0.078163779549711612
17.98,8990,0.0067996183040084576,0.014999467605941227,0,0.17404170509066511,3.9230946121931487e-05,0.00054458311919175647,7.0976996564038609e-07,2.0808269673042189e-05,2.8959456385602369,1.2168051650538463,-0.18344638095577043,0.045657452694338484,1.7827105137288846,0.43245766561837695,-0.079461289186949363,1.7827312513648392,0.43243341600037477,-0.079438464340501211
18,9000,0.0068008237512991445,0.014999420994165853,0,0.17468547553803523,4.2398628997048805e-05,0.00054134904790837648,7.2804650392316594e-07,2.0982692419620152e-05,2.8966559945562498,1.2168295277421717,-0.18342528013795986,0.045646228467128375,1.7824987224826008,0.43338563790241463,-0.080728032835290453,1.7825200052141381,0.43335936573310108,-0.080702450376481757
18.02,9010,0.0068020244855769782,0.014999374202025807,0,0.17532344116656326,4.5581176741241986e-05,0.00053771746020284887,7.4916885562134309e-07,2.1121193543184415e-05,2.8973624347504914,1.2168538903978932,-0.18340417900393588,0.045635004506361196,1.7822888438997535,0.43430521165516106,-0.081983311072059431,1.7823106708834464,0.43427693543513407,-0.081954997085463208
18.039999999999999,9020,0.0068032196510243005,0.014999354899949682,0,0.17595992448887093,4.8549636374307355e-05,0.00053220307414311079,7.6050731133560368e-07,2.1121193543184415e-05,2.8980643862133419,1.2168782433642273,-0.18338310544131856,0.045623780406402671,1.7820813762447072,0.43521575317671468,-0.083226415523805941,1.78210337034783,0.43518559045635519,-0.083195374632703753
18.059999999999999,9030,0.0068044096146323537,0.014999335968059262,0,0.17659960450334708,5.1531082537215694e-05,0.00052699208572324447,7.703319193109727e-07,2.0597012732861101e-05,2.8987619227055053,1.2169025963107749,-0.18336203209662785,0.045612558844595502,1.7818760745322977,0.43611684618427671,-0.084456601914409735,1.7818982236643266,0.43608480455388599,-0.084422864659931526
18.080000000000002,9040,0.006805594012879986,0.014999323141134762,0,0.17724173150084604,5.4485834292552982e-05,0.00052135588265794558,7.7770176411139587e-07,2.0982692419620152e-05,2.8994547475096475,1.2169269471121702,-0.183340964771701,0.045601337120429013,1.7816730895578639,0.43700794258400749,-0.085673164732920762,1.7816953488484368,0.43697406043346798,-0.08563676102436571
18.100000000000001,9050,0.0068067728978981985,0.014999304066302115,0,0.17788549122969838,5.7489550866255739e-05,0.00051601700602227384,7.8764843591495242e-07,2.0773209379101241e-05,2.9001427680486027,1.2169513000912899,-0.18331989100890664,0.045590116427882341,1.7814723806255504,0.43788858022693938,-0.086875396415577413,1.7814948617506126,0.43785285029084198,-0.086836370537736976
18.120000000000001,9060,0.0068079458126607401,0.014999289365529061,0,0.17853013083605615,6.0451728580447798e-05,0.00051016529653177237,7.963526186713405e-07,2.0947924057011411e-05,2.9008256293319636,1.2169756514749794,-0.18329882152909199,0.045578894753282154,1.7812742018335426,0.43875820959063344,-0.088062625636244174,1.781296875932747,0.43872067635312878,-0.088021013705310236
18.140000000000001,9070,0.0068091121670492607,0.014999295958167701,0,0.17917490131255387,6.3262654918336758e-05,0.00050304586675230646,7.9504016726320885e-07,2.0878213633885978e-05,2.901502909176882,1.2169999954105442,-0.18327777338572152,0.045567671719726512,1.7810788881001487,0.43961628509860207,-0.089234200897967214,1.7811015025446644,0.43957705142020831,-0.089190025464904718
18.16,9080,0.0068102721709067914,0.014999304924927544,0,0.17981896375389206,6.604367598749675e-05,0.00049603293669725024,7.9171748654214109e-07,2.1086653546985296e-05,2.9021746020352408,1.2170243385986574,-0.1832567274908608,0.045556449924162648,1.7808863151102745,0.44046240687408411,-0.090389451920440372,1.7809088502006094,0.4404214994060997,-0.090342755925915744
18.18,9090,0.0068114257028713213,0.01499931253555173,0,0.18046152311961278,6.8815800050528849e-05,0.00048909531981816559,7.8886545359710118e-07,2.1017403266208992e-05,2.9028405419715266,1.217048682275226,-0.18323568009319341,0.045545228489206384,1.7806965157434407,0.44129612002364726,-0.091527736623738684,1.7807190248557367,0.44125355588034099,-0.09147857110833571
18.199999999999999,9100,0.0068125725897700586,0.014999317761938226,0,0.18110179815778857,7.1571350407809373e-05,0.00048215161173433067,7.8724340927995326e-07,2.1190104635059971e-05,2.903500529791474,1.2170730267626644,-0.18321463016062642,0.045534006981834768,1.7805095848458876,0.4421169684417075,-0.092648434330840773,1.7805321296826013,0.44207276860936906,-0.092596853681775421
18.219999999999999,9110,0.0068137126445980186,0.014999320565180703,0,0.18173901510560148,7.4296622827805479e-05,0.00047514018397028051,7.8690386225404992e-07,2.1052056881276945e-05,2.9041543589404974,1.2170973720666165,-0.18319357765501898,0.045522785291171028,1.7803256356746329,0.44292450677102563,-0.093750943204231857,1.7803482649476472,0.44287869809789943,-0.093697003704485596
18.240000000000002,9120,0.0068148456796117184,0.014999321264790564,0,0.18237240749815165,7.6978466089704437e-05,0.0004680517638129559,7.8765823338272294e-07,2.0561592220437957e-05,2.9048018251558942,1.2171217180794769,-0.18317252289826563,0.045511563431119825,1.7801447824329906,0.44371830318567557,-0.094834679784311732,1.7801675278876976,0.44367091813030596,-0.094778439362377745
18.260000000000002,9130,0.0068159715120504078,0.01499932026467553,0,0.18300121746565051,7.960580293789458e-05,0.00046087647240645893,7.8927097977111199e-07,2.122447627911835e-05,2.9054427303605284,1.2171460646670669,-0.18315146629699328,0.045500341449064327,1.7799671342346643,0.444497940366337,-0.095899079344381091,1.7799900125864441,0.44444901631200057,-0.095840597708045261
18.280000000000001,9140,0.0068170894814376295,0.014999337960268293,0,0.18362475729055949,8.2070700170249042e-05,0.00045440653610511416,7.7956997208909594e-07,2.084327099243578e-05,2.9060766254852295,1.2171704030253858,-0.18313042840528632,0.04548912411588394,1.7797930775648727,0.44526294141519018,-0.096943631711747594,1.7798158098509367,0.44521259461081358,-0.096882935399785458
18.300000000000001,9150,0.0068181999354759411,0.014999353411979001,0,0.18424221512656933,8.4484025993384175e-05,0.0004474197514459724,7.7116108673799154e-07,2.1052056881276945e-05,2.9067036097374657,1.2171947428425065,-0.18310938810864741,0.045477906391610361,1.7796223932431066,0.4460130140600197,-0.097967768173892925,1.7796450070880736,0.44596126989837293,-0.097904929440620125
18.32,9160,0.0068193026032215276,0.014999370837356927,0,0.18485288775113748,8.6822575865029574e-05,0.00044034694934344244,7.6185715297472355e-07,2.0702910668595484e-05,2.9073234562847792,1.2172190816327664,-0.18308834967052706,0.045466689297824603,1.7794552056462194,0.44674776438589997,-0.098970994466952428,1.7794776881810903,0.44669467449148437,-0.098906077917317092
18.34,9170,0.006820397068849458,0.014999401242368149,0,0.1854561007313795,8.903417751081963e-05,0.00043364305709311913,7.4614982966903952e-07,2.1497471115166028e-05,2.9079358603237795,1.2172434145948634,-0.18306732418416707,0.045455475432724789,1.7792917472031073,0.44746679818197965,-0.099952847446349996,1.7793139333660493,0.44741245669351104,-0.099885900739411129
18.359999999999999,9180,0.0068214835275730457,0.014999430755678245,0,0.18605111803550597,9.1179827681477503e-05,0.00042650757916869945,7.3189478173432066e-07,2.1190104635059971e-05,2.9085408458712343,1.2172677481478329,-0.18304629766205127,0.045444261416161001,1.7791319026660326,0.44816983661785087,-0.10091283915299086,1.7791538191083298,0.44811428133575354,-0.10084394037822568
18.379999999999999,9190,0.0068225618971675742,0.014999457099022933,0,0.18663726502690739,9.3264548286657714e-05,0.0004190211114487169,7.2014067481438348e-07,2.1565179853261896e-05,2.9091382943727608,1.2172920830221554,-0.18302526781333198,0.045433046710834896,1.7789757032920783,0.44885656490193088,-0.1018505293736184,1.7789974179791179,0.44879983031882942,-0.10177976260589378
18.400000000000002,9200,0.0068236320598929661,0.014999480016359448,0,0.18721389479043007,9.5279581633777091e-05,0.00041122829929225187,7.1073593677200451e-07,2.1258792350482307e-05,2.9097280659577147,1.2173164192444192,-0.18300423438192467,0.045421831241337772,1.7788232249617886,0.44952667670096302,-0.10276550675069264,1.7788447985318954,0.44946880315405346,-0.10269295723437956
18.420000000000002,9210,0.0068246938950953179,0.01499949982836305,0,0.18778038244570242,9.7214620584271628e-05,0.00040317827665199577,7.0326212444691103e-07,2.1361409804484527e-05,2.9103100221499281,1.2173407566797223,-0.18298319769121063,0.045410615063040984,1.7786745497918575,0.45017988342851328,-0.10365738513419054,1.7786960251789292,0.4501209175048167,-0.10358313885449875
18.440000000000001,9220,0.0068257472884397739,0.014999516976273294,0,0.18833612546778244,9.9060628618117104e-05,0.00039488669427630935,6.9730919017263703e-07,2.1767042412140833e-05,2.9108840325744634,1.2173650951655184,-0.182962158185557,0.045399398258449832,1.7785297543234375,0.45081591607975852,-0.10452580352800883,1.7785511580677624,0.45075590972796725,-0.10444994757494123
18.460000000000001,9230,0.0068267921349040818,0.0149995318763568,0,0.18888054503961824,0.00010081009366312548,0.00038637761947663609,6.9254222623859564e-07,2.1733528855063329e-05,2.911449976882031,1.2173894345514888,-0.18294111628410659,0.045388180904337577,1.7783889069990231,0.45143452576202725,-0.10537042677741991,1.7784102529577026,0.45137353541518932,-0.10529304976129103
18.48,9240,0.0068278283397980666,0.014999544886876052,0,0.1894130874921055,0.00010245672664148152,0.00037771548224286065,6.8868900348457272e-07,2.2000207897163392e-05,2.9120077452179709,1.217413774730717,-0.18292007234771493,0.045376963064167899,1.7782520683040977,0.45203548405766564,-0.10619094638364068,1.7782733610963115,0.45197356993438348,-0.10611213877504845
18.5,9250,0.006828855818401874,0.014999556314931307,0,0.18993322568385348,0.00010399513027103559,0.00036888554821148652,6.8555383897994427e-07,2.1598954627055457e-05,2.9125572381218947,1.2174381155831733,-0.18289902668559202,0.045365744792023099,1.7781192914154258,0.45261858339603184,-0.10698708132772825,1.7781405290958952,0.45255580897104641,-0.10690693571265093
18.52,9260,0.0068298744961785519,0.014999566423816786,0,0.1904404602966058,0.00010542053774024695,0.00035989977160171368,6.8299465843566521e-07,2.1800504449438904e-05,2.9130983665744892,1.2174624569920389,-0.18287797956278951,0.045354526133684424,1.7779906227904136,0.45318363745947898,-0.10775857887704852,1.7780117988099935,0.45312006906965041,-0.1076771901444942
18.539999999999999,9270,0.0068308840290283385,0.014999580064026199,0,0.19093433683243838,0.00010668997922345241,0.00035069005844945016,6.8002990856307385e-07,2.1733528855063329e-05,2.9136309353345897,1.2174867970105154,-0.18285693586814167,0.045343307806097542,1.7778661744706656,0.4537304388906005,-0.10850521703448139,1.7778872072098699,0.45366618817502358,-0.10842268085395358
18.559999999999999,9280,0.0068318842671060594,0.014999597056191149,0,0.1914144103258569,0.00010781379007670193,0.00034114000155337513,6.7683578491495771e-07,2.1666346224911465e-05,2.9141548532779291,1.2175111358002686,-0.18283589541902195,0.04533208985387803,1.7777459687607378,0.45425886181646769,-0.1092268035636956,1.7777667862610005,0.45419402617372945,-0.10914321657640551
18.580000000000002,9290,0.0068328752809798683,0.014999613550946943,0,0.19188025689119786,0.00010882517203532272,0.00033142476848947304,6.7417788705312535e-07,2.1933842111273517e-05,2.9146701275471769,1.2175354749125982,-0.18281485433523265,0.045320871712723573,1.7776299642330033,0.45476882702083987,-0.10992317359576717,1.7776505627995636,0.45470346543544693,-0.10983863673824867
18.600000000000001,9300,0.0068338570579215604,0.014999628786213484,0,0.1923314987364145,0.00010972169068543181,0.00032153165393091366,6.7217707620869342e-07,2.2000207897163392e-05,2.9151767233452599,1.2175598145861797,-0.18279381185035518,0.045309653207840667,1.7775181673866687,0.4552602376985182,-0.11059419338841692,1.7775385584089309,0.45519441135434979,-0.1105088121959247
18.620000000000001,9310,0.0068348295785940084,0.014999642704102319,0,0.19276779359662014,0.00011049652821260314,0.00031151391358962287,6.7076494994437028e-07,2.1933842111273517e-05,2.9156746057014957,1.2175841548226052,-0.18277276790658908,0.045298434311870743,1.7774105964938638,0.45573301696251323,-0.11123976278959909,1.7774307892961547,0.45566679289048706,-0.11115364597494044
18.640000000000001,9320,0.0068357928307800917,0.014999655454361943,0,0.19318883340449897,0.00011114336646475933,0.00030143892939101229,6.6983647001951403e-07,2.2165253030559974e-05,2.9161637485667939,1.2176084955616333,-0.18275172265489933,0.045287215047208063,1.7773072679732802,0.45618711307161863,-0.11185981513443989,1.7773272661684594,0.45612056311116222,-0.11177307400888836
18.66,9330,0.006836746813096645,0.014999667225056173,0,0.19359434483329269,0.00011165667966458974,0.00029126322454750038,6.6929879739686646e-07,2.1933842111273517e-05,2.9166441373422303,1.2176328367335041,-0.18273067628473799,0.045275995446192159,1.7772081922374701,0.45662249983304659,-0.11245431750602189,1.7772279941097304,0.45655569973231358,-0.11236706587846822
18.68,9340,0.0068376915360955429,0.014999678191332869,0,0.19398409010806594,0.00011203153450391224,0.00028109257456158455,6.6908021494861114e-07,2.1900583802360337e-05,2.9171157696157359,1.2176571782739414,-0.18270962897253251,0.045264775538884965,1.7771133727851935,0.45703917679977069,-0.11302327133769595,1.7771329724570037,0.45697220565989355,-0.11293562555050803
18.699999999999999,9350,0.0068386267665219566,0.014999699479682429,0,0.19435788765538803,0.00011223045787223989,0.00027060180289072291,6.6982137831901375e-07,2.2394272795856101e-05,2.9175785188042709,1.2176815162718553,-0.18268859193322828,0.045253555707990924,1.7770229677733114,0.45743714138200736,-0.11356672807569661,1.7770421946769557,0.45737010953124907,-0.11347879211698583
18.719999999999999,9360,0.0068395528098651502,0.01499971893073769,0,0.19471554857450038,0.00011229107984413402,0.00026026516269113701,6.7088773343164564e-07,2.2099382890764463e-05,2.9180325587377363,1.2177058550527204,-0.18266755290583067,0.045242336016608667,1.7769367745925413,0.45781648206815284,-0.11408474248035362,1.7769556482423927,0.45774946625650076,-0.11399664053405015
18.740000000000002,9370,0.0068404696592599288,0.014999738876334726,0,0.19505695065421225,0.00011220182186162634,0.00024987724564043683,6.7282593825129118e-07,2.2132342465963256e-05,2.9184778979428265,1.2177301937281908,-0.18264651424646777,0.045231116006172273,1.7768548023867674,0.4581772700650823,-0.11457742580562207,1.7768733145087408,0.45811035755992324,-0.11448928236104193
18.760000000000002,9380,0.0068413772322730281,0.014999765361503985,0,0.19538201632003557,0.00011194221181353175,0.0002394496435904625,6.7676262054619983e-07,2.2132342465963256e-05,2.9189145097943459,1.217754530177936,-0.18262548204870599,0.045219895865052803,1.7767771139619037,0.45851959693362754,-0.11504493244384137,1.7767951685905345,0.45845289252132465,-0.11495686649951534
18.780000000000001,9390,0.0068422757713133752,0.014999790645081269,0,0.1956906816815264,0.0001115320375102586,0.0002291265066686046,6.8151860651727551e-07,2.2524095754713237e-05,2.9193425486864237,1.2177788671471412,-0.182604448506376,0.045208675649191787,1.7767035650294931,0.45884361924294109,-0.11548743605020775,1.7767211792379083,0.45877720811742656,-0.1153995799322592
18.800000000000001,9400,0.0068431653844316116,0.014999813776091839,0,0.19598293518706406,0.00011096970791493244,0.00021895257784833105,6.8682403954631136e-07,2.2263692832568247e-05,2.9197621019617888,1.2178032049402505,-0.18258341266316466,0.045197455128474215,1.776634101214148,0.45914950202515897,-0.11590515799575098,1.7766513087130842,0.45908346976324427,-0.11581764846231882
18.82,9410,0.0068440460050624534,0.014999841395401966,0,0.1962588233058046,0.0001102352378860686,0.00020900895024218602,6.9378772554689071e-07,2.2524095754713237e-05,2.920173165441768,1.2178275409714412,-0.18256238120642404,0.045186235788255549,1.7765687943005104,0.4594374208612737,-0.11629837555558922,1.7765855126668626,0.45937187185346545,-0.11621133745201576
18.84,9420,0.006844917757472084,0.014999872417783817,0,0.19651841230723094,0.00010932832327751556,0.00019932277879142446,7.0269262834235643e-07,2.2329078268013787e-05,2.9205758523530503,1.2178518757304131,-0.18254135304282906,0.045175017331381101,1.7765075712718013,0.4597076011285583,-0.1166673880026992,1.7765237400151113,0.45964263830383123,-0.11658095256197071
18.859999999999999,9430,0.0068457808956143779,0.014999901164220498,0,0.19676179923390558,0.0001082580501992795,0.00018968767743218437,7.1228802911934433e-07,2.2426798989897964e-05,2.9209703527434079,1.2178762114184691,-0.18252032245442587,0.045163798406423414,1.7764502762664791,0.45996030833232565,-0.11701252646246377,1.7764659328152559,0.45989602309251526,-0.11692684049012365
18.879999999999999,9440,0.0068466355720344053,0.014999927134843574,0,0.19698895702981609,0.00010702089225859724,0.00018014421618750049,7.2209618924053489e-07,2.2361699290911531e-05,2.9213568021163501,1.2179005481816902,-0.182499288938757,0.045152578889644211,1.776396840251292,0.46019582510281065,-0.11733417646449333,1.7764120261427687,0.46013231080150374,-0.11724938971075563
18.900000000000002,9450,0.0068474819376927957,0.014999950582758914,0,0.19719984315904968,0.0001056111841737898,0.0001707589980652537,7.3186513940119715e-07,2.2263692832568247e-05,2.9217353396774071,1.2179248859177358,-0.18247825275084556,0.045141358826391968,1.7763472053035596,0.46041446315000517,-0.11763276803790886,1.7763619479676582,0.46035181715797518,-0.11754903121350976
18.920000000000002,9460,0.0068483201559300126,0.014999971858251243,0,0.19739478541033476,0.000104023577270397,0.00016152801720070435,7.4145643262543436e-07,2.2972699315936647e-05,2.9221061187038897,1.217949224499806,-0.18245721424335232,0.045130138283241028,1.7763013056104553,0.46061656614713159,-0.11790877427228194,1.7763156190309592,0.46055488957568008,-0.11782623924241223
18.940000000000001,9470,0.0068491504054099799,0.014999991276718978,0,0.1975741472757139,0.00010225330538916384,0.00015243147574780366,7.5079449495028405e-07,2.2781522350186147e-05,2.9224693085070461,1.2179735638154325,-0.18243617373378629,0.045118917318990474,1.7762590646828842,0.4608025104875374,-0.11816271185104968,1.7762729527212229,0.46074190769632151,-0.1180815320348947
18.960000000000001,9480,0.0068499728806392527,0.015000009107240817,0,0.19773832371202804,0.00010029604557118432,0.00014358127452687928,7.5984305797729341e-07,2.2781522350186147e-05,2.9228250946268606,1.2179979037684006,-0.18241513149302646,0.045107695982762618,1.776220395872578,0.46097270570304488,-0.11839514189597107,1.7762338549510048,0.460913283930934,-0.11831547256081432
18.98,9490,0.0068507877920432727,0.01500002558322751,0,0.19788774176424845,9.8147777587161673e-05,0.0001349070429362488,7.6859325399115139e-07,2.2588727439225648e-05,2.9231736787997979,1.2180222442747755,-0.18239408775604532,0.045096474316859717,1.7761852030745171,0.46112759489120719,-0.11860667080319429,1.7761982240333565,0.46106946400126358,-0.11852866926147512
19,9500,0.0068515954965619767,0.015000036019742704,0,0.19802284975683548,9.5813177695778799e-05,0.00012647958518686322,7.7466425598201612e-07,2.2717439178655149e-05,2.9235153486950551,1.2180465871913031,-0.18237303780475314,0.045085251196184069,1.7761533015788049,0.46126766607352299,-0.11879794043137264,1.7761659505583134,0.46121092748114767,-0.11872177678864972
19.02,9510,0.0068523962315137814,0.015000041522085695,0,0.19814414453725981,9.3286091047230073e-05,0.00011825920774851461,7.7841470327704585e-07,2.2556434745889217e-05,2.9238503297422969,1.2180709320262386,-0.18235198275298475,0.045074026892314385,1.7761246002713429,0.46139342729714544,-0.11896965362947795,1.7761369172693857,0.46133818833789531,-0.11889549674360046
19.039999999999999,9520,0.0068531901560219396,0.015000046749455296,0,0.1982521642084466,9.055432250142479e-05,0.00011024594988684328,7.8205185483292185e-07,2.2877310533063834e-05,2.9241788135535076,1.2180952769554467,-0.18233092729262942,0.045062802507097446,1.7760990571003865,0.46150541432691855,-0.11912256797343435,1.776110998940047,0.46145179547366622,-0.11905057841610052
19.059999999999999,9530,0.0068539775306658878,0.015000052573496039,0,0.19834747071511513,8.7613046126841932e-05,0.00010253817937054226,7.8597484011132445e-07,2.2524095754713237e-05,2.9245010590680813,1.218119621697825,-0.18230987230057166,0.045051578219779315,1.7760765523904178,0.46160420832772259,-0.11925747974911133,1.7760880622502251,0.4615523332668513,-0.11918781952345535
19.080000000000002,9540,0.0068547588018473488,0.015000053033338748,0,0.19843064744356836,8.4473523219537333e-05,9.527134603253092e-05,7.8654918549396698e-07,2.2845425764212974e-05,2.924817431970304,1.2181439683564343,-0.18228881176488623,0.045040354130521272,1.7760568536713359,0.46169044501559392,-0.11937522355033363,1.77606796566279,0.46164042211345202,-0.11930806694952367
19.100000000000001,9550,0.0068555342727185699,0.015000049269234594,0,0.19850232806022824,8.112861995604421e-05,8.821593218419089e-05,7.8462931250694128e-07,2.265317472408141e-05,2.925128227386844,1.2181683165035782,-0.18226774683828251,0.045029129942966727,1.7760398269984488,0.46176477434381163,-0.11947669501143818,1.7760505593000455,0.46171671896846028,-0.11941221748373861
19.120000000000001,9560,0.0068563041502448198,0.015000046942026115,0,0.19856319052515928,7.7561343253289871e-05,8.1561081776929928e-05,7.8361828939582671e-07,2.2813496432377448e-05,2.9254336977430611,1.2181926641570244,-0.18224668322939444,0.045017905613364446,1.7760253988895269,0.46182787248918622,-0.11956284758054214,1.7760356848202168,0.46178191788723877,-0.11950121856013009
19.140000000000001,9570,0.0068570687602242195,0.015000047067264172,0,0.19861393936476751,7.3767096861704042e-05,7.5161181154318672e-05,7.8394412121692332e-07,2.2909150924997221e-05,2.9257341692320811,1.2182170109862325,-0.18222562195952,0.045006681400806492,1.7760134168570476,0.46188046832817437,-0.11963467884908136,1.7760231752939417,0.46183675056689955,-0.1195760689963439
19.16,9580,0.0068578284647787865,0.015000049780055995,0,0.19865531381187362,6.9743944976665629e-05,6.9087118674855151e-05,7.856358477447109e-07,2.3193747562800386e-05,2.9260299982890965,1.2182413569513975,-0.18220456316395925,0.044995457389455935,1.7760036992465258,0.46192333146292719,-0.11969323646893185,1.7760128550807592,0.46188198688768523,-0.11963781973266509
19.18,9590,0.0068585838211369455,0.015000048877600414,0,0.19868807365181723,6.5500709808096434e-05,6.3340568614767928e-05,7.8537896182657747e-07,2.2940947124789083e-05,2.9263216501355784,1.2182657053199073,-0.18218350058209881,0.044984231343088973,1.7759959699585255,0.46195728833704974,-0.11973960682955335,1.7760045397056001,0.46191843545434802,-0.11968757457103801
19.199999999999999,9600,0.0068593352170392497,0.01500004533354956,0,0.19871303981270896,6.1032565625163712e-05,5.813189210201846e-05,7.8381425493153079e-07,2.262097403300073e-05,2.9266095078927949,1.2182900552433356,-0.18216243520142736,0.04497300391648764,1.7759900460539619,0.46198317923436349,-0.11977494869795004,1.7759980357352756,0.46194694413753007,-0.11972649091408853
19.219999999999999,9610,0.0068600829325057662,0.015000044819561102,0,0.19873108279075488,5.6326100013677396e-05,5.3277117373198737e-05,7.8393119223324978e-07,2.2717439178655149e-05,2.9268939064659669,1.2183144037051676,-0.1821413727465987,0.044961777229677223,1.7759858060560998,0.46200187224056116,-0.11980048490542593,1.7759931406549672,0.46196840061514222,-0.11975578050414351
19.240000000000002,9620,0.0068608275762373841,0.015000040424431911,0,0.19874307939260522,5.1393325409116693e-05,4.8807186015610571e-05,7.7999159467744684e-07,2.262097403300073e-05,2.9271753513030112,1.2183387528941891,-0.18212030622801742,0.044950554616131039,1.7759829764388659,0.46201431893998163,-0.11981746956929076,1.775989642744717,0.46198373291374517,-0.11977671016225423
19.260000000000002,9630,0.0068615695766166525,0.01500003436163273,0,0.19874996728393893,4.6225292251868592e-05,4.4658156536028428e-05,7.7423491122945259e-07,2.2781522350186147e-05,2.9274542788762781,1.2183631022294596,-0.18209923788794399,0.044939334138831999,1.7759813468673897,0.46202147599724785,-0.11982722493763917,1.7759873209559165,0.46199390994992828,-0.11979060252721577
19.280000000000001,9640,0.0068623094990314546,0.015000026488913437,0,0.19875270463661818,4.0814969019726581e-05,4.1034461177990572e-05,7.6921782514962324e-07,2.2813496432377448e-05,2.9277312025643498,1.2183874552925769,-0.18207816757778644,0.044928106128331487,1.7759806851267657,0.4620243608684676,-0.11983111558059362,1.7759859447877968,0.46199994207169021,-0.11979883679459007
19.300000000000001,9650,0.0068630477522960533,0.015000020012918501,0,0.19875232127192313,3.515451818612416e-05,3.7817450461185951e-05,7.661326885156392e-07,2.2940947124789083e-05,2.9280065634014134,1.2184118090576559,-0.18205709854311605,0.04491687461683961,1.7759807809424792,0.46202400582711545,-0.11983058784304484,1.7759852741639173,0.46200288159981784,-0.11980284945572535
19.32,9660,0.0068637846061383803,0.015000023495403242,0,0.19874990361961856,2.922814982388519e-05,3.5077526895278611e-05,7.6832315609762325e-07,2.2781522350186147e-05,2.9282807446327337,1.2184361571157842,-0.1820360394399953,0.044905646746210989,1.7759814696631369,0.46202146806476752,-0.11982715815359295,1.775985059308657,0.46200382336926676,-0.11980413503677848
19.34,9670,0.006864520676093778,0.015000034528502912,0,0.19874653656632929,2.3045495597322428e-05,3.2978215886223634e-05,7.7280487154128584e-07,2.262097403300073e-05,2.9285543047353775,1.2184605003525102,-0.18201498781777634,0.044894425336710848,1.7759824738898506,0.46201790310230156,-0.11982237232040632,1.7759850419053402,0.46200391015912579,-0.11980424229820416
19.359999999999999,9680,0.0068652564147375387,0.015000060784992992,0,0.19874335297380874,1.6708098075950708e-05,3.0901416879072469e-05,7.8475379340072946e-07,2.2972699315936647e-05,2.928827756743003,1.2184848377664117,-0.18199395139466543,0.044883207813709643,1.7759835123866397,0.46201449228901942,-0.11981783588351229,1.7759850877157366,0.46200482445806479,-0.119804300303577
19.379999999999999,9690,0.0068659927172649458,0.015000106480656554,0,0.19874053826164956,1.069453092648852e-05,2.8952872998872167e-05,8.1430397190982581e-07,2.3162298399097643e-05,2.9291017451865109,1.2185091647552504,-0.18197293454632063,0.044871987542695613,1.7759845813387796,0.46201321132213419,-0.11981443658122858,1.7759853039085323,0.46200913930489701,-0.11980457404806968
19.400000000000002,9700,0.0068667313278711548,0.015000160258684767,0,0.1987372195823606,7.4579825120384939e-06,2.7533372779140336e-05,8.5458413986730509e-07,2.3099271619960363e-05,2.9293772147546031,1.218533486929678,-0.18195192578746058,0.044860764013468682,1.7759858014624417,0.46201691162554454,-0.11981225074813512,1.7759858188477795,0.46201941663154122,-0.11980522606694261
19.420000000000002,9710,0.0068674738393158857,0.015000219218030127,0,0.19873239971291062,1.081327019599235e-05,2.7400681053666684e-05,9.0157419265898089e-07,2.3036072399968081e-05,2.9296550407187105,1.2185578072027898,-0.18193092213406187,0.044849539101276273,1.7759872703002897,0.46202842958075607,-0.11981121687606835,1.7759867551047919,0.46203810275654017,-0.1198064115606593
19.440000000000001,9720,0.0068682219087101929,0.015000272137231702,0,0.19872516990911632,1.7400646072993295e-05,2.6781832797798116e-05,9.4421760326163641e-07,2.2972699315936647e-05,2.9299361023486483,1.2185821308248121,-0.18190991221199052,0.044838316344864036,1.7759890883565999,0.46205041573349964,-0.11981130228603924,1.7759882295442557,0.46206753010368412,-0.11980827850392015
19.460000000000001,9730,0.0068689768483848421,0.015000317651387899,0,0.19871476375693228,2.4721663296429954e-05,2.6315071101596265e-05,9.8103764879066862e-07,2.2588727439225648e-05,2.930221126724093,1.2186064582635519,-0.18188889464957819,0.044827095134975126,1.7759913895198323,0.46208526891484886,-0.11981253757253649,1.7759903534103394,0.46210991892063402,-0.11981096775469605
19.48,9740,0.0068697396691677019,0.015000363451141046,0,0.19870052714600972,3.2217475783314873e-05,2.5896236867758488e-05,1.019998669468641e-06,2.2877310533063834e-05,2.9305107070268219,1.2186307850457525,-0.18186787726254783,0.044815873077412034,1.7759943304039216,0.4621351824883389,-0.1198149938945105,1.7759932324128052,0.46216737899754523,-0.11981461316326217
19.5,9750,0.0068705115073090552,0.015000409610130295,0,0.19868183633555048,3.9673210852134937e-05,2.5839879375781124e-05,1.0608793595592421e-06,2.3162298399097643e-05,2.930805472792787,1.2186551112534967,-0.18184686012242851,0.044804650279403564,1.7759980490378571,0.46220225754020899,-0.11981873753933714,1.7759969668131188,0.46224191138569093,-0.11981934168123161
19.52,9760,0.0068712934342554958,0.015000455882077606,0,0.19865812169726194,4.6977254441950495e-05,2.606457820835509e-05,1.1031833709671116e-06,2.2781522350186147e-05,2.9311060202898265,1.2186794371151943,-0.18182584297701887,0.044793426871270914,1.7760026657700394,0.46228846565854509,-0.11982384112326072,1.7760016515105612,0.46233541011608531,-0.11982527347058908
19.539999999999999,9770,0.0068720868450723588,0.015000485034446237,0,0.19862881485589376,5.3987736339086306e-05,2.6944641791599681e-05,1.1282377531476712e-06,2.2972699315936647e-05,2.9314130785681662,1.2187037729589019,-0.18180480833669696,0.044782204313195281,1.7760082098558518,0.46239572632690751,-0.11983035018653296,1.7760073761283379,0.46244966391810738,-0.11983252201272464
19.559999999999999,9780,0.0068728925466042153,0.015000500230286897,0,0.19859346866336802,6.0688728200901603e-05,2.8419250842508189e-05,1.1391939075920558e-06,2.3036072399968081e-05,2.9317271223570107,1.2187281166591037,-0.18178375941845973,0.044770982095050656,1.7760147888889932,0.46252573827887489,-0.11983835506534336,1.7760142250996904,0.46258635793812403,-0.11984119421746736
19.580000000000002,9790,0.0068737110479862255,0.015000515324054085,0,0.19855171391894053,6.7119137111537394e-05,2.9352931658318245e-05,1.1507435143210758e-06,2.3036072399968081e-05,2.9320484881780411,1.2187524599775303,-0.18176271028183746,0.044759759111554234,1.7760225624230486,0.46268004436442478,-0.11984796562204969,1.7760222777540062,0.46274707545811383,-0.11985139053211906
19.600000000000001,9800,0.0068745431452017147,0.015000530972028144,0,0.19850317986536375,7.3259501768217794e-05,3.0924996750400673e-05,1.1633152597022419e-06,2.2685329707937426e-05,2.9323776251476454,1.2187768027674553,-0.18174166158528121,0.044748535566896182,1.7760316257010711,0.46286014629740302,-0.11985926214185159,1.7760316084029302,0.46293329961429014,-0.11986320505048792
19.620000000000001,9810,0.0068753895957596681,0.015000547005500058,0,0.19844753633908807,7.9092131619766973e-05,3.2263156059818618e-05,1.1766380426257119e-06,2.2909150924997221e-05,2.9327149627559526,1.2188011452058229,-0.18172061315514812,0.044737311556562694,1.7760420503611187,0.4630674461654733,-0.11987231943837263,1.7760422864264744,0.46314641511572485,-0.11987672562192232
19.640000000000001,9820,0.0068762510998364307,0.015000563250695787,0,0.19838449828445179,8.4606308307714532e-05,3.4129594834629284e-05,1.1905036877858128e-06,2.2717439178655149e-05,2.9330608999225545,1.2188254874076951,-0.18169956481469546,0.044726087107270059,1.7760538989684307,0.46330324266741063,-0.11988720949309803,1.776054376359129,0.46338770996297152,-0.11989203396034438
19.66,9830,0.0068771283777806788,0.015000575498425215,0,0.19831381704997134,8.9787499948014817e-05,3.6282868779838532e-05,1.2006107790401418e-06,2.2909150924997221e-05,2.9334158429902772,1.2188498316699621,-0.18167851230064758,0.044714862021673768,1.776067193624727,0.4635687441079433,-0.11990399462403899,1.776067937975973,0.46365837716668912,-0.11990920575328377
19.68,9840,0.0068780219818005564,0.015000584558227413,0,0.19823529841760462,9.463660948251763e-05,3.8731599315436199e-05,1.2077946322694345e-06,2.2909150924997221e-05,2.9337801135558492,1.2188741774858716,-0.18165745643480108,0.044703636298556497,1.7760819967038257,0.46386504949435509,-0.11992274131474963,1.7760830263787841,0.46395951646626532,-0.11992831077091137
19.699999999999999,9850,0.0068789322889999741,0.015000598057329536,0,0.19814880448014824,9.9170542422179968e-05,4.0534022198421448e-05,1.2198448244844879e-06,2.2877310533063834e-05,2.9341539415161146,1.2188985206781802,-0.18163640494285754,0.044692410318592599,1.7760984262530639,0.46419314873567247,-0.11994352178910234,1.7760996920821506,0.46429213604843977,-0.11994941297507293
19.719999999999999,9860,0.0068798598235884243,0.015000615248643934,0,0.19805422226527239,0.00010338749331491433,4.2311354294881073e-05,1.2358811535132427e-06,2.2845425764212974e-05,2.9345376218432127,1.2189228618127235,-0.18161535706339957,0.04468118416991966,1.776116523053618,0.46455396200689708,-0.11996638956433647,1.7761179810995809,0.46465715426592802,-0.11997257062832284
19.740000000000002,9870,0.0068808051136153674,0.015000632389694108,0,0.19795147598212923,0.00010728098014545521,4.4379807843987665e-05,1.2520440718996457e-06,2.2877310533063834e-05,2.9349314506438398,1.2189472029634343,-0.18159430900474222,0.044669957695085138,1.7761362911459999,0.46494832694572358,-0.11999138837984356,1.7761379350296143,0.4650554013560444,-0.11999783640295776
19.760000000000002,9880,0.0068817685582673134,0.015000649060297178,0,0.19784054032172532,0.00011085383071358674,4.6763108505544697e-05,1.2679632731942363e-06,2.2717439178655149e-05,2.9353356593563538,1.2189715442779472,-0.18157326034367308,0.044658730822742028,1.7761577584468806,0.46537698485003876,-0.12001856270998727,1.7761595911419319,0.46548762115932568,-0.12002525749005036
19.780000000000001,9890,0.0068827505029913378,0.015000665171109135,0,0.1977214338778665,0.00011411065607811709,4.9356683288597462e-05,1.283555804682633e-06,2.262097403300073e-05,2.9357504482995069,1.2189958857786862,-0.18155221099047938,0.0446475035371416,1.7761809566988966,0.46584059037632114,-0.12004795306482471,1.776182982463467,0.46595447283815467,-0.120054875708483
19.800000000000001,9900,0.0068837510422564809,0.015000689483935724,0,0.19759424935938261,0.00011710148591392717,5.2408073102140766e-05,1.3086201723621728e-06,2.2781522350186147e-05,2.9361759042902822,1.2190202225436599,-0.18153116983675074,0.044636274339660061,1.7762059557883141,0.46633966774075108,-0.1200796140847295,1.7762081378645158,0.46645653259538361,-0.12008672761398144
19.82,9910,0.0068847705080026245,0.015000719757143611,0,0.19745907693571937,0.00011981271854482214,5.564613425041832e-05,1.3405399526118644e-06,2.3036072399968081e-05,2.9366122069582286,1.2190445559689393,-0.18151013460327825,0.044625043832592477,1.7762327735538694,0.46687472605800223,-0.12011356916512386,1.7762350821448474,0.46699429539295728,-0.12012084460814848
19.84,9920,0.0068858093084136311,0.015000748255943131,0,0.19731603122509489,0.00012220733029947068,5.9237372658725719e-05,1.3706787872297264e-06,2.3256518306983181e-05,2.9370595649346445,1.219068890371688,-0.18148909744171371,0.044613813300153682,1.7762613899810129,0.46744621977726702,-0.12014982578906497,1.7762638361198155,0.46756817667053696,-0.12015725304749776
19.859999999999999,9930,0.0068868676186161978,0.01500077448023511,0,0.19716529828564011,0.00012429237055758296,6.2866966034964212e-05,1.398613426757858e-06,2.2972699315936647e-05,2.9375180835422112,1.2190932258865779,-0.18146805784971876,0.044602582591264789,1.7762918118337605,0.46805447977386011,-0.12018840448750231,1.776294416706468,0.46817851406412336,-0.12019597435248738
19.879999999999999,9940,0.0068879451134449448,0.01500081605987039,0,0.19700715906995842,0.00012614981962483403,6.564625536592284e-05,1.4449676256070832e-06,2.2972699315936647e-05,2.937987657998137,1.2191175509284318,-0.18144703375145205,0.044591350135633617,1.77632409887943,0.46869968246956617,-0.12022935506450935,1.7763268370096581,0.46882556912468049,-0.1202370251165536
19.900000000000002,9950,0.006889042025636471,0.015000868282011151,0,0.19684185936748064,0.00012775812654841937,6.8568176888176007e-05,1.5040942584543814e-06,2.3036072399968081e-05,2.9384683975075365,1.2191418688621452,-0.18142602034827546,0.044580116527420423,1.776358258360808,0.46938203735653439,-0.1202726777707855,1.7763611064081546,0.46950952903675897,-0.12028041721514457
19.920000000000002,9960,0.0068901588080924128,0.015000915775944411,0,0.19666965458887928,0.00012905684601448355,7.1859141005968774e-05,1.5580318990813939e-06,2.2909150924997221e-05,2.9389604968588658,1.2191661897173822,-0.18140500201495929,0.044568883035907586,1.7763942519910345,0.47010172236774805,-0.12031834950632239,1.7763972306407529,0.47023050833711905,-0.120326157914754
19.940000000000001,9970,0.006891295473829437,0.015000957953024079,0,0.19649088757077349,0.00013005541984811533,7.5731214345990214e-05,1.6062813751210157e-06,2.3004407680670755e-05,2.9394639705309462,1.2191905135862151,-0.18138397816177659,0.044557649470866323,1.7764320686135606,0.47085877203629073,-0.12036637294099983,1.776435211892385,0.47098855063335471,-0.12037424998195488
19.960000000000001,9980,0.0068924519767025452,0.015000995104545001,0,0.19630594117518299,0.00013076810237839045,7.9707897918707637e-05,1.6492231328340567e-06,2.2781522350186147e-05,2.939978799538888,1.2192148401746996,-0.18136294908800737,0.044546415714267852,1.7764717077797256,0.47165314641036882,-0.12041674935467028,1.7764750488802308,0.4717836303225168,-0.12042469179243316
19.98,9990,0.0068936282356286188,0.015001027544910343,0,0.19611523131993305,0.00013120658517633155,8.4208227525114882e-05,1.6871960585537743e-06,2.2749503328951236e-05,2.9405049435996342,1.2192391692688005,-0.181341915113473,0.044535181728973965,1.7765131700256525,0.47248474057105899,-0.12046947505647541,1.7765167369398278,0.47261565430973634,-0.12047747744002144
20,10000,0.0068948241352853662,0.015001055565757667,0,0.19591920582394937,0.00013138078417447978,8.8849906160541354e-05,1.7204957006304614e-06,2.2426798989897964e-05,2.9410423425932937,1.2192635007018955,-0.18132087653378084,0.044523947510788642,1.7765564529860236,0.47335338563210705,-0.12052454151524165,1.7765602681111825,0.47348446372684833,-0.1205325968457327
20.02,10010,0.0068960395263423869,0.015001079435041011,0,0.19571834324696166,0.00013129962378901789,9.3845220882086676e-05,1.7493925321630915e-06,2.2426798989897964e-05,2.9415909171056005,1.2192878343302529,-0.18129983362019483,0.044512713065604642,1.7766015502813859,0.47425884968107784,-0.12058193569475739,1.776605631224881,0.47438983565101472,-0.12059003586679394
20.039999999999999,10020,0.0068972742261284815,0.015001099399018874,0,0.19551315134378217,0.00013097138025461015,9.8978844510410035e-05,1.7741390105117254e-06,2.2717439178655149e-05,2.9421505688757339,1.2193121700237282,-0.18127878662192459,0.044501478401521993,1.7766484514433862,0.47520083915111738,-0.1206416402873132,1.776652811988199,0.47533148482334825,-0.12064977640567998
20.059999999999999,10030,0.0068985280194672656,0.015001115684909354,0,0.19530416528896902,0.00013040385092591232,0.00010426530417042969,1.7949724276274674e-06,2.2588727439225648e-05,2.9427211812387339,1.2193365076623242,-0.18125773576888904,0.044490243526905462,1.7766971421512228,0.47617900036486677,-0.12070363389945166,1.7767017930712121,0.4763090653675357,-0.12071179651914699
20.080000000000002,10040,0.0068998006595644736,0.015001128503640852,0,0.19509194574804045,0.00012960446949602372,0.00010984852267449141,1.8121166336639507e-06,2.2491710265994076e-05,2.9433026195674343,1.2193608471346511,-0.18123668127450751,0.044479008450309457,1.7767476045221089,0.47719292113243955,-0.12076789121991403,1.7767525541929079,0.47732217250846148,-0.12077607052726638
20.100000000000001,10050,0.0069010918689172366,0.015001138052366192,0,0.19487707681784483,0.00012858039677112026,0.00011559729441631012,1.8257835070651412e-06,2.2394272795856101e-05,2.9438947317381072,1.2193851883369067,-0.18121562333823721,0.044467773180813963,1.7767998173784327,0.47824213237447921,-0.12083438317639404,1.7768050722072952,0.47837034429083053,-0.12084256912245833
20.120000000000001,10060,0.006902400681766228,0.015001173487263085,0,0.19466023561073267,0.00012741748538692735,0.00012201497802659626,1.8694761304642669e-06,2.2685329707937426e-05,2.9444970565932107,1.2194095148421253,-0.18119459156058332,0.044456532407963663,1.776853953267596,0.47932601862959529,-0.12090313216167377,1.776859321189515,0.47945306329779269,-0.12091125947852563
20.140000000000001,10070,0.0069037269510482243,0.015001229313917831,0,0.19444202053727852,0.00012608975880920963,0.00012896787173509122,1.9358748482230096e-06,2.2361699290911531e-05,2.9451094789034364,1.2194338307098944,-0.18117358032806069,0.044445288807905201,1.7769099689296688,0.48044403578725248,-0.12097408466881582,1.776915272521951,0.48056975836956534,-0.12098210535968723
20.16,10080,0.0069050709354782193,0.015001280106350271,0,0.194223002689632,0.0001245268161670902,0.00013581174663967191,1.9957300651554787e-06,2.2717439178655149e-05,2.9457320747460716,1.2194581502880586,-0.18115256382568756,0.044434047105819871,1.7769676394326752,0.48159564277673622,-0.12104714755937067,1.7769728949803409,0.48171980632205735,-0.12105506722961208
20.18,10090,0.0069064323164957043,0.015001322392986606,0,0.19400383240773095,0.00012273399182911106,0.00014254696433988015,2.0460263987542682e-06,2.2588727439225648e-05,2.9463646741082665,1.219482474587684,-0.18113153856383216,0.044422806360722093,1.7770268614336755,0.48278016412627506,-0.12112227237421068,1.777032154819886,0.48290253366549207,-0.12113010236045271
20.199999999999999,10100,0.0069078106887652656,0.015001355466385305,0,0.19378518082866031,0.00012072489173407179,0.00014938843230139902,2.0863778764222538e-06,2.2781522350186147e-05,2.9470070531224932,1.2195068035687133,-0.18111050384005059,0.044411565995818261,1.7770875881233557,0.48399686471588826,-0.12119941585212582,1.7770930158613618,0.48411721832303128,-0.12120716494187904
20.219999999999999,10110,0.0069092040933226547,0.015001435322637601,0,0.19356791625829184,0.0001187641179782785,0.00015615891089992238,2.1856640445894414e-06,2.2263692832568247e-05,2.9476584052886907,1.2195310979109617,-0.1810895166857161,0.044400317967724617,1.777149781667378,0.48524470210547227,-0.12127866359785591,1.7771554395772298,0.48536309134939809,-0.12128620619011193
20.240000000000002,10120,0.0069106125588740495,0.015001545414084293,0,0.19335263934662994,0.0001167534971086582,0.00016316684354146947,2.3235902757301331e-06,2.2556434745889217e-05,2.9483186494100506,1.2195553693619614,-0.18106856024969911,0.044389064325634935,1.7772134300610591,0.48652296360627134,-0.12135991050585418,1.7772193851777467,0.48663933864950104,-0.12136717445695704
20.260000000000002,10130,0.0069120369871271828,0.015001635536520265,0,0.19313985435362882,0.00011445716845815554,0.00017033586642665842,2.4384552343738986e-06,2.2329078268013787e-05,2.9489880234384152,1.2195796530264951,-0.18104758340336191,0.044377812098929513,1.7772785083597205,0.48783103609269302,-0.12144297642358169,1.7772848096970759,0.48794510269705643,-0.1214500153388384
20.280000000000001,10140,0.0069134768907999598,0.015001704518094246,0,0.19293025471317299,0.0001118909049282648,0.00017742887198259026,2.528838491157478e-06,2.2165253030559974e-05,2.9496662502416893,1.2196039495539408,-0.18102658495516327,0.044366561561319046,1.7773449678660316,0.48916800519391163,-0.12152780876290036,1.7773516680793975,0.48927948425321316,-0.12153467178583216
20.300000000000001,10150,0.0069149316674418804,0.015001754575273004,0,0.19272454745372322,0.00010909254055357558,0.00018437557679586229,2.5974534742432383e-06,2.2329078268013787e-05,2.9503530028990963,1.2196282573907045,-0.181005567161727,0.044355312399032794,1.7774127667441126,0.49053289350757567,-0.1216143639703292,1.7774199132650192,0.49064154408517524,-0.12162108421070029
20.32,10160,0.0069164007071108426,0.01500178770185577,0,0.19252342753359986,0.00010609064243836345,0.00019123005019472934,2.6466628856679083e-06,2.2132342465963256e-05,2.9510479462726984,1.2196525752804022,-0.1809845320489874,0.044344064405075219,1.7774818674397437,0.49192469465416283,-0.12170259160661166,1.7774894962764871,0.49203030468482556,-0.1217091905979243
20.34,10170,0.0069178833926350977,0.015001805604068014,0,0.19232757657080934,0.00010290652393214041,0.00019789508089279465,2.6784359107944297e-06,2.2426798989897964e-05,2.9517507383877657,1.2196769022331702,-0.18096348134780169,0.044332817484077372,1.777552232073762,0.49334237303344503,-0.12179243532993657,1.7775603663046957,0.49344475198734911,-0.12179892661273886
20.359999999999999,10180,0.0069193790953687067,0.015001809815765609,0,0.19213766227355372,9.9557377826420211e-05,0.00020447121290114082,2.694521158929235e-06,2.2099382890764463e-05,2.952461029596269,1.2197012373989784,-0.18094241661274685,0.044321571595678837,1.7776238200118786,0.49478486240928282,-0.12188383446330976,1.7776324707949989,0.49488383708985673,-0.12189022571016557
20.379999999999999,10190,0.0069208871739611499,0.015001801744554783,0,0.19195433669137044,9.6057771605955662e-05,0.00021081813431679793,2.6965200431227612e-06,2.2459278078588273e-05,2.9531784625215218,1.2197255800117612,-0.18092133926992854,0.044310326720811068,1.7776965870298049,0.49625106615813674,-0.12197672478739084,1.7777057555333207,0.49634647797000819,-0.1219830192440466
20.400000000000002,10200,0.0069224069746294846,0.015001782682151884,0,0.19177823396331412,9.2420382125841169e-05,0.00021698955777871382,2.6859065219320838e-06,2.2165253030559974e-05,2.9539026723517461,1.2197499293714882,-0.18090025062791812,0.044299082847296993,1.7777704852871379,0.49773985828599271,-0.12207103898892288,1.7777801647322653,0.49783156120463634,-0.12207723657607847
20.420000000000002,10210,0.0069239378318290828,0.015001753807735404,0,0.19160996794426552,8.8656485302153322e-05,0.00022292813033465551,2.6640330947492729e-06,2.1933842111273517e-05,2.954633287199163,1.2197742848381894,-0.18087915188129966,0.044287839964765346,1.7778454636521253,0.49925008468877557,-0.12216670700637526,1.7778556411172282,0.49933794368836898,-0.12217280518484562
20.440000000000001,10220,0.0069254790689537941,0.015001716193692836,0,0.19145012982300816,8.4776350065834938e-05,0.00022867112244136538,2.6321372737248046e-06,2.2165253030559974e-05,2.955369928443544,1.2197986458280183,-0.18085804411652179,0.044276598063322126,1.7779214681437501,0.50078056450747099,-0.12226365633523958,1.7779321260125067,0.50086445435225424,-0.12226965077485424
20.460000000000001,10230,0.0069270299990052001,0.015001670814495703,0,0.19129915999131861,8.0789568258776381e-05,0.00023421424778181119,2.591350897803257e-06,2.1699963539503996e-05,2.9561122110601983,1.2198230118088516,-0.18083692832087764,0.04426535713356667,1.7779984423763207,0.50233009155112607,-0.12236181230042213,1.7780095594274097,0.50240989588238305,-0.12236769738556588
20.48,10240,0.0069285899252520796,0.01500161855711493,0,0.19115050624020191,7.6705333341398407e-05,0.00023945268775789002,2.5427111454317114e-06,2.1933842111273517e-05,2.9568597439560556,1.2198473822953664,-0.18081580539303399,0.04425411716698506,1.7780763279548339,0.50389743578181934,-0.12246109829592669,1.7780878801423698,0.50397304643851226,-0.1224668675004312
20.5,10250,0.0069301581419065842,0.015001560231505154,0,0.19100090805942938,7.2532683914149003e-05,0.00024446269447241027,2.4871717905953105e-06,2.1598954627055457e-05,2.9576121303468068,1.2198717568440816,-0.18079467615363323,0.044242878156343861,1.7781550648036724,0.50548134485440011,-0.12256143599438293,1.7781670257950528,0.50555266137268895,-0.12256708215592362
20.52,10260,0.0069317339348325359,0.015001496580216945,0,0.19085894498507169,6.8280733081426214e-05,0.00024921417279827573,2.425613778988938e-06,2.1531352099333316e-05,2.9583689681474006,1.2198961350486592,-0.18077354135501522,0.044231640095944269,1.7782345914294,0.50708054570153072,-0.12266274553092603,1.7782469329664683,0.50714747494787304,-0.12266826105057303
20.539999999999999,10270,0.0069333154074003814,0.015001468495873851,0,0.19072789421360889,6.4339962435689557e-05,0.00025509407849169625,2.4168579736568211e-06,2.2000207897163392e-05,2.9591295161178635,1.2199204854120129,-0.18075244291719605,0.044220374564794641,1.7783145504160518,0.50869340727861057,-0.12276505119037809,1.7783275372670804,0.50875620205656125,-0.12277032265399954
20.559999999999999,10280,0.006934903499516267,0.015001419482138503,0,0.19060794670574704,6.0203146876438799e-05,0.00026010827517299788,2.3828296904298686e-06,2.1598954627055457e-05,2.9598938770387409,1.2199448489914071,-0.18073132301673692,0.044209117442814146,1.7783951853119671,0.51031911021700538,-0.12286810990226162,1.7784087734229188,0.51037753993941049,-0.12287318431594706
20.580000000000002,10290,0.0069364972300049116,0.01500135808547772,0,0.1904995374349891,5.5991587823917647e-05,0.00026466707621536356,2.3363998209246554e-06,2.1900583802360337e-05,2.9606615688948765,1.2199692191227716,-0.18071019042132164,0.044197861957486539,1.7784763565220256,0.51195623559600723,-0.12297186615820875,1.7784905753616891,0.51201016990386128,-0.12297676237531714
20.600000000000001,10300,0.0069380952035674156,0.015001306791601663,0,0.19040310561724136,5.1968390332398837e-05,0.00026966816007066254,2.3114977693761975e-06,2.1190104635059971e-05,2.9614319975457892,1.2199935775284969,-0.18068906821736547,0.044186591279244999,1.7785577978484008,0.5136032466225966,-0.12307629528573721,1.7785728762988828,0.51365275904276031,-0.12308097226920255
20.620000000000001,10310,0.006939697631481387,0.015001233386374536,0,0.19031884323890239,4.7873045491843799e-05,0.00027377793256050463,2.2633632366683033e-06,2.2132342465963256e-05,2.962205027643912,1.220017948137224,-0.18066792341234386,0.044175326519866727,1.7786396413727845,0.51525905527806837,-0.12318122758229207,1.778655608823889,0.51530396195298545,-0.12318572864192102
20.640000000000001,10320,0.0069413037867133241,0.015001138471112842,0,0.19024702549437583,4.3712816294724379e-05,0.0002770965741221062,2.1913853273562037e-06,2.206637408534863e-05,2.9629802146168545,1.2200423323773113,-0.18064675655481113,0.044164069577436703,1.7787219134269805,0.51692230001006478,-0.12328658158674986,1.7787387049861036,0.51696242245406843,-0.12329094545404901
20.66,10330,0.0069429128074719858,0.01500102683828811,0,0.19018790129478733,3.9542663559079972e-05,0.00027967831564851086,2.1007566281030285e-06,2.2000207897163392e-05,2.9637570762842116,1.2200667282536788,-0.18062557248739852,0.044152820280936922,1.7788045929582548,0.51859157299797776,-0.12339228757590223,1.7788220963810415,0.51862677530681811,-0.12339653609145523
20.68,10340,0.0069445238403751178,0.015000902740940243,0,0.19014167014302569,3.5426602718304339e-05,0.00028157449675881798,1.9964010301587486e-06,2.2165253030559974e-05,2.9645351407945113,1.2200911337073979,-0.18060437551685285,0.044141578254325867,1.7788876321005194,0.52026546644873595,-0.12349827117884994,1.7789057142364455,0.52029564793194383,-0.12350241347433455
20.699999999999999,10350,0.0069461360583987939,0.015000769340161937,0,0.19010848040918493,3.1443544995834862e-05,0.00028290456791502924,1.8822938207397431e-06,2.1933842111273517e-05,2.9653139506674946,1.2201155471112612,-0.18058316884744879,0.044130343101636389,1.7789709661212185,0.52194257667298005,-0.12360445272495965,1.7789894894983986,0.5219676621286794,-0.12360849016624151
20.719999999999999,10360,0.00694774865631666,0.01500062891758909,0,0.19008843076147575,2.770295054301211e-05,0.0002836533650086118,1.7617460100585472e-06,2.2165253030559974e-05,2.9660930593427257,1.2201399672137747,-0.18056195479484255,0.044119114407846126,1.7790545199958701,0.52362150257015971,-0.12371074896086505,1.7790733529174334,0.52364143579340616,-0.12371467848312412
20.740000000000002,10370,0.0069493608448623935,0.01500048314071273,0,0.19008157133915085,2.4365032561817288e-05,0.00028391536254009265,1.6377740781232901e-06,2.2000207897163392e-05,2.9668720277790914,1.2201643930270889,-0.18054073505420681,0.044107891738860858,1.7791382132175728,0.5253008449489952,-0.12381707444688191,1.7791572351346425,0.52531558463827677,-0.1238208906023576
20.760000000000002,10380,0.0069509718467297829,0.015000333263109542,0,0.1900879045380586,2.1660610078005129e-05,0.00028368420080654053,1.5134248994594984e-06,2.2230927998283902e-05,2.9676504221639268,1.2201888237440648,-0.18051951090246057,0.044096674652451984,1.779221963218965,0.52697920684036903,-0.1239233424791492,1.7792410667677907,0.52698872390983742,-0.12392703867177787
20.780000000000001,10390,0.0069525808941134108,0.015000180264265877,0,0.19010738564682142,1.9886741983211297e-05,0.00028298443097175797,1.3920724150151483e-06,2.2033315828455735e-05,2.9684278125259254,1.220213258683537,-0.18049828333934606,0.044085462712162987,1.7793056876317188,0.52865519435011299,-0.12402946571000568,1.7793247784974233,0.52865947010765346,-0.12403303491871552
20.800000000000001,10400,0.0069541872272748323,0.015000024946278067,0,0.19013992348117201,1.9328252565650924e-05,0.00028180480241672625,1.2777035430697624e-06,2.2491710265994076e-05,2.9692037719968072,1.2202376972536222,-0.18047705318494525,0.044074255498855394,1.779389305624435,0.53032741779970816,-0.12413535658380151,1.7794083011529791,0.53032644270293072,-0.12413879175902932
20.82,10410,0.0069557900938180548,0.014999867999600305,0,0.19018538108899327,2.0102111187727457e-05,0.00028021990452255046,1.1751640108909384e-06,2.2198114802541581e-05,2.9699778765227483,1.2202621389266284,-0.18045582114598135,0.04406305261823016,1.7794727385615521,0.53199449304637014,-0.12424092765016927,1.7794915657988986,0.53198826585714043,-0.12424422190613998
20.84,10420,0.0069573887484865636,0.014999710045852507,0,0.19024357656638285,2.2073722458573363e-05,0.00027818350951436748,1.0902397715782348e-06,2.2329078268013787e-05,2.9707497049280498,1.2202865832219685,-0.18043458785901328,0.044051853704550281,1.779555910200427,0.53365504292857691,-0.12434609179228905,1.7795745038207367,0.53364357014064168,-0.12434923848006384
20.859999999999999,10430,0.0069589824533472068,0.014999551663723824,0,0.19031428401120909,2.4958029962953746e-05,0.0002757464190966665,1.0293128034535783e-06,2.2329078268013787e-05,2.9715188391891285,1.2203110296948867,-0.18041335391660404,0.044040658421289965,1.779638746604415,0.53530769880159401,-0.12445076239725487,1.7796570470112718,0.53529099425130533,-0.12445375511644656
20.879999999999999,10440,0.0069605688969108541,0.014999455866194627,0,0.19039738771176229,2.7980151040109456e-05,0.00027323958143675572,1.0038222468908083e-06,2.206637408534863e-05,2.9722841798204787,1.2203354448061543,-0.18039218333456655,0.044029450043728359,1.7797215541480345,0.53695079441253024,-0.12455500860672201,1.7797391276566175,0.53692918673313761,-0.12455768607559685
20.900000000000002,10450,0.0069621474330471469,0.014999421237621505,0,0.19049254267551885,3.1031461580867205e-05,0.00027075530222649347,9.8761619964859947e-07,2.1933842111273517e-05,2.9730453366458458,1.2203598300617455,-0.18037107462864219,0.044018232482117864,1.7798042850678488,0.53858306098195985,-0.12465871747333192,1.7798206786223321,0.53855680769490333,-0.1246609463515201
20.920000000000002,10460,0.0069637185797108711,0.014999399523420793,0,0.19059926163289409,3.4446370290350393e-05,0.00026801422096648536,9.6776926462124591e-07,2.1933842111273517e-05,2.973802451220009,1.2203842108733287,-0.18034997878520553,0.044007018331150519,1.7798865272944537,0.54020343636804591,-0.12476166687075117,1.7799016334395301,0.54017253052874836,-0.12476345178095213
20.940000000000001,10470,0.0069652818663147381,0.014999380642766902,0,0.19071713595426296,3.8213524726187985e-05,0.00026492308715559283,9.4667473131833362e-07,2.2329078268013787e-05,2.9745552569475668,1.2204085912720317,-0.18032888563162897,0.043995806201218429,1.7799680465078125,0.54181062100439847,-0.12486375069988763,1.779981926390992,0.54177504362882545,-0.12486511915239289
20.960000000000001,10480,0.0069668366845775428,0.014999360692218083,0,0.19084574093217985,4.2239662730593385e-05,0.00026150851250272199,9.2655301381541307e-07,2.2099382890764463e-05,2.9753034075061793,1.2204329723706475,-0.18030779124660529,0.043984594820679762,1.7800487152105282,0.54340330091943456,-0.12496488609691618,1.780061492597276,0.5433630521099152,-0.12496586631514012
20.98,10490,0.0069683823937348784,0.014999338068218078,0,0.19098026099726856,4.6433261951957271e-05,0.00025774915921035951,9.088166733957229e-07,2.2394272795856101e-05,2.9760465307627015,1.2204573545524706,-0.18028669402210179,0.043973383577577685,1.7801284626875566,0.54498018274980276,-0.12506499545568484,1.7801402681028271,0.54493527952605114,-0.12506561228832308
21,10500,0.0069699183426669689,0.014999312394342119,0,0.19111344033840064,5.0722365240388159e-05,0.00025365556119418198,8.943076581362427e-07,2.2132342465963256e-05,2.9767842456407587,1.2204817378619202,-0.1802655935826116,0.043962172253540564,1.7802072449308564,0.54653999624469152,-0.12516400347761672,1.7802181899620895,0.54649046958914238,-0.12516427736993624
21.02,10510,0.0069714438803852143,0.014999283959464978,0,0.19125097434784483,5.5054000516975418e-05,0.00024918492196509027,8.8348319612092647e-07,2.2459278078588273e-05,2.9775161709164011,1.2205061221530484,-0.18024449022116334,0.04395096082035168,1.7802850278564073,0.54808149465599088,-0.12526183635770857,1.7802951963256148,0.54802738788759697,-0.12526178324587295
21.039999999999999,10520,0.0069729583632768839,0.014999253367360962,0,0.19139751593976212,5.9389877257828842e-05,0.00024443883921686102,8.765182735340367e-07,2.2588727439225648e-05,2.9782419306075241,1.2205305071844539,-0.18022338454744177,0.043939749327948252,1.7803617785942842,0.54960345600650395,-0.12535842132612243,1.7803712265261755,0.54954482360494616,-0.1253580530989592
21.059999999999999,10530,0.0069744611601212448,0.014999221322815622,0,0.19155250828483497,6.370220583082906e-05,0.00023937657195833887,8.7336826582820007e-07,2.2165253030559974e-05,2.9789611572053682,1.2205548926825891,-0.18020227727276678,0.043928537848188183,1.7804374615195426,0.55110468469592699,-0.12545368645283436,1.7804462211648728,0.55104159123846674,-0.12545301171798723
21.080000000000002,10540,0.0069759516553647236,0.014999188511729463,0,0.19171536989079871,6.7970432763397032e-05,0.00023408349747711959,8.7381968345281369e-07,2.2556434745889217e-05,2.979673493489869,1.2205792783796501,-0.18018116908946036,0.043917326448255689,1.7805120369715743,0.55258401311579075,-0.12554756067552361,1.7805201221972495,0.55251653231780562,-0.12554658560674931
21.100000000000001,10550,0.0069774292511797205,0.014999155542720737,0,0.19188549728264864,7.2178881940327977e-05,0.00022854357983428686,8.7753831927870248e-07,2.262097403300073e-05,2.9803785934695259,1.220603664032861,-0.18016006061205686,0.043906115179399678,1.7805854614012255,0.55404030322108122,-0.1256399739679257,1.7805928730193985,0.55396851712360184,-0.12563870309307135
21.120000000000001,10560,0.0069788933687600181,0.014999122926140722,0,0.19206226780876554,7.6315112731824218e-05,0.00022275476375145686,8.8411432518012739e-07,2.2781522350186147e-05,2.9810761228542719,1.2206280494317139,-0.18013895235616362,0.043894904073545099,1.7806576881822564,0.55547244808459151,-0.12573085757401828,1.7806644185540754,0.55539644640611163,-0.12572929443784667
21.140000000000001,10570,0.0069803434491821298,0.014999091073926052,0,0.19224504251671318,8.0368801970911514e-05,0.00021679126945335137,8.9310104714507044e-07,2.2845425764212974e-05,2.9817657592822391,1.2206524343982876,-0.18011784473830231,0.043883693143818202,1.7807286686435082,0.55687937346074912,-0.12582014425925658,1.7807347053368077,0.55679925310383094,-0.12581829194406971
21.16,10580,0.0069817789540485686,0.014999060309651762,0,0.19243316906251742,8.4330994779127481e-05,0.00021065556339566757,9.0404530990343473e-07,2.2845425764212974e-05,2.9824471924798162,1.2206768187840775,-0.18009673808602644,0.043872482386815556,1.7807983530827649,0.55826003937241642,-0.12590776855230812,1.7808036816020054,0.5581759040621187,-0.12590563006586963
21.18,10590,0.0069831993660448748,0.014999030882387873,0,0.19262598463075223,8.8193609838882491e-05,0.00020435353572250059,9.1650867249361104e-07,2.2524095754713237e-05,2.9831201244108647,1.2207012024655066,-0.18007563265186854,0.043861271785427279,1.7808666916509552,0.55961344172436589,-0.1259936669657272,1.780871297369073,0.55952540175182086,-0.12599124551754415
21.199999999999999,10600,0.0069846041894845723,0.014999002980809634,0,0.19282281885054126,9.1949117396785906e-05,0.00019798346308376222,9.3008066967033009e-07,2.2263692832568247e-05,2.9837842694752874,1.2207255853392782,-0.18005452862754701,0.043850061311593892,1.7809336350703102,0.56093861394174316,-0.126077778192655,1.7809375045285181,0.56084678598789339,-0.12607507738259302
21.219999999999999,10610,0.0069859912799014948,0.014999038183116133,0,0.19302312031976809,9.532150820419035e-05,0.0001920364501328578,8.922919882010552e-07,2.2781522350186147e-05,2.9844387157757777,1.220749926246911,-0.18003348874344108,0.043838841188269244,1.7809992167154636,0.56223435734962168,-0.12616019365504583,1.7810022569280635,0.56213913564802598,-0.12615706722275205
21.240000000000002,10620,0.0069873606316518287,0.014999120576863341,0,0.19322616097816589,9.8414919066335362e-05,0.00018631837162387801,8.1713265231974016e-07,2.2749503328951236e-05,2.9850833694237036,1.2207742362714413,-0.18001249677868225,0.043827614330550296,1.7810633849925535,0.56349989500106346,-0.12624079921399731,1.7810655104587572,0.56340157039126559,-0.12623715918702647
21.260000000000002,10630,0.0069887132548307257,0.014999197146715165,0,0.19343114862734992,0.00010147438736531441,0.00018027769681462324,7.4963873073276088e-07,2.3036072399968081e-05,2.9857185390816157,1.2207985506630541,-0.17999149873242071,0.043816388936378604,1.7811260068055004,0.5647346366418895,-0.12631939921556723,1.7811272231410831,0.56463325237663897,-0.12631530012072481
21.280000000000001,10640,0.0069900487808662965,0.01499926602418526,0,0.19363741295243142,0.00010448447647868492,0.00017393948745629247,6.9109432953918296e-07,2.3036072399968081e-05,2.9863440154329344,1.2208228700039894,-0.17997049272383078,0.04380516458028863,1.7811870009349646,0.56593777476046325,-0.12639594308975838,1.7811873552110715,0.5658333879817774,-0.12639143967449257
21.300000000000001,10650,0.006991366792777628,0.014999328137866285,0,0.19384430013760282,0.00010741147977035253,0.00016742237798043441,6.4049566698855384e-07,2.2459278078588273e-05,2.9869595662216937,1.2208471933596712,-0.17994947970995528,0.043793940763908266,1.7812463210283731,0.56710852980677562,-0.1264703956606803,1.7812458692064099,0.56700122952153953,-0.12646553041334596
21.32,10660,0.0069926669099445839,0.014999384307031774,0,0.1940511625384769,0.00011023121425198544,0.00016073181756656277,5.9688920158195722e-07,2.2845425764212974e-05,2.9875649741249841,1.2208715201013665,-0.17992846052852463,0.043782717251125237,1.7813039366854237,0.56824617916923037,-0.12654272115361703,1.781302730052553,0.5681360769666346,-0.12653752792570547
21.34,10670,0.0069939487854652595,0.014999435226738699,0,0.19425736202685456,0.00011292597988973169,0.00015395411537089682,5.5939614141385614e-07,2.2909150924997221e-05,2.988160038708858,1.2208958497838134,-0.17990743588714925,0.043771493934046994,1.7813598235948178,0.56935005564246455,-0.12661288409043209,1.7813579051488342,0.56923727966224613,-0.12660739093242968
21.359999999999999,10680,0.0069952121030511403,0.01499948152074866,0,0.19446227354478335,0.00011548150661838425,0.000147126777377736,5.2720830393471934e-07,2.2813496432377448e-05,2.9887445765346152,1.22092018204054,-0.17988640641965353,0.043760270750809072,1.7814139595104346,0.57041954615748547,-0.12668085059274459,1.7814113644545753,0.57030423804665575,-0.1266750813958489
21.379999999999999,10690,0.0069964565765589281,0.014999523752420349,0,0.19466528802072161,0.00011788563610411732,0.00014025294949402802,4.996056283709921e-07,2.3004407680670755e-05,2.9893184215047213,1.2209445165469681,-0.1798653726982547,0.043749047651474048,1.7814663230128844,0.57145409231399202,-0.12674658899429972,1.7814630805751981,0.57133640536986552,-0.1267405646287989
21.400000000000002,10700,0.0069976819504735509,0.014999562423732115,0,0.19486581499322531,0.00012012771498121549,0.00013342927946657042,4.7596778884140379e-07,2.2588727439225648e-05,2.989881425253011,1.2209688530104605,-0.179844335232965,0.043737824586412698,1.7815168934367756,0.57245319160294672,-0.12681007019613033,1.7815130288483338,0.57233328941222295,-0.12680380940365463
21.420000000000002,10710,0.0069988880005780445,0.014999597975545573,0,0.19506328508688042,0.00012219821384034079,0.00012659479707556059,4.5577462281680085e-07,2.3036072399968081e-05,2.9904334574772906,1.2209931911676146,-0.17982329447195733,0.043726601503448377,1.781565651225324,0.57341639881708295,-0.12687126796128892,1.7815611874299346,0.57329445420304259,-0.12686478806136378
21.440000000000001,10720,0.0070000737477635289,0.014999659123511257,0,0.19525719388611001,0.0001239450614710665,0.00012028213294561673,4.4738519229096176e-07,2.2909150924997221e-05,2.9909741312002245,1.2210175110767258,-0.179802279751265,0.04371536697122979,1.7816125541761962,0.57434318133646478,-0.12693022302951343,1.7816075373803835,0.57421952173923108,-0.12692347662048067
21.460000000000001,10730,0.0070012392858132023,0.014999736703727996,0,0.1954470004409245,0.00012542311374961581,0.00011442478133659868,4.6040631259884101e-07,2.2588727439225648e-05,2.9915034440376296,1.2210418189511738,-0.17978128171688937,0.043704124475070112,1.7816575878120486,0.57523327760000942,-0.12698688669531158,1.7816520627506054,0.57510817370390976,-0.12697985488619981
21.48,10740,0.007002385171786871,0.014999806063408493,0,0.1956321726984219,0.00012675943992584979,0.00010847966106033076,4.8504666293271031e-07,2.2940947124789083e-05,2.9920215618919097,1.221066131813149,-0.17976027518673962,0.043692883765187929,1.7817007560872336,0.57608656108555811,-0.12704118208263898,1.781694750668178,0.57596015318503868,-0.12703390655938968
21.5,10750,0.0070035112955223232,0.014999868052865328,0,0.19581225096667232,0.00012793892366739278,0.00010258792931320904,5.1575353023673225e-07,2.2972699315936647e-05,2.9925284224064548,1.2210904491253607,-0.17973926102685156,0.043681644584026368,1.781742050832658,0.57690282294597151,-0.12709310067444041,1.7817355914234412,0.57677526639403898,-0.12708561934562632
21.52,10760,0.0070046175657558418,0.014999923950809894,0,0.1959865036588159,0.00012893962104305797,9.6819587821763374e-05,5.4925333157504091e-07,2.3162298399097643e-05,2.9930239771627116,1.2211147700485045,-0.17971824054099969,0.043670406525387624,1.7817814656562803,0.57768191211521591,-0.12714264118171367,1.7817745785556089,0.57755338438441783,-0.12713498506422716
21.539999999999999,10770,0.0070057039407567731,0.014999974553527211,0,0.19615275630057777,0.00012974565500592047,9.1277946340599864e-05,5.8344686554101472e-07,2.3225154141253322e-05,2.9935082032445162,1.2211390940681546,-0.17969721454067802,0.043659169359419742,1.7818189972912613,0.5784237502734989,-0.1271898037164248,1.781811708938879,0.57829444477039016,-0.12718199975728464
21.559999999999999,10780,0.007006770421962915,0.015000020418017681,0,0.19631073213301331,0.00013034470420620413,8.5905073428633899e-05,6.1701476522374891e-07,2.2459278078588273e-05,2.9939811010836221,1.2211634208270254,-0.17967618359334336,0.043647932935382529,1.7818546456287456,0.57912833101433758,-0.12723459103873422,1.7818469828685444,0.57899845344550394,-0.12722666379869987
21.580000000000002,10790,0.0070078170506915087,0.015000061992502608,0,0.19646178965675815,0.00013072620187012666,8.062625339989438e-05,6.4917148906769359e-07,2.2781522350186147e-05,2.9944426933672048,1.221187750036391,-0.1796551481556391,0.043636697132712322,1.7818884138187161,0.57979571972338328,-0.12727700950461326,1.7818804041471026,0.57966548630126224,-0.12726898200321646
21.600000000000001,10800,0.0070088436117351416,0.015000109319614867,0,0.19660623105162064,0.0001308404595604341,7.5132080870145648e-05,6.9123510316960915e-07,2.2972699315936647e-05,2.9948929300343758,1.221212073075685,-0.17963411852010452,0.043625459404915197,1.78192026608419,0.5804260158608866,-0.12731708691118174,1.7819119801703678,0.58029569094574673,-0.12730896373545403
21.620000000000001,10810,0.0070098503253002665,0.015000158868003027,0,0.19674379543731535,0.00013069641654011682,6.9727751708739734e-05,7.3932314737467768e-07,2.2685329707937426e-05,2.9953319124786462,1.2212363927492349,-0.17961309107664408,0.043614220343662018,1.7819502199539903,0.58101944988195542,-0.12735482867007433,1.78194172201358,0.58088928842224208,-0.12734662301894209
21.640000000000001,10820,0.0070108376033798979,0.015000202371686516,0,0.19687425648404716,0.00013032393686095305,6.4515014507346308e-05,7.8273134496593501e-07,2.3225154141253322e-05,2.9957598104552647,1.2212607162227895,-0.17959205735182904,0.043602981980211335,1.7819783288540605,0.58157634666743896,-0.12739023736321492,1.781969644517517,0.58144657492785856,-0.12738197864515366
21.66,10830,0.0070118056304540191,0.015000240807531116,0,0.19699743915535833,0.00012971337653139184,5.9593155873579232e-05,8.217605148892707e-07,2.2717439178655149e-05,2.9961767287907897,1.2212850429536251,-0.17957101833700206,0.043591744264600697,1.7820046185295824,0.58209706903587177,-0.12742333910440615,1.7819957663746036,0.58196792353215587,-0.12741505428253888
21.68,10840,0.0070127546335820024,0.015000274965226431,0,0.19711320799962442,0.00012885331726002224,5.507998116610668e-05,8.5689998607134151e-07,2.2845425764212974e-05,2.9965827986905507,1.2213093724118036,-0.17954997483683938,0.043580507068201504,1.7820291103550709,0.58258205713701028,-0.12745416493082282,1.7820201102150233,0.58245378589576657,-0.12744587858555886
21.699999999999999,10850,0.0070136848899071003,0.01500030532514054,0,0.19722146701998122,0.00012773415016518964,5.0711567328482447e-05,8.8846055041382047e-07,2.265317472408141e-05,2.9969781788484005,1.2213337042624384,-0.17952892734139608,0.043569270282903728,1.7820518282269537,0.58303183342773102,-0.12748274973771731,1.7820427026928278,0.5829046939890189,-0.12747448530371933
21.719999999999999,10860,0.0070145967229669742,0.015000332238142615,0,0.19732216048928691,0.00012634738759109289,4.6716321992074074e-05,9.1669013615727639e-07,2.2781522350186147e-05,2.9973630537672635,1.2213580382574789,-0.17950787620879999,0.043558033816850798,1.7820728003830171,0.58344700354767021,-0.12750913302027489,1.7820635745720494,0.58332126181056132,-0.12750091339060421
21.740000000000002,10870,0.0070154905014795758,0.015000356000832507,0,0.19741527337502335,0.00012468515173508162,4.3062704198667391e-05,9.4182361732186049e-07,2.2394272795856101e-05,2.9977376333955239,1.2213823741873284,-0.17948682174180736,0.04354679758917384,1.7820920597836793,0.58382825748002742,-0.12753335932052282,1.7820827608128094,0.58370418710598515,-0.12752520711290954
21.760000000000002,10880,0.0070163665465853764,0.015000379235457113,0,0.19750083302402818,0.00012271341946686667,3.9808197653993557e-05,9.6801314594559796e-07,2.2524095754713237e-05,2.998102131673376,1.2214067094561121,-0.17946576664868075,0.043535559527461888,1.782109605629985,0.5841763469126221,-0.12755548451824406,1.7821003006574301,0.58405425308644809,-0.12754741615947696
21.780000000000001,10890,0.0070172253199639791,0.015000401144014028,0,0.19757890298766365,0.00012043443777318075,3.6702337845625047e-05,9.9464679458792059e-07,2.2717439178655149e-05,2.9984568162871965,1.2214310440709546,-0.17944471013141899,0.043524319749989798,1.78212546381492,0.58449214635240332,-0.12757555878395835,1.7821162377165447,0.58437233014729772,-0.1275675957503275
21.800000000000001,10900,0.0070180674026842377,0.015000419558019853,0,0.19764958920182485,0.0001178677562499255,3.3915345417602314e-05,1.0179475501593012e-06,2.2845425764212974e-05,2.9988019882262069,1.2214553803911341,-0.17942364994344459,0.04351308010069465,1.7821397284851908,0.58477663169504168,-0.12759363736141138,1.7821306200552087,0.58465937758669506,-0.12758580674569528
21.82,10910,0.0070188933810779357,0.015000434711299667,0,0.19771304253777056,0.00011501033359938747,3.129985888245142e-05,1.0368833811946502e-06,2.2877310533063834e-05,2.9991379570785681,1.2214797195964597,-0.17940258627913566,0.043501841360206503,1.7821525086184822,0.58503084516943293,-0.12760979052372537,1.7821435002790096,0.58491644532423837,-0.12760211575506125
21.84,10920,0.0070197039281312008,0.015000445498278637,0,0.19776944966546037,0.00011187528235557701,2.9028303972554502e-05,1.0491876822749459e-06,2.2877310533063834e-05,2.9994650829613061,1.2215040630656617,-0.17938151798300184,0.043490605110435905,1.7821638880791411,0.58525594021802585,-0.12762408666892153,1.7821549356201782,0.58514467561958561,-0.12761659524618676
21.859999999999999,10930,0.0070204996504334141,0.015000453624466717,0,0.19781903736399722,0.00010844074065169225,2.6618028002480006e-05,1.0576185932202998e-06,2.265317472408141e-05,2.9997837323836811,1.2215284089404017,-0.17936044681879856,0.043479370318006888,1.7821738905486755,0.58545313379836261,-0.12763660681763003,1.7821649880236985,0.58534530479107882,-0.12762932365414742
21.879999999999999,10940,0.0070212811893523011,0.01500046088866887,0,0.19786207107166703,0.00010467590316490477,2.4358747163462139e-05,1.065304579863121e-06,2.2940947124789083e-05,3.0000942964202171,1.221552755264018,-0.17933937465156571,0.043468135273739328,1.7821825407364487,0.58562373005798651,-0.12764743985240887,1.782173724233419,0.58551966493436725,-0.1276403854903666
21.900000000000002,10950,0.0070220493105473828,0.015000466906702949,0,0.19789885244119937,0.00010057457589001213,2.2813496432377448e-05,1.0719465378500431e-06,2.3067693653563172e-05,3.0003972117493296,1.2215771021533988,-0.17931830109486074,0.043456899879239085,1.7821899021576479,0.58576915317276446,-0.12765667486719734,1.7821812158781625,0.58566918564103021,-0.12764987145164935
21.920000000000002,10960,0.0070228048266147364,0.015000471598774311,0,0.19792972099053466,9.6132376831915654e-05,2.0947924057011411e-05,1.0774664011645097e-06,2.2556434745889217e-05,3.000692940420572,1.2216014496371859,-0.1792972260682569,0.043445664125152154,1.7821960526104015,0.58589092754277006,-0.12766440785651867,1.7821875395578377,0.58579539571720196,-0.1276578785292159
21.940000000000001,10970,0.0070235485989178217,0.015000475047696459,0,0.19795505287242984,9.1344255919818254e-05,1.9318692315611825e-05,1.0819462649869874e-06,2.2845425764212974e-05,3.0009819728509246,1.2216257976666387,-0.17927614965598448,0.043434428001011577,1.7822010766854985,0.58599067760601253,-0.12767074180210825,1.7821927769295487,0.58589992490219278,-0.12766451011773541
21.960000000000001,10980,0.0070242815412899567,0.01500047737819841,0,0.19797525967569984,8.6204742363258895e-05,1.8070981951380476e-05,1.085514139479251e-06,2.2588727439225648e-05,3.00126482997279,1.2216501461714526,-0.17925507198479013,0.043423191492452794,1.7822050639165039,0.58607012998852304,-0.12767578637914631,1.7821970147937063,0.58598450558711512,-0.12766987612435982
21.98,10990,0.007025004622044596,0.015000478716151518,0,0.19799078742837262,8.0708184791571355e-05,1.7245382313122805e-05,1.0883024075615815e-06,2.2909150924997221e-05,3.0015420642826007,1.2216744950803682,-0.17923399318260208,0.04341195458330465,1.7822081085546715,0.58613111549506414,-0.1276796579127725,1.7822003451801387,0.58605097453350596,-0.12767409307775737
22,11000,0.007025718865208988,0.015000479179213433,0,0.19800211569278625,7.4848857652805612e-05,1.5926940848252804e-05,1.0904370932458934e-06,2.265317472408141e-05,3.0018142604973472,1.2216988443264951,-0.17921291336901959,0.043400717257153797,1.7822103097162825,0.5861755709166635,-0.12768247945515457,1.7822028654342015,0.58610127459194905,-0.1276772842371463
22.02,11010,0.0070264254608660946,0.015000475655175757,0,0.19800975374163027,6.8637445937256401e-05,1.5415284529485704e-05,1.0875100694574619e-06,2.2749503328951236e-05,3.0020820682779981,1.2217231968551538,-0.17919182934355959,0.043389480500234605,1.7822117949228489,0.58620555530126872,-0.12768437502930102,1.7822046783028886,0.58613745642069959,-0.12767957970132868
22.039999999999999,11020,0.0070271255006270203,0.015000470134555214,0,0.1980142481615714,6.2059294451653743e-05,1.5462498375200197e-05,1.0820906085329957e-06,2.3036072399968081e-05,3.0023461234674302,1.2217475510384868,-0.17917074314418435,0.04337824388500619,1.7822126657273452,0.58622321379830666,-0.12768548569830857,1.7822058920209427,0.5861616802043077,-0.12768111651772393
22.059999999999999,11030,0.0070278202750735791,0.015000459524054479,0,0.1980161698368206,5.5130089818385974e-05,1.4886052178675807e-05,1.0702722872506736e-06,2.3004407680670755e-05,3.0026071438303621,1.2217719086118826,-0.17914965161230298,0.04336700954309073,1.7822130343675084,0.58623083346227145,-0.12768594653949786,1.7822066203969662,0.58617621737224213,-0.12768203879140269
22.080000000000002,11040,0.0070285109479923244,0.015000447416570832,0,0.19801612938501864,4.7820125422053744e-05,1.4337297576862813e-05,1.0568409056839069e-06,2.265317472408141e-05,3.0028658193713862,1.22179626692665,-0.17912855842768807,0.043355775667259136,1.782213006529505,0.58623076807880903,-0.12768591817571104,1.7822069828995313,0.58618345231751223,-0.12768249779412041
22.100000000000001,11050,0.0070291988773147438,0.015000432800653836,0,0.19801475819042413,4.0124585169606907e-05,1.4028932551663055e-05,1.0412333068246319e-06,2.2717439178655149e-05,3.003122923593192,1.221820626630119,-0.17910746257390764,0.043344540749750637,1.7822126980838993,0.58622551081472229,-0.1276855540671874,1.782207104743291,0.58618588411529315,-0.12768265207335111
22.120000000000001,11060,0.0070298854819734052,0.015000414873898481,0,0.19801272310061005,3.2058651367338536e-05,1.4183953086968166e-05,1.0220557994584595e-06,2.3067693653563172e-05,3.0033792597521192,1.2218449879171083,-0.17908636322248517,0.043333307076023946,1.7822122358331143,0.58621768619992431,-0.12768501774154697,1.7822071169982419,0.58618612637801082,-0.12768266565782613
22.140000000000001,11070,0.0070305714753675103,0.015000421492574322,0,0.19801076113346328,2.3903928275998245e-05,1.3819533748532954e-05,1.0313901382226627e-06,2.3193747562800386e-05,3.0036354013277449,1.2218693358440074,-0.17906528874999139,0.043322062531885593,1.7822117053884916,0.58620982036764624,-0.12768456369919082,1.7822071612297659,0.58618646477334768,-0.1276822692224617
22.16,11080,0.0070312582293343296,0.015000442636483062,0,0.1980086848172021,1.6699444496676002e-05,1.1952831047522336e-05,1.0610374751164759e-06,2.2394272795856101e-05,3.0038920006220993,1.22189367148046,-0.17904422906802744,0.043310810936384364,1.7822112920821884,0.58620410470973339,-0.12768357047284223,1.7822073903751279,0.58618821786062314,-0.1276802154536382
22.18,11090,0.0070319468342767378,0.015000464387447126,0,0.19800529029494018,1.1254180097285268e-05,1.1518036199983983e-05,1.0941296091224407e-06,2.2588727439225648e-05,3.0041494089560499,1.2219180031621113,-0.17902316997120332,0.04329955883604529,1.7822112242357837,0.58620185195430874,-0.12768055361672923,1.7822079537783957,0.58619252820359313,-0.12767516582026606
22.199999999999999,11100,0.007032637702456896,0.015000494022373526,0,0.19799919922059839,9.1994306157672883e-06,1.1000103948581645e-05,1.1361632972062963e-06,2.2845425764212974e-05,3.0044076930793926,1.2219423309772117,-0.17900211876760766,0.043288303137560692,1.7822116767344827,0.58620390924846055,-0.1276739421702579,1.7822089952991573,0.58620049640674254,-0.12766583094718995
22.219999999999999,11110,0.0070333313909681297,0.015000531823462036,0,0.19798914602616885,1.166973216945254e-05,9.4302381498091919e-06,1.1872029319364821e-06,2.2588727439225648e-05,3.0046669944366515,1.2219666548670891,-0.17898107573626382,0.04327704443885786,1.7822127976120039,0.5862111896628065,-0.1276622667882347,1.7822106533790769,0.58621318162447711,-0.12765097001866263
22.240000000000002,11120,0.0070340289674318442,0.015000557099244347,0,0.19797395647476429,1.6353158415781599e-05,9.3526217011086895e-06,1.2214453213346367e-06,2.265317472408141e-05,3.004927645652772,1.221990986248422,-0.17896001975031814,0.043265796007381389,1.7822147236340293,0.58622471541405941,-0.12764412910187745,1.7822130611084506,0.58623160207031488,-0.12762939018181896
22.260000000000002,11130,0.0070347309173476574,0.015000571681996521,0,0.19795257329577451,2.1601268521432339e-05,9.3526217011086895e-06,1.2413767274284107e-06,2.2717439178655149e-05,3.0051897911841321,1.2220153239730223,-0.17893895268645343,0.043254556282548116,1.7822175679675103,0.58624537160911683,-0.12761827580840984,1.7822163462927638,0.5862567355260786,-0.12759994595014976
22.280000000000001,11140,0.0070354374117653027,0.015000589674816918,0,0.19792402501649831,2.6970549655607322e-05,8.7068169648562888e-06,1.2649140729679947e-06,2.2845425764212974e-05,3.0054534735715874,1.2220396600537118,-0.17891788895349559,0.043243315832802179,1.782221434929006,0.58627396275672183,-0.12758355546180095,1.7822206315192461,0.58628951985108702,-0.12756153860697569
22.300000000000001,11150,0.0070361489740363809,0.015000610650476856,0,0.19788738409396101,3.2294488592626928e-05,8.7068169648562888e-06,1.2917249164416466e-06,2.2524095754713237e-05,3.0057188578869787,1.2220639946421634,-0.17889682812094038,0.043232074570445152,1.7822264355255739,0.58631134575532995,-0.12753884926753281,1.7822260342234291,0.58633085349134706,-0.12751311560892128
22.32,11160,0.007036866122176938,0.015000633762236966,0,0.19784177973673633,3.7499459895799097e-05,7.8249647206127635e-06,1.3208978451408002e-06,2.2588727439225648e-05,3.0059861099506859,1.222088328187152,-0.178875769328177,0.043220832688243095,1.7822326789101,0.58635835438664607,-0.12748309850067627,1.7822326667557011,0.5863815959887454,-0.12745366998938867
22.34,11170,0.0070375893471428088,0.015000658443196009,0,0.19778639564259468,4.2549856984334288e-05,7.2445096183544052e-06,1.3518311287685187e-06,2.3036072399968081e-05,3.0062553881852692,1.2221126609986028,-0.17885471199921787,0.04320959026577309,1.7822402706014664,0.58641578917307169,-0.1274153037100382,1.7822406364478647,0.58644256849024035,-0.12738223976203164
22.359999999999999,11180,0.0070383195213547141,0.015000669999722405,0,0.19772043976040773,4.7346821901921674e-05,5.6632936810203177e-06,1.3665215068882611e-06,2.2263692832568247e-05,3.0065269976608282,1.2221370049623823,-0.17883364111771513,0.043198347543971255,1.7822493061157265,0.58648449231408717,-0.12733447854480542,1.7822500456796921,0.58651455425705401,-0.12729790732422952
22.379999999999999,11190,0.0070390569689692617,0.015000671646207898,0,0.19764320405667976,5.1909988364985999e-05,4.8296730789029342e-06,1.3690200101799539e-06,2.2717439178655149e-05,3.0068010387388129,1.2221613572580037,-0.17881255997346088,0.043187104479332723,1.7822598805230678,0.58656516815328164,-0.12723974566403107,1.7822609919454819,0.58659829917386352,-0.12719979886056104
22.400000000000002,11200,0.0070398017606001975,0.015000675001357221,0,0.19755404063008666,5.6306806615287719e-05,4.517745487845102e-06,1.3736504797654621e-06,2.2717439178655149e-05,3.0070775168580646,1.2221857083430834,-0.17879148044427629,0.043175860897138811,1.7822720914961918,0.58665844721192162,-0.12713029935797099,1.7822735679206154,0.58669451225799341,-0.12708708374627831
22.420000000000002,11210,0.0070405542947488443,0.015000679975522187,0,0.19745232102280871,6.0532231207860416e-05,6.6133022267264147e-06,1.3802614319423069e-06,2.2329078268013787e-05,3.0073565625635879,1.22221005833658,-0.17877040243733933,0.043164616825447623,1.7822860305521089,0.58676499667718662,-0.12700534162463428,1.7822878615281121,0.58680386616860702,-0.12695897395078065
22.440000000000001,11220,0.0070413149591896989,0.015000686143712751,0,0.19733745786597889,6.4578303541725193e-05,8.0091067314007856e-06,1.3883272086784288e-06,2.2296409518597789e-05,3.0076383047831645,1.2222344075750522,-0.17874932551819889,0.043153372305417645,1.7823017817797797,0.58688545360589595,-0.12686411693212032,1.7823039560051874,0.58692699771589851,-0.12681472344108863
22.460000000000001,11230,0.0070420841150856768,0.015000693233032015,0,0.19720890646421851,6.844087255878437e-05,1.0029569411827041e-05,1.39752791940179e-06,2.2685329707937426e-05,3.0079228640538633,1.2222587562481828,-0.17872824940850596,0.043142127368355626,1.7823194233947355,0.58702041832297958,-0.12670591465682349,1.7823219299698077,0.58706450837028479,-0.12665362758531781
22.48,11240,0.0070428620999591785,0.015000701048749624,0,0.19706616385114706,7.2118180364611758e-05,1.2835032264144346e-05,1.4076453201702191e-06,2.2877310533063834e-05,3.0082103533168403,1.2222831044768441,-0.1787071739100245,0.043130882038136455,1.7823390286631315,0.5871704556843218,-0.12653006739691045,1.7823418574872463,0.58721696477159724,-0.12647502255615278
22.5,11250,0.0070436492295808759,0.01500070943008836,0,0.1969087680293139,7.560978493838839e-05,1.4886052178675807e-05,1.4185032018043142e-06,2.2588727439225648e-05,3.0085008784839635,1.2223074523551305,-0.17868609885924502,0.043119636334799108,1.7823606662920553,0.58733609616021676,-0.12633594952395227,1.7823638081366413,0.58738489923827353,-0.12627828473432107
22.52,11260,0.0070444457987992011,0.01500071823374814,0,0.19673629670492854,7.8916086628916308e-05,1.7827317112193689e-05,1.4299455184427871e-06,2.2781522350186147e-05,3.0087945386664297,1.2223317999653425,-0.17866502411047458,0.043108390276301305,1.7823844005934166,0.5875178364662651,-0.12612297611061266,1.7823878470775507,0.58756881027654917,-0.12606283011206695
22.539999999999999,11270,0.00704525208197851,0.015000727328445655,0,0.19654836631922423,8.2038094620106471e-05,2.0561592220437957e-05,1.4418293723686683e-06,2.2588727439225648e-05,3.0090914262855653,1.2223561473826086,-0.17864394953024065,0.043097143879162053,1.7824102915729632,0.58771614005761996,-0.12589060203893798,1.7824140351165088,0.58776916308964999,-0.1258281136966255
22.559999999999999,11280,0.0070460683333257125,0.015000736593158729,0,0.19634463439464322,8.4977275629846905e-05,2.3722005120437366e-05,1.4540229361360893e-06,2.2909150924997221e-05,3.0093916271574788,1.2223804946761474,-0.17862287499549687,0.043085897158677312,1.7824383949988734,0.58793143761123678,-0.12563832119642315,1.7824424287735823,0.58798639008698328,-0.12557362891369639
22.580000000000002,11290,0.0070468947871931845,0.015000745916438279,0,0.19612479793485174,8.7735440745424884e-05,2.6700056018199894e-05,1.4664047596136903e-06,2.2972699315936647e-05,3.0096952205758041,1.2224048419096232,-0.17860180039292514,0.043074650129027753,1.7824687624662883,0.58816412751942282,-0.12536566572623897,1.782473080348927,0.58822089139333023,-0.12529890701091778
22.600000000000001,11300,0.0070477316583809095,0.015000755195968241,0,0.19588859309253778,9.0314658513658333e-05,2.9476836521720566e-05,1.4788633742503866e-06,2.2940947124789083e-05,3.0100022793983547,1.2224291891413275,-0.17858072561848834,0.043063402803370815,1.7825014414619589,0.58841457639262551,-0.12507220531663327,1.7825060379893443,0.58847303535803719,-0.1250035164613405
22.620000000000001,11310,0.0070485791424420956,0.015000764338136706,0,0.19563579490214916,9.271718881247023e-05,3.2867513271436206e-05,1.491296881756879e-06,2.3225154141253322e-05,3.0103128701352686,1.2224535364243982,-0.17855965057699669,0.043052155193942135,1.7825364754298076,0.58868311956711616,-0.12475754651990346,1.7825413457548365,0.58874315906420771,-0.12468706236690157
22.640000000000001,11320,0.0070494374159919999,0.015000773257578067,0,0.19536621700572954,9.4945433173320977e-05,3.6020749596310496e-05,1.5036124912034963e-06,2.2685329707937426e-05,3.0106270530483306,1.2224778838070851,-0.1785385751816434,0.043040907312160329,1.7825739038373163,0.58897006161482923,-0.12442133209364574,1.7825790436851638,0.58903156883789465,-0.1243491858618983
22.66,11330,0.0070503066370190635,0.015000781876706226,0,0.19507971136500332,9.7001897810782264e-05,3.9440276658487909e-05,1.5157260274106865e-06,2.265317472408141e-05,3.0109448822430656,1.2225022313330465,-0.17851749935352645,0.043029659168731478,1.782613762242536,0.58927567685399673,-0.12406324035863191,1.7826191678664005,0.58933854075729142,-0.1239895635164623
22.68,11340,0.0070511869451976043,0.015000790125263116,0,0.19477616795440414,9.8889166271641266e-05,4.3130359706524551e-05,1.527561441778548e-06,2.3130806476445511e-05,3.0112664057691099,1.2225265790416515,-0.1784964230211909,0.04301841077375209,1.7826560823614761,0.58960020985992745,-0.12368298456895922,1.7826617504974913,0.58966432116192458,-0.12360790674003319
22.699999999999999,11350,0.0070520784622017029,0.015000797939887813,0,0.19445551443104092,0.00010060987929054703,4.6591328264416356e-05,1.5390503378295368e-06,2.3036072399968081e-05,3.0115916657191617,1.2225509269682786,-0.17847534612018781,0.04300716213680654,1.7827008921356724,0.58994387597567222,-0.12328031229124588,1.7827068199568072,0.59000912716184484,-0.12320396118483269
22.719999999999999,11360,0.0070529812920201119,0.015000805263717569,0,0.19411771577849407,0.00010216671998580258,5.0191434939646549e-05,1.5501315259357394e-06,2.3193747562800386e-05,3.0119206983274913,1.2225752751445966,-0.17845426859266808,0.042995913267054153,1.7827482157997911,0.59030686182246828,-0.12285500479042899,1.7827544008687017,0.59037314714681943,-0.12277750614933838
22.740000000000002,11370,0.0070538955212722096,0.015000812046028518,0,0.19376277392208668,0.00010356240298751559,5.418604783916364e-05,1.5607506123951162e-06,2.2813496432377448e-05,3.0122535340742975,1.2225996235988283,-0.17843319038701483,0.042984664173314084,1.7827980739491449,0.59068932580996247,-0.12240687642038361,1.7828045141700681,0.5907565412955238,-0.12232835398175768
22.760000000000002,11380,0.0070548212195250511,0.015000818241904669,0,0.19339072731381016,0.00010479966645911624,5.7956076946837667e-05,1.5708596214690934e-06,2.2588727439225648e-05,3.0125901977838119,1.2226239723559864,-0.17841211145750518,0.042973414864140656,1.7828504836070536,0.59109139864622373,-0.1219357740180522,1.7828571771768946,0.59115944208473326,-0.12185634948350194
22.780000000000001,11390,0.0070557584396116479,0.015000823811932682,0,0.1930016504854683,0.00010588126621938905,6.1779240386889206e-05,1.5804166469557608e-06,2.2717439178655149e-05,3.0129307087311501,1.2226483214380872,-0.17839103176399951,0.0429621653478909,1.7829054582919839,0.59151318384758145,-0.12144157630010204,1.7829124036508208,0.59158195479851505,-0.12136136931265995
22.800000000000001,11400,0.0070567072179505844,0.01500082872193636,0,0.1925956535689485,0.00010680997139844114,6.5901150200611149e-05,1.5893855291943078e-06,2.3130806476445511e-05,3.0132750807419399,1.2226726708643565,-0.17836995127166969,0.042950915632787648,1.7829630080844616,0.59195475824834043,-0.12092419326143515,1.7829702038656945,0.59202415803742015,-0.12084332138747222
22.82,11410,0.0070576668971844099,0.015000856040391544,0,0.19217292037999151,0.00010772856923221275,6.9591717847318404e-05,1.6266886885471815e-06,2.2781522350186147e-05,3.0136230798049484,1.2226970008190203,-0.17834889360360906,0.042939664767806487,1.7830231113272348,0.59241604172616447,-0.12038363563656714,1.7830305846741275,0.59248610422767478,-0.12030214428980468
22.84,11420,0.0070586377295701018,0.015000898061275747,0,0.19173361195822619,0.00010857901425058124,7.3175922673667697e-05,1.6829632621747041e-06,2.3004407680670755e-05,3.0139748035466445,1.2227213176977012,-0.17832785087869715,0.042928412825941342,1.7830857741345749,0.59289711631160991,-0.11981984272709027,1.7830935495740523,0.59296782013037286,-0.11973780666862269
22.859999999999999,11430,0.0070596203221487738,0.015000934279686622,0,0.191277904930895,0.00010923116863632482,7.6906004110996874e-05,1.7325785905241107e-06,2.2972699315936647e-05,3.0143304745307682,1.2227456389474494,-0.17830680210326,0.042917160636550128,1.7831510198788814,0.59339810596962006,-0.11923274779199937,1.7831590987752775,0.59346930735066705,-0.11915030664346492
22.879999999999999,11440,0.0070606146369122831,0.015000965038866665,0,0.19080600760458294,0.00010969429394197715,8.0897024071630846e-05,1.7758131097766037e-06,2.2394272795856101e-05,3.014690079748835,1.2227699643437517,-0.17828574762469299,0.042905908351342975,1.7832188500010604,0.59391897987449049,-0.11862238376447859,1.7832272292660449,0.59399054284696118,-0.11853967120791728
22.900000000000002,11450,0.0070616206015730546,0.015000991246523734,0,0.19031822010032476,0.00010998615998670895,8.4975143560158626e-05,1.8137244848382549e-06,2.2588727439225648e-05,3.0150535949364565,1.2227942931735043,-0.17826468837012971,0.042894655980204484,1.783289258988356,0.59445967513507691,-0.11798881591355849,1.7832979348795861,0.59453147944010187,-0.11790595563308667
22.920000000000002,11460,0.0070626381423348778,0.01500101342719396,0,0.18981486889628973,0.000110118971751204,8.9324473912052532e-05,1.8469313220367455e-06,2.2972699315936647e-05,3.0154209963826917,1.2228186250241717,-0.17824362487544504,0.042883403517296859,1.7833622373292741,0.59502011042780378,-0.11733213419426064,1.7833712063606768,0.59509204632257018,-0.11724924287107541
22.940000000000001,11470,0.0070636671783590932,0.015001031904711601,0,0.18929629745945681,0.00011010144257989241,9.3736414792303015e-05,1.8758204445830049e-06,2.2524095754713237e-05,3.0157922585523447,1.2228429596378176,-0.17822255747146121,0.042872150960341186,1.7834377722746468,0.5956001845710357,-0.11665245379662516,1.783447031432196,0.59567214956767378,-0.11656964295845446
22.960000000000001,11480,0.0070647076180763036,0.015001046922368297,0,0.18876287915515261,0.00010994054652644898,9.8321219583912071e-05,1.9006872843385314e-06,2.3067693653563172e-05,3.016167352547761,1.2228672968182992,-0.17820148640668729,0.042860898310328618,1.7835158481531788,0.59619977540279923,-0.11594991548910465,1.7835253948616794,0.59627167263873859,-0.11586729241973769
22.98,11490,0.0070657593579243139,0.015001058691105665,0,0.18821456582609161,0.0001096422158434439,0.00010287175314873711,1.9217913911358935e-06,2.2781522350186147e-05,3.0165462455631533,1.2228916363954256,-0.17818041189654213,0.042849645570057063,1.7835964465416789,0.59681873964069421,-0.11522468539872295,1.7836062785278777,0.59689047689830044,-0.11514235367085583
23,11500,0.0070668222821167713,0.015001067405864141,0,0.18764952185027831,0.00010921163037155187,0.00010754159418435614,1.9393744861904731e-06,2.2685329707937426e-05,3.0169289007569589,1.2229159782133088,-0.17815933414004356,0.042838392743533661,1.7836795463633404,0.59745691312054994,-0.1144769545704183,1.7836896614873121,0.59752840211729719,-0.1143950144226303
23.02,11510,0.0070678962627620939,0.015001073250500348,0,0.18706934800291863,0.00010865339073525713,0.00011235479529237009,1.9536653632420552e-06,2.3193747562800386e-05,3.0173152772746459,1.2229403221269994,-0.17813825332482236,0.042827139835823758,1.7837651239499339,0.59811411114266622,-0.11370693846127258,1.7837755200408305,0.59818526698426044,-0.11362548708424705
23.039999999999999,11520,0.0070689811600909728,0.015001076399208968,0,0.186475968530882,0.00010797165139659044,0.00011717557302460417,1.9648809545801487e-06,2.265317472408141e-05,3.0177053303107106,1.2229646680015194,-0.17811716962857355,0.04281588685302163,1.7838531530889461,0.59879012885546656,-0.11291487641177189,1.7838638278001635,0.59886086961450746,-0.11283400816673066
23.059999999999999,11530,0.0070700768227184591,0.015001077017118496,0,0.18586989371662124,0.00010717022762716549,0.0001220508173512131,1.9732266622315279e-06,2.3099271619960363e-05,3.0180990111919437,1.2229890157113428,-0.17809608321966316,0.042804633802220701,1.7839436050667739,0.59948474166372301,-0.11210103110280771,1.7839545557544816,0.59955498805933261,-0.11202083768641805
23.080000000000002,11540,0.0070711830879203567,0.015001075260788503,0,0.18525166714508956,0.00010625267985595891,0.00012700295518981142,1.9788967286736218e-06,2.2588727439225648e-05,3.0184962674660194,1.2230133651398565,-0.17807499425764189,0.042793380691473572,1.7840364487131188,0.60019770565819086,-0.11126568800088933,1.7840476723369507,0.60026738081519981,-0.11118625856843239
23.100000000000001,11550,0.0070722997819187613,0.015001071278824154,0,0.18462185188375135,0.00010522237857307023,0.00013197915697244771,1.9820748003990831e-06,2.3099271619960363e-05,3.018897042989098,1.2230377161787573,-0.17805390289387318,0.0427821275297319,1.7841316504484968,0.60092875806363244,-0.11040915479346451,1.7841431434912884,0.60099778733293363,-0.11033057605015752
23.120000000000001,11560,0.0070734267201754261,0.015001065212506069,0,0.18398098799979706,0.00010408255347882218,0.00013702468569801599,1.9829346117810135e-06,2.2459278078588273e-05,3.0193012780245323,1.2230620687273557,-0.17803280927218521,0.04277087432678691,1.7842291743351477,0.60167761770175732,-0.10953176081633312,1.7842409327383209,0.60174592852691178,-0.10945411708471101
23.140000000000001,11570,0.0070745637076922311,0.015001057196495922,0,0.1833296339189909,0.00010283633024560123,0.00014201928593706546,1.9816407436530098e-06,2.2877310533063834e-05,3.0197089093347786,1.2230864226918927,-0.1780117135295915,0.04275962109320669,1.7843289821310993,0.60244398546587841,-0.10863385647488216,1.7843410012425382,0.6025115072842564,-0.10855722974441864
23.16,11580,0.0070757105393181256,0.015001047359484678,0,0.18266849676370939,0.00010148675787053392,0.00014704748511793321,1.9783493628835823e-06,2.2685329707937426e-05,3.0201198702824636,1.2231107779848589,-0.17799061579696174,0.042748367840278197,1.7844310333467504,0.60322754480448559,-0.10771581266062542,1.7844433078786515,0.60329420897402652,-0.10764028262428822
23.18,11590,0.007076867000061794,0.015001035824824991,0,0.18199822422575848,0.00010003682894939399,0.00015209636641678331,1.9732089281392325e-06,2.2972699315936647e-05,3.0205340909309211,1.2231351345243691,-0.17796951619966797,0.042737114579950025,1.7845352853034633,0.6040279622115633,-0.10677802016421874,1.7845478092981484,0.60409370195640921,-0.10670366424548343
23.199999999999999,11600,0.007078032865409277,0.015001022711102889,0,0.18131948243889934,9.8489494726370126e-05,0.00015718712499916527,1.9663608332738657e-06,2.3256518306983181e-05,3.0209514981451773,1.2231594922335789,-0.17794841485817597,0.042725861324780331,1.7846416931936235,0.60484488772191436,-0.10582088908584053,1.7846544599958503,0.60490963809191167,-0.10574778245879776
23.219999999999999,11610,0.007079207901645854,0.015001008132645322,0,0.18063295471412857,9.6847676334675916e-05,0.00016221699278785702,1.9579399759224568e-06,2.2781522350186147e-05,3.0213720156938466,1.2231838510401543,-0.17792731188856581,0.042714608087888795,1.7847502101417709,0.60567795541018044,-0.10484484824362039,1.7847632123764678,0.60574165325055329,-0.10477306384812843
23.240000000000002,11620,0.0070803918661814869,0.015000992199978818,0,0.17993934023519667,9.5114273312791342e-05,0.00016721326329713237,1.9480752569270238e-06,2.3036072399968081e-05,3.0217955643558039,1.2232082108757953,-0.17790620740300273,0.042703354882908995,1.7848607872664795,0.60652678389258297,-0.10385034458064345,1.7848740168211572,0.60658936782105721,-0.10377995313395012
23.260000000000002,11630,0.0070815845078792735,0.01500097502021523,0,0.17923935271501087,9.3292170205941139e-05,0.00017220849368620317,1.9368899916577463e-06,2.2940947124789083e-05,3.0222220620234137,1.2232325716758181,-0.17788510151013831,0.04269210172394413,1.7849733737427762,0.60739097683064891,-0.10283784257090242,1.7849868217540767,0.60745238722004191,-0.10276891257678959
23.280000000000001,11640,0.0070827855673863587,0.015000956697392872,0,0.1785337190136837,9.1384241878004758e-05,0.00017712459754657799,1.9245022555831388e-06,2.3193747562800386e-05,3.0226514238095548,1.2232569333787837,-0.1778639943154578,0.042680848625524778,1.785087916864927,0.60827012343638676,-0.10180782362448546,1.7851015737089431,0.60833030240121355,-0.10174042138069853
23.300000000000001,11650,0.0070839947774668614,0.015000937332753012,0,0.17782317771910372,8.9393358027575377e-05,0.00018204808671100058,1.9110251641758549e-06,2.2781522350186147e-05,3.0230835621531273,1.2232812959261592,-0.17784288592157055,0.042669595602567126,1.7852043621094578,0.60916379897849693,-0.10076078549221056,1.7852182173955877,0.60922269036455767,-0.10069497509672817
23.32,11660,0.0070852118633363556,0.015000917024982227,0,0.17710847769107627,8.7322387274976087e-05,0.00018688869147375327,1.8965670873686479e-06,2.262097403300073e-05,3.0235183869259266,1.2233056592620337,-0.17782177642845662,0.042658342670332028,1.785322653198379,0.61007156528934869,-0.099697241669867806,1.7853366957665122,0.61012911466553088,-0.099633085026403029
23.34,11670,0.007086436542997651,0.015000895870404837,0,0.1763903765702354,8.5174201139485365e-05,0.00019162606665273387,1.8812318077023989e-06,2.2813496432377448e-05,3.023955805540401,1.2233300233328683,-0.17780066593366878,0.042647089844383715,1.7854427321625224,0.6109929712724943,-0.098617720802166103,1.7854569500834456,0.61104912592425265,-0.098555277625194809
23.359999999999999,11680,0.0070876685275774775,0.015000873963129125,0,0.1756696392531823,8.2951678200757637e-05,0.00019633452726155949,1.8651186288948327e-06,2.2781522350186147e-05,3.0243957230563612,1.2233543880872675,-0.17777955453248567,0.042635837140551483,1.7855645394049882,0.61192755341056615,-0.097522766086498611,1.7855789199839009,0.61198226233469699,-0.097462093905996333
23.379999999999999,11690,0.007088906714104345,0.015000882513047301,0,0.17494704204167194,8.0889908097972149e-05,0.00020103423543722158,1.8942685623307292e-06,2.3036072399968081e-05,3.0248378407459695,1.2233787339993998,-0.17775847429432334,0.042624554118146016,1.7856878012795623,0.61287463180544366,-0.09641301524308328,1.7857025435477294,0.61292805017388496,-0.096354088842595415
23.400000000000002,11700,0.0070901519725160593,0.01500087699882943,0,0.17422334308712323,7.8671131501062487e-05,0.0002055272755428112,1.9059430073687752e-06,2.2588727439225648e-05,3.0252823865985059,1.2234030876640758,-0.17773737954897162,0.04261328025509864,1.7858126846539335,0.61383401254021752,-0.095288916814486188,1.7858277573636796,0.61388600431107576,-0.095231830773148646
23.420000000000002,11710,0.0070914036644956421,0.015000870387596264,0,0.17349932631320761,7.6391132864575239e-05,0.0002098825001274197,1.9181836636456668e-06,2.1967050066869309e-05,3.0257291630076919,1.2234274415620654,-0.17771628358730487,0.042602004461127468,1.7859390772329795,0.6148051129978257,-0.094151091478107199,1.7859544965959511,0.61485562871695854,-0.094095900803656013
23.440000000000001,11720,0.0070926610281556203,0.015000879850092531,0,0.17277576982869483,7.4194554499140168e-05,0.00021400275417775624,1.9573011671501505e-06,2.2781522350186147e-05,3.0261779616245712,1.2234517843664021,-0.17769520407663003,0.042590709417302308,1.7860667758897744,0.6157873070262303,-0.093000180346835229,1.7860826950507527,0.61583641697284497,-0.092946892211433652
23.460000000000001,11730,0.007093924465163679,0.01500087817131771,0,0.17205344561605782,7.1890727554864409e-05,0.0002179247824640043,1.9844046969760963e-06,2.2781522350186147e-05,3.0266288756920621,1.2234761325826433,-0.17767411308598868,0.042579419688546311,1.786195864185941,0.61678025025364502,-0.091836718961775601,1.7862122852428572,0.61682785277986041,-0.091785409848588614
23.48,11740,0.0070951936234229804,0.015000867340401404,0,0.17133295152668043,6.9470871841511105e-05,0.00022175774095853734,2.0003788160249821e-06,2.2972699315936647e-05,3.0270817687399734,1.2235004861567615,-0.17765301260000554,0.042568135871097583,1.7863263374754139,0.61778341731615882,-0.090661329459536227,1.7863431984621592,0.617829410468136,-0.090612069545492446
23.5,11750,0.0070964681076239435,0.015000850194182321,0,0.17060865403806291,6.6950210434069707e-05,0.0002253639003793209,2.0078408505921453e-06,2.2524095754713237e-05,3.0275365006929786,1.2235248439197044,-0.17763190549309321,0.042556857458785291,1.7864581482659105,0.61879625499086488,-0.089474650293649954,1.7864753648402294,0.61884055550600015,-0.089427497514255314
23.52,11760,0.0070977475416200532,0.015000828498134186,0,0.16987794852933993,6.434246313508298e-05,0.00022879859395048032,2.0085011586478028e-06,2.206637408534863e-05,3.027992944672377,1.2235492050497871,-0.1776107935577439,0.042545584017597178,1.7865912274846325,0.61981820618676042,-0.088277325788957167,1.7866087134168731,0.61986074500917099,-0.088232329752199593
23.539999999999999,11770,0.00709903156348346,0.015000803265554356,0,0.16914743380857436,6.1659064156160609e-05,0.0002321636458190316,2.0034121967490003e-06,2.2524095754713237e-05,3.0284509819519965,1.2235735690282443,-0.1775896778251389,0.042534315168619129,1.7867254957459868,0.62084871020141774,-0.087070006578862921,1.7867431722066844,0.62088942824994753,-0.087027211445334152
23.559999999999999,11780,0.0071003198178157369,0.015000775104221872,0,0.16842166333435984,5.8910260576774063e-05,0.00023535056875515268,1.9932854208086497e-06,2.2717439178655149e-05,3.0289104972867773,1.2235979355042035,-0.17756855891598378,0.042523050555556108,1.7868608695195354,0.6218872014202188,-0.08585335042764318,1.7868786682656044,0.62192604716640199,-0.085812796371827926
23.580000000000002,11790,0.0071016119513245546,0.015000744420799714,0,0.16770138340266161,5.6105540637093313e-05,0.00023838485494500795,1.9786674259671694e-06,2.2491710265994076e-05,3.0293713762881342,1.2236223042124073,-0.17754743724733091,0.042511789839302414,1.7869972643856145,0.62293310890514164,-0.084628022367602404,1.7870151277574755,0.62297003687157138,-0.084589746305483909
23.600000000000001,11800,0.0071029076106791586,0.015000711527411722,0,0.1669873281240776,5.3253772864102869e-05,0.00024123298455208341,1.9600233653555207e-06,2.2000207897163392e-05,3.029833504154857,1.2236466749318096,-0.17752631314030293,0.042500532702277258,1.7871345965776906,0.6239858564754821,-0.083394694440470929,1.7871524760205992,0.62402082616264898,-0.083358730419213725
23.620000000000001,11810,0.0071042064415609172,0.015000676694634901,0,0.16628021780416205,5.0363350268740613e-05,0.00024394630434340376,1.937773977698448e-06,2.2717439178655149e-05,3.030296765132142,1.2236710474656936,-0.17750518687360523,0.042489278852986735,1.7872727835422042,0.62504486296081918,-0.082154045266239609,1.7872906376342916,0.62507783803017725,-0.082120424688510246
23.640000000000001,11820,0.0071055080883224786,0.015000640176452827,0,0.16558075728213911,4.744241669068878e-05,0.00024648491005470905,1.9123110041411136e-06,2.2263692832568247e-05,3.0307610423535385,1.2236954216323104,-0.17748405870871725,0.042478028028143343,1.787411743972795,0.62610954251904627,-0.080906759534338527,1.7874295364854405,0.62614049016723827,-0.080875511294922542
23.66,11830,0.0071068121939684235,0.015000602220585734,0,0.16488963426164349,4.4499180263879929e-05,0.00024884829025687488,1.8840027697311703e-06,2.2491710265994076e-05,3.0312262178855023,1.2237197972606133,-0.17746292890033308,0.042466779992456523,1.7875513975993207,0.62717930499345609,-0.079653527455196729,1.7875690958350599,0.62720819547864659,-0.079624678029529383
23.68,11840,0.0071081184003105504,0.015000563071333302,0,0.16420751765512065,4.1542317883943787e-05,0.00025099783576140451,1.8531954034814049e-06,2.2491710265994076e-05,3.0316921728541053,1.2237441741885489,-0.17744179769926277,0.042455534536896343,1.787691664895839,0.62825355630182511,-0.078395044190050042,1.7877092383848485,0.62828036259014086,-0.078368617696413262
23.699999999999999,11850,0.0071094263482164568,0.015000522968853118,0,0.16353505595678536,3.8581496206102834e-05,0.00025301103402035102,1.8202123878369553e-06,2.2717439178655149e-05,3.0321587876230418,1.2237685522625339,-0.17742066535173792,0.042444291476179029,1.7878324667962282,0.62933169885262941,-0.077132009268849416,1.7878498863437442,0.62935639635757523,-0.07710802751613427
23.719999999999999,11860,0.0071107353738566123,0.01500048780356735,0,0.16287286563321973,3.5933962611051209e-05,0.00025552519557201517,1.7971233422986256e-06,2.2361699290911531e-05,3.0326259340649804,1.2237929197730648,-0.17739953812707229,0.042433047170796871,1.7879733733421721,0.63041297970162347,-0.075865190197276555,1.7879909614944813,0.63043569837611135,-0.075843608529204021
23.740000000000002,11870,0.0071120456884747902,0.015000443303785572,0,0.16222155034865229,3.3280273806378645e-05,0.00025748601553868223,1.766581659667895e-06,2.2296409518597789e-05,3.0330936113132534,1.2238172936633087,-0.17737840123893989,0.042421803465159932,1.7881146428593162,0.63149700561298194,-0.07459519274641617,1.788132385260147,0.63151766748941096,-0.074576064999559294
23.760000000000002,11880,0.007113356935695845,0.015000388899142793,0,0.16158168754724422,3.0686719264635662e-05,0.00025941796685940267,1.729452161231123e-06,2.2459278078588273e-05,3.0335617132947825,1.2238416732323594,-0.17735725413946427,0.042410560252176141,1.7882561533480159,0.63258315626903172,-0.073322731292845791,1.7882740787707361,0.63260170029882601,-0.073306103818036955
23.780000000000001,11890,0.0071146686254859159,0.015000326226531661,0,0.16095382098170116,2.8407210299862086e-05,0.00026163670159168735,1.6926581734993186e-06,2.265317472408141e-05,3.034030136961964,1.2238660524637353,-0.17733609866837596,0.042399314917444648,1.7883976083767266,0.63367073744255142,-0.072048552627303836,1.7884159629297092,0.63368719167259224,-0.072034433905846379
23.800000000000001,11900,0.0071159804946570974,0.015000260805597444,0,0.16033850987517481,2.597831159103329e-05,0.00026263220879802157,1.6480582594162087e-06,2.2813496432377448e-05,3.0344986061074062,1.2238904403994033,-0.17731494000676085,0.042388074424938964,1.7885395610791308,0.63475929658252217,-0.070773327127448785,1.788557958480548,0.63477353525502023,-0.070761765618044342
23.82,11910,0.0071172920901809928,0.015000193242459275,0,0.15973623802337125,2.3615570484728081e-05,0.00026365437038694507,1.6002720229876153e-06,2.2198114802541581e-05,3.0349670296415714,1.2239148325600413,-0.17729377891541037,0.042376836866913091,1.7886817111514661,0.63584816044982984,-0.069497787699566591,1.7886999860733115,0.63586012397568703,-0.069488810147008723
23.84,11920,0.007118603169516631,0.015000115381958674,0,0.15914744893093483,2.1685098307074137e-05,0.00026523107341032642,1.5515361481151964e-06,2.2361699290911531e-05,3.0354354339944596,1.2239392283672366,-0.17727260729933927,0.042365597991955953,1.7888236398799136,0.63693666720993281,-0.068222652106448206,1.7888419663311925,0.63694635055862858,-0.068216278925912324
23.859999999999999,11930,0.0071199134067763785,0.015000028521780175,0,0.15857258688021317,2.0164429110040959e-05,0.00026643757281724731,1.501070835316225e-06,2.2940947124789083e-05,3.0359036623199209,1.2239636301869112,-0.177251426365371,0.042354359604678614,1.7889654271316471,0.63802424027611082,-0.066948628139090319,1.788983819917074,0.63803160803153092,-0.066944883032196964
23.879999999999999,11940,0.0071212217437727271,0.014999962793819769,0,0.15801208928921331,1.8741974553513324e-05,0.00026628979670526254,1.4561828523399043e-06,2.2459278078588273e-05,3.0363711813443515,1.2239880253502202,-0.17723026654704913,0.042343128246699634,1.7891074639512021,0.63911021470417861,-0.06567650272981547,1.789125467600085,0.63911529023492242,-0.065675332591047117
23.900000000000002,11950,0.0071225283102694156,0.014999899172442739,0,0.15746629774633064,1.7701927978232426e-05,0.00026626242175821453,1.4107096142578447e-06,2.265317472408141e-05,3.0368381394956661,1.2240124231258191,-0.17720910859640643,0.042331899662565849,1.7892493981925508,0.6401940630087386,-0.064406911429928812,1.7892668303221573,0.64019679233136551,-0.064408336178863823
23.920000000000002,11960,0.0071238332485139633,0.014999816360898985,0,0.15693552187787221,1.7520370754118156e-05,0.00026696506695111628,1.3627349144692521e-06,2.3036072399968081e-05,3.0373047129342639,1.2240368324024273,-0.17718793099806912,0.042320669708303962,1.7893907938828157,0.64127520689094375,-0.063140517766001741,1.7894078292645812,0.64127551131464811,-0.063144600226739497
23.940000000000001,11970,0.0071251358986521296,0.014999726326670357,0,0.15642007371131431,1.8126511925981985e-05,0.00026737159150711361,1.3176444075983e-06,2.2845425764212974e-05,3.0377706244380618,1.224061246795261,-0.17716674587823711,0.042309440784654026,1.789531697804251,0.64235297881370468,-0.06187808077782065,1.7895483859145627,0.64235084651897623,-0.061884828423930255
23.960000000000001,11980,0.0071264347457261987,0.014999673689532148,0,0.15592022548686182,1.9003610568784074e-05,0.00026619671039942544,1.2805388796920964e-06,2.2426798989897964e-05,3.0382351878050504,1.2240856410123657,-0.17714559853903936,0.042298218459473354,1.7896724278722886,0.64342659771692767,-0.060620448468469368,1.7896884221317786,0.6434222001281652,-0.060629721121331109
23.98,11990,0.007127730495335439,0.014999621342598364,0,0.15542867693768739,2.038447731464589e-05,0.00026523656991476519,1.2436577615393008e-06,2.3287840231354886e-05,3.0386987588006806,1.2241100384236134,-0.17712445124834239,0.042286997430833188,1.7898126798288756,0.6444957033899591,-0.059368149013615291,1.7898278602149333,0.64448897768483171,-0.059379974734949256
24,12000,0.0071290223661226795,0.014999583454561378,0,0.15493985003642299,2.2132821981250854e-05,0.00026387545496764613,1.2079959192313885e-06,2.265317472408141e-05,3.0391610543170411,1.2241344283713373,-0.1771033184648956,0.042275779591377204,1.789952352026376,0.64555958299215044,-0.058121952753536536,1.7899666229683158,0.6455505885995857,-0.058136281149378286
24.02,12010,0.0071303094294184622,0.014999581767430306,0,0.15446310130238006,2.3983817889327778e-05,0.00026139141538793361,1.1717118522101787e-06,2.3036072399968081e-05,3.0396216926136068,1.2241587976847008,-0.1770822222961948,0.042264567064721537,1.790091489887699,0.6466175518930376,-0.056882619765826557,1.7901046337683544,0.64660644666022193,-0.056899327121271812
24.039999999999999,12020,0.0071315921886150914,0.014999586142457546,0,0.15400265753048217,2.6135741740776923e-05,0.00025897362766646857,1.1341833706393059e-06,2.3036072399968081e-05,3.0400809352589557,1.2241831650394099,-0.17706113209921698,0.042253355734327584,1.7902298337677613,0.64766920358796787,-0.055650705087522373,1.7902418166301741,0.64765597054091195,-0.055669793682817811
24.060000000000002,12030,0.0071328704404840194,0.014999591134979689,0,0.15355861735825446,2.8568309779788116e-05,0.00025660692107927268,1.0955753021996248e-06,2.262097403300073e-05,3.0405387388136487,1.2242075327990007,-0.17704004236207624,0.042242145280797498,1.7903672275218807,0.64871396736318621,-0.054426875781122264,1.7903780962741529,0.64869858431139615,-0.054448355545211852
24.080000000000002,12040,0.0071341438928465787,0.014999595035477178,0,0.15313104588380078,3.1212450495926193e-05,0.00025416656468747474,1.0563729020484009e-06,2.2909150924997221e-05,3.0409950101190852,1.2242319013794674,-0.17701895136700335,0.042230935289926858,1.790503570126023,0.64975125959983981,-0.05321180757683118,1.7905133981924777,0.64973371794617496,-0.053235680502132149
24.100000000000001,12050,0.0071354122383043778,0.014999597263217018,0,0.1527199734337566,3.4002879643179888e-05,0.00025163593247007641,1.0169053699400364e-06,2.2845425764212974e-05,3.0414496422898845,1.2242562708440929,-0.17699785853427891,0.042219725488765361,1.7906387885580213,0.65078050706791091,-0.05200616795734149,1.7906476487157001,0.65076080783370138,-0.052032428833212116
24.120000000000001,12060,0.007136675166105646,0.01499959776962325,0,0.15232539528830541,3.6888714631959013e-05,0.00024901519937509825,9.7733800351331006e-07,2.3412708902503816e-05,3.0419025233589596,1.2242806411352467,-0.17697676381835742,0.042208515762096992,1.7907728227169113,0.65180114702177883,-0.050810614861446425,1.7907807750792937,0.65177929728557249,-0.050839252707515062
24.140000000000001,12070,0.0071379323659776254,0.014999596784054213,0,0.15194727174965078,3.9832644798079765e-05,0.00024626301279084242,9.3774446518578278e-07,2.3099271619960363e-05,3.0423535400427557,1.2243050121311221,-0.1769556674525441,0.042197306090079642,1.7909056171715823,0.65281262585981259,-0.049625796681718654,1.7909127054902099,0.65278863704572132,-0.049656795587008001
24.16,12080,0.0071391835306990658,0.014999594662932464,0,0.15158552853258545,4.2807852818681097e-05,0.00024335694196760528,8.981575664959839e-07,2.3130806476445511e-05,3.0428025799404828,1.2243293836784332,-0.17693456979767289,0.042186096496912386,1.7910371169176063,0.65381439873603719,-0.048452351926062828,1.7910433691934338,0.65378828579960846,-0.048485691630035591
24.18,12090,0.0071404283580077466,0.014999591796203061,0,0.15124005742064961,4.5795056583844135e-05,0.00024030960421525773,8.5859532498243689e-07,2.3225154141253322e-05,3.0432495328201026,1.2243537556164223,-0.17691347124817369,0.042174887020388553,1.7911672654977129,0.65480592970863749,-0.047290908712216702,1.7911726965385408,0.65477771068341417,-0.047326565094793854
24.199999999999999,12100,0.0071416665518875396,0.014999588553950767,0,0.15091071712400012,4.8780177203486209e-05,0.00023716780787568542,8.1907326229571192e-07,2.3319120084582497e-05,3.0436942912775407,1.2243781277923107,-0.17689237217839468,0.042163677695968897,1.7912960044721471,0.655786692084251,-0.046142084237938037,1.7913006190462535,0.65575638779323031,-0.046180029742804274
24.219999999999999,12110,0.0071428978233629287,0.014999585260406871,0,0.15059733429294492,5.1752641657263247e-05,0.00023385918402299172,7.7961050970658422e-07,2.3162298399097643e-05,3.0441367510078194,1.2244025000693188,-0.17687127291645469,0.042152468549386299,1.7914232736047901,0.65675616883274546,-0.045006484257922245,1.7914270694749963,0.65672380269425168,-0.045046688242387528
24.240000000000002,12120,0.0071441218909611606,0.014999582185154138,0,0.15029970465790785,5.4704201712926903e-05,0.00023041134716800954,7.4023331016433227e-07,2.2877310533063834e-05,3.0445768108489628,1.2244268723295335,-0.17685017373538878,0.042141259594033587,1.7915490113762673,0.65771385303526797,-0.043884702562023307,1.7915519818874539,0.65767945092996816,-0.043927131572137609
24.260000000000002,12130,0.0071453384809763536,0.014999579544029328,0,0.15001759427705327,5.7628136031909286e-05,0.00022685972342750824,7.0097755702667905e-07,2.3319120084582497e-05,3.045014372728172,1.2244512444736244,-0.17682907485406224,0.042130050830901246,1.7916731555969145,0.65865924835276157,-0.042777320446425023,1.791675291717125,0.6586228385313565,-0.042821938424395897
24.280000000000001,12140,0.0071465473276299861,0.014999577504792366,0,0.1497507408788761,6.0518722423072195e-05,0.00022316996404418409,6.6189107096472148e-07,2.3036072399968081e-05,3.0454493415654538,1.2244756164190136,-0.17680797644288612,0.042118842249748142,1.7917956439976974,0.65959186950817861,-0.041684906173587118,1.7917969358348811,0.65955348252607238,-0.041731674608724373
24.300000000000001,12150,0.0071477481731876602,0.014999576194525762,0,0.14949646285775553,6.3370894244205145e-05,0.00021936168304522149,6.2303609679400368e-07,2.3099271619960363e-05,3.0458816251969565,1.2244999880974292,-0.17678687863127082,0.042107633830731517,1.7919164147429887,0.66051124277766105,-0.040608014420192219,1.7919168526155211,0.6604709114476417,-0.040656892455380081
24.32,12160,0.0071489407680670808,0.014999575707034774,0,0.14925090440557909,6.6180019151080956e-05,0.00021542859495539339,5.8449241966616113e-07,2.3381554252771861e-05,3.0463111343089131,1.2245243594524289,-0.17676578151508482,0.04209642554607676,1.7920354068480882,0.66141690648737916,-0.039547185714231152,1.792034982004328,0.66137466584465265,-0.039598130218789232
24.34,12170,0.0071501248709554301,0.014999576109453946,0,0.14901970470987128,6.8941757472523483e-05,0.00021139821675769012,5.4636153239299923e-07,2.2877310533063834e-05,3.0467377824085005,1.224548730437198,-0.17674468516331379,0.042085217361562385,1.7921525605054742,0.66230841151391151,-0.038502945863065519,1.7921512655836256,0.66226429878994808,-0.038555911481020305
24.359999999999999,12180,0.007151299070461011,0.01499962329297551,0,0.14880251046628037,7.1412308664277365e-05,0.00020811772453933989,5.301763274259714e-07,2.3130806476445511e-05,3.0471610938363454,1.2245730748387578,-0.1767236366166908,0.042073974592805603,1.7922677668699338,0.66318508743868687,-0.03747592008570258,1.7922656466393339,0.66313937638981646,-0.037530744555258899
24.379999999999999,12190,0.0071524634985243784,0.014999702690659015,0,0.14859896653198604,7.3681430005225507e-05,0.00020524690044111031,5.4133924549731789e-07,2.3443822150653013e-05,3.0475811128625594,1.2245974003441711,-0.17670262098072442,0.042062706887255163,1.7923809548169385,0.66404660490952661,-0.036466555872065473,1.792378070227526,0.66399947829318395,-0.036523121889281016
24.400000000000002,12200,0.0071536189606600997,0.014999774154508386,0,0.14840873917332759,7.5967029043603622e-05,0.00020204332813733271,5.6063574946711131e-07,2.3443822150653013e-05,3.0479981029989713,1.2246217296479336,-0.17668159712084458,0.042051443559658667,1.7924921019718045,0.66489277326741036,-0.035475224038630883,1.7924884832409849,0.66484419820080676,-0.035533519468927105
24.420000000000002,12210,0.0071547652362210067,0.01499983839624023,0,0.14823141807833698,7.825817328392529e-05,0.00019851660180438219,5.8369952167026646e-07,2.347489416183844e-05,3.0484119786471808,1.2246460626708664,-0.17666056575335182,0.042040184370476769,1.792601173968674,0.66572319187216333,-0.034502389901402336,1.7925968344757579,0.66567314437446223,-0.03456239622157635
24.440000000000001,12220,0.0071559020767629428,0.014999897242321886,0,0.14806657242954885,8.0528776305560903e-05,0.00019478766685963685,6.0872684500284716e-07,2.3130806476445511e-05,3.0488226461160171,1.2246703984920764,-0.17663952874177918,0.042028928351849335,1.7927081290979641,0.66653745997729297,-0.033548508382135446,1.7927030746977151,0.66648594014614104,-0.033610193419620002
24.460000000000001,12230,0.0071570292639882849,0.014999951729653261,0,0.14791375941806784,8.2761242093832573e-05,0.0001908561288704867,6.3455299169176257e-07,2.3036072399968081e-05,3.0492300239590113,1.2246947365656449,-0.17661848714441644,0.042017674980589816,1.7928129225536049,0.6673352005526908,-0.032614011825904017,1.7928071567091042,0.66728222442723906,-0.03267733408393568
24.48,12240,0.0071581466011619238,0.015000002464682371,0,0.14777252558169723,8.494335399593241e-05,0.00018673261269968065,6.6036406984344942e-07,2.3722005120437366e-05,3.0496340391983368,1.2247190765642817,-0.17659744158049939,0.042006423938628849,1.7929155091263307,0.66811605785815587,-0.031699310980482009,1.7929090354151074,0.66806165221774916,-0.031764222387361013
24.5,12250,0.0071592539066418145,0.015000049867620447,0,0.14764240807451137,8.7065525633466109e-05,0.00018250797145909553,6.8562474739930492e-07,2.3162298399097643e-05,3.0500346245447831,1.224743418254419,-0.1765763924795061,0.041995174981091017,1.7930158446352249,0.66887969531166014,-0.030804795799452712,1.7930086678903971,0.66882389511545293,-0.030871243058167769
24.52,12260,0.0071603510113281499,0.015000094274021294,0,0.14752293631150279,8.9119726803291676e-05,0.00017816273839439293,7.1001654748719109e-07,2.2972699315936647e-05,3.0504317172556656,1.2247677614438823,-0.17655534018478872,0.041983927890326636,1.7931138866598186,0.66962579496332575,-0.029930835405382879,1.7931060134456929,0.66956864182511255,-0.029998760783535722
24.539999999999999,12270,0.007161437757863042,0.01500013597175494,0,0.14741363374552882,9.1099056259665373e-05,0.00017369625638346289,7.3337727874269892e-07,2.3412708902503816e-05,3.050825258742103,1.2247921059635414,-0.17653428499123594,0.041972682462964116,1.7932095949242433,0.67035405758841526,-0.029077777721085371,1.7932010336943174,0.67029559866766253,-0.029147119613026559
24.560000000000002,12280,0.0071625134249698116,0.015000191922211793,0,0.14731352456147123,9.2840048449067687e-05,0.00016826490207696003,7.7789960220273017e-07,2.3162298399097643e-05,3.0512150179814146,1.2248164343803079,-0.17651324441938443,0.041961434328679083,1.7933027983105476,0.67106406594779178,-0.02824602311489318,1.7932936926187526,0.67100449008940188,-0.028316642362057581
24.580000000000002,12290,0.0071635780939984066,0.01500025482169598,0,0.14721734435789133,9.4397477611990157e-05,0.00016219452350417171,8.3659673674451875e-07,2.3004407680670755e-05,3.0516010208950184,1.2248407526867346,-0.17649221098650275,0.041950183855450782,1.7933934683546457,0.671755615081709,-0.027435842880656321,1.7933839566371959,0.67169505917118522,-0.027507630015376233
24.600000000000001,12300,0.0071646321413832998,0.015000309949577887,0,0.14712511764507441,9.591319132144358e-05,0.00015633618931909697,8.8938650825473053e-07,2.3505925099591037e-05,3.0519833707078305,1.2248650758286657,-0.17647116949675559,0.041938934374863839,1.7934816928500348,0.67242859183062931,-0.026647448844177083,1.7934717946701169,0.67236706813761538,-0.026720361130533388
24.620000000000001,12310,0.0071656754119970448,0.01500035949619513,0,0.14704107833907171,9.7380681633085661e-05,0.00015084032454888301,9.3712937228102428e-07,2.3350358035739973e-05,3.0523619970549056,1.2248894028519033,-0.17645012216521261,0.041927686217620032,1.7935674797495971,0.67308277080372592,-0.025881103861367286,1.7935571782068134,0.67302029886623504,-0.025955091241356962
24.640000000000001,12320,0.007166707767879958,0.015000404969005475,0,0.14696510537697463,9.8782563660228861e-05,0.00014537235740152795,9.8091644914582314e-07,2.3004407680670755e-05,3.0527368448396346,1.2249137328356521,-0.17642907052708826,0.041916439333130259,1.7936508072427426,0.67371793843340233,-0.025137050343425307,1.7936400813719673,0.6736545533967182,-0.025212052261427115
24.66,12330,0.0071677291036026502,0.015000447063435885,0,0.14689672537329584,0.00010010592244731647,0.00014007613158536339,1.0212960798925025e-06,2.2813496432377448e-05,3.053107874109946,1.224938065303252,-0.1764080152933365,0.041905193582302151,1.7937316457434809,0.67433390649805502,-0.02441550310821982,1.7937204809922016,0.67426965444006215,-0.024491451887548921
24.68,12340,0.0071687393352452321,0.015000486131438246,0,0.14683547076530176,0.00010134096764078637,0.00013496106409844122,1.0585680226742892e-06,2.3225154141253322e-05,3.0534750534308559,1.2249623999738055,-0.17638695682578701,0.041893948808698803,1.7938099664111051,0.67493051099527301,-0.023716650238048267,1.7937983566626359,0.67486544588777941,-0.023793473003226942
24.699999999999999,12350,0.0071697382061476616,0.015000527537800235,0,0.14678085821718259,0.0001024194180732025,0.00013055759649431507,1.1030750871817676e-06,2.3225154141253322e-05,3.0538383321328242,1.2249867310318536,-0.17636590075082972,0.041882697194894909,1.7938856071278313,0.6755075628832774,-0.023040670869931043,1.7938736908134434,0.67544179332108978,-0.023118273082138624
24.719999999999999,12360,0.0071707257463671532,0.015000567966536985,0,0.14673244291425866,0.00010335430214750225,0.00012667538305012274,1.1501287178592968e-06,2.2845425764212974e-05,3.0541977101399072,1.2250110606959825,-0.17634484366541203,0.041871440554085725,1.7939585681878805,0.67606496340790245,-0.022387692089706666,1.7939464687764066,0.67599858452011174,-0.022465983591608549
24.740000000000002,12370,0.0071717020729546868,0.015000602961976136,0,0.14668980412527458,0.00010419618685796907,0.00012262876631228024,1.1909223623677869e-06,2.3225154141253322e-05,3.0545531850113572,1.2250353937284828,-0.17632378089830142,0.04186018537103707,1.7940289628060067,0.67660266412974013,-0.021757805856963408,1.794016678851474,0.67653572997305433,-0.021836709396082649
24.760000000000002,12380,0.0071726671258219811,0.01500063431396589,0,0.14665251156821973,0.00010494220167830245,0.00011854855370090161,1.2270524089812995e-06,2.2845425764212974e-05,3.0549047235641762,1.2250597293818404,-0.17630271426049485,0.04184893178940588,1.7940968082154534,0.6771205947930875,-0.021151094383901461,1.7940843123733157,0.677053163385409,-0.021230528160601642
24.780000000000001,12390,0.0071736208727953112,0.015000662903611947,0,0.14662014434317575,0.00010558350839484682,0.00011423989091584618,1.2595082298046507e-06,2.2813496432377448e-05,3.0552523116275281,1.2250840671526542,-0.1762816446505327,0.041837679600783322,1.7941620942736483,0.67761870535088709,-0.020567612329426593,1.7941493637778805,0.67755084218914186,-0.020647489754274995
24.800000000000001,12400,0.0071745632662054094,0.015000688160723082,0,0.14659227901239635,0.00010606390611566781,0.00010962932358995926,1.2902787853250425e-06,2.3162298399097643e-05,3.0555959641194277,1.225108404820525,-0.17626057158896472,0.041826426073315728,1.7942246929702339,0.678096936051234,-0.020007400255413785,1.7942118306689514,0.67802874805188496,-0.02008761565375479
24.82,12410,0.0071754943430430559,0.015000709333263931,0,0.14656852745283616,0.00010639404880131428,0.00010453760160821028,1.318113670211448e-06,2.2940947124789083e-05,3.055935684841117,1.2251327432481141,-0.17623949429661107,0.041815171498126517,1.7942846203695462,0.67855530258769881,-0.019470446644034745,1.7942717138847029,0.67848688738612806,-0.019550898346710074
24.84,12420,0.007176414157722702,0.01500072731473695,0,0.14654852663224427,0.0001066141793988339,9.9566261207606789e-05,1.3418704884659767e-06,2.3036072399968081e-05,3.0562714589233555,1.2251570840113937,-0.17621841360233503,0.041803917927405392,1.7943419834945591,0.67899386621452151,-0.018956702809865552,1.7943290175642561,0.67892529185841144,-0.019037300735300106
24.859999999999999,12430,0.0071773227489574558,0.015000740985934635,0,0.14653190797487065,0.0001067039489949139,9.530194546997724e-05,1.3617523420039213e-06,2.3036072399968081e-05,3.056603319487369,1.2251814265244356,-0.17619732842593921,0.041792663566637175,1.7943967113300583,0.67941267152172002,-0.018466104850800504,1.7943837492142354,0.67934401889851614,-0.018546755539648949
24.879999999999999,12440,0.007178220160652133,0.015000750737251765,0,0.14651832682295737,0.00010665965760429403,9.1182066118401887e-05,1.3779326577323637e-06,2.3036072399968081e-05,3.0569312724033919,1.2252057707678112,-0.17617623915406017,0.041781408701821274,1.794448830190895,0.6798117987237231,-0.017998559120250324,1.7944359197753252,0.67974315220865722,-0.018079164701318831
24.900000000000002,12450,0.0071791064364715856,0.015000758694035145,0,0.14650746044219612,0.00010648992000579457,8.7084911917670955e-05,1.3914364160432401e-06,2.2909150924997221e-05,3.0572553058165242,1.2252301166512343,-0.176155147896215,0.041770154859021115,1.7944984316202128,0.68019136185947138,-0.017553940180372981,1.7944855436888256,0.68012280227267474,-0.017634398786784439
24.920000000000002,12460,0.0071799816509618714,0.015000765535073785,0,0.14649899763335239,0.00010619032206514129,8.3127919991066081e-05,1.4029498167595326e-06,2.2972699315936647e-05,3.0575754426134156,1.2252544638480307,-0.17613405534097787,0.041758902048953467,1.794545534944789,0.68055149520955016,-0.017132089704652041,1.794532638963209,0.68048310686522584,-0.017212296390906781
24.940000000000001,12470,0.007180845903400057,0.015000771414760935,0,0.1464926442205105,0.00010575460824658743,7.9028269838343865e-05,1.4127330227230904e-06,2.3256518306983181e-05,3.0578917188642825,1.225278812199913,-0.17611296164900664,0.041747650132844275,1.794590148882607,0.68089236015570553,-0.016732816418257794,1.7945772272406761,0.6808242315609766,-0.016812663540406683
24.960000000000001,12480,0.0071816993115826275,0.015000776358254357,0,0.14648812435937808,0.0001051770588429817,7.5054424951854511e-05,1.4209167045176886e-06,2.2717439178655149e-05,3.0582041771070116,1.2253031616106969,-0.17609186684984593,0.04173639896708993,1.7946322868045348,0.68121414684015258,-0.016355895720102227,1.7946193338637124,0.68114637024379421,-0.016435273097338984
24.98,12490,0.0071825420097085865,0.015000780377829259,0,0.14648518080993661,0.00010445269383507714,7.1001943637889257e-05,1.4276055123722655e-06,2.265317472408141e-05,3.058512864954734,1.2253275120011042,-0.17607077095946888,0.041725148424682175,1.7946719688764747,0.68151707471294609,-0.016001069154625784,1.7946589879416444,0.68144974561593796,-0.016079864162566668
25,12500,0.0071833741480588163,0.015000783493067417,0,0.14648357495864506,0.00010357710383355729,6.707423124954e-05,1.4328993164780685e-06,2.2940947124789083e-05,3.0588178351338611,1.2253518632980962,-0.17604967400081145,0.041713898394541496,1.7947092215492428,0.68180139292242325,-0.015668043840500506,1.7946962224171956,0.68173460970725142,-0.015746141479234838
25.02,12510,0.0071841959578768152,0.015000780774641408,0,0.14648307679511893,0.0001025188427739461,6.3109986966254135e-05,1.4333735164655202e-06,2.2426798989897964e-05,3.0591192072032625,1.2253762165346584,-0.17602857103420189,0.041702646750321891,1.794743947947073,0.68206736587706074,-0.015356494009136549,1.7947310741330436,0.68200124438435483,-0.015433774836243835
25.039999999999999,12520,0.0071850075336238944,0.015000777864941786,0,0.14648349773714237,0.00010131021651671424,5.9397125224404807e-05,1.4330181290830311e-06,2.2940947124789083e-05,3.0594169623701064,1.225400570487224,-0.17600746771665957,0.041691395798953416,1.7947763511958614,0.68231532331266631,-0.015066052963870044,1.7947635838983751,0.68224996185983611,-0.015142398471724036
25.060000000000002,12530,0.0071858090241802494,0.01500077854615901,0,0.1464846608918445,9.9965849866172563e-05,5.5672326830946399e-05,1.4346695524842537e-06,2.2781522350186147e-05,3.0597111254696836,1.2254249241702266,-0.17598636784686353,0.041680146899834236,1.7948065630293146,0.68254561534539315,-0.014796320174265845,1.7947937965554435,0.68248110520144323,-0.014871610476509381
25.080000000000002,12540,0.0071866007057057512,0.015000779221810007,0,0.14648639167703278,9.8457995374568125e-05,5.1876849257763895e-05,1.4359261937532962e-06,2.2749503328951236e-05,3.0600018276193306,1.2254492782574715,-0.1759652678241064,0.041668898395999319,1.7948345183303902,0.68275860062076743,-0.014546861470486868,1.7948217610461239,0.68269504884127619,-0.014620972197610702
25.100000000000001,12550,0.0071873828256976326,0.015000779151950586,0,0.1464885402755341,9.6779081584156209e-05,4.8296730789030757e-05,1.4362503432250603e-06,2.2263692832568247e-05,3.0602891622903972,1.2254736329340956,-0.17594416690582326,0.041657649981986344,1.794860244912865,0.68295468129281778,-0.014317203057401114,1.7948475304784703,0.68289219908497756,-0.014390007641691585
25.120000000000001,12560,0.0071881556392605177,0.015000778204323112,0,0.14649097543351836,9.4926007582813465e-05,4.4804817543418556e-05,1.4355735467261317e-06,2.2972699315936647e-05,3.0605732188808785,1.2254979882118218,-0.17592306496046145,0.04164640155725427,1.7948837980283034,0.68313429416339011,-0.014106833076225608,1.7948711621932716,0.68307299462092597,-0.014178202878539659
25.140000000000001,12570,0.0071889194163931684,0.01500077639946479,0,0.14649358249034286,9.2896314836510581e-05,4.1581493833051634e-05,1.4339497903141189e-06,2.2909150924997221e-05,3.0608540909600728,1.2255223440542979,-0.17590196201024602,0.041635153069244188,1.7949052412347835,0.68329790917615929,-0.013915201203657239,1.7948927178306078,0.68323790702942699,-0.013985005444542536
25.16,12580,0.0071896744445779457,0.015000773780391347,0,0.14649626248391964,9.0687487491574839e-05,3.814371718004686e-05,1.4314497020534046e-06,2.2685329707937426e-05,3.06113187842482,1.2255467004191756,-0.1758808580999553,0.041623904474794311,1.7949246423055503,0.68344602962176981,-0.013741718015126117,1.7949122633964061,0.68338744129190576,-0.013809823746160119
25.18,12590,0.0071904210296648589,0.015000770383899022,0,0.14649893142872675,8.8296911949214179e-05,3.4890000905508531e-05,1.4281367088892786e-06,2.2524095754713237e-05,3.0614066879495909,1.2255710572679066,-0.17585975326800843,0.041612655732083961,1.7949420728872454,0.68357919264739408,-0.013585754364754623,1.7949298693289975,0.68352213630009695,-0.013652026463400774
25.199999999999999,12600,0.0071911594962281731,0.01500076623931298,0,0.14650151955907637,8.5721918609528086e-05,3.2036426925603535e-05,1.4240658502049378e-06,2.2588727439225648e-05,3.061678633059715,1.2255954145663732,-0.1758386475452004,0.041601406800436995,1.7949576087545043,0.68369796979060227,-0.013446640783435644,1.7949456105656729,0.68364256536523882,-0.013510941953292901
25.219999999999999,12610,0.0071918901878250526,0.015000761371355005,0,0.14650397050885919,8.2959810206705562e-05,2.8776098462827586e-05,1.4192862093095594e-06,2.2972699315936647e-05,3.0619478341822393,1.225619772283953,-0.17581754095759106,0.041590157641111632,1.7949713300303585,0.68380296750211,-0.013323666882159307,1.7949595666092395,0.6837493367272639,-0.013385857653359839
25.240000000000002,12620,0.0071926134672632008,0.01500075580213686,0,0.14650624043500823,8.0007876217983026e-05,2.598054388470835e-05,1.4138427788783845e-06,2.2749503328951236e-05,3.0622144187153917,1.2256441303927377,-0.17579643352852159,0.041578908217672787,1.7949833213317739,0.68389482766090159,-0.013216080755943983,1.7949718215945767,0.68384309406399146,-0.01327601948509341
25.260000000000002,12630,0.0071933297168867566,0.015000749552117323,0,0.14650829709600308,7.6863401496126682e-05,2.3130806476445511e-05,1.4077775230947967e-06,2.2524095754713237e-05,3.0624785211147034,1.225668488867055,-0.17577532527958412,0.041567658495992657,1.794993671877233,0.68397422808625796,-0.013123088387550321,1.7949824643551926,0.68392451700031764,-0.013180631257429243
25.280000000000001,12640,0.0071940393388725456,0.015000742640516882,0,0.14651011889615556,7.3523673536468061e-05,2.0490567510038361e-05,1.4011300116743072e-06,2.2972699315936647e-05,3.0627402829948398,1.2256928476831515,-0.17575421623104931,0.041556408444075717,1.7950024755790228,0.68404188304867197,-0.01304385305100616,1.7949915884897809,0.6839943216174097,-0.013098854070218713
25.300000000000001,12650,0.0071947427555305562,0.01500073508553788,0,0.14651169390624039,6.9985990232898326e-05,1.835116892281229e-05,1.3939378745559186e-06,2.2717439178655149e-05,3.0629998532252083,1.2257172068189597,-0.17573310640209791,0.041545158031847412,1.7950098311284322,0.68409854378025092,-0.012977494715034076,1.7949992924287757,0.68405326096189634,-0.013029805717703638
25.32,12660,0.0071954404120063414,0.015000729038292764,0,0.14651303238809199,6.6287806040311886e-05,1.6199215970291549e-05,1.3863247654446543e-06,2.2524095754713237e-05,3.0632573513540748,1.2257415671532794,-0.17571199789158726,0.041533909712284406,1.7950159597117141,0.68414502331158544,-0.01292308107643457,1.7950056795009091,0.68410212555505923,-0.012972560091991256
25.34,12670,0.0071961327573423469,0.015000725036998635,0,0.14651413353614265,6.2412793525483751e-05,1.3553236463535334e-05,1.379423138946334e-06,2.2361699290911531e-05,3.0635129445100495,1.2257659278537127,-0.17569089126943849,0.041522662863362217,1.7950209377232194,0.6841821377714159,-0.012879648293153377,1.795010857999767,0.68414174390202653,-0.012926146586525647
25.359999999999999,12680,0.0071968202869056577,0.015000720979493266,0,0.14651499459994563,5.8317411219370924e-05,1.2313298636799924e-05,1.3730771202776081e-06,2.2524095754713237e-05,3.0637668456561391,1.2257902881037874,-0.17566978448310008,0.041511415096506271,1.7950247552481329,0.68421072762541324,-0.012846191118323415,1.7950149412503453,0.68417298300096285,-0.012889549499564584
25.379999999999999,12690,0.0071975035340018211,0.015000715523362788,0,0.14651563142303214,5.3994925543236472e-05,9.80911239371097e-06,1.3661498653482329e-06,2.2524095754713237e-05,3.0640192510967115,1.2258146483682466,-0.17564867617968877,0.041500166042362813,1.7950275068139148,0.68423169645621318,-0.012821649458858522,1.7950180476756061,0.68419674885226212,-0.012861707437651235
25.400000000000002,12700,0.0071981830362857994,0.015000708314006331,0,0.14651606688908314,4.9445683088628324e-05,9.3526217011086895e-06,1.3582897578977342e-06,2.2717439178655149e-05,3.0642703496567951,1.2258390088193756,-0.17562756599990106,0.041488915652461496,1.7950293222287395,0.68424599040567369,-0.012804916674258182,1.7950203008630343,0.68421398696773894,-0.012841512719089176
25.420000000000002,12710,0.0071988593906722456,0.015000698452349128,0,0.14651633624332769,4.4694730324484559e-05,7.443026089337888e-06,1.3471819536318028e-06,2.2132342465963256e-05,3.0645203322748644,1.22586337090497,-0.17560645297282382,0.041477666341849941,1.7950303922913025,0.68425461081394479,-0.012794833900700122,1.7950218296311933,0.68422568287982066,-0.01282781077741614
25.440000000000001,12720,0.0071995332600869461,0.015000684173600757,0,0.1465164801966895,3.9780119079712564e-05,7.143182815269534e-06,1.3294696805615082e-06,2.1933842111273517e-05,3.0647694201945903,1.2258877375342001,-0.17558533524070891,0.04146641855070389,1.7950308988156021,0.68425860975711117,-0.012790185941499358,1.7950227680962823,0.68423286265073979,-0.012819399564876807
25.460000000000001,12730,0.007200205115298933,0.0150006692208851,0,0.14651651291515055,3.4652609316923922e-05,7.6363836416656947e-06,1.3112773703380586e-06,2.2781522350186147e-05,3.0650177981466711,1.2259121047518915,-0.17556421669997013,0.041455169432311784,1.7950309190475844,0.68425901492624885,-0.012789743557535276,1.7950232557386909,0.68423659338172438,-0.012815028955898991
25.48,12740,0.0072008756134154884,0.015000650890204543,0,0.14651646883448705,2.930705300882544e-05,6.7226204132088284e-06,1.2899324704911654e-06,2.2717439178655149e-05,3.0652657030315047,1.2259364721315824,-0.1755430946124677,0.041443923072833774,1.7950305678614746,0.68425693355748929,-0.012792211365576255,1.7950234374695573,0.6842379837221908,-0.01281340015056566
25.5,12750,0.0072015454665944317,0.015000627952884361,0,0.14651638613204787,2.3770256661338051e-05,7.443026089337888e-06,1.2644044008520863e-06,2.2329078268013787e-05,3.0655133932939735,1.2259608416507162,-0.17552196773269335,0.041432675388255569,1.7950299948741972,0.68425353112760534,-0.012796228545514042,1.795023463697323,0.68423818437893602,-0.01281316507808905
25.52,12760,0.0072022150469577178,0.015000610825489556,0,0.14651626452705455,1.8171973329415532e-05,8.6226911565613789e-06,1.2483560599467744e-06,2.2394272795856101e-05,3.0657610106483943,1.2259852078064175,-0.17550084676349997,0.041421416671940284,1.7950293198209104,0.68424985076948153,-0.01280052301485341,1.795023463697323,0.68423818437893602,-0.01281316507808905
25.539999999999999,12770,0.0072028845572743635,0.015000607860951887,0,0.14651610717061109,1.3507722929087602e-05,8.1891091329340797e-06,1.2532896883826241e-06,2.206637408534863e-05,3.0660086350705167,1.2260095606464583,-0.17547974031419861,0.041410151079046886,1.7950285984975296,0.68424674291646048,-0.012804063218882831,1.795023463697323,0.68423818437893602,-0.01281316507808905
25.560000000000002,12780,0.0072035544028818902,0.01500060726421794,0,0.14651596054264965,1.0072862046366091e-05,8.0091067314007856e-06,1.2640182085828574e-06,2.1867274910380131e-05,3.0662564015242859,1.2260339079593354,-0.17545863627305039,0.041398884882764921,1.7950278944348126,0.68424444389626993,-0.012806634415193894,1.795023463697323,0.68423818437893602,-0.01281316507808905
25.580000000000002,12790,0.0072042247712671417,0.01500059913073888,0,0.14651585494639158,7.569627384376328e-06,8.7068169648562888e-06,1.2662235181684268e-06,2.2459278078588273e-05,3.0665043502847369,1.2260582600859744,-0.17543752440268512,0.041387619645253844,1.795027283572223,0.68424276971507536,-0.012808508630196469,1.795023463697323,0.68423818437893602,-0.01281316507808905
25.600000000000001,12800,0.0072048954231512348,0.015000590065954365,0,0.14651575795736749,5.7022494649482814e-06,8.4519278880801402e-06,1.2679458258172539e-06,2.2459278078588273e-05,3.0667523925744198,1.2260826149865829,-0.1754164114531741,0.041376348317038292,1.7950267619013855,0.68424150040834064,-0.012809902954867879,1.795023463697323,0.68423818437893602,-0.01281316507808905
25.620000000000001,12810,0.0072055662526847256,0.015000581479188872,0,0.14651567161354104,4.3147400483769516e-06,9.5072209630461516e-06,1.2706027041442345e-06,2.2263692832568247e-05,3.0670004849871639,1.2261069706421583,-0.17539529885934421,0.04136507430505329,1.7950263195183642,0.6842405351178702,-0.012810943525854905,1.795023463697323,0.68423818437893602,-0.01281316507808905
25.640000000000001,12820,0.0072062372865025238,0.015000570437645706,0,0.14651561678281178,3.3423812065802525e-06,8.8726760008265974e-06,1.2694940104348836e-06,2.2263692832568247e-05,3.0672486256255507,1.2261313276556507,-0.17537418358823403,0.041353804815817949,1.7950259696782271,0.68423984247095326,-0.012811701417369951,1.795023463697323,0.68423818437893602,-0.01281316507808905
25.66,12830,0.007206908492757136,0.015000557221984137,0,0.14651558933505768,2.7030579492246834e-06,8.8726760008265974e-06,1.2644605056389338e-06,2.1900583802360337e-05,3.0674967999431662,1.2261556865128962,-0.17535306590854682,0.04134253948760408,1.7950257153955327,0.68423936218903336,-0.012812243589714703,1.795023463697323,0.68423818437893602,-0.01281316507808905
25.68,12840,0.0072075797763835412,0.015000543810510065,0,0.14651557412112909,2.2508997795526365e-06,9.6593461578058769e-06,1.2588736100705666e-06,2.2165253030559974e-05,3.067744988226321,1.2261800457062042,-0.17533194788160175,0.041331275187639044,1.795025502043111,0.684238997354922,-0.012812664312362766,1.795023463697323,0.68423818437893602,-0.01281316507808905
25.699999999999999,12850,0.0072082510900526161,0.015000531271964263,0,0.14651556040419145,1.9099966567540148e-06,1.0029569411827041e-05,1.2547933698648564e-06,2.1900583802360337e-05,3.0679931829980038,1.226204404336747,-0.17531083062688957,0.041320009821413123,1.7950252951797425,0.68423870162693323,-0.012813003171062485,1.795023463697323,0.68423818437893602,-0.01281316507808905
25.719999999999999,12860,0.0072089224461899882,0.015000519176442691,0,0.14651554787827872,1.668370052626607e-06,1.024528375501914e-05,1.251374152538018e-06,2.206637408534863e-05,3.0682413851837596,1.2262287627393214,-0.17528971369148377,0.041308744310476916,1.7950251033358264,0.68423847950873673,-0.012813254199418457,1.795023463697323,0.68423818437893602,-0.01281316507808905
25.740000000000002,12870,0.0072095938535564601,0.015000506945145844,0,0.14651553887106614,1.4973504993076749e-06,9.5072209630461516e-06,1.247583140048349e-06,2.1967050066869309e-05,3.0684895951766511,1.2262531211967584,-0.17526859647319232,0.041297479874899359,1.7950249311718178,0.68423832645716587,-0.012813426594630523,1.795023463697323,0.68423818437893602,-0.01281316507808905
25.760000000000002,12880,0.0072102653169918212,0.015000494125405422,0,0.14651553560953373,1.3697764534985549e-06,9.5835854103906053e-06,1.2426010561972727e-06,2.2263692832568247e-05,3.068737812740074,1.2262774799916654,-0.1752474785010914,0.041286217329420935,1.7950247817922831,0.68423823373606718,-0.012813534506136722,1.795023463697323,0.68423818437893602,-0.01281316507808905
25.780000000000001,12890,0.0072109368364792073,0.015000480492085478,0,0.14651553913794041,1.2679372116234312e-06,9.8831444809089806e-06,1.2359599062328601e-06,2.2329078268013787e-05,3.0689860365238983,1.2263018393570704,-0.1752263595388916,0.04127495701814804,1.7950246573322037,0.6842381905747642,-0.012813592701937632,1.795023463697323,0.68423818437893602,-0.01281316507808905
25.800000000000001,12900,0.0072116084071085626,0.015000466056842625,0,0.14651554924309076,1.1840654552085958e-06,1.0933637455190016e-05,1.2275419240366815e-06,2.2361699290911531e-05,3.0692342639205044,1.226326199433305,-0.17520523959407475,0.041263698932908134,1.7950245590711802,0.68423818559927407,-0.012813614706408903,1.795023463697323,0.68423818437893602,-0.01281316507808905
25.82,12910,0.0072122800199265168,0.015000451029996505,0,0.14651556479965439,1.1173242668842281e-06,1.0386604689550578e-05,1.2175149185789766e-06,2.2198114802541581e-05,3.069482491279993,1.2263505602536413,-0.17518411887864815,0.041252442846901764,1.7950244874526757,0.684238207892365,-0.012813612051929242,1.795023463697323,0.68423818437893602,-0.01281316507808905
25.84,12920,0.0072129516632853706,0.015000435761157831,0,0.14651558420305627,1.0702085191972818e-06,1.0663629423853027e-05,1.2062454848358701e-06,2.1967050066869309e-05,3.0697307143485344,1.2263749217537001,-0.17516299774826891,0.041241188419659909,1.7950244421140578,0.68423824772378949,-0.012813594070393499,1.795023463697323,0.68423818437893602,-0.01281316507808905
25.859999999999999,12930,0.0072136233243202041,0.015000420675024443,0,0.14651560573999381,1.0455807479966314e-06,1.1262047877356564e-05,1.1942123030116607e-06,2.2165253030559974e-05,3.0699789287487658,1.2263992837944948,-0.17514187663647768,0.041229935270170867,1.7950244219495126,0.6842382969735985,-0.012813567960557883,1.795023463697323,0.68423818437893602,-0.01281316507808905
25.879999999999999,12940,0.0072142949902967608,0.0150004062125465,0,0.14651562784769179,1.0447518722958545e-06,1.1454575462498553e-05,1.1819309723371343e-06,2.206637408534863e-05,3.0702271304229196,1.2264236461905595,-0.1751207559944358,0.041218683024514542,1.795024425203178,0.68423834929526384,-0.012813538997292102,1.795023463697323,0.68423818437893602,-0.01281316507808905
25.900000000000002,12950,0.0072149666496868631,0.01500039278314466,0,0.1465156492620773,1.0667836718140597e-06,1.1768457563181822e-05,1.1698955345253037e-06,2.2132342465963256e-05,3.0704753159760121,1.2264480087373033,-0.17509963624195363,0.041207431344653732,1.7950244495833161,0.68423840008015202,-0.01281351080803647,1.795023463697323,0.68423818437893602,-0.01281316507808905
25.920000000000002,12960,0.0072156382929163551,0.015000380730334701,0,0.14651566907551636,1.1088644340645348e-06,1.1891690845819462e-05,1.1585377848346566e-06,2.2361699290911531e-05,3.0707234828868746,1.2264723712342833,-0.17507851773220806,0.041196179943624241,1.7950244923879446,0.68423844628688613,-0.012813485671544833,1.795023463697323,0.68423818437893602,-0.01281316507808905
25.940000000000001,12970,0.0072163099127902555,0.0150003703107902,0,0.14651568673025486,1.1672022351658283e-06,1.2372355563799738e-05,1.1482031030599566e-06,2.2132342465963256e-05,3.0709716296108205,1.2264967335027854,-0.17505740073019035,0.04118492859105901,1.7950245506333706,0.68423848619249616,-0.012813464810738409,1.795023463697323,0.68423818437893602,-0.01281316507808905
25.960000000000001,12980,0.007216981504635428,0.015000361685370073,0,0.14651570197224417,1.2378326353313529e-06,1.2074182697257354e-05,1.1391400720849992e-06,2.2099382890764463e-05,3.0712197555745093,1.2265210953974224,-0.1750362854033776,0.041173677112100057,1.7950246211789629,0.68423851911163014,-0.012813448662132937,1.795023463697323,0.68423818437893602,-0.01281316507808905
25.98,12990,0.0072176530662186322,0.015000354919913361,0,0.14651571478541958,1.317066576427756e-06,1.1518036199983983e-05,1.1315006885417951e-06,2.2132342465963256e-05,3.0714678611067199,1.226545456812179,-0.17501517182239923,0.041162425382087239,1.7950247008429689,0.68423854511816373,-0.01281343711159268,1.795023463697323,0.68423818437893602,-0.01281316507808905
26,13000,0.0072183245975027469,0.015000349993261667,0,0.14651572532120943,1.4016266216451297e-06,1.2134403433412636e-05,1.1253479385081193e-06,2.1800504449438904e-05,3.0717159473027058,1.2265698176818076,-0.17499405996910347,0.041151173318896013,1.7950247865059203,0.68423856479232359,-0.012813429691497447,1.795023463697323,0.68423818437893602,-0.01281316507808905
26.02,13010,0.0072189961003006359,0.015000346810082943,0,0.14651573383303998,1.4886278088378228e-06,1.2372355563799738e-05,1.1206679463434908e-06,2.183391520383078e-05,3.0719640158710591,1.2265941779796496,-0.17497294974954794,0.041139920874345641,1.7950248751993174,0.6842385790067349,-0.012813425738353392,1.795023463697323,0.68423818437893602,-0.01281316507808905
26.039999999999999,13020,0.0072196675778781437,0.015000345216317811,0,0.14651574062139849,1.5755227055947837e-06,1.2313298636799924e-05,1.1173844209823362e-06,2.2132342465963256e-05,3.0722120689592867,1.2266185377129959,-0.17495184100969086,0.041128668025716693,1.7950249641785141,0.68423858875711663,-0.012813424512624386,1.795023463697323,0.68423818437893602,-0.01281316507808905
26.060000000000002,13030,0.0072203390345473902,0.015000345015479206,0,0.14651574599186068,1.6600640763948145e-06,1.2372355563799738e-05,1.1153737490830731e-06,2.2491710265994076e-05,3.072460108993238,1.2266428969169674,-0.1749307335519722,0.041117414768059204,1.7950250509795169,0.68423859503764861,-0.01281342528453867,1.795023463697323,0.68423818437893602,-0.01281316507808905
26.080000000000002,13040,0.0072210104752808953,0.015000345984442947,0,0.14651575022620927,1.7402944812434797e-06,1.1891690845819462e-05,1.114479560910826e-06,2.2329078268013787e-05,3.0727081385185038,1.2266672556477649,-0.1749096271513958,0.041106161107700712,1.7950251334600644,0.68423859875725279,-0.012813427390649642,1.795023463697323,0.68423818437893602,-0.01281316507808905
26.100000000000001,13050,0.0072216819053670129,0.015000347887789344,0,0.14651575356530752,1.8145537938031543e-06,1.2074182697257354e-05,1.114526014491544e-06,2.2132342465963256e-05,3.0729561600789053,1.2266916139759503,-0.17488852157013968,0.041094907057124375,1.7950252098259316,0.68423860069067155,-0.012813430266497016,1.795023463697323,0.68423818437893602,-0.01281316507808905
26.120000000000001,13060,0.0072223533301185305,0.015000350490109678,0,0.14651575620171126,1.881492478571881e-06,1.1262047877356564e-05,1.1153293472189917e-06,2.2198114802541581e-05,3.0732041760969353,1.2267159719802379,-0.17486741657010565,0.04108365263122668,1.7950252786436869,0.68423860145737503,-0.01281343346068709,1.795023463697323,0.68423818437893602,-0.01281316507808905
26.140000000000001,13070,0.0072230247546392901,0.015000353565993947,0,0.14651575827957372,1.9400814573266949e-06,1.1581149199548762e-05,1.1167074870675788e-06,2.2329078268013787e-05,3.0734521888026496,1.2267403297420847,-0.1748463119231074,0.041072397844830758,1.7950253388413591,0.6842386015210713,-0.012813436635346589,1.795023463697323,0.68423818437893602,-0.01281316507808905
26.16,13080,0.0072236961836484584,0.015000356907652373,0,0.14651575989956567,1.9896136392956382e-06,1.1454575462498553e-05,1.1184876579591079e-06,2.206637408534863e-05,3.0737002001673326,1.2267646873412521,-0.17482520741865068,0.041061142711273174,1.7950253896986335,0.68423860120326263,-0.012813439557353498,1.795023463697323,0.68423818437893602,-0.01281316507808905
26.18,13090,0.0072243676213584237,0.015000360330276534,0,0.14651576112672782,2.0296954989331794e-06,1.1066171232981577e-05,1.1205120411975758e-06,2.2459278078588273e-05,3.0739482118704018,1.2267890448523775,-0.17480410286940887,0.041049887241836829,1.7950254308282341,0.68423860070514553,-0.012813442084017603,1.795023463697323,0.68423818437893602,-0.01281316507808905
26.199999999999999,13100,0.0072250390713999545,0.015000363675375187,0,0.14651576199956806,2.0602291951451835e-06,1.2013660097101191e-05,1.122641627365849e-06,2.265317472408141e-05,3.074196225278655,1.2268134023425361,-0.17478299811463843,0.041038631445801832,1.7950254621501476,0.6842386001332843,-0.012813444146120947,1.795023463697323,0.68423818437893602,-0.01281316507808905
26.219999999999999,13110,0.0072257105367872299,0.015000366812375312,0,0.14651576253911378,2.0813867963152128e-06,1.2074182697257354e-05,1.1247584824120167e-06,2.2588727439225648e-05,3.074444241449243,1.22683775986968,-0.17476189302182332,0.041027375330900992,1.795025483860303,0.6842385995255964,-0.012813445730508329,1.795023463697323,0.68423818437893602,-0.01281316507808905
26.240000000000002,13120,0.0072263820199149759,0.015000369638782362,0,0.14651576275704695,2.0935785655810487e-06,1.1952831047522336e-05,1.126766648731067e-06,2.265317472408141e-05,3.0746922611340612,1.2268621174818346,-0.17474078748685473,0.041016118903989103,1.7950254963952439,0.68423859887527116,-0.012813446863753859,1.795023463697323,0.68423818437893602,-0.01281316507808905
26.260000000000002,13130,0.0072270535225803017,0.015000372079228665,0,0.14651576266238001,2.0974172568734878e-06,1.1390761175093017e-05,1.1285919275193033e-06,2.2781522350186147e-05,3.074940284803108,1.2268864752169342,-0.17471968143307542,0.041004862171784277,1.7950255003942308,0.68423859815115118,-0.012813447597839128,1.795023463697323,0.68423818437893602,-0.01281316507808905
26.280000000000001,13140,0.0072277250460225121,0.015000374083685786,0,0.14651576226643895,2.0936801724481114e-06,1.1768457563181822e-05,1.1301808153163863e-06,2.206637408534863e-05,3.0751883126716244,1.2269108331031218,-0.17469857480947587,0.040993605141560197,1.7950254966600716,0.68423859731385994,-0.012813447998353367,1.795023463697323,0.68423818437893602,-0.01281316507808905
26.300000000000001,13150,0.0072283965909751488,0.015000375625096143,0,0.1465157615861383,2.083270536681479e-06,1.1454575462498553e-05,1.1314988073555892e-06,2.2000207897163392e-05,3.0754363447276898,1.2269351911594122,-0.17467746758829616,0.040982347821715948,1.7950254861198949,0.68423859632756001,-0.012813448135328918,1.795023463697323,0.68423818437893602,-0.01281316507808905
26.32,13160,0.0072290681577254264,0.01500037669663753,0,0.14651576064567323,2.0671794081393176e-06,1.2074182697257354e-05,1.1325282842547037e-06,2.2099382890764463e-05,3.0756843807688221,1.2269595493965921,-0.17465635976226024,0.040971090222179748,1.7950254697868591,0.68423859516758678,-0.012813448076610627,1.795023463697323,0.68423818437893602,-0.01281316507808905
26.34,13170,0.0072297397461772656,0.015000377308799254,0,0.14651575947689044,2.0464492418083136e-06,1.1581149199548762e-05,1.1332661630217865e-06,2.206637408534863e-05,3.0759324204333338,1.2269839078182569,-0.17463525134161351,0.040959832354631499,1.7950254487237505,0.68423859382453178,-0.012813447883473937,1.795023463697323,0.68423818437893602,-0.01281316507808905
26.359999999999999,13180,0.0072304113559149693,0.015000377486413191,0,0.14651575811860365,2.0221398861277556e-06,1.2013660097101191e-05,1.1337214615013889e-06,2.2132342465963256e-05,3.0761804632364202,1.2270082664219173,-0.17461414235111952,0.040948574232540218,1.7950254240091563,0.68423859230541773,-0.012813447608124267,1.795023463697323,0.68423818437893602,-0.01281316507808905
26.379999999999999,13190,0.0072310829862653634,0.015000377265731014,0,0.14651575661517416,1.9952977451022749e-06,1.2134403433412636e-05,1.1339128819106609e-06,2.2263692832568247e-05,3.0764285085995953,1.2270326252001047,-0.17459303282710234,0.040937315871044842,1.7950253967068652,0.68423859063270343,-0.01281344729268436,1.795023463697323,0.68423818437893602,-0.01281316507808905
26.400000000000002,13200,0.0072317546363568621,0.015000376691651315,0,0.14651575501462702,1.9669285697481227e-06,1.1454575462498553e-05,1.1338665155917129e-06,2.2198114802541581e-05,3.0766765558805802,1.2270569841414429,-0.17457192281464223,0.040926057286697091,1.7950253678389028,0.684238588841802,-0.012813446969261,1.795023463697323,0.68423818437893602,-0.01281316507808905
26.420000000000002,13210,0.0072324263051744197,0.015000375815119772,0,0.14651575336655781,1.9379742729033384e-06,1.1454575462498553e-05,1.133613715214529e-06,2.2263692832568247e-05,3.0769246044041361,1.2270813432316421,-0.17455081236494835,0.040914798497109099,1.7950253383625479,0.68423858697770834,-0.012813446660769209,1.795023463697323,0.68423818437893602,-0.01281316507808905
26.440000000000001,13220,0.0072330979916096745,0.015000374690773078,0,0.14651575172003656,1.9092939768646701e-06,1.1643920115677386e-05,1.1331891800899089e-06,2.2198114802541581e-05,3.0771726534829202,1.2271057024544172,-0.17452970153297698,0.040903539520534021,1.7950253091515007,0.68423858509127511,-0.012813446382176151,1.795023463697323,0.68423818437893602,-0.01281316507808905
26.460000000000001,13230,0.007233769694505952,0.015000373374824171,0,0.14651575012168361,1.8816493632644894e-06,1.1326587362040649e-05,1.1326292806050484e-06,2.2099382890764463e-05,3.0774207024388138,1.2271300617922967,-0.1745085903752969,0.040892280375415153,1.7950252809812415,0.68423858323552889,-0.012813446141968464,1.795023463697323,0.68423818437893602,-0.01281316507808905
26.48,13240,0.0072344414126979065,0.015000371923209847,0,0.14651574861399078,1.8556942795209394e-06,1.2313298636799924e-05,1.1319706217288826e-06,2.2099382890764463e-05,3.0776687506232898,1.2271544212273311,-0.17448747894821834,0.04088102107993534,1.7950252545185352,0.68423858146229699,-0.012813445943625176,1.795023463697323,0.68423818437893602,-0.01281316507808905
26.5,13250,0.007235113145045791,0.015000370390005272,0,0.14651574723399702,1.8319684646723802e-06,1.1768457563181822e-05,1.1312488422155654e-06,2.2033315828455735e-05,3.0779167974316093,1.2271787807417056,-0.17446636730619289,0.040869761651588024,1.7950252303149472,0.68423857981936809,-0.012813445786995481,1.795023463697323,0.68423818437893602,-0.01281316507808905
26.52,13260,0.0072357848904644178,0.015000368826100065,0,0.14651574601233025,1.8108950599942342e-06,1.2134403433412636e-05,1.1304976520283277e-06,2.2329078268013787e-05,3.0781648423141763,1.22720314031824,-0.1744452555004786,0.040858502106793676,1.795025208804065,0.68423857834826762,-0.012813445669505685,1.795023463697323,0.68423818437893602,-0.01281316507808905
26.539999999999999,13270,0.0072364566479469448,0.015000367278135602,0,0.14651574497262096,1.7927816253608381e-06,1.1643920115677386e-05,1.1297480688502488e-06,2.2099382890764463e-05,3.0784128847850369,1.2272274999408166,-0.17442414357806607,0.040847242460571268,1.7950251903021957,0.68423857708269364,-0.012813445587141996,1.795023463697323,0.68423818437893602,-0.01281316507808905
26.560000000000002,13280,0.0072371284165836615,0.015000365787683774,0,0.14651574413126248,1.7778241488851027e-06,1.2074182697257354e-05,1.1290278710031322e-06,2.2198114802541581e-05,3.0786609244299075,1.227251859594688,-0.17440303158085058,0.040835982726279287,1.7950251750120743,0.68423857604758043,-0.01281344553521507,1.795023463697323,0.68423818437893602,-0.01281316507808905
26.580000000000002,13290,0.0072378001955760484,0.015000364390657151,0,0.14651574349748975,1.7661136528067435e-06,1.1830234667768806e-05,1.1283611999758652e-06,2.206637408534863e-05,3.0789089609094584,1.2272762192667352,-0.17438191954503679,0.040824722915425549,1.7950251630292393,0.6842385752587411,-0.012813445508919875,1.795023463697323,0.68423818437893602,-0.01281316507808905
26.600000000000001,13300,0.0072384719842463318,0.015000363116941189,0,0.14651574307373094,1.7576448884020754e-06,1.2194326777763662e-05,1.1277683366715647e-06,2.2263692832568247e-05,3.0791569939578665,1.2273005789456284,-0.17436080750076605,0.040813463037550693,1.7950251543506071,0.68423857472302041,-0.012813445503698945,1.795023463697323,0.68423818437893602,-0.01281316507808905
26.620000000000001,13310,0.0072391437820429052,0.015000361990225973,0,0.14651574285616306,1.7523266302382418e-06,1.2431131930566656e-05,1.1272655959216121e-06,2.2198114802541581e-05,3.0794050233865691,1.2273249386219378,-0.17433969547194564,0.040802203100179436,1.7950251488847835,0.68423857443882907,-0.012813445515465243,1.795023463697323,0.68423818437893602,-0.01281316507808905
26.640000000000001,13320,0.0072398155885418916,0.015000361028011612,0,0.14651574283543845,1.7499931218687639e-06,1.1643920115677386e-05,1.1268653518538943e-06,2.2394272795856101e-05,3.0796530490780816,1.2273492982881606,-0.17431858347625331,0.040790943108835132,1.7950251464636646,0.68423857439700209,-0.012813445540696709,1.795023463697323,0.68423818437893602,-0.01281316507808905
26.66,13330,0.007240487403445287,0.015000360241786945,0,0.14651574299752598,1.7504162672801464e-06,1.1518036199983983e-05,1.1265761392431411e-06,2.1867274910380131e-05,3.0799010709831278,1.2273736579387269,-0.17429747152531505,0.040779683067109669,1.7950251468549059,0.68423857458186654,-0.012813445576454486,1.795023463697323,0.68423818437893602,-0.01281316507808905
26.68,13340,0.0072411592265760579,0.015000359637335857,0,0.14651574332460715,1.7533181309063798e-06,1.1952831047522336e-05,1.1264028602447844e-06,2.2165253030559974e-05,3.0801490891144563,1.2273980175699182,-0.17427635962501115,0.040768422976784235,1.7950251497747929,0.68423857497243568,-0.01281344562033508,1.795023463697323,0.68423818437893602,-0.01281316507808905
26.699999999999999,13350,0.0072418310578706213,0.015000359215162523,0,0.14651574379599547,1.7583834463331555e-06,1.2547858734911261e-05,1.1263470279154918e-06,2.2099382890764463e-05,3.0803971035392466,1.227422377179785,-0.17425524777590501,0.040757162837985063,1.7950251549011738,0.68423857554365464,-0.012813445670395593,1.795023463697323,0.68423818437893602,-0.01281316507808905
26.719999999999999,13360,0.0072425028973691725,0.015000358971014215,0,0.14651574438905374,1.7652718077159821e-06,1.1891690845819462e-05,1.1264070902902833e-06,2.2165253030559974e-05,3.0806451143752964,1.2274467367679971,-0.17423413597376655,0.040745902649371377,1.7950251618860824,0.68423857626765072,-0.012813445725069941,1.795023463697323,0.68423818437893602,-0.01281316507808905
26.740000000000002,13370,0.0072431747452042982,0.015000358896470473,0,0.14651574508005827,1.7736292500067175e-06,1.1952831047522336e-05,1.1265787689415705e-06,2.2033315828455735e-05,3.0808931217782258,1.2274710963356934,-0.17421302421016499,0.040734642408342313,1.7950251703677282,0.6842385771149222,-0.012813445783075793,1.795023463697323,0.68423818437893602,-0.01281316507808905
26.760000000000002,13380,0.0072438466015883373,0.015000358979586256,0,0.14651574584499674,1.7830990427644564e-06,1.1952831047522336e-05,1.1268554455995558e-06,2.2165253030559974e-05,3.0811411259367314,1.2274954558852917,-0.17419191247311497,0.040723382111257179,1.7950251799816497,0.68423857805542887,-0.012813445843338597,1.795023463697323,0.68423818437893602,-0.01281316507808905
26.780000000000001,13390,0.00724451846679992,0.015000359205554903,0,0.14651574666029021,1.7933314329563037e-06,1.1706354451251847e-05,1.1272285505216823e-06,2.2361699290911531e-05,3.0813891270635785,1.227519815420298,-0.17417080074774377,0.040712121753659708,1.7950251903707461,0.68423857905957131,-0.012813445904929676,1.795023463697323,0.68423818437893602,-0.01281316507808905
26.800000000000001,13400,0.0072451903411701237,0.015000359557389459,0,0.14651574750341678,1.8039922563010369e-06,1.2194326777763662e-05,1.1276879707438948e-06,2.2426798989897964e-05,3.0816371253866066,1.227544174945101,-0.17414968901697642,0.040700861330499286,1.7950252011941068,0.68423858009903649,-0.012813445967015901,1.795023463697323,0.68423818437893602,-0.01281316507808905
26.82,13410,0.0072458622250686448,0.015000360016583787,0,0.14651574835343223,1.8147702622186765e-06,1.2013660097101191e-05,1.1282224492560766e-06,2.2263692832568247e-05,3.0818851211425691,1.2275685344647675,-0.17412857726220121,0.040689600836342557,1.7950252121344823,0.68423858114748792,-0.012813446028833692,1.795023463697323,0.68423818437893602,-0.01281316507808905
26.84,13420,0.007246534118890308,0.01500036056375134,0,0.1465157491913858,1.8253830792188287e-06,1.1706354451251847e-05,1.1288199815111372e-06,2.2524095754713237e-05,3.0821331145695625,1.2275928939848344,-0.17410746546391292,0.040678340265575048,1.7950252229043324,0.68423858218111711,-0.012813446089670132,1.795023463697323,0.68423818437893602,-0.01281316507808905
26.859999999999999,13430,0.0072472060230422937,0.015000361179225086,0,0.14651575000063666,1.8355818368688091e-06,1.2547858734911261e-05,1.1294681827177763e-06,2.2329078268013787e-05,3.0823811058999313,1.2276172535111256,-0.17408635360231653,0.040667079612581161,1.7950252332504781,0.68423858317905339,-0.012813446148858499,1.795023463697323,0.68423818437893602,-0.01281316507808905
26.879999999999999,13440,0.0072478779379322733,0.015000361843599253,0,0.14651575076706699,1.8451544097608698e-06,1.1581149199548762e-05,1.1301546477268922e-06,2.2588727439225648e-05,3.0826290953560118,1.2276416130495542,-0.17406524165787388,0.040655818871906661,1.7950252429573352,0.68423858412363492,-0.012813446205783348,1.795023463697323,0.68423818437893602,-0.01281316507808905
26.900000000000002,13450,0.0072485498639577673,0.015000362538213899,0,0.14651575147919946,1.8539273400998087e-06,1.2013660097101191e-05,1.1308672572351984e-06,2.2491710265994076e-05,3.0828770831439898,1.2276659726059742,-0.1740441296117913,0.040644558038395319,1.7950252518487986,0.68423858500054913,-0.012813446259891352,1.795023463697323,0.68423818437893602,-0.01281316507808905
26.920000000000002,13460,0.0072492218014967953,0.01500036324556954,0,0.1465157521282314,1.861766541494126e-06,1.2489631698061449e-05,1.1315944697306422e-06,2.2165253030559974e-05,3.083125069452485,1.2276903321860178,-0.1740230174464385,0.04063329710730644,1.7950252597888881,0.6842385857988702,-0.012813446310700052,1.795023463697323,0.68423818437893602,-0.01281316507808905
26.940000000000001,13470,0.0072498937509000065,0.015000363949671639,0,0.14651575270799033,1.8685768595929563e-06,1.1706354451251847e-05,1.132325558395152e-06,2.2329078268013787e-05,3.0833730544449964,1.2277146917949762,-0.17400190514569475,0.040622036074403518,1.7950252666812412,0.68423858651099012,-0.012813446357811235,1.795023463697323,0.68423818437893602,-0.01281316507808905
26.960000000000001,13480,0.0072505657124843177,0.015000364636295402,0,0.14651575321482477,1.8743006275962761e-06,1.1581149199548762e-05,1.133050810572877e-06,2.2263692832568247e-05,3.0836210382636922,1.227739051437692,-0.17398079269521807,0.040610774936020298,1.7950252724675955,0.68423858713246899,-0.012813446400921032,1.795023463697323,0.68423818437893602,-0.01281316507808905
26.98,13490,0.0072512376865280972,0.015000365293181238,0,0.14651575364743377,1.8789153503709214e-06,1.1830234667768806e-05,1.1337616811223104e-06,2.2556434745889217e-05,3.0838690210242183,1.2277634111184765,-0.17395968008264234,0.040599513689106345,1.7950252771253998,0.68423858766180978,-0.012813446439827413,1.795023463697323,0.68423818437893602,-0.01281316507808905
27,13500,0.007251909673267859,0.015000365910155352,0,0.14651575400665534,1.8824306990181926e-06,1.2605816820395112e-05,1.1344509021823019e-06,2.265317472408141e-05,3.0841170028161815,1.2277877708410463,-0.17393856729769935,0.040588252331246535,1.7950252806647387,0.68423858810018201,-0.012813446474433486,1.795023463697323,0.68423818437893602,-0.01281316507808905
