time_s,fresh_state_index,base_translation_drift_m,robot_target_minimum_m,robot_target_minimum_censored,continuum_sphere_minimum_m,continuum_actual_minus_task_base_m,continuum_orientation_to_Task_deg,rigid_position_to_terminal_Task_grasp_m,rigid_orientation_to_terminal_Task_grasp_deg,base_orientation_drift_deg,rigid_actual_x_m,rigid_actual_y_m,rigid_actual_z_m,continuum_actual_x_m,continuum_actual_y_m,continuum_actual_z_m,continuum_Task_base_x_m,continuum_Task_base_y_m,continuum_Task_base_z_m
0,0,0,0.38088294669604594,0,0.09623181754614954,0,0,0.36809455434513894,5.2630142203192084e-06,0,1.1944940203126171,-0.56820370359434225,0.095991255573481288,1.9300000000000013,0.62599999999999989,5.3857741901253149e-09,1.9300000000000013,0.62599999999999989,5.3857741901253149e-09
0.02,10,1.5356588863522482e-05,0.37995938967498594,0,0.096209636555271705,6.7831938370059385e-05,0.0018714379462708344,0.36715914251623316,0.00527461994540786,0.0076109997331237373,1.1943690384659444,-0.56726120698975779,0.095800998743200735,1.9300662998942009,0.6259862925116042,-3.3276051566022035e-07,1.9299998788978392,0.6260000514636882,5.3857731542258737e-09
0.040000000000000001,20,5.6575124115213976e-05,0.37749053458271581,0,0.096168609154569151,0.00024652094015107723,0.0066434391597916548,0.3646620287613262,0.011617517912844518,0.027903128966270598,1.1941086866555668,-0.56477424970431378,0.095364591304831312,1.9302435439485988,0.62596902007264954,-1.9900082657091608e-06,1.9299990376500789,0.62600040896112497,5.3857659582512541e-09
0.059999999999999998,30,0.00012157630179027103,0.37360966404859175,0,0.096135667990115331,0.0005275703117302384,0.013475896569026466,0.3607508190096701,0.01100701939928374,0.059613539276861478,1.1937696843642793,-0.5608717795141096,0.094859003299751554,1.9305231455889942,0.6259664249034711,-6.4725129892530662e-06,1.9299967738183768,0.62600137100116715,5.3857465935928994e-09
0.080000000000000002,40,0.00019927081053006554,0.36895388919839617,0,0.096117491849121356,0.00086908931641602389,0.019115338397842484,0.35607033889544948,0.0086656228448642927,0.096941301839369082,1.1936132766865291,-0.55619351641453185,0.09437455178398961,1.9308608513057142,0.62597166324173004,-1.0921701218813119e-05,1.929992404123769,0.62600322795068353,5.3857092155302492e-09
0.10000000000000001,50,0.00027656798740018052,0.36419723372033358,0,0.096112784290771774,0.0012129481316950838,0.021253899026642514,0.35129016439472832,0.0079018084485542855,0.13361775081535221,1.1936189056341135,-0.55141520493683649,0.093893252782206102,1.9311977935016225,0.62597830492379358,-1.5305931893862987e-05,1.9299852642732838,0.6260062621082384,5.3856481417475893e-09
0.12,60,0.00035006129913521842,0.35947280285341687,0,0.096116034272439366,0.001537309704235364,0.019417819143201561,0.34654003574507813,0.0070881378247474765,0.1682025527085679,1.1936117726233253,-0.54666912232258635,0.093393086056478003,1.9315117235534194,0.62598667864221191,-1.8089085468452319e-05,1.9299747087865522,0.62601074777777421,5.3855578508509032e-09
0.14000000000000001,70,0.00042196795334983558,0.35475688607916683,0,0.096113096084101568,0.001843184723571055,0.014232224644935343,0.34179603479491705,0.0058223157524573445,0.20181820743923234,1.193599491793665,-0.54193133581417197,0.092873178930204428,1.9318031213584161,0.62599699056485658,-1.5604123885791672e-05,1.9299601108224211,0.62601695134229485,5.385432980884726e-09
0.16,80,0.00049557285961159177,0.35004212656964029,0,0.096090522691565899,0.0021372164279069281,0.0084753849774530481,0.33705239893521688,0.0048166528424498012,0.23629193923251343,1.193585379377873,-0.53719484999847389,0.092344589334589514,1.9320779933617995,0.62600848275509513,-9.2924971402827114e-06,1.9299408620055651,0.626025131337549,5.3852683278489885e-09
0.17999999999999999,90,0.00057209733626306777,0.34532733238171753,0,0.096040632556779554,0.0024189181424334005,0.0040414206817841114,0.33230913703282428,0.0046765898634096624,0.27235703972450526,1.1935708855814591,-0.532458779291759,0.091815528340633321,1.9323352445481421,0.62602079716645787,-2.1141409210271689e-06,1.9299163722530983,0.62603553852571314,5.385058844215873e-09
0.20000000000000001,100,0.00065076415413224198,0.34061354023653662,0,0.095960240912987355,0.0026777598169405426,0.0010954897377842879,0.32756738459790363,0.0054170520282554148,0.30958142866566413,1.1935567018719353,-0.52772416557071855,0.091286937433986318,1.9325637702759713,0.62603142322902905,5.2950217370349762e-06,1.9298860696011855,0.62604841596907457,5.3847996374466621e-09
0.22,110,0.00073061198852258696,0.33590031364969575,0,0.095855406983804819,0.0028994921519228107,0.00067860881240094288,0.32282662914854432,0.0067211937690038097,0.34740894213176332,1.1935434570539243,-0.52299042853101763,0.090759434020645346,1.9327488028628297,0.6260445440955742,1.1814884817681903e-05,1.9298494000316553,0.62606399910371469,5.3844859685085912e-09
0.23999999999999999,120,0.00081062952211433104,0.33118619067568522,0,0.095734243069407476,0.0030669779948805627,0.0009267271482099786,0.31808520940941726,0.0080736396979571544,0.38526292453332467,1.1935315275964753,-0.51825582266425874,0.090233714116568317,1.9328727007163986,0.62606336728309564,1.6582300239015278e-05,1.9298058272986116,0.62608251581319219,5.3841132503916958e-09
0.26000000000000001,130,0.00088986666909825879,0.32646946611202809,0,0.095603880768864308,0.0031607773738794205,0.00051959825200826606,0.31334114759757697,0.0090265751718420547,0.42261488143265863,1.1935211056504871,-0.51351841898698725,0.08970923577258752,1.9329154985276433,0.62608598181048136,1.9346282231723446e-05,1.9297548327550458,0.62610418650222621,5.3836770466256656e-09
0.28000000000000003,140,0.0009677758685631456,0.32174861961687862,0,0.095471552357632355,0.0031595485980017175,0.0012239076751419198,0.3085927300350888,0.0093506870774697909,0.45916784131639893,1.1935126945007473,-0.5087765800066959,0.08918523919749459,1.9328553516973705,0.62611178794303091,2.0110365792430521e-05,1.9296959151794477,0.62612922417037942,5.3831730697966926e-09
0.29999999999999999,150,0.0010442966135727429,0.31702344287247985,0,0.095345435538034512,0.0030518118482938928,0.0024240045707064864,0.30383973668638592,0.0090490042670846524,0.49489366157597398,1.1935065056604801,-0.50403011409784326,0.08866146996114406,1.9326802526277653,0.62613471280471822,1.9494567085503098e-05,1.9296285906024189,0.62615783448574103,5.3825971800643251e-09
0.32000000000000001,160,0.001119714893601088,0.31229332032440382,0,0.095237523355331949,0.002838541375819543,0.0033258528567094237,0.29908159315596822,0.0082612650437801152,0.52994546691885602,1.1935032468901399,-0.49927847091283173,0.088137723172118723,1.9323906953586596,0.62615826357047033,1.8198631850737985e-05,1.9295523921332836,0.62619021585861012,5.3819453836783143e-09
0.34000000000000002,170,0.0011944720363677248,0.3075567879021468,0,0.095157240659267672,0.0025247552754740984,0.0037772356824245547,0.29431690415098011,0.0071736129651055964,0.56455230807147783,1.1935040651756375,-0.49452027739338889,0.087613795408149939,1.9319913610612522,0.62619407188533349,1.6665503009411183e-05,1.9294668697867015,0.62622655951517903,5.3812138314954675e-09
0.35999999999999999,180,0.0012690039875086776,0.30281353337131561,0,0.095098786081129066,0.0021147447181813629,0.0039350154132725326,0.28954543963069479,0.0059762707490998435,0.59894676166283933,1.1935091608829105,-0.48975531677745843,0.087089580071172651,1.9314860929815174,0.62623882088878302,1.5065714379248504e-05,1.9293715903092787,0.62626704957121571,5.3803988174965001e-09
0.38,190,0.0013437375150313418,0.29806344778170429,0,0.095052150112786032,0.0016145623050274273,0.0039625124085313108,0.28476719259023292,0.0048509897946014341,0.63336433812357318,1.1935184791877347,-0.48498356992605451,0.086565199569950152,1.9308804571960112,0.62628693776719591,1.2673805578195682e-05,1.9292661370061808,0.62631186310574805,5.3794967773028821e-09
0.40000000000000002,200,0.0014190870599751733,0.29330788035194766,0,0.0950158437340268,0.0010869019971711984,0.0037983809019582477,0.27998355990168777,0.0039354031053154635,0.66801270542306423,1.1935312109665979,-0.48020645397301359,0.086040510612784532,1.9302367092673307,0.62633790028034053,1.07549614784141e-05,1.9291501095677437,0.62636117023474569,5.3785042866936928e-09
0.41999999999999998,210,0.0014952913081617599,0.28854852503936257,0,0.094986099269484231,0.00059754458863806915,0.0033862481825235272,0.27519625561172539,0.0032853815624468083,0.70300387402024755,1.1935464251285994,-0.47542569090196213,0.08551548716663912,1.9296201388161403,0.62639201159692415,9.9082342662856973e-06,1.9290231238960867,0.62641513418480443,5.3774180601224706e-09
0.44,220,0.0015724103170301372,0.28378642390484676,0,0.094961897761683872,0.00017387797521235167,0.0029423881498688545,0.270406331220086,0.0029046644270896791,0.73836866644383026,1.1935636232450635,-0.47064232576812337,0.084990220554253509,1.9290571537260572,0.62645145970272653,5.2759519924338065e-06,1.9288848119317235,0.6264739113668284,5.3762349492340606e-09
0.46000000000000002,230,0.0016503988399570544,0.27902299977268225,0,0.094940804946126112,0.00016722538641039377,0.0025611592860564488,0.26561519113033988,0.0027526165507644066,0.77407985684503122,1.1935821316632507,-0.46585776295414255,0.084464748814046822,1.9285689542316979,0.62651648172277619,-2.0509334829434073e-06,1.9287348214801743,0.62653765144971385,5.3749519413814709e-09
0.47999999999999998,240,0.0017242514871038295,0.27451326783002622,0,0.094919762660736429,0.00041930393910564068,0.0022503915352531179,0.2610782099165212,0.0027409059595225327,0.80790533603482717,1.193533594289949,-0.46132701218199096,0.083951775606705623,1.9281541338189288,0.62658521079670082,-8.2330346336155477e-06,1.9285728160385787,0.62660649743403185,5.3735661581427185e-09
0.5,250,0.0017884552957740827,0.27053393261733288,0,0.094900650851657747,0.00059221014310439327,0.0019942427212244055,0.25707247586098797,0.0027706663633679371,0.83741095479511907,1.1933369350555447,-0.45732677918569764,0.083463018528880453,1.9278068026496358,0.62665907943656518,-1.3208631092391431e-05,1.9283984746223057,0.62668058572571184,5.3720748538376821e-09
0.52000000000000002,260,0.0018429304209023581,0.26707667926055378,0,0.09488247255898008,0.0006723310874623533,0.0017472502180947899,0.25358998709396136,0.0028077342973877564,0.86258059550880739,1.1929796682352467,-0.45384874452273466,0.082995626354473009,1.9275396717048472,0.62673936260233309,-1.6098025421409475e-05,1.9282114915915685,0.62676004620972448,5.3704754140449524e-09
0.54000000000000004,270,0.0018893615175853327,0.26404032421165408,0,0.094864491403703843,0.00064816210116561222,0.0014955409447024472,0.2505307952241404,0.0028547285100074715,0.88416139787344827,1.1924756546136954,-0.45079173271739764,0.082549388955340836,1.9273638758890603,0.62682517887896105,-1.431550648637022e-05,1.928011576478033,0.62684500232376494,5.3687653541186824e-09
0.56000000000000005,280,0.0019289201915907491,0.26134950565708914,0,0.094853831049250631,0.00053218158367378536,0.0012656427614138772,0.24782108933545771,0.0029057520975195633,0.90266801175463496,1.1918343156883309,-0.44808038151289203,0.082126327217998132,1.9272667100032537,0.62691664207277642,-1.0360499341369679e-05,1.927798453811433,0.6269355711319361,5.3669423177054403e-09
0.57999999999999996,290,0.0019625304551831543,0.25894118462451665,0,0.094851977192850601,0.00039196829514150626,0.0010766515604403492,0.2453992118820898,0.0029611755216674041,0.91852495412706225,1.1910631629943655,-0.44565164997755136,0.081725878250647449,1.9271803777340719,0.62701387540194897,-7.4044311728419361e-06,1.92757186294618,0.62703186339843131,5.365004075261057e-09
0.59999999999999998,300,0.0019910504146508209,0.25676161641863438,0,0.09485584748866796,0.00026992512987817664,0.00091783645204868071,0.24321294519855521,0.0030350744103420399,0.93212354450979662,1.1901682324715197,-0.44345180093685399,0.081347716949288995,1.9270622453341582,0.62711660884534859,-5.3275414450908897e-06,1.9273315578879762,0.62713398366121809,5.362948522567478e-09
0.62,310,0.0020152865972012822,0.25476367907503716,0,0.094864851014158286,0.00017040271051154193,0.00078175740911584374,0.24121660526821814,0.0031298051639934259,0.94381887050365676,1.1891543843518648,-0.44143372565430916,0.080989541206112153,1.9269078086159539,0.62722491210368148,-3.7772164678467582e-06,1.9270773071204252,0.62724203030572112,5.3607736792496166e-09
0.64000000000000001,320,0.0020360620428023458,0.25290235838194242,0,0.094878784110005054,9.5894335279770825e-05,0.0006630122712219114,0.23936551887292801,0.0032333802357032769,0.95398434247228525,1.1880258958188994,-0.43955241101784587,0.080637531022905606,1.9267145822754217,0.62733894588822192,-2.6433044972480026e-06,1.9268088934316463,0.62735609563850503,5.3584776872921996e-09
0.66000000000000003,330,0.0020541598767234415,0.25113723720035913,0,0.094897604634178373,4.2762636556842598e-05,0.00056078827176013208,0.23762004049297364,0.0033382014595615545,0.96297248893029141,1.1867873616433149,-0.43776743649067096,0.08028093962508126,1.9264870680063961,0.62745892055948771,-1.7865009243961392e-06,1.9265261137408838,0.62747626596095796,5.3560588095566234e-09
0.68000000000000005,340,0.0020702625993414435,0.24943320956989656,0,0.094921325996108946,1.7719608243565087e-05,0.00047459371747075836,0.23594677358445185,0.0034405662731924851,0.97108067618119775,1.1854439854582874,-0.43604370567590794,0.079917202920124178,1.9262304189677801,0.6275850137283332,-1.1154133487980843e-06,1.9262287789251207,0.62760262164297453,5.3535154282977997e-09
0.70000000000000007,350,0.002085007169532891,0.24775801656588303,0,0.094949966914479489,3.6239789338878673e-05,0.00040293593743225556,0.23431519528426797,0.0035356316073455727,0.978584524428049,1.184001422886376,-0.43434896133401701,0.079543663490450181,1.9259482325205151,0.62771736189972138,-5.9182683603192757e-07,1.9259167136456898,0.62773523719663904,5.3508460436810109e-09
0.71999999999999997,360,0.0020989932232065543,0.24608187631052839,0,0.094983532147282251,5.6220585095502471e-05,0.00034414597957052823,0.23269728590679198,0.0036183813532935562,0.98574148598188494,1.1824660087166419,-0.43265341688614062,0.079157895384407109,1.9256429782116786,0.62785606694607843,-1.8794454468282025e-07,1.9255897561748863,0.62787418134990869,5.3480492722987579e-09
0.73999999999999999,370,0.0021127743183012334,0.24437751135948943,0,0.095022006752584959,7.1304209259332471e-05,0.00029742709480027799,0.23106787025807854,0.0036857082981738383,0.99278343022079374,1.1808448770513706,-0.43092979901945255,0.078761062515372737,1.925316671457018,0.62800120757099198,1.3488866160994898e-07,1.9252477582225791,0.62801951712029658,5.3451238456876103e-09
0.76000000000000001,380,0.0021268074852846958,0.24262108162915072,0,0.095065355593756201,8.2241934926863264e-05,0.00026342479901720792,0.22940636233948969,0.0037387205177853481,0.99988358216779238,1.1791457038134103,-0.4291542632839771,0.078366616555190005,1.9249707259722948,0.62815283728097826,4.3039731878872034e-07,1.924890584762823,0.62817130188855475,5.34206860884506e-09
0.78000000000000003,390,0.0021415619147860045,0.24078971223154122,0,0.095113630983852226,8.9875997006649876e-05,0.0002403854245790406,0.22769241079380056,0.0037772929969315844,1.0072257193719705,1.1773774865028106,-0.42730392416571467,0.077982757551544352,1.9246060486805956,0.62831102011968887,6.5005781842027394e-07,1.9245181138604712,0.62832958747235768,5.338882518746369e-09
0.80000000000000004,400,0.002157552327753348,0.23886077087227403,0,0.095166844442259951,9.5122274636142863e-05,0.00022636758095023377,0.22590468558354976,0.0037993817481630772,1.0150256355996434,1.1755510148778152,-0.42535614410742317,0.077608088117746069,1.9242235162530428,0.62847580546339443,7.9652001143971034e-07,1.9241302364977859,0.62849442019998525,5.335564642861423e-09
0.82000000000000006,410,0.0021752795315616077,0.23681310765853136,0,0.095224974473259172,9.8453395831930981e-05,0.00022038608481879287,0.2240230406478862,0.0038040666387600995,1.0234933520500393,1.1736787732248848,-0.42328976525308781,0.077241566551845914,1.9238235286032104,0.62864722008947993,9.1018996041747817e-07,1.9237268564010519,0.62866584098400591,5.3321141576715784e-09
0.83999999999999997,420,0.0021933767810385081,0.23474548998403549,0,0.095288535463904922,9.9746407985777598e-05,0.00021194232175539298,0.22214435642836181,0.0038431945245454833,1.032036448859706,1.1717857549157951,-0.42120356314621904,0.076881785969256128,1.9234057926347328,0.62882482221286784,9.9986433023372386e-07,1.9233078898671869,0.62884388539495983,5.3285303471865157e-09
0.85999999999999999,430,0.002210676914885057,0.23274056088571302,0,0.095358515492956569,9.8842946071912366e-05,0.00020536406570687915,0.22034865680945434,0.0039514811937424038,1.0401616039487651,1.1698903915341294,-0.41918018735824014,0.076522392608272399,1.9229701718025825,0.62900914101604188,1.0516028889237209e-06,1.9228732655903551,0.62902858373504178,5.32481260146109e-09
0.88,440,0.0022279409562060829,0.23075488111690065,0,0.095435014075288649,9.841404173481715e-05,0.00020637317961379938,0.2185923482134115,0.0041002157370275735,1.0482161435311037,1.1679921345634992,-0.41717618920447191,0.076151348311951028,1.9225194141735127,0.62920062481902028,1.0879538166965552e-06,1.922422924488578,0.62921996111178502,5.3209604151121811e-09
0.90000000000000002,450,0.0022472197317180693,0.2286622556060319,0,0.095517329904087817,9.8821041289840316e-05,0.00021885268008431456,0.21675191891773163,0.0042227844790743438,1.0570911752978798,1.1660835047896969,-0.41506534795625694,0.075761610133896096,1.9220538390522885,0.62939929048424303,1.1713030780538152e-06,1.9219568195303462,0.62941803751174341,5.3169733858355448e-09
0.92000000000000004,460,0.0022677481509137142,0.22651336738080136,0,0.095605343963960948,9.8518935912270637e-05,0.00022189903922007146,0.21487736534493329,0.0043469636823618629,1.0664595136096966,1.1641730932128573,-0.41289835329391511,0.075353540295968732,1.9215716049013327,0.62960397387124611,1.301004903555236e-06,1.921474915561233,0.62962282787417556,5.3128512129226621e-09
0.94000000000000006,470,0.0022883538315337255,0.22438408566949716,0,0.095700048448709968,9.8080321697894936e-05,0.00022185304501515821,0.21304266291382398,0.004512764187272705,1.0758235059601542,1.1622707556243828,-0.4107510861817118,0.074927185498220042,1.9210733774779569,0.62981522333862217,1.4272111673319607e-06,1.9209771891305036,0.62983434216472733,5.3085936957775922e-09
0.95999999999999996,480,0.002311218300371184,0.22214386325373364,0,0.095801195530938826,9.7554658952401089e-05,0.00023451904833947,0.21111975264878111,0.0046512279686727999,1.0861203430103417,1.1603773624154146,-0.40849296133229451,0.07448152822360754,1.920559353173225,0.63003384352038272,1.555669056441078e-06,1.9204636283177301,0.63005258544911513,5.3042007324338206e-09
0.97999999999999998,490,0.0023379070273723923,0.21970474836442841,0,0.095907934116925747,9.6585479248622569e-05,0.0002495765983108388,0.20902138116227031,0.0047182700418452886,1.0980219408538261,1.1585044986591759,-0.40603598981087807,0.074016793298863903,1.9200290345477213,0.63025916092805379,1.7043515262241447e-06,1.9199342325594009,0.63027755796680929,5.299672318071113e-09
1,500,0.0023686381877790815,0.21706390324855712,0,0.096020143922700002,9.5224915045248444e-05,0.00026134121484890581,0.20674219284593923,0.0047224402237425389,1.1116263801942372,1.1566725484276374,-0.40337731324637943,0.07353393802051976,1.919482431155096,0.6304908905249148,1.8689715235424312e-06,1.9193890124755346,0.6305092552047169,5.295008543532364e-09
1.02,510,0.0024037117414441797,0.21421415963508753,0,0.09613806070441186,9.3443457712020595e-05,0.00027245949069785796,0.20427149520836083,0.0046719160161611401,1.1270676947352762,1.1549040807631958,-0.40050973751020413,0.073034267834988204,1.9189195628287739,0.63072917817880292,2.0470506821949009e-06,1.9188279896962903,0.63074766797086512,5.2902095938404454e-09
1.04,520,0.0024434216585570096,0.21114944531007754,0,0.096262019311719155,9.1378307441996034e-05,0.00028542611973037018,0.20159839788623149,0.0045729836453916751,1.1444776249061783,1.1532241581552234,-0.39742715787633848,0.072519613613944739,1.918340625327478,0.63097414042982403,2.2386740478545574e-06,1.9182511966885805,0.63099278246808432,5.2852757467150632e-09
1.0600000000000001,530,0.0024880292363987531,0.20786625825576682,0,0.096392191317989318,8.9174078897384825e-05,0.00030094037486438473,0.19871314697573744,0.0044308364887363115,1.1639733024910195,1.1516600895433813,-0.39412603374754962,0.071992373545949478,1.9177458160915632,0.63122579803888812,2.4438174998826514e-06,1.9176586765826835,0.63124458036769127,5.2802073710896016e-09
1.0800000000000001,540,0.0025377452843753168,0.20436458516166736,0,0.096528748162319628,8.6621441403874236e-05,0.00031882930541478419,0.19560794028397699,0.0042498941462812351,1.1856484850674689,1.1502411519328319,-0.3906063142458952,0.071455550679116242,1.9171349691413313,0.63148410959660883,2.6600726142021509e-06,1.9170504829988537,0.63150303888317216,5.2750049256279802e-09
1.1000000000000001,550,0.0025927174159809394,0.20064867464582858,0,0.09666556110720792,8.3856454688791451e-05,0.00033870396067117731,0.19227763052597172,0.0040340122672500121,1.2095670799233438,1.1489981826997033,-0.3868721933598761,0.070912782927371951,1.9165082796480781,0.63174902346004191,2.8844598716516291e-06,1.9164266798739353,0.63176813084386585,5.2696689572414978e-09
1.1200000000000001,560,0.0026479712150327445,0.19697296614464346,0,0.096764806986724294,7.5212563828133105e-05,0.00036628581011298998,0.18894925318776606,0.0037829269947409487,1.2332527451233128,1.1479962573447093,-0.38317801266139678,0.070381881647675906,1.9158595475788285,0.63201909242759291,3.659214528161687e-06,1.9157873412879736,0.63203982476864684,5.2642000996056889e-09
1.1400000000000001,570,0.0027026554161216679,0.19330683495221113,0,0.096872610475752435,6.4291590868992648e-05,0.00041221797298473612,0.18560732706213945,0.0034622589936720693,1.256057002019384,1.1471562559044257,-0.37949325600125827,0.069853699331581809,1.9151930893756546,0.63229675951325603,3.7167451762279178e-06,1.9151325512908259,0.63231808493960895,5.2585990716771701e-09
1.1599999999999999,580,0.0027593285949859283,0.18948058599781933,0,0.096988799921228136,5.6544286423173725e-05,0.00046998979098421858,0.1821041627492983,0.0038913802107378073,1.2790754268228586,1.146407775554388,-0.37564870488401936,0.069313841298698678,1.9145149208634966,0.63258211781417062,2.9194283845096203e-06,1.9144624037287756,0.63260287147574767,5.2528666762104962e-09
1.1799999999999999,590,0.0028184039233881434,0.18550063466126873,0,0.097112570463778525,5.0579871861188264e-05,0.0005417945578906761,0.17843340936765539,0.0058198200654163753,1.3025069161827132,1.1457956844332398,-0.37165103070709932,0.068766259865391782,1.9138234778648138,0.63287426507260458,1.8204981974238139e-06,1.913777002071142,0.63289414040664393,5.2470037982750035e-09
1.2,600,0.0028803139370112384,0.18137208126581666,0,0.097243838383657716,4.5721793871659272e-05,0.00062946456058973993,0.17458582750886875,0.0089570824402262633,1.3265525372578189,1.1453635247203882,-0.36750511201937752,0.068215849774190623,1.9131180936348287,0.63317295723002298,6.0428371406047686e-07,1.9130764592368941,0.63319184374614712,5.2410114037716672e-09
1.22,610,0.0029451992229754149,0.17710816234909479,0,0.097382925921991853,4.1341854555694507e-05,0.00073180305527655596,0.17056417531159415,0.01294633374992483,1.3512648047636808,1.145139148637369,-0.36322395368158955,0.067681460770032592,1.9123982145755933,0.63347815153022513,-7.1613362953985256e-07,1.9123608974212607,0.63349592956605805,5.2348905379499489e-09
1.24,620,0.003013643676157393,0.17272722077452421,0,0.09753050015934786,3.7420810222477818e-05,0.00082498482372628246,0.16637739790303988,0.017267445397882403,1.3771322640926034,1.1451424652618494,-0.35882560845857286,0.067180612926163147,1.9116639616051538,0.63378987025411859,-2.409184327653514e-06,1.911630447922344,0.63380634206981212,5.2286423239246468e-09
1.26,630,0.0030865035198046321,0.16824975646722418,0,0.097686473710532878,3.4585895932375376e-05,0.00088962148765276382,0.16203310483276137,0.02087138269775567,1.4049415934878557,1.1453982251933466,-0.35432996856208387,0.066717243023053679,1.9109158901475751,0.63410754405367398,-4.2218769198928998e-06,1.9108852509677305,0.63412302166616275,5.2222679611927502e-09
1.28,640,0.003162596448458566,0.16373113240121567,0,0.097850772850881756,3.323295199647017e-05,0.00090604734540518643,0.15762331492891571,0.022917141000847036,1.434571268416692,1.1457668351183312,-0.34979219288849273,0.066277606839785425,1.910154185057573,0.63443018420459507,-5.642724205306458e-06,1.9101254555411036,0.63444590504286424,5.2157687241502833e-09
1.3,650,0.0032401206254417374,0.15921680813097017,0,0.098023508014928873,3.2493164918526896e-05,0.00088504088616802755,0.15324031149061129,0.023213232404901616,1.4653756821890056,1.1460909578026865,-0.34525791719777388,0.065847128974126465,1.9093784262216122,0.63475807937994588,-5.6340470384292351e-06,1.9093512192088549,0.63477492524035517,5.2091459606091653e-09
1.3200000000000001,660,0.0033185931837427687,0.15471419776297254,0,0.098205219923588771,3.1731951328377929e-05,0.00084328809643021015,0.1488979316284306,0.022243241383409093,1.4971027019800582,1.1463552924837985,-0.34073483249476522,0.065422371624161563,1.9085884668125808,0.63509203779364776,-4.504269782171609e-06,1.9085627079466969,0.63511001172544113,5.2024010903140505e-09
1.3400000000000001,670,0.0033980978511801018,0.15022339495316886,0,0.098394342988346511,3.1026074553214572e-05,0.00078502803813881926,0.14458802752075878,0.020419968831917396,1.5297818954697828,1.1465879912322783,-0.33622320213148316,0.064989949006925882,1.9077845516782077,0.63543223573826835,-3.0005883368872401e-06,1.9077600959662739,0.63545109046497827,5.1955356034591881e-09
1.3600000000000001,680,0.0034786380423654983,0.14574572884952752,0,0.098590539495003016,3.0604468890237307e-05,0.00071615376223943419,0.14030813109457274,0.01802480014110576,1.5634052073625138,1.146803095696441,-0.33172447965728136,0.064540190811219117,1.9069670607590079,0.63577852702752491,-1.455334714523967e-06,1.9069435655417755,0.63579808399955651,5.1885510592052689e-09
1.3800000000000001,690,0.0035598979429511506,0.1412832090442589,0,0.098794385721613809,3.0302496046489518e-05,0.00065156523269055324,0.13606118843809203,0.015361225130303508,1.5976982619318763,1.1470026434597256,-0.32724081872884275,0.06407366089249053,1.9061359214603477,0.63613074285784199,2.1787230348881262e-07,1.9061133068365466,0.63615091151718217,5.1814490841962738e-09
1.4000000000000001,700,0.0036415279778553859,0.13683773329598989,0,0.099004948523913228,2.9894380491044527e-05,0.00059670044070267078,0.13185078188550037,0.012779352981709957,1.6323520475195141,1.1471873371121986,-0.32277427292025018,0.063593100569877631,1.9052910883069407,0.63648886866250964,1.7909167758922523e-06,1.9052695177297014,0.63650948892696169,5.1742313710763311e-09
1.4199999999999999,710,0.0037237202520695226,0.1324115370056155,0,0.099222521315191353,2.9346062800005467e-05,0.00054002651056397248,0.12768232952613939,0.010354907652028402,1.6675597134960465,1.1473553064612694,-0.31832715601493095,0.063108508420236104,1.9044329864220777,0.63685301062174637,2.8847821646340427e-06,1.9044124036427337,0.63687372893278427,5.1668996770065589e-09
1.4399999999999999,720,0.0038067186914597243,0.12800752917320007,0,0.099446619657607926,2.8702572476822766e-05,0.00050037837199104962,0.1235597125332344,0.0081516444297335729,1.7035362452509784,1.1475091081236535,-0.31390235743343986,0.06262161226875447,1.9035618259836202,0.63722300987703817,4.0348112409254707e-06,1.9035421773661294,0.63724354110700565,5.1594558221819232e-09
1.46,730,0.0038903329359641623,0.12362797253611761,0,0.099676832851469416,2.8011987689457992e-05,0.00049910646380779548,0.11948500059523991,0.0068096238902023501,1.7400864646413197,1.1476537901939952,-0.30950243199963356,0.062125143361669431,1.9026776720850742,0.63759864513108577,5.5469968464869772e-06,1.9026590588859793,0.63761883196413049,5.1519016883480846e-09
1.48,740,0.0039743433914638899,0.11927472253231461,0,0.099913312092327261,2.7261066512695527e-05,0.00052541704661206938,0.11546136018487278,0.0069701681034392091,1.7770016432716194,1.1477915863052732,-0.3051294975233998,0.061616790078415244,1.9017807546166123,0.6379798215207193,7.0900152955593856e-06,1.9017632752105895,0.63799950503449643,5.1442392173182493e-09
1.5,750,0.0040586306562145373,0.11495161243982106,0,0.10016339807546112,4.6529332540574898e-05,0.00056726818186679951,0.11149413584728964,0.0083963134701096568,1.8141632433519088,1.1479238041238307,-0.30078729446905245,0.061097529350815784,1.9008995453652646,0.63837500868393471,8.7686395035155128e-06,1.9008550601970944,0.63838546093795601,5.1364704094900213e-09
1.52,760,0.0041430398087972777,0.11066453172831138,0,0.10044633234695977,0.00015781236452730478,0.00063177980687203236,0.10759052470384452,0.010375968849005291,1.8514250400154995,1.1480515748760327,-0.29648142278662631,0.06056830353365926,1.9000897027907306,0.63880397801751365,1.0730661932273058e-05,1.8999346543780684,0.63877659745756132,5.1285973223622511e-09
1.54,770,0.00422734837169364,0.10641762330542945,0,0.1007633993429673,0.00036902962217648898,0.00079096864057896007,0.10375639693281161,0.012415228227667625,1.888623588895316,1.148175827229998,-0.29221578706191637,0.06003005509742286,1.8993580219661226,0.63926930912376401,1.8335308840093846e-05,1.8990023047881379,0.63917280961324585,5.120622069051888e-09
1.5600000000000001,780,0.0043113031549508454,0.10221370917365612,0,0.10110774929059355,0.00064505946706383966,0.0012565564284799443,0.099996686012977135,0.014280660186512499,1.9256013509106353,1.1482974771994821,-0.28799309252361083,0.059483113396071985,1.8986748014015118,0.63976093981590298,3.2160841210046794e-05,1.898058264790593,0.63957398973550816,5.1125468168108316e-09
1.5800000000000001,790,0.0043946534929281151,0.098055944167964204,0,0.10147367416003444,0.00096063771008377571,0.0021853009862167483,0.096316848896218624,0.015864926105188699,1.9622078387167456,1.1484174380310295,-0.28381645229556057,0.058927400467743002,1.8980187234509425,0.64026563184784058,4.8255015238579907e-05,1.8971027939039997,0.63998002753909544,5.1043737855427802e-09
1.6000000000000001,800,0.0044771409900324606,0.093947964009330392,0,0.10185773184910843,0.0012934960060057713,0.0036168080756013299,0.092722994824724736,0.017117196304699864,1.9982932906311994,1.148536513666105,-0.27968945951351548,0.05836287567452985,1.8973681048658531,0.64077935733614588,6.685599824833917e-05,1.896136157628812,0.64039081019668587,5.0961052463200813e-09
1.6200000000000001,810,0.0045584969282279914,0.089893663070658991,0,0.10225678852867012,0.0016225147033663047,0.0055422889712108334,0.08922161753539945,0.018015816502263731,2.0337061895263626,1.1486555584184877,-0.2756160009169385,0.057789295132519791,1.8967018918895546,0.64129919884412179,8.8675978694047368e-05,1.8951586272739833,0.64080622241257212,5.0877435199005866e-09
1.6400000000000001,820,0.00463884396780085,0.085883545460546135,0,0.1026653639759342,0.0019286791372953654,0.0079402326207264843,0.085795097623936251,0.018530819828014248,2.0684369667602258,1.1487990303873523,-0.27158651576094761,0.057210177405702993,1.8960027828332731,0.64181742448087942,0.00011340302338153542,1.8941704797835788,0.64122614649634468,5.0792909752444964e-09
1.6600000000000001,830,0.0047206198684970084,0.081836806824149053,0,0.10308019586415398,0.002203111984570716,0.010804297545466168,0.082277963835197004,0.018476319778623587,2.1032983046870828,1.1491444162071882,-0.26751972071931512,0.056656671451259535,1.8952625775698098,0.64233109284908385,0.00014114292843968654,1.8931719975633872,0.64165046243657498,5.0707500280312163e-09
1.6799999999999999,840,0.0048049034018559532,0.077717813500992439,0,0.10349676467482402,0.0024300808328498861,0.014143256738123097,0.078566629767411841,0.017723805458439799,2.1385391232208799,1.1498095375455155,-0.26337964831108368,0.056151327108548213,1.8944670159791279,0.64283379137635821,0.00017124575887405384,1.8921634683075332,0.64207904797449811,5.0621231391762032e-09
1.7,850,0.0048909012551189924,0.073560191291558052,0,0.10390728217790343,0.0025935827980064141,0.017684368485535697,0.074677947465259964,0.016369129181824309,2.1737793112843371,1.1507945104119763,-0.25919997169429604,0.055696778807517562,1.8936034946129585,0.64331357695062574,0.0002012617216365878,1.8911451848250884,0.64251177867769649,5.0534128133478197e-09
1.72,860,0.0049780940368351909,0.069397276449054593,0,0.10431039648429172,0.0027182362958106296,0.020713014575508736,0.070622211858609049,0.014638482100240068,2.2087967310459318,1.1521077332371237,-0.25501414154050567,0.055297702861588291,1.8926951076994045,0.64378024869538697,0.00022957766595822207,1.8901174448666844,0.64294852801378266,5.0446215974841814e-09
1.74,870,0.0050659330032917713,0.065264227968946084,0,0.10471004180009058,0.0028213807073403465,0.022849381692554339,0.066409818460744494,0.012759865938293565,2.2433625894123326,1.1537568742656907,-0.2508573596341267,0.054959621679973585,1.8917566923613465,0.64424572648556766,0.00025449044286262348,1.8890805509511239,0.64338916742408259,5.0357520793100117e-09
1.76,880,0.005153843602004749,0.061197343995755868,0,0.10510628619415044,0.0028927401554669223,0.024256641481968148,0.062052635700650761,0.010984431236646859,2.2772476295272255,1.1557463508719661,-0.24676597175432868,0.054688161960774313,1.8907786324423699,0.64470736496414949,0.00027543401945512449,1.8880348101919928,0.64383356639731881,5.0268068858534875e-09
1.78,890,0.0052411925141782837,0.057234026611650168,0,0.10549773034102242,0.0029228364019454485,0.025116044899210977,0.05756712830317981,0.0096653067125573849,2.310199381938066,1.1580736145489048,-0.24277748356341727,0.054490195132427283,1.8897525868259104,0.6451609723155648,0.00029221670133889851,1.8869805341242731,0.64428159254329365,5.0177886819630946e-09
1.8,900,0.0053273269346047203,0.053406968334994358,0,0.10588365722948198,0.0029035602946510478,0.025535732387103213,0.05297718057634223,0.0092871451966195836,2.3419617221407174,1.1607203116812552,-0.23892461566518419,0.054373771565557963,1.8886713834141715,0.64560327384516625,0.00030426167941529172,1.8859180385309533,0.64473311166657221,5.008700168824475e-09
1.8200000000000001,910,0.0054125225960779122,0.049685012620626474,0,0.10626425240783866,0.002833342271787481,0.025602853082283803,0.048333606739669854,0.010091805023760718,2.3728828815467864,1.1635662404082407,-0.2351765089396422,0.054315145905407383,1.8875339144130161,0.64603354262797064,0.00031115267218227244,1.884847643269641,0.64518798784016551,4.9995440824772792e-09
1.8400000000000001,920,0.0054961714218970939,0.046121826180229336,0,0.10663804298848625,0.0027037033373321457,0.025367017042607982,0.043645707885598038,0.011721774536263583,2.4027215962512369,1.1666448227578483,-0.23158663018051501,0.054312754322705138,1.8863326788471413,0.64644800160515192,0.00031295141621259337,1.8837696720991759,0.64564608347921393,4.9903231923320192e-09
1.8600000000000001,930,0.005573676097844437,0.04288971352000754,0,0.1070037215511202,0.0024899455667306129,0.024850310936046602,0.039167799853024328,0.01396861651779879,2.4297893824321597,1.1697623486920561,-0.22832773064352105,0.054355598448568104,1.8850449278262462,0.64683801018957776,0.00030658041040956639,1.8826844525062396,0.64610725941467007,4.9810402996869118e-09
1.8800000000000001,940,0.0056427156801768475,0.04001532904137791,0,0.10736127746597521,0.0021821298079577594,0.024062717635865913,0.035128634808413564,0.016054036463501627,2.4535511075560517,1.1726185283634778,-0.2254270551376753,0.054401642164446276,1.8836613639139597,0.64720074886732837,0.000290896335140639,1.8815923155319698,0.64657137496698169,4.9716982362447395e-09
1.9000000000000001,950,0.0057049718427164909,0.037433548786121484,0,0.10771261246576783,0.0017908104586823721,0.023147051046110326,0.031507825338445081,0.017250023466766323,2.4750133385449171,1.1751760984304609,-0.22281936529673849,0.054435820456171652,1.8821921744236336,0.64753908448403685,0.00026652883619728343,1.8804935955985707,0.64703828801977559,4.9622998626296919e-09
1.9199999999999999,960,0.0057617937774732441,0.035109864706906767,0,0.10806342375663539,0.0013512257185101435,0.022211890114426095,0.028254280305895343,0.017221453871090017,2.4948718928808797,1.1774725724764095,-0.22046991644994754,0.05445952074871109,1.8806712233893021,0.64786183609795167,0.0002355117474602151,1.8793886303359253,0.64750785509354014,4.9528480669042226e-09
1.9399999999999999,970,0.0058137607573434747,0.033021478526040524,0,0.10842432264030571,0.00096211806593314217,0.021071959859887416,0.025331343975571383,0.016276380122917593,2.5133188230984382,1.1795370578359439,-0.21835594729349281,0.054475645575060419,1.8791912221973557,0.64820286045147202,0.00020387102483093662,1.8782777604082077,0.64797993141930843,4.9433457630858974e-09
1.96,980,0.005861228143745319,0.031148003716604304,0,0.10880143115280536,0.00067975920416069675,0.019587059391610012,0.022707967527994696,0.014801399181900616,2.5304203989462613,1.1813931765392933,-0.21645716216554459,0.054486429533993908,1.8778052293724117,0.64858346449287174,0.00017550478514564351,1.8771613293404952,0.64845437101234182,4.9337958896642442e-09
1.98,990,0.0059043100576570791,0.029468394504995995,0,0.1091922561051358,0.00048316171286762779,0.017849137060825197,0.020354335494825078,0.013150907775460701,2.5460824559008897,1.1830621195319624,-0.21475259898108287,0.054493262690748327,1.8764940442817595,0.64899680066894816,0.00015058769648359691,1.8760396833453792,0.64893102674581282,4.9242014081176077e-09
2,1000,0.0059432298984906625,0.027963397223526643,0,0.10959515329038469,0.00035007404536848281,0.016026904860459299,0.018243549228098069,0.01156562120220502,2.560304541622719,1.1845626748766995,-0.21322302060346751,0.054497293976572055,1.8752375838735411,0.64943623096274306,0.00012887307535549691,1.8749131711495783,0.64940975042448834,4.9145653014299935e-09
2.02,1010,0.0059783355133212184,0.026614972785287332,0,0.11000692055436712,0.00025978799870231658,0.014277841256180993,0.016350910717053479,0.01009977604992178,2.573188524507851,1.1859116933122111,-0.21185036440564325,0.054499024667826329,1.8740173347368563,0.64989325233177198,0.00011030839789447643,1.87378214382055,0.64989039285841255,4.9048905726079246e-09
2.04,1020,0.0060099606133350719,0.025406714720900073,0,0.11042405914434478,0.00019598503962919281,0.012711884500196375,0.014653963804662265,0.0087754589277920566,2.5848378131743712,1.1871244861971879,-0.21061819591213288,0.054498832280538465,1.87281797576148,0.65036003308218593,9.4866905504485408e-05,1.8726469545931017,0.65037280393659036,4.8951802431972912e-09
2.0600000000000001,1030,0.0060384518392251315,0.024324090198532339,0,0.11084583002793588,0.00015094115574136675,0.011331487515101414,0.013132663992775391,0.0075872452123385437,2.5953785847700428,1.1882148293956882,-0.20951195180207374,0.054497002158562236,1.871632495289135,0.65083379856203838,8.2122471406013059e-05,1.8715079586960039,0.65085683270067063,4.8854373518001981e-09
2.0800000000000001,1040,0.0060641176274241855,0.023354064645110809,0,0.11127198203641589,0.00011935155667594308,0.010116815106703472,0.011768965236313525,0.0065275403607338578,2.6049198350215135,1.1891951756017973,-0.20851856981562533,0.054493782531293042,1.8704563520307784,0.65131286794041932,7.15956303744565e-05,1.8703655131786021,0.65134232741862896,4.8756649525918199e-09
2.1000000000000001,1050,0.0060872311565863023,0.0224849539572494,0,0.11170717409890829,9.7279381885497293e-05,0.009052787881978273,0.010546638625145575,0.005591271767196886,2.6135552652811254,1.1900767627825635,-0.20762634139150599,0.054489404015551558,1.8692863681905272,0.65179595687230329,6.2890645220720049e-05,1.8692199767374271,0.65182913565845124,4.8658661138372475e-09
2.1200000000000001,1060,0.0061080391203153324,0.021706278507904794,0,0.11215259379433934,8.1788624344845081e-05,0.0081261737976518131,0.009451098044751716,0.0047718993957773046,2.6213690991752578,1.1908697131557777,-0.20682476444559497,0.054484063026339999,1.8681203135412512,0.65228206931605637,5.5678691696575482e-05,1.8680717095428092,0.65231710436181622,4.8560439164083415e-09
2.1400000000000001,1070,0.0061267485599537253,0.021008626093824961,0,0.11260835375939923,7.0719217384740225e-05,0.0073289851406482167,0.0084692285955860081,0.0040622453199656208,2.6284259530230942,1.1915831383812425,-0.20610440622323747,0.05447792408032523,1.8669563995303395,0.65277028808745696,4.9726003376164268e-05,1.8669210730654884,0.6528060799177795,4.8462014523005817e-09
2.1600000000000001,1080,0.0061435525844815196,0.020383538828448688,0,0.11307399448314351,6.2628037253988791e-05,0.0066564156704492982,0.0075892394757860436,0.0034543609986812168,2.6347886950664337,1.192225234478937,-0.20545679034563497,0.054471121466478145,1.8657930081561054,0.65325974274373999,4.4840510446040895e-05,1.8657684299032278,0.653295908236456,4.83634182314992e-09
2.1800000000000002,1090,0.0061586441307206734,0.019823483962397307,0,0.11344406103128735,5.6878420169506833e-05,0.0060918380033561717,0.0068005989174909735,0.0029356835192882388,2.6405274842132029,1.19280334556389,-0.20487436836330394,0.054463757183124288,1.8646301442867701,0.65375022014224626,4.0841450481966919e-05,1.8646141436074237,0.65378643482270304,4.8264681387496265e-09
2.2000000000000002,1100,0.0061721997176269298,0.01932172695085313,0,0.11381733591517637,5.2790433895580213e-05,0.0056150207430341629,0.0060938700262768994,0.002493376027727976,2.64570738937143,1.1933240625373776,-0.20435038661235594,0.054455913417165901,1.8634682422456152,0.65424168774414893,3.7562466428652284e-05,1.8634585785097197,0.6542775048498044,4.816583515567146e-09
2.2200000000000002,1110,0.0061843774570103814,0.018872199892497575,0,0.11420099519831939,4.970759668715903e-05,0.0052103376331141694,0.0054605606860163285,0.0021164926428561392,2.6503864160064801,1.193793311451721,-0.20387876254683221,0.054447654853231151,1.8623070937334296,0.65473386744765649,3.485002339156407e-05,1.8623020995486168,0.65476896323315226,4.8066910752609441e-09
2.2400000000000002,1120,0.0061953194037807462,0.018469465272194605,0,0.1145948219396011,4.7233470558962794e-05,0.0048655612549856038,0.004893054876751398,0.0017957066141215143,2.6546165703968723,1.1942164115243623,-0.20345404557111224,0.054439037164341043,1.861146576351703,0.65522649009784528,3.2585736729492456e-05,1.8611450720960867,0.65526065470393113,4.7967939431973605e-09
2.2600000000000002,1130,0.006205152381789758,0.018108631542527509,0,0.11499511509092922,4.524135624434376e-05,0.0045709900846084795,0.0043845059024888106,0.0015229799912443746,2.6584439080989877,1.1945981414354925,-0.20307133243155862,0.054430103752196084,1.8599863156186986,0.65571917933714174,3.0650991734252059e-05,1.859987861784183,0.65575242388280097,4.7868952469674573e-09
2.2800000000000002,1140,0.0062139906898048946,0.017785339900699706,0,0.11539648051565604,4.3616924895101645e-05,0.0043187125315148666,0.003928799679779384,0.0012913861937647424,2.6619100118305257,1.194942780919843,-0.20272625679002804,0.054420897451712871,1.8588266042212285,0.65621180257345058,2.8994888129665968e-05,1.8588308343316529,0.65624411535357985,4.7769981149038737e-09
2.3000000000000003,1150,0.0062219376870565482,0.017495700198712633,0,0.11579883127946505,4.2161075492187478e-05,0.0041004487977731588,0.0035204650617570777,0.001094756230905748,2.6650526826960879,1.1952541658133711,-0.20241491752877375,0.054411457125642854,1.8576679981865001,0.65670432334175299,2.7582934177452172e-05,1.8576743553705499,0.6567355737369277,4.7671056745976717e-09
2.3199999999999998,1160,0.0062290860541904395,0.017236208148710765,0,0.11620147914772908,4.0819600085589011e-05,0.0039099637748658544,0.0031545813323903401,0.00092784261002471099,2.6679057290696808,1.1955357416691286,-0.20213380164426675,0.054401812373323602,1.8565106980448332,0.65719654423292351,2.6363319855652928e-05,1.8565187902728459,0.65722664376402906,4.7572210514151912e-09
2.3399999999999999,1170,0.0062355188469391653,0.017003721390675481,0,0.11660454321378014,3.9620235733963589e-05,0.0037425333100638762,0.0028267350515919069,0.00078620547160421705,2.6704993988205366,1.1957905991801023,-0.20187975861082125,0.054391987858544641,1.8553548171262459,0.65768825420455235,2.5298709428228569e-05,1.8553645039770419,0.65771717035027621,4.7473473670148977e-09
2.3599999999999999,1180,0.0062413107148257142,0.016795427380987944,0,0.11700822258257246,3.8560912266634803e-05,0.0035942128448156769,0.0025329735569109245,0.00066601239915067747,2.6728608416975237,1.1960215091666011,-0.20164996960092099,0.054382005800459321,1.8542006834532856,0.65817926642334468,2.4354955112460425e-05,1.8542118608147813,0.6582069986689526,4.737487737864236e-09
2.3799999999999999,1190,0.0062465287415354037,0.016608811835326472,0,0.11741240250018906,3.7591315814846612e-05,0.0034615072992939455,0.0022697569878042207,0.00056401814693138937,2.6750144451199716,1.196230955281911,-0.20144191235764014,0.054371886259595471,1.8530487342843613,0.65866942365373082,2.3503084354202817e-05,1.8530612243374605,0.65869597422491588,4.7276452737564763e-09
2.3999999999999999,1200,0.0062512331256746653,0.016441621736935967,0,0.11781697550991721,3.6648213299153017e-05,0.0033416334053108648,0.0020339141903810737,0.000477426680849709,2.6769820866766749,1.1964211637239979,-0.20125332856093575,0.054361647027453032,1.8518993902233625,0.65915858915428638,2.2725113463956448e-05,1.8519129571428425,0.65918394292828086,4.7178230763275702e-09
2.4199999999999999,1210,0.0062554778137377011,0.016291833751081182,0,0.11822181439542931,3.5741486179492975e-05,0.003232378455818237,0.0018225992657501069,0.0004038845696302377,2.678783364464647,1.1965941313607216,-0.20108219052450957,0.054351302481269202,1.8507529306017365,0.65964659805923875,2.2007393553333888e-05,1.8507674207016676,0.65967075116810314,4.7080242375729978e-09
2.4399999999999999,1220,0.0062593111201144063,0.016157631697516838,0,0.1186267772107886,3.4934621802463205e-05,0.0031320872109968211,0.0016332591436641439,0.00034143688002892921,2.6804358022193546,1.1967516490300421,-0.20092667863818819,0.054340864351852772,1.8496095709248854,0.66013326874048506,2.1339818935487308e-05,1.8496249751842657,0.66015624588606148,4.6982518383646196e-09
2.46,1230,0.0062627764274204812,0.016037395082811764,0,0.11903174201648004,3.4198128733978528e-05,0.003039312827616106,0.0014636109349852988,0.00028838851099891163,2.6819551029270685,1.196895320599388,-0.2007851683784927,0.054330344330818646,1.8484697070691525,0.66061846151160319,2.071492551532819e-05,1.848485979287168,0.66064027465014175,4.6885089469675266e-09
2.48,1240,0.0062659126673013273,0.015929672647323388,0,0.11943658615946923,3.3493939417934894e-05,0.002952775878167677,0.0013116090816159517,0.00024335394663934742,2.6833553514166919,1.1970265836407483,-0.20065620454649091,0.054319752747920606,1.847333740735337,0.66110203835464187,2.0125575300365971e-05,1.8473507900597197,0.66112268572831967,4.6787986175568924e-09
2.5,1250,0.0062687546706678855,0.01583315850785446,0,0.11984065228321941,3.2890308838312751e-05,0.0028715011072218892,0.0011754152873332362,0.0002049981463799566,2.6846491401011638,1.1971467281741286,-0.20053847750728954,0.054309097094178714,1.8462019123094786,0.66158382096405266,1.9564937443652172e-05,1.8462197627306913,0.66160332816224376,4.6691238887348242e-09
2.52,1260,0.0062713336636281737,0.015746686242219345,0,0.12024354595222986,3.2392315070496376e-05,0.0027947445370488295,0.0010533854933028229,0.00017243268778920301,2.6858477256475122,1.1972569094609538,-0.20043081753815045,0.054298384837754642,1.8450745674451883,0.66206366026125352,1.902974903309975e-05,1.8450932505348905,0.66208205184091917,4.6594877820472108e-09
2.54,1270,0.006273677669242971,0.015669212667105605,0,0.1206458958786836,3.1957119813398914e-05,0.0027217752153863043,0.00094404858633890339,0.00014466866299772012,2.686961195012703,1.1973581622861382,-0.20033217900536754,0.054287623178048576,1.843952114695899,0.66254142490318202,1.85171529219423e-05,1.8439716045397745,0.66255870757439028,4.6498933005005735e-09
2.5600000000000001,1280,0.0062758118031342224,0.015599801562645536,0,0.12104759609631074,3.1557842096027467e-05,0.0026510236770375178,0.00084608495925873916,0.00012110351073921987,2.6879988524855616,1.1974514143719708,-0.20024162347209112,0.054276818044380622,1.8428349177237053,0.66301698669096676,1.8016887758904913e-05,1.842855173472062,0.66303314716742368,4.6403434270789203e-09
2.5800000000000001,1290,0.0062777585493416915,0.015537612498073361,0,0.12144852578286505,3.1178941711786471e-05,0.0025796157194604378,0.00075831070327289109,0.00010096933759477949,2.6889691980785235,1.1975374975340205,-0.20015830850097954,0.054265974452967269,1.8417233102010533,0.66349022432860771,1.7509801662934286e-05,1.8417443035443444,0.66350522349319208,4.6308411232605943e-09
2.6000000000000001,1300,0.0062795379589172841,0.015481893428773121,0,0.12184855197525085,3.0821243714387086e-05,0.0025064962181510983,0.00067966573051775282,8.3809093030114506e-05,2.6898794867356899,1.1976171570757983,-0.20008148024231295,0.054255097060773437,1.8406176313620011,0.66396099852724821,1.6991037786361205e-05,1.840639338281699,0.66397479056695652,4.6213893275351259e-09
2.6200000000000001,1310,0.0062811679160254038,0.015431970531929939,0,0.12224751606175024,3.0521377737622202e-05,0.0024328528362452338,0.00060920006598930122,6.9066013704552147e-05,2.6907359689701082,1.1976910609862448,-0.20001046324820157,0.054244189646087716,1.8395181994543623,0.66442913946240945,1.6469412139544451e-05,1.8395406183482998,0.66444170361975041,4.6119909539200782e-09
2.6400000000000001,1320,0.0062826645962745188,0.015387192840465231,0,0.12264501993657376,3.0870465756306116e-05,0.0023595084724374617,0.00054601824052926838,5.6632936810205469e-05,2.6915443406791897,1.1977598229921027,-0.19994460503704142,0.054233242600472333,1.8384247544609504,0.66489406086585556,1.5871596279646215e-05,1.8384484813740301,0.66490581917206204,4.6026488904779059e-09
2.6600000000000001,1330,0.0062840421487229889,0.015347036626047271,0,0.12304101581024895,3.1626133047109895e-05,0.0022874633923846074,0.00048937356604931905,4.6119584810583162e-05,2.6923094583391238,1.1978239740535046,-0.19988338057259417,0.054222263133823612,1.8373379096126685,0.66535580380290549,1.5243837071547207e-05,1.8373632617810938,0.66536699510751818,4.5933659978327986e-09
2.6800000000000002,1340,0.0062853132020362036,0.015311059839642616,0,0.12343559292466491,3.2229876477502338e-05,0.0022168640044768033,0.00043862249462637816,3.7468895094184944e-05,2.6930356502933841,1.1978839811863193,-0.19982634664511756,0.054211265412328402,1.8362585604412198,0.66581463472033953,1.4665228628668333e-05,1.8362852906106286,0.66582509074656648,4.5841451076875385e-09
2.7000000000000002,1350,0.0062864893489563371,0.015278825022326695,0,0.12382858314090309,3.2727491131226901e-05,0.0021477232265698222,0.00039314957822949925,2.9821031431209501e-05,2.6937269699366424,1.1979402761895375,-0.19977306470640879,0.054200250922435307,1.8351869764145068,0.66627036216811386,1.4124436637679722e-05,1.8352148953493164,0.66627996692015989,4.5749890213403427e-09
2.7200000000000002,1360,0.0062875808948547798,0.015249945198296113,0,0.12421983771505229,3.3151700978465481e-05,0.0020802383674523063,0.00035240818497315405,2.3814010656927559e-05,2.6943870042132145,1.1979932442387757,-0.19972314688623047,0.05418922228156977,1.8341234386961629,0.66672283345961125,1.3621653848800749e-05,1.8341523997559965,0.66673148604343846,4.5659005082017239e-09
2.7400000000000002,1370,0.0062885971386151037,0.01522406941380759,0,0.12460918821638964,3.3554630377586899e-05,0.0020144745310570981,0.00031590442237529331,1.8783020217535152e-05,2.695018981836756,1.1980432319660501,-0.19967624136759415,0.054178180580301778,1.833068212475738,0.66717186283176122,1.3146851649899519e-05,1.8330981236882766,0.66717951218941329,4.5568823043113303e-09
2.7600000000000002,1380,0.0062895464084736057,0.015200884478129681,0,0.12499647910161463,3.3963777745398526e-05,0.0019504578073883676,0.00028319679557432722,1.5835142153691226e-05,2.6956257813831499,1.1980905495983281,-0.19963203402434818,0.054167127088102833,1.832021582732378,0.66761728921880947,1.269454153791322e-05,1.8320523829291457,0.66762391116264952,4.547937110854806e-09
2.7800000000000002,1390,0.0062904361979500114,0.015180107440410257,0,0.12538154629021969,3.4412158989379288e-05,0.0018881381292308551,0.00025388759925823196,1.2547858734911261e-05,2.6962099842076461,1.1981354758807956,-0.19959024118248053,0.054156062242880269,1.8309838247499057,0.66805893881604872,1.2255223800781169e-05,1.8310154890135852,0.66806455057294944,4.5390675926806363e-09
2.8000000000000003,1400,0.0062912731990482649,0.015161486913622034,0,0.12576424362389405,3.4906163632670369e-05,0.0018274912717255328,0.00022762251540443766,1.2013660097101191e-05,2.6967738820175793,1.1981782598444601,-0.19955061080387465,0.054144987036909682,1.8299552336389797,0.6684966707345309,1.1826489174840812e-05,1.8299877490551812,0.66850129990903562,4.530276376816998e-09
2.8199999999999998,1410,0.0062920633539584004,0.015144802560318894,0,0.12614445493443943,3.5417171151713451e-05,0.0017684412025537805,0.00020408875308724721,1.1952831047522336e-05,2.6973194964292095,1.1982191229285606,-0.19951292196777093,0.054133903817575157,1.8289361350523052,0.66893039616303629,1.1416935824420952e-05,1.8289694655727364,0.668934030612234,4.5215660509886145e-09
2.8399999999999999,1420,0.0062928120208700124,0.015129854253915644,0,0.12652204547823814,3.5942028429809345e-05,0.0017109082798825094,0.00018300346575918501,1.289169934879393e-05,2.6978486446289742,1.1982582644791744,-0.19947697401726253,0.054122813894522351,1.8279268268496573,0.66935999502939947,1.1027370066026671e-05,1.8279609363168825,0.66936261615015713,4.5129391621336015e-09
2.8599999999999999,1430,0.0062935240122270822,0.015116461845981862,0,0.12689687437963454,3.6483097421525155e-05,0.0016548124402546314,0.00016411241498354951,1.3281600966983096e-05,2.6983629498294466,1.1982958634104932,-0.19944258632368331,0.054111718175381227,1.8269275968750083,0.66978533768959281,1.0655719359145613e-05,1.8269624540966909,0.66978693209038731,4.5043982149203213e-09
2.8799999999999999,1440,0.0062942037246914179,0.01510445729606971,0,0.12726876376299082,3.7075281501580882e-05,0.0016000793285014588,0.00014718145264222901,1.4388049231413678e-05,2.6988638919409573,1.1983320823457888,-0.19940959040505549,0.05410061535731981,1.8259386908831561,0.67020623392277645,1.0286011765101015e-05,1.8259743066062863,0.67020685617416009,4.4959456702642304e-09
2.8999999999999999,1450,0.0062948549728645267,0.015093699397531623,0,0.12763722946653458,3.7695840466331843e-05,0.0015466830096968441,0.00013200974230228528,1.5367925632528735e-05,2.6993527356485658,1.1983670637243982,-0.19937784466667838,0.054089507201484699,1.8249604111616153,0.6706226004933894,9.926500312987023e-06,1.8249967762514576,0.67062226839004624,4.4875839438447364e-09
2.9199999999999999,1460,0.006295481233393168,0.015084057693889583,0,0.12800171649321934,3.8343100215641072e-05,0.0014945087587686695,0.00011841355670356413,1.6511196510205469e-05,2.6998306301990982,1.1984009365564212,-0.19934721829641186,0.054078394026142861,1.8239930319387565,0.67103431319471141,9.5749479982430792e-06,1.8240301399762699,0.67103305104763666,4.4793154046220383e-09
2.9399999999999999,1470,0.0062960855859444239,0.015075417607037988,0,0.12836508212590159,3.9006264397980518e-05,0.0014435360816105346,0.00010623049211101815,1.7704227144513012e-05,2.7002985819662308,1.198433815622002,-0.19931759639774277,0.0540672768775841,1.823036833621402,0.67144127307305834,9.234594526471253e-06,1.8230746690896769,0.67143908885122383,4.4711423733539861e-09
2.96,1480,0.0062966708308547443,0.01506767367630274,0,0.12872959533228154,3.9687415267160117e-05,0.0013936923176544327,9.5312346297103296e-05,1.8271553931657168e-05,2.7007575021047141,1.1984658047500465,-0.19928887321874744,0.054056155753394133,1.82209207486757,0.67184335226415026,8.9014298372975997e-06,1.8221306290921317,0.67184026897348637,4.4630671211129289e-09
2.98,1490,0.0062972403537939247,0.015060709602761787,0,0.12909531813406699,4.0792490776036616e-05,0.0013462957354973513,8.5506618634058644e-05,1.8744172150678372e-05,2.7012084335660753,1.1984970029000226,-0.19926093217887833,0.054045023457955706,1.8211585724247055,0.67224026132915748,8.5534543617877223e-06,1.8211982795022013,0.67223648112917078,4.4550918678025666e-09
3,1500,0.0062977968639099293,0.01505445184923652,0,0.12945848906135818,4.2141914959678235e-05,0.0013032065372252837,7.6704667133904044e-05,1.9090959104164312e-05,2.7016521050666773,1.1985274899981855,-0.19923369951427755,0.054033883329674334,1.8202367691507246,0.67263196005963066,8.220399777745619e-06,1.8202778736831753,0.67262761764877599,4.4472187806747972e-09
3.02,1510,0.0062983422794175223,0.015048844725583488,0,0.12974740189927236,4.3338091462605899e-05,0.0012634603855311542,6.881814108410557e-05,2.0240018397643986e-05,2.7020890730953981,1.1985573352069507,-0.1992071193370186,0.054022742139123066,1.8193273350578509,0.67301849549598869,7.9212900260423473e-06,1.8193696586696801,0.67301357355223568,4.4394499728465685e-09
3.04,1520,0.0062988760908547674,0.015043881906322127,0,0.13003848309424204,4.3539610528770597e-05,0.0012191786028559306,6.1808498484117091e-05,2.0347774359157065e-05,2.7025197814894306,1.1985865868766075,-0.19918118518296096,0.054011620806019955,1.8184314543512594,0.67340037490528115,7.6615122517576099e-06,1.8184738749942904,0.6733942466226015,4.4317875018167331e-09
3.0600000000000001,1530,0.0062994012017159994,0.015039419737929032,0,0.13033091862036389,4.410746331294031e-05,0.0011656752657616721,5.5513839780724867e-05,2.0738089811501742e-05,2.7029453227873663,1.1986153296505724,-0.19915575315845901,0.054000492236704861,1.8175478726499843,0.67377682276039685,7.3097100257809075e-06,1.8175907565141403,0.67376953747972645,4.4242333679828953e-09
3.0800000000000001,1540,0.0062999205604658088,0.015035372803514462,0,0.13062242938396101,4.5350410779673478e-05,0.0011171849187715868,4.98288468000673e-05,2.1497471115166028e-05,2.7033660472490175,1.1986436266767586,-0.19913073765148648,0.053989344932191187,1.8166764187376367,0.6741472723976405,6.9373430767583677e-06,1.816720530237536,0.67413934965394784,4.4167895131582588e-09
3.1000000000000001,1550,0.0063004349227335568,0.01503174837685939,0,0.13090993018146907,4.6406770562078333e-05,0.0010743566784067631,4.4736635830926477e-05,2.1395506250453509e-05,2.7037819935607916,1.1986715093213127,-0.19910614584045241,0.05397819788286877,1.8158182805600014,0.67451211279822132,6.6167410534147144e-06,1.8158634161505682,0.67450358965977042,4.4094578190884867e-09
3.1200000000000001,1560,0.0063009454729557601,0.015028501275714654,0,0.13119327019100963,4.732821135943022e-05,0.0010351758127682981,4.0174549526079987e-05,2.183391520383078e-05,2.704193568491601,1.1986990208691206,-0.19908193241378772,0.053967050793865948,1.8149736204945204,0.67487129413192781,6.3332057044547738e-06,1.8150196270437231,0.67486216706954993,4.402240105968544e-09
3.1400000000000001,1570,0.0063014532478162365,0.01502559161370177,0,0.13147236456163472,4.8160614531898791e-05,0.00099869622581399671,3.6086845248959691e-05,2.2033315828455735e-05,2.7046011143456066,1.1987262001447938,-0.19905805736951923,0.053955903507298793,1.814142592500732,0.67522472150518209,6.0750507720011378e-06,1.8141893683384942,0.6752149945871756,4.3951381309595497e-09
3.1600000000000001,1580,0.0063019591764116433,0.015022984067343866,0,0.13174712944591208,4.8927904485803645e-05,0.00096438712618117546,3.2423967739142657e-05,2.2394272795856101e-05,2.7050049263782898,1.198753081800604,-0.19903448527991,0.053944755972282835,1.8133253669220264,0.6755723050005914,5.8359205311261837e-06,1.8133728379139957,0.67556198812175383,4.3881535867056296e-09
3.1800000000000002,1590,0.0063024640903065945,0.015020647140671426,0,0.13201748526484652,4.9643084224185805e-05,0.00093186254850408372,2.9141664394054127e-05,2.2426798989897964e-05,2.7054052618366353,1.1987796968284983,-0.19901118455449623,0.053933608182247704,1.8125221187750138,0.67591396158845152,5.6117003220466572e-06,1.812570225933573,0.67590306686129098,4.3812880998507672e-09
3.2000000000000002,1600,0.0063029687321017863,0.015018552659728936,0,0.13228335576423278,5.0314487224694238e-05,0.00090081899768239585,2.6200330757513578e-05,2.2845425764212974e-05,2.7058023457344262,1.1988060729786387,-0.19898812693376539,0.053922460144488808,1.8117330205348114,0.67624961299450015,5.3992934537814887e-06,1.8117817146714146,0.67623815334637694,4.3745432295556524e-09
3.2200000000000002,1610,0.0063034737643826062,0.015016675392374008,0,0.13254466748784774,5.0947997797706877e-05,0.00087100981469206442,2.3564493295532474e-05,2.2556434745889217e-05,2.706196375115709,1.1988322351097469,-0.19896528710824343,0.05391131186891391,1.8109582393995272,0.67657918475704093,5.1962905836158937e-06,1.8110074783391661,0.67656717354386786,4.3679204660145344e-09
3.2400000000000002,1620,0.006303979765012113,0.015014994451395125,0,0.13280135633116555,5.1493668727009494e-05,0.00084218441309039105,2.1203829103805142e-05,2.2685329707937426e-05,2.7065875056256083,1.1988582051585266,-0.19894264412200885,0.053900163983906464,1.8101979944440585,0.67690261436917509,5.000810513363865e-06,1.8102476829125391,0.67689005692056936,4.3614212289720675e-09
3.2600000000000002,1630,0.006304487242814313,0.015013489050663813,0,0.13305335210406583,5.1977905490985734e-05,0.00081415811932042078,1.9089408561354798e-05,2.265317472408141e-05,2.7069758874596777,1.1988840031852679,-0.19892017712546137,0.053889016320647617,1.8094524148521309,0.67721983157228183,4.8112822150074899e-06,1.8095024859579256,0.67720673651692009,4.3550468662401701e-09
3.2800000000000002,1640,0.0063049768788466156,0.015012145271609736,0,0.13330083713562374,5.2217719395224901e-05,0.00077224569635727812,1.7199562205313356e-05,2.3099271619960363e-05,2.7073541644003907,1.1989096459235029,-0.19889787213851423,0.053877868368788703,1.8087219046512268,0.67753103513244151,4.5505524147794622e-06,1.808772036459009,0.67751714902067417,4.3487986522148688e-09
3.3000000000000003,1650,0.0063054571513719128,0.01501095767705145,0,0.133543826400574,5.2190595883325932e-05,0.000708564232706387,1.5520121305381881e-05,2.3381554252771861e-05,2.7077254389396797,1.1989351478819179,-0.19887572373125637,0.053866729642661482,1.8080066696579034,0.67783626320934642,4.1840380179073834e-06,1.8080564746433756,0.67782123484058499,4.3426777863931505e-09
3.3200000000000003,1660,0.0063059428544415116,0.015009879498823554,0,0.133781562245785,5.2715485986463128e-05,0.000653230022411296,1.4003369212029053e-05,2.2909150924997221e-05,2.7080953439873943,1.1989605296046897,-0.19885368502552284,0.05385558534296337,1.8073058282983412,0.67813486621428343,3.8589957275899814e-06,1.8073559318091277,0.67811893818008817,4.3366853918898151e-09
3.3399999999999999,1670,0.0063064319647974558,0.015008895836377831,0,0.1340139550956132,5.3705140435504576e-05,0.00060792520677225301,1.262964163038293e-05,2.2909150924997221e-05,2.7084631123099738,1.1989858039991204,-0.19883174106201626,0.053844432993927563,1.8066195751426146,0.67842678918634547,3.5909665744021705e-06,1.806670530151494,0.67841020711098443,4.3308225139543224e-09
3.3599999999999999,1680,0.0063069245940234261,0.015008013634742917,0,0.13424110704265454,5.4530558258808777e-05,0.00056861581228493828,1.1398261062458914e-05,2.3004407680670755e-05,2.7088286142386728,1.1990109790314836,-0.19880989876584548,0.053833280070347142,1.8059487288468343,0.67871214663356605,3.3580863441162685e-06,1.8060003825894437,0.67869499364712316,4.3250901184876484e-09
3.3799999999999999,1690,0.0063074209126224787,0.01500722378844861,0,0.13446301646650463,5.5172445917209109e-05,0.0005334753235942594,1.0295625684622991e-05,2.2781522350186147e-05,2.7091918902603389,1.1990360647956069,-0.1987881490029961,0.053822127602383259,1.8052934228852116,0.67899092948631423,3.1493479244589113e-06,1.8053455925922961,0.67897325381808527,4.3194890905591288e-09
3.3999999999999999,1700,0.0063079211317966623,0.015006517434319407,0,0.13467966184473629,5.5657221660204608e-05,0.00050172115652111649,9.30896022552471e-06,2.3225154141253322e-05,2.7095530004857591,1.1990610704602405,-0.19876648288230067,0.053810975958412229,1.8046537258921753,0.67926310778059951,2.9600838660154261e-06,1.8047062540063341,0.67924494774286626,4.3140202329233199e-09
3.4199999999999999,1710,0.0063084254380248953,0.015005885441334408,0,0.13489101760799244,5.6035402447062595e-05,0.00047281950612922379,8.4258237943699014e-06,2.3036072399968081e-05,2.7099120023859791,1.1990860044565521,-0.19874489124547021,0.053799824916957645,1.8040296683703274,0.67952864701257643,2.7865562933366616e-06,1.8040824508814159,0.67951003970355994,4.3086842645368367e-09
3.4399999999999999,1720,0.0063089340023591289,0.015005318512528483,0,0.13509705738512459,5.63739395668414e-05,0.00044628766499040353,7.6341395018594999e-06,2.3350358035739973e-05,2.7102689544192375,1.1991108745466139,-0.19872336476983848,0.053788673812669129,1.803421251412505,0.67978751205014976,2.6256458061927896e-06,1.8034742572975864,0.67976849821904073,4.303481819075217e-09
3.46,1730,0.006309446977962643,0.015004809826476583,0,0.13529776425796422,5.6677808177964167e-05,0.00042177455084216494,6.9243611922482247e-06,2.2813496432377448e-05,2.710623895355126,1.1991356873941044,-0.19870189661147941,0.053777522599040277,1.8028285345122954,0.6800396802361367,2.4750947123771458e-06,1.8028817371916892,0.68002029611864767,4.2984134434497554e-09
3.48,1740,0.0063099644970439793,0.015004353344351833,0,0.13549312443291811,5.69456680058392e-05,0.00039893801273069231,6.2879974486757957e-06,2.3193747562800386e-05,2.7109768571609019,1.199160448955628,-0.19868048071120908,0.053766371268812015,1.8022515737094187,0.68028513314465633,2.3331146307472661e-06,1.8023049441839794,0.68026541061586698,4.2934795963243723e-09
3.5,1750,0.006310486670610526,0.015003943642729804,0,0.13568312651534395,5.7177064615758475e-05,0.000377474175495751,5.7174298092047106e-06,2.3036072399968081e-05,2.7113278667242602,1.1991851645706937,-0.19865911162723518,0.05375521981457497,1.8016904133515825,0.68052385563403506,2.198336290671974e-06,1.801743921404735,0.6805038233820152,4.2886806466324546e-09
3.52,1760,0.0063110135910248166,0.015003575855574283,0,0.13586776179624799,5.7372022111264519e-05,0.00035727749389829517,5.2058271375657526e-06,2.3319120084582497e-05,2.7116769467595856,1.1992098390246901,-0.19863778447697944,0.053744068228926752,1.8011450863820726,0.68075583615985813,2.0697370366977717e-06,1.8011987013208686,0.68073552061992282,4.2840168720937031e-09
3.54,1770,0.0063115453341925929,0.015003245622885891,0,0.13604702456474482,5.7530502529474982e-05,0.00033809005190051181,4.7470692851942968e-06,2.3162298399097643e-05,2.7120241165242174,1.1992344766051906,-0.198616494885551,0.053732916506298967,1.8006156148032324,0.68098106711681139,1.9465632970261003e-06,1.8006693055625398,0.68096049313761686,4.2794884577309979e-09
3.5600000000000001,1780,0.0063120819612258669,0.015002949040305576,0,0.13622091234214162,5.7652270462149004e-05,0.00031977897880341186,4.3356748992758494e-06,2.3381554252771861e-05,2.7123693924233865,1.1992590811533086,-0.19859523893517539,0.053721764643343994,1.8001020096897873,0.68119954509033331,1.8282654776903413e-06,1.800155744749766,0.68117873642200477,4.2750954943872256e-09
3.5800000000000001,1790,0.0063126235197903842,0.015002682611053248,0,0.1363894260622002,5.7736917821625834e-05,0.00030232750490077979,3.9667342080905445e-06,2.3350358035739973e-05,2.7127127885442492,1.199283656110365,-0.19857401311698056,0.053710612638338415,1.7996042710181652,0.68141127105086718,1.7144479858890296e-06,1.7996580183190367,0.68139025071255654,4.2708379772421556e-09
3.6000000000000001,1800,0.0063131700452474038,0.015002443203330914,0,0.1365525702239844,5.7783909704336524e-05,0.00028552825460794335,3.6358492510798248e-06,2.3505925099591037e-05,2.7130543171180097,1.1993082045595014,-0.19855281428826344,0.053699460490737087,1.7991223874677538,0.68161625051990704,1.6048289068144178e-06,1.7991761143499232,0.68159504107498869,4.2667158043292729e-09
3.6200000000000001,1810,0.006313721561657543,0.015002228012506579,0,0.13671035302408791,5.7792620070086719e-05,0.00026947346941150847,3.3390806416518383e-06,2.3225154141253322e-05,2.713393988931704,1.1993327292628286,-0.19853163963455836,0.053688308200912839,1.798656336228919,0.68181449371573422,1.4992083296460977e-06,1.7987100093916917,0.68179311747494709,4.2627287750526375e-09
3.6400000000000001,1820,0.0063142780950976455,0.015002032887904112,0,0.13686278025079482,5.7811389385111224e-05,0.00025401164978326556,3.0715686517249415e-06,2.3225154141253322e-05,2.7137318328544895,1.1993572330061641,-0.19851048499530766,0.053677155145134596,1.7982060267305535,0.68200600763226538,1.3971421830392324e-06,1.7982596682899143,0.68198449485169033,4.2588765887037261e-09
3.6600000000000001,1830,0.0063148396656230602,0.015001856089249014,0,0.13700987025547276,5.7818353993840833e-05,0.0002391511272094457,2.8305887334327023e-06,2.3193747562800386e-05,2.7140678598734,1.1993817179084847,-0.19848934862266929,0.053666001506692027,1.7977714365184594,0.68219081546885474,1.2987483175949445e-06,1.7978250440130827,0.68216919319177238,4.2551588429783021e-09
3.6800000000000002,1840,0.0063154062731150176,0.015001697057567771,0,0.13715164902613164,5.7765360094053737e-05,0.00022489117412202299,2.6144945935625632e-06,2.3412708902503816e-05,2.7144020681310317,1.1994061856799265,-0.19846822995128655,0.0536548478499978,1.7973525614471242,0.68236895007047549,1.2042015581141925e-06,1.797406077479218,0.68234723760272609,4.2515750324932401e-09
3.7000000000000002,1850,0.0063159779029299933,0.015001553996118812,0,0.13728814984868595,5.7653146561726621e-05,0.00021112909097479159,2.420751263992771e-06,2.3319120084582497e-05,2.7147344658437027,1.1994306380988111,-0.19844712717785726,0.053643694185633466,1.7969493292929186,0.68254044145572723,1.1134056572349351e-06,1.7970026973824837,0.68251865838674686,4.2481245473033947e-09
3.7200000000000002,1860,0.0063165545310877773,0.01500142523042974,0,0.13741944602170431,5.748642747185188e-05,0.00019787297917678735,2.2470350050912264e-06,2.347489416183844e-05,2.715065061694784,1.1994550767702621,-0.19842603862198843,0.053632540493402478,1.7965616508261351,0.68270532415389973,1.0262887165847333e-06,1.7966148200197984,0.68268349111437454,4.2448066714184479e-09
3.7400000000000002,1870,0.0063171361273159426,0.015001309273310684,0,0.13754556929775116,5.7268080917117646e-05,0.00018514884190539414,2.0912732429737562e-06,2.3067693653563172e-05,2.7153938645762059,1.1994795031297825,-0.19840496279116909,0.053621386759317491,1.7961894263168059,0.68286363829410812,9.4279776226240364e-07,1.7962423491174466,0.68284177669817736,4.2416205813197578e-09
3.7600000000000002,1880,0.0063177226552005626,0.015001204801508248,0,0.13766654899052888,5.6999630446392331e-05,0.00017293922309174727,1.9516145384325129e-06,2.3130806476445511e-05,2.7157208837950888,1.1995039184617602,-0.19838389835734349,0.053610232974970501,1.7958325448270447,0.68301542962268447,8.6288798253690513e-07,1.7958851756576906,0.68299356146643553,4.2385653444772074e-09
3.7800000000000002,1890,0.0063183140722035819,0.015001110633236446,0,0.13778241925497919,5.6681873746185079e-05,0.00016118920846302281,1.8264008994163264e-06,2.3099271619960363e-05,2.716046129270556,1.1995283239162193,-0.19836284413439004,0.053599079134895762,1.7954908833244518,0.68316074948081629,7.8651873326100038e-07,1.7955431777053834,0.68313889723682342,4.2356399178660598e-09
3.8000000000000003,1900,0.0063189103427515247,0.015001023929402515,0,0.13789321222293116,5.6368132647826886e-05,0.00014998254061254635,1.7128012127747945e-06,2.3256518306983181e-05,2.7163696327756206,1.1995527208598162,-0.19834179727827478,0.053587924541065646,1.7951642450237735,0.68329964599821602,7.133904013844486e-07,1.7952162202345798,0.68327784139009307,4.232843146483806e-09
3.8200000000000003,1910,0.0063195114293629982,0.015000944293609953,0,0.1379989745819481,5.603579778220806e-05,0.00013925150245934563,1.6099475681877019e-06,2.3287840231354886e-05,2.7166914081267608,1.1995771101100416,-0.19832075738952504,0.053576769392495928,1.794852507347483,0.68343218541409156,6.4363021776630244e-07,1.794904154955149,0.68341045694375757,4.2301737618670181e-09
3.8399999999999999,1920,0.0063201172771825999,0.015000872467245322,0,0.13809976196234361,5.5633300918673572e-05,0.00012899612875690993,1.5178484347181673e-06,2.3099271619960363e-05,2.7170114564299372,1.19960149219393,-0.19829972520720082,0.053565614314341439,1.7945555679483132,0.68355844474407135,5.7741113468147169e-07,1.7946068201393859,0.68353681262577415,4.2276303806081943e-09
3.8599999999999999,1930,0.0063207278193453138,0.015000807708524737,0,0.13819562816118103,5.5161642481583644e-05,0.0001191618457073505,1.4354320107170815e-06,2.3412708902503816e-05,2.717329791262189,1.1996258678492073,-0.19827869998659675,0.053554459317427326,1.794273250227715,0.68367849805255232,5.1466345106385686e-07,1.7943240404486236,0.68365698294822708,4.225211502872619e-09
3.8799999999999999,1940,0.0063213429819823147,0.015000749275313875,0,0.1382866313795468,5.4626272431819672e-05,0.00010986842817844653,1.3616790306048736e-06,2.3004407680670755e-05,2.7176464279887198,1.1996502377509357,-0.19825768098294172,0.053543304376008148,1.7940053586308262,0.68379242446777022,4.5531544015346009e-07,1.7940556267598442,0.6837710482810111,4.2229155109151994e-09
3.8999999999999999,1950,0.0063219626871299766,0.015000696515342351,0,0.13837283516501592,5.4030635824059137e-05,0.00010096211802181293,1.2956837721300017e-06,2.3130806476445511e-05,2.7179613832700453,1.1996746025013829,-0.19823666754160446,0.053532149471072703,1.7937516859470617,0.68390030937637103,3.9929952818123701e-07,1.7938013759922935,0.68387909492551402,4.2207406675973389e-09
3.9199999999999999,1960,0.0063225868525597726,0.015000648854310171,0,0.13845430841420231,5.3376638810392495e-05,9.2491707176923986e-05,1.2366395672131929e-06,2.2813496432377448e-05,2.7182746751514495,1.1996989626382093,-0.19821565908615585,0.053520994590257095,1.7935120126082043,0.68400224443086743,3.4654764224277411e-07,1.7935610709340895,0.68398121518830091,4.2186851149037599e-09
3.9399999999999999,1970,0.0063232153914852852,0.015000605782098284,0,0.13853112533379053,5.2665338378683138e-05,8.4502028287940104e-05,1.1838243729262508e-06,2.3162298399097643e-05,2.7185863231631191,1.1997233186422691,-0.19819465510455042,0.053509839724943602,1.7932861057211065,0.68409832750840305,2.9698972937031088e-07,1.7933344800688367,0.68407750745479601,4.2167468724593774e-09
3.96,1980,0.0063238482124514965,0.015000566843464956,0,0.13860336544802987,5.1897269646924616e-05,7.7000727640077194e-05,1.1365904160902842e-06,2.3067693653563172e-05,2.7188963483998458,1.1997476709439834,-0.19817365513980764,0.053498684868593917,1.7930737185177812,0.68418866272944701,2.5055313380982651e-07,1.7931213574022367,0.68416807626296705,4.2149238360461361e-09
3.98,1990,0.0063244852328374259,0.015000529805899663,0,0.13867110649753175,5.1126558949237289e-05,6.9780001811020314e-05,1.0931789898935138e-06,2.3036072399968081e-05,2.7192047958073031,1.199772020272827,-0.19815265695669912,0.053487529295431394,1.7928745272097897,0.68427335131786715,2.0680415113099549e-07,1.792921442288701,0.68425303237700774,4.2132137761198637e-09
4,2000,0.0063251263689801576,0.015000494870924471,0,0.13873444165282653,5.0330008587655958e-05,6.3156170643833675e-05,1.053506197292075e-06,2.2972699315936647e-05,2.7195116923049327,1.1997963668661449,-0.19813166075583563,0.053476373212301601,1.7926882830237867,0.68435251382585782,1.6585508330776874e-07,1.7927344592579639,0.68433249286102016,4.2116143363271373e-09
4.0200000000000005,2010,0.0063257715201412157,0.0150004633551653,0,0.13879347360915123,4.9454564336233327e-05,5.6966603045806464e-05,1.0181650654405836e-06,2.2972699315936647e-05,2.719817051877131,1.1998207107242882,-0.19811066785354173,0.053465217272835104,1.7925147570900655,0.68442628244287118,1.2794869462840078e-07,1.7925601178416912,0.68440658115270026,4.2101230320220992e-09
4.04,2020,0.0063264205742004156,0.015000434997267897,0,0.13884830343518487,4.8500825091187918e-05,5.1155221494304046e-05,9.8673304085253338e-07,2.3036072399968081e-05,2.7201209020602994,1.1998450521188961,-0.19808967798726299,0.053454061492351712,1.7923536429780109,0.68449478669937569,9.297431532051339e-08,1.7923981124000954,0.68447542713701826,4.2087372487833468e-09
4.0600000000000005,2030,0.006327073412441135,0.015000409473949605,0,0.13889903700362149,4.7474312820437556e-05,4.5770549568287739e-05,9.5877760290816172e-07,2.3162298399097643e-05,2.7204232728515225,1.1998693913095086,-0.19806869083261883,0.053442905844092788,1.7922046131674674,0.68455816177554607,6.0800349486442032e-08,1.7922481219485462,0.68453916721990371,4.2074542409307563e-09
4.0800000000000001,2040,0.0063277299123846035,0.015000386506562826,0,0.13894578598025384,4.6378595705361798e-05,4.0767132852299058e-05,9.3391961180152044e-07,2.3036072399968081e-05,2.7207241960648347,1.1998937285263949,-0.19804770610999328,0.053431750307562378,1.7920673268878817,0.68461654977572017,3.1304216841271478e-08,1.792109809984183,0.68459794440192767,4.206271130042348e-09
4.0999999999999996,2050,0.0063283899613736415,0.015000363960951658,0,0.13898866052322201,4.5271553878093524e-05,3.6101604354825752e-05,9.1077129085955238e-07,2.3287840231354886e-05,2.7210237285230838,1.1999180643295899,-0.19802672168332075,0.053420594116622797,1.7919413643418041,0.68467009033257831,3.9822088978335578e-09,1.7919828243125258,0.68465190835198642,4.2051849034711241e-09
4.1200000000000001,2060,0.0063290534459252519,0.015000342215008679,0,0.13902778686372033,4.4130391304227552e-05,3.2195304973023749e-05,8.8944273352800224e-07,2.3004407680670755e-05,2.7213219083204119,1.1999423987897662,-0.19800573793017151,0.053409437483020884,1.7918263838151094,0.68471894329699334,-2.1096563442815868e-08,1.7918667968740889,0.68470121548098417,4.2041924128619348e-09
4.1399999999999997,2070,0.0063297202352284292,0.015000322805981823,0,0.13906330121254604,4.2900515232535814e-05,2.8572731261078417e-05,8.7062692655480322e-07,2.3225154141253322e-05,2.7216187600360957,1.1999667317470761,-0.1979847563879592,0.053398281093158334,1.7917220647431154,0.68476328084424876,-4.3685406067209001e-08,1.7917613435709909,0.6847460290155164,4.203290372668316e-09
4.1600000000000001,2080,0.0063303901869128576,0.015000305616413847,0,0.13909533826953011,4.1582771378163977e-05,2.5441881649397974e-05,8.5408779218009316e-07,2.2749503328951236e-05,2.7219143225450315,1.1999910633385718,-0.19796377693854111,0.053387124966712281,1.7916280057517762,0.68480327272355968,-6.3914879406346518e-08,1.7916660640935682,0.68478651907155319,4.2024753586693486e-09
4.1799999999999997,2090,0.0063310631517391209,0.015000290434317769,0,0.13912403775307797,4.018347735415471e-05,2.2556434745889217e-05,8.3956142389493976e-07,2.3443822150653013e-05,2.7222086375039827,1.2000153937064475,-0.19794279936929263,0.053375969073395479,1.7915437826964362,0.68483909469144955,-8.1946238265441916e-08,1.7915805417469861,0.68482286272812198,4.2017438064865034e-09
4.2000000000000002,2100,0.0063317389905326966,0.015000275170290617,0,0.13914953796583021,3.876303483146989e-05,2.013168567464644e-05,8.2589373387459385e-07,2.3067693653563172e-05,2.7225017720751725,1.2000397233361397,-0.19792182158900917,0.053364812625085918,1.7914688916049561,0.68487092023726159,-9.8316929993690773e-08,1.7915043432778508,0.68485524410099108,4.2010920101004926e-09
4.2199999999999998,2110,0.0063324175634770167,0.015000260267059603,0,0.13917199392658292,3.7299831167172906e-05,1.8627141836043019e-05,8.1324810534940195e-07,2.2972699315936647e-05,2.7227937744991859,1.200064052224797,-0.19790084404046981,0.053353655830561307,1.7914029075665669,0.68489894395551987,-1.129859130577205e-07,1.7914370187008219,0.68488385441635269,4.2005161203681251e-09
4.2400000000000002,2120,0.00633309871323015,0.015000247353857942,0,0.13919157107276256,3.5739196592895498e-05,1.7075472925031942e-05,8.0229840338907385e-07,2.2940947124789083e-05,2.7230846791527683,1.2000883801394331,-0.19787986835354543,0.053342499390779209,1.7913454275229586,0.68492337341772602,-1.2570865734441204e-07,1.7913781011252241,0.68490889208450578,4.2000121435391529e-09
4.2599999999999998,2130,0.0063337822705864201,0.015000236385791822,0,0.13920843337297639,3.4082085587731567e-05,1.6555285230907042e-05,7.9289699637129347e-07,2.3036072399968081e-05,2.7233745349413887,1.2001127071547586,-0.19785889448289423,0.05333134333032262,1.7912959663375256,0.68494441390786776,-1.3662387958762461e-07,1.7913271065816576,0.68493056277354003,4.1995759397731195e-09
4.2800000000000002,2140,0.0063344680734518126,0.015000225317491508,0,0.13922274279854632,3.2390628594718832e-05,1.63782182658682e-05,7.8404255682206827e-07,2.3225154141253322e-05,2.7236634172975385,1.2001370337135919,-0.19783792038173106,0.053320186864352692,1.7912539500546509,0.68496226770836843,-1.4635836066185471e-07,1.7912835338486144,0.68494907948301742,4.1992032216562265e-09
4.2999999999999998,2150,0.0063351559586323014,0.015000214600047723,0,0.13923467781981191,3.0645738882597327e-05,1.6018213462801612e-05,7.7589635041283682e-07,2.3162298399097643e-05,2.7239513828991617,1.2001613597825564,-0.1978169465012273,0.053309030189389407,1.7912188821457755,0.68497715806584036,-1.5486676091574123e-07,1.791246864279084,0.68496466261765765,4.1988895527181532e-09
4.3200000000000003,2160,0.0063358457596000657,0.015000203877850008,0,0.13924441969265844,2.8853017508863201e-05,1.6199215970291549e-05,7.6825902555448199e-07,2.3443822150653013e-05,2.7242384988724897,1.2001856854797042,-0.19779597248491898,0.053297873192754294,1.7911902195899341,0.68498931146628206,-1.6226961509314654e-07,1.7912165616271716,0.68497754006101896,4.1986303459489455e-09
4.3399999999999999,2170,0.0063365373019205473,0.015000193776441012,0,0.13925215989906087,2.69884094925251e-05,1.6018213462801612e-05,7.6135043556286304e-07,2.2781522350186147e-05,2.7245248248317946,1.2002100107275873,-0.19777499895864914,0.053286716144790393,1.7911674364284689,0.68499896719499354,-1.6851532817863969e-07,1.7911920718747045,0.68498794724918299,4.19842086231583e-09
4.3600000000000003,2180,0.0063372303908361379,0.015000186069325917,0,0.13925810003628336,2.4998825732774525e-05,1.6333651602943885e-05,7.5579788214497008e-07,2.3036072399968081e-05,2.7248104066369789,1.2002343352285043,-0.19775402769685632,0.053275559791414955,1.7911500228942012,0.68500637723481261,-1.7334886080739212e-07,1.7911728230578485,0.68499612724443726,4.1982562092800909e-09
4.3799999999999999,2190,0.0063379248346718793,0.015000178921247541,0,0.1392624334072439,2.2942091588587614e-05,1.7329712313881724e-05,7.5080256747149758e-07,2.3162298399097643e-05,2.7250953289292319,1.2002586593628295,-0.19773305686311549,0.05326440342322665,1.7911373211949018,0.68501178245348449,-1.77451269544364e-07,1.7911582250937175,0.68500233080895789,4.1981313393139137e-09
4.4000000000000004,2200,0.0063386204517937132,0.015000170766840494,0,0.1392653608726401,2.0863032399747375e-05,1.7621689505503623e-05,7.4575161051946893e-07,2.2972699315936647e-05,2.7253796836803694,1.2002829834605777,-0.19771208489066827,0.053253246411213997,1.7911286700690559,0.68501543328109105,-1.812537205162939e-07,1.7911476696069859,0.68500681647849371,4.1980410484172284e-09
4.4199999999999999,2210,0.0063393170463005169,0.015000163926730028,0,0.13926710529663638,1.8686885968396791e-05,1.8070981951380476e-05,7.4148938408896699e-07,2.3193747562800386e-05,2.7256635262465334,1.2003073071069725,-0.19769111410138049,0.053242089699750972,1.7911235302841566,0.68501760835323877,-1.8414008168851116e-07,1.7911405297565004,0.68500985063604858,4.1979799746345686e-09
4.4400000000000004,2220,0.006340014413951588,0.015000158704971542,0,0.13926788804658641,1.6404246310983976e-05,1.7663006536443448e-05,7.3805286239671908e-07,2.3225154141253322e-05,2.7259469317278127,1.2003316302696569,-0.19767014479978648,0.053230933447534663,1.7911212677325894,0.68501858373982649,-1.863998500797438e-07,1.7911361600618929,0.68501170758556496,4.1979425965719175e-09
4.46,2230,0.0063407123533201588,0.015000154128128306,0,0.13926793118374087,1.4045540671405196e-05,1.8899085298673496e-05,7.3504887880840254e-07,2.3536915126363769e-05,2.7262299941473302,1.2003559531649743,-0.19764917601113699,0.053219777266509699,1.7911211824972222,0.68501863629232462,-1.8840277779398717e-07,1.791133896230191,0.68501266962560703,4.1979232319135645e-09
4.4800000000000004,2240,0.0063414106788549224,0.015000149026652157,0,0.13926746489148989,1.164004333924525e-05,1.924308070525986e-05,7.3202767599690448e-07,2.3036072399968081e-05,2.7265128212298917,1.2003802760754481,-0.19762820656460434,0.053208620687599746,1.7911225573400453,0.68501805224067647,-1.9152143989463876e-07,1.7911330549824307,0.68501302712304379,4.1979160359389457e-09
4.5,2250,0.0063421092171795316,0.015000143343443104,0,0.13926673193201522,9.1783523968945301e-06,1.9090959104164312e-05,7.2896455915698803e-07,2.3036072399968081e-05,2.7267955218805127,1.2004045990436436,-0.19760723640328559,0.053197463684093414,1.7911247021831993,0.68501713329606129,-1.9741642225742697e-07,1.7911329338802684,0.68501307858673222,4.1979150000395028e-09
4.5200000000000005,2260,0.0063428077623116884,0.015000140888363439,0,0.13926594805672085,6.6860646966723443e-06,1.939400914049012e-05,7.2765081010787696e-07,2.3099271619960363e-05,2.727078173607389,1.2004289205497924,-0.19758626934580201,0.053186307763532725,1.7911270132107533,0.6850161614834116,-1.8902581745614465e-07,1.7911328825400135,0.68501299042463892,2.5686814310925617e-07
4.54,2270,0.0063435062147852734,0.015000145925707319,0,0.13926499976892609,4.7780334042861509e-06,1.9469034601067135e-05,7.3179914820334181e-07,2.265317472408141e-05,2.7273608002130012,1.2004532410365469,-0.19756530965567529,0.053175149524806974,1.7911291873918211,0.68501532324540759,2.7328406272307898e-07,1.7911325265758566,0.68501237915877722,2.0087399401186185e-06
4.5600000000000005,2280,0.0063442038476502743,0.015000160636248564,0,0.13926256104223678,5.3159828818036323e-06,1.9167170820781278e-05,7.3799610376903648e-07,2.3004407680670755e-05,2.7276431165787733,1.2004775601015945,-0.19754435950641605,0.053163996815050886,1.791130688853366,0.68501406018579147,2.6579760055470244e-06,1.791131570710927,0.68501073773621013,6.7130136158787813e-06
4.5800000000000001,2290,0.0063449000407937682,0.015000178928574139,0,0.13925695389235182,8.2021818779453644e-06,1.8627141836043019e-05,7.4343135721433182e-07,2.2717439178655149e-05,2.7279248749107246,1.2005018781255961,-0.19752341280558317,0.053152849855917936,1.79113097448543,0.68501159935043898,8.7345670099576388e-06,1.791129729761183,0.68500757643552712,1.5773217784057403e-05
4.6000000000000005,2300,0.0063455945516196809,0.015000195143803944,0,0.1392468160350343,1.2010577554361011e-05,1.8627141836043019e-05,7.4873504466602316e-07,2.2813496432377448e-05,2.7282059506372955,1.2005261964649754,-0.19750246389386292,0.053141701765531284,1.7911297962479802,0.68500739541478706,2.0050210199636772e-05,1.7911267285210879,0.68500242267052514,3.0543772007200174e-05
4.6200000000000001,2310,0.0063462870311692321,0.015000209093407782,0,0.1392308420228717,1.6185664719567128e-05,1.8587967992817196e-05,7.536704396480971e-07,2.3162298399097643e-05,2.7284861635856958,1.2005505151927969,-0.1974815125824444,0.053130552410520504,1.7911269465231354,0.68500091513462202,3.8073624795322487e-05,1.7911223016492868,0.68499482079388907,5.2330549441786402e-05
4.6399999999999997,2320,0.006346977155758513,0.015000221731612345,0,0.13920781127998569,2.0540298349598234e-05,1.8899085298673496e-05,7.5845763015469644e-07,2.3412708902503816e-05,2.7287653442185809,1.2005748341614941,-0.19746055982608629,0.053119402223987949,1.7911222478335518,0.68499166427772573,6.4184687754928008e-05,1.791116193554281,0.68498433190087349,8.2391439483292129e-05
4.6600000000000001,2330,0.0063476646053657665,0.015000232983175819,0,0.13917657294951571,2.4970971294900063e-05,1.9014441926092368e-05,7.629246944456371e-07,2.3036072399968081e-05,2.7290433370140939,1.2005991533768938,-0.19743960554968243,0.053108251291147462,1.7911154831586864,0.68497917514637696,9.9683375693439277e-05,1.7911081582801045,0.68497053363298321,0.0001219369104112488
4.6799999999999997,2340,0.0063483490762203118,0.015000243057195245,0,0.13913604082823791,2.9411185389221414e-05,1.8821788102366937e-05,7.6709961804344106e-07,2.3381554252771861e-05,2.7293199950808371,1.2006234728113496,-0.19741864996267261,0.053097099682512347,1.7911064457105335,0.68496300859696901,0.00014580135275558124,1.7910979593919991,0.68495301998165425,0.00017213057203429544
4.7000000000000002,2350,0.0063490302902253441,0.015000252626616336,0,0.13908518937887468,3.3818635521424264e-05,1.943155808007896e-05,7.712621369719431e-07,2.3099271619960363e-05,2.7295951832593834,1.2006477923599046,-0.19739769373853672,0.053085947624776739,1.7910949474930755,0.68494275247051117,0.00020370692579797382,1.7910853698620908,0.68493140109193518,0.00023408973833525141
4.7199999999999998,2360,0.0063497079785370036,0.015000261747840648,0,0.13902304574329308,3.8156947863222927e-05,1.9129102916627893e-05,7.7541239582077512e-07,2.347489416183844e-05,2.7298687773262529,1.200672112018883,-0.19737673693380792,0.053074795138123555,1.791080782338792,0.68491801397200036,0.00027450859492216104,1.7910701719550652,0.68490530306616781,0.00030888599011615715
4.7400000000000002,2370,0.0063503818648705662,0.015000269509989004,0,0.13894868378695377,4.2387661544950601e-05,1.943155808007896e-05,7.7909467673918135e-07,2.3004407680670755e-05,2.7301406567103865,1.2006964319734141,-0.19735577863720929,0.053063641796173747,1.7910637148624411,0.68488841568212011,0.00035926012156950373,1.7910521571138436,0.68487436776766808,0.0003975457376433557
4.7599999999999998,2380,0.0063510516954644013,0.015000276091768737,0,0.13886123204195483,4.6495081025125758e-05,2.0276000680978352e-05,7.8234799478953766e-07,2.3193747562800386e-05,2.7304107019701753,1.2007207521924668,-0.19733481902765654,0.053052487683792907,1.7910435598164041,0.6848536063644699,0.0004589621674070195,1.7910311258452574,0.68483825262440767,0.00050105078329252476
4.7800000000000002,2390,0.0063517172427781255,0.015000282260357066,0,0.13875986829062376,5.0475552106738644e-05,2.0773209379101241e-05,7.8550944244127927e-07,2.3067693653563172e-05,2.730678802720484,1.2007450725299751,-0.19731385887272274,0.053041333165821568,1.7910201599357041,0.68481325617371303,0.00057456540548616924,1.7910068876057255,0.68479663043269423,0.00062033888419376802
4.7999999999999998,2400,0.0063523782687674333,0.015000287161586027,0,0.13864380828665523,5.4310977023735191e-05,2.1429548445808714e-05,7.8810103501339283e-07,2.3350358035739973e-05,2.7309448556408418,1.200769393138984,-0.19729289731756755,0.053030177950338146,1.7909933061997174,0.68476704379997144,0.0007069726044081373,1.7909792606869295,0.68474918916085303,0.00075630431487663677
4.8200000000000003,2410,0.0063530345544209645,0.015000291004271867,0,0.13851231479070605,5.7997153080805092e-05,2.2426798989897964e-05,7.9021307677662224e-07,2.3225154141253322e-05,2.7312087576531661,1.2007937139866813,-0.19727193457122597,0.053019022108493123,1.7909628355328762,0.68471466968644934,0.00085704174365081986,1.7909480721014885,0.6846956317529076,0.00090979842991523098
4.8399999999999999,2420,0.0063536859059012355,0.015000294562033356,0,0.13836469491599715,6.1537213209179265e-05,2.3162298399097643e-05,7.9224689383458249e-07,2.3225154141253322e-05,2.7314704142349675,1.2008180349406952,-0.19725097140785652,0.053007865922508293,1.7909286118622487,0.68465585284311947,0.0010255866489230279,1.7909131574686368,0.6846356759322606,0.0010816302265732117
4.8600000000000003,2430,0.0063543321374466008,0.015000297872612593,0,0.13820029487867344,6.4928257903265705e-05,2.4744711127599622e-05,7.9421282136266719e-07,2.3350358035739973e-05,2.731729740733833,1.2008423559963031,-0.19723000786518574,0.052996709416393693,1.7908904795621285,0.6845903238895007,0.0012133768793064987,1.7908743608998967,0.68456905400537527,0.001272566907448913
4.8799999999999999,2440,0.0063549730736788025,0.015000300924699322,0,0.13801850163452453,6.8167926596881742e-05,2.6287356432399194e-05,7.9609743064800263e-07,2.3099271619960363e-05,2.7319866575802489,1.2008666771572512,-0.19720904393187078,0.052985552592492373,1.7908482883447434,0.68451782806132189,0.0014211395003808202,1.7908315348847574,0.68449551266545616,0.0014833344431203408
4.9000000000000004,2450,0.0063556085509601148,0.015000303712096215,0,0.13781874270156216,7.1255086277597e-05,2.7875415369281657e-05,7.9789100425511933e-07,2.3536915126363769e-05,2.7322410899659269,1.2008909984261218,-0.19718807960169454,0.052974395454274147,1.7908018969639381,0.68443812537416593,0.001649560061115046,1.7907845401763487,0.68441481279613026,0.0017146181347902994
4.9199999999999999,2460,0.0063562384172371859,0.015000306234024293,0,0.13760048568859976,7.4189535914950997e-05,3.0064472461725659e-05,7.9958725362609326e-07,2.2909150924997221e-05,2.7324929677875391,1.2009153198042704,-0.19716711487386157,0.052963238007488429,1.790751173040448,0.68435099028973645,0.0018992833860388776,1.790733245677117,0.68432672927512772,0.0019670631769313773
4.9400000000000004,2470,0.0063568625317629622,0.015000308492092248,0,0.13736323785529173,7.697171800334125e-05,3.2510731868091709e-05,8.0118171574245742e-07,2.3443822150653013e-05,2.7327422255921285,1.2009396412923636,-0.19714614974996192,0.052952080258989259,1.7906959926372028,0.68425621137994841,0.0021709143029629207,1.7906775283245018,0.68423105077796309,0.0022412752199310851
4.96,2480,0.0063574807648879251,0.015000310488709112,0,0.13710654572955108,7.9602529166372519e-05,3.4952621358355786e-05,8.0267095356147002e-07,2.3225154141253322e-05,2.7329888025194027,1.200963962890677,-0.19712518423238753,0.052940922215954575,1.7906362399911093,0.68415359103869633,0.0024650183289973205,1.7906172729766103,0.6841275795816163,0.002537820932736828
4.9800000000000004,2490,0.0063580929978889825,0.015000312226548412,0,0.13682999476317884,8.2083195135315479e-05,3.764357620473439e-05,8.0405227182994769e-07,2.3099271619960363e-05,2.7332326422355666,1.2009882845992135,-0.19710421832379399,0.052929763885572648,1.7905718073315693,0.68404294522499021,0.0027821223242527515,1.7905523722978944,0.68401613136821371,0.0028572285655010599
5,2500,0.0063586991406052911,0.015000314912451582,0,0.13653321267700838,8.4425305870172444e-05,4.0998918112699998e-05,8.0599731170185105e-07,2.2940947124789083e-05,2.7334736937089388,1.2010126062075082,-0.19708325323193682,0.052918605699481099,1.7905026352466322,0.68392410872138221,0.0031227164518310277,1.7904827266448253,0.68389653502870884,0.0031999885122262406
5.0200000000000005,2510,0.0063592991239630713,0.015000319673799709,0,0.13621586745010214,8.6642159443776461e-05,4.4346946078767742e-05,8.0906822747599531e-07,2.3381554252771861e-05,2.7337119177548814,1.2010369274824155,-0.19706229008450316,0.052907448260058706,1.7904286676116508,0.68379692980893958,0.0034872506684529665,1.7904082439515701,0.68376863246656383,0.0035665538734100063
5.04,2520,0.0063598928831352739,0.015000327005748066,0,0.13587765905932789,8.8736074818077703e-05,4.7857040207728578e-05,8.135917558314777e-07,2.3004407680670755e-05,2.7339472834523106,1.2010612483652849,-0.19704132937692712,0.052896291666611965,1.7903498270691967,0.68366126433017294,0.0038761410574625352,1.7903288396156667,0.68363227840143004,0.0039573410186901047
5.0600000000000005,2530,0.006360480341568193,0.015000335192673091,0,0.1355183168141898,9.0688530064277678e-05,5.1792473735518297e-05,8.1867727245984543e-07,2.2972699315936647e-05,2.7341797704018131,1.2010855691789595,-0.1970203693926072,0.052885135175736404,1.7902659647948869,0.68351696943967277,0.0042897660395184983,1.7902444363837,0.68348734017282908,0.0043727301494895848
5.0800000000000001,2540,0.0063610614279132156,0.015000342512191322,0,0.13513761060948482,9.2486267878876303e-05,5.5763903978453549e-05,8.2333592203099091e-07,2.3287840231354886e-05,2.7344093557022076,1.2011098902089714,-0.19699940840807803,0.052873978195092514,1.7901769502369698,0.68336391718962708,0.0047284662247909035,1.7901549642369781,0.68333369754383411,0.0048130658616617281
5.1000000000000005,2550,0.0063616361144323164,0.015000351035458997,0,0.13473536593392013,9.4158551138138656e-05,6.0503583718882237e-05,8.2863404552262371e-07,2.3225154141253322e-05,2.7346360036784434,1.2011342110533467,-0.19697844849545534,0.052862821801516226,1.7900828064406069,0.68320201444878215,0.0051925467915128051,1.7900603602772065,0.68317124250475059,0.0052786577081352284
5.1200000000000001,2560,0.0063622043899648614,0.015000363223845507,0,0.1343114392799501,9.5728230733821849e-05,6.5200586565193118e-05,8.3610494120089838e-07,2.3505925099591037e-05,2.7348596872709301,1.2011585314025714,-0.1969574921172548,0.052851666655591836,1.7899835656878049,0.68303117802618274,0.0056822855934705345,1.789960568612166,0.68299987907679727,0.0057697807615591313
5.1399999999999997,2570,0.0063627662103943787,0.015000376780945112,0,0.1338657023290597,9.7166917551663214e-05,7.00510741072238e-05,8.4455409923563469e-07,2.2940947124789083e-05,2.7350804065175764,1.201182851650705,-0.1969365369759046,0.052840511734558344,1.7898790782565464,0.68285130797469717,0.0061979231800809416,1.789855540241386,0.68281952311578731,0.0062866761769480037
5.1600000000000001,2580,0.0063633215358604731,0.015000389024624035,0,0.13339806685357028,9.8450147926472972e-05,7.5316192777923895e-05,8.5235937572384111e-07,2.3536915126363769e-05,2.7352981611678699,1.2012071721723827,-0.19691558038804735,0.052829356183788097,1.7897692005463606,0.68266231763907104,0.0067396621241106042,1.7897452329418226,0.68263010211580932,0.0068295517543269513
5.1799999999999997,2590,0.006363870354821664,0.015000399606827067,0,0.13290849100459393,9.9579919133103913e-05,8.0897024071630846e-05,8.5926410029743295e-07,2.3225154141253322e-05,2.7355129395067479,1.2012314930363359,-0.19689462200553509,0.052818199850685331,1.789653896678387,0.6824641468529854,0.0073076751554827114,1.7896296111535324,0.6824315550129082,0.0073985825013765981
5.2000000000000002,2600,0.0063644126678557228,0.015000408601928441,0,0.1323969702455893,0.00010056318317036407,8.6875401649470421e-05,8.6526715879125951e-07,2.3004407680670755e-05,2.7357247307825716,1.2012558142333944,-0.19687366190280603,0.052807042763588226,1.7895331552983311,0.68225674921797719,0.0079021032578303636,1.7895086458653493,0.68222383198876624,0.0079939111960783144
5.2199999999999998,2610,0.0063649485904679675,0.015000421894963527,0,0.1318635843124735,0.00010150061020581226,9.2869225918218576e-05,8.7371102281589883e-07,2.3381554252771861e-05,2.7359335131394875,1.201280135366495,-0.19685270596460477,0.052795887153620429,1.789407252465693,0.68204014372493582,0.0085230479460967866,1.7893823145005601,0.68200689427438399,0.0086156489493590775
5.2400000000000002,2620,0.0063654781151206083,0.015000439621872365,0,0.13130838258149524,0.00010237398432263217,9.8993572409384559e-05,8.8489932841289393e-07,2.2781522350186147e-05,2.7361392926561043,1.201304456174459,-0.19683175432756644,0.052784733218072893,1.789276121977831,0.68181428939168043,0.0091705923702405032,1.7892506008025797,0.68178071395376161,0.0092638757677367366
5.2599999999999998,2630,0.0063660011754319203,0.015000456759371483,0,0.13073141579234832,0.00010309467780325319,0.00010552310699881134,8.959823673976832e-07,2.3319120084582497e-05,2.7363420973970722,1.2013287769828971,-0.19681080196892509,0.052773579040201905,1.7891394825368288,0.68157911721643394,0.0098447914118093872,1.7891134947206273,0.68154527376757945,0.0099386411159648625
5.2800000000000002,2640,0.0063665178008834407,0.015000471644150101,0,0.13013281224891449,0.00010365146750746465,0.00011244558706095737,9.0581947923536897e-07,2.2813496432377448e-05,2.736541944036599,1.2013530981250833,-0.19678984722457757,0.052762423883374453,1.7889972821728901,0.68133461526922101,0.010545660827781956,1.7889709922954022,0.68130056691687924,0.01063996447967802
5.2999999999999998,2650,0.0063670280430036157,0.015000483956934259,0,0.12951274184900824,0.00010405229148423161,0.00011980850768396071,9.1410379734023246e-07,2.3036072399968081e-05,2.7367388437230971,1.2013774196879325,-0.19676888977503351,0.052751267598461875,1.7888495391258541,0.68108079171497893,0.011273187479891518,1.7888230955447593,0.68104659686674518,0.011367835928036597
5.3200000000000003,2660,0.0063675319583982211,0.015000493825996082,0,0.1288714082415027,0.00010430785368995419,0.00012739264119506239,9.2084406397548719e-07,2.2845425764212974e-05,2.7369328073503794,1.2014017416618232,-0.19674792974857827,0.052740110238822538,1.7886962882545141,0.6808176656507553,0.012027330146749218,1.7886698123493845,0.68078337714998471,0.012122216676372123
5.3399999999999999,2670,0.0063680296068460637,0.015000501476179914,0,0.1282090472889173,0.0001044276724427862,0.00013541937389908215,9.2613946166020798e-07,2.347489416183844e-05,2.737123848059841,1.2014260640133536,-0.19672696737014472,0.052728951900280673,1.7885375667000003,0.68054526515312785,0.012808019602347577,1.7885111563384712,0.68051093117080985,0.012903039648832038
5.3600000000000003,2680,0.0063685210521049421,0.01500050712261846,0,0.12752592672465535,0.00010441955600950079,0.00014373856831060764,9.301029212106751e-07,2.2781522350186147e-05,2.7373119820579377,1.2014503867086463,-0.196706002854977,0.052717792672891423,1.7883734117159245,0.68026362698687837,0.0136151589713982,1.7883471467753955,0.68022929200851778,0.013710210041025066
5.3799999999999999,2690,0.0063690063627308722,0.015000510950669232,0,0.12682234595969613,0.0001042898625437562,0.00015235972865387435,9.3284151658633741e-07,2.3350358035739973e-05,2.7374972287708057,1.2014747097183596,-0.19668503638853665,0.052706632632679364,1.7882038614226421,0.67997279661127874,0.014448624239656316,1.7881778084433919,0.67993850222117225,0.014543605882665947
5.4000000000000004,2700,0.0063694856125866995,0.01500051311865771,0,0.12609863585736814,0.00010404384699763904,0.00016128866612460206,9.3445396671295895e-07,2.2717439178655149e-05,2.7376796107885126,1.2014990330176119,-0.19666406812923967,0.052695471843622534,1.7880289558761173,0.67967282818622921,0.01530826480840543,1.7880031715312295,0.67963861364928424,0.015403078600220825
5.4199999999999999,2710,0.006369958881120962,0.015000513763776806,0,0.12535515845861545,0.00010368594956968877,0.00017040860011234061,9.350317867028357e-07,2.262097403300073e-05,2.7378591537790129,1.2015233565850167,-0.19664309821435053,0.052684310360687214,1.7878487379093391,0.67936378453238866,0.016193904056291387,1.7878232715188866,0.67932968721949327,0.016288453579551988
5.4400000000000004,2720,0.0063704266312976697,0.015000511063701654,0,0.12459244538326675,0.00010340425191917649,0.00017890174344907747,9.3185153358981982e-07,2.2940947124789083e-05,2.7380359668285044,1.2015476842330783,-0.19662212480088789,0.052673146391381022,1.7876636193355364,0.67904586474551631,0.017105282102336288,1.787638149063228,0.67901179274824819,0.017199530728563214
5.46,2730,0.0063708888338512163,0.015000509450473928,0,0.12381086928922524,0.00010315138458601426,0.00018710698302827625,9.2846688726392608e-07,2.2524095754713237e-05,2.7382100449552569,1.2015720139594106,-0.19660115232915368,0.052661982284058606,1.7874736085215543,0.67871910760630128,0.018042202302304085,1.7874478498836799,0.67868500874548798,0.018136085039844593
5.4800000000000004,2740,0.0063713452508039805,0.015000510907040198,0,0.12301074969708545,0.00010275077770595178,0.00019585500453077266,9.2752312143801601e-07,2.2972699315936647e-05,2.7383813646420427,1.2015963423354836,-0.19658018280084388,0.052650819762863982,1.7872783994538506,0.67838347747220473,0.019004468697986034,1.7872524246479051,0.67834942221832351,0.019097867153317793
5.5,2750,0.0063717959900483241,0.015000511931260084,0,0.12219256416243759,0.00010217844619199322,0.00020507991313976543,9.2660673521176885e-07,2.3036072399968081e-05,2.7385499917247316,1.201620670100765,-0.19655921271175719,0.052639657222581529,1.7870779361631159,0.67803905941500175,0.01999179903640599,1.7870519288574795,0.67800512847471761,0.020084603918880884
5.5200000000000005,2760,0.0063722411927218644,0.015000510928115069,0,0.12135683566129649,0.00010144305585628543,0.00021469988324558935,9.2457741593800643e-07,2.3036072399968081e-05,2.7387159828039227,1.2016449976938934,-0.19653824046526464,0.052628493906149959,1.7868722691831647,0.67768596506073486,0.021003886729370994,1.7868464227335681,0.67765223092716675,0.021095998959053713
5.54,2770,0.0063726810005191809,0.015000507494133808,0,0.12050411528239349,0.0001005598699722542,0.00022462847911353161,9.2113760993287202e-07,2.2717439178655149e-05,2.7388793867229042,1.2016693252713766,-0.19651726565719918,0.052617329608523292,1.786661488838494,0.67732431549218164,0.022040406433585548,1.7866359711025996,0.6772908408963817,0.022131733231622569
5.5600000000000005,2780,0.0063731155531334995,0.01500050172151661,0,0.11963498057897171,9.9544315398546331e-05,0.00023485449280965948,9.1635221929815001e-07,2.3036072399968081e-05,2.7390402499978248,1.2016936528681386,-0.19649628837950739,0.052606164352641843,1.7864456972641771,0.6769542384475391,0.023101012761366845,1.7864206432819429,0.67692107741496854,0.023191465592285666
5.5800000000000001,2790,0.0063735449892477992,0.015000493860215939,0,0.11875003536651907,9.8409991023252691e-05,0.00024531993874448061,9.1040903051431368e-07,2.2813496432377448e-05,2.7391986196478482,1.2017179804775884,-0.19647530888207043,0.05259499823279927,1.7862249980533274,0.67657586772137257,0.024185339661823541,1.7862005129655829,0.67654306703110989,0.024274833357297777
5.6000000000000005,2800,0.0063739694476535307,0.015000484181140843,0,0.11784990945848453,9.7168162680543694e-05,0.00025599545364517423,9.0351870369798817e-07,2.2685329707937426e-05,2.7393545443456091,1.2017423080836349,-0.19645432743578312,0.052583831352549341,1.7859994933149539,0.67618934298944999,0.025293000533243452,1.7859756581097956,0.67615694361224565,0.025381452866115727
5.6200000000000001,2810,0.0063743890681313932,0.01500047292965764,0,0.11693525836595559,9.5827900118864822e-05,0.00026683397412261152,8.9587910205665938e-07,2.2940947124789083e-05,2.7395080747929157,1.2017666356715695,-0.19643334428600412,0.052572663804414978,1.7857692835820669,0.67579480979538631,0.026423588621257103,1.7857461608188248,0.67576284814875431,0.026510920044043013
5.6399999999999997,2820,0.0063748039921066799,0.015000460315162363,0,0.11600676297974619,9.4396456233883621e-05,0.00027782954129680003,8.8766610617338856e-07,2.2717439178655149e-05,2.7396592637924644,1.2017909632307344,-0.19641235964211196,0.052561495665774463,1.7855344686446517,0.67539241959539398,0.027576677506510026,1.7855121072305566,0.67536092855763352,0.027662810964875252
5.6600000000000001,2830,0.0063752143631120176,0.015000446513387975,0,0.11506512921156825,9.2879685326846233e-05,0.00028891377246993385,8.7903414915293007e-07,2.262097403300073e-05,2.7398081662019438,1.2018152907543467,-0.19639137367980497,0.052550327000176311,1.7852951485388442,0.67498232979774075,0.028751821622113857,1.7852735874021963,0.67495133948618147,0.028836682413545027
5.6799999999999997,2840,0.0063756203270850173,0.015000431672216851,0,0.11411108757556809,9.1282412843317053e-05,0.00030012056397842409,8.7011962591055584e-07,2.262097403300073e-05,2.7399548388471917,1.2018396182385502,-0.19637038654692071,0.052539157859995758,1.7850514244143165,0.67456470376751343,0.029948556784561993,1.7850306951959434,0.67453424211567781,0.030032072448766867
5.7000000000000002,2850,0.006376022032528135,0.015000415917674719,0,0.1131453927038549,8.9608730444297997e-05,0.00031136880240236397,8.610445867096325e-07,2.2165253030559974e-05,2.740099340414647,1.2018639456814413,-0.19634939836943124,0.052527988289047305,1.7848033992040786,0.67413971078928037,0.031166400732857948,1.7847835281646673,0.67410980396506437,0.03124850096568264
5.7199999999999998,2860,0.0063764196305583281,0.015000399359035467,0,0.11216882279690993,8.7862218081563706e-05,0.00032261574493838154,8.5191985353505607e-07,2.2394272795856101e-05,2.7402417313582097,1.2018882730822471,-0.1963284092565529,0.052516818324757637,1.7845511781001639,0.67370752599071504,0.032404853673332137,1.7845321874375839,0.67367819869462664,0.032485470258506198
5.7400000000000002,2870,0.0063768132748725026,0.015000382092859615,0,0.11118044325394011,8.6046104923512379e-05,0.00033388553830374231,8.4284735298064968e-07,2.2426798989897964e-05,2.7403820737907125,1.2019126004407124,-0.19630741930478951,0.052505647999863236,1.7842948688657287,0.67326833023398414,0.033663398828560155,1.7842767776059298,0.67323960590967435,0.033742465583168797
5.7599999999999998,2880,0.0063772031216514282,0.01500036420604744,0,0.11017686316832451,8.4163382969583143e-05,0.00034514849030926762,8.3392168618010225e-07,2.262097403300073e-05,2.7405204313908529,1.2019369277567016,-0.19628642860098416,0.052494477343686057,1.7840345820195329,0.67282230998208181,0.034941502989289629,1.7840174066086398,0.67279421096422265,0.035018955719963822
5.7800000000000002,2890,0.0063775905297936983,0.015000307990787774,0,0.10916021204682499,8.2587383964156003e-05,0.00035377561346493501,8.0655486785037058e-07,2.2491710265994076e-05,2.7406573472831561,1.2019612732725076,-0.1962653993559843,0.052483282429874378,1.7837706132465017,0.6723699790492822,0.036238371183380746,1.7837541856180208,0.67234220476467321,0.036314393536192251
5.7999999999999998,2900,0.006377975305103898,0.01500022704886962,0,0.10813534975449132,8.1176613280853899e-05,0.00036080397519631924,7.7563841302627363e-07,2.2459278078588273e-05,2.7407927385778614,1.2019856310662131,-0.19624434519637718,0.05247207211255811,1.7835030786327684,0.67191140733239407,0.037553548233804857,1.7834872289254291,0.67188378357349499,0.037628216548807235
5.8200000000000003,2910,0.0063783565217853996,0.015000156079988929,0,0.1071030391241076,7.9565254338584456e-05,0.00036867602937838624,7.5831726641740382e-07,2.2230927998283902e-05,2.7409262493153324,1.202009984494832,-0.1962233008973141,0.052460868180808237,1.7832319111727599,0.67144647905958976,0.038886697635981009,1.7832166538269452,0.67141914881290543,0.038959847487059641
5.8399999999999999,2920,0.006378734312083776,0.01500009386687929,0,0.10606416134412722,7.7741110800540577e-05,0.00037736408839494326,7.5146308561665497e-07,2.2198114802541581e-05,2.741057957852135,1.2020343334729182,-0.19620226524361947,0.052449669653565685,1.7829571379274258,0.67097539273315998,0.040237218200471443,1.78294258050905,0.67094850686855145,0.040308694855142629
5.8600000000000003,2930,0.0063791089066683668,0.015000037403667401,0,0.10501961801198967,7.5740645318134273e-05,0.00038655303091308636,7.5213684339661279e-07,2.265317472408141e-05,2.7411879709117795,1.2020586789773728,-0.19618123522514974,0.052438474818434409,1.7826788498179269,0.67049839055437654,0.041604471107002161,1.7826651319343001,0.67047206889319011,0.041674153494837218
5.8799999999999999,2940,0.0063794805295117494,0.014999984830432895,0,0.10397077122639245,7.3597097399035052e-05,0.00039608288492226564,7.5850925551628387e-07,2.2000207897163392e-05,2.7413163842177162,1.2020830216920073,-0.19616020897875341,0.052427282631103571,1.7823971752182473,0.67001571409671246,0.042987814495296574,1.7823844337270038,0.66999005061037031,0.043055605148156859
5.9000000000000004,2950,0.006379849391682452,0.014999935212041352,0,0.10291906075893856,7.1337612125760343e-05,0.00040582727275880587,7.693338308627184e-07,2.2491710265994076e-05,2.7414432842037115,1.2021073620317879,-0.19613918556722004,0.052416092535300357,1.7821122620021639,0.66952760288546032,0.044386602326358791,1.7821006140588971,0.66950267211811287,0.044452419019992903
5.9199999999999999,2960,0.0063802156951225418,0.014999888131666063,0,0.10186556799582325,6.8984855149299289e-05,0.00041570974418081376,7.8362479406847748e-07,2.206637408534863e-05,2.7415687523034507,1.2021317002615211,-0.19611816457231235,0.052404904241323429,1.7818242665715036,0.66903429648114487,0.045800181234523667,1.7818138035348183,0.66901015769259253,0.045863952340759309
5.9400000000000004,2970,0.0063805796353186266,0.01499984342960785,0,0.10081132400642051,6.6557718726147696e-05,0.00042560766125443971,8.0053227643428648e-07,2.1733528855063329e-05,2.7416928675695877,1.2021560365696908,-0.19609714583326668,0.052393717592514454,1.7815333476351631,0.66853603539272699,0.047227889125648466,1.7815241350783853,0.66851273559181823,0.047289550929038048
5.96,2980,0.0063809414027674351,0.014999801060876373,0,0.099757369725346157,6.4071673171099068e-05,0.00043545803962167281,8.1930754543168906e-07,2.2132342465963256e-05,2.74181570803654,1.2021803711055179,-0.19607612930421714,0.052382532494755524,1.7812396630427925,0.6680330613838763,0.048669054790381271,1.7812317438176704,0.66801063785931414,0.048728549754223763
5.9800000000000004,2990,0.0063813017643426402,0.014999839042400633,0,0.098704770520431223,6.1534790359244696e-05,0.00044789684820866269,8.0702702626288986e-07,2.1867274910380131e-05,2.7419370784813228,1.202204677331834,-0.1960551931192534,0.052371388170216401,1.7809444962296153,0.66752573212331845,0.050123187198239695,1.7809367669708756,0.66750410012780104,0.050180273499169301
6,3000,0.0063816675168221256,0.014999914203942486,0,0.097653418948468129,5.8766411865601709e-05,0.00046565193493939709,7.8345855895917875e-07,2.1900583802360337e-05,2.7420591067549105,1.2022289701628261,-0.19603429402154898,0.052360266891099599,1.7806472001419449,0.66701396661785373,0.05158956516741775,1.7806393437320096,0.66699336142287735,0.051644037122830347
6.0200000000000005,3010,0.0063820398304658818,0.01499997679658145,0,0.096598678817213901,5.6070105044071826e-05,0.00048720486710251363,7.7021382453952601e-07,2.1800504449438904e-05,2.7421823083337786,1.2022532704396711,-0.19601338215750672,0.052349139188763778,1.7803478472128265,0.66649819361816964,0.053067236090193912,1.7803396151565625,0.66647866396669941,0.053119146422910733
6.04,3020,0.0063824168318856915,0.01500004945116162,0,0.095547745933956346,5.3641844640673996e-05,0.00050908969731180964,7.6474225452968086e-07,2.183391520383078e-05,2.7423061073101103,1.2022775715802423,-0.19599248020173349,0.052338013914632768,1.7800469986159706,0.66597893033930522,0.054555476071439603,1.7800377240471819,0.6659602529816635,0.054604898598507333
6.0600000000000005,3030,0.0063827975470814539,0.015000100054924255,0,0.094502029297141049,5.0891606469055772e-05,0.00053199621750232981,7.6576817591874922e-07,2.206637408534863e-05,2.7424305726817111,1.2023018764469973,-0.19597155603872246,0.052326879631698707,1.7797428492268026,0.66545597355784614,0.056053692741318627,1.7797338148393482,0.66543837649408599,0.056100582812755415
6.0800000000000001,3040,0.0063831816461863682,0.015000163722741959,0,0.093463039125892822,4.8232043685627606e-05,0.00055357461275777902,7.7716221708996919e-07,2.1900583802360337e-05,2.7425554162611614,1.2023261758355552,-0.1959506448366912,0.052315748737414354,1.7794367015039572,0.66493003229583336,0.057561087870664204,1.7794280334870516,0.66491328513788484,0.057605480755473192
6.1000000000000005,3050,0.0063835688346348986,0.01500020905869376,0,0.092431496288537529,4.543112126231368e-05,0.00057533195484694175,7.8934464682287659e-07,2.183391520383078e-05,2.7426806652044404,1.2023504806040051,-0.19592971514380358,0.05230460990017969,1.779128384335295,0.66440098720212737,0.059076986102338205,1.7791205273484658,0.66438523195826027,0.059118867205807502
6.1200000000000001,3060,0.0063839589614286228,0.015000247995023393,0,0.091408534212869402,4.2612101915943503e-05,0.00059637173968637579,8.0277099639788472e-07,2.2132342465963256e-05,2.7428062318407904,1.2023747874299646,-0.19590877891334593,0.052293467833884423,1.7788184131068208,0.66386923384589058,0.060600649040287856,1.7788114450716257,0.6638544722153763,0.06064001059487828
6.1400000000000006,3070,0.0063843515529957654,0.015000273411961805,0,0.090388227257469977,3.9713089914622342e-05,0.00061684422150382035,8.1287064514220837e-07,2.1598954627055457e-05,2.7429320347695558,1.202399098342003,-0.19588782901313645,0.052282319794228878,1.778506778385599,0.6633349417563259,0.062131351042432538,1.7785009364801017,0.66332126318804085,0.062168173568424086
6.1600000000000001,3080,0.0063847465458464481,0.015000294536418813,0,0.089376094229417447,3.6828831599870875e-05,0.00063597369104364935,8.2228547201985517e-07,2.2296409518597789e-05,2.7430580344001743,1.202423410756075,-0.1958668746862362,0.052271169429032129,1.7781938975659861,0.66279848606650382,0.063668342137745804,1.7781891524586764,0.66278586397738781,0.063702613549446785
6.1799999999999997,3090,0.0063851414113167589,0.015000417727157796,0,0.088376533816362485,3.4216064746328442e-05,0.0006590291992947967,8.9414776220602835e-07,2.1699963539503996e-05,2.743183387419899,1.2024476846558645,-0.19584602250541414,0.052260059667456026,1.7778799488031805,0.66226112507358259,0.065210983971699804,1.7778762448390195,0.66224853531055716,0.065242583300856971
6.2000000000000002,3100,0.0063855395280898748,0.015000493432010702,0,0.087389185905987016,3.1489732593491529e-05,0.00067854973143456664,9.4580370804490039e-07,2.2263692832568247e-05,2.7433093183704189,1.2024719773261943,-0.19582512260697113,0.052248931081665929,1.7775651955260998,0.66172157375206575,0.06675836993278704,1.7775623662853643,0.66170953934437637,0.066787331488118828
6.2199999999999998,3110,0.0063859404984709092,0.015000482839428859,0,0.086414933976884545,2.85505881977162e-05,0.00069508396722401809,9.4002652059391574e-07,2.206637408534863e-05,2.7434359671012731,1.2024962987478289,-0.19580413613911321,0.052237766534206261,1.7772489415823269,0.66117987951938906,0.068309680317349061,1.7772476701801829,0.66116913946904154,0.06833610324189493
6.2400000000000002,3120,0.0063863433029996775,0.015000476718716863,0,0.085455505022170364,2.5695886517107032e-05,0.00070848810174470192,9.3762456808510384e-07,2.1767042412140833e-05,2.7435627587970646,1.2025206190689171,-0.19578315402117191,0.052226602924120062,1.7769322700824286,0.66063713013883785,0.069864277453226306,1.7769323105098622,0.66062760011179789,0.069888140720692021
6.2599999999999998,3130,0.0063867478180067465,0.015000460277550368,0,0.08451184321640226,2.290573559005384e-05,0.00072110876557509847,9.2927988778616943e-07,2.1666346224911465e-05,2.7436897930107453,1.202544941856126,-0.19576216144584149,0.052215433923377422,1.7766148930098955,0.66009350194143357,0.07142139686455759,1.7766164417503794,0.66008518654062154,0.071442683673505161
6.2800000000000002,3140,0.0063871540646076334,0.015000434642861386,0,0.083584824412251596,2.0139674368716967e-05,0.00073174029997177359,9.1421624512417442e-07,2.1933842111273517e-05,2.7438170341223955,1.2025692687576479,-0.19574115952388885,0.052204261798038935,1.7762972546616373,0.65954917459108919,0.072980323779707257,1.7763002187529777,0.6595421646678995,0.072998970002463581
6.2999999999999998,3150,0.0063875617096295495,0.015000416064195235,0,0.082670982245471786,1.7619193107090409e-05,0.00074193273726391436,9.0587658961742272e-07,2.1733528855063329e-05,2.743944444246059,1.2025935917979971,-0.19572016455642338,0.052193090870215522,1.7759793041233922,0.65900466237808686,0.074540239579298978,1.7759837966298424,0.65899880085411167,0.074556236325475256
6.3200000000000003,3160,0.0063879712082224455,0.01500039404211654,0,0.081759553461901668,1.5261212909562419e-05,0.00075017024389485004,8.9508571973998893e-07,2.1800504449438904e-05,2.7440721295028863,1.2026179174273812,-0.19569916600230564,0.052181918294441847,1.7756616337657063,0.65846009713363118,0.076100375899603806,1.7756673306397763,0.6584553617115112,0.076113718538872208
6.3399999999999999,3170,0.0063883824731907068,0.015000359914277546,0,0.080862670066421893,1.3279313305176988e-05,0.00075696651927470101,8.7847838437094249e-07,2.1867274910380131e-05,2.7442001882515581,1.2026422465994777,-0.19567815519775689,0.052170739774661766,1.7753439605325916,0.65791566095637377,0.077659950007009843,1.7753509760738755,0.65791211390780568,0.077670652380055411
6.3600000000000003,3180,0.0063887946238415042,0.015000345559622281,0,0.079986165468573622,1.2375931886636367e-05,0.00076466667451003051,8.7929995098660748e-07,2.1933842111273517e-05,2.7443284675457571,1.2026665638164638,-0.19565716412312018,0.052159565463092222,1.7750258981261167,0.65737200032449572,0.079218200549453277,1.775034888141205,0.65736932396983816,0.079226273990139914
6.3799999999999999,3190,0.0063892092367658498,0.015000318859357469,0,0.079130397498823085,1.1742088084598282e-05,0.00076748599919612324,8.7130055622344394e-07,2.1733528855063329e-05,2.7444572600085269,1.202690889237676,-0.1956361605142638,0.052148386569887045,1.7747089603588622,0.65682896913469935,0.080774375234909684,1.7747192218544749,0.65682725808726838,0.080779820476599845
6.4000000000000004,3200,0.0063896261782402184,0.015000257659907052,0,0.078295937961487067,1.1880398433945928e-05,0.00076868745814001702,8.4663734972359074e-07,2.206637408534863e-05,2.744586704536597,1.2027152273573718,-0.19561512220606705,0.05213719453381397,1.7743925971106589,0.65628653724836927,0.082327708087147775,1.7744041319157153,0.6562861819162531,0.082330530475913752
6.4199999999999999,3210,0.0063900447245890026,0.015000186614889562,0,0.077483901706930897,1.3394518485565679e-05,0.0007709041807743807,8.2611052688001734e-07,2.2165253030559974e-05,2.7447166897642461,1.2027395656951192,-0.19559407393754136,0.052125996959501784,1.7740764233146031,0.6557452792065519,0.08387744294920163,1.7740897726019529,0.65574636038312795,0.083877644716209218
6.4400000000000004,3220,0.0063904651875291412,0.015000115687270518,0,0.076695142095993651,1.5556134744174983e-05,0.00077206066808394502,8.1421256551885217e-07,2.1395506250453509e-05,2.7448472424948585,1.2027639034010777,-0.19557302566519341,0.052114798129111274,1.7737611235891615,0.65520562737440369,0.085422822304733304,1.7737762976508864,0.65520805748808764,0.085420406579908195
6.46,3230,0.0063908877969557848,0.015000054232085839,0,0.07593036875156367,1.7632310077990248e-05,0.00076978951550212981,8.1042987512168852e-07,2.2165253030559974e-05,2.7449783571904312,1.202788240176927,-0.19555198672858121,0.052103602941700806,1.7734473605527012,0.65466792545607311,0.086963124775371978,1.7734638601465615,0.65467153610886775,0.086958062666371946
6.4800000000000004,3240,0.0063913124935835583,0.01500000179713617,0,0.075190121953321865,1.9787246815610947e-05,0.00076745465639286724,8.1251307703844275e-07,2.1967050066869309e-05,2.7451100825230097,1.20281257454306,-0.19553095669287585,0.052092411896634085,1.7731350231575287,0.6541323225666219,0.088497591939875317,1.7731526124050483,0.65413705780442477,0.088489863354546394
6.5,3250,0.0063917393439736764,0.014999953059185341,0,0.074474938407693814,2.2212296247812397e-05,0.0007663007300930016,8.1929652665931343e-07,2.1867274910380131e-05,2.7452425264867508,1.2028369068430196,-0.1955099302414921,0.052081222349381132,1.7728239726237116,0.6535990097975436,0.090025453838699185,1.7728427058601148,0.65360488261861827,0.090015063365606662
6.5200000000000005,3260,0.0063921685751484958,0.014999908197325556,0,0.073785373381554192,2.4710737459820341e-05,0.00076416223130936563,8.2947270242503397e-07,2.1867274910380131e-05,2.7453757680694952,1.2028612381788597,-0.19548890753927248,0.052070034083048312,1.7725144982447141,0.6530682962660328,0.091545970390855144,1.7725342909489048,0.65307526888389089,0.091532922325602714
6.54,3270,0.0063926003111764319,0.014999868250641042,0,0.073121010728169622,2.7215463401835716e-05,0.00076100882998873397,8.4172229397904039e-07,2.1800504449438904e-05,2.745509865258196,1.2028855684237916,-0.19546788962420925,0.052058847744912942,1.7722067907338404,0.65254044102831144,0.093058408527402769,1.7722275169976125,0.65254847302494978,0.093042705328103714
6.5600000000000005,3280,0.00639303466062163,0.014999833592988053,0,0.072467317414848464,2.9710052062491127e-05,0.00075694822278949314,8.5487629958729766e-07,2.1900583802360337e-05,2.7456448792159716,1.2029098975065495,-0.1954468768699052,0.05204766362670836,1.7719009972555779,0.65201569236192891,0.094562038553438768,1.7719225321071577,0.65202474936244759,0.094543683496843944
6.5800000000000001,3290,0.0063934717305583703,0.014999804143615184,0,0.071820090037697598,3.2195296733941027e-05,0.000752057797209218,8.6805097619300179e-07,2.1598954627055457e-05,2.745780874078827,1.2029342254441748,-0.195425869195234,0.052036481761269918,1.7715972483245581,0.6514942956147699,0.096056136110808779,1.7716194830388632,0.65150434991666351,0.096035134548367124
6.6000000000000005,3300,0.0063939116302588013,0.0149997795491821,0,0.071194356246389812,3.4674913896045917e-05,0.00074640718510684504,8.8066909872728506e-07,2.2132342465963256e-05,2.7459179158433766,1.2029585523174307,-0.19540486624637138,0.052025302016372808,1.7712956698655848,0.6509764953851902,0.097539982515180257,1.7713185151001285,0.650987524211184,0.097516343354671853
6.6200000000000001,3310,0.0063943544717090621,0.014999759291309913,0,0.070595696938318575,3.7150359856348674e-05,0.00074001147844812471,8.9242279797981005e-07,2.183391520383078e-05,2.7460560714985833,1.2029828782531833,-0.19538386750438649,0.052014124154259211,1.7709963879469026,0.65046253591677139,0.099012865365012082,1.7710197720301075,0.65047451907658427,0.098986602505856586
6.6400000000000006,3320,0.0063948003655927097,0.014999742875290378,0,0.070024298032145604,3.9621467914712536e-05,0.00073291383001009719,9.0315272889226962e-07,2.1632676668865267e-05,2.7461954068007088,1.2030072033718695,-0.19536287247404444,0.05200294795107676,1.7706995303810389,0.64995265920714862,0.10047408139333845,1.7707233958853825,0.64996557845410885,0.10044521287276463
6.6600000000000001,3330,0.006395249419799522,0.01499972989075489,0,0.069480277380123884,4.2086962050660893e-05,0.00072515896792460142,9.1277677033999784e-07,2.2230927998283902e-05,2.7463359855688609,1.2030315277706127,-0.19534188074453032,0.051991773230605477,1.770405226794832,0.64944710435467257,0.10192293734745338,1.7704295269256412,0.64946094319935266,0.10189148416962929
6.6799999999999997,3340,0.0063957017399625359,0.014999719980392836,0,0.068963684543304954,4.4544282545870353e-05,0.00071675505283650168,9.2127263008619227e-07,2.2099382890764463e-05,2.7464778700674213,1.2030558515339786,-0.19532089195815575,0.051980599841592805,1.770113607960865,0.64894610779461515,0.1033587497011791,1.7701383034993519,0.64896085088594213,0.10332473551671885
6.7000000000000002,3350,0.0063961573492767815,0.014999714490866642,0,0.068474407633615425,4.7027243441280293e-05,0.00070786228329804634,9.282082963833905e-07,2.1733528855063329e-05,2.7466210834396017,1.2030801740073911,-0.19529990746549705,0.051969428301966082,1.7698248133614878,0.64844981082668396,0.10478085912762408,1.7698498619294387,0.64846553560921627,0.10474429600298184
6.7199999999999998,3360,0.0063966166343480723,0.014999711127443907,0,0.068012526506119497,4.9297289033134956e-05,0.00069673579278134467,9.3122407204691795e-07,2.206637408534863e-05,2.7467657391963067,1.2031044978203611,-0.19527892494305168,0.051958260189872048,1.7695392702604058,0.64795865361236882,0.10618858475793849,1.7695643363989586,0.64797522778990757,0.10614950524869154
6.7400000000000002,3370,0.0063970793533393803,0.014999714368526202,0,0.067577778514552739,5.1590159895944635e-05,0.0006857370464281743,9.319066430662459e-07,2.2099382890764463e-05,2.7469118252362175,1.2031288197348646,-0.19525794890194473,0.051947094719995444,1.7692567930837686,0.6474727140045764,0.10758129641580066,1.7692818588367756,0.64749015397782284,0.10753971396809198
6.7599999999999998,3380,0.0063975457547243196,0.014999718626132568,0,0.067170011554438191,5.3847734960541633e-05,0.00067415255974242886,9.3128051679411047e-07,2.2394272795856101e-05,2.7470594593272715,1.2031531418496697,-0.19523697373999521,0.051935930447025075,1.7689775223941091,0.6469922892333887,0.10895832756059053,1.7690025588032379,0.64701053665552433,0.10891428453204205
6.7800000000000002,3390,0.0063980157771241809,0.014999725940522195,0,0.066788857966683851,5.6160629791421993e-05,0.0006626295623508346,9.3035002549770174e-07,2.2000207897163392e-05,2.7472086585723621,1.2031774627683642,-0.19521600151077545,0.051924766733143252,1.7687014673143997,0.64651750257887786,0.11031906431918902,1.7687265633758524,0.64653659404201114,0.1102725915306611
6.7999999999999998,3400,0.0063984896863996353,0.014999732337953034,0,0.066434040514179366,5.8425755847193547e-05,0.00065045001730225838,9.2894905118309323e-07,2.1933842111273517e-05,2.7473595274993308,1.2032017843611564,-0.19519502822536927,0.051913603314267212,1.7684288551373781,0.64604866346900591,0.11166287294053789,1.7684539970349615,0.64606853989639934,0.11161402233597362
6.8200000000000003,3410,0.0063989677190462203,0.014999736226758995,0,0.066103763759838785,6.0530606020817701e-05,0.00063686478149356225,9.2549974262582086e-07,2.1531352099333316e-05,2.7475121426644571,1.2032261081705991,-0.19517405227432791,0.051902441308644423,1.7681599786821174,0.64558607547432689,0.11298914639614047,1.7681849815494177,0.64560658332160403,0.11293797766455499
6.8399999999999999,3420,0.0063994496582891096,0.014999742991354769,0,0.065782922937074995,6.263045906398038e-05,0.00062322786146859239,9.2087639052062081e-07,2.1867274910380131e-05,2.7476664693382995,1.2032504312496071,-0.19515307906923487,0.051891280691895504,1.7678947772765561,0.64512977950679118,0.11429732625440948,1.7679196358622602,0.64515092856801926,0.11424387214017562
6.8600000000000003,3430,0.0063999355779974414,0.014999751144765988,0,0.065468230824024781,6.4739434346470592e-05,0.00060957525094372175,9.1595922363349445e-07,2.183391520383078e-05,2.7478225660624469,1.2032747538490185,-0.19513210712336604,0.051880120542606947,1.7676333145074696,0.64467996503827707,0.11558683401880424,1.7676580759763907,0.64470177483719993,0.11553113485644682
6.8799999999999999,3440,0.0064004255708175056,0.014999759818017631,0,0.065172426053633326,6.6845468212662788e-05,0.00059577864206488535,9.1111891475142776e-07,2.2198114802541581e-05,2.7479804884781891,1.2032990761949691,-0.19511113556679172,0.051868960435460611,1.7673757000224188,0.64423683579022561,0.11685710752769413,1.7674004148402482,0.64425931608554221,0.11679920993946535
6.9000000000000004,3450,0.0064009197235114995,0.014999768622976731,0,0.064900655726072565,6.8933621577080685e-05,0.00058183781375437593,9.0648898835563281e-07,2.1900583802360337e-05,2.7481402862864535,1.2033233984201164,-0.19509016401062948,0.051857800195274771,1.7671220551238804,0.64380058983812682,0.11810760238161466,1.7671467622334855,0.64382374082796501,0.1180475571104586
6.9199999999999999,3460,0.0064014181130402029,0.014999777454318023,0,0.064652282072795664,7.0991962285156017e-05,0.00056770233966336537,9.0208036913631963e-07,2.2263692832568247e-05,2.7483020042873814,1.2033477205802869,-0.19506919234912334,0.051846639793436955,1.7668725000498746,0.64337141650688501,0.11933779223392026,1.7668972246526449,0.64339523194159043,0.1192756522484299
6.9400000000000004,3470,0.0064019208078160096,0.014999786347566105,0,0.064426618433172239,7.3011839118915326e-05,0.00055341262657073505,8.9785200258483662e-07,2.2230927998283902e-05,2.7484656837824373,1.2033720426846781,-0.19504822061760052,0.051835479274732636,1.7666271499024939,0.64294949682712688,0.12054716848458234,1.7666519051968335,0.64297396646942528,0.12048298795280302
6.96,3480,0.0064024278706868573,0.01499979535283444,0,0.064222934641200796,7.4986421480424729e-05,0.00053892800339564264,8.9376419286091501e-07,2.1967050066869309e-05,2.7486313640980513,1.2033963647362007,-0.19502724886603592,0.051824318687421995,1.7663861135344918,0.64253500488339632,0.12173523968681436,1.766410903453399,0.64256011542404168,0.12166907410606793
6.9800000000000004,3490,0.0064029393597258601,0.014999804509544882,0,0.064040461259295245,7.6910180100287244e-05,0.00052425873246539649,8.897871726337403e-07,2.2296409518597789e-05,2.7487990828564364,1.2034206867385733,-0.19500627713372962,0.051813158070987221,1.7661494936246631,0.64212810794483699,0.12290153199404495,1.7661743153836063,0.64215384359125849,0.12283343843642534
7,3500,0.0064034553286121242,0.014999813842942867,0,0.06387742081138742,7.8778548946169347e-05,0.00050944037466043191,8.8590106400919296e-07,2.2426798989897964e-05,2.7489688760071189,1.203445008697356,-0.19498530544581563,0.051801997454986218,1.7659173870685578,0.64172896639293553,0.12404558977462571,1.7659422332083117,0.64175530933382186,0.1239756270804319
7.0200000000000005,3510,0.0064039758266189288,0.014999823375499856,0,0.063733354250127106,8.0587774448608236e-05,0.00049448900930696771,8.8209143710231613e-07,2.2459278078588273e-05,2.7491407776728471,1.2034693306158246,-0.19496433382467759,0.051790836865785138,1.7656898854126615,0.64133773348447087,0.12516697632204468,1.7657147452936397,0.64136466439508644,0.12509520514564534
7.04,3520,0.006404500899394535,0.014999833108759505,0,0.06360587893746128,8.2334422138110222e-05,0.00047938763017339584,8.7835360143353196e-07,2.2329078268013787e-05,2.7493148203949009,1.2034936525029525,-0.19494336227175602,0.051779676316410755,1.7654670750881458,0.64095455558986936,0.12626527423797004,1.765491936036659,0.64098205370269656,0.12619175727326948
7.0600000000000005,3530,0.0064050305875083223,0.01499984308127893,0,0.063488939142650802,8.4015948193752316e-05,0.00046421738834231333,8.7467705508180311e-07,2.2426798989897964e-05,2.7494910343511743,1.2035179743504145,-0.19492239082560053,0.051768515838959826,1.7652490378378196,0.64057957118023656,0.12734008657358534,1.765273885751057,0.64060761517226672,0.1272648882007994
7.0800000000000001,3540,0.0064055649290455634,0.014999853283695129,0,0.063389040863531559,8.5629406984537857e-05,0.00044893071278507353,8.7106688030141502e-07,2.2459278078588273e-05,2.7496694485009541,1.2035422961677917,-0.19490141947676337,0.051757355437288155,1.7650358505209993,0.64021291215168186,0.12839103652235417,1.7650606705528165,0.64024147951106336,0.12831422332466597
7.1000000000000005,3550,0.0064061039595774668,0.01499986365892989,0,0.063305381785540765,8.7171514745143072e-05,0.0004335943069939939,8.6753936165591755e-07,2.2263692832568247e-05,2.7498500905235743,1.2035666179823086,-0.19488044816800304,0.051746195087726425,1.7648275851077526,0.63985470352535168,0.12941776808624941,1.7648523622458909,0.63988377002168495,0.12933940926288187
7.1200000000000001,3560,0.0064066477099462516,0.014999874181584457,0,0.063237007608721529,8.8639644576026766e-05,0.00041819921383147532,8.6410295822548679e-07,2.265317472408141e-05,2.7500329857222123,1.2035909398068783,-0.19485947687383537,0.051735034783368022,1.7646243089990572,0.63950506199134982,0.13041994743856758,1.7646490282078806,0.63953460240574389,0.13034011441768564
7.1400000000000006,3570,0.006407196206783647,0.0149998848436796,0,0.063176723771494331,9.0031487846707102e-05,0.00040281109395326128,8.6076347772989639e-07,2.2329078268013787e-05,2.7502181572184856,1.203615261646531,-0.1948385055862458,0.051723874525546998,1.7644260850191442,0.63916409607320557,0.13139726328147477,1.7644507312757078,0.63919408456754667,0.13131602953818761
7.1600000000000001,3580,0.0064077494716620114,0.014999895686152629,0,0.063127379743148804,9.1345325051002269e-05,0.00038742137092691168,8.5752160424181357e-07,2.2361699290911531e-05,2.7504056255220206,1.2036395834856239,-0.1948175343462481,0.051712714340626388,1.7642329714994798,0.63883190553346814,0.13234942762340712,1.7642575296312932,0.6388623164177758,0.13226686828301409
7.1799999999999997,3590,0.0064083075246851836,0.014999906672971063,0,0.063090819184344976,9.2578416426887202e-05,0.00037203768304026587,8.5439086647349696e-07,2.2198114802541581e-05,2.7505954102088177,1.2036639053400691,-0.19479656311772972,0.051701554212398602,1.7640450216513823,0.63850858330233407,0.13327617519121332,1.7640694766872309,0.63853938967716972,0.13319236778295343
7.2000000000000002,3600,0.0064088703829840547,0.014999917736890231,0,0.063066130866307385,9.3727776132378126e-05,0.00035673642236748964,8.5138616677477809e-07,2.2230927998283902e-05,2.7507875292042776,1.2036882272376237,-0.194775591833307,0.051690394107342302,1.7638622835752864,0.63819421428783263,0.13417726453369835,1.7638866209724646,0.63822538768020476,0.1340922892036
7.2199999999999998,3610,0.0064094380584641571,0.014999928858360287,0,0.063052410912432827,9.4791126813492373e-05,0.0003415478761543531,8.4851509139413048e-07,2.2717439178655149e-05,2.7509819976950118,1.2037125491856018,-0.19475462047340436,0.051679234016943805,1.7636848005380517,0.63788887390569349,0.13505247928715763,1.763709006017963,0.6379203851787757,0.13496641830799999
7.2400000000000002,3620,0.006410010559131229,0.014999940021388462,0,0.063048766911888487,9.5766229530877287e-05,0.00032642302259565647,8.4578449637064669e-07,2.2685329707937426e-05,2.751178828717924,1.203736871189788,-0.19473364902201759,0.05166807393363506,1.7635126107665196,0.63759262873917055,0.13590162828262572,1.7635366702423958,0.63762444814587682,0.13581456601929665
7.2599999999999998,3630,0.0064105880572357266,0.014999948406124283,0,0.063052517017183035,9.6589338360063471e-05,0.00031091665176701937,8.4171465417676977e-07,2.2877310533063834e-05,2.751378075028978,1.2037611962431976,-0.19471267463741579,0.051656913000229877,1.7633458758852085,0.63730563017237019,0.13672454752645888,1.7633696468378095,0.63733763357928264,0.13663656898337437
7.2800000000000002,3640,0.0064111704542772902,0.014999956003983572,0,0.063057192356342828,9.7285570523547826e-05,0.00029520821129045652,8.3646501798787229e-07,2.2588727439225648e-05,2.7515797100754988,1.2037855231359649,-0.19469169931793479,0.051645752144459295,1.7631845959003036,0.63702788562063906,0.13752110332699974,1.7632079636553029,0.63705998930522978,0.13743229013150443
7.2999999999999998,3650,0.0064117575703183842,0.014999965215947739,0,0.06306734253878829,9.7912456054483437e-05,0.00027982683609696597,8.3140362736456088e-07,2.2685329707937426e-05,2.7517836950347547,1.2038098492667906,-0.19467072548388903,0.051634592038063865,1.763028664692269,0.63675934398074463,0.13829118134967031,1.7630516430907026,0.63679155378209673,0.1382016192429906
7.3200000000000003,3660,0.0064123494118448216,0.014999974866213737,0,0.063084550923398236,9.8466120414997203e-05,0.00026476345346954821,8.2675310352414959e-07,2.2491710265994076e-05,2.7519900461698934,1.2038341749429224,-0.19464975195889683,0.05162343198147698,1.7628780725143105,0.63650003872417726,0.13903469038249064,1.7629007019702394,0.63653235590408597,0.1389444735078125
7.3399999999999999,3670,0.0064129459859987433,0.01499998444764347,0,0.063108037691792906,9.8937093050561944e-05,0.00025002889143159229,8.2252500652652948e-07,2.2556434745889217e-05,2.7521987726258801,1.2038585003652531,-0.19462877823492297,0.051612271708875571,1.7627328352789717,0.63625000008253496,0.13975157156161225,1.7627551514362232,0.63628241480490422,0.13966079808927287
7.3600000000000003,3680,0.0064135472882402983,0.014999993855581191,0,0.063137045225860389,9.9317989319758112e-05,0.00023553942261315028,8.1868499884366387e-07,2.2361699290911531e-05,2.7524098765449172,1.2038828256057583,-0.19460780420687779,0.051601111181473015,1.7625929695822882,0.63600924463688391,0.14044179681664021,1.7626149968327198,0.63604173966144395,0.14035056668664039
7.3799999999999999,3690,0.0064141533055530183,0.015000003102074911,0,0.063170842525372417,9.9603043679755628e-05,0.00022140245463002904,8.1519600933436421e-07,2.2296409518597789e-05,2.7526233560601603,1.2039071506937964,-0.19458682988657935,0.051589950422511556,1.7624584851996132,0.6357777765288547,0.14110536759885531,1.7624802375912252,0.63581032949746386,0.14101378209779666
7.4000000000000004,3700,0.0064147640183490444,0.015000012218292275,0,0.063208728112791157,9.9787503694573991e-05,0.00020753549743037411,8.1202759119271698e-07,2.265317472408141e-05,2.7528392064095066,1.203931475647704,-0.19456585530504608,0.051578789461998072,1.7623293835664664,0.63555558831371062,0.1417423149113651,1.7623508671163426,0.63558817298727044,0.14165047678188006
7.4199999999999999,3710,0.0064153794013025837,0.015000021228666529,0,0.063250031923740152,9.9867302474150339e-05,0.0001940678393140692,8.0915550893623005e-07,2.262097403300073e-05,2.7530574202354461,1.2039558004840922,-0.1945448804865923,0.051567628323202802,1.7622056578773688,0.63534266120168525,0.14235269980290596,1.7622268726714576,0.63537524825939862,0.14226071342193128
7.4400000000000004,3720,0.0064159994237029368,0.015000030147624542,0,0.063294116740696627,9.9838868421423153e-05,0.0001808670654513514,8.0655980915496525e-07,2.2588727439225648e-05,2.7532779876131488,1.2039801252197251,-0.19452390544553527,0.051556467021770025,1.7620872934601914,0.63513896507113576,0.1429366139682777,1.7621082352644137,0.63517152270029276,0.14284458548753798
7.46,3730,0.0064166240496200972,0.01500003898158654,0,0.063340379365895094,9.9698995196932533e-05,0.00016807852135002841,8.0422329680762345e-07,2.2845425764212974e-05,2.7535008960123863,1.2040044498714668,-0.19450293018819048,0.051545305567433343,1.7619742680955002,0.63494445841087277,0.14349418035530431,1.7619949295331889,0.63497695275798782,0.14340221779748061
7.4800000000000004,3740,0.0064172532379893196,0.015000047731332258,0,0.063388251581798782,9.9444745955966598e-05,0.00015566333033946867,8.0213059439928565e-07,2.2717439178655149e-05,2.7537261302504978,1.2040287744558793,-0.19448195471523819,0.051534143965665691,1.7618665522349264,0.63475908823131399,0.14402555376081611,1.7618869236315697,0.63479148374579031,0.14393376708237712
7.5,3750,0.0064178869426488741,0.015000056393815239,0,0.063437200911082903,9.9073382005362013e-05,0.0001435406546025847,8.0026754939722924e-07,2.2717439178655149e-05,2.7539536724374729,1.2040530989889324,-0.1944609790235366,0.051522982218862361,1.7617641091338094,0.63458278995296213,0.14453092141667298,1.761784179114829,0.63461504964595916,0.144439422547327
7.5200000000000005,3760,0.0064185251123431847,0.015000064963426582,0,0.063486731183128531,9.8582310046736209e-05,0.00013189628498174981,7.9862085161237401e-07,2.2940947124789083e-05,2.7541835019263918,1.204077423485812,-0.19444000310738707,0.051511820327165198,1.7616668949186474,0.63441548727572084,0.14501050356875039,1.7616866508254003,0.63444757291338705,0.14491940643455797
7.54,3770,0.0064191676906980152,0.015000073432889753,0,0.063536382914732403,9.7969043565611266e-05,0.00012056057819344669,7.9717776569360562e-07,2.2588727439225648e-05,2.7544155952607401,1.2041017479608278,-0.19441902695943142,0.051500658289053279,1.7615748586056188,0.63425709203241565,0.14546455405103534,1.7615942867785537,0.63428896427928105,0.14537397458607046
7.5600000000000005,3780,0.0064198146161729003,0.015000081793914023,0,0.063585733513335796,9.723117479074422e-05,0.0001097223706227903,7.9592594581671305e-07,2.2909150924997221e-05,2.7546499261164974,1.2041260724273752,-0.19439805057130197,0.051489496101783931,1.7614879420824128,0.63410750402975791,0.14589336085619659,1.761507028048072,0.6341391225548435,0.14580341700628202
7.5800000000000001,3790,0.0064204658825589523,0.015000089160813098,0,0.063634422719129335,9.6333604699051873e-05,9.9295012928005906e-05,7.929561884350363e-07,2.2717439178655149e-05,2.7548864686187255,1.2041503981340427,-0.19437707304330135,0.051478334926193206,1.761406180928127,0.63396666420226322,0.14629725115894979,1.7614248086519266,0.633997934434954,0.14620805842467272
7.6000000000000005,3800,0.0064211213418736163,0.01500009636684714,0,0.063682087554341404,9.5289766348385834e-05,8.9210154216725796e-05,7.889409451937868e-07,2.2394272795856101e-05,2.7551251670874897,1.2041747245397389,-0.19435609521331323,0.05146717469696354,1.761329470122333,0.63383442347104024,0.1466765837539484,1.7613475554379521,0.63386527430184891,0.14658825885843133
7.6200000000000001,3810,0.0064217808244231688,0.015000104077788701,0,0.063728391918758953,9.4128899294490293e-05,7.9588924010846106e-05,7.8557399269869221e-07,2.2845425764212974e-05,2.7553659707521545,1.2041990505818769,-0.19433511775947801,0.051456014306670197,1.7612576284905646,0.63371059312452582,0.14703174739490699,1.7612751879695234,0.6337410040288034,0.14694441417509857
7.6400000000000006,3820,0.0064224442571964475,0.015000111706017111,0,0.063773063477997882,9.2846717421494186e-05,7.0455727090282786e-05,7.8275872141648104e-07,2.2361699290911531e-05,2.7556088476698104,1.2042233764271926,-0.19431414009369014,0.051444853436582109,1.7611905589229448,0.63359502587387839,0.14736316958568685,1.7612076184112302,0.63362497278381236,0.14727695665521354
7.6600000000000001,3830,0.0064231115630046763,0.015000119093346564,0,0.063815864879158746,9.1437024470198477e-05,6.1732026592918281e-05,7.8039068004355819e-07,2.2845425764212974e-05,2.7558537592527936,1.2042477021590896,-0.19429316205717267,0.051433692055617201,1.7611281757029191,0.63348756478107759,0.14767131761619248,1.7611447514145542,0.63351701683327122,0.14758635555495725
7.6799999999999997,3840,0.0064237826545505425,0.015000126240089704,0,0.063856282226737421,8.9895048476830601e-05,5.3400112036401238e-05,7.7840904628603945e-07,2.2749503328951236e-05,2.7561006617219133,1.2042720278079495,-0.19427218364990251,0.051422530202515221,1.7610703859273025,0.63338803767551777,0.14795669702437533,1.761086484003543,0.63341695934565656,0.14787311766879999
7.7000000000000002,3850,0.0064244574360826524,0.015000133177837251,0,0.063893598166389315,8.8216976107597525e-05,4.5674895232662317e-05,7.7677450327317899e-07,2.3067693653563172e-05,2.7563495073970943,1.2042963533882964,-0.19425120490326425,0.051411367920406494,1.7610170865577117,0.63329625766171849,0.14821985139556987,1.7610327054604871,0.63332461019520769,0.14813778789214474
7.7199999999999998,3860,0.0064251358045916921,0.015000139933412603,0,0.063927864983815419,8.6399501457984685e-05,3.8009711234958483e-05,7.7545595011545568e-07,2.2329078268013787e-05,2.7566002451188898,1.2043206789120076,-0.19423022584392877,0.051400205243242604,1.76096816465805,0.63321202360888529,0.14846136279545435,1.7609832972115957,0.63323976576560792,0.14838094978397146
7.7400000000000002,3870,0.0064258176502759714,0.015000146522566994,0,0.063959165949876828,8.4439621428157111e-05,3.1508759035607564e-05,7.7442479035598051e-07,2.3193747562800386e-05,2.7568528202985374,1.20434500439181,-0.19420924648750881,0.051389042195848611,1.7609234978835466,0.63313512025550445,0.14868185236372594,1.7609381327126716,0.63316220875366436,0.14860322612948537
7.7599999999999998,3880,0.0064265028565827775,0.015000152955014251,0,0.063987590531858457,8.2334562704952243e-05,2.518270461962665e-05,7.7365453594651647e-07,2.2588727439225648e-05,2.757107174822051,1.2043693298403559,-0.19418826684359114,0.051377878797597303,1.760882954831797,0.63306531811485811,0.1488819809402466,1.7608970773347876,0.63309170797299008,0.14880527950275765
7.7800000000000002,3890,0.0064271913001918597,0.015000159237364407,0,0.064013234451317486,8.0081730476561151e-05,1.9839906680179331e-05,7.7312073435217575e-07,2.2781522350186147e-05,2.7573632469623286,1.2043936552696666,-0.19416728691866472,0.051366715064457842,1.7608463952203368,0.63300237335207976,0.14906244966376056,1.7608599882499614,0.63302801815768484,0.14898781282937415
7.7999999999999998,3900,0.006427882813864051,0.015000166500473521,0,0.064036180989735764,7.7699042936272379e-05,1.5462498375200197e-05,7.743275734164355e-07,2.2588727439225648e-05,2.757620967590841,1.2044179797000998,-0.19414630785404391,0.051355550416355034,1.7608136120187778,0.63294599106760141,0.14922399938888153,1.7608267143168328,0.63297087976601563,0.1491515699490788
7.8200000000000003,3910,0.0064285773232438176,0.015000173811731264,0,0.064056549470015545,7.5174167682195449e-05,1.225395709315776e-05,7.7658302020198182e-07,2.2556434745889217e-05,2.7578802892692607,1.2044423036229031,-0.19412532871317023,0.051344384755386968,1.7607844611713181,0.63289591536602774,0.14936741144280535,1.7607970959663377,0.63292001878409798,0.14929733617841873
7.8399999999999999,3920,0.0064292747532509135,0.015000180173565568,0,0.064074472738435861,7.2484883447895804e-05,1.2431131930566656e-05,7.7846650586254263e-07,2.2263692832568247e-05,2.7581411543291328,1.2044666279402667,-0.19410434848875646,0.051333218645123461,1.7607588347110488,0.63285189428106081,0.14949351287162355,1.7607709650873851,0.63287514652957721,0.14942593887338956
7.8600000000000003,3930,0.0064299749454370617,0.015000186117944235,0,0.064090068937963152,6.9630203646668914e-05,1.4489019236708837e-05,7.8011085278313462e-07,2.2685329707937426e-05,2.7584034802129889,1.2044909525257474,-0.19408336771302326,0.051322052389371466,1.7607365685347507,0.63281362342994829,0.14960317452524208,1.7607481449125322,0.63283595945530924,0.14953824799208026
7.8799999999999999,3940,0.006430677733240988,0.01500019185704668,0,0.064103463122111043,6.6610430752517356e-05,1.698988104306101e-05,7.8160641476872987e-07,2.262097403300073e-05,2.7586671830308904,1.2045152773102974,-0.19406238659852437,0.051310886071805367,1.760717475523798,0.63278078081022737,0.14969730830953598,1.7607284499036604,0.63280213895304116,0.14963517665731896
7.9000000000000004,3950,0.0064313829459956041,0.015000197432033053,0,0.064114788426503672,6.3425061233462511e-05,2.0561592220437957e-05,7.8298317374532516e-07,2.3130806476445511e-05,2.7589321767751351,1.2045396022740911,-0.19404140518659235,0.051299719690827861,1.7607013569200263,0.63275303049486198,0.14977686893644337,1.7607116856376508,0.63277335115709288,0.14971768171931671
7.9199999999999999,3960,0.0064320904075321587,0.015000202832501516,0,0.06412418525487476,6.0073074946386776e-05,2.3966568339221968e-05,7.8424765590911338e-07,2.2845425764212974e-05,2.7591983720085751,1.2045639274139435,-0.19402042346690149,0.051288553223075212,1.7606880054672527,0.63273002202196715,0.14984285524856375,1.7606976486920602,0.63274924674803801,0.14978676431831361
7.9400000000000004,3970,0.0064327999351697336,0.015000208040136779,0,0.064131800900803421,5.6553189496942334e-05,2.7294063213316153e-05,7.8539953867176494e-07,2.2230927998283902e-05,2.7594656752870539,1.204588252730368,-0.19399944142117531,0.051277386644541186,1.7606772058848827,0.63271138978655672,0.14989631101277967,1.7606861265307963,0.63272946075638414,0.14984347044722385
7.96,3980,0.0064335113391808954,0.015000213040195182,0,0.064137789464817491,5.2863976167180318e-05,3.0354024625058721e-05,7.8643720583618369e-07,2.2685329707937426e-05,2.7597339889371932,1.2046125782238724,-0.19397845903469679,0.051266219935289244,1.7606687346377099,0.63269675266439263,0.14993832550974473,1.7606768973897944,0.63271361236625545,0.14988889151427898
7.9800000000000004,3990,0.0064342244224705391,0.015000217822827559,0,0.064142311864178098,4.9003928163587172e-05,3.3066511133632515e-05,7.8735920523149432e-07,2.2781522350186147e-05,2.7600032109547499,1.204636903894299,-0.19395747629764254,0.051255053079385458,1.7606623595924429,0.63268571372942939,0.14997003407518769,1.7606697301626917,0.6327013047190716,0.1499241649056765
8,4000,0.0064349389479049571,0.015000223440319952,0,0.064145521921191884,4.4979045017593424e-05,3.5408454289026452e-05,7.8903815486575354e-07,2.2588727439225648e-05,2.7602732256118285,1.2046612287713394,-0.19393649426980261,0.051243886685647846,1.7606578169129667,0.63267783912180864,0.14999261604628333,1.7606643842865048,0.63269212471723046,0.14995047454822086
8.0199999999999996,4010,0.0064356547436059995,0.01500022910020065,0,0.064147603399090813,4.0782935459792572e-05,3.7527212475925243e-05,7.9099188099407671e-07,2.2426798989897964e-05,2.760543937161382,1.2046855533697549,-0.19391551215524622,0.051232720270392697,1.7606548614358137,0.63267271130734015,0.15000730041833985,1.7606606096273036,0.63268564282778816,0.14996905147197245
8.0400000000000009,4020,0.0064363716394292168,0.015000233733376511,0,0.064148752326196629,3.6406186520224514e-05,3.9199276236726461e-05,7.9232610136221399e-07,2.265317472408141e-05,2.760815245805798,1.204709878641093,-0.19389452887746439,0.051221553220819276,1.760653257574289,0.63266990627727804,0.15001536659548606,1.7606581463658886,0.63268141288614044,0.14998117437288896
8.0600000000000005,4030,0.0064370894021385594,0.015000237633721649,0,0.064149154908210992,3.1848687832539187e-05,4.0838591509860764e-05,7.9313613743593587e-07,2.265317472408141e-05,2.7610870281928461,1.2047342044931473,-0.19387354473062676,0.051210385724672763,1.7606527422231069,0.63266895998675776,0.15001814080997183,1.7606567248834653,0.63267897189970401,0.1499881701754727
8.0800000000000001,4040,0.0064378076777734401,0.015000245020976284,0,0.064148967651145888,2.714330022079793e-05,4.2173307093971303e-05,7.963295079818916e-07,2.2491710265994076e-05,2.7613591179204877,1.2047585285455533,-0.19385256395180539,0.051199219736369303,1.7606529929538335,0.63266933242517154,0.1500170064104597,1.7606560656473207,0.63267783985159654,0.14999141459541596
8.0999999999999996,4050,0.0064385263588941062,0.015000252076283142,0,0.064148425185055369,2.2262511527497506e-05,4.3399927079008772e-05,7.9967708601333001e-07,2.265317472408141e-05,2.7616314414449126,1.2047828526037516,-0.19383158271070644,0.051188053243528729,1.7606537250452901,0.63267057050826891,0.1500133729241255,1.7606558790964992,0.63267751950431839,0.14999233270224444
8.120000000000001,4060,0.0064392453242599901,0.015000255276256419,0,0.064147776666115958,1.7217233266017313e-05,4.4132748170698074e-05,7.9979607053287074e-07,2.2588727439225648e-05,2.761903918877938,1.2048071790119359,-0.19381059746217838,0.051176885842992924,1.7606546237557925,0.6326721993741542,0.15000871581190373,1.7606558727372605,0.63267748726412076,0.14999237838902463
8.1400000000000006,4070,0.006439964498318353,0.015000247714346516,0,0.064147189158337725,1.2480276031237788e-05,4.5434878357311187e-05,7.9387773659804735e-07,2.2329078268013787e-05,2.7621764803639355,1.2048315089622512,-0.19378960130016176,0.051165713622750179,1.7606554549635134,0.63267371183735632,0.15000442596164282,1.7606559742633456,0.63267692320244751,0.14999237711307745
8.1600000000000001,4080,0.0064406832709148426,0.015000236723289279,0,0.064146017705421887,8.7910252063044621e-06,4.6387495125601714e-05,7.8615473673726289e-07,2.2556434745889217e-05,2.7624488006395702,1.2048558406629817,-0.19376860156608669,0.051154538895152868,1.7606562817612434,0.63267410437510085,0.15000114314872881,1.7606563765036307,0.63267468842378882,0.14999237205785093
8.1799999999999997,4090,0.0064414009572722137,0.015000226850085955,0,0.064143009145556346,6.81625254787502e-06,4.7259282698740904e-05,7.7860076923623991e-07,2.2588727439225648e-05,2.7627205219125601,1.2048801729168817,-0.1937476028106328,0.051143364440775808,1.7606573052217014,0.63267207385343693,0.1499987342122884,1.7606572820270909,0.63266965748934911,0.14999236067752333
8.1999999999999993,4100,0.0064421170296425911,0.015000217498651602,0,0.064136898273553039,7.2781984128941168e-06,4.7826567718037368e-05,7.7185712356380977e-07,2.2426798989897964e-05,2.7629913479920547,1.2049045047247402,-0.19372660445033849,0.051132189665174736,1.760658785496177,0.63266637599081721,0.14999694218371296,1.7606588874455673,0.63266073805715672,0.14999234050114033
8.2200000000000006,4110,0.0064428310168495144,0.015000208396291502,0,0.06412653834919535,9.5796410727179236e-06,4.8175837656272991e-05,7.6585848504491806e-07,2.1900583802360337e-05,2.7632610049375095,1.2049288361321504,-0.19370560621329147,0.05112101435383487,1.7606609739152517,0.63265585992308238,0.14999559442480712,1.7606613834716198,0.63264687056064128,0.14999230913188774
8.2400000000000002,4120,0.0064435425523088272,0.015000196592263421,0,0.06411088395993722,1.2672043083442824e-05,4.8732454405376235e-05,7.5881299837187634e-07,2.2329078268013787e-05,2.7635292676888308,1.2049531683640105,-0.19368460514022084,0.05110983747378043,1.7606640868168539,0.63263945929785204,0.14999456359506341,1.7606649549763811,0.63262702788721181,0.14999226424636472
8.2599999999999998,4130,0.0064442512128005921,0.01500018223829243,0,0.064088923508447054,1.6053938008784819e-05,4.9489422255200403e-05,7.5092162402163657e-07,2.265317472408141e-05,2.7637958870965478,1.2049775013724953,-0.1936636013828002,0.051098659106206118,1.7606683424074219,0.63261612819943003,0.14999376280304394,1.760669781047409,0.63260021505683384,0.14999220359385637
8.2799999999999994,4140,0.0064449565884230229,0.015000165720186314,0,0.064059694223500468,1.9531964364440137e-05,5.0220472509295529e-05,7.4250364164142085e-07,2.2099382890764463e-05,2.7640606216962085,1.2050018350367271,-0.19364259532712358,0.051087479459678641,1.7606739491089756,0.63258486328300889,0.14999312720699842,1.7606760350465405,0.63256546890060739,0.14999212499560691
8.3000000000000007,4150,0.0064456582861254132,0.015000147406842541,0,0.064022279958352413,2.3021781489496737e-05,5.1183712290995874e-05,7.3385747753422811e-07,2.2394272795856101e-05,2.7643232400950528,1.2050261692487294,-0.19362158734230853,0.051076298744047406,1.7606811024470466,0.63254470339465263,0.14999260746753704,1.7606838846677444,0.632521857739344,0.14999202634409251
8.3200000000000003,4160,0.0064463559287473377,0.015000127617668994,0,0.063975807008124747,2.648001609630392e-05,5.2212987866874485e-05,7.2524895779483929e-07,2.2909150924997221e-05,2.764583520616922,1.2050505039177266,-0.19360057774795947,0.051065117142235494,1.7606899853137683,0.63249472656818073,0.14999216608705343,1.7606934919949744,0.63246848106214504,0.14999190560229414
8.3399999999999999,4170,0.0064470488881682823,0.01500011823582649,0,0.06391936456971048,2.9795820223299164e-05,5.3249746645795976e-05,7.218527745726484e-07,2.265317472408141e-05,2.7648411133948558,1.205074834624045,-0.19357957845588594,0.051053939556020896,1.7607009023226718,0.63243397997742712,0.14999181502222475,1.7607050135600222,0.63240446920497873,0.14999176080297061
8.3599999999999994,4180,0.0064477368387845244,0.015000117497160749,0,0.063852178822527139,3.2980489650095466e-05,5.4159136465346226e-05,7.2218349490630608e-07,2.2524095754713237e-05,2.7650958300444999,1.2050991621996983,-0.19355858769504986,0.051042765506855707,1.7607139921320265,0.6323616399122407,0.14999152256252352,1.7607186004003716,0.63232898302925811,0.14999159004793139
8.3800000000000008,4190,0.0064484196336012413,0.01500011603321375,0,0.063773553760171714,3.6101262483935763e-05,5.5567482431249055e-05,7.2208481210184428e-07,2.3036072399968081e-05,2.7653475790018187,1.2051234901613275,-0.19353759607361798,0.0510315911756756,1.7607292843763949,0.63227695050581689,0.14999123529602609,1.7607343981170505,0.63224121360041818,0.14999139150730958
8.4000000000000004,4200,0.006449096957068262,0.015000113219120748,0,0.063682757501046211,3.9151874378417677e-05,5.6889776843560207e-05,7.2147420779115866e-07,2.2781522350186147e-05,2.7655961794056512,1.2051478186235709,-0.19351660296681772,0.051020416145605298,1.7607469014130455,0.63217912391294018,0.14999093711201025,1.7607525469324845,0.63214038186649413,0.14999116341883489
8.4199999999999999,4210,0.0064497685018439872,0.015000109164858404,0,0.063579082261947611,4.2121948520482439e-05,5.8307177119576495e-05,7.2046043092282551e-07,2.2426798989897964e-05,2.7658414501121271,1.2051721475163661,-0.19349560848537151,0.051009240423129779,1.7607669849312237,0.63206740100061631,0.14999062046778033,1.7607731817483505,0.63202573833669839,0.14999090408710641
8.4399999999999995,4220,0.0064504339752661241,0.015000104041862099,0,0.063461851175639183,4.5004654018831007e-05,5.9971141828322821e-05,7.1913100567865196e-07,2.2394272795856101e-05,2.766083217315578,1.205196476780918,-0.19347461280110545,0.050998064087154772,1.7607896741365447,0.63194105587598948,0.1499902801529415,1.7607964322034293,0.63189656275999839,0.14999061188286561
8.4600000000000009,4230,0.00645109309785666,0.015000097997243621,0,0.063330417168016573,4.7795677440479681e-05,6.1897117312211873e-05,7.1755479205290656e-07,2.2877310533063834e-05,2.7663213149473949,1.2052208063741603,-0.19345361606135233,0.050986887214997847,1.7608151010698081,0.6317993938870462,0.14998991204092257,1.7608224227314588,0.63175216380369437,0.14999028524226934
8.4800000000000004,4240,0.0064517456026074137,0.015000091149162014,0,0.063184161646474862,5.0492212526726019e-05,6.3764946568868312e-05,7.1579047155196727e-07,2.265317472408141e-05,2.7665555843990877,1.2052451362628114,-0.19343261838443165,0.050975709869787215,1.7608433904265111,0.63164175023234681,0.14998951276323386,1.760851272618988,0.63159187873199651,0.14998992266616262
8.5,4250,0.0064523908227831555,0.015000088253456471,0,0.063020913198496176,5.3261259705776067e-05,6.6000623691493421e-05,7.1434692797015126e-07,2.2717439178655149e-05,2.7667858846378262,1.2052694652872074,-0.19341162452263885,0.050964535432741299,1.7608747805495597,0.63146750192441492,0.1499851832753967,1.7608830960632289,0.63141507308460298,0.14998952271935162
8.5199999999999996,4260,0.006453027327048751,0.015000099314427655,0,0.062835490309202574,6.0403409159514305e-05,6.9055458800585179e-05,7.1468116892630411e-07,2.2717439178655149e-05,2.767012138755879,1.2052937910441592,-0.19339064447899168,0.050953370490161548,1.7609096242127722,0.63127607688544307,0.14996541214105705,1.7609180022299105,0.63122114035527743,0.14998908402987654
8.5400000000000009,4270,0.00645365351253836,0.015000126441852809,0,0.062621913191000078,9.2456421223502622e-05,7.3603013463441252e-05,7.1927700562370165e-07,2.2845425764212974e-05,2.7672343730483973,1.205318112904765,-0.19336968037763136,0.050942214900045642,1.760947996726687,0.63106691485146904,0.14991658911372643,1.7609560953111318,0.63100950167042624,0.14998860528828462
8.5600000000000005,4280,0.0064542681467185687,0.015000154111278911,0,0.06237536826652746,0.0001713003307818882,8.0716611215317146e-05,7.2629104988369907e-07,2.2296409518597789e-05,2.7674527273002805,1.2053424343000236,-0.19334871669596249,0.050931058680982931,1.7609895201617773,0.63083946911224031,0.14982778279974415,1.7609974745832153,0.63077960546767653,0.14998808524690299
8.5800000000000001,4290,0.0064548702722351413,0.015000177398453867,0,0.062092064806937484,0.00030343076720542092,8.9885782536793053e-05,7.3352770605849553e-07,2.2263692832568247e-05,2.7676672376534919,1.2053667566390718,-0.19332774850359696,0.050919899399820681,1.7610342010931341,0.630593249145319,0.14969066978013693,1.7610422344645595,0.63053092717445358,0.14998752271911153
8.5999999999999996,4300,0.0064554591241381418,0.015000200706349779,0,0.061769076057763876,0.00049221368601640647,0.00010117127647170645,7.4169479166340137e-07,2.2329078268013787e-05,2.7678778562480448,1.2053910791534153,-0.19330678020096981,0.050908740026299894,1.7610822942890663,0.63032778722588689,0.14949905784697232,1.7610904645734922,0.63026296888655853,0.14998691657861599
8.620000000000001,4310,0.0064560341253593941,0.015000220042381662,0,0.061404286267437928,0.00074087257907799232,0.00011440566859773258,7.4901056885066995e-07,2.2459278078588273e-05,2.7680845822260465,1.2054154026940145,-0.19328580779117208,0.050897578416545568,1.7611337856233154,0.63004261574100606,0.14924850996435782,1.7611422497861242,0.62997525904674567,0.14998626575872065
8.6400000000000006,4320,0.0064565948493051613,0.015000239583956524,0,0.06099612089054423,0.0010516902183865789,0.00012916554107273096,7.5685007317204272e-07,2.2361699290911531e-05,2.7682873422776106,1.2054397263359617,-0.19326483545183107,0.050886417195479372,1.7611888811886807,0.62973730060203736,0.14893624457477522,1.7611976702942025,0.62966735212330038,0.14998556925160147
8.6600000000000001,4330,0.0064571410376957532,0.015000267202679298,0,0.060543630135932357,0.0014257501804658924,0.00014535731395373048,7.6897981535688252e-07,2.2556434745889217e-05,2.7684860350848814,1.2054640483815786,-0.19324387105625912,0.050875261151594818,1.7612478724488394,0.62941143556794643,0.14856095391204233,1.7612568016629622,0.62933882828861665,0.14998482610757885
8.6799999999999997,4340,0.006457672616079377,0.015000297699496011,0,0.060046472088164181,0.0018630047836375833,0.00016242356435421202,7.8364439708631394e-07,2.2524095754713237e-05,2.7686806555869228,1.2054883699567021,-0.19322290940267031,0.05086410724148914,1.7613106623052706,0.62906461759589938,0.1481225760352721,1.7613197148889816,0.62898929309777452,0.14998403543439068
8.7000000000000011,4350,0.0064581896169238328,0.015000328614804234,0,0.059504791400905956,0.0023622583155832465,0.00017983237609562282,7.996535181061688e-07,2.2394272795856101e-05,2.7688711603689153,1.2055126915009147,-0.19320194802758878,0.050852954542135745,1.7613772482576178,0.62869647427931485,0.14762224742816321,1.761386476458034,0.62861837716711766,0.1499831963964651
8.7200000000000006,4360,0.0064586921641279684,0.015000362668216029,0,0.058919166007174832,0.0029212320481898802,0.00019781771408325965,8.1886582799700715e-07,2.1867274910380131e-05,2.7690574547633378,1.2055370127038947,-0.19318098965537517,0.050841803866584455,1.7614477709412262,0.6283066591528923,0.14706221229760269,1.7614571484029411,0.62822573585283137,0.14998230821419356
8.7400000000000002,4370,0.006459180517330361,0.015000394408304368,0,0.058290604080543325,0.0035367557199195848,0.00021626947631391401,8.3805752378003586e-07,2.2296409518597789e-05,2.7692395040389823,1.2055613347603245,-0.19316002883535172,0.05083065160507097,1.7615221335600948,0.62789483336191609,0.14644562017542415,1.7615317883614263,0.62781104892951956,0.1499813701632037
8.7599999999999998,4380,0.0064596550380829933,0.01500042181573903,0,0.05762046107130888,0.004204812703580918,0.00023387476829767222,8.5505733489371844e-07,2.2556434745889217e-05,2.7694172354378064,1.2055856579406865,-0.19313906353858673,0.05081949834420154,1.7616003923584111,0.62746070551930255,0.14577647453484727,1.7616104496339686,0.62737402026878275,0.14998038157363228
8.7799999999999994,4390,0.00646011630393658,0.015000437144418568,0,0.056910470075171422,0.0049206380710392185,0.00025172282033305405,8.6263636954385869e-07,2.2000207897163392e-05,2.7695906408673685,1.2056099857826941,-0.19311808600217395,0.050808339353926014,1.7616825256492306,0.6270040472077677,0.14505953239902258,1.7616931812416541,0.62691437751779566,0.14997934182939801
8.8000000000000007,4400,0.0064605647602799174,0.015000436540232132,0,0.056162979327463051,0.0056788242970918319,0.00026987621549426702,8.5783936026657982e-07,2.1867274910380131e-05,2.7697596401055073,1.2056343185889862,-0.19309709238213396,0.050797171134619984,1.7617684368986541,0.62652455682265851,0.14430019431575625,1.761780027984031,0.62643187177788451,0.14997825036747461
8.8200000000000003,4410,0.0064610008147334141,0.015000422833903324,0,0.055382631917273724,0.0064733980142751271,0.0002873097377293537,8.4346223372134137e-07,2.2132342465963256e-05,2.7699240731156092,1.2056586541989149,-0.19307608552459546,0.050785995140881307,1.7618581847621539,0.62602194108782983,0.14350442830767979,1.7618710304969614,0.62592627728310513,0.14997710667716363
8.8399999999999999,4420,0.0064614250412745522,0.015000396161602364,0,0.054572619853758601,0.0072979265550446723,0.00030389305084051757,8.1982271339765887e-07,2.1867274910380131e-05,2.7700838138315946,1.205682992615104,-0.193055065565816,0.050774811453651363,1.7619518648949393,0.6254959875396584,0.14267866393384002,1.7619662253104753,0.62539739107881986,0.14997591029936735
8.8599999999999994,4430,0.0064618381744107438,0.015000350347972563,0,0.053735951859801255,0.0081456168569907592,0.00031962621722837742,7.8264644856823498e-07,2.1867274910380131e-05,2.7702388121167592,1.2057073360124988,-0.19303402631514996,0.050763617806177011,1.7620494291273872,0.62494660498516774,0.14182969341645271,1.7620656449066234,0.62484503270027592,0.14997466082586189
8.8800000000000008,4440,0.0064622405696897929,0.015000297871327921,0,0.052875319250152104,0.0090093762294258129,0.00033379383250069293,7.4418057253180502e-07,2.1565179853261896e-05,2.7703887764803761,1.2057316796101432,-0.19301298028262537,0.050752419392208446,1.7621511405417383,0.6243734785213102,0.14096460531948743,1.7621693177773303,0.62426904385118198,0.14997335789856986
8.9000000000000004,4450,0.0064626327719082763,0.015000245735601089,0,0.051993416910696512,0.0098819366359471587,0.00034660896780849961,7.1039281553524053e-07,2.1531352099333316e-05,2.7705334871277256,1.2057560217495538,-0.19299193448035459,0.050741219374791466,1.7622572305582644,0.62377641203177803,0.14009066553910124,1.7622772684822481,0.62366928808228717,0.14997200120883347
8.9199999999999999,4460,0.0064630155794071368,0.015000188602239214,0,0.051092991796263094,0.0107559574159598,0.00035874548623967363,6.7783942096336906e-07,2.1497471115166028e-05,2.7706728737513098,1.2057803651610832,-0.1929708835483821,0.050730015893380456,1.762367682246071,0.62315537915108743,0.13921521496799746,1.7623895177066087,0.62304565046995719,0.14997059049668734
8.9399999999999995,4470,0.0064633894474739719,0.015000137187298196,0,0.050176416069446304,0.011624057174762536,0.00037023271775062767,6.5373663216289321e-07,2.1767042412140833e-05,2.7708066701517136,1.205804706506056,-0.1929498382213988,0.050718813971292603,1.7624827143237813,0.6225102133969348,0.13834563314633813,1.7625060823190777,0.62239803729475307,0.14996912555013156
8.9600000000000009,4480,0.0064637550111754849,0.015000090954606964,0,0.049245964459711404,0.012478973724947036,0.0003807811319334131,6.3674329045515844e-07,2.1327258847706145e-05,2.77093473563232,1.2058290461151986,-0.19292879795819307,0.050707613813171744,1.7626023169199789,0.62184084798854888,0.13748918189339637,1.7626269754296073,0.62172637572000788,0.14996760620440441
8.9800000000000004,4490,0.006464113006830103,0.015000042099290529,0,0.048303739733526092,0.013313637863183035,0.00039011570316854305,6.2325169158178767e-07,2.1258792350482307e-05,2.771057010520948,1.2058533864959471,-0.19290775493780754,0.050696412012198822,1.7627263234199724,0.62114727245702883,0.13665293075290588,1.76275220644729,0.621030613470405,0.14996603234125552
9,4500,0.0064644638809875834,0.015000000134886709,0,0.047351419748194311,0.014121177113830088,0.00039806183388879933,6.1619634912819401e-07,2.183391520383078e-05,2.7711732452559574,1.2058777249891863,-0.19288671868728266,0.050685213081163756,1.7628549397684374,0.62042939517366535,0.13584375098296445,1.7628817811382107,0.62031071851055541,0.14996440388821852
9.0199999999999996,4510,0.0064648080900861545,0.01499997183320005,0,0.046390458148647125,0.014895080702792624,0.00040458242296375051,6.1431891356234579e-07,2.1395506250453509e-05,2.7712832235982474,1.2059020598543277,-0.19286569598332221,0.050674020922177432,1.7629883179610191,0.61968717668637263,0.13506815269673944,1.7630157016833008,0.61956667872357518,0.14996272081788417
9.0400000000000009,4520,0.0064651462527095362,0.014999948265520268,0,0.045422194606428108,0.015629330280694,0.00040963700099482989,6.1432230102494713e-07,2.1666346224911465e-05,2.7713869053163442,1.205926393614204,-0.19284467788467122,0.050662831156989795,1.76312620820264,0.61892065578591449,0.13433215488529862,1.7631539667361911,0.6187985015896631,0.14996098314717327
9.0600000000000005,4530,0.0064654789225437334,0.014999922637828423,0,0.044447693921578775,0.016318417657922916,0.00041320174811674653,6.1566906621645525e-07,2.1190104635059971e-05,2.7714842377499078,1.2059507280705037,-0.19282365759148232,0.050651639959453668,1.7632684103006935,0.61812986710915874,0.1336412660782991,1.7632965714810644,0.6180062138646788,0.14995919093660937
9.0800000000000001,4540,0.0064658065379814287,0.014999894861298118,0,0.043467728008655164,0.016957418419492176,0.00041519741884370881,6.1879993325649077e-07,2.1531352099333316e-05,2.7715751098783605,1.2059750632188884,-0.19280263501583483,0.050640447205968962,1.7634149165775836,0.61731484196821573,0.13300041055072728,1.7634435076905104,0.61718986125871955,0.14995734428959198
9.0999999999999996,4550,0.0064661294787098549,0.014999865545310914,0,0.042482857501438244,0.017542103246783989,0.00041548173215284349,6.2402836131514416e-07,2.1699963539503996e-05,2.7716594189524519,1.2059993989015132,-0.19278161076818023,0.050629253209005701,1.7635657416352022,0.6164756319205964,0.13241381751991327,1.7635947637833764,0.61634950811469824,0.1499554433516693
9.120000000000001,4560,0.0064664480598564528,0.014999835314622855,0,0.041493465056573052,0.018069030156934986,0.00041404060848267214,6.3148769920030843e-07,2.1699963539503996e-05,2.7717370804981036,1.2060237349657832,-0.19276058547418923,0.050618058304324615,1.7637208906593276,0.61561231067541744,0.13188492896652559,1.7637503248826225,0.61548523708692082,0.14995348830981114
9.1400000000000006,4570,0.0064667625260653372,0.014999804748504231,0,0.040499778368698357,0.018535632449947204,0.0004108452465602257,6.4114058409675915e-07,2.1867274910380131e-05,2.7718080314797815,1.2060480712726949,-0.1927395597139564,0.050606862806300279,1.7638803585900622,0.61472497321503405,0.13141631167320675,1.7639101728731741,0.61459714881966454,0.14995147939168199
9.1600000000000001,4580,0.0064670730455868271,0.01499977440402416,0,0.039501888607937123,0.018940306171001856,0.00040582906891168888,6.5278707417113754e-07,2.1867274910380131e-05,2.7718722327187297,1.2060724076891636,-0.1927185340452971,0.050595667021282507,1.7640441328796819,0.61381373509534398,0.13100956974659717,1.7640742864597743,0.61368536162575438,0.14994941686491373
9.1799999999999997,4590,0.0064673797041185539,0.014999744836129566,0,0.03849976203444045,0.019282497684499262,0.00039914260383459301,6.6607647168672852e-07,2.1565179853261896e-05,2.7719296713884609,1.2060967440824699,-0.19269750902380137,0.050584471261408692,1.7642121954376413,0.61287873199676046,0.13066525703284351,1.7642426412248384,0.61275001116514161,0.14994730103637874
9.2000000000000011,4600,0.0064676824984818354,0.014999716606886327,0,0.03749324121910412,0.019562791346135717,0.00039082322138465442,6.8052687844507926e-07,2.1933842111273517e-05,2.7719803636023626,1.2061210803175133,-0.19267648521204167,0.050573275852107497,1.7643845238369862,0.61192011938412139,0.13038278943817072,1.7644152096863066,0.61179125012348101,0.14994513225146269
9.2200000000000006,4610,0.0064679813301539175,0.014999690288771133,0,0.036482032360888247,0.019782997220556219,0.00038112746279089299,6.9555086540748798e-07,2.2263692832568247e-05,2.7720243569941263,1.2061454162555252,-0.19265546318283711,0.050562081135772485,1.7645610921630142,0.61093807221458429,0.1301603572054269,1.7645919613554968,0.61080924789070867,0.14994291089333758
9.2400000000000002,4620,0.0064682759990982086,0.014999666450864505,0,0.035465675706681452,0.019946238917812706,0.00037032130500759666,7.1048947691751483e-07,2.1967050066869309e-05,2.7720617334447155,1.206169751758323,-0.1926344435053842,0.05055088746750791,1.7647418717438064,0.60993278490560154,0.12999483707407197,1.7647728627949577,0.60980419023961896,0.14994063738223448
9.2599999999999998,4630,0.0064685661963670192,0.014999645677465029,0,0.034443495959634696,0.020057041220943053,0.00035884706608978103,7.2463452729273883e-07,2.1800504449438904e-05,2.7720926113095627,1.2061940866817216,-0.19261342676388882,0.050539695224564661,1.7649268315694375,0.60890447081666443,0.12988170464659426,1.7649578776763226,0.60877627900444309,0.14993831217471665
9.2799999999999994,4640,0.0064688516132638341,0.014999620432065756,0,0.033414607794837764,0.020121443635248547,0.00034740300404744113,7.4211396427974015e-07,2.2361699290911531e-05,2.7721172423418943,1.2062184231043103,-0.1925924054137248,0.05052850023502576,1.7651157330077305,0.60785338771010633,0.12981492131604691,1.7651469668381625,0.6077257317594259,0.14993593576295233
9.3000000000000007,4650,0.0064691318582669596,0.014999583117114589,0,0.032377740567405153,0.020147066111218446,0.00033640415168245409,7.6738988554915814e-07,2.2524095754713237e-05,2.7721359264789389,1.206242763029751,-0.19257137184467363,0.050517299326425971,1.7653083813969546,0.60677982061437508,0.12978686804528525,1.7653400883438386,0.60665278149740365,0.14993350867398772
9.3200000000000003,4660,0.006469431397826254,0.01499960418496551,0,0.031410229391236742,0.020118934017136193,0.00032319138741008553,7.5670158722498427e-07,2.262097403300073e-05,2.7721648094737152,1.2062670910826327,-0.19255039663310961,0.050506127848852334,1.7654830142913311,0.60575602452161825,0.12981314817708725,1.7655371975393561,0.6055576763083822,0.14993103146901982
9.3399999999999999,4670,0.0064697706359818164,0.014999670824178184,0,0.030576627183810913,0.02002845411476898,0.00030252514713248734,7.1892102503363022e-07,2.2198114802541581e-05,2.7722180306926805,1.2062914082009155,-0.19252946685484043,0.050494982892054625,1.7656189649379201,0.60484227612487995,0.12990443258472659,1.7657382471112175,0.60444067905811361,0.1499285047426695
9.3599999999999994,4680,0.0064701456757346306,0.014999730124087444,0,0.029866250554554823,0.019893277677874938,0.00027754866801560487,6.8790814934791998e-07,2.206637408534863e-05,2.7722944980899937,1.2063157257458847,-0.19250852950564293,0.050483837945703346,1.7657162479388455,0.60403083899044974,0.13004730022463676,1.7659431871442748,0.60330206706667433,0.14992592912225425
9.3800000000000008,4690,0.0064705490819616188,0.014999782467597639,0,0.029258199477507678,0.019732820214553665,0.0002548539360805903,6.6334992038807619e-07,2.2524095754713237e-05,2.7723903776790784,1.2063400445431682,-0.19248758501338997,0.050472691525578275,1.7657795069899058,0.60330441866626949,0.1302282663555176,1.7661519651795836,0.60214213178704279,0.14992330526706121
9.4000000000000004,4700,0.0064709752125789504,0.014999831014921078,0,0.028737391522417562,0.019558625869065031,0.0002401427151503869,6.4543076012113692e-07,2.2588727439225648e-05,2.7725023557450514,1.2063643641737103,-0.1924666365973898,0.050461542297325954,1.7658125056786411,0.60264876206666385,0.13044277000115057,1.7663645262722567,0.60096117848367714,0.14992063386762006
9.4199999999999999,4710,0.0064714192913171249,0.014999877020078564,0,0.028291551377959405,0.019378569370906023,0.00023798701101741492,6.3363862899816385e-07,2.3162298399097643e-05,2.7726273732001063,1.20638868443751,-0.19244568552779132,0.050450390328136099,1.7658185630671168,0.6020509766121882,0.13069040463829332,1.7665808130493155,0.59975952591109216,0.14991791564497595
9.4399999999999995,4720,0.0064718771206831189,0.014999920940132742,0,0.027910156550713272,0.019200639584857206,0.00025117782706152517,6.269616315284928e-07,2.2813496432377448e-05,2.7727627674789503,1.2064130052459108,-0.19242473225621087,0.050439236395368084,1.7658004713350071,0.60149980883255816,0.13097079246930263,1.7668007657675449,0.59853750599243749,0.14991515134996239
9.4600000000000009,4730,0.006472344953697153,0.014999962804404849,0,0.027584103634577049,0.019032736357693213,0.00027957665093448559,6.2455527578136184e-07,2.2845425764212974e-05,2.7729061961609496,1.2064373265717947,-0.1924037768042034,0.050428080996572207,1.7657605832310286,0.60098532852524023,0.13128352234931784,1.767024322371346,0.59729546349807505,0.14991234176247417
9.4800000000000004,4740,0.0064728194210558459,0.015000002841933946,0,0.027305549118481869,0.018882285784259201,0.00032080083216975709,6.2567126699875969e-07,2.2813496432377448e-05,2.7730555744943861,1.2064616483492068,-0.19238281939565269,0.050416924618417715,1.7657008882779004,0.60049870427638197,0.13162832780582337,1.7672514185505883,0.59603375572415662,0.14990948769074031
9.5,4750,0.0064732971767732283,0.01500003706013062,0,0.027067491042691259,0.018756046164563316,0.00037160835096600067,6.3409770318243197e-07,2.2459278078588273e-05,2.773208974288873,1.206485969059504,-0.19236185607820588,0.050405759969666127,1.765622773461917,0.60003165172964457,0.13200503112143883,1.7674819877984647,0.59475275217120138,0.14990658997059703
9.5199999999999996,4760,0.0064737757623190293,0.015000072486582123,0,0.026864492844639931,0.018659823230974645,0.00043030530568913673,6.431648153349686e-07,2.2877310533063834e-05,2.7733647482759012,1.2065102902377109,-0.1923408938225184,0.050394598018120511,1.7655280509713815,0.59957751383415603,0.132413928188513,1.767715961469343,0.5934528342226737,0.14990364946476048
9.5400000000000009,4770,0.0064742527671853099,0.015000101860594969,0,0.026687806918180644,0.018600675746139984,0.00049455681355510441,6.5437650214023343e-07,2.2685329707937426e-05,2.7735216557514266,1.2065346119338431,-0.19231992539425311,0.050383431032872149,1.7654174417435082,0.59913063221077012,0.13285345668653736,1.7679532688366197,0.59213439482356012,0.1499006670620999
9.5600000000000005,4780,0.0064747297930443752,0.015000139025362558,0,0.026534971620169032,0.018602585361168902,0.00056302989786072353,6.669288279048117e-07,2.2524095754713237e-05,2.7736815062371774,1.2065589325841974,-0.19229896459985635,0.050372272410537593,1.7652907436396212,0.59869780645750914,0.13330792604616182,1.7681938371505739,0.59079783815894804,0.14989764367691039
9.5800000000000001,4790,0.0064752073009707815,0.015000171934654621,0,0.026404527831883483,0.01868384875126915,0.00063572377843231398,6.8060772150898469e-07,2.2717439178655149e-05,2.7738454101957761,1.2065832541664603,-0.19227799941503249,0.050361110737977145,1.7651472244638915,0.59828218556635793,0.1337657635686727,1.7684375916962192,0.58944357933260227,0.14989458024818586
9.5999999999999996,4800,0.0064756830578459029,0.015000187902570765,0,0.026292699622340647,0.018846888031995673,0.00071298841159652478,6.9378621980777817e-07,2.2813496432377448e-05,2.7740123028440578,1.2066075772249389,-0.19225701720498231,0.050349932183501506,1.7649866864616561,0.59787886536197077,0.13422757191370555,1.7686844558511572,0.58807204404554303,0.14989147773889197
9.620000000000001,4810,0.006476155534397305,0.015000202658765352,0,0.02619734294478112,0.019092494057442996,0.00079563183960029964,7.0624214448855272e-07,2.2556434745889217e-05,2.7741812555784864,1.2066319008904742,-0.19223603364664543,0.050338753223170815,1.7648096510341398,0.59748459196462578,0.13469458099053752,1.7689343511434319,0.5866836682746237,0.149888337135239
9.6400000000000006,4820,0.0064766222563977724,0.015000234508381288,0,0.026120231212997343,0.019413957235018223,0.00088393078591044241,7.2200384370949756e-07,2.2972699315936647e-05,2.7743505173678651,1.2066562231622227,-0.19221506700777841,0.050327590754328771,1.7646167794638308,0.5970930182831673,0.13517327387612327,1.7691871973093811,0.58527889795110821,0.14988515944595487
9.6600000000000001,4830,0.0064770766124112042,0.015000274355162675,0,0.026057188928719235,0.0197815637322598,0.00097603618326858304,7.4143612303133775e-07,2.2556434745889217e-05,2.7745150863531185,1.2066805450333458,-0.19219410821854577,0.050316435736303546,1.7644090900295604,0.59668451968722513,0.13568842153127492,1.7694429123514905,0.58385818863924865,0.14988194570155794
9.6799999999999997,4840,0.0064775179524926016,0.015000298178742976,0,0.026004012833601764,0.020187046687939244,0.0010648525590533661,7.5295895192265234e-07,2.265317472408141e-05,2.7746732872714341,1.2067048710119672,-0.19217313324681362,0.050305272954086766,1.764190913086557,0.59625158817882773,0.13624440620648959,1.7697014125962471,0.58242200521486298,0.14987869695363001
9.7000000000000011,4850,0.0064779525824418252,0.015000304307062881,0,0.025958227216171761,0.020648965130310306,0.0011397440090615077,7.6277871710125592e-07,2.3130806476445511e-05,2.7748276923439223,1.2067291963238449,-0.19215214053237567,0.050294086789495374,1.7639698303797626,0.59580346074388146,0.13681941432175307,1.7699626127519921,0.58097082154391222,0.14987541427408926
9.7200000000000006,4860,0.0064783822267979723,0.015000303560124446,0,0.025918838560624623,0.021170746973634767,0.0011987200907911573,7.7476158126921116e-07,2.2556434745889217e-05,2.7749789690685738,1.206753520314322,-0.19213114088734656,0.050282886196454032,1.7637484300381843,0.59534280414811924,0.13740599021580938,1.7702264259667733,0.5795051201610788,0.149872098754463
9.7400000000000002,4870,0.006478804442766461,0.01500030545559904,0,0.025885988048814167,0.021744446336175352,0.0012457028557856789,7.8595828575627522e-07,2.2296409518597789e-05,2.7751260650089908,1.2067778450651925,-0.19211014373264745,0.050271691218848877,1.76352509540734,0.59486580927997246,0.13800819137791201,1.7704927638861994,0.57802539194834335,0.14986875150516088
9.7599999999999998,4880,0.0064792168066872737,0.015000309160511729,0,0.025858725798999567,0.022362596458615411,0.0012831283433178235,7.9630221003162956e-07,2.2426798989897964e-05,2.7752679401707363,1.2068021704069407,-0.19208914823810247,0.050260500356059251,1.7632986808495921,0.59436806551773769,0.13862833159083751,1.7707615367112934,0.57653213581356288,0.14986537365474753
9.7799999999999994,4890,0.0064796173929503546,0.015000310491270605,0,0.025836162943940519,0.023018425496580997,0.0013128784701398116,8.0439797693457099e-07,2.2491710265994076e-05,2.7754037173108426,1.2068264972280502,-0.19206815022457877,0.050249309139822215,1.7630685799563099,0.59384564908665682,0.13926777330968962,1.7710326532563441,0.57502585836904807,0.14986196634921561
9.8000000000000007,4900,0.006480004535732521,0.015000308318739337,0,0.025817743801426735,0.023705594081761004,0.0013364811327583987,8.0990014617625365e-07,2.2588727439225648e-05,2.7755325867925942,1.2068508256320813,-0.19204714856432825,0.050238116734760641,1.7628345155033704,0.59329506087299366,0.13992755167765203,1.7713060210067608,0.57350707361014064,0.14985853075125879
9.8200000000000003,4910,0.0064803766731776173,0.015000301803482552,0,0.025802983409297736,0.024417963025969391,0.0013551719707280805,8.1263950815576069e-07,2.2361699290911531e-05,2.7756537491887925,1.2068751557227977,-0.1920261424188677,0.05022692251331045,1.7625964478045233,0.5927128470940517,0.14060841200805951,1.7715815461769262,0.57197630259379195,0.14985506803954451
9.8399999999999999,4920,0.006480732271580263,0.015000295073691427,0,0.025791670389125505,0.025149682182908865,0.0013701867431483066,8.1483470268392331e-07,2.2361699290911531e-05,2.7757663902076182,1.2068994861860365,-0.19200513592057705,0.050215729207375603,1.7623545044630626,0.59209573084214584,0.14131102203268736,1.7718591337680489,0.57043407311713934,0.14985157940798702
9.8599999999999994,4930,0.0064810706782339068,0.015000285732918119,0,0.025773664172656668,0.025897689796598716,0.0013820641377032448,8.1516405421332905e-07,2.2459278078588273e-05,2.7758702861701869,1.2069238178990096,-0.19198412666781556,0.0502045354121331,1.7621088055226461,0.59144240483181432,0.1420332610945387,1.7721386876260175,0.56888091939608421,0.14984806606502027
9.8800000000000008,4940,0.0064814043012544828,0.015000301819683464,0,0.025753173632899445,0.026704143422038029,0.0013940928936730487,8.1862461058123634e-07,2.2556434745889217e-05,2.7759747903927754,1.206948146190302,-0.19196314263143038,0.050193370764218363,1.7618548990936451,0.59079076823775656,0.14273905877918511,1.772420110499253,0.5673173817438697,0.14984452923287084
9.9000000000000004,4950,0.0064817404860598813,0.01500034562829464,0,0.02573744288211139,0.027590514295396582,0.0014091848923528212,8.3372917571164501e-07,2.2361699290911531e-05,2.776085652880719,1.2069724688665291,-0.19194218615232722,0.050182229334721537,1.7615893900170407,0.59016356604693343,0.14340649330525035,1.7727033040965621,0.56574400624965893,0.14984097014683082
9.9199999999999999,4960,0.006482075989727735,0.015000388511428178,0,0.025731715221807908,0.028540528849190741,0.0014271510291712669,8.5421602882884093e-07,2.2491710265994076e-05,2.7762008429998142,1.2069967909694626,-0.1919212286379281,0.05017108298172418,1.7613120073412194,0.5895515218134133,0.14404360663269461,1.7729881691449911,0.56416134445711097,0.14983739005453073
9.9399999999999995,4970,0.0064823963608700878,0.015000386664674681,0,0.02573168740351383,0.029501873240986461,0.001444915985476164,8.5564010082041102e-07,2.265317472408141e-05,2.7763099324969422,1.2070211217550364,-0.19190022632452652,0.050159895063708965,1.7610263257623062,0.58891172352777954,0.14469070775415785,1.7732746054476785,0.56256995304295976,0.14983379021521254
9.9600000000000009,4980,0.0064826917543955743,0.015000354253896266,0,0.025732021680677598,0.030442190292488142,0.001458460315012292,8.4276013356797796e-07,2.2717439178655149e-05,2.7764057593135139,1.2070454589613979,-0.19187919333921885,0.050148682375618148,1.7607356624501924,0.5882162605503346,0.14537353523428201,1.7735625119417076,0.5609703934955913,0.14983017189900247
9.9800000000000004,4990,0.0064829618031825723,0.015000320738580576,0,0.025734341797865122,0.031361671814370072,0.0014679107852269837,8.2967347936447204e-07,2.2717439178655149e-05,2.776488173046332,1.2070697970539035,-0.19185815909567383,0.050137472427434847,1.7604408931063313,0.5874653742705801,0.14608862537663472,1.7738517867559607,0.55936323179362157,0.14982653638618396
10,5000,0.0064832053090359554,0.015000291560701652,0,0.025738713433410457,0.032257371165231329,0.0014737755512121396,8.1898304643852582e-07,2.2972699315936647e-05,2.7765564877766016,1.2070941342479997,-0.19183712904734024,0.050126268428386106,1.760143063175363,0.58665617681714111,0.14683358243591466,1.774142327268972,0.5577490380844734,0.14982288496647056
10.02,5010,0.0064834208997656736,0.015000263355044213,0,0.0257449375854625,0.033125255155972345,0.0014765308653921353,8.093901177978634e-07,2.2588727439225648e-05,2.776609856167561,1.2071184713686711,-0.19181609983702597,0.05011506648652729,1.7598433892101726,0.58578473730442404,0.14760639846204821,1.7744340301667807,0.55612838636295459,0.1498192189382789
10.040000000000001,5020,0.006483607147762499,0.015000230035732217,0,0.025741403725329813,0.033960816679583852,0.0014766370021486212,7.9948893855295331e-07,2.2685329707937426e-05,2.7766473611123126,1.2071428101591515,-0.19179506538229291,0.050103860918982161,1.7595432651992013,0.58484667212980901,0.14840500057779862,1.7747267915007834,0.55450185414983522,0.14981553960800165
10.06,5030,0.0064837799036234125,0.015000323075610332,0,0.025734439275788147,0.034810829160951622,0.0014764874211703816,8.4612479430728511e-07,2.2132342465963256e-05,2.7766800556388747,1.207167115637755,-0.19177415730571809,0.050092723188701178,1.7592380184916105,0.58389143476540162,0.14919633874566141,1.7750205067455889,0.55287002217042602,0.14981184828928024
10.08,5040,0.0064839402887567604,0.015000381471203836,0,0.025743426432599845,0.035671749460026415,0.001480909213629276,8.7791863966799851e-07,2.1497471115166028e-05,2.7767089234175071,1.2071914336167757,-0.19175321433679796,0.050081571158454345,1.758925278621561,0.58291658601974117,0.14997795462870522,1.7753150708568699,0.5512334740331547,0.14980814630227798
10.1,5050,0.0064840854282703832,0.015000404349503886,0,0.025755595934971405,0.036495311921356924,0.0014847950947671168,8.9087428895089181e-07,2.2000207897163392e-05,2.7767258661915251,1.2072157623941275,-0.19173223567352049,0.050070398260912245,1.7586128346762568,0.58187348813312489,0.15077819648325577,1.775610378329217,0.54959279590814458,0.14980443497295298
10.120000000000001,5060,0.006484221845186597,0.015000445096806809,0,0.025763999144706826,0.037267754035391572,0.0014872643796707784,9.1350987777758266e-07,2.2329078268013787e-05,2.7767302269898568,1.2072400855613721,-0.19171127472852645,0.050059242351472848,1.7583042305072789,0.58074805014664388,0.15160247338017344,1.7759063232539913,0.54794857620579129,0.14980071563233091
10.140000000000001,5070,0.0064843522495312972,0.015000449281906539,0,0.025757537557802988,0.038022077096776227,0.0014921042246445438,9.1103645071204885e-07,2.2000207897163392e-05,2.7767283750397245,1.2072644183469867,-0.19169027700404195,0.050048072469242935,1.7579938464766478,0.57957594356423747,0.15242710013613309,1.7762027993771783,0.54630140525534165,0.14979698961577806
10.16,5080,0.0064844836868975719,0.015000429584663031,0,0.025768475708299265,0.038774801176925916,0.0015008456791525467,8.936246751916367e-07,2.1767042412140833e-05,2.7767251435561557,1.2072887570478532,-0.19166925525070422,0.050036887866127332,1.7576789165314279,0.57837695892329422,0.15324028934311665,1.7764997001572405,0.54465187498347001,0.14979325826227419
10.18,5090,0.006484607304284744,0.015000423666123416,0,0.025787672643646585,0.039483811039060922,0.0015104450266290785,8.8540233517006211e-07,2.1666346224911465e-05,2.7767114443689271,1.2073130920012303,-0.19164824714162101,0.050025710688010587,1.757368456189377,0.57710724590503293,0.15406052030537629,1.7767969188229704,0.54300057859285622,0.1497895229136855
10.200000000000001,5100,0.006484711262244894,0.01500041565897256,0,0.025807530368887645,0.040121376252541391,0.001516880682360112,8.7528059367246043e-07,2.206637408534863e-05,2.7766798556081453,1.2073374278968403,-0.19162723679867896,0.050014533108501152,1.7570693137308411,0.57573732005694001,0.15489509659572376,1.7770943484313446,0.54134811024076357,0.14978578491403749
10.220000000000001,5110,0.0064847952475082897,0.015000397683497884,0,0.025819151488107914,0.040683665105755544,0.0015201290522670488,8.5787847508073434e-07,2.1867274910380131e-05,2.7766298768319748,1.2073617669821066,-0.19160621634706351,0.050003351285710394,1.7567844449697356,0.57426415537568942,0.15573789312450664,1.777391881925376,0.53969506471761619,0.14978204560878797
10.24,5120,0.0064848658689431338,0.01500038900970534,0,0.025800250307214133,0.041215621225858916,0.0015224151143017443,8.5316989623002239e-07,2.122447627911835e-05,2.7765704499019157,1.2073861012077047,-0.19158520518897834,0.049992161271722173,1.7565060412799789,0.57273897978881183,0.15656906474524568,1.7776894121919675,0.5380420371255763,0.14977830634409989
10.26,5130,0.0064849425184792314,0.015000384711613702,0,0.025801247161983273,0.041783739534471433,0.0015287417341268491,8.489882334199938e-07,2.1293053117836167e-05,2.776517576011611,1.2074104354013615,-0.19156419827058266,0.049980977768849653,1.7562187778168794,0.57123739342425728,0.15736835322358761,1.7779868321197652,0.53638962255712241,0.14977456846611426
10.279999999999999,5140,0.0064850200219817283,0.015000365552014073,0,0.025828057806630875,0.042325479495996042,0.0015395345251342776,8.3041576524292072e-07,2.1327258847706145e-05,2.7764603922064106,1.2074347747900678,-0.19154317622785613,0.049969796914931482,1.7559364500045347,0.56969240852246184,0.15815236454552756,1.7782840346570108,0.53473841577362635,0.14977083332022317
10.300000000000001,5150,0.0064850724261582716,0.015000337188918744,0,0.02585515620728035,0.0427723065680203,0.0015469907285864328,8.0779428057786655e-07,2.1395506250453509e-05,2.7763811711622575,1.2074591161737609,-0.19152214483396396,0.04995860836507407,1.7556767596652743,0.56802926817342658,0.1589348934616793,1.7785809128693961,0.53308901088393079,0.14976710225034259
10.32,5160,0.0064850991484340995,0.015000342107503747,0,0.025883919791303306,0.043117916025349659,0.0015470175862893226,8.0678083525762728e-07,2.1121193543184415e-05,2.7762787634191892,1.2074834506344096,-0.19150114666889217,0.049947431453387418,1.7554455409434846,0.56624413976364762,0.15970901268851476,1.7788773599979151,0.53144200102292838,0.14976337659818539
10.34,5170,0.0064850997778440342,0.015000333834674903,0,0.025898057912093222,0.043356201525340352,0.0015439428843908596,7.970890783199048e-07,2.084327099243578e-05,2.776152624454753,1.2075077887501953,-0.19148013517328288,0.04993624895398939,1.7552470905984532,0.56433328482543832,0.16046529909534663,1.7791732695167177,0.52979797803013651,0.14975965770253419
10.359999999999999,5180,0.0064850875164608095,0.015000288395920297,0,0.025872168596024842,0.04355017260019995,0.0015389212542664752,7.7012100714220552e-07,2.013168567464644e-05,2.7760159986155997,1.2075321356115318,-0.19145908644187265,0.049925039575044947,1.7550671111360931,0.56236754660879573,0.16119548127909072,1.7794685351909627,0.52815753212827776,0.14975594689851429
10.380000000000001,5190,0.0064850798239908906,0.015000256632748074,0,0.025888561811521549,0.043754336332450475,0.0015331074318898062,7.5202187532959937e-07,2.0419295754930057e-05,2.7758816120603811,1.2075564790967908,-0.19143805126157576,0.049913838739466969,1.7548917366485322,0.5604080938642183,0.16189891522961189,1.7797630511346707,0.52652125160185537,0.14975224551686661
10.4,5200,0.0064850664216782707,0.015000228630603079,0,0.02592795616814033,0.043886193686024567,0.0015287541313082362,7.3136647620201454e-07,2.0347774359157065e-05,2.7757348210380592,1.207580820866093,-0.1914170195832321,0.049902651590264309,1.75474509223949,0.5583694299426526,0.16257154579521516,1.7800567118685777,0.5248897224757324,0.14974855488322064
10.42,5210,0.0064850489988502891,0.015000222007810022,0,0.025951115659903157,0.0438898666593718,0.0015175609815387529,7.1711940502461294e-07,1.9876613291913992e-05,2.7755681155680363,1.2076051597358211,-0.19139600914680333,0.049891479791189505,1.7546472044760613,0.55619593037814863,0.1632049576954942,1.7803494123779886,0.52326352819370814,0.14974487631736727
10.44,5220,0.0064851050581381849,0.015000247992107228,0,0.025977385070272335,0.043820630220400378,0.0014731047208911417,7.1924573687519026e-07,1.8976067634857116e-05,2.7754107732638698,1.2076294925110638,-0.19137503136628073,0.049880322073821967,1.7545842048157838,0.55394840287468849,0.16380057099072923,1.7806410481706294,0.52164324929709638,0.1497412111325318
10.460000000000001,5230,0.0064852569008483274,0.015000619026703856,0,0.025995629357113401,0.043652067068349981,0.0013604062607579833,1.0251042972371167e-06,1.7827317112193689e-05,2.7752619379050678,1.2076536960564648,-0.19135439985788721,0.049869251025903456,1.7545691979163829,0.55160767275892097,0.16434399259566765,1.7809315153345009,0.52002946310330267,0.1497375606346468
10.48,5240,0.0064855001123883269,0.015000879547902848,0,0.026010244136985952,0.043374364770337001,0.0011733428335860652,1.2712720994475859e-06,1.6860678551682353e-05,2.7751214544662162,1.2076779469192878,-0.19133365746750305,0.049858140078941841,1.7546040969098902,0.54916266582482987,0.16483189166289619,1.7812207105957321,0.51842274338440242,0.14973392612162506
10.5,5250,0.0064858365245244473,0.015000890686194427,0,0.026056136993648449,0.043017487990654593,0.00097352286432321759,1.2713957739400029e-06,1.5926940848252804e-05,2.7749971065756527,1.2077022978072312,-0.19131266480324072,0.049846955609464137,1.754682605158961,0.54664745226198797,0.16526785609709335,1.7815085313764329,0.51682366004571767,0.14973030888263253
10.52,5260,0.0064862586071215119,0.015000929607200236,0,0.026107035647293969,0.042528816697040603,0.0008025208872255473,1.2995307976163757e-06,1.4787793334711022e-05,2.7748802895425229,1.2077266411036645,-0.19129170004365098,0.049835773555825552,1.754829188272873,0.54402235374299834,0.1656236381351868,1.7817948758525477,0.51523277880439533,0.14972671019736117
10.540000000000001,5270,0.0064867562035435559,0.015001055408257568,0,0.026089543493317532,0.041934640737414292,0.00074120141636306396,1.416660459381035e-06,1.3976876963794299e-05,2.7747713749486427,1.2077509571824347,-0.19127082257868838,0.04982460205805931,1.7550401727824962,0.54131791895058601,0.1659065788570839,1.7820796430117085,0.5136506608679845,0.14972313133530193
10.56,5280,0.0064873150513263013,0.015001272639485922,0,0.026131908413497995,0.041302537955110831,0.00089480691861036968,1.6306720098589985e-06,1.3713635377634418e-05,2.7746744340924878,1.2077752407776057,-0.19125003678638555,0.049813449032501712,1.7552951502910754,0.53859917785298694,0.16614715589117482,1.7823627327110876,0.51207786261301447,0.14971957355501767
10.58,5290,0.0064879439243458077,0.015001410866618138,0,0.026210356498501855,0.040548481832324061,0.0011644014018080684,1.7648167153228019e-06,1.3766686389570068e-05,2.7745837957980939,1.2077995519933542,-0.19122917149531601,0.049802279689360587,1.7556253457403563,0.53579811621581075,0.16629705105282577,1.7826440457352515,0.5105149352635715,0.14971603810341602
10.6,5300,0.0064886482276963571,0.015001507690972646,0,0.026260250580897759,0.039603702490738767,0.0014734980544676534,1.8554110776158278e-06,1.5926940848252804e-05,2.7744944516087391,1.2078238823208689,-0.19120826465027391,0.04979109351255568,1.7560607961792005,0.53286743233238898,0.16630770219283786,1.7829234838540133,0.50896242456987728,0.1497125262150224
10.620000000000001,5310,0.0064894095964848821,0.015001721162830136,0,0.026251298108253107,0.03855766409586836,0.0018393019067222949,2.0703653848630977e-06,1.870524340221744e-05,2.7744099922145762,1.2078481712886731,-0.1911874749468272,0.049779916367042515,1.7565760855966501,0.52988936054225377,0.16623105524242379,1.7832009498802868,0.50742087048686568,0.14970903911125286
10.640000000000001,5320,0.0064902226160728545,0.015001957025274982,0,0.026315098608144794,0.037438970410302981,0.0022353985457407412,2.3114241184496373e-06,2.1258792350482307e-05,2.7743322549217906,1.2078724475842633,-0.19116670745316691,0.049768743267966202,1.7571634054849004,0.5268915680750893,0.16608463792328601,1.7834763477279387,0.50589080685276167,0.14970557799968695
10.66,5330,0.0064911004097372394,0.015002077162489852,0,0.026372540891886315,0.036160837475243547,0.0026228554509324375,2.4310988217118361e-06,2.366046933553774e-05,2.7742588455062012,1.2078967638222797,-0.1911458236591024,0.0497575494296763,1.7578576694287531,0.52381993669004889,0.16579631588508192,1.7837495824696425,0.50437276106765694,0.14970214407334084
10.68,5340,0.0064920550012490825,0.015002293324772001,0,0.026414237261172625,0.034737458778739481,0.0029334258548789041,2.6553036072174286e-06,2.5952471976040913e-05,2.7741977664770605,1.207921040322085,-0.19112503626559263,0.049746354553066439,1.758661825744833,0.5207090318711094,0.16536068518415656,1.7840205603947314,0.50286725377208963,0.14969873850994003
10.700000000000001,5350,0.0064931064564951128,0.015002592456404453,0,0.026467280467960756,0.033205543030669291,0.0030593839456674373,2.970227111576254e-06,2.813569566921457e-05,2.7741595293688368,1.2079452794131231,-0.19110433194503887,0.049735166395844202,1.7595654230853597,0.51759475500474483,0.16480352236773402,1.7842891890670514,0.50137479852561995,0.14969536247119236
10.720000000000001,5360,0.0064942633612133337,0.015002840026063511,0,0.026535893841017691,0.031547395179987461,0.0029921500837983002,3.2310290065950123e-06,2.9377754437941119e-05,2.7741447971643054,1.2079695346084589,-0.19108357551000105,0.049723974015093243,1.760575476514894,0.51446845431451216,0.16410878515353516,1.7845553773828147,0.49989590148540958,0.14969201710206095
10.74,5370,0.0064955239584893005,0.015003055640334498,0,0.02660599950861476,0.029720698393400677,0.0028193837108854429,3.4591063955005931e-06,3.0015942208195386e-05,2.774151656220833,1.2079937972538168,-0.19106278675662233,0.049712779632518821,1.7617121403422424,0.51132817038182188,0.16321851783047125,1.7848190356284523,0.49843106108479773,0.14968870353003708
10.76,5380,0.0064968594987950476,0.015003261348579636,0,0.026580325767662644,0.027743215432684404,0.0027637332091598231,3.676873956841807e-06,3.0783246592000122e-05,2.7741720684901017,1.208018062995226,-0.19104198790246241,0.04970158266115636,1.7629717328943035,0.50818534259976822,0.16214996014640753,1.7850800755384686,0.49698076771187977,0.14968542286441305
10.779999999999999,5390,0.0064982409087010005,0.015003379402693182,0,0.026634440239828604,0.025663191813836802,0.0029573609971605477,3.8011138447024353e-06,3.1945284701302396e-05,2.7741983869778672,1.2080423617632956,-0.19102110076076217,0.04969037439037978,1.7643373930360906,0.50505209330911693,0.16095965081488811,1.7853384103532923,0.49554550338808434,0.14968217619555532
10.800000000000001,5400,0.0064996713713939861,0.015003388795670484,0,0.026719897845846934,0.023429126653925696,0.0033376216635945177,3.8089881964914001e-06,3.2104613792938516e-05,2.7742328861623169,1.2080667006012078,-0.19100010407944706,0.049679168773392991,1.765834884066904,0.50192851568634111,0.15955923840860578,1.7855939548771318,0.49412574144675087,0.14967896459417718
10.82,5410,0.0065011445398265857,0.015003482568348811,0,0.026749711046990622,0.021050615260049064,0.0038603333644944629,3.9060049462655977e-06,3.2308310953937935e-05,2.7742755309883607,1.2080910082028806,-0.1909791919162955,0.049667984089459959,1.76746917181605,0.49882683387838134,0.15792975447165836,1.7858466255358272,0.4927219462117079,0.14967578911061175
10.84,5420,0.006502651899792016,0.015003734880035239,0,0.026811123416824137,0.018586210250975572,0.0044179612692215632,4.1717106322148989e-06,3.1922458485668007e-05,2.774329027735678,1.2081152621501274,-0.19095843882908478,0.049656781630536079,1.7692297749434529,0.49578700468492387,0.15608685604265854,1.7860963404347034,0.49133457267584957,0.14967265077408501
10.859999999999999,5430,0.0065041928632575616,0.015003920596719763,0,0.026883480272530791,0.016096785103938856,0.0049705502120708641,4.3688810444693139e-06,3.1578085321915638e-05,2.7743984104059991,1.2081395317497587,-0.19093761863006067,0.049645582329002111,1.771114048198551,0.49284385303848005,0.15401601512947799,1.7863430194164243,0.48996406617971389,0.14966955059198853
10.880000000000001,5440,0.0065057626668025966,0.015003987118000073,0,0.026890375538866612,0.013688578087286025,0.0055139272082715624,4.4416742571816634e-06,3.0354024625058721e-05,2.7744876718775799,1.2081638314693202,-0.19091667839232918,0.049634409391052452,1.7731221983177978,0.49003247825077118,0.15168304417125303,1.7865865841188442,0.48861086209006055,0.1496664895491526
10.9,5450,0.0065073520552919595,0.015004009742705068,0,0.026945468964839091,0.011604404268968723,0.006011932718748194,4.4699808008052499e-06,2.9526252879164577e-05,2.7745933966434029,1.2081881425751668,-0.19089569398059991,0.049623219984216121,1.7752345196736665,0.48735524587604806,0.14914270604818905,1.7868269580328631,0.48727538547844784,0.14966346860711893
10.92,5460,0.0065089521130201359,0.015003996547008668,0,0.027026961638648983,0.01022464487635218,0.0064146647617989326,4.4611942666271753e-06,2.7665428082454169e-05,2.7747163682196794,1.2082124627751929,-0.19087467334292138,0.049612032591577974,1.7774377705428202,0.48483684194592397,0.14640155045027786,1.7870640665602782,0.48595805079981075,0.14966048870341381
10.94,5470,0.0065105526731452298,0.015003942603850942,0,0.027124313632429814,0.010054676136806884,0.0067500238667892974,4.4098014873156008e-06,2.564165271600967e-05,2.7748640367641522,1.2082367938153709,-0.19085361149578994,0.049600852939617496,1.7797273949405841,0.48253921914191972,0.14338935019123619,1.7872978370716379,0.48465926157103822,0.14965755075082074
10.960000000000001,5480,0.0065122514629365148,0.015003867929892547,0,0.027072828961305036,0.011135715484237321,0.0069483425004526062,4.335127793417958e-06,2.5584734437791434e-05,2.7751142835097928,1.2082611412216466,-0.19083252928011907,0.049589650207065017,1.7818246446478718,0.48071485941519704,0.14046913456135576,1.7875281989640948,0.48337941004955098,0.14965465563665364
10.98,5490,0.0065140323753769,0.015003761752896383,0,0.026996399034496438,0.012685614832107709,0.0068447084910942578,4.2284091527330259e-06,2.5441881649397974e-05,2.7754814659489813,1.2082854966801342,-0.19081141514672129,0.049578440440177465,1.7835179950789495,0.47943268335917788,0.13800035505378536,1.7877550837192586,0.48211887691187927,0.14965180422202962
11,5500,0.0065157900336853154,0.015003494864234907,0,0.026890977182561789,0.014232490662212716,0.0064420268338355536,3.9528648877093292e-06,2.3412708902503816e-05,2.7759145906669875,1.2083099017268406,-0.19079013885574234,0.049567234442183354,1.784844778189455,0.4785472937013866,0.13596281042434288,1.7879784249610498,0.48087803093223996,0.14964899734114187
11.02,5510,0.0065174207622598511,0.015003089822574671,0,0.026846336818522672,0.015611669466238789,0.0058675396182271949,3.5317705307436105e-06,2.0311919222296604e-05,2.776351700760197,1.2083343546173777,-0.19076872346936777,0.049556024025387668,1.7858836235464353,0.47786130597305676,0.13431190134782148,1.788198158513552,0.47965722866111471,0.14964623580053266
11.040000000000001,5520,0.0065188323540244369,0.015002732903799509,0,0.027039664380885245,0.016728295179035478,0.0051774840199190521,3.1640032071450785e-06,1.8191590511038928e-05,2.776726460614424,1.2083587864297665,-0.19074735638601509,0.049544818115144308,1.7867070461962136,0.4771375103645415,0.13305494459716419,1.7884142224588668,0.47845681410382668,0.14964352037836623
11.06,5530,0.006520012302794238,0.015002450706823477,0,0.027471913822489299,0.017579001971381836,0.0044427017183462127,2.8759841923384823e-06,1.6643112294063987e-05,2.7770208187613745,1.2083831907579656,-0.19072606439821499,0.049533622765326663,1.7873692774375844,0.47630227663315566,0.13213398912780841,1.7886265571949649,0.47727711839911952,0.14964085182370171
11.08,5540,0.0065209791651802849,0.01500220074597259,0,0.028064543026556504,0.018216735364517039,0.003731795678729514,2.6213795499506673e-06,1.63782182658682e-05,2.7772421847981814,1.2084075867991797,-0.1907048047817404,0.049522432627182131,1.7879110041168704,0.47539311601639189,0.13145941459010788,1.7888351054935401,0.47611845949773346,0.14963823085576605
11.1,5550,0.0065217617455241893,0.015001976796096118,0,0.028767556068526517,0.018691419592515853,0.0030864312906789871,2.3944545726547676e-06,1.6199215970291549e-05,2.7774011246907726,1.2084319761432016,-0.1906835712900459,0.049511241557355957,1.7883622062655604,0.47443931979079579,0.13096438490824919,1.7890398125578635,0.47498114184098428,0.14963565816322691
11.120000000000001,5560,0.0065224614353109577,0.015001785574560519,0,0.029552612734661865,0.019042599354783096,0.0025303776847881506,2.2018547237673651e-06,1.5926940848252804e-05,2.777532563613442,1.2084563576641782,-0.19066237071773628,0.049500049055663707,1.7887446228403521,0.47345921949016279,0.13060133094613327,1.7892406260806348,0.47386545603933927,0.14963313440346562
11.140000000000001,5570,0.0065231431687012408,0.015001613320700853,0,0.030394113626657594,0.019295784782452485,0.0020698727414112245,2.0303136288274997e-06,1.5835142153691226e-05,2.777658775892129,1.2084807339934744,-0.19064118911115507,0.049488852376944982,1.7890743519341314,0.47246542680643799,0.13034072379946959,1.7894374963018369,0.47277167855099711,0.14963066020185006
11.16,5580,0.0065238101464438229,0.015001453071606514,0,0.031275652903724228,0.019462362358493326,0.0016898473284114859,1.8731651790369782e-06,1.6511196510205469e-05,2.7777803502371912,1.208505106514415,-0.19062001942627574,0.0494776517801684,1.7893642343103975,0.47146714883975455,0.13016908755097231,1.789630376066589,0.47170007136046266,0.14962823615100762
11.18,5590,0.0065244678161289222,0.015001306102809905,0,0.032186257207062405,0.019547128153971405,0.001375739073824558,1.7313307520574797e-06,1.7538763447639102e-05,2.7778984935514979,1.2085294752489726,-0.19059886296324929,0.049466449925059976,1.7896238910150957,0.4704714034198037,0.13008053465033534,1.7898192208829984,0.47065088165712687,0.14962586281009807
11.200000000000001,5600,0.0065251210455486196,0.015001172500417111,0,0.033117792838663292,0.019553149331953026,0.0011175789410565529,1.6045377785526772e-06,1.8937615583927249e-05,2.7780143727044821,1.2085538405038647,-0.19057771982452518,0.049455248316086928,1.7898603163065554,0.46948356446340034,0.13007142601583288,1.7900039889800157,0.46962434151384336,0.14962354070408654
11.220000000000001,5610,0.0065257738031236192,0.015001051895504601,0,0.034064220482006601,0.019482478653104544,0.00090934709228435704,1.4921326712092247e-06,1.9506439120854861e-05,2.7781289714442456,1.2085782025394929,-0.19055658964291028,0.049444047634413735,1.7900786338341732,0.46850771192973323,0.13013940752973177,1.790184641365286,0.46862066756550647,0.14962127032301642
11.24,5620,0.0065264296529810653,0.015000940123290323,0,0.035021063752308561,0.019336583192066239,0.00074856135101998588,1.3900967198482197e-06,2.0276000680978352e-05,2.7782432558202621,1.2086025626593289,-0.19053546823463907,0.04943284718751971,1.7902825384854721,0.46754694101721012,0.13028285291418423,1.7903611418830037,0.46764006068762792,0.14961905212128221
11.26,5630,0.0065270913692763478,0.01500082115403987,0,0.035985030111231109,0.019116766650208047,0.0006361627798092003,1.2857001515929509e-06,2.084327099243578e-05,2.7783580838363342,1.2086269243523644,-0.19051433953840555,0.049421641711139698,1.7904744086374556,0.46660355547581017,0.13050037491924765,1.7905334572717646,0.46668270567491577,0.14961688651690255
11.279999999999999,5640,0.0065277652657813549,0.015000728570605328,0,0.036953489961272505,0.018824318607906676,0.00057603216423007862,1.2082768874309357e-06,2.1258792350482307e-05,2.7784753126472714,1.2086512786077188,-0.19049323723756506,0.049410438680022754,1.7906567981270278,0.46567951852864886,0.13079063588179851,1.7907015572224199,0.46574877091985034,0.14961477389079308
11.300000000000001,5650,0.0065284547551857676,0.015000671359824838,0,0.03792455877419728,0.018460961829113529,0.00056856453250738088,1.1632926608372124e-06,2.2000207897163392e-05,2.7785960158008356,1.2086756228271505,-0.1904721703255346,0.049399240866795369,1.7908313003152243,0.46477618114176539,0.13115188915244863,1.7908654144359284,0.46483840809126364,0.14961271458603939
11.32,5660,0.0065291575900828765,0.015000636440402467,0,0.03889680558719958,0.01802902149676228,0.00060325859973871373,1.1398519891710453e-06,2.2524095754713237e-05,2.7787196170387913,1.2086999590452416,-0.19045112569804851,0.049388044028676456,1.7909986124391919,0.4638944917242383,0.13158179765711034,1.7910250046812106,0.4639517518129157,0.14961070890716985
11.34,5670,0.0065298716575556857,0.015000605609368268,0,0.03986940193890854,0.017531391187089452,0.00066475366563224314,1.1214773745424855e-06,2.2394272795856101e-05,2.77884557547601,1.2087242941045384,-0.19043008507149972,0.049376845339918742,1.7911594339759285,0.46303480190674046,0.13207746188544914,1.7911803068530014,0.46308891934207241,0.14960875711942867
11.359999999999999,5680,0.0065305958718198326,0.015000542045706985,0,0.040842031242073994,0.016971593296749108,0.00073907609903152384,1.0762280803409144e-06,2.2588727439225648e-05,2.7789737243091119,1.2087486421753415,-0.19040901144369188,0.049365641326770161,1.7913142861003777,0.46219688695671346,0.1326353578241414,1.7913313030297031,0.4622500102480836,0.14960685944804875
11.380000000000001,5690,0.0065313297614760651,0.015000451821227414,0,0.04181330479201479,0.016353750130325067,0.00081802387280558862,1.0152136347248518e-06,2.2909150924997221e-05,2.7791042491913514,1.2087729996786791,-0.19038791095272317,0.049354428693084818,1.7914634009850634,0.46138156897620286,0.13325136007656868,1.7914779785312394,0.46143510609096022,0.14960501607752449
11.4,5700,0.0065320730156312855,0.015000362994830929,0,0.042781630889127113,0.015682539186860561,0.00089771690451885945,9.6337564833359792e-07,2.3099271619960363e-05,2.7792373451603782,1.208797356364985,-0.19036681176960796,0.049343212638255321,1.7916073162298014,0.46058976237447091,0.13392078808338587,1.7916203219769071,0.46064427009995113,0.14960322715088498
11.42,5710,0.0065328253456180358,0.015000287679400147,0,0.043745882063788342,0.014963216034085073,0.00097536455539354978,9.2565805760656875e-07,2.3036072399968081e-05,2.779373191631795,1.208821709154555,-0.190345726011317,0.0493320001860902,1.7917465888298088,0.45982170316911114,0.13463838554419474,1.7917583253432314,0.45987754685212279,0.14960149276896664
11.44,5720,0.006533586596528025,0.015000228175667551,0,0.04470480853346722,0.014201588376141423,0.0010488462430391179,9.0032988454588147e-07,2.3162298399097643e-05,2.7795121201480422,1.2088460574848694,-0.19032465597809406,0.049320792742630917,1.7918814017298441,0.45907751974562411,0.13539834472709106,1.7918919840218168,0.45913496195093495,0.14959981298968633
11.460000000000001,5730,0.0065343566294799862,0.015000184229406835,0,0.04565695990587753,0.013403920977059549,0.0011165028796214548,8.8435444917630694e-07,2.3319120084582497e-05,2.7796545159569899,1.2088704014375826,-0.19030360141073294,0.049309590559040967,1.7920118328084651,0.4583572972021342,0.13619440103219752,1.792021296877202,0.45841652170481872,0.1495981878273141
11.48,5740,0.0065351352885817003,0.01500015524927064,0,0.046600657440617456,0.012576861452993282,0.0011771083494636952,8.7514375460143733e-07,2.3783381691639052e-05,2.7798007865313679,1.2088947411634468,-0.19028256171346014,0.049298393642814173,1.7921379289760531,0.4576610887061307,0.13701990709601863,1.7921462663047119,0.45772221280575498,0.14959661725174633
11.5,5750,0.0065359224031461037,0.015000140583731277,0,0.047533985204808567,0.011727364478965184,0.0012296783004900802,8.708457999424816e-07,2.3783381691639052e-05,2.7799513530733213,1.2089190768291085,-0.19026153623086672,0.049287201945853058,1.792259725112554,0.45698891615523185,0.13786790858497522,1.7922668982883116,0.45705200200785073,0.14959510118777847
11.52,5760,0.0065367177918139764,0.015000139549423759,0,0.048454790508993352,0.010862613642616408,0.0012734754455173325,8.7040331909600847e-07,2.3814010656927559e-05,2.7801066454689214,1.2089434086116526,-0.19024052427591764,0.049276015389906086,1.792377249057947,0.45634077151871394,0.13873122236420793,1.7923832024584594,0.45640583580591731,0.14959363951437801
11.540000000000001,5770,0.0065375212664605144,0.015000151418047338,0,0.049358442795429787,0.0099899407015198241,0.0013079137918336843,8.7350879110639782e-07,2.3412708902503816e-05,2.7802670976572004,1.2089677367026428,-0.19021952511680143,0.049264833860124334,1.7924905241395781,0.45571661889128851,0.1396025172739716,1.7924951921499597,0.45578364011404848,0.14959223206395741
11.56,5780,0.0065383326353811956,0.01500017541635381,0,0.050240102178544611,0.0091167429983814319,0.0013325697320562204,8.8049740668819605e-07,2.3598773091450889e-05,2.7804331427634521,1.2089920613082756,-0.19019853797694714,0.04925365720146959,1.7925995712250002,0.45511639606519028,0.14047439676624279,1.7926028844598159,0.45518531994419731,0.14959087862164702
11.58,5790,0.0065391517066902246,0.015000210699134434,0,0.051097103298282716,0.0082503993733041049,0.0013471833935951724,8.9217618434431128e-07,2.3844600278602423e-05,2.7806052084899524,1.2090163826595222,-0.19017756200791022,0.049242485211487483,1.7927044097800724,0.45454001592232945,0.14133948306755506,1.7927063003050847,0.45461075908475357,0.14958957892456801
11.6,5800,0.0065399782909008096,0.015000256339013401,0,0.051926842000823752,0.0073981851260965254,0.0013516226471318358,9.096184429377916e-07,2.3936134589371971e-05,2.7807837122325374,1.2090407010159065,-0.1901565962791362,0.049231317636683911,1.7928050586830702,0.45398736709850762,0.14219050233023153,1.7928054644807279,0.45405981977912235,0.1495883326611053
11.620000000000001,5810,0.0065408122026676934,0.015000311335991065,0,0.052726818482010322,0.0065671864164783362,0.0013458766008243943,9.3394293461455783e-07,2.3691257207163768e-05,2.7809690559050662,1.2090650166616781,-0.19013563978757356,0.049220154171486216,1.7929015369832026,0.45345831398708386,0.14302037040598606,1.7929004057174669,0.45353234240430007,0.1495871394701804
11.640000000000001,5820,0.0065416532625958189,0.015000374615287226,0,0.053496889683592043,0.0057642141577392385,0.0013300817944960574,9.6608609829324103e-07,2.3567864403541509e-05,2.7811616209057513,1.2090893299067162,-0.19011469145551221,0.04920899445695353,1.7929938644057883,0.45295269673433969,0.14382227921612054,1.7929911567396346,0.45302814514945389,0.14958599894052441
11.66,5830,0.0065425015675737337,0.015000423632909279,0,0.054235936553729318,0.0049957974317292346,0.0013044180537142838,9.92634383270599e-07,2.3722005120437366e-05,2.7813619562665197,1.2091136482333242,-0.19009372867228938,0.049197830210126629,1.7930817265127588,0.45247047129278761,0.14458970131199619,1.7930777543230296,0.45254702369449806,0.14958491060995094
11.68,5840,0.0065433567716862064,0.015000459955703276,0,0.0549413024277308,0.0042679162860640579,0.0012691120534738312,1.0127667305338511e-06,2.3936134589371971e-05,2.7815703021255445,1.2091379708955898,-0.19007275301479709,0.049186661627581743,1.7931652123237802,0.4520113804466751,0.14531666193461276,1.7931602393527686,0.45208875088867262,0.14958387396462899
11.700000000000001,5850,0.0065441173272204117,0.015000442343931527,0,0.055610261323876524,0.0035862370146660201,0.001196280384225471,9.9827243039422859e-07,2.426880686682541e-05,2.7817512260050186,1.2091623079111486,-0.19005172300679538,0.049175475146884022,1.7932442794312629,0.45157529149849235,0.14599749950312751,1.7932386568811405,0.45165307642911906,0.1495828884383559
11.720000000000001,5860,0.0065448131667033603,0.015000446447246091,0,0.056240672580598013,0.0029554648444787292,0.0010727542707837485,9.9790966719681724e-07,2.3691257207163768e-05,2.781915242080268,1.2091866400068225,-0.19003071479641412,0.049164294945697212,1.7933203164853682,0.4511618011026694,0.14662752497957873,1.7933130561854584,0.45123972653945921,0.14958195341183023
11.74,5870,0.0065455216889050696,0.015000479922119378,0,0.056830818335661344,0.0023794504934190881,0.00095876841788788752,1.0168034254979224e-06,2.3722005120437366e-05,2.7820899958429415,1.2092109640877788,-0.19000973594113768,0.049153126136950318,1.7933926640046121,0.45077040443241512,0.1472029141744968,1.7933834908259136,0.45084840364837409,0.14958106821192471
11.76,5880,0.0065462379821672224,0.015000502793674418,0,0.057378900959249017,0.0018616499106054521,0.00085948167892147106,1.0292855116359776e-06,2.3319120084582497e-05,2.7822741236081288,1.2092352908017703,-0.18998874625913298,0.049141954271421706,1.7934606208143515,0.4504008857970182,0.14772024298930975,1.7934500187034286,0.45047878606817937,0.14958023211095919
11.779999999999999,5890,0.0065469586292425134,0.015000490213070074,0,0.057883544160514465,0.0014046796932400954,0.00076813631101099354,1.0179715595233892e-06,2.3412708902503816e-05,2.7824666969773482,1.2092596273829248,-0.18996772086713648,0.049130767874628258,1.7935238148201325,0.45005300003058046,0.14817694975805532,1.7935127021175106,0.45013052767340223,0.1495794443259735
11.800000000000001,5900,0.0065476654864719906,0.015000453029323523,0,0.058344027458931434,0.0010101041643148783,0.00067889447687383131,9.9035676425343601e-07,2.3443822150653013e-05,2.782661599374983,1.2092839707309322,-0.18994667065140997,0.049119571586983976,1.79358274771124,0.44972635755666107,0.14857159294558134,1.7935716078241035,0.44980325757936385,0.14957870401800044
11.82,5910,0.0065483586636612681,0.015000423843335765,0,0.058760260029357074,0.00067851862965958578,0.0005900100986293913,9.6868001821464903e-07,2.3505925099591037e-05,2.7828587013660799,1.2093083119718766,-0.18992562834938076,0.049108378158844022,1.7936381767478333,0.44942048214081609,0.14890386831455416,1.7936268070934427,0.4494965798207502,0.14957801029133858
11.84,5920,0.0065490535406314597,0.015000403283083778,0,0.059132648457003313,0.00040992257839253467,0.00050719328709299735,9.5293894115058015e-07,2.3225154141253322e-05,2.7830630564838956,1.2093326509828348,-0.18990459458956532,0.049097187705574107,1.7936900679398138,0.44913494315826924,0.14917455291321952,1.7936783757679069,0.44921007303019495,0.14957736219282528
11.859999999999999,5930,0.0065497539834990029,0.015000388207542298,0,0.059462206563479815,0.00020529815297935686,0.00043233161912939103,9.407498884116835e-07,2.3536915126363769e-05,2.7832757786004954,1.2093569884209177,-0.18988356619322674,0.049085999518698992,1.793738395957486,0.44886929912360474,0.14938563407839789,1.793726394319872,0.44894329011685469,0.14957675871110965
11.880000000000001,5940,0.0065504595354018312,0.015000376979471786,0,0.059750607643499383,8.1931223818735625e-05,0.00036452835420381664,9.3099224081353192e-07,2.3193747562800386e-05,2.7834964535130986,1.2093813247245486,-0.18986254151523457,0.049074812931920814,1.7937832115299928,0.44862308316323962,0.14954041183489439,1.7937709479095643,0.44869575794498728,0.14957619877592532
11.9,5950,0.0065511701452552785,0.015000369744144548,0,0.060000227587895187,9.9180537778350994e-05,0.00030319905199949735,9.2376202061905078e-07,2.3381554252771861e-05,2.7837246968417739,1.2094056599121965,-0.18984152070792873,0.049063627793713684,1.7938246050800237,0.4483957924592798,0.14964360637840612,1.7938121264429132,0.44846697701252847,0.14957568125736351
11.92,5960,0.006551885867912291,0.015000366603681276,0,0.060214159811718092,0.00014467355856130583,0.0002480825878545148,9.1915898158036071e-07,2.3256518306983181e-05,2.7839600547466148,1.2094299939959479,-0.1898205038784177,0.049052443977321607,1.7938626730023663,0.44818689099873682,0.14970144290754234,1.7938500246294049,0.44825642112967101,0.14957520496514587
11.94,5970,0.0065526067169639048,0.015000383345080715,0,0.060396296374535606,0.00016242454335135625,0.00019950554651196705,9.2703462137434387e-07,2.2877310533063834e-05,2.7842018548437224,1.2094543223399548,-0.18979950685087435,0.049041268239984913,1.7938978361560725,0.44799575997162333,0.14972179428383031,1.7938847420399351,0.44806353709744023,0.1495747686478974
11.960000000000001,5980,0.0065533330164783696,0.015000410588343789,0,0.060551150378962547,0.00015510462094419289,0.00015759005675452763,9.42424588379275e-07,2.3225154141253322e-05,2.7844495605861299,1.2094786477006545,-0.18977852022380623,0.049030096469996974,1.7939299784070908,0.44782183322263058,0.1497141147984668,1.7939163831646627,0.44788774438627488,0.14957437099241938
11.98,5990,0.0065540649886558699,0.015000436537065984,0,0.060683984283249927,0.00013283528389957289,0.00012278915472051954,9.5823763598910433e-07,2.2813496432377448e-05,2.7847024919353474,1.2095029734416576,-0.18975753217721078,0.04901892322880818,1.7939589585449116,0.44766450943026337,0.14968961995660962,1.7939450574708626,0.44772843481460006,0.14957401062296233
12,6000,0.0065548027371748552,0.015000458748195075,0,0.060800838051234117,0.00010819071389065683,9.560740120662857e-05,9.7263839503557079e-07,2.2877310533063834e-05,2.7849597466723282,1.2095273002229803,-0.1897365402640902,0.04900774729617971,1.7939848664947451,0.44752312524760129,0.14966134763448957,1.7939708794607787,0.44758497222740945,0.14957368610049887
12.02,6010,0.0065555462540362519,0.015000474984547008,0,0.060905985734598954,8.9146208585567319e-05,7.586584772222127e-05,9.8343711791701697e-07,2.2781522350186147e-05,2.7852206547271741,1.209551628681385,-0.18971554223299283,0.048996568430733523,1.7940078191553068,0.4473969992056096,0.14963814128193839,1.7939939687294777,0.44745669217484008,0.14957339592199667
12.040000000000001,6020,0.0065562952596514047,0.015000488718102674,0,0.061000492563875637,7.6085665042199994e-05,6.2890151345003779e-05,9.9259451598538068e-07,2.2749503328951236e-05,2.7854849349455253,1.2095759578855689,-0.18969454155589943,0.048985388787496045,1.7940280570342708,0.44728543527159609,0.1496211124691208,1.7940144500227015,0.44734290159075096,0.14957313851969137
12.06,6030,0.0065570493696141532,0.015000505355981898,0,0.061084298255973786,6.7038380423637474e-05,5.4641513360104081e-05,1.0043754277625014e-06,2.2588727439225648e-05,2.7857524484000762,1.2096002861450375,-0.18967354366223838,0.04897420996453701,1.794045830982522,0.44718769580589629,0.14960855009640409,1.7940324532947214,0.4472428784712994,0.14957291226035949
12.08,6040,0.0065578083029094181,0.01500052426552162,0,0.061157536721052362,6.0539754127685311e-05,4.9958526792247287e-05,1.0185005786693522e-06,2.2685329707937426e-05,2.7860230903267622,1.2096246137288473,-0.1896525479237047,0.048963031180354007,1.7940612703878205,0.44710304710373772,0.14959920209485417,1.7940481137661899,0.44715587155352154,0.14957271544459133
12.1,6050,0.0065585718184580878,0.015000541409112875,0,0.061220532824545933,5.5582667941677904e-05,4.7444010240875756e-05,1.0317365371436202e-06,2.2394272795856101e-05,2.7862967554744436,1.209648942000632,-0.18963155029179476,0.048951850750852247,1.7940744487855227,0.44703074142231697,0.14959223475887068,1.7940615719819952,0.44708109999390622,0.14957254630606401
12.120000000000001,6060,0.0065593396023263095,0.015000555848075636,0,0.061273768776654546,5.1522322633667882e-05,4.6418912328746548e-05,1.0432212989977849e-06,2.2329078268013787e-05,2.7865732782719537,1.2096732712261689,-0.18961054982479691,0.048940668324743884,1.7940854966859807,0.44696997265704574,0.14958705780953127,1.7940729738691135,0.4470177530469755,0.1495724030108142
12.140000000000001,6070,0.0065601113205339808,0.015000567288799874,0,0.061317820276158418,4.7948877990686687e-05,4.6072144799937091e-05,1.0525703714080203e-06,2.2426798989897964e-05,2.7868524685873637,1.2096976014798544,-0.18958954622642205,0.048929483931857226,1.7940945670862651,0.44691990028371009,0.14958322510104835,1.7940824707944629,0.44696498974386034,0.14957228365651115
12.16,6080,0.0065608866251888453,0.015000575654539631,0,0.061353336404817944,4.4610420486767931e-05,4.6166976073106371e-05,1.0595945040606746e-06,2.2296409518597789e-05,2.7871341194883867,1.2097219327765478,-0.1895685394177461,0.048918297701459314,1.7941018224761651,0.44687965299639304,0.14958039563218697,1.7940902196227557,0.44692193857087947,0.14957218627172963
12.18,6090,0.0065616651557772829,0.015000580949878509,0,0.061381029678928299,4.1356985218538664e-05,4.6151184392783559e-05,1.0642056336190205e-06,2.265317472408141e-05,2.7874180099914549,1.2097462651092303,-0.18954752940181524,0.048907109765923031,1.7941074310445975,0.44684832873029628,0.14957831072051378,1.7940963827743523,0.44688769714811716,0.14957210881522279
12.200000000000001,6100,0.006562446493163108,0.015000586581667374,0,0.061401699072356437,3.8141644154076372e-05,4.6340329383740037e-05,1.0693052286610829e-06,2.2329078268013787e-05,2.7877038737260427,1.2097705972829493,-0.18952651959620373,0.048895921372646506,1.7941116117052549,0.44682496692027268,0.14957678948602204,1.7941011282831141,0.44686133190799793,0.14957204917519509
12.220000000000001,6110,0.0065632302347285671,0.015000595480194036,0,0.061416187800362461,3.4946130132160887e-05,4.6560027402123242e-05,1.0774804262566614e-06,2.2781522350186147e-05,2.7879914451965768,1.2097949282214171,-0.18950551294188375,0.048884733520862228,1.7941145749246461,0.44680858082228192,0.14957569848702107,1.7941046298542562,0.4468418777738693,0.14957200516857527
12.24,6120,0.006564016103328723,0.015000603239335646,0,0.061425306479737853,3.1676790315801422e-05,4.6513036613967317e-05,1.084803881601905e-06,2.2685329707937426e-05,2.7882805310163237,1.2098192595370409,-0.18948450501510156,0.048873544895502607,1.7941164388462587,0.44679822170985611,0.14957490794704789,1.7941070669222019,0.44682833783857434,0.14957197454028923
12.26,6130,0.0065648037833860584,0.015000605509171799,0,0.061429916823581919,2.8261827880788757e-05,4.6528705483070683e-05,1.0873926495394728e-06,2.2394272795856101e-05,2.7885709181886642,1.209843592787911,-0.1894634914494352,0.048862354101335631,1.7941173283363974,0.44679289885991025,0.14957431828856707,1.7941086247084346,0.4468196830430321,0.14957195496253292
12.280000000000001,6140,0.0065655928606935879,0.015000601670193695,0,0.061430965376650194,2.4693218115880577e-05,4.6809848255848353e-05,1.0847459063816087e-06,2.2813496432377448e-05,2.7888623353180564,1.2098679281325708,-0.1894424716243788,0.048851160849478659,1.794117427263143,0.44679154709862434,0.14957387046287202,1.7941094942793512,0.44681485185481384,0.14957194403404533
12.300000000000001,6150,0.0065663828768016234,0.015000593678935054,0,0.061429462166111705,2.1001927268185634e-05,4.6778693611295032e-05,1.0787030359981843e-06,2.2361699290911531e-05,2.789154477139753,1.2098922647965731,-0.18942144750538731,0.048839965656589476,1.7941169584095673,0.44679304370509942,0.14957353187197273,1.7941098726041158,0.44681274994672282,0.14957193927938139
12.32,6160,0.0065671734288794024,0.015000581526344868,0,0.061426425230700944,1.7190877336593477e-05,4.6700716071480916e-05,1.0693625926478412e-06,2.1933842111273517e-05,2.789447060391006,1.2099166027336576,-0.18940041908442132,0.048828768460975669,1.7941161281735376,0.44679625822588526,0.14957327204010815,1.7941099626125128,0.44681224987536827,0.14957193814818481
12.34,6170,0.0065679642030784203,0.015000560935333982,0,0.061422853209202856,1.323162758860388e-05,4.6685104934132988e-05,1.0530146846638807e-06,2.2132342465963256e-05,2.789739846368906,1.2099409435741344,-0.18937938206629115,0.048817568025498609,1.7941151011874703,0.44680007548370865,0.14957304729941781,1.7941099649752124,0.44681221374376834,0.14957188199473315
12.359999999999999,6180,0.0065687545013990807,0.015000537006201858,0,0.061419718722601581,9.5861957152656063e-06,4.6700716071480916e-05,1.0339313741155294e-06,2.2524095754713237e-05,2.7900324447878271,1.2099652857799221,-0.18935834156259498,0.048806366609209971,1.7941141776262421,0.44680335119037989,0.14957268610697555,1.7941099729846732,0.4468117913822216,0.14957096004230599
12.380000000000001,6190,0.0065695437106424769,0.015000516373913007,0,0.061417385689839309,7.0671721194419937e-06,4.6591328264416356e-05,1.0176239125998956e-06,2.206637408534863e-05,2.79032459786883,1.2099896271005994,-0.18933730422938277,0.048795166709506947,1.794113526055493,0.44680524235477853,0.14957120432941992,1.7941100000131627,0.44681036609344466,0.14956784884892799
12.4,6200,0.0065703315888943643,0.015000499288569615,0,0.061415697601299966,6.8721884994646737e-06,4.6638240169165957e-05,1.0042322251242624e-06,2.2000207897163392e-05,2.7906162792742104,1.2100139674098089,-0.18931627031875614,0.048783968307839189,1.7941131079131758,0.44680521332618778,0.14956703318946857,1.7941100572860715,0.4468073459308024,0.14956125628315112
12.42,6210,0.0065711179020227755,0.015000485683751515,0,0.0614144891482492,9.165629724721095e-06,4.7104789697214815e-05,9.9361222904104648e-07,2.2459278078588273e-05,2.7909074657425545,1.2100383067301159,-0.18929523976443657,0.048772771315452774,1.7941128859088411,0.44680276479574399,0.14955866174000726,1.794110155655176,0.44680215864941369,0.14954993321952548
12.44,6220,0.0065719023982812232,0.015000475396541094,0,0.06141365276918407,1.268944519315984e-05,4.7902712596243992e-05,9.8557555343645583e-07,2.2556434745889217e-05,2.7911981187241386,1.210062645101994,-0.18927421240352515,0.048761575611857517,1.7941128337658045,0.44679739226228721,0.14954470494028138,1.7941103056027301,0.44679425149033847,0.14953267306751172
12.460000000000001,6230,0.0065726848418616937,0.015000467870651495,0,0.061413114719944949,1.6679615352806708e-05,4.8837046640010363e-05,9.7963939674058662e-07,2.2491710265994076e-05,2.7914881998422123,1.2100869826936878,-0.18925318767811264,0.048750380977003412,1.7941129277921966,0.44678859805120802,0.14952386992604361,1.7941105172455585,0.44678309096476454,0.14950831130039327
12.48,6240,0.0065734650044037808,0.015000462610440406,0,0.061412825837667058,2.0843825700102404e-05,5.0538784654702537e-05,9.753889958729943e-07,2.2165253030559974e-05,2.7917776680356092,1.2101113196547082,-0.18923216509098895,0.04873918722948091,1.794113151836364,0.4467758946198383,0.14949493831264929,1.7941108003391495,0.4467681626381948,0.14947572498418879
12.5,6250,0.0065742426645878285,0.015000459212141631,0,0.0614127568129142,2.5054256316098525e-05,5.264399041872188e-05,9.724961527954908e-07,2.2296409518597789e-05,2.7920664803449133,1.2101356561068002,-0.18921114423709265,0.048727994225652597,1.7941134964997492,0.44675880679323821,0.14945675679152762,1.7941111642817462,0.44674897091463417,0.14943383230656446
12.52,6260,0.0065750176083860159,0.015000457347194055,0,0.061412895743472855,2.9243023688108391e-05,5.5119668920385126e-05,9.7070162962410971e-07,2.2132342465963256e-05,2.7923545928443203,1.2101599921491555,-0.18919012478683814,0.048716801847962066,1.794113957417016,0.44673687309348559,0.14940823102663375,1.7941116181184409,0.44672503882077647,0.14938159210574634
12.540000000000001,6270,0.006575789629313755,0.015000456744549527,0,0.061413246702608316,3.3369040879326649e-05,5.8307177119576495e-05,9.6979786220287846e-07,2.2296409518597789e-05,2.7926419614136777,1.210184327863683,-0.18916910646837715,0.048705609996896264,1.7941145337736824,0.44670964665426632,0.14934832091342376,1.7941121705452661,0.44669590779019175,0.14931800339943269
12.56,6280,0.0065765585286228717,0.015000457177641336,0,0.061413828934621224,3.7405609349558203e-05,6.1802833758147188e-05,9.6961608953877883e-07,2.2198114802541581e-05,2.7929285423377657,1.2102086633188625,-0.1891480890545186,0.04869441858648569,1.794115227198344,0.44667669590429349,0.14927603671380277,1.7941128299132882,0.4466611374475129,0.1492421049137064
12.58,6290,0.0065773241154394122,0.015000458455152989,0,0.061414676551720247,4.1334803346775801e-05,6.6022708558663795e-05,9.7001709483510523e-07,2.2296409518597789e-05,2.793214292770009,1.2102329985725373,-0.18912707235345452,0.048683227541770666,1.794116040961202,0.44663760507080091,0.14919043591807588,1.7941136042326995,0.44662030539262304,0.14915297461194724
12.6,6300,0.0065780862068522033,0.015000460414167966,0,0.061415838650731198,4.514447299613978e-05,7.0662342569304651e-05,9.7088446343946395e-07,2.2361699290911531e-05,2.7934991710810766,1.2102573336739715,-0.18910605620187854,0.048672036797039006,1.7941169793916167,0.44659197452250221,0.14909062071930365,1.7941145011769106,0.44657300698484226,0.14904972922374421
12.620000000000001,6310,0.0065788446279626744,0.015000462914882612,0,0.061417379761494272,4.8826439797203365e-05,7.5856238976983276e-05,9.7211953806122917e-07,2.2296409518597789e-05,2.7937831371206365,1.2102816686654696,-0.18908504045967423,0.048660846294418671,1.7941180474588754,0.4465394209799845,0.14897573598572467,1.7941155280866439,0.4465188551271147,0.14893152377380797
12.640000000000001,6320,0.0065795991839715197,0.015000464043806519,0,0.061419381125385662,5.2367300086760591e-05,8.1614687488781447e-05,9.7243690144976086e-07,2.2263692832568247e-05,2.7940661565178462,1.210306004015081,-0.18906402321152477,0.048649655008074971,1.7941192037616227,0.4464795747791187,0.14884496258623722,1.7941166919740248,0.44645748005019559,0.14879755111088311
12.66,6330,0.0065803496793206753,0.015000463908175358,0,0.061421939112391431,5.5766307546909781e-05,8.7751983418917393e-05,9.7187607475822386e-07,2.2394272795856101e-05,2.7943481796734604,1.2103303397179299,-0.18904300456449732,0.04863846302688038,1.7941204664911705,0.44641208743381389,0.14869752707721842,1.7941179995266756,0.44638852909683835,0.14864704143666049
12.68,6340,0.0065810959471101988,0.015000463944321734,0,0.061425169175445597,5.9028969060372851e-05,9.4310110884738793e-05,9.7138934528769699e-07,2.265317472408141e-05,2.7946291562110823,1.2103546754328514,-0.18902198595606165,0.048627271145271517,1.7941218853051957,0.44633662738644631,0.14853269850292056,1.7941194571118073,0.44631166650598142,0.14847926183468968
12.700000000000001,6350,0.0065818378409484759,0.015000464325228835,0,0.061429207261646572,6.215477815804992e-05,0.00010148061447720642,9.7110539482424394e-07,2.2132342465963256e-05,2.7949090508563019,1.2103790111091692,-0.18900096755956886,0.048616079441223092,1.7941234699894757,0.44625287610503123,0.14834977961776233,1.7941210707803121,0.44622657319693526,0.14829351579929112
12.720000000000001,6360,0.0065825752249328035,0.015000465003551082,0,0.061434208502616376,6.514294192448903e-05,0.00010895570129234677,9.7099444236115479e-07,2.2033315828455735e-05,2.7951878329633488,1.2104033467588007,-0.18897994932762813,0.048604887888074426,1.794125222813292,0.44616053182690479,0.14814810892106434,1.7941228462708565,0.44613294655356966,0.14808914276446875
12.74,6370,0.0065833079718692223,0.015000465901629199,0,0.061440348869977575,6.799330338731024e-05,0.00011695140868768481,9.71003183307868e-07,2.2132342465963256e-05,2.7954654743335792,1.2104276824037521,-0.18895893118247156,0.048593696446359746,1.7941271458066312,0.44605930920129444,0.14792706092464231,1.7941247890139738,0.44603050020850032,0.14786551763282202
12.76,6380,0.0065840359625512421,0.015000466950701249,0,0.061447826525352141,7.0706269229729897e-05,0.00012525764346245903,9.7108388587598305e-07,2.1933842111273517e-05,2.7957419487619939,1.2104520180640408,-0.18893791305524366,0.048582505081351243,1.7941292416209407,0.44594893885858317,0.14768604569625687,1.7941269041361561,0.4459189638272763,0.14762205030445855
12.780000000000001,6390,0.0065847590855011512,0.015000468093701745,0,0.061456862854701956,7.3282642395579555e-05,0.00013405061928640238,9.7119681372475262e-07,2.1933842111273517e-05,2.7960172320038099,1.2104763537564736,-0.18891689488880814,0.048571313763900344,1.7941315132890434,0.44582916715888721,0.1474245082515635,1.7941291964639472,0.44579808289256656,0.14735818520590621
12.800000000000001,6400,0.0065854772368484776,0.015000469282051022,0,0.061467703357713059,7.5723500625318009e-05,0.00014315928229731854,9.7130806800040823e-07,2.1967050066869309e-05,2.7962913017973765,1.210500689495406,-0.18889587663453133,0.048560122468691007,1.7941339639879104,0.44569975599600165,0.14714192796102452,1.7941316705280357,0.44566761848834741,0.14707340081902567
12.82,6410,0.0065861903427030816,0.01500047258075605,0,0.061480615233092568,7.8039431172152509e-05,0.00015267993797586131,9.7280631779411792e-07,2.206637408534863e-05,2.7965641290933814,1.2105250248118911,-0.18887486035851192,0.048548932376432014,1.7941366549001576,0.44556048838801315,0.14683782368626339,1.7941343305673467,0.44552734708408925,0.14676720920992262
12.84,6420,0.0065868983467450709,0.015000477772078004,0,0.061495897324650349,8.0229118431332551e-05,0.00016258504598251755,9.7560547389350613e-07,2.2198114802541581e-05,2.7968357069685688,1.2105493597307333,-0.1888538458433747,0.048537743317807476,1.7941395742006869,0.44541115322462149,0.14651174106317882,1.7941371805331352,0.4453770603189437,0.14643915555786016
12.859999999999999,6430,0.0065876011865660606,0.015000482951057882,0,0.061513817778396533,8.2285132652823177e-05,0.00017280851037595622,9.784275483807104e-07,2.2361699290911531e-05,2.7971060383774291,1.2105736946941137,-0.18883283118307809,0.048526554207507927,1.7941426682535615,0.44525155291328844,0.14616325356314902,1.7941402240930777,0.44521656478593047,0.14608881768417117
12.880000000000001,6440,0.0065882987947319029,0.015000487640115908,0,0.061533409015288205,8.4208159392341845e-05,0.00018338056260250527,9.8090443621261776e-07,2.2459278078588273e-05,2.797375113655896,1.2105980298430552,-0.18881181589906701,0.04851536482917617,1.7941459318110424,0.44508151114256839,0.14579197110170974,1.7941434646353656,0.44504568181612453,0.14571580558117056
12.9,6450,0.006588991105722343,0.015000491748782522,0,0.061554222702672919,8.6000448707431715e-05,0.00019429307190097024,9.8295540167576908e-07,2.2361699290911531e-05,2.7976429205835904,1.2106223652074775,-0.18879079990068198,0.048504175144814476,1.7941493709324099,0.44490086520955741,0.14539753705358946,1.7941469052727976,0.44486424726284313,0.14531976094106777
12.92,6460,0.0065896780589236583,0.015000495285359751,0,0.061576276119766744,8.7664358513892232e-05,0.00020547761670741083,9.8457743112689977e-07,2.2459278078588273e-05,2.7979094477388236,1.2106467007867865,-0.1887697831962652,0.048492985158397638,1.7941529925930568,0.44470946609228151,0.14497962639090467,1.7941505488468719,0.44467211128583256,0.14490035668487899
12.94,6470,0.0065903596000213205,0.015000498267992731,0,0.061599585001861919,8.9202125776673274e-05,0.00021693244244251384,9.8577672280704134e-07,2.2099382890764463e-05,2.7981746855449643,1.2106710365769751,-0.18874876580402261,0.048481794877396088,1.7941568025925574,0.44450717874954165,0.14453794479280987,1.7941543979318793,0.44446913813545552,0.14445729649133954
12.960000000000001,6480,0.0065910357269820322,0.015000502728385972,0,0.061624131888029322,9.0636052334546694e-05,0.00022870618418891232,9.8758774857935646e-07,2.1767042412140833e-05,2.7984386207489353,1.210695372404766,-0.18872774974773998,0.048470606317827777,1.7941608997067235,0.44429391716598998,0.14407223109665829,1.7941584548389955,0.44425520593687773,0.14399031432581616
12.98,6490,0.0065917064111870472,0.015000509009859024,0,0.061649970570189234,9.1962324366555762e-05,0.00024079746916747977,9.904931559770825e-07,2.1933842111273517e-05,2.7987012506799309,1.2107197080515439,-0.18870673537477894,0.048459419313018032,1.7941652682099656,0.44406955718619884,0.14358225288022525,1.7941627216203735,0.4440302064742554,0.14349917396921955
13,6500,0.0065923716140017423,0.015000515287821953,0,0.061679363322393217,9.3163525394615173e-05,0.00025314064664838095,9.9355211731187473e-07,2.2132342465963256e-05,2.7989625872012374,1.2107440436902306,-0.18868572086732696,0.048448232082108605,1.7941698183693784,0.44383397245409206,0.14306780167592267,1.7941672000732365,0.44379404497492181,0.14298366854691646
13.02,6510,0.0065930313251427054,0.015000520540852184,0,0.061714126733597434,9.4239605885912612e-05,0.00026571158726344004,9.959240618250283e-07,2.1967050066869309e-05,2.7992226399416702,1.2107683796223259,-0.18866470520165163,0.048437044183568888,1.7941745329168823,0.44358708663122692,0.14252869760424802,1.7941718917439704,0.44354663989357457,0.14244362005764222
13.040000000000001,6520,0.0065936855319248559,0.015000524434834246,0,0.061754817105416533,9.5193676723776295e-05,0.00027848730060020093,9.9729180859615418e-07,2.2165253030559974e-05,2.7994814123884821,1.2107927159610701,-0.18864368804250531,0.04842585550943454,1.7941794159850963,0.44332883652914523,0.14196479188270414,1.7941767979322161,0.44328792269646244,0.14187887890241296
13.06,6530,0.0065943342209747631,0.015000526946604699,0,0.061802019491711914,9.6028960449899811e-05,0.00029149587792877705,9.9760232516733438e-07,2.2165253030559974e-05,2.7997389058027369,1.2108170527204443,-0.18862266936651315,0.048414666067492063,1.7941844761205827,0.4430591689608091,0.14137596490646526,1.7941819196949624,0.44301783764557273,0.14128932341343814
13.08,6540,0.0065949773820168029,0.015000528146827808,0,0.061856344890770555,9.6748267664761479e-05,0.0003046716108936498,9.9689187269131006e-07,2.183391520383078e-05,2.7999951219150492,1.2108413898810149,-0.18860164924450337,0.048403475891361368,1.794189721029539,0.44277804193372039,0.14076212472999489,1.7941872578506386,0.44273634158281783,0.14067485938303265
13.1,6550,0.0065956150099727483,0.015000528116377409,0,0.061918427712773012,9.7354246589117388e-05,0.00031806248327509267,9.9521036801281385e-07,2.1733528855063329e-05,2.8002500640052452,1.2108657274202708,-0.18858062775753645,0.048392285018502283,1.7941951568417736,0.44248542565451993,0.14012320633520489,1.7941928129832068,0.44244340371422242,0.14003541959252933
13.120000000000001,6560,0.0065962471054981783,0.015000526926734981,0,0.061988923992682861,9.7849488999773431e-05,0.00033158088779156768,9.9260215461305197e-07,2.1800504449438904e-05,2.8005037371057542,1.210890065320184,-0.18855960497720348,0.048381093486548427,1.7942007883115647,0.44218130262232608,0.13945917113204451,1.7941985854462545,0.44213900539411061,0.13937096334119115
13.140000000000001,6570,0.0065968736748270775,0.015000524640778818,0,0.06206850986398172,9.8236460584021348e-05,0.00034522873431991937,9.8910744443375381e-07,2.1733528855063329e-05,2.8007561479112928,1.210914403565629,-0.18853858096645298,0.048369901330513707,1.7942066189712362,0.44186566725705573,0.13877000648151805,1.7942045753670877,0.44182313990929267,0.13868147597512392
13.16,6580,0.0065974947299351425,0.01500052131161774,0,0.062157879501431416,9.8517680085026169e-05,0.00035901562518659836,9.8475787976063375e-07,2.1733528855063329e-05,2.8010073047620074,1.210938742147061,-0.18851755577835291,0.048358708588733645,1.794212651597247,0.44153852592152748,0.13805572529606436,1.7942107826508222,0.44149581226325241,0.13796696841618816
13.18,6590,0.0065981102875883029,0.015000517002129846,0,0.062257743777653342,9.8695325472372607e-05,0.00037293395791765729,9.7960015253778506e-07,2.1699963539503996e-05,2.8012572172706278,1.2109630810483609,-0.18849652947586482,0.048347515294003114,1.7942188880611227,0.44119989595499204,0.13731636549369525,1.794217206984478,0.44115703896033381,0.13722747669091179
13.200000000000001,6600,0.0065987203695986032,0.015000511771207523,0,0.062368827863062533,9.8771323258884281e-05,0.00038690173119351382,9.7368282142494493e-07,2.1800504449438904e-05,2.8015058964551658,1.2109874202518256,-0.18847550211802902,0.048336321470401934,1.7942253292456667,0.44084980566579335,0.1365519895238132,1.7942238478410704,0.44080684778992824,0.13646306145940218
13.220000000000001,6610,0.0065993250032979015,0.015000505661735788,0,0.062491868397907595,9.8747633995532446e-05,0.00040098467990884278,9.6704122441415067e-07,2.1900583802360337e-05,2.8017533548850935,1.2110117597455801,-0.18845447374779992,0.04832512713866103,1.7942319753805809,0.44048829461072608,0.13576268396265148,1.7942307044837029,0.44044527761066143,0.13567380754425898
13.24,6620,0.0065999242211534359,0.015000498711492477,0,0.062627142797967245,9.8626194217469337e-05,0.00041512894396588757,9.5970805556452564e-07,2.1900583802360337e-05,2.8019996064782915,1.211036099519055,-0.18843344440301285,0.048313932317072275,1.7942388262605335,0.44011541320725167,0.13494855905321851,1.7942377759696606,0.44007237813458044,0.13485982345948586
13.26,6630,0.0066005180603277485,0.015000490965523239,0,0.062771400933796018,9.8408851515721172e-05,0.0004293012970495167,9.5172524037011412e-07,2.1598954627055457e-05,2.8022446662856337,1.2110604395579796,-0.1884124141288325,0.048302737023060989,1.7942458814008211,0.43973122233409168,0.13410974824721864,1.7942450611545013,0.43968820971134087,0.13402124093940332
13.280000000000001,6640,0.0066011065627681054,0.015000482470251571,0,0.062929139606095919,9.8097431225213977e-05,0.00044349904634856976,9.4313757242132567e-07,2.1190104635059971e-05,2.8024885505306099,1.2110847798471707,-0.1883913829718156,0.048291541273470739,1.7942531400674342,0.43933579326022815,0.13324640773726643,1.7942525586961497,0.43929284311239336,0.13315821446756071
13.300000000000001,6650,0.0066016897758882382,0.015000473246267805,0,0.063101692787652153,9.7693945570402618e-05,0.00045770231052689179,9.3396531707666776e-07,2.1699963539503996e-05,2.8027312769189305,1.211109120382273,-0.18837035095251992,0.048280345083382269,1.794260601175393,0.43892920789495077,0.13235871599104221,1.7942602670589887,0.43888635931517139,0.13227092080564898
13.32,6660,0.0066022678644871678,0.015000461449952407,0,0.063289730304002811,9.7225902597164576e-05,0.00047249410277061375,9.2186411676242947e-07,2.1361409804484527e-05,2.8029729044174565,1.2111334629373789,-0.18834931620640022,0.048269147556960421,1.7942682936394967,0.43851162777872316,0.13144686754198076,1.7942681845179522,0.43846884928727753,0.13135955852241257
13.34,6670,0.006602840868464941,0.015000447685865431,0,0.063488724743902186,9.6685522892474491e-05,0.00048763556667378812,9.0758470533264e-07,2.1497471115166028e-05,2.803213443234684,1.2111578069697091,-0.18832827934344698,0.048257949065877714,1.7942762053957713,0.43808312664980714,0.13051108672664716,1.7942763091626186,0.43804041377067082,0.13042434752256205
13.359999999999999,6680,0.0066034087659649424,0.015000433491435951,0,0.063701607034958641,9.6050103942163203e-05,0.00050262402163352301,8.931336964474727e-07,2.1598954627055457e-05,2.8034528828431191,1.2111821509557605,-0.18830724191918025,0.048246750347094761,1.7942843024835846,0.43764374919062615,0.12955162114950827,1.7942846389013023,0.43760116306585378,0.1294655285756863
13.380000000000001,6690,0.0066039716261860996,0.015000418660484002,0,0.063932170686025386,9.5321538731544663e-05,0.00051741077982174054,8.7836839721331546e-07,2.1800504449438904e-05,2.8036912479293505,1.2112064949569292,-0.18828620372740104,0.048235551249599266,1.7942925778893519,0.43719361752023761,0.12856873276784914,1.7942931714651464,0.43715121681605923,0.12848336284516496
13.4,6700,0.0066045295264333444,0.015000403037602531,0,0.06418113634659936,9.4504584199102778e-05,0.00053206746198057131,8.6315151215033419e-07,2.1086653546985296e-05,2.8039285645670025,1.2112308390636153,-0.18826516461174381,0.048224351706099879,1.794301031632644,0.43673286884996282,0.12756270364969918,1.7943019044122162,0.43669070379143771,0.12747813141708092
13.42,6710,0.0066050825436214109,0.015000386615860324,0,0.064447477808461884,9.3603070084516456e-05,0.00054656985817033666,8.474839403849226e-07,2.0982692419620152e-05,2.8041648573232845,1.2112551833026626,-0.18824412456489464,0.04821315171704843,1.7943096651792616,0.43626164613919466,0.12653383582944186,1.7943108351315902,0.436219761673244,0.12645013482913228
13.44,6720,0.0066056307551208915,0.015000369480693828,0,0.064726717713625481,9.2619694845000468e-05,0.00056090264513994565,8.3145939160676726e-07,2.1052056881276945e-05,2.8044001500634836,1.2112795276554833,-0.18822308367249038,0.048201951306232158,1.7943184795171867,0.43578009838682052,0.12548245038585826,1.7943199608474547,0.43573853683802427,0.12539969259954498
13.460000000000001,6730,0.0066061742421751031,0.01500035170196456,0,0.065026178976858695,9.155721236910157e-05,0.00057508864478740117,8.1515648260097596e-07,2.1258792350482307e-05,2.8046344675254682,1.2113038721104106,-0.18820204200445828,0.048190750500418059,1.7943274747845708,0.43528838286318283,0.12440888708092387,1.7943292786231944,0.4352471841418033,0.124327142755985
13.48,6740,0.0066067130902148731,0.015000333320588135,0,0.065346095334324589,9.0418474992661076e-05,0.00058911000264926102,7.9862782600734346e-07,2.1121193543184415e-05,2.8048678354800294,1.2113282166678985,-0.18818099960159201,0.048179549323042768,1.7943366502608002,0.43478666515689002,0.12331350379818036,1.7943387853654862,0.4347458667042714,0.12323284136447107
13.5,6750,0.0066072473863970386,0.015000314410590394,0,0.065686586709450795,8.9205241706367334e-05,0.00060293830990908062,7.8197102218507459e-07,2.0913097891518843e-05,2.8051002797616911,1.2113525613030003,-0.18815995653827522,0.048168347784868518,1.7943460040553589,0.43427511724050633,0.12219667558591185,1.7943484778283911,0.43423475569297121,0.12211716205828638
13.52,6760,0.0066077772213134064,0.015000295041194069,0,0.066044262836784773,8.7919258645867862e-05,0.00061658419104731609,7.6528141137813056e-07,2.1190104635059971e-05,2.8053318268576173,1.2113769059919477,-0.18813891288407536,0.048157145895359708,1.7943555338546537,0.43375391879925995,0.12105879462745818,1.7943583526174476,0.43371403010748499,0.12098049556689144
13.540000000000001,6770,0.0066083026895248165,0.015000275278817414,0,0.066420785962174766,8.6562864006079277e-05,0.00063001784862189798,7.4864186895156524e-07,2.1258792350482307e-05,2.8055625039526428,1.2114012507208287,-0.18811786870549327,0.048145943680342508,1.7943652378519936,0.43322325785382154,0.11990027005382656,1.7943684061937633,0.4331838765636214,0.11982324924483614
13.56,6780,0.0066088238896254313,0.015000255166902954,0,0.066818841588118211,8.5138794043912894e-05,0.000643232181171222,7.321106068231106e-07,2.1258792350482307e-05,2.8057923391067847,1.2114255954887299,-0.18809682404581554,0.048134741168921857,1.7943751140279793,0.43268333037234069,0.11872152732271389,1.7943786348781079,0.43264448907760278,0.1186458466006725
13.58,6790,0.0066093408597892736,0.015000236049919286,0,0.067240569328792743,8.3625564649507909e-05,0.0006561671234524692,7.1706385994310391e-07,2.1429548445808714e-05,2.8060213350656458,1.2114499396520437,-0.18807578026084804,0.048123538204538588,1.7943851406158753,0.43213427579542946,0.11752301208217436,1.794389034855006,0.43209606885025181,0.11744872682586643
13.6,6800,0.0066098543600599776,0.015000198470807026,0,0.067686079141851541,8.2151266544311315e-05,0.00066995613125629097,6.8597084358131795e-07,2.1121193543184415e-05,2.8062498083124279,1.2114742947249693,-0.18805471774201035,0.048112327767162594,1.7943952524020743,0.43157662746759229,0.11630515099759334,1.7943996021768296,0.43153882405117883,0.11623234432371049
13.620000000000001,6810,0.0066103637913199715,0.015000164324638944,0,0.068156118266389093,8.0577364198977858e-05,0.0006830765442953936,6.598017513826066e-07,2.0773209379101241e-05,2.8064774684489886,1.2114986469632805,-0.18803365856292772,0.048101118633533897,1.7944055262935208,0.43101024480789313,0.11506844353916994,1.7944103327678904,0.43097296960296866,0.11499716823823597
13.640000000000001,6820,0.0066108695230845541,0.015000125813024881,0,0.068650888313555841,7.8962571065302665e-05,0.00069610464446026533,6.3188775926867959e-07,2.0982692419620152e-05,2.8067044609461229,1.2115230010900573,-0.18801259486330424,0.048089908028240883,1.7944159322078084,0.43043548346713367,0.1138133674247321,1.7944212224285323,0.43039872696536774,0.11374368198312579
13.66,6830,0.0066113720816879905,0.01500006993042313,0,0.069163784027486241,7.7383259984789218e-05,0.00070966413243897487,5.9371790826141542e-07,2.0773209379101241e-05,2.8069309983254604,1.2115473643456891,-0.18799151354126714,0.048078691478393734,1.7944264043342957,0.42985275052727073,0.11254040410702895,1.7944322668392245,0.42981632391947105,0.11247238277062602
13.68,6840,0.0066118709456190949,0.015000015446059889,0,0.069700291704175049,7.5667183334610357e-05,0.00072259318038579517,5.6227086345987068e-07,2.1052056881276945e-05,2.8071568197787764,1.2115717260775691,-0.18797043351248008,0.048067474520396995,1.7944369868191206,0.42926186643013281,0.1112500894680504,1.7944434615646536,0.42922599435190911,0.11118378114045885
13.700000000000001,6850,0.0066123661929388287,0.01499996525250453,0,0.070262275154488962,7.3829587712845906e-05,0.00073490621655388985,5.3933641401376526e-07,2.0982692419620152e-05,2.807381933318859,1.2115960851445913,-0.18794935768450044,0.048056257971776942,1.7944477239647358,0.42866310186623557,0.10994295298971614,1.7944548020578164,0.42862797803903502,0.10987840048873455
13.720000000000001,6860,0.0066128580681138237,0.014999917309750237,0,0.070838631666428009,7.1941973284847364e-05,0.0007467723382661791,5.2301492837132099e-07,2.0878213633885978e-05,2.8076064257511324,1.2116204425434776,-0.18792828399858946,0.048045042161510704,1.7944586341157283,0.42805686021584671,0.10861952937460349,1.7944662836641125,0.42802252043111161,0.10855677659686433
13.74,6870,0.0066133467137772968,0.014999871126912647,0,0.071426721012396444,7.0012141888006844e-05,0.00075818560953200742,5.1268245240801827e-07,2.0561592220437957e-05,2.8078303372753659,1.2116447986562573,-0.18790721195724314,0.048033827084418453,1.7944697120540487,0.42744340913524087,0.10728036627940898,1.7944779016254366,0.42740987243649814,0.1072194571604721
13.76,6880,0.0066138322543398366,0.014999826631595626,0,0.072039820070962518,6.8039958888810466e-05,0.00076918324766924861,5.0795932083802864e-07,2.063237243740307e-05,2.8080536998043191,1.2116691535872297,-0.18788614148653177,0.048022612683045342,1.7944809478230674,0.42682300186734839,0.10592602365688494,1.7944896510842714,0.42679029020583747,0.10586700131830706
13.780000000000001,6890,0.0066143148188216932,0.014999783685255735,0,0.072678661579966775,6.6027720082174277e-05,0.00077976414254744126,5.0832238706506088e-07,2.0597012732861101e-05,2.8082765463876576,1.2116935074493882,-0.18786507244619932,0.048011398913800074,1.7944923318360178,0.4261958992228459,0.10455707360407995,1.79450152708778,0.42616403491624327,0.10449997918115606
13.800000000000001,6900,0.0066147945383237027,0.014999742180232336,0,0.073341951022480312,6.39780969805654e-05,0.00078993950393137907,5.131829654734685e-07,2.063237243740307e-05,2.8084989100715294,1.2117178603358363,-0.18784400472716595,0.048000185740586079,1.7945038558652135,0.42556236797412966,0.10317409845609687,1.7945135245918982,0.42553137255548673,0.10311897136075618
13.82,6910,0.0066152714481719759,0.014999704279808361,0,0.074028707162170193,6.1856050911489284e-05,0.0007995607290898994,5.2244030896466768e-07,2.0982692419620152e-05,2.808720786839094,1.2117422111990013,-0.18782294051280424,0.047988972725226849,1.7945154802876038,0.42492259695251156,0.10177768711255883,1.7945256384654282,0.42489257370618366,0.10172456849870656
13.84,6920,0.0066157597946736504,0.014999674860876049,0,0.074740904296113991,5.972386105385596e-05,0.00081435506519487565,5.2881678682435473e-07,2.063237243740307e-05,2.8089470932234613,1.2117665562696802,-0.1878018847192712,0.047977768716102064,1.7945274017637349,0.42427700575152955,0.10036846994199636,1.7945378634941294,0.42424791332998152,0.10031737079538111
13.859999999999999,6930,0.0066162736229679209,0.014999686911976713,0,0.075477184976435935,5.7495348196134453e-05,0.00084989553629348145,5.2516375233248021e-07,2.005913882365416e-05,2.8091826117130694,1.2117908843354248,-0.18778087047803499,0.047966577752906497,1.7945398428694821,0.42362569937382516,0.098947109288885407,1.7945501943848123,0.42359767055174652,0.098897987538840784
13.880000000000001,6940,0.0066168135570065355,0.014999681871506325,0,0.076237913140000779,5.5430027717099994e-05,0.00090849058386104011,5.2498550428862022e-07,2.0526110585337575e-05,2.8094277751105081,1.2118152190542253,-0.18775983890504072,0.047955382733860699,1.7945520312356058,0.42296936144220237,0.097514138731586972,1.7945626257694314,0.42294212844375029,0.097467036633745729
13.9,6950,0.0066173749648023089,0.014999645227853218,0,0.077022994292138242,5.3582711163145723e-05,0.00098183152663685355,5.3157649860254906e-07,2.063237243740307e-05,2.8096809781633389,1.2118395643013347,-0.18773877543728112,0.047944182370310826,1.7945639450663615,0.42230836743577199,0.096070173104228287,1.7945751522091757,0.42228157380985759,0.096025144130268247
13.92,6960,0.0066179537267699023,0.014999623138696877,0,0.077831669975181705,5.175202758826038e-05,0.0010625527742787306,5.3704575759632821e-07,2.0490567510038361e-05,2.8099406135687621,1.2118639032846199,-0.1877177264833057,0.047932984498238344,1.7945760628708891,0.4216426862117067,0.094615895651338322,1.7945877681985636,0.42161629696971242,0.09457294375300429
13.94,6970,0.0066185471823192185,0.014999620530608826,0,0.078659430249586743,4.9788640722103464e-05,0.0011457152452289761,5.3680838156267944e-07,2.0347774359157065e-05,2.8102057018114426,1.2118882368013195,-0.18769669695997579,0.047921789942931933,1.7945884494412883,0.4209723524711414,0.093151952260076887,1.7946004681695344,0.42094659154292574,0.093111076429886336
13.960000000000001,6980,0.0066191533079889555,0.014999635592311553,0,0.079510759311820417,4.7757972344739031e-05,0.0012283734909074593,5.3193609710513755e-07,2.013168567464644e-05,2.8104755591251762,1.2119125654085656,-0.18767568505392601,0.047910597510819969,1.7946010200375835,0.42029779517841942,0.091678974982097081,1.7946132464955411,0.42027275423326205,0.091640189821095522
13.98,6990,0.0066197703989078647,0.014999666138056908,0,0.080384921513568436,4.5801478466930617e-05,0.0013085651393405582,5.2624499775029946e-07,2.0022766828502049e-05,2.8107496255994051,1.211936888837954,-0.18765468859106277,0.04789940542856988,1.7946136714820087,0.41961956414093615,0.090197600121751265,1.7946260974956421,0.4195950846128268,0.090160937847974493
14,7000,0.0066203968437658174,0.014999711094488532,0,0.081280924842833141,4.3890998683435681e-05,0.0013848261179530757,5.2324396304487787e-07,2.0276000680978352e-05,2.8110273208333858,1.2119612072811763,-0.18763370649436267,0.047888213348364225,1.7946263927588266,0.41893790381603435,0.088708479202993171,1.7946390154385956,0.41891388490625286,0.088673980221938828
14.02,7010,0.0066210312789092797,0.014999766078878443,0,0.082191295804585229,4.1992067057518759e-05,0.0014563526609832234,5.2642770301755472e-07,2.005913882365416e-05,2.811308144775841,1.2119855224151757,-0.18761273435070744,0.047877021270098352,1.7946391887774089,0.41825303856646151,0.087212283467940035,1.7946519945469503,0.41822945977488812,0.087179981973390192
14.040000000000001,7020,0.0066216725753110422,0.014999828400989092,0,0.083108106962847428,4.0179534221474162e-05,0.0015224419267583162,5.3911380737725498e-07,2.0454962674260058e-05,2.8115917019505572,1.2120098349026787,-0.18759176946192468,0.047865828464646022,1.7946520211326904,0.41756537437801844,0.085709683612113993,1.7946650290011394,0.41754211610098196,0.085679612980628081
14.06,7030,0.0066223196946053912,0.014999897943020757,0,0.084043431386123774,3.8494330690657225e-05,0.0015826927845279636,5.6391469778815957e-07,2.0276000680978352e-05,2.8118776135799584,1.2120341445080987,-0.18757081171603618,0.047854634488532499,1.7946648725852876,0.41687525914376311,0.084201351527487797,1.794678112943572,0.41685216277187281,0.084173547498763046
14.08,7040,0.0066229688016505124,0.015000071405924286,0,0.084996852851461246,3.8313101027545762e-05,0.0016296367431747039,6.6933919863554903e-07,1.9913252241518953e-05,2.8121647148092483,1.2120584116810054,-0.18754995853659578,0.047843432447116654,1.7946774606930889,0.41618506235976055,0.082687868279872581,1.7946912404827269,0.41615991046417455,0.082662463688627882
14.1,7050,0.0066236234989779296,0.015000193847017071,0,0.085968656734736831,3.7415044864893037e-05,0.0016739520785015783,7.6334257427123956e-07,1.9876613291913992e-05,2.8124538570147863,1.2120826995306837,-0.18752905384288254,0.047832231211814367,1.7946901936323356,0.41549150555570363,0.081170075745136738,1.7947044056972437,0.41546567142796414,0.08114704314569092
14.120000000000001,7060,0.00662428201475985,0.015000276319972914,0,0.086959869563698944,3.5975663753730453e-05,0.0017150784702682606,8.3445043127261616e-07,1.9766288961818032e-05,2.8127444791935501,1.212107003755367,-0.1875081087844106,0.047821026418723725,1.7947028111364605,0.41479523032570503,0.079648626788173651,1.7947176026400167,0.41476975927096799,0.079627970428967576
14.140000000000001,7070,0.0066249441328067697,0.015000351197049192,0,0.087969314090814515,3.445293157771616e-05,0.0017517304818808704,9.0155451656204897e-07,2.013168567464644e-05,2.8130364867574058,1.2121313109881227,-0.18748715593847309,0.047809823153188637,1.7947156300732765,0.41409742781418107,0.07812421238780301,1.7947308253422869,0.41407248874274966,0.078105932589933799
14.16,7080,0.0066256098988556065,0.015000356903424472,0,0.088995653438085603,3.2659575200806988e-05,0.0017846556962177785,9.1224188495145265e-07,2.0347774359157065e-05,2.8133299604914077,1.2121556447183175,-0.18746613336762907,0.047798612881525426,1.7947280822307241,0.4133978190625297,0.076597496097466342,1.7947440678177349,0.41337417551889616,0.076581618701437176
14.18,7090,0.006626276147409859,0.015000401448614729,0,0.090035948861559689,3.1989251013467751e-05,0.0018077930683541184,9.6251335551784879e-07,1.9913252241518953e-05,2.8136238866536805,1.212179961376967,-0.18744514985808769,0.047787392928369817,1.7947402285317688,0.41269863146979036,0.075069099112852172,1.7947573240665724,0.41267513598520567,0.07505571938661007
14.200000000000001,7100,0.0066269440426434583,0.015000475213147919,0,0.091091222714907882,3.191605532617862e-05,0.0018267971079965993,1.0402415200739111e-06,1.943155808007896e-05,2.8139184819914802,1.2122042651646769,-0.18742419565611448,0.047776173444407863,1.794752609982303,0.41199971694549092,0.07353978845507321,1.7947705880796363,0.41197568702187382,0.07352892634778159
14.220000000000001,7110,0.0066276145557322532,0.015000496805958009,0,0.092162095711241981,3.1453914275324826e-05,0.0018477429137752426,1.0726570507510516e-06,1.9986328642111702e-05,2.814214003324528,1.2122285894949447,-0.18740318881294396,0.047764950122108109,1.794764939092842,0.41129984691231064,0.072010288788393051,1.7947838538424805,0.41127614578768135,0.072001931895390447
14.24,7120,0.0066282870875631972,0.015000468191680896,0,0.093247922959238505,3.0346083972012331e-05,0.0018692012557880659,1.0598756003161371e-06,1.9839906680179331e-05,2.814510160415248,1.2122529346380575,-0.18738213127228703,0.047753725820567319,1.7947773301440049,0.41059907317235467,0.070481314908676304,1.794797115339468,0.41057682950418084,0.07047542847689664
14.26,7130,0.0066289614132990296,0.015000392310147019,0,0.094347256207785363,2.8989078036083061e-05,0.0018832381091921633,1.0074575761853144e-06,1.9986328642111702e-05,2.8148068976689871,1.2122772979926726,-0.18736102600834489,0.047742502535710017,1.7947897381958213,0.40989812901150907,0.068953555090883786,1.7948103665578647,0.40987805523988347,0.068950108205694111
14.280000000000001,7140,0.0066296371674386956,0.015000277514810423,0,0.095452319576375011,2.7610242074105181e-05,0.0018915978931036139,9.2823298657861358e-07,1.9543772052848047e-05,2.8151040740165492,1.2123016764605541,-0.18733988142726854,0.047731280210083202,1.7948021872292137,0.4091975376654361,0.067427694584349565,1.7948236014919305,0.40918013969444644,0.067426662390022984
14.300000000000001,7150,0.0066303132570745852,0.015000171046495222,0,0.096567233700536659,2.6065983819321391e-05,0.0019022739766949397,8.595076409350012e-07,2.005913882365416e-05,2.8154011810773123,1.2123260542062966,-0.18731874500986154,0.047720064668970233,1.7948151331129578,0.40849780616328618,0.065904438889425723,1.7948368141470137,0.40848339898285996,0.065905781061882523
14.32,7160,0.0066309895357393811,0.015000086545726122,0,0.097692373479475597,2.4650677449211341e-05,0.0019129952657597337,8.0865107514625661e-07,1.9692396034153755e-05,2.8156981911277419,1.2123504248172576,-0.18729763050313497,0.047708856857598125,1.7948285279730174,0.40779968334406314,0.064384462517568061,1.7948499985436412,0.4077881484196339,0.064388152505942459
14.34,7170,0.0066316663946110613,0.015000013145588534,0,0.098826591740544284,2.3743389396194393e-05,0.0019195330440920182,7.6842385930177515e-07,2.0311919222296604e-05,2.8159953182471669,1.2123747913267586,-0.18727652701139455,0.04769765279102485,1.7948420256069999,0.40710370867204232,0.062868425580041187,1.7948631487216136,0.40709470230298511,0.062874462788455904
14.359999999999999,7180,0.0066323439584914986,0.014999949353901441,0,0.099968963581561737,2.3416659739832657e-05,0.0019222030596243401,7.3752911524654597e-07,2.0597012732861101e-05,2.8162926097083956,1.2123991544824786,-0.18725543304306172,0.04768645018291149,1.7948554837589494,0.40641017717133182,0.061357001674904994,1.7948762587440958,0.40640337369902424,0.061365395286171756
14.380000000000001,7190,0.0066330223627494127,0.01499989333810323,0,0.10111710765299609,2.3629925966229721e-05,0.0019217411194839317,7.1442567027321719e-07,1.9692396034153755e-05,2.8165900923310918,1.2124235146672018,-0.18723434676484974,0.047675248092791729,1.7948688549869471,0.40571934205090021,0.059850871482342125,1.7948893227017106,0.40571447422594298,0.059861630215246861
14.4,7200,0.0066337017466343278,0.014999843388391507,0,0.10226433265457138,2.4297807541940521e-05,0.0019186552570728613,6.9748018594344648e-07,2.013168567464644e-05,2.8168877849572573,1.2124478724661911,-0.18721326645928835,0.047664046192391785,1.7948821301744515,0.40503144597298513,0.058350715959278217,1.7949023347166311,0.40502831383820093,0.058363844160158523
14.42,7210,0.0066343822384980914,0.014999798743921735,0,0.10341659281662199,2.5329143587438147e-05,0.0019133549345587465,6.8548076880549641e-07,2.0095444986978942e-05,2.8171857009375536,1.2124722281690141,-0.18719219136113222,0.047652844410384719,1.7948953137793147,0.40434674598849452,0.056857212183109275,1.7949152889466731,0.4043452006107125,0.056872709602616645
14.44,7220,0.0066350639650467856,0.01499975899893516,0,0.10457358009589199,2.6642176108381279e-05,0.0019061528706861253,6.7738020173043043e-07,2.0454962674260058e-05,2.8174838538969058,1.212496581947081,-0.18717112106174966,0.047641642758664345,1.7949084123858454,0.40366551059294659,0.055371032247305337,1.7949281795893877,0.4036654405230341,0.055388894450476192
14.460000000000001,7230,0.006635747053996735,0.014999723854337291,0,0.1057343674995701,2.8169763298774556e-05,0.0018972917500678708,6.7224258239538088e-07,1.9913252241518953e-05,2.8177822592912927,1.2125209339337084,-0.18715005525971934,0.047630441265277296,1.7949214308801531,0.40298801566851106,0.053892842667845095,1.7949410008861537,0.40298933724355113,0.053913061566649392
14.48,7240,0.0066364316319231153,0.014999691671634893,0,0.10689785328934373,2.9843297590934255e-05,0.0018870282744673091,6.6950362148315205e-07,2.0454962674260058e-05,2.8180809298347178,1.2125452848397453,-0.18712899230640839,0.047619239476848069,1.7949343867542693,0.40231451706777477,0.05242331516948797,1.7949537471262711,0.40231719191366494,0.052445868298018561
14.5,7250,0.0066371177974340386,0.014999663003052211,0,0.10805734880551002,3.1628806955186086e-05,0.0018754676833113474,6.6846398778348128e-07,2.0347774359157065e-05,2.8183798750009199,1.2125696344698378,-0.18710793275611606,0.047608037688289757,1.7949472798743473,0.40164530810064297,0.050963099166841865,1.7949664126510525,0.40164930293197981,0.050987966004347837
14.52,7260,0.0066378056623838805,0.014999638805295088,0,0.1092156602112315,3.3511117189754908e-05,0.0018627087051071398,6.6827042303070504e-07,2.0311919222296604e-05,2.8186791133323807,1.2125939824121108,-0.18708687757081743,0.047596836327446039,1.7949600941929142,0.40098069687862431,0.049512831364057104,1.794978991857916,0.40098596573848988,0.049539999587195627
14.540000000000001,7270,0.0066384953630414306,0.014999618480564551,0,0.11037427925045948,3.5468547528134817e-05,0.0018488795051852197,6.6850241752929344e-07,2.0240018397643986e-05,2.8189786694796384,1.2126183288856343,-0.18706582614962108,0.047585635277435562,1.7949728212840173,0.40032096755412999,0.048073152235478929,1.7949914792044783,0.40032747259876639,0.048102607018827348
14.56,7280,0.0066391870308521832,0.01499960161292359,0,0.11153228527283215,3.748153261336038e-05,0.001834075903108317,6.6884396499687941e-07,2.0311919222296604e-05,2.8192785658971542,1.2126426740506238,-0.18704477807420045,0.047574434474156289,1.7949854564349681,0.39966640131054076,0.04664469546986947,1.7950038692126469,0.39967411238814465,0.046676418871127612
14.58,7290,0.0066398807940974656,0.014999587916807168,0,0.11268876460783453,3.95339583916364e-05,0.0018183803325186494,6.690484663295852e-07,2.0773209379101241e-05,2.8195788242892337,1.2126670180218448,-0.18702373305720615,0.047563233890582875,1.7949979959505495,0.39901727809535209,0.045228086435248872,1.7950161564727123,0.39902617037591093,0.045262057844512413
14.6,7300,0.0066405767789441423,0.014999577164528594,0,0.11384281218697823,4.1612816587090387e-05,0.001801852821294524,6.6893430839020977e-07,2.0773209379101241e-05,2.8198794662117188,1.2126913608930958,-0.18700269086946975,0.047552033511979841,1.7950104360467121,0.39837387578658512,0.043823941838275274,1.7950283356474415,0.3983839280094893,0.043860138296841322
14.620000000000001,7310,0.006641275109714676,0.014999569155715044,0,0.11499353302935059,4.3707563839239079e-05,0.0017845625688717981,6.6837831445984183e-07,2.0738089811501742e-05,2.8201805132157642,1.2127157027473232,-0.18698165130931099,0.047540833326064666,1.7950227725586987,0.39773646943198687,0.042432869376829392,1.7950404014761692,0.3977476626986291,0.042471265772330222
14.640000000000001,7320,0.0066419759088734804,0.014999563706409416,0,0.11614004350105314,4.5809534286733259e-05,0.0017665449475650042,6.6730683813788307e-07,2.0597012732861101e-05,2.8204819868328199,1.2127400436603444,-0.18696061419158849,0.047529633320017459,1.7950350009512193,0.39710533069200815,0.041055467329163126,1.7950523487788921,0.39711764759959173,0.041096036530463856
14.66,7330,0.0066426792969222692,0.014999560645469159,0,0.11728147242751677,4.7911476223046135e-05,0.0017478596214952383,6.6568668039251136e-07,2.1086653546985296e-05,2.8207839085260198,1.2127643837022168,-0.18693957934408001,0.047518433479940225,1.795047116409431,0.39648072739356205,0.039692324117277022,1.79506417246036,0.39649415139933741,0.039735037074907276
14.68,7340,0.0066433853922755861,0.014999559813249701,0,0.11841696210218494,5.0007205650122878e-05,0.0017285279511428256,6.6351704044176089e-07,2.0383566426149207e-05,2.8210862996297181,1.2127887229378345,-0.18691854660615279,0.047507233791034435,1.7950591139341858,0.39586292314624438,0.038344017860613866,1.7950758675141691,0.39587743809971254,0.038388843682418863
14.700000000000001,7350,0.0066440941312675191,0.014999567275110964,0,0.11954566018550314,5.2031118023619907e-05,0.0017058670931592555,6.5717401633463044e-07,2.063237243740307e-05,2.8213890831060708,1.2128130595310234,-0.1868975220602335,0.047496037383792725,1.7950711350882838,0.3952521801152919,0.037011130567766289,1.7950874290268546,0.3952677668016365,0.03705802193176258
14.720000000000001,7360,0.0066448057395417639,0.014999577083235438,0,0.12066675830933871,5.4056758082615175e-05,0.0016836805953465187,6.5055982469709998e-07,2.1121193543184415e-05,2.8216923589735341,1.2128373953013967,-0.18687649974209219,0.047484840901152653,1.7950830091036043,0.39464873938055195,0.035694199376636246,1.7950988521819828,0.39466539148928892,0.03574312623262052
14.74,7370,0.0066455203225617753,0.014999588994297149,0,0.12177943115207071,5.6066740528610365e-05,0.0016607822140219867,6.4354186928538807e-07,2.0419295754930057e-05,2.8219961439732679,1.2128617304073388,-0.18685547940506655,0.047473644663840138,1.795094744327083,0.39405286270841083,0.034393773252832778,1.7951101322642442,0.39407056081429631,0.034444699354504643
14.76,7380,0.0066462378823528082,0.014999606004484477,0,0.12288287825378852,5.8029627744959654e-05,0.0016356979570924391,6.3459640690424877e-07,2.1121193543184415e-05,2.8223004036493733,1.2128860639645038,-0.18683446405318771,0.047462450297543264,1.7951064111230721,0.39346479596858724,0.03311039190207931,1.7951212646635455,0.39348351787991925,0.033163271955669496
14.780000000000001,7390,0.0066469585856677761,0.014999624364002694,0,0.12397633458956053,5.9981395115672406e-05,0.001610785122847902,6.2616990942409832e-07,2.1190104635059971e-05,2.8226052032441786,1.2129103970813366,-0.18681344992684923,0.047451255694701495,1.7951179068313119,0.39288476837333813,0.031844563845092357,1.7951322448791027,0.39290450002523969,0.031899362112024862
14.800000000000001,7400,0.006647682559825412,0.014999642865564121,0,0.12505903718717432,6.1920442762859366e-05,0.0015860205368983357,6.1876593412274958e-07,2.1565179853261896e-05,2.8229105761500617,1.2129347301321871,-0.18679243581427496,0.047440060495670171,1.7951292074999428,0.39231301620651587,0.030596795085304787,1.7951430685235339,0.39233373860934739,0.030653474846047427
14.82,7410,0.0066484099128242052,0.014999661180480526,0,0.12613024347677809,6.3838928876281401e-05,0.0015612576551264294,6.1246516078671298e-07,2.1086653546985296e-05,2.8232165437328689,1.2129590632237335,-0.18677142138539937,0.047428864649274316,1.7951403129417178,0.39174976701055447,0.02936757967484472,1.7951537313269508,0.39177145879552738,0.029426101655693801
14.84,7420,0.0066491407427969268,0.014999679298344764,0,0.12718923183637626,6.5729410460254402e-05,0.001536415908099623,6.0723157310033048e-07,2.122447627911835e-05,2.8235231231475679,1.2129833963641423,-0.18675040662961559,0.047417668195355221,1.795151227785255,0.39119524017388152,0.028157397671753147,1.7951642291410521,0.39121787933544672,0.028217720043312258
14.859999999999999,7430,0.0066498751427851444,0.014999697294083861,0,0.12823530105956168,6.75857627074568e-05,0.0015114557197676759,6.0301276175935213e-07,2.1395506250453509e-05,2.8238303304807593,1.21300772953462,-0.18672939162199087,0.047406471192834719,1.7951619559549377,0.39064964805213265,0.026966714474012186,1.7951745579432161,0.39067321235334174,0.027028793044555535
14.880000000000001,7440,0.0066506132024815312,0.01499971524712895,0,0.12926777047910318,6.9403000091659983e-05,0.0014863304188081716,5.997668763965105e-07,2.1121193543184415e-05,2.8241381817192246,1.2130320627144155,-0.18670837644213231,0.047395273696539585,1.7951724995845122,0.39011319623007706,0.025795980363613056,1.7951847138405932,0.3901376631302047,0.0258597687572929
14.9,7450,0.0066513550086553484,0.014999733220918004,0,0.13028598041393025,7.1176979623627806e-05,0.0014610364760739268,5.97465139931023e-07,2.1017403266208992e-05,2.8244466929073839,1.2130563958873106,-0.18668736115360363,0.047384075752406732,1.7951828591725456,0.38958608338607004,0.024645630072651682,1.795194693074198,0.38961142988797132,0.02471107987052297
14.92,7460,0.0066521006451427398,0.014999751261517386,0,0.1312892926924461,7.2904158680215511e-05,0.0014355477133305892,5.960885283728513e-07,2.1429548445808714e-05,2.8247558800821966,1.2130807290421546,-0.18666634580253863,0.047372877398104134,1.7951930339743178,0.3890685010508379,0.02351608234577722,1.7952044920230024,0.38909470357370723,0.02358314319328525
14.94,7470,0.0066528501927293213,0.014999769400508331,0,0.13227700431496509,7.4581419028949786e-05,0.0014098726939491585,5.9562409528905583e-07,2.1699963539503996e-05,2.8250657591662915,1.2131050621720456,-0.18664533042053344,0.047361678664562042,1.7952030223634077,0.38856063335470276,0.022407739496183864,1.7952141072080277,0.38858766764379526,0.022476359183573019
14.960000000000001,7480,0.0066536037290190241,0.014999787657978471,0,0.13324641992148276,7.6205942662736057e-05,0.0013840194858323236,5.9606201387324391e-07,2.1395506250453509e-05,2.8253763458725261,1.2131293952734639,-0.1866243150276497,0.047350479577278365,1.7952128221159549,0.3880626567827663,0.021320986955565349,1.7952235352964381,0.3880904978481225,0.021391111477245595
14.98,7490,0.0066543613283074812,0.014999806044828994,0,0.13419625050485187,7.7775124836560692e-05,0.0013579854267750094,5.9739332997327467e-07,2.1632676668865267e-05,2.825687655622537,1.2131537283455784,-0.18660329963472891,0.047339280157285966,1.795222430624567,0.38757473993864222,0.020256192819045993,1.7952327731056319,0.38760336201426737,0.020327766416941256
15,7500,0.0066551230614598691,0.014999824564492685,0,0.13512618359405038,7.9286513260252536e-05,0.0013317697628015364,5.9960823104379388e-07,2.1463536648682345e-05,2.8259997034792739,1.2131780613897289,-0.18658228424511952,0.047328080421883696,1.7952318450570126,0.38709704331452965,0.019213707386101616,1.7952418176073357,0.38712641983168605,0.019286672580987818
15.02,7510,0.0066558889957908452,0.014999843214259663,0,0.13603592321070487,8.0737765560914897e-05,0.001305402874233857,6.0269471702859326e-07,2.1293053117836167e-05,2.8263125040878334,1.213202394409042,-0.1865612688560073,0.047316880385207656,1.7952410624731918,0.38662971906574817,0.018193862698380824,1.7952506659316951,0.38665982263590037,0.018268160312317178
15.040000000000001,7520,0.0066566591949452358,0.014999861986308188,0,0.13692649454022243,8.2126619470935654e-05,0.0012788982064750444,6.0663762490055648e-07,2.1733528855063329e-05,2.8266260716266496,1.2132267274081061,-0.18654025345944758,0.047305680058706001,1.7952500799108515,0.38617291078840565,0.01719697207518673,1.7952593153713692,0.38620371319268421,0.017272541247376261
15.06,7530,0.0066574335952281983,0.01499988315807135,0,0.13779874429394509,8.3456329274346825e-05,0.0012536560575838263,6.1164003271198567e-07,2.1565179853261896e-05,2.8269403649154632,1.2132510599945006,-0.18651924033362235,0.047294480046448102,1.7952589395164713,0.38572673428699011,0.016223326318288739,1.7952677633856216,0.38575822548225069,0.016300107845039824
15.08,7540,0.0066582122114347726,0.01499990632162531,0,0.13865220980491508,8.4722905510078953e-05,0.00122902784814129,6.1789424272745372e-07,2.2132342465963256e-05,2.8272553872154198,1.213275392194048,-0.1864982290716318,0.047283280297686629,1.7952676258258371,0.38529132257311322,0.015273201355611403,1.7952760076044139,0.38532348448343906,0.015351132915522342
15.1,7550,0.0066589951485450183,0.014999929266045309,0,0.13948644336199614,8.5919252030613164e-05,0.0012037136606248416,6.2517682082981578e-07,2.1632676668865267e-05,2.8275711826438767,1.213299724419862,-0.18647721746080662,0.047272080254375078,1.7952760896900197,0.38486681115385929,0.014346854476640284,1.7952840458324977,0.38489960595790207,0.01442586914929142
15.120000000000001,7560,0.0066597824647192218,0.014999951514060266,0,0.14030104066308047,8.7043656251117955e-05,0.0011778406995133172,6.3327455358109907e-07,2.1531352099333316e-05,2.8278877686613866,1.2133240568296384,-0.18645620502171806,0.047260879770895957,1.795284321149532,0.38445330792998544,0.013444519009874995,1.7952918760535077,0.38448669623429266,0.013524548645979184
15.140000000000001,7570,0.0066605742042419036,0.014999973009529346,0,0.14109562606303547,8.8094327494665149e-05,0.0011515783001278986,6.4204063592171168e-07,2.2165253030559974e-05,2.8282051558893437,1.2133483894544257,-0.18643519169756767,0.047249678831961149,1.7952923210391232,0.38405090859397223,0.012566407324004271,1.7952994964340543,0.38408485199245068,0.012647382443294414
15.16,7580,0.0066613704046991559,0.01499999380894327,0,0.14186985053313109,8.9069231852409949e-05,0.0011250242429497502,6.5137109509526462e-07,2.1598954627055457e-05,2.8285233530117346,1.2133727222852355,-0.18641417754479059,0.047238477459741524,1.7953000918268109,0.38365969916596032,0.011712710477188772,1.7953069053278154,0.38369416004759072,0.011794560045935931
15.18,7590,0.0066621710989325615,0.015000013982545178,0,0.14262339191945439,8.9966306856169799e-05,0.0010982635697081612,6.6118440533877325e-07,2.1867274910380131e-05,2.8288423680317352,1.2133970553063751,-0.18639316263371036,0.047227275681023279,1.7953076353902562,0.38327975601369541,0.010883597598062443,1.7953141012796296,0.3833146971344884,0.010966248954504293
15.200000000000001,7600,0.0066629763154095528,0.015000033589203272,0,0.14335595544230756,9.078352859199201e-05,0.0010713624449089085,6.7141104490481899e-07,2.2394272795856101e-05,2.8291622084679013,1.2134213885045981,-0.18637214702326821,0.047216073518802422,1.7953149528072212,0.3829111455369304,0.010079215353987677,1.7953210830295889,0.38294652969166781,0.010162594194414093
15.220000000000001,7610,0.0066637860781383392,0.015000052674111508,0,0.14406727416023465,9.1518908948949338e-05,0.0010443707389554198,6.8198902254235274e-07,2.1598954627055457e-05,2.8294828812817649,1.2134457218703572,-0.18635113075869342,0.047204870991656218,1.7953220445655615,0.38255392385806042,0.0092996874673159716,1.795327849517131,0.38258971364558814,0.0093837178448065162
15.24,7620,0.0066646004064902994,0.015000071271247943,0,0.14475710939623482,9.2170481053770054e-05,0.0010173536102899923,6.9286189563700839e-07,2.2263692832568247e-05,2.8298043927647782,1.2134700553972202,-0.18633011387396317,0.047193668114689405,1.7953289107850283,0.38220813654243208,0.0085451142441046058,1.7953343998851314,0.38224429419483114,0.0086297185674618082
15.26,7630,0.0066654193150244923,0.015000089405785653,0,0.14542525114107091,9.2736288451912273e-05,0.00099034798875602273,7.0397760806390169e-07,2.2459278078588273e-05,2.8301267484407893,1.213494389081204,-0.18630909639422297,0.047182464900402697,1.795335551385405,0.38187381833787315,0.0078155721041689268,1.7953407334839973,0.38191030559428757,0.0079006711357108017
15.280000000000001,7640,0.0066662428133273605,0.015000107095812284,0,0.14607151844120361,9.3214378945239966e-05,0.00096340780664098827,7.1528765687427307e-07,2.2132342465963256e-05,2.8304499529830158,1.2135187229202629,-0.18628807833751002,0.04717126135927812,1.7953419662086887,0.38155099292614014,0.0071111131106138155,1.7953468498757585,0.38158777093934476,0.0071966259633484686
15.300000000000001,7650,0.0066670709058633025,0.015000124353520357,0,0.14669575977475435,9.360280147363868e-05,0.00093654104615751156,7.267464150244228e-07,2.2329078268013787e-05,2.8307740101413748,1.2135430569139398,-0.18626705971594681,0.047160057500161293,1.7953481551092021,0.38123967268254938,0.006431764498949462,1.7953527488381615,0.38127670195007346,0.0065176086335457795
15.32,7660,0.0066679035918312717,0.015000141186119999,0,0.14729785341735022,9.3899604736135859e-05,0.00090981270064459309,7.3831060738359171e-07,2.206637408534863e-05,2.8310989226750203,1.213567391063092,-0.18624604053665966,0.047148853330545505,1.7953541180211245,0.3809398584417123,0.005777528206009061,1.7953584303687611,0.38097709875541452,0.0058636194277614795
15.34,7670,0.0066687408650247205,0.015000157596594475,0,0.14787770779909945,9.4102836722133096e-05,0.00088324441447067885,7.4993890782292608e-07,2.2000207897163392e-05,2.8314246922957422,1.2135917253696771,-0.18622502080253495,0.047137648856795195,1.7953598550094405,0.38065153926796724,0.0051483803988248691,1.7953638946890129,0.38068894967736616,0.0052346328546548915
15.359999999999999,7680,0.00666958271369368,0.015000173584326121,0,0.14843526185369232,9.4210544715269114e-05,0.00085685703152175486,7.6159163587769531e-07,2.2296409518597789e-05,2.8317513196083244,1.2136160598365711,-0.18620400051284616,0.047126444084336028,1.7953653663084279,0.38037469222941894,0.0045442710034936506,1.7953691422483673,0.3804122310151713,0.0046305971789988853
15.380000000000001,7690,0.0066704291204084162,0.015000189145658921,0,0.14897048536038482,9.4220775509591212e-05,0.00083068007716710884,7.7323054644801671e-07,2.2588727439225648e-05,2.8320788040555747,1.2136403944674108,-0.1861829796638205,0.047115239017819249,1.7953706523508346,0.38010928217474094,0.0039651232340376999,1.7953741737283599,0.38014690682950381,0.0040514339505909047
15.4,7700,0.0066712799323304615,0.015000203745697041,0,0.14948337491946725,9.4128737715611151e-05,0.00080449310726338858,7.8429778273604617e-07,2.1933842111273517e-05,2.8324071004048688,1.2136647295743626,-0.18616195771460647,0.047104033702715618,1.7953757140231188,0.37985526599200409,0.0034108342539254824,1.7953789900467059,0.37989292872665636,0.0034970375331664916
15.42,7710,0.0066721350176015036,0.015000217430199168,0,0.14997396515305611,9.3934203752917694e-05,0.00077836909651879209,7.9484361149506155e-07,2.2394272795856101e-05,2.8327361707036554,1.2136890650998491,-0.18614093471244367,0.047092828085416684,1.7953805508367378,0.3796125815203551,0.0028812714308656465,1.7953835923613914,0.37965023564272682,0.002967274633311201
15.44,7720,0.0066729943403529062,0.015000230556262258,0,0.15044232440830857,9.3637966140856321e-05,0.00075251901714784672,8.0522215534662477e-07,2.2588727439225648e-05,2.8330660100006271,1.2137134008095374,-0.18611991101881789,0.047081622109113375,1.7953851626596466,0.37938115156822239,0.0023762738257755655,1.7953879820747674,0.37941875362780514,0.0024619838293720442
15.460000000000001,7730,0.0066738578620010505,0.015000243133269579,0,0.15088854882473093,9.323771151930455e-05,0.00072700718494115798,8.1540563936310691e-07,2.1933842111273517e-05,2.8333966132941804,1.213737736705282,-0.18609888664286292,0.047070415791547145,1.7953895516668983,0.37916089011349607,0.0018956533604870343,1.7953921608376402,0.37919839563016156,0.0019809751003723175
15.48,7740,0.0066747255359142022,0.015000255170455577,0,0.15131276686979761,9.2731067399394988e-05,0.00070182374861974624,8.2536799148501414e-07,2.2524095754713237e-05,2.8337279735772851,1.2137620727902383,-0.18607786159356801,0.047059209151667628,1.7953937204182675,0.37895169798567113,0.0014391928868513423,1.7953961305533666,0.37898906128043175,0.001524029354920603
15.5,7750,0.0066755973084266168,0.015000266682798474,0,0.15171513998100206,9.2115833919199152e-05,0.00067703980988200981,8.3509338659102761e-07,2.2717439178655149e-05,2.834060082205482,1.2137864090636583,-0.18605683588580177,0.047048002205303321,1.795397671550151,0.3787534623115687,0.0010066456191154089,1.7953998933819444,0.37879063667580543,0.001090897960125653
15.52,7760,0.0066764731192402987,0.015000277685090598,0,0.15209586277130349,9.1389905949408498e-05,0.00065264056929662743,8.4457008148177987e-07,2.2263692832568247e-05,2.8343929290424095,1.2138107455239637,-0.18603580953429999,0.047036794965905675,1.7954014077971649,0.37856605638601715,0.00059773470663136718,1.7954034517441062,0.37860299416421267,0.00068130227050827719
15.540000000000001,7770,0.0066773529014259791,0.015000288189705909,0,0.15245516327044978,9.0551226862750002e-05,0.00062867429825273779,8.5378756320698253e-07,2.2491710265994076e-05,2.8347265024545307,1.2138350821699451,-0.18601478255138776,0.047025587445346032,1.7954049320488439,0.37838933950591969,0.00021215278768294668,1.7954068083254109,0.37842599212851086,0.00029493315691250799
15.56,7780,0.0066781890367023826,0.015000291478169846,0,0.15279336598886992,8.9664462753227285e-05,0.0005942914686100358,8.5725097198465225e-07,2.2524095754713237e-05,2.8350444719054266,1.2138594202699955,-0.1859937480840963,0.047014381304823098,1.7954083887998176,0.37822312173065714,-0.00015049874492280716,1.7954099660803373,0.37825947477067212,-6.8549464580291986e-05
15.58,7790,0.0066789958102176882,0.015000302150354283,0,0.15311081250838002,8.8772177410787189e-05,0.00054376601566573487,8.6661780271071674e-07,2.2524095754713237e-05,2.8353516846676312,1.213883756864016,-0.18597272101060019,0.047003173876898244,1.7954119431472371,0.37806720260770105,-0.00049062527549592161,1.7954129282363762,0.37810327189596971,-0.0004095171037409584
15.6,7800,0.0066798096244146373,0.015000318119783317,0,0.15340770019825195,8.7733600366832781e-05,0.00049893117676624691,8.800801496929019e-07,2.2459278078588273e-05,2.8356607218827312,1.2139080921245564,-0.18595169916531074,0.04699196655449199,1.7954152793193505,0.37792147295038409,-0.0008085023137049289,1.7954156982981231,0.37795719869716565,-0.00072837316727858425
15.620000000000001,7810,0.0066806280366541772,0.015000332237247825,0,0.15368437037215399,8.6527559814594617e-05,0.00046156238318445058,8.921044765074038e-07,2.2198114802541581e-05,2.8359707962258209,1.2139324277223584,-0.18593067528899057,0.046980759725682969,1.7954183035870701,0.37778575386309515,-0.0011045522258262884,1.7954182800513705,0.37782105553869733,-0.0010255534299290214
15.640000000000001,7820,0.0066814503602682816,0.01500034386576427,0,0.15394123690275166,8.5168349699467065e-05,0.00042911108521460065,9.0226061463802067e-07,2.2491710265994076e-05,2.8362816818486709,1.2139567639388744,-0.1859096487530299,0.046969552885519461,1.795421041093916,0.37765982514977109,-0.0013792587079562663,1.7954206775672008,0.37769462774086449,-0.0013015265055428271
15.66,7830,0.006682276371595108,0.015000353837069906,0,0.15417874463964906,8.3664153291856372e-05,0.00040032425700780899,9.1121879072048139e-07,2.2524095754713237e-05,2.8365933086562083,1.2139811006550756,-0.18588862041256818,0.046958345723872447,1.7954235237139651,0.37754345120198518,-0.0016331311878609418,1.7954228952060789,0.37757768536401654,-0.0015567943181721
15.68,7840,0.0066831059562512361,0.015000362764938059,0,0.15439736927224781,8.2018371488654576e-05,0.00037444374709662487,9.194557905189092e-07,2.2329078268013787e-05,2.8369056474574221,1.2140054377554954,-0.18586759089426247,0.046947138130121274,1.7954257749385349,0.37743638310062627,-0.0018667080756458322,1.795424937621944,0.37746998299273965,-0.0017918925731577329
15.700000000000001,7850,0.0066839390119507675,0.015000370932405556,0,0.15459761994866775,8.0232500843878916e-05,0.00035110344773587178,9.2717952708690606e-07,2.2845425764212974e-05,2.8372186761847611,1.2140297751789544,-0.18584656048544568,0.046935930092319431,1.7954278122114915,0.37733835761062395,-0.0020805603040082465,1.7954268097663038,0.37737125952004325,-0.0020073912282188577
15.720000000000001,7860,0.0066847754249968116,0.0150003784407169,0,0.15478004060245418,7.8307219977102906e-05,0.00032986172136782591,9.3445243228593168e-07,2.2717439178655149e-05,2.8375323708401878,1.2140541128978202,-0.18582552928766286,0.046924721636501646,1.7954296496824516,0.37724909637620929,-0.0022752928490144628,1.795428516892325,0.37728123793154711,-0.0022038949645392381
15.74,7870,0.0066856150670149697,0.015000385317979877,0,0.15494521057045332,7.6242686583364116e-05,0.00031048497276430024,9.4127993556772674e-07,2.2813496432377448e-05,2.8378467038039372,1.2140784508990898,-0.18580449732800472,0.046913512799086558,1.7954312996006996,0.37716830543869423,-0.002451545466406942,1.7954300645589276,0.3771996250896692,-0.0023820436578543824
15.76,7880,0.0066864577963193965,0.015000391569916669,0,0.15509374498807318,7.4038632040896777e-05,0.00029265886128161379,9.4765167487423126e-07,2.3099271619960363e-05,2.8381616440369259,1.2141027891751244,-0.18578346461099529,0.046902303615958589,1.7954327729597537,0.37709567489387796,-0.0026099932430502658,1.795431458634877,0.37712611151781134,-0.0025425128495411564
15.780000000000001,7890,0.0066873034596761968,0.015000397198381725,0,0.15522629512952474,7.169442532964933e-05,0.00027618488774441401,9.5355640102048252e-07,2.2781522350186147e-05,2.8384771575624725,1.2141271277201917,-0.18576243113747426,0.046891094118924684,1.795434079863264,0.37703087859419138,-0.0027513471215209742,1.7954327053028756,0.37706037118454716,-0.0026860142177037305
15.800000000000001,7900,0.0066881518935670136,0.01500040220635271,0,0.15534354873137299,6.9209135711137702e-05,0.00026094484976334681,9.589858006842978e-07,2.2972699315936647e-05,2.8387932078285449,1.2141514665294211,-0.18574139690964503,0.04687988433519389,1.7954352297940888,0.3769735738664875,-0.00287635442198113,1.7954338110636567,0.37700206128780939,-0.0028132960482606384
15.82,7910,0.0066890029249402653,0.015000406598300852,0,0.1554462303038957,6.6581592452070318e-05,0.00024673910664544486,9.6393451054389047e-07,2.2524095754713237e-05,2.8391097559223826,1.214175805598585,-0.18572036193140998,0.046868674287924433,1.7954362318347716,0.37692340124008411,-0.0029857993600234298,1.7954347827400767,0.37695082203907548,-0.0029251437060355823
15.84,7920,0.0066898563716043993,0.015000410379448159,0,0.15553510142994037,6.3810437573613927e-05,0.00023352855266717157,9.6839923752408724e-07,2.2781522350186147e-05,2.8394267606694434,1.2142001449240689,-0.18569932620757024,0.046857463997023584,1.7954370948484222,0.37687998418481855,-0.0030805035580523383,1.7954356274812069,0.37690627644755614,-0.0030223801058412991
15.860000000000001,7930,0.0066907121141650044,0.015000414924992258,0,0.15561096624869269,6.089742585949749e-05,0.00022131025025428909,9.7351341780121285e-07,2.2781522350186147e-05,2.8397441980320965,1.2142244839728491,-0.18567829112135828,0.046846253768033266,1.7954378468838781,0.37684292280114617,-0.0031613268670636482,1.7954363527664272,0.37686803010438141,-0.0031058661835697554
15.880000000000001,7940,0.0066915700330500739,0.015000419849988898,0,0.1556746589254327,5.783936930998329e-05,0.00020996583644205082,9.7894073095646389e-07,2.2845425764212974e-05,2.8400620528096532,1.2142488229042969,-0.18565725628477792,0.046835043551879167,1.7954384891556863,0.37681180831369981,-0.0032291667987673638,1.7954369664095182,0.37683567096678805,-0.0031765013672788167
15.9,7950,0.0066924299424907675,0.015000423794424888,0,0.15572704842501345,5.4631087777909804e-05,0.00019945438843190606,9.8355757227652347e-07,2.2556434745889217e-05,2.8403802915638185,1.2142731622369272,-0.1856362203296186,0.046823833060932289,1.7954390091766761,0.37678621798152051,-0.0032849598703166708,1.7954374765627532,0.37680876914230604,-0.003235224048280777
15.92,7960,0.0066932916264660419,0.015000426548598211,0,0.15576904717095433,5.1270691280214158e-05,0.00018967230565927157,9.8720410880252044e-07,2.2459278078588273e-05,2.8406988657592902,1.214297502033316,-0.18561518304524463,0.046812622240951861,1.7954394130445717,0.37676570500973294,-0.0033296824929335933,1.7954378917209917,0.3767868766729468,-0.0032830120522277795
15.94,7970,0.0066941548567545431,0.015000428107947305,0,0.15580160688037586,4.7756759232114462e-05,0.00018064526876364513,9.8987723300450403e-07,2.3036072399968081e-05,2.8410177221445463,1.2143218422909219,-0.18559414442705627,0.046801411096572938,1.795439711948881,0.37674980328432223,-0.0033643508769575039,1.7954382207257717,0.37676952731938879,-0.0033208831102022884
15.960000000000001,7980,0.0066950193952062869,0.015000428513917726,0,0.1558257179621737,4.4087822054779981e-05,0.00017235234985205582,9.916084026289001e-07,2.3099271619960363e-05,2.8413368046808767,1.2143461829944269,-0.18557310451658798,0.046790199648401712,1.7954399179247647,0.37673802821060864,-0.0033900215234367731,1.7954384727694017,0.37675623634516503,-0.0033498953298035927
15.98,7990,0.0066958849942684081,0.015000427810775726,0,0.15584240968886279,4.0262309480154091e-05,0.00016467432401850605,9.9243218027091975e-07,2.2813496432377448e-05,2.8416560549837118,1.2143705241282956,-0.18555206335817589,0.046778987918771039,1.7954400428658861,0.37672987664714275,-0.0034077917405666313,1.7954386573990542,0.37674650030085099,-0.0033711476662336426
16,8000,0.0066967513970393076,0.015000426035944175,0,0.15585275050706823,3.6278571956662947e-05,0.00015776572702986497,9.9237926573977092e-07,2.3162298399097643e-05,2.841975412362967,1.2143948656794252,-0.18553102098927557,0.046767775928126643,1.7954400984606034,0.3767248266697088,-0.0034188001344174269,1.7954387845208573,0.37673979680824993,-0.0033857803933884933
16.02,8010,0.0066976183371785705,0.01500042321978207,0,0.15585784836958966,3.2134907507781367e-05,0.0001514816779046085,9.9147628985237584e-07,2.2845425764212974e-05,2.842294813766916,1.2144192076371363,-0.18550997744025052,0.046756563694771346,1.7954400963108812,0.37672233731865429,-0.0034242270875538207,1.7954388644039883,0.37673558434458115,-0.0033949755749427823
16.039999999999999,8020,0.0066984855387860961,0.015000419386974561,0,0.15585885107626105,2.7829588937917213e-05,0.00014587291792613353,9.8974678182014346e-07,2.265317472408141e-05,2.8426141937132638,1.2144435499927138,-0.18548893273576933,0.046745351235275776,1.7954400480489989,0.37672184835382755,-0.0034252952339994557,1.7954389076847652,0.37673330202666672,-0.0033999575354385914
16.059999999999999,8030,0.0066993528392646409,0.015000413418211882,0,0.15585694470793127,2.3359339635937397e-05,0.00014105622271943575,9.8647892081740075e-07,2.2877310533063834e-05,2.8429335346952951,1.2144678929860335,-0.18546788575437306,0.046734138165999771,1.7954399389487388,0.37672278290813177,-0.0034232708000929012,1.7954389253707406,0.37673236939511834,-0.0034019933313730322
16.080000000000002,8040,0.006700220029451605,0.015000404665167933,0,0.15585335503313766,1.8720261688666366e-05,0.00013690227805425475,9.8112643124784107e-07,2.2717439178655149e-05,2.843252798402335,1.2144922369297222,-0.1854468358421289,0.046722924376506554,1.7954397766114618,0.37672454441997105,-0.0034194616935094386,1.7954389288447925,0.37673218619852433,-0.0034023932222858877
16.100000000000001,8050,0.0067010867903932684,0.015000393569269405,0,0.15584935177737277,1.3957182397823472e-05,0.00013342381631511701,9.7391807712557109e-07,2.2972699315936647e-05,2.8435719023992574,1.2145165818347972,-0.18542578343874699,0.046711710092302815,1.7954395917536496,0.37672651255995315,-0.0034152192098387472,1.7954389064244689,0.37673228361529082,-0.0034025295217145366
16.120000000000001,8060,0.0067019383189072567,0.01500038887024939,0,0.15584600149644748,9.4924253342904761e-06,0.00012905827242733431,9.7102133738374224e-07,2.2909150924997221e-05,2.8438856687932792,1.2145409245374614,-0.18540473729250045,0.046700498830211754,1.7954395555414984,0.37672837977052803,-0.0034119950779985821,1.7954386719375321,0.37673331143575434,-0.0034039325684107661
16.140000000000001,8070,0.0067027794405256384,0.015000395596551483,0,0.15584349714992127,6.4814732457348705e-06,0.00012302045770206009,9.7694359025829471e-07,2.2909150924997221e-05,2.8441960510851487,1.2145652641139182,-0.18538370252790842,0.046689288440692464,1.7954394665689097,0.37673098690501899,-0.0034113819234776106,1.7954379667843177,0.37673640231541433,-0.0034081518349551973
16.16,8080,0.0067036219402274817,0.015000416252057459,0,0.1558415107159454,7.4720825204886204e-06,0.00011843166918477615,9.9399293458618695e-07,2.3162298399097643e-05,2.8445075826648267,1.214589599261229,-0.18536268164923936,0.0466780795581518,1.7954389612456361,0.37673579209010966,-0.0034149560478013001,1.7954365417606402,0.37674264858446582,-0.0034166784283316772
16.18,8090,0.0067044657351326429,0.015000446252080739,0,0.15583974984704985,1.1723952068450437e-05,0.00011545848423157814,1.0177454874760695e-06,2.2909150924997221e-05,2.8448205877787713,1.2146139311315634,-0.18534167000561119,0.04666687515216749,1.7954377074948873,0.37674416896747859,-0.0034242311067894981,1.795434157354262,0.37675310009064106,-0.0034309454639963382
16.199999999999999,8100,0.0067053113610050074,0.015000473268216038,0,0.15583797940842725,1.6964694317431608e-05,0.00011385640580916091,1.038754528465598e-06,2.2556434745889217e-05,2.8451356240030288,1.2146382639897411,-0.18532065520578617,0.046655672374421059,1.795435234914259,0.37675737473264009,-0.003440648306331541,1.7954305836213835,0.37676876474058957,-0.00345232880489885
16.219999999999999,8110,0.0067061592931868886,0.015000492671724994,0,0.15583603913329591,2.2455446946481701e-05,0.00011322081573125832,1.0539946894938552e-06,2.2781522350186147e-05,2.8454531772996932,1.2146625993600304,-0.18529963261817761,0.046644467910051418,1.7954311985439406,0.37677652889602331,-0.0034655751235812011,1.7954256000631321,0.37679060904125788,-0.0034821478005036665
16.240000000000002,8120,0.006707009896110885,0.015000509047208233,0,0.15583382316319494,2.8006979588073048e-05,0.00011354868523075486,1.0670435079646738e-06,2.262097403300073e-05,2.8457736217493519,1.2146869357335075,-0.18527860685579234,0.046633262523942558,1.7954254715782121,0.37680264004535652,-0.0035003068953148504,1.7954189955020521,0.37681955864126909,-0.0035216660258112834
16.260000000000002,8130,0.0067078635632673916,0.015000527256761239,0,0.15583124610600071,3.3543664020587146e-05,0.00011489522244595502,1.081715823259931e-06,2.265317472408141e-05,2.846097325714172,1.2147112715587047,-0.18525758280429089,0.046622057517709911,1.7954179427367802,0.37683665287608931,-0.0035460742096159559,1.7954105679585948,0.37685649887230305,-0.0035720920203794579
16.280000000000001,8140,0.0067087207480183873,0.015000547660616101,0,0.15582822737156521,3.9000069642155811e-05,0.00011723776483038658,1.0983315713312799e-06,2.3067693653563172e-05,2.8464246903723152,1.2147356067270378,-0.18523656082526946,0.046610853029425504,1.7954084181177707,0.37687947162083996,-0.0036040478403050647,1.7954001245276068,0.3769022752904761,-0.0036345800273444983
16.300000000000001,8150,0.0067095819396869117,0.015000563603757736,0,0.15582468425823787,4.4291768284601113e-05,0.00012053034356521112,1.1114688753453274e-06,2.2845425764212974e-05,2.8467561532646899,1.2147599433646386,-0.18521553423265577,0.046599647285242921,1.7953965847001949,0.37693197170304132,-0.0036753417619978354,1.7953874812548216,0.37695769421772057,-0.0037102307324424883
16.32,8160,0.0067104474726324666,0.015000575583091355,0,0.15582057437626867,4.9398495194489964e-05,0.00012456905674426699,1.1214426384074434e-06,2.3130806476445511e-05,2.84709204575499,1.214784281306869,-0.18519450352583178,0.04658844039664458,1.7953822828460821,0.37699494878253892,-0.0037610115715270113,1.795372463013347,0.37702352328316502,-0.0038000920030305421
16.34,8170,0.0067113176281506474,0.015000588482959851,0,0.15581588401484728,5.433317087243008e-05,0.00012944177102325476,1.1322395546335265e-06,2.2394272795856101e-05,2.8474326470559532,1.2148086189950067,-0.18517347361147052,0.046577233693975303,1.7953654401971435,0.37706913563731292,-0.0038620568465793457,1.7953549033801566,0.37710049196451384,-0.0039051596271080517
16.359999999999999,8180,0.0067121927599122855,0.015000602603270536,0,0.15581060035240141,5.9083760080072399e-05,0.0001352038922224381,1.1441205010414133e-06,2.2717439178655149e-05,2.8477782761260761,1.2148329563349041,-0.18515244479062593,0.046566027272402839,1.7953459012973783,0.37715523954837515,-0.0039794249137328807,1.7953346445125782,0.37718929212942709,-0.0040263780523379384
16.379999999999999,8190,0.0067130732102201199,0.015000617737520108,0,0.15580472400210579,6.3638479845385963e-05,0.00014164410993745884,1.1569321706782171e-06,2.2361699290911531e-05,2.8481292409830123,1.2148572933918751,-0.18513141685574408,0.046554821076790917,1.795323505528303,0.37725392864749568,-0.0041140111565197536,1.7953115370247841,0.37729057857690029,-0.0041646411250679007
16.399999999999999,8200,0.0067139593015525549,0.015000633660474287,0,0.15579827166821889,6.7989489485416964e-05,0.00014884093358725597,1.1705017224479082e-06,2.2749503328951236e-05,2.848485832119096,1.2148816302371788,-0.1851103895805595,0.046543615042009809,1.7952981024965238,0.37736583058340101,-0.0042666599606257351,1.7952854398642804,0.37740496957864433,-0.0043207928293516615
16.420000000000002,8210,0.006714851384340333,0.015000644265262457,0,0.15579125986500847,7.2099427376196514e-05,0.00015665757675070588,1.1796097110518607e-06,2.2426798989897964e-05,2.8488483703286276,1.2149059688191888,-0.18508935682996,0.046532407514772452,1.7952694469983506,0.37749155503447257,-0.0044381670754816034,1.7952562201883968,0.37753304742046523,-0.0044956280259702535
16.440000000000001,8220,0.0067157496578447431,0.015000650726256897,0,0.15578374464717848,7.5977844023008664e-05,0.00016504573044071684,1.1852018371576494e-06,2.2845425764212974e-05,2.8492170735986626,1.2149303087607408,-0.18506831978416119,0.046521198786339132,1.7952374462717013,0.37763164535403726,-0.0046292775518032596,1.795223753240776,0.3776753589436439,-0.0046898931914531386
16.460000000000001,8230,0.0067166542834926988,0.015000658007719587,0,0.15577580931980164,7.9654835838890227e-05,0.00017395205912317316,1.191509889699881e-06,2.2781522350186147e-05,2.8495921181524699,1.2149546484825073,-0.18504728343037577,0.046509990210269518,1.7952020804959232,0.37778659559163763,-0.004840687482686146,1.7951879222278635,0.37783241608631596,-0.0049042871570996426
16.48,8240,0.0067175655040623162,0.015000666297333766,0,0.15576753937351459,8.3131383489240513e-05,0.0001832732074000547,1.1986996939346506e-06,2.2588727439225648e-05,2.8499737261044578,1.214978987927442,-0.18502624795708528,0.046498781844900597,1.7951632412684193,0.37795688381535275,-0.0050730468871168222,1.7951486181953973,0.37800469642485174,-0.005139461848000083
16.5,8250,0.006718483551967914,0.015000675395979598,0,0.15575903659311849,8.6405789371826541e-05,0.00019308124515337311,1.20660892250316e-06,2.2717439178655149e-05,2.850362109834788,1.2150033271595169,-0.18500521316424623,0.046487573632701777,1.7951208165888604,0.3781429558068381,-0.0053269595310021988,1.7951057399048971,0.37819264371523598,-0.0053960230220570539
16.52,8260,0.0067194086417913176,0.015000685126452997,0,0.15575042177856444,8.9477726615372428e-05,0.00020326268866783153,1.2150929238753165e-06,2.2459278078588273e-05,2.8507574660013804,1.2150276662355552,-0.18498417887389845,0.04647636551894687,1.7950747047662958,0.37834522298294698,-0.005602983568678205,1.7950591937101545,0.37839666843444741,-0.0056745310090066618
16.539999999999999,8270,0.0067203409703139125,0.015000695355376587,0,0.1557418351735414,9.2348064934616241e-05,0.00021376418941020082,1.2240425506985788e-06,2.2491710265994076e-05,2.8511599756941814,1.2150520051988427,-0.18496314495212957,0.046465157461207461,1.7950248143425909,0.3785640630855644,-0.0059016323256624375,1.7950088934337223,0.37861714832183901,-0.0059755014494397903
16.559999999999999,8280,0.0067212807171627134,0.015000705975814344,0,0.15573343664829667,9.5018413459602714e-05,0.00022452136710318231,1.2333694596875927e-06,2.262097403300073e-05,2.8515698050846914,1.2150763440845396,-0.18494211129159396,0.046453949425016121,1.7949710628476747,0.37879982105991672,-0.0062233750825536798,1.7949547602434039,0.37885442892051757,-0.0062994060338233343
16.580000000000002,8290,0.0067222279663998619,0.015000723883528019,0,0.15572542547567075,9.7527523827811805e-05,0.00023559202704222281,1.2491876368342668e-06,2.2524095754713237e-05,2.8519870405485195,1.2151006806890023,-0.18492108482058045,0.046442743248757877,1.7949135008714323,0.37905278495723121,-0.0065686365994881068,1.7948967225287435,0.37910882411872343,-0.0066466732415215272
16.600000000000001,8300,0.006723182948071507,0.015000747455765654,0,0.15571799436989658,9.9865336894741698e-05,0.00024686610678655203,1.2701659963847391e-06,2.2263692832568247e-05,2.8524118583056439,1.2151250155359967,-0.18490006390842992,0.046431538517483731,1.794852019490341,0.37932324491140773,-0.0069378007457636349,1.7948347157775153,0.37938061669121048,-0.0070176890798169262
16.620000000000001,8310,0.0067241459197519768,0.015000770446609021,0,0.1557113439521024,0.00010199885225463687,0.00025835365465492213,1.2907942291091831e-06,2.2459278078588273e-05,2.8528444600208971,1.2151493506192288,-0.18487904228007679,0.046420333535168078,1.7947864387370536,0.37961147579777704,-0.0073312104017171304,1.7947686824522131,0.37967005884062588,-0.007412797822932039
16.640000000000001,8320,0.0067251170045611163,0.015000792257620422,0,0.15570571307236225,0.00010392895483032795,0.0002699707331364654,1.310513229488882e-06,2.2000207897163392e-05,2.8532849605312287,1.2151736861286939,-0.18485801933453233,0.046409128122193138,1.7947167006768741,0.37991769935274039,-0.0077491663518412888,1.79469857186654,0.37997737273888993,-0.0078323027510503306
16.66,8330,0.0067260962974565871,0.015000812931407396,0,0.15570136323338285,0.00010566184076236372,0.00028165732496968711,1.3293323348873512e-06,2.2263692832568247e-05,2.8537334523763893,1.2151980220523357,-0.18483699511477125,0.046397922284675472,1.7946427718689679,0.38024210427753052,-0.008191928969932363,1.7946243400618984,0.38030275106857581,-0.0082764668893375234
16.68,8340,0.0067270837069587763,0.015000843518905014,0,0.15569860606592784,0.00010726090667102538,0.0002934945479386009,1.3574185584780062e-06,2.2230927998283902e-05,2.8541898969140336,1.215222354842854,-0.18481598072469568,0.046386718925279513,1.7945648190380075,0.38058481167162156,-0.0086597177524737855,1.7945459496838789,0.38064635756428949,-0.0087455137469628595
16.699999999999999,8350,0.0067280793896541385,0.015000882023237056,0,0.15569773157230693,0.00010871382269360794,0.00030537419831198149,1.3931135528390332e-06,2.2459278078588273e-05,2.8546544072424873,1.2152466851510737,-0.18479497415739407,0.046375517557684619,1.7944827579675335,0.38094596597988395,-0.0091527152805917604,1.7944633698587507,0.38100832755404945,-0.0092396280561203373
16.719999999999999,8360,0.0067290836027989864,0.015000918676557277,0,0.15569902799678947,0.00010996812758792579,0.00031730529437334302,1.4274136885924673e-06,2.2230927998283902e-05,2.855127164660392,1.215271016107939,-0.18477396559853876,0.046364315581232857,1.7943963766402695,0.38132571022646811,-0.0096710669180634021,1.7943765760699504,0.38138876850066655,-0.0097589565110499706
16.740000000000002,8370,0.0067300964077163898,0.015000952208464136,0,0.15570282944102593,0.0001110221082275298,0.00032923353915172707,1.4590533342913961e-06,2.2099382890764463e-05,2.8556082269254968,1.2152953481164248,-0.18475295377202394,0.046353112630646079,1.7943056414276992,0.38172412550571166,-0.010214879557718803,1.7942855500345722,0.38178776054312397,-0.010303608507059126
16.760000000000002,8380,0.0067311178240257313,0.015000982672132606,0,0.15570875423986985,0.00011188418203715908,0.00034112931765746323,1.4880005028173534e-06,2.1867274910380131e-05,2.8560976211480487,1.2153196811602076,-0.18473193873146271,0.046341908714904505,1.7942105583781005,0.38214125956146983,-0.010784223362112971,1.7941902795798577,0.38220535703795661,-0.010873656879543388
16.780000000000001,8390,0.0067321478532957509,0.015001010320268311,0,0.15571509116455745,0.00011256287027580528,0.00035291949967108542,1.5144285025170582e-06,2.2033315828455735e-05,2.8565953609188406,1.2153440151600827,-0.18471092073083051,0.046330703903393888,1.7941111394311402,0.38257713398626564,-0.01137913268726114,1.7940907585196846,0.3826415851006314,-0.0114691386430084
16.800000000000001,8400,0.0067331864840219626,0.015001035377560043,0,0.15572385520968871,0.00011306535072241681,0.00036459233741624589,1.5385004871844725e-06,2.1867274910380131e-05,2.8571014494281859,1.2153683500452201,-0.18468989999591606,0.046319498257630175,1.7940073976855746,0.38303174563121922,-0.011999606840808291,1.7939869865310576,0.38309644614692695,-0.012090055730090692
16.82,8410,0.0067342333979403908,0.015001074318363696,0,0.15573650036777872,0.00011348258166571243,0.0003762808183237924,1.576207638199306e-06,2.1767042412140833e-05,2.8576156911096606,1.2153926804517083,-0.18466889308375728,0.046308295849937502,1.7938996327393999,0.38350500895832268,-0.012645610500228733,1.7938789690305965,0.38356991643431315,-0.012736375730579074
16.84,8420,0.0067352886517574751,0.01500112504562647,0,0.15575343300267258,0.00011379859659477807,0.00038793091963240959,1.6256950753324903e-06,2.1497471115166028e-05,2.8581381164049784,1.2154170070892842,-0.1846478978854563,0.04629709626598405,1.7937877913116842,0.38399688792456199,-0.013317075308998096,1.7937667170510272,0.38406194760333134,-0.013408032630435846
16.859999999999999,8430,0.0067363525114483664,0.015001173036209221,0,0.15577503956772157,0.00011393324424361506,0.00039944929401286496,1.6728327317479965e-06,2.206637408534863e-05,2.8586688864630352,1.2154413346768358,-0.18462689980526323,0.046285895871122584,1.7936716119839466,0.38450736478691816,-0.014013900082582728,1.793650247117671,0.38457246721897381,-0.014104927550818071
16.879999999999999,8440,0.0067374249756065518,0.015001215546807781,0,0.15580175766179247,0.00011387656754198581,0.00041079556542463597,1.7148369007465811e-06,2.1933842111273517e-05,2.8592079969006834,1.2154656640857129,-0.18460589608713038,0.046274693899026456,1.7935510744534962,0.38503634949220472,-0.014735951291955478,1.7935295811249334,0.38510137931206379,-0.014826929487098805
16.899999999999999,8450,0.0067385059772801514,0.015001252345802844,0,0.15583404524979522,0.00011363730604305506,0.00042195770496482999,1.7513753284561894e-06,2.1800504449438904e-05,2.8597553975444105,1.2154899953875007,-0.18458488649860039,0.046263490276178147,1.7934262254435782,0.38558371701268396,-0.015483063995802751,1.7934047462127947,0.38564856492063532,-0.015573876047888374
16.920000000000002,8460,0.0067395954240369576,0.015001283840510447,0,0.15587237074442473,0.0001132268099199293,0.00043291122918342139,1.782769192711605e-06,2.2198114802541581e-05,2.860311020697623,1.2155143284519023,-0.1845638714490187,0.046252285113474172,1.7932971246414136,0.38614931855280427,-0.016255042609338174,1.793275774643299,0.38621388263131301,-0.016345574194055718
16.940000000000001,8470,0.0067406932101443714,0.015001310517064477,0,0.15591720967940384,0.00011265515870375338,0.00044365351666208005,1.8094423732479577e-06,2.1565179853261896e-05,2.8608747888869939,1.2155386631232423,-0.18454285142686061,0.046241078544178672,1.7931638320801682,0.38673298440945553,-0.017051661651106616,1.7931427036770442,0.3867971691206914,-0.017141800977749137
16.960000000000001,8480,0.006741798752707891,0.01500135649092523,0,0.15596911284067469,0.00011204913077941339,0.00045440011951972028,1.8558626191264799e-06,2.1598954627055457e-05,2.8614463371418188,1.2155629912631556,-0.18452185068504884,0.046229875111959834,1.7930267909034272,0.38733443774386073,-0.017872670453862781,1.7930055754496717,0.38739823969671572,-0.017962304281418328
16.98,8490,0.0067429125089189159,0.01500139516919748,0,0.15602847536888778,0.00011126739473665783,0.00046484348907101345,1.894977598850475e-06,2.1429548445808714e-05,2.8620259114639639,1.2155873219501165,-0.18450084247354884,0.046218670289996995,1.7928855860665778,0.38795357966003458,-0.018717780574271859,1.7928644368483555,0.38801688884006097,-0.018806803556835103
17,8500,0.0067440342377603352,0.015001432033721486,0,0.15609564761388584,0.00011034283569572144,0.00047509108909683128,1.9324096531854474e-06,2.1395506250453509e-05,2.8626133468909436,1.2156116532247758,-0.18447983231107945,0.046207464598159845,1.7927403612032451,0.38859015786320067,-0.019586683088993109,1.7927193393882919,0.38865289074551196,-0.019674990564114772
17.02,8510,0.0067451635097960328,0.01500148216247213,0,0.15616793687021938,0.00010935488785557753,0.00048525447770009233,1.9835602774478117e-06,2.1190104635059971e-05,2.8632083594630262,1.2156359800380998,-0.1844588353599087,0.046196261051217678,1.792591421243982,0.38924387041322345,-0.020479043164996557,1.7925703390891898,0.38930599986334308,-0.020566530110737388
17.039999999999999,8520,0.006746300547052976,0.015001528664246077,0,0.15624855952272171,0.00010821876215137497,0.00049515632925083283,2.0311179955823949e-06,2.1395506250453509e-05,2.8638110437144548,1.2156603081436788,-0.18443783462911686,0.046185056748123128,1.7924385449824911,0.38991451635012209,-0.021394492983205032,1.7924174963517598,0.3899759514406983,-0.021481060790569013
17.059999999999999,8530,0.0067474452744805957,0.015001567601129046,0,0.15633848862218452,0.0001069165218309032,0.00050477593373176037,2.0710376366073699e-06,2.0913097891518843e-05,2.8644213243760652,1.2156846387976636,-0.18441682616186067,0.046173850618514332,1.7922817264674524,0.39060182322877024,-0.022332642666126508,1.7922608758342038,0.39066246206297062,-0.022418195722882932
17.080000000000002,8540,0.0067485975409236742,0.01500159813405318,0,0.15643820903218636,0.00010545343968608345,0.00051411495618396716,2.1024148015902255e-06,2.1531352099333316e-05,2.8650390735966211,1.215708972256575,-0.18439580911559381,0.046162642388761541,1.7921210404348109,0.39130548525422626,-0.023293078270292363,1.7921005463287047,0.39136523019518243,-0.023377523291381111
17.100000000000001,8550,0.006749757161404699,0.015001620589758111,0,0.15654820216098425,0.00010384122174094848,0.00052314244307453939,2.1255426413576383e-06,2.1395506250453509e-05,2.8656641405392249,1.2157333084090007,-0.18437478381892319,0.046151432123190832,1.7919565866729106,0.39202517559089128,-0.024275361939127972,1.7919365806379157,0.39208393672336456,-0.024358607883214731
17.120000000000001,8560,0.0067509239344640815,0.015001635663722011,0,0.156668941210826,0.00010209195719920959,0.00053189207379133931,2.1411061815388642e-06,2.1121193543184415e-05,2.8662963629136309,1.2157576470271223,-0.1843537509708397,0.046140219993905579,1.7917884699824702,0.39276055047469799,-0.025279032539727617,1.7917690554514512,0.3928182454959368,-0.025360990628006494
17.140000000000001,8570,0.0067520969300220307,0.015001678396439889,0,0.15680100765066221,0.00010036218485756228,0.00054078456782843422,2.1857333275006655e-06,2.0982692419620152e-05,2.8669351905693348,1.2157819758968584,-0.18433274587727103,0.046129004528635942,1.7916172150830156,0.39351110655186117,-0.026303625074545121,1.7915980512223741,0.39356780386508761,-0.026384190136871169
17.16,8580,0.0067532760189358059,0.015001747589180346,0,0.15694481980532013,9.8642962201049884e-05,0.00054970692096221194,2.2580162198718653e-06,2.1258792350482307e-05,2.8675804775585907,1.2158062956940272,-0.18431176730276366,0.04611778912447155,1.7914429068235145,0.39427650434460659,-0.027348628186542431,1.7914236520436879,0.39433224322815347,-0.027427703241436983
17.18,8590,0.0067544616441172663,0.015001814107836287,0,0.15709994018083043,9.6799008528666576e-05,0.00055824001449033601,2.3274511455884341e-06,2.0702910668595484e-05,2.86823239259465,1.2158306166330903,-0.18429078588717426,0.046106575572914803,1.7912652359896386,0.39505649532903742,-0.028413497282235946,1.7912459455248251,0.39511117956899916,-0.028491005732866941
17.199999999999999,8600,0.006755653769351477,0.01500186949344756,0,0.1572611699358161,9.4787770466463997e-05,0.00056643490147188238,2.3853212302658493e-06,2.084327099243578e-05,2.8688908641474664,1.2158549414566864,-0.18426979313066302,0.046095361414058712,1.7910841349326996,0.39585070406056833,-0.029497683942325596,1.7910650226681362,0.39590421399939751,-0.029573553100880029
17.219999999999999,8610,0.0067568522389817023,0.015001910407888982,0,0.15743425966159758,9.2603766666445018e-05,0.00057427686674759143,2.4281828681883031e-06,2.0702910668595484e-05,2.8695557410053243,1.2158792711997328,-0.18424878568197556,0.046084145356748527,1.7908996616358115,0.39665871409247672,-0.030600622496069232,1.7908809777453809,0.39671093330040896,-0.030674781272772466
17.240000000000002,8620,0.0067580568349757631,0.015001936151258277,0,0.1576204843855693,9.0258222219297328e-05,0.00058176013464659993,2.4553050537053574e-06,2.0490567510038361e-05,2.870226830215481,1.2159036060609949,-0.18422776283969639,0.046072926983147154,1.7907119334519088,0.39748008774274385,-0.031721728577438324,1.7906939081742161,0.39753091046376182,-0.031794107352439142
17.260000000000002,8630,0.0067592673039505707,0.015001947402795708,0,0.15782021796586224,8.7768987610480732e-05,0.00058893551185134111,2.4673894867930613e-06,2.0808269673042189e-05,2.8709039160432508,1.2159279458046763,-0.18420672528763096,0.046061706317847367,1.7905210917363423,0.39831437210751974,-0.032860399679350824,1.7905039143946873,0.39836370523323128,-0.032930930359394074
17.280000000000001,8640,0.0067604828438113393,0.015001962883398688,0,0.15803389666897985,8.522566137643601e-05,0.00059293949694542362,2.48848234101207e-06,2.0347774359157065e-05,2.8715864913309881,1.2159522740578683,-0.18418569192927808,0.04605050595625667,1.7903274745988145,0.39916100542144589,-0.034016040626020108,1.7903110997457161,0.39920886464602029,-0.034084631967792926
17.300000000000001,8650,0.0067617032686253693,0.015001983480709913,0,0.15826181764382927,8.2634698542250826e-05,0.00059507226936567851,2.5181117492831816e-06,2.0667671646167049e-05,2.8722743647674349,1.2159765942195166,-0.18416466363044426,0.046039318866575932,1.7901312283398958,0.40001953927517198,-0.035188005349719005,1.7901155703415919,0.40006592357413862,-0.035254577245453285
17.32,8660,0.0067629287885931999,0.015001995079180215,0,0.15850419103405858,7.9938659533729543e-05,0.00059793420311980358,2.5373594859758899e-06,2.0490567510038361e-05,2.8729675573337827,1.2160009201105708,-0.18414362612290797,0.046028125490556702,1.7899323055084919,0.40088958468330171,-0.036375616004364342,1.7899174349484599,0.40093440526578294,-0.036440115392876379
17.34,8670,0.0067641592311485461,0.015001993446387394,0,0.1587612721338674,7.712344614735635e-05,0.00060130157188621671,2.5417922453696288e-06,2.0419295754930057e-05,2.8736658947829152,1.2160252528723847,-0.18412257514980873,0.046016925816653377,1.7897307481204006,0.40177066292437214,-0.037578203279485085,1.7897168048608114,0.40181382188671666,-0.037640580482267975
17.359999999999999,8680,0.0067653943525924024,0.015001977198841698,0,0.15903330096350579,7.4193056900081461e-05,0.00060493703792886008,2.5301052374876872e-06,2.0702910668595484e-05,2.8743691592298983,1.216049592515843,-0.18410150932535235,0.046005720205652134,1.7895266533417824,0.40266226804767635,-0.038795086710890818,1.7895137937779741,0.40270367506164961,-0.038855292196559969
17.379999999999999,8690,0.0067666338777388887,0.015001946382512035,0,0.15931682800378444,7.1159757405217091e-05,0.00060868612389036497,2.5024478544012307e-06,2.0561592220437957e-05,2.8750771109307824,1.2160739387514823,-0.18408042869947749,0.045994509011031082,1.7893201494015605,0.40356388126714354,-0.040025571900072388,1.7893085176806003,0.4036034564156179,-0.040083556568431412
17.400000000000002,8700,0.0067678775120050454,0.015001901862281529,0,0.15961040555645817,6.8039292818933587e-05,0.00061247533950008995,2.4598172555882133e-06,2.0878213633885978e-05,2.8757894964698609,1.2160982911096072,-0.1840593341440715,0.045983292672630099,1.789111379988116,0.40447497411013084,-0.041268951122836933,1.7891010947071573,0.40451264811536403,-0.041324666719330112
17.420000000000002,8710,0.006769124948979,0.015001844936309836,0,0.15991940860294557,6.484810373829874e-05,0.00061622232987191877,2.4036737280168758e-06,2.0667671646167049e-05,2.8765060539257359,1.2161226490174688,-0.1840382269658879,0.045972071698326983,1.7889004947448903,0.40539500976067783,-0.042524504213541758,1.7888916450304175,0.40543072341071595,-0.042577903598492874
17.440000000000001,8720,0.0067703758758798412,0.015001777077847629,0,0.16024395483479162,6.1601794288293377e-05,0.00061986906640342041,2.335675251119898e-06,2.0773209379101241e-05,2.8772265163321036,1.2161470118640334,-0.1840171086473319,0.045960846620191655,1.788687643890041,0.40632344406851933,-0.043791499356212113,1.788680290733947,0.40635714717596771,-0.043842536721968167
17.460000000000001,8730,0.0067716299772792648,0.015001699770629625,0,0.16058412587037144,5.8314521262980653e-05,0.00062338573793379172,2.2575050870746646e-06,2.0597012732861101e-05,2.877950613865214,1.2161713790468576,-0.18399598068113976,0.045949617958576487,1.7884729755333295,0.40725972631406127,-0.045069193835021087,1.7884671556885956,0.40729137645125896,-0.045117824911636469
17.48,8740,0.0067728869374167194,0.01500161441351696,0,0.16093996649336764,5.499902337759058e-05,0.00062671987106819563,2.1707715978924913e-06,2.0808269673042189e-05,2.8786780750832541,1.2161957500009319,-0.18397484447457998,0.045938386199729543,1.7882566346839208,0.40820329976102182,-0.046356834785114646,1.7882523654289872,0.40823286098395467,-0.046403017034231761
17.5,8750,0.0067741464414867222,0.015001522273678281,0,0.16131148412300481,5.1667053388751291e-05,0.00062983501639669523,2.0769603976460363e-06,2.0738089811501742e-05,2.8794086275479205,1.2162201242130555,-0.18395370130242256,0.045927151784801244,1.7880387632436674,0.40915360207052387,-0.047653659952425521,1.7880360470300083,0.40918104377002501,-0.0476973527403627
17.52,8760,0.0067754081762424409,0.015001424471529579,0,0.16169864846451371,4.833004762613402e-05,0.00063272288794822803,1.9774218294669614e-06,2.084327099243578e-05,2.8801419980448877,1.2162445012262002,-0.18393255229181471,0.045915915106758479,1.7878195005034521,0.41011006564917191,-0.048958898459550509,1.7878183289832978,0.41013536159542524,-0.049000063203533936
17.539999999999999,8770,0.0067766718301866822,0.015001321984692019,0,0.16210139130298343,4.49999482029317e-05,0.00063537281783812561,1.873380741950824e-06,2.0667671646167049e-05,2.8808779126088502,1.2162688806376842,-0.18391139842627655,0.04590467651213697,1.7875989838287578,0.41107211798264381,-0.050271771573266809,1.7875993410737374,0.41109524557747529,-0.050310371859167334
17.559999999999999,8780,0.0067779370935453602,0.015001215661954521,0,0.1625196064195078,4.1690170099570424e-05,0.00063774776907546621,1.7659595217335984e-06,2.0773209379101241e-05,2.881616096459731,1.2162932620940781,-0.18389024055974457,0.045893436305329251,1.7873773493458429,0.41203918198513861,-0.05159149347041965,1.7873792142559406,0.41206012170623996,-0.05162749514362322
17.580000000000002,8790,0.0067792036581535509,0.015001106241210958,0,0.16295314962007512,3.8416777353764915e-05,0.00063985536045936238,1.6562088427783799e-06,2.0419295754930057e-05,2.8823562739286204,1.216317645284775,-0.18386907943461681,0.04588219475385831,1.787154732528667,0.41301067637915795,-0.05291727200030482,1.7871580805307421,0.4130294113859086,-0.052950643233221913
17.600000000000001,8800,0.0067804712173339344,0.015000994367696372,0,0.16340114422425009,3.5200005402954819e-05,0.00064168118704534857,1.545143511057327e-06,2.063237243740307e-05,2.8830981684230248,1.2163420299354804,-0.1838479157000904,0.045870952093686856,1.7869312686459689,0.41398601610983821,-0.054248309442765826,1.7869360728216881,0.41400253197617437,-0.054279020783263965
17.620000000000001,8810,0.0067817394658110557,0.015000880610502977,0,0.16385401097756425,3.2066346600749689e-05,0.00064320384981927405,1.4337832202813459e-06,2.0947924057011411e-05,2.8838415024313457,1.2163664158022687,-0.1838267499287759,0.045859708534033185,1.7867070930642084,0.41496461279205982,-0.055583803261908211,1.7867133248515257,0.41497889733361498,-0.055611827667052839
17.640000000000001,8820,0.0067830080996802954,0.01500076547648865,0,0.16431731261678528,2.9051496781646351e-05,0.00064445151323121229,1.3232000759560953e-06,2.0702910668595484e-05,2.8845859975912855,1.2163908026665227,-0.18380558263068525,0.045848464261484249,1.7864823414219382,0.4159458751855879,-0.056922946855819917,1.7864899710186919,0.41595791835307194,-0.056948259714915267
17.66,8830,0.0067842768164350382,0.015000649421413857,0,0.1647950360695036,2.620448849854775e-05,0.0006453918898565252,1.2145765409367431e-06,2.063237243740307e-05,2.8853313748033713,1.2164151903308069,-0.18378441426443309,0.045837219443352915,1.7862571496996993,0.41692920969245706,-0.058264930302911626,1.7862661462738043,0.41693900350903057,-0.058287509453222648
17.68,8840,0.0067855453150469317,0.015000532858514897,0,0.16528686362306436,2.3593114214445419e-05,0.0006460116531585581,1.1092786672883865e-06,2.0773209379101241e-05,2.8860773543905069,1.2164395786156228,-0.18376324524586188,0.045825974230350758,1.7860316542111041,0.41791402087097157,-0.05960894110555897,1.7860419859961496,0.41792155939699965,-0.059628766843412409
17.699999999999999,8850,0.0067868132960901394,0.015000416164930643,0,0.16579244189432513,2.1309737147922163e-05,0.00064635232605587403,1.0089491595860438e-06,2.063237243740307e-05,2.8868236562807557,1.2164639673568842,-0.18374207595450934,0.045814728758678994,1.785805991538405,0.41889971196139464,-0.060954164931721615,1.7858176258701741,0.41890499127489134,-0.06097122002100909
17.719999999999999,8860,0.0067880804618994477,0.015000299686443532,0,0.16631138263532433,1.947380614521071e-05,0.00064637375311542679,9.1561955309372299e-07,2.0667671646167049e-05,2.8875700002294553,1.216488356404011,-0.1837209067383761,0.045803483151658768,1.7855802984317273,0.4198856854194003,-0.062299786355124204,1.7855932017619731,0.41988870360440106,-0.062314056034645807
17.740000000000002,8870,0.0067893465167527325,0.0150001837409424,0,0.16684326365371513,1.8222521836353086e-05,0.00064610078692725864,8.3182340016770426e-07,2.1121193543184415e-05,2.8883161060427387,1.2165127456184404,-0.18369973791741209,0.045792237521009985,1.7853547116865942,0.42087134345432536,-0.063644989594504542,1.7853688495957798,0.42087210059238733,-0.063656461585085589
17.760000000000002,8880,0.0067906111670697281,0.015000068621003627,0,0.16738762984394484,1.7679355530378847e-05,0.00064550934061088482,7.6065030068049907e-07,2.0878213633885978e-05,2.8890616938206222,1.2165371348724872,-0.18367856978611599,0.045780991967876217,1.785129368010129,0.42185608857009754,-0.064988959252271314,1.7851447052304563,0.42185458673225107,-0.064997623764241633
17.780000000000001,8890,0.0067918741216208356,0.014999954595849361,0,0.16794399432414508,1.79052419497231e-05,0.00064462115365361246,7.0560893413734732e-07,2.1190104635059971e-05,2.8898064842070137,1.2165615240484291,-0.18365740261550242,0.045769746583666372,1.7849044038828421,0.42283932410748065,-0.066330881052881249,1.7849209043359819,0.42283556734531624,-0.066336730794200174
17.800000000000001,8900,0.006793134423982829,0.014999869463845104,0,0.16851194445236323,1.845660459908168e-05,0.0006459699027339923,6.7756882761628103e-07,2.0808269673042189e-05,2.8905498463809329,1.2165859023407704,-0.18363626439984976,0.045758506791202809,1.784680345243467,0.42382033292153687,-0.067669987456033004,1.7846975822699438,0.42381444912220917,-0.067672972766240583
17.82,8910,0.0067943917415769347,0.014999815518341272,0,0.16909091505979476,1.9230253359400544e-05,0.00064850164378830143,6.6624909115537058e-07,2.0561592220437957e-05,2.8912914847833204,1.2166102690289684,-0.18361515743789042,0.045747274075946386,1.7844573415463161,0.42479854071004175,-0.069005461136444651,1.7844748739540253,0.42479064066423849,-0.069005542379857079
17.84,8920,0.0067956462907592836,0.014999771836319569,0,0.16968023761133186,2.0508186713624922e-05,0.00064976157139165719,6.6011256000217282e-07,2.1190104635059971e-05,2.8920314027324641,1.2166346320706074,-0.18359406065825107,0.045736044891048419,1.7842351830256622,0.42577346543538303,-0.070336455475220008,1.784252913750497,0.42576355302477475,-0.070333635681779583
17.859999999999999,8930,0.006796897953461804,0.014999731153275872,0,0.1702792935796506,2.2323724127284759e-05,0.00064990290803780537,6.5693708080123552e-07,2.0947924057011411e-05,2.8927694242673208,1.2166589938929917,-0.183572966756296,0.045724817411294014,1.7840138584662943,0.42674454163241982,-0.071662161055005974,1.7840318353387057,0.42673260025063064,-0.071656452804995441
17.879999999999999,8940,0.0067981465270314711,0.014999690155171783,0,0.17088745645824169,2.4591373775557891e-05,0.00064915998590385612,6.5645567619718739e-07,2.0667671646167049e-05,2.8935053163103186,1.2166833555809318,-0.18355187240104059,0.04571359070988272,1.7837934562842264,0.42771118730990992,-0.072981779978133765,1.783811771591564,0.42769719992344041,-0.072973198707770401
17.900000000000002,8950,0.006799391768851199,0.014999647589366692,0,0.17150408085010665,2.7196121280666586e-05,0.00064764907547724504,6.5897131338607378e-07,2.1017403266208992e-05,2.8942388196222901,1.2167077175596441,-0.18353077633361442,0.04570236438790265,1.7835741098953271,0.42867281907867888,-0.074294521415141271,1.7835928544520399,0.42865677370103999,-0.074283083912670064
17.920000000000002,8960,0.006800633417584424,0.01499960326187348,0,0.17212850108853522,3.0035128229907977e-05,0.00064548223848749317,6.6485039122258958e-07,2.0913097891518843e-05,2.8949696640581233,1.2167320799152217,-0.18350967835926246,0.045691138317285357,1.7833559695238175,0.42962885652785504,-0.075599601239692504,1.7833752148096462,0.42961074785884629,-0.075585325245580426
17.940000000000001,8970,0.0068018712053647679,0.014999557461067757,0,0.17276003179845476,3.3028974622821402e-05,0.00064275378057832564,6.7431379518662074e-07,2.0667671646167049e-05,2.8956975768070863,1.2167564425764648,-0.18348857876812624,0.045679912491740235,1.7831391884506682,0.43057872429974281,-0.076896242359240238,1.7831589823769314,0.43055855383123781,-0.076879146574730245
17.960000000000001,8980,0.0068031048644874312,0.014999510650615453,0,0.17339796913940156,3.6120021960783574e-05,0.00063949640871703085,6.8737084381295266e-07,2.0947924057011411e-05,2.8964222866627569,1.2167808054127789,-0.18346747802658822,0.045668686950065478,1.7829239168438034,0.43152185334027032,-0.078183675249287099,1.782944285565967,0.43149962875293396,-0.078163779549711612
17.98,8990,0.0068043341308556384,0.014999463318420831,0,0.17404156708008456,3.9267406793992672e-05,0.00063576276209456703,7.0382999281695777e-07,2.0490567510038361e-05,2.8971435260976088,1.2168051682830749,-0.18344637662541999,0.045657461740024198,1.7827102994467787,0.43245768169106086,-0.079461138612737334,1.7827312513648392,0.43243341600037477,-0.079438464340501211
18,9000,0.0068055587456334844,0.014999415910087709,0,0.17468533286480273,4.2442232747376301e-05,0.00063160671745917014,7.2334670245316117e-07,2.0419295754930057e-05,2.8978610321670111,1.216829531057724,-0.18342527501287659,0.045646236903088576,1.7824984751337336,0.4333856550288166,-0.080727880116730918,1.7825200052141381,0.43335936573310108,-0.080702450376481757
18.02,9010,0.0068067784559637775,0.014999368805783965,0,0.17532329603055735,4.5623847455370466e-05,0.00062704545072714052,7.4548192851698411e-07,2.0702910668595484e-05,2.8985745468609228,1.216853893626449,-0.18340417357143035,0.045635012469355585,1.7822885772758041,0.43430522708951502,-0.08198315716803356,1.7823106708834464,0.43427693543513407,-0.081954997085463208
18.039999999999999,9020,0.0068079924070416223,0.014999349138530545,0,0.17595977657339051,4.858664852447939e-05,0.00062022057309347512,7.5744637502887559e-07,2.1121193543184415e-05,2.8992834988101164,1.216878246524838,-0.18338309964681282,0.045623788060939599,1.7820811031315953,0.43521577180449905,-0.083226260223522433,1.78210337034783,0.43518559045635519,-0.083195374632703753
18.059999999999999,9030,0.0068092009566144878,0.014999330385261155,0,0.17659945709348079,5.1558793044017916e-05,0.0006137949697174426,7.6764553284631409e-07,2.063237243740307e-05,2.8999879581722641,1.2169025992074998,-0.1833620264882081,0.045612566214174421,1.7818758014059144,0.43611686394950328,-0.084456446598834847,1.7818982236643266,0.43608480455388599,-0.084422864659931526
18.080000000000002,9040,0.0068104043647831663,0.014999290714885996,0,0.17724152165272383,5.4695150064572114e-05,0.00060878311736266343,7.8814498423614605e-07,2.1258792350482307e-05,2.9006879508132584,1.2169269591850995,-0.18334093210825614,0.045601345435320427,1.7816724581312855,0.43700805066894183,-0.085672985855646422,1.7816953488484368,0.43697406043346798,-0.08563676102436571
18.100000000000001,9050,0.0068116014281523586,0.01499927362621999,0,0.17788529630989486,5.7661427142728532e-05,0.00060151246686799729,7.9960207995055992e-07,2.0738089811501742e-05,2.9013827295116124,1.2169513111361112,-0.18331986037374065,0.045590122063610787,1.7814717750028235,0.43788866306841634,-0.086875220083668298,1.7814948617506126,0.43785285029084198,-0.086836370537736976
18.120000000000001,9060,0.0068127924741585967,0.014999254791811755,0,0.17852993334949388,6.0619439539538084e-05,0.00059453182421362392,8.1100010980642113e-07,2.0738089811501742e-05,2.9020723365668668,1.2169756637315756,-0.18329878673081909,0.045578900669759476,1.781273582984596,0.43875829742079464,-0.088062448114732905,1.781296875932747,0.43872067635312878,-0.088021013705310236
18.140000000000001,9070,0.0068139771099534939,0.014999242043064015,0,0.17917466522917788,6.3517511601952813e-05,0.00058705614983612254,8.1952124214126564e-07,2.0490567510038361e-05,2.9027564610194587,1.2170000142043671,-0.1832777190908062,0.045567678797375881,1.7810780683765282,0.43961643204256584,-0.08923400819590907,1.7811015025446644,0.43957705142020831,-0.089190025464904718
18.16,9080,0.0068151547650949183,0.014999251341204552,0,0.17981873839910631,6.6259842391421054e-05,0.00057810248652707019,8.1637654293890273e-07,2.1121193543184415e-05,2.9034346972614848,1.2170243570348489,-0.18325667354485015,0.045556455654972725,1.7808855413441229,0.44046253849997574,-0.090389262449080368,1.7809088502006094,0.4404214994060997,-0.090342755925915744
18.18,9090,0.0068163256660948406,0.014999263357834913,0,0.18046131786928196,6.8969733620897344e-05,0.00056931403905842687,8.1093899166760006e-07,2.0702910668595484e-05,2.9041070519293219,1.2170486990089526,-0.18323563059370612,0.045545233838047601,1.7806958587691437,0.44129622478495278,-0.091527556015878045,1.7807190248557367,0.44125355588034099,-0.09147857110833571
18.199999999999999,9100,0.0068174897047761788,0.014999274095746848,0,0.18110161188618049,7.166897668600996e-05,0.00056065567342010426,8.0603217623128047e-07,2.1258792350482307e-05,2.9047733678808938,1.217073041448048,-0.18321458621745496,0.045534012426622056,1.7805090463722648,0.44211704837618332,-0.092648262876030951,1.7805321296826013,0.44207276860936906,-0.092596853681775421
18.219999999999999,9110,0.0068186467168109008,0.014999282420653329,0,0.18173884448386707,7.4349919465283427e-05,0.00055202392144660826,8.0250717057212651e-07,2.1190104635059971e-05,2.905433452356923,1.2170973847106543,-0.18319353927713283,0.045522790969587931,1.780325195843758,0.44292456620496934,-0.093750779570113851,1.7803482649476472,0.44287869809789943,-0.093697003704485596
18.240000000000002,9120,0.0068197965222374767,0.014999288262404327,0,0.18237224923415268,7.6998608832103639e-05,0.0005433516369715459,8.0041580123013507e-07,2.0738089811501742e-05,2.906087104436669,1.2171217288133376,-0.18317248970317029,0.045511569348200651,1.7801444184221344,0.44371834626827966,-0.094834522426593348,1.7801675278876976,0.44367091813030596,-0.094778439362377745
18.260000000000002,9130,0.0068209389399797159,0.014999291937344186,0,0.18300106886346898,7.9601607513643367e-05,0.00053461503256755109,7.9954014900216786e-07,2.122447627911835e-05,2.9067341254710608,1.2171460736496198,-0.18315143781431165,0.045500347571658717,1.7799668263848143,0.44449797053096179,-0.095898926949585295,1.7799900125864441,0.44444901631200057,-0.095840597708045261
18.280000000000001,9140,0.0068220737941617716,0.0149992938543745,0,0.18362455643297598,8.2147594464162721e-05,0.00052576376595394182,7.996121769924836e-07,2.0982692419620152e-05,2.9073743232851781,1.2171704190838941,-0.18313038402224929,0.045489125683145303,1.7797925266619106,0.44526303598143852,-0.096943448113445491,1.7798158098509367,0.44521259461081358,-0.096882935399785458
18.300000000000001,9150,0.0068232004333640987,0.014999313990689404,0,0.18424203689135304,8.4533405090894909e-05,0.00051779805548805965,7.8818557118887204e-07,2.1361409804484527e-05,2.9080072572301576,1.2171947565368226,-0.18310934845929835,0.045477908292526022,1.7796219022328135,0.44601308380944277,-0.09796759825949615,1.7796450070880736,0.44596126989837293,-0.097904929440620125
18.32,9160,0.0068243192070475507,0.014999331958346306,0,0.18485271258530228,8.6863332839069347e-05,0.00050926291916187901,7.7817811009010961e-07,2.0878213633885978e-05,2.9086330294581004,1.217219095396487,-0.18308831056787195,0.045466690515913302,1.7794547321787908,0.44674783282151126,-0.098970827067883627,1.7794776881810903,0.44669467449148437,-0.098906077917317092
18.34,9170,0.0068254298576484905,0.014999351724712576,0,0.18545589586247424,8.9115905020674386e-05,0.00050062013516255575,7.6740166886399136e-07,2.1155677147440178e-05,2.9092514226644797,1.2172434333133606,-0.18306727435841885,0.045455473347314479,1.7792911369561419,0.44746690671043948,-0.099952662733685443,1.7793139333660493,0.44741245669351104,-0.099885900739411129
18.359999999999999,9180,0.0068265319792105098,0.014999384039014213,0,0.18605092972373835,9.1241448008057521e-05,0.00049240761282312031,7.5026179729093999e-07,2.1258792350482307e-05,2.9098621408696967,1.2172677656220909,-0.18304625066527025,0.045444259292971384,1.7791313448210451,0.4481699295596655,-0.10091266579871253,1.7791538191083298,0.44811428133575354,-0.10084394037822568
18.379999999999999,9190,0.006827625770578119,0.014999415421067443,0,0.18663709711728715,9.3296950115294284e-05,0.00048376053400629021,7.3473854364273017e-07,2.1632676668865267e-05,2.9104652128759452,1.217292098530135,-0.1830252258957876,0.045433045078928945,1.7789752379238353,0.44885663664119047,-0.10185037002610077,1.7789974179791179,0.44879983031882942,-0.10177976260589378
18.400000000000002,9200,0.0068287111596162216,0.014999443608129603,0,0.18721374377049857,9.5287082355256862e-05,0.00047470428953395405,7.2190375028337664e-07,2.122447627911835e-05,2.9110605283436231,1.2173164327638899,-0.18300419777452609,0.045421830191033463,1.7788228440123002,0.4495267305823733,-0.10276535916930793,1.7788447985318954,0.44946880315405346,-0.10269295723437956
18.420000000000002,9210,0.0068297880383065487,0.014999468340585069,0,0.1877802445426337,9.7203341086343425e-05,0.0004653042873667402,7.1159726497641302e-07,2.1565179853261896e-05,2.9116479558812651,1.2173407683536992,-0.18298316604170614,0.045410614557569721,1.7786742350070293,0.45017992337053492,-0.10365724678752729,1.7786960251789292,0.4501209175048167,-0.10358313885449875
18.440000000000001,9220,0.006830856028480852,0.014999494400623351,0,0.18833601430176811,9.8994750638069898e-05,0.00045547043630744615,7.0190865908575708e-07,2.1867274910380131e-05,2.9122272530215505,1.2173651033894146,-0.18296213551698576,0.045399398880686039,1.7785295612653096,0.45081590214009065,-0.10452567372145169,1.7785511580677624,0.45075590972796725,-0.10444994757494123
18.460000000000001,9230,0.0068319149346532547,0.014999521953825354,0,0.18888046987887688,0.00010066754148605386,0.0004451952719785192,6.9289004574753618e-07,2.1666346224911465e-05,2.9127982764685982,1.2173894378966132,-0.18294110636536315,0.045388183263756814,1.7783888836805899,0.45143443378509734,-0.10537030710040565,1.7784102529577026,0.45137353541518932,-0.10529304976129103
18.48,9240,0.0068329647719101794,0.014999547567019419,0,0.18941304243508303,0.00010225339695135282,0.00043455317335970096,6.8557455200852238e-07,2.1767042412140833e-05,2.9133609780968124,1.2174137732716803,-0.18292007512656253,0.045376967216508329,1.7782521963073452,0.45203533013602581,-0.10619083748144952,1.7782733610963115,0.45197356993438348,-0.10611213877504845
18.5,9250,0.0068340054750127494,0.014999570672594604,0,0.18993320399584102,0.0001037475968466841,0.00042363694282538332,6.799373821707662e-07,2.1967050066869309e-05,2.9139152690321977,1.2174381096779798,-0.18289904122984701,0.045365750604408263,1.7781195385550514,0.45261838311616276,-0.10698698218296356,1.7781405290958952,0.45255580897104641,-0.10690693571265093
18.52,9260,0.0068350369715626637,0.014999591371526958,0,0.19044045665655474,0.0001051414223461343,0.00041252201029602577,6.7571822084672608e-07,2.1531352099333316e-05,2.9144610598482688,1.2174624470444542,-0.18287800477715038,0.045354533431283019,1.7779909599722736,0.45318340228256249,-0.10775848814986756,1.7780117988099935,0.45312006906965041,-0.1076771901444942
18.539999999999999,9270,0.0068360591958899399,0.014999609948773435,0,0.19093433151855999,0.00010642716191470049,0.0004012227474042636,6.7262992615537163e-07,2.2165253030559974e-05,2.9149982695106531,1.2174867852634597,-0.18285696605556262,0.045343315742287012,1.7778665072325457,0.45373021995023527,-0.1085051319515523,1.7778872072098699,0.45366618817502358,-0.10842268085395358
18.559999999999999,9280,0.0068370720925895285,0.014999626708055405,0,0.19141438955097562,0.00010759830989692519,0.00038976052733935465,6.7043076194522732e-07,2.2099382890764463e-05,2.9155268277432782,1.2175111242244303,-0.18283592537100946,0.045332097588367468,1.7777462204095222,0.45425869150962528,-0.10922672008758395,1.7777667862610005,0.45419402617372945,-0.10914321657640551
18.580000000000002,9290,0.0068380756175631966,0.014999641923047122,0,0.19188022270666019,0.00010864925463003239,0.00037820148857881623,6.6893175692130287e-07,2.183391520383078e-05,2.9160466756608878,1.2175354638278573,-0.18281488299914306,0.045320879015069523,1.777630132390243,0.45476869556252297,-0.10992308962113789,1.7776505627995636,0.45470346543544693,-0.10983863673824867
18.600000000000001,9300,0.0068390697382797192,0.014999655830164793,0,0.19233145500456914,0.00010957502538354461,0.00036654044882730648,6.6798836974085096e-07,2.2394272795856101e-05,2.9165577659324349,1.2175598039873097,-0.18279383917809711,0.045309660060973408,1.7775182691012679,0.45526013423919925,-0.11059410892850821,1.7775385584089309,0.45519441135434979,-0.1105088121959247
18.620000000000001,9310,0.0068400544338452001,0.014999668632747933,0,0.19276774354201165,0.00011037111367422496,0.00035480227770217515,6.6749063209477417e-07,2.1933842111273517e-05,2.9170600628513506,1.2175841446280202,-0.18277279411269823,0.045298440758690404,1.7774106498267435,0.45573293360605954,-0.11123967847024938,1.7774307892961547,0.45566679289048706,-0.11115364597494044
18.640000000000001,9320,0.006841029695064494,0.014999680506708205,0,0.1931887794374281,0.00011103334462222813,0.0003430555578783519,6.6735509025453562e-07,2.2198114802541581e-05,2.9175535424277315,1.2176084856849738,-0.18275174798014987,0.045287221136103915,1.7773072874486451,0.45618704411224936,-0.1118597315582827,1.7773272661684594,0.45612056311116222,-0.11177307400888836
18.66,9330,0.0068419955245340057,0.014999691605323277,0,0.19359428870813139,0.00011155778317421475,0.00033127297641931738,6.6751866516967395e-07,2.1699963539503996e-05,2.9180381925104468,1.2176328271012991,-0.1827307009348591,0.045276001217351786,1.7772081885952742,0.45662244105896865,-0.11245423511558883,1.7772279941097304,0.45655569973231358,-0.11236706587846822
18.68,9340,0.0068429519367659919,0.01499970206302449,0,0.19398403308705842,0.0001119406657989876,0.00031948479070103051,6.6793405353543934e-07,2.2000207897163392e-05,2.9185140129446205,1.2176571688269537,-0.18270965311224963,0.045264781023557181,1.7771133537160095,0.45703912508578887,-0.11302319042987849,1.7771329724570037,0.45697220565989355,-0.11293562555050803
18.699999999999999,9350,0.0068438989583373524,0.014999711998407482,0,0.19435781078184655,0.00011217835104611738,0.00030770457048149018,6.685662479650582e-07,2.2524095754713237e-05,2.918981015746982,1.2176815108176644,-0.18268860463179243,0.045253560573391846,1.7770227771011431,0.45743712267049313,-0.11356663390295153,1.7770421946769557,0.45737010953124907,-0.11347879211698583
18.719999999999999,9360,0.0068448366280570664,0.014999721516719104,0,0.19471545717887101,0.00011226728401601393,0.00029597760047555941,6.6938989243293248e-07,2.2099382890764463e-05,2.9194392253015744,1.2177058530340543,-0.18266755559951148,0.04524233988352231,1.7769364468614628,0.45781648663954777,-0.11408463779700161,1.7769556482423927,0.45774946625650076,-0.11399664053405015
18.740000000000002,9370,0.0068457647547732455,0.014999740866054535,0,0.19505686303180772,0.00011217481058820034,0.00028400264134005295,6.7175605752309824e-07,2.2263692832568247e-05,2.9198885499174025,1.21773019194204,-0.18264651634424334,0.045231119242785472,1.7768544983081773,0.45817727267571412,-0.11457732499847147,1.7768733145087408,0.45811035755992324,-0.11448928236104193
18.760000000000002,9380,0.0068466836540606504,0.014999758811533807,0,0.19538191863713861,0.00011193436662528685,0.00027218646635307329,6.7426174242166419e-07,2.2230927998283902e-05,2.9203291804536002,1.217754531447609,-0.182625475538372,0.045219898769741099,1.7767767242961736,0.45851961839563399,-0.11504482539977555,1.7767951685905345,0.45845289252132465,-0.11495686649951534
18.780000000000001,9390,0.0068475933538752207,0.014999777366737559,0,0.19569057802062004,0.00011153604685819407,0.00026045274322892989,6.7754774656114922e-07,2.2296409518597789e-05,2.9207611557590245,1.2177788708118145,-0.18260443521625416,0.045208678020255681,1.7767031181766932,0.45884365247178738,-0.11548732522039545,1.7767211792379083,0.45877720811742656,-0.1153995799322592
18.800000000000001,9400,0.0068484938084498181,0.014999802081372735,0,0.19598284067037594,0.00011096170979123119,0.00024866661278372169,6.8299140363504729e-07,2.2588727439225648e-05,2.9211844813870433,1.2178032081270043,-0.1825834009717468,0.045197457132212619,1.7766337245201285,0.45914952549292531,-0.11590505519989776,1.7766513087130842,0.45908346976324427,-0.11581764846231882
18.82,9410,0.0068493852770186324,0.014999825832980122,0,0.19625872396949723,0.00011022858340941205,0.00023709710740193009,6.8906181760130793e-07,2.2394272795856101e-05,2.9215993331738104,1.217827545860052,-0.18256236562331898,0.045186236197357198,1.7765683915119141,0.4594374481714591,-0.11629826818980207,1.7765855126668626,0.45937187185346545,-0.11621133745201576
18.84,9420,0.0068502677354039705,0.014999853878209252,0,0.19651831130582834,0.0001093221321550672,0.00022590018186787787,6.968313336516758e-07,2.2230927998283902e-05,2.9220057399052068,1.2178518819362283,-0.18254133446437973,0.045175016429576338,1.7765071551216538,0.45970763054133162,-0.11666727914508754,1.7765237400151113,0.45964263830383123,-0.11658095256197071
18.859999999999999,9430,0.0068511413264552299,0.014999884995967416,0,0.19676170945748467,0.00010824198067617548,0.00021493062664352543,7.0652202927419198e-07,2.2426798989897964e-05,2.9224038314592153,1.2178762168719812,-0.18252030626548338,0.045163797480369194,1.7764499333236849,0.45996032793423125,-0.11701242804752574,1.7764659328152559,0.45989602309251526,-0.11692684049012365
18.879999999999999,9440,0.0068520063160874278,0.014999913832358098,0,0.19698887800238021,0.000106995562594111,0.00020412154892419552,7.1683256526580638e-07,2.2556434745889217e-05,2.9227938096348214,1.2179005527186748,-0.182499275636547,0.045152578078398897,1.7763965693690078,0.46019583492697141,-0.11733408814074876,1.7764120261427687,0.46013231080150374,-0.11724938971075563
18.900000000000002,9450,0.006852862873619147,0.014999939927577562,0,0.19719977268513625,0.00010557899508096513,0.00019340941278120122,7.2728747381400945e-07,2.2230927998283902e-05,2.9231758249423527,1.2179248896123389,-0.18247824211530991,0.045141358113174254,1.7763469895360702,0.46041446509404627,-0.1176326876874539,1.7763619479676582,0.46035181715797518,-0.11754903121350976
18.920000000000002,9460,0.0068537111673448977,0.01499996354053783,0,0.19739472167127356,0.00010398655879910737,0.00018291490166653227,7.3764935891588597e-07,2.2588727439225648e-05,2.9235500323811636,1.2179492274516381,-0.1824572059625813,0.045130137630939676,1.776301129760113,0.4606165618626924,-0.11790870010862096,1.7763156190309592,0.46055488957568008,-0.11782623924241223
18.940000000000001,9470,0.0068545513784050117,0.014999985019231202,0,0.19757408896612258,0.00010221290415180696,0.00017266503426143523,7.4779363345667321e-07,2.2685329707937426e-05,2.9239166014937084,1.2179735661122575,-0.18243616752869793,0.045118916696082985,1.7762589175188754,0.46080250117831767,-0.11816264258174154,1.7762729527212229,0.46074190769632151,-0.1180815320348947
18.960000000000001,9480,0.0068553838402902641,0.014999999652434424,0,0.1977382579219375,0.00010026200605986123,0.00016249983956439476,7.5544130042378953e-07,2.2588727439225648e-05,2.9242757906123549,1.2179979074381342,-0.1824151220697649,0.045107694180792954,1.7762201858376383,0.46097270304425364,-0.11839506523743239,1.7762338549510048,0.460913283930934,-0.11831547256081432
18.98,9490,0.0068562087622165901,0.01500000859518214,0,0.19788765985559456,9.812702818562635e-05,0.0001525987544489983,7.6075458826512978e-07,2.2263692832568247e-05,2.9246277935185945,1.2180222509308909,-0.1823940707493856,0.045096470366791708,1.7761848641411668,0.46112760685077842,-0.11860657841364301,1.7761982240333565,0.46106946400126358,-0.11852866926147512
19,9500,0.0068570262698763431,0.01500001666373804,0,0.19802276659220341,9.5795121399347199e-05,0.0001429452693690996,7.6573243664035496e-07,2.2940947124789083e-05,2.9249727679034132,1.2180465947344332,-0.18237301841699094,0.045085246377142521,1.7761529328856831,0.46126767875971414,-0.11879784608511207,1.7761659505583134,0.46121092748114767,-0.11872177678864972
19.02,9510,0.0068578365926914957,0.015000024822141625,0,0.19814407221227479,9.3261062976273909e-05,0.0001337076042031629,7.7077295402055509e-07,2.2781522350186147e-05,2.9253109401047328,1.2180709385353896,-0.18235196604255821,0.045074022399636128,1.7761242914564048,0.46139342918847442,-0.11896956875681282,1.7761369172693857,0.46133818833789531,-0.11889549674360046
19.039999999999999,9520,0.0068586399920771987,0.015000033297279293,0,0.19825210252363973,9.0521814662618082e-05,0.00012468603400428525,7.7598113554322619e-07,2.2491710265994076e-05,2.9256425636357997,1.2180952822649385,-0.1823309138543254,0.045062798469046011,1.7760988124657289,0.461505405595459,-0.11912249255667712,1.776110998940047,0.46145179547366622,-0.11905057841610052
19.059999999999999,9530,0.0068594367496272153,0.015000042137377071,0,0.19834741757198332,8.7574700923732411e-05,0.00011609438112044224,7.8139111442737365e-07,2.2459278078588273e-05,2.9259679106732159,1.2181196259078635,-0.1823098619008125,0.045051574587229699,1.7760763578404277,0.4616041911138602,-0.11925741189902034,1.7760880622502251,0.4615523332668513,-0.11918781952345535
19.080000000000002,9540,0.0068602271642149984,0.015000051364350566,0,0.198430612463671,8.4416962098946355e-05,0.00010777856716641363,7.8702648900767136e-07,2.2781522350186147e-05,2.9262872701794072,1.2181439694558405,-0.18228881020407195,0.045040350753645632,1.7760567822951878,0.46169040474862338,-0.11937517054078685,1.77606796566279,0.46164042211345202,-0.11930806694952367
19.100000000000001,9550,0.0068610116945331942,0.015000055533121412,0,0.19850230801551644,8.1057837712872723e-05,9.9938937224901804e-05,7.8961571836206538e-07,2.2781522350186147e-05,2.9266010211070697,1.2181683147705331,-0.18226775327369779,0.04502912704639303,1.7760398528775589,0.46176471538905739,-0.11947665419052977,1.7760505593000455,0.46171671896846028,-0.11941221748373861
19.120000000000001,9560,0.0068617906688577708,0.015000055673412685,0,0.19856317373121668,7.7490265227107588e-05,9.2436523541051529e-05,7.8986134894729044e-07,2.2845425764212974e-05,2.9269094785232275,1.2181926614821406,-0.18224669215024916,0.045017903204464971,1.7760254301069021,0.46182781072753887,-0.11956280938143481,1.7760356848202168,0.46178191788723877,-0.11950121856013009
19.140000000000001,9570,0.0068625643263426281,0.01500005691180514,0,0.19861392282635867,7.3698754530608632e-05,8.5351747572645298e-05,7.9081131465134957e-07,2.2394272795856101e-05,2.9272129195082366,1.2182170078396768,-0.1822256320026816,0.045006679189620279,1.7760134290771767,0.46188040710122175,-0.11963464053114629,1.7760231752939417,0.46183675056689955,-0.1195760689963439
19.16,9580,0.0068633330147981229,0.01500006023904773,0,0.19865529702840692,6.9678626478509605e-05,7.8547175455152786e-05,7.9291925597818057e-07,2.3225154141253322e-05,2.927511689947488,1.2182413535173902,-0.18220457382752789,0.044995455243369398,1.7760036899438272,0.46192327129796135,-0.11969319760479016,1.7760128550807592,0.46188198688768523,-0.11963781973266509
19.18,9590,0.0068640972837170225,0.015000060106086063,0,0.19868805763924507,6.5436912351751495e-05,7.2223396941200059e-05,7.932137576132794e-07,2.2813496432377448e-05,2.9278062504927811,1.2182657014667722,-0.18218351202450034,0.044984229231674951,1.7759959428455645,0.46195722701341491,-0.11973956782483905,1.7760045397056001,0.46191843545434802,-0.11968757457103801
19.199999999999999,9600,0.0068648575286665665,0.015000057411574948,0,0.19871302512749558,6.0969335341554166e-05,6.633112462493121e-05,7.9224549117952616e-07,2.262097403300073e-05,2.9280969876513905,1.2182900509060122,-0.18216244750432586,0.044973001835065043,1.7759900050170208,0.46198311559113175,-0.11977490985006035,1.7759980357352756,0.46194694413753007,-0.11972649091408853
19.219999999999999,9610,0.006865614041448009,0.01500005747440054,0,0.19873106897299597,5.6263789866862807e-05,6.0851964227063012e-05,7.9280290972067641e-07,2.2491710265994076e-05,2.9283842421656878,1.2183143990280139,-0.1821413856341722,0.044961775151360156,1.7759857533130341,0.46200180744848163,-0.11980044620368555,1.7759931406549672,0.46196840061514222,-0.11975578050414351
19.240000000000002,9620,0.0068663674246732939,0.015000053894183268,0,0.19874306783730103,5.133045974316352e-05,5.5881425508131032e-05,7.8951516617216292e-07,2.2685329707937426e-05,2.9286685176155163,1.2183387477343215,-0.18212031994259237,0.044950552433049649,1.7759829132460265,0.46201425012871145,-0.11981743152686203,1.775989642744717,0.46198373291374517,-0.11977671016225423
19.260000000000002,9630,0.0068671181186523364,0.015000048654362065,0,0.19874995833540038,4.6161366902057023e-05,5.139688985783534e-05,7.8444414295015327e-07,2.265317472408141e-05,2.9289502557181328,1.2183630965670402,-0.18209925243860867,0.044939331785803463,1.7759812738158469,0.4620214023550096,-0.11982718765471438,1.7759873209559165,0.46199390994992828,-0.11979060252721577
19.280000000000001,9640,0.0068678666920625854,0.015000041721719249,0,0.19875269904031337,4.0749316436717648e-05,4.7597402203450136e-05,7.8015365053582379e-07,2.2588727439225648e-05,2.9292299717667465,1.2183874490525501,-0.18207818308354992,0.044928103597270445,1.7759806012849404,0.46202428084952557,-0.11983107927682646,1.7759859447877968,0.46199994207169021,-0.11979883679459007
19.300000000000001,9650,0.0068686135688708367,0.015000035940688999,0,0.19875231828897516,3.5087697378928996e-05,4.4016979098431786e-05,7.7763865766543874e-07,2.2845425764212974e-05,2.9295081134845726,1.2184118023433854,-0.18205711475660494,0.04491687189437607,1.7759806847156057,0.46202392072385423,-0.11983055214027634,1.7759852741639173,0.46200288159981784,-0.11980284945572535
19.32,9660,0.006869359241261197,0.015000030529054237,0,0.19874988175499003,2.9188019698172037e-05,4.1123184440876579e-05,7.7052721205180104e-07,2.2781522350186147e-05,2.929785157114464,1.2184361528408532,-0.18203604663561704,0.04490565240185003,1.7759812861232338,0.46202142167904464,-0.11982711335391931,1.775985059308657,0.46200382336926676,-0.11980413503677848
19.34,9670,0.0068701041603592729,0.015000031279206245,0,0.19874649441045888,2.3026993249105514e-05,3.8863116160158475e-05,7.6645425873490185e-07,2.262097403300073e-05,2.9300615988526757,1.2184604993700772,-0.18201498460983856,0.044894436308385861,1.775982182648244,0.46201789073196309,-0.11982231467076819,1.7759850419053402,0.46200391015912579,-0.11980424229820416
19.359999999999999,9680,0.0068708486514209638,0.015000051655266548,0,0.19874329829606702,1.6691072311665668e-05,3.6860879999790312e-05,7.7615829231036619e-07,2.3193747562800386e-05,2.9303378964373095,1.2184848390460201,-0.18199394227107002,0.044883216285376018,1.7759831506603321,0.46201449286273305,-0.11981776736199537,1.7759850877157366,0.46200482445806479,-0.119804300303577
19.379999999999999,9690,0.0068715936808988283,0.015000092412796403,0,0.19874047529544503,1.0666075782342645e-05,3.4722460917421245e-05,8.0329909923545654e-07,2.3036072399968081e-05,2.9306147153009938,1.2185091680963764,-0.18197292045302599,0.04487199369127351,1.7759841882013698,0.46201322537188783,-0.11981436304325147,1.7759853039085323,0.46200913930489701,-0.11980457404806968
19.400000000000002,9700,0.0068723409771198184,0.015000143270408224,0,0.19873715609558501,7.3945010495080393e-06,3.3547981368006765e-05,8.4158455693726547e-07,2.2845425764212974e-05,2.9308929985035328,1.2185334918054957,-0.18195190875091366,0.0448607684166695,1.7759854206523249,0.46201693216547607,-0.11981217930464329,1.7759858188477795,0.46201941663154122,-0.11980522606694261
19.420000000000002,9710,0.0068730921724723913,0.015000200269040356,0,0.19873233711311006,1.0748630270464672e-05,3.319851369894514e-05,8.8674072610016477e-07,2.2781522350186147e-05,2.9311736496485801,1.2185578133498585,-0.1819309031174296,0.04484954216106464,1.7759869198695784,0.46202845604265425,-0.11981114936779545,1.7759867551047919,0.46203810275654017,-0.1198064115606593
19.440000000000001,9720,0.0068738489353759808,0.015000252103302634,0,0.19872510923865638,1.7348641286148059e-05,3.2600293282595237e-05,9.2809964033527726e-07,2.2588727439225648e-05,2.9314575620946028,1.2185821378610673,-0.18190989209808384,0.044838318327457848,1.7759887707409343,0.46205044442901133,-0.11981123860216279,1.7759882295442557,0.46206753010368412,-0.11980827850392015
19.460000000000001,9730,0.0068746125974289843,0.015000297043377119,0,0.19871470527262333,2.467924083725288e-05,3.2240554896932883e-05,9.6405377802640207e-07,2.2588727439225648e-05,2.9317454776559293,1.2186064659335059,-0.18188887395398182,0.044827096212550779,1.7759911002978077,0.46208529719253344,-0.11981247692425372,1.7759903534103394,0.46210991892063402,-0.11981096775469605
19.48,9740,0.0068753842025867018,0.015000341902114177,0,0.19870046895687246,3.2178096377771265e-05,3.2127310588840229e-05,1.0018031136444466e-06,2.2845425764212974e-05,2.9320380085604683,1.2186307935024643,-0.18186785561406474,0.044815873334903306,1.7759940611245149,0.46213521318439699,-0.119814935014022,1.7759932324128052,0.46216737899754523,-0.11981461316326217
19.5,9750,0.0068761648978597247,0.015000386708821324,0,0.19868177674211607,3.9632321221887674e-05,3.2036426925603535e-05,1.0410872107306543e-06,2.2749503328951236e-05,2.9323357931464615,1.2186551206605234,-0.18184683710547234,0.044804649773709862,1.7759977915253236,0.46220229318359862,-0.11981867926279331,1.7759969668131188,0.46224191138569093,-0.11981934168123161
19.52,9760,0.0068769557625942548,0.015000431268402458,0,0.19865805944473242,4.6932007287241134e-05,3.2465858510792826e-05,1.0814481136530737e-06,2.2717439178655149e-05,2.9326394347301403,1.2186794476101668,-0.18182581822786945,0.044793425648982976,1.7760024134853181,0.46228850798615206,-0.11982378252786567,1.7760016515105612,0.46233541011608531,-0.11982527347058908
19.539999999999999,9770,0.0068777581506019574,0.015000460233040316,0,0.19862875411517958,5.3947555337667796e-05,3.3351856379600839e-05,1.1061522799782687e-06,2.3099271619960363e-05,2.9329496485801734,1.2187037837348478,-0.18180478339883119,0.044782202414394144,1.7760079653670306,0.46239576567764057,-0.11983029239409006,1.7760073761283379,0.46244966391810738,-0.11983252201272464
19.559999999999999,9780,0.0068785728828796491,0.015000476463637039,0,0.19859341215774254,6.0659627522517866e-05,3.4743447598646762e-05,1.1180435393890054e-06,2.2749503328951236e-05,2.9332669192324472,1.2187281270838453,-0.18178373552893878,0.044770979585185652,1.7760145552573006,0.46252576834895043,-0.11983829886068492,1.7760142250996904,0.46258635793812403,-0.11984119421746736
19.580000000000002,9790,0.0068794005121043632,0.015000492366525557,0,0.19855165996144691,6.7097430397665544e-05,3.6463232122202081e-05,1.1303131879727871e-06,2.2749503328951236e-05,2.9335916054686426,1.2187524701517871,-0.18176268721216904,0.044759756055606115,1.7760223369621289,0.462680068373303,-0.11984791026696801,1.7760222777540062,0.46274707545811383,-0.11985139053211906
19.600000000000001,9800,0.0068802418413608573,0.01500050855980008,0,0.19850312685872498,7.3241859846024878e-05,3.8028883852185264e-05,1.1433584372964317e-06,2.2781522350186147e-05,2.9339241628775565,1.2187768128000169,-0.18174163906876967,0.044748532003800072,1.7760314049549848,0.46286016724555595,-0.1198592068901653,1.7760316084029302,0.46293329961429014,-0.11986320505048792
19.620000000000001,9810,0.0068810976330033139,0.015000524916696257,0,0.19844748313099159,7.9076281456461232e-05,3.9734885993886373e-05,1.1569498663442741e-06,2.2717439178655149e-05,2.9342650259219281,1.2188011551832116,-0.18172059096763757,0.044737307515824484,1.7760418315329116,0.46306746612776473,-0.11987226370967533,1.7760422864264744,0.46314641511572485,-0.11987672562192232
19.640000000000001,9820,0.0068819686510828027,0.015000537850382025,0,0.19838443769677511,8.4584437180077379e-05,4.2173307093971303e-05,1.1674278492274607e-06,2.2813496432377448e-05,2.9346146290996309,1.2188254992994862,-0.18169953927476012,0.044726082434581427,1.7760536490316794,0.46330326991735254,-0.11988714758093653,1.776054376359129,0.46338770996297152,-0.11989203396034438
19.66,9830,0.0068828555083604954,0.015000548002653364,0,0.19831375220275593,8.9763366799748548e-05,4.4983420531989019e-05,1.1754400499505308e-06,2.2813496432377448e-05,2.9349733299112053,1.2188498447427147,-0.18167848464173883,0.044714856762182682,1.7760669235236402,0.46356877478500119,-0.11990392881273626,1.776067937975973,0.46365837716668912,-0.11990920575328377
19.68,9840,0.0068837587297569339,0.015000558253996796,0,0.19823523577384694,9.4616717956979286e-05,4.7857040207728578e-05,1.1838638601606868e-06,2.3225154141253322e-05,2.9353414367723358,1.2188741899409958,-0.1816574299859155,0.04470363066682953,1.7760817384903738,0.46386507640972002,-0.11992267691076809,1.7760830263787841,0.46395951646626532,-0.11992831077091137
19.699999999999999,9850,0.0068846788540721463,0.015000568756538858,0,0.19814873514302997,9.9144610698743621e-05,5.0754671090899725e-05,1.1927895393428956e-06,2.3067693653563172e-05,2.9357192602668292,1.2188985348737276,-0.1816363754595085,0.044692404204830817,1.7760981470267936,0.46419318284982275,-0.11994345217663573,1.7760996920821506,0.46429213604843977,-0.11994941297507293
19.719999999999999,9860,0.0068856163069185381,0.015000583182426001,0,0.1980541463404718,0.00010335464976419713,5.3071492841511241e-05,1.2059880909926955e-06,2.3225154141253322e-05,2.9361070517143868,1.2189228774950078,-0.18161532478304629,0.044681177558579331,1.7761162242509461,0.46455400405614405,-0.11996631512416422,1.7761179810995809,0.46465715426592802,-0.11997257062832284
19.740000000000002,9870,0.0068865715699707609,0.015000600614541851,0,0.19795139936402437,0.00010724685843592043,5.546243983744883e-05,1.2224686360002167e-06,2.3225154141253322e-05,2.9365050846272767,1.2189472184010066,-0.18159427702480313,0.044669950746329568,1.7761360007758431,0.46494837049613819,-0.11999131395445582,1.7761379350296143,0.4650554013560444,-0.11999783640295776
19.760000000000002,9880,0.0068875451158172032,0.01500061770666631,0,0.19784046298279245,0.00011081846293004342,5.7905745997746177e-05,1.2387890586924143e-06,2.3225154141253322e-05,2.9369136264295612,1.2189715594586676,-0.18157322879429239,0.044658723611618392,1.776157479732158,0.46537702978532586,-0.12001848831936444,1.7761595911419319,0.46548762115932568,-0.12002525749005036
19.780000000000001,9890,0.0068885372967272662,0.015000634108976174,0,0.19772135497143203,0.00011407338371789008,6.0863941781401437e-05,1.2546454635017962e-06,2.2717439178655149e-05,2.9373328835944084,1.2189959007833704,-0.18155217973939777,0.044647496091284718,1.7761806868821823,0.46584063743555781,-0.12004787797349034,1.776182982463467,0.46595447283815467,-0.120054875708483
19.800000000000001,9900,0.0068895482354638451,0.01500065753475808,0,0.19759416548222103,0.00011705568753752176,6.43679651027452e-05,1.2787234487094484e-06,2.265317472408141e-05,2.9377629568619303,1.2190202379818897,-0.18153113769065177,0.044636266672756157,1.776205687108162,0.46633972369770055,-0.12007953670303471,1.7762081378645158,0.46645653259538361,-0.12008672761398144
19.82,9910,0.0068905782579150353,0.01500068601261904,0,0.19745898590789593,0.00011975444137973119,6.8515002644514697e-05,1.3087040306137335e-06,2.3130806476445511e-05,2.9382040246274292,1.2190445722924066,-0.18151010064301212,0.04462503593576353,1.7762324996085304,0.46687479500951562,-0.12011348831195824,1.7762350821448474,0.46699429539295728,-0.12012084460814848
19.84,9920,0.0068916277490027105,0.015000712723681206,0,0.19731593351240634,0.00012213850541007465,7.2555691773301876e-05,1.3369337092851757e-06,2.2909150924997221e-05,2.9386562866347048,1.2190689075563479,-0.18148906167546583,0.044613805164288485,1.7762611095299454,0.46744629987532288,-0.12014974125677705,1.7762638361198155,0.46756817667053696,-0.12015725304749776
19.859999999999999,9930,0.0068926964869613075,0.015000752902183726,0,0.19716524097659688,0.00012427460757959277,7.5856238976983276e-05,1.3814140777880737e-06,2.2972699315936647e-05,2.9391196900605316,1.2190932333930131,-0.18146803628651167,0.044602572851714116,1.7762915679641651,0.46805450651047975,-0.12018834615508041,1.776294416706468,0.46817851406412336,-0.12019597435248738
19.879999999999999,9940,0.006893784729802792,0.01500080234591452,0,0.19700711780494881,0.00012614724813294603,7.8751074070770939e-05,1.4371322865725e-06,2.2877310533063834e-05,2.9395943627050385,1.2191175528442149,-0.18144702019679454,0.044591339483528745,1.7763238838900255,0.46869969271376094,-0.1202293091286088,1.7763268370096581,0.46882556912468049,-0.1202370251165536
19.900000000000002,9950,0.0068948929237733943,0.015000847394306498,0,0.19684178687236217,0.0001277081137219028,8.2139946966731546e-05,1.4880818146006436e-06,2.3099271619960363e-05,2.9400805040896754,1.2191418750204273,-0.18142599951474669,0.044580106212878952,1.7763580260993694,0.46938209675764625,-0.12027261412291562,1.7763611064081546,0.46950952903675897,-0.12028041721514457
19.920000000000002,9960,0.0068960211176239891,0.015000887521917602,0,0.1966695538434361,0.00012896651488021488,8.6032258624018488e-05,1.5338237455716838e-06,2.3004407680670755e-05,2.9405781500481813,1.2191661999930199,-0.18140497371425779,0.044568872865329713,1.7763939888494447,0.47010182418860036,-0.12031826851240131,1.7763972306407529,0.47023050833711905,-0.120326157914754
19.940000000000001,9970,0.006897169301800979,0.015000922986224836,0,0.19649076512778535,0.00012993558545118023,9.0362976799448496e-05,1.5746922072722334e-06,2.2588727439225648e-05,2.9410873033842218,1.2191905274931125,-0.18138394306009764,0.044557639333734536,1.7764317757624799,0.47085890536716135,-0.12036627788489888,1.776435211892385,0.47098855063335471,-0.12037424998195488
19.960000000000001,9980,0.0068983374299964925,0.015000954069092824,0,0.19630580171423367,0.00013062627296724766,9.491874349389117e-05,1.6109848579686981e-06,2.2588727439225648e-05,2.9416079447441184,1.2192148573262855,-0.18136290783904738,0.044546405584053046,1.7764713908105099,0.47165330359927188,-0.1204166427599775,1.7764750488802308,0.4717836303225168,-0.12042469179243316
19.98,9990,0.0068995254199896621,0.015000981033807426,0,0.19611507811761833,0.00013104801549510209,9.9668703187883094e-05,1.6429627043598077e-06,2.2940947124789083e-05,2.9421400340362434,1.2192391893411592,-0.18134186831799776,0.044535171611653039,1.7765128347970656,0.47248491624257055,-0.12046935873071389,1.7765167369398278,0.47261565430973634,-0.12047747744002144
20,10000,0.00690073315404103,0.01500100412267156,0,0.19591904129743509,0.00013120939674470301,0.00010477441172276373,1.6708656752905167e-06,2.2813496432377448e-05,2.9426835110033744,1.2192635234070464,-0.18132082474226108,0.044523937420807645,1.7765561043855032,0.47335357577538062,-0.12052441678808233,1.7765602681111825,0.47348446372684833,-0.1205325968457327
20.02,10010,0.0069019604796300834,0.015001023558259607,0,0.19571816921794902,0.00013111843563012177,0.00011010039314704947,1.6949184087093799e-06,2.262097403300073e-05,2.9432382956886016,1.2192878594055754,-0.18129977733709762,0.04451270301772791,1.7766011920688332,0.47425905122146084,-0.12058180354986993,1.776605631224881,0.47438983565101472,-0.12059003586679394
20.039999999999999,10020,0.0069032072103230218,0.015001039545777814,0,0.19551296918719521,0.00013078273270168177,0.00011558468219714476,1.7153325775705968e-06,2.2394272795856101e-05,2.9438042888889662,1.2193121972275831,-0.18127872631017145,0.044501468408901568,1.7766480864171521,0.47520104971620042,-0.12064150144498315,1.776652811988199,0.47533148482334825,-0.12064977640567998
20.059999999999999,10030,0.0069044731266818165,0.015001052275673717,0,0.19530397604121039,0.00013020957150411983,0.00012136806047720858,1.7323083620800943e-06,2.2329078268013787e-05,2.9443813726047274,1.2193365367717046,-0.18125767185419728,0.044490233601080412,1.7766967723689984,0.47617921811803043,-0.1207034888807049,1.7767017930712121,0.4763090653675357,-0.12071179651914699
20.080000000000002,10040,0.0069057579771936058,0.015001061926055903,0,0.19509175019303854,0.00012940599867344038,0.00012722086803788069,1.7460357687814214e-06,2.262097403300073e-05,2.9449694105134023,1.2193608779434095,-0.1812366141493815,0.04447899860161534,1.7767472314969333,0.47719314464185653,-0.1207677403988397,1.7767525541929079,0.47732217250846148,-0.12077607052726638
20.100000000000001,10050,0.0069070608635099593,0.01500109590768341,0,0.19487694530706712,0.00012844929041093994,0.00013412672573115682,1.7879488133481352e-06,2.262097403300073e-05,2.9455679733653195,1.2193852054316447,-0.18121558102487509,0.044467757912754126,1.7767996381562448,0.47824227785786827,-0.12083428178002677,1.7768050722072952,0.47837034429083053,-0.12084256912245833
20.120000000000001,10060,0.0069083816469360706,0.015001149299183314,0,0.19466014191397352,0.00012731715390399537,0.00014168012878354328,1.8513846451741191e-06,2.3036072399968081e-05,2.9461769539903226,1.2194095229235657,-0.18119456744922724,0.044456514225632002,1.7768539518887154,0.47932612375015565,-0.12090306316637676,1.776859321189515,0.47945306329779269,-0.12091125947852563
20.140000000000001,10070,0.0069097205704915753,0.015001198239551945,0,0.19444189650077534,0.00012594746433130166,0.00014909537944814231,1.9089466173676073e-06,2.2459278078588273e-05,2.9467964264220985,1.2194338437698444,-0.18117354919573775,0.044445272421489102,1.7769099516122271,0.48044418499443636,-0.1209739949250557,1.776915272521951,0.48056975836956534,-0.12098210535968723
20.16,10080,0.0069110773381282917,0.015001239256020329,0,0.19422284504418022,0.00012434537101522314,0.000156303547876144,1.9576404985743009e-06,2.2556434745889217e-05,2.9474262335576102,1.2194581689916573,-0.18115252277305821,0.044434031595138646,1.7769675370486919,0.4815958365940996,-0.12104703165798095,1.7769728949803409,0.48171980632205735,-0.12105506722961208
20.18,10090,0.0069124515663649706,0.015001271564734407,0,0.19400364678497833,0.00012252352758443589,0.00016349709596278315,1.996999774359338e-06,2.2685329707937426e-05,2.9480661642407027,1.2194824985990407,-0.18113148740100371,0.044422791182585498,1.7770266637247358,0.48278039295513037,-0.12112213307201999,1.777032154819886,0.48290253366549207,-0.12113010236045271
20.199999999999999,10100,0.0069138414115666388,0.015001347460109997,0,0.19378515538416521,0.00012071444728724392,0.00016986448397099602,2.0918336814394057e-06,2.2426798989897964e-05,2.948715460225646,1.2195067947657527,-0.18111049636594345,0.044411543791916454,1.7770872986659079,0.48399689036900129,-0.12119938837843745,1.7770930158613618,0.48411721832303128,-0.12120716494187904
20.219999999999999,10110,0.0069152468935122103,0.01500145135852342,0,0.19356796782234154,0.00011883270348386326,0.00017601822881938828,2.2228928532003459e-06,2.2524095754713237e-05,2.9493740403630553,1.2195310689146635,-0.18108953379065501,0.044400291266072152,1.7771494301260544,0.48524464863537514,-0.1212786947715553,1.7771554395772298,0.48536309134939809,-0.12128620619011193
20.240000000000002,10120,0.0069166688416216803,0.015001536397959122,0,0.19335259055638698,0.00011667306402237478,0.00018260380132732097,2.3321588130700868e-06,2.2588727439225648e-05,2.950042118162826,1.2195553547785516,-0.18106855192840673,0.044389040045743622,1.7772130323961075,0.48652306760713526,-0.12135987440620452,1.7772193851777467,0.48663933864950104,-0.12136717445695704
20.260000000000002,10130,0.0069181067781566808,0.015001601613427741,0,0.19313971647937833,0.0001142507847268699,0.00018939924908447015,2.4184625001512214e-06,2.2426798989897964e-05,2.9507194233429321,1.2195796528531542,-0.18104754979848348,0.044377790393027305,1.7772780592660868,0.48783127507236101,-0.12144287773781519,1.7772848096970759,0.48794510269705643,-0.1214500153388384
20.280000000000001,10140,0.0069195601189369002,0.015001649076618629,0,0.19293005400405699,0.00011159987288933754,0.00019624911678992198,2.4843554854788155e-06,2.2263692832568247e-05,2.9514056389827252,1.2196039616439631,-0.18102652951111051,0.044366542015861793,1.7773444712825757,0.48916833738562887,-0.12152766382103328,1.7773516680793975,0.48927948425321316,-0.12153467178583216
20.300000000000001,10150,0.0069210282708024222,0.015001680632480967,0,0.19272430246945477,0.00010874609948622115,0.00020314431141801506,2.5320297475952889e-06,2.2329078268013787e-05,2.9521004390705929,1.2196282799675944,-0.1810054929414662,0.044355294721001123,1.7774122328626949,0.49053328919609485,-0.12161418460463946,1.7774199132650192,0.49064154408517524,-0.12162108421070029
20.32,10160,0.0069225106311979557,0.015001697866588934,0,0.1925231509414447,0.00010570891074807392,0.00021002137561414831,2.5633160213633459e-06,2.2033315828455735e-05,2.9528034896129478,1.2196526068941269,-0.18098444169824107,0.044344048419178474,1.7774813078518841,0.49192513329447241,-0.12170238602848538,1.7774894962764871,0.49203030468482556,-0.1217091905979243
20.34,10170,0.00692400658437966,0.015001702211789359,0,0.19232727756063286,0.00010250417183959344,0.00021685850614803427,2.5798476361474268e-06,2.2230927998283902e-05,2.9535144479595368,1.2196769416230959,-0.18096337723377798,0.044332803072303535,1.7775516572196726,0.49334283957925756,-0.12179220960748627,1.7775603663046957,0.49344475198734911,-0.12179892661273886
20.359999999999999,10180,0.0069255155004962618,0.015001694987219162,0,0.19213734771836669,9.9145457038467659e-05,0.00022356157075143962,2.5831255451511218e-06,2.2165253030559974e-05,2.9542329628522213,1.2197012834314664,-0.18094230088465979,0.044321558662178975,1.7776232382815298,0.4947853455043662,-0.12188359321938359,1.7776324707949989,0.49488383708985673,-0.12189022571016557
20.379999999999999,10190,0.006927036736008297,0.015001677405630619,0,0.19195401174000742,9.5644683167465992e-05,0.00023016762102903509,2.5745343558631248e-06,2.2263692832568247e-05,2.954958674788426,1.2197256316574798,-0.1809212138795587,0.044310315177187261,1.777696004690988,0.49625155719159392,-0.12197647154847975,1.7777057555333207,0.49634647797000819,-0.1219830192440466
20.400000000000002,10200,0.0069285696344348084,0.015001650575533553,0,0.19177790244416862,9.2012534623218728e-05,0.00023664782048893652,2.5553467252223875e-06,2.2165253030559974e-05,2.955691216409106,1.2197499856954677,-0.18090011734154815,0.044299072607603039,1.7777699067658108,0.49774035074938222,-0.12207077642868512,1.7777801647322653,0.49783156120463634,-0.12207723657607847
20.420000000000002,10210,0.0069301135271066586,0.015001615506237926,0,0.19160963268552433,8.8258806049231343e-05,0.00024297023975901482,2.5267288886653754e-06,2.2165253030559974e-05,2.9564302128657625,1.2197743449923044,-0.1808790122932423,0.044287830944364601,1.7778448919249379,0.49925057367173581,-0.12216643714716811,1.7778556411172282,0.49933794368836898,-0.12217280518484562
20.440000000000001,10220,0.0069316677338825006,0.015001573116083841,0,0.19144979290972594,8.4392687951809493e-05,0.00024908836984446252,2.4897491165029185e-06,2.2296409518597789e-05,2.9571752821719266,1.2197987090433458,-0.180857899665122,0.04427659017908412,1.7779209051260985,0.50078104629602549,-0.12226338071551753,1.7779321260125067,0.50086445435225424,-0.12226965077485424
20.460000000000001,10230,0.0069332315638526197,0.01500152424220595,0,0.19129882227005959,8.0423005305748353e-05,0.00025501977286221909,2.4453878547916405e-06,2.1767042412140833e-05,2.9579260355725885,1.2198230773878467,-0.18083678030540648,0.044265350304400895,1.7779978892544506,0.50233056331527848,-0.12236153210843413,1.7780095594274097,0.50240989588238305,-0.12236769738556588
20.48,10240,0.006934804316057668,0.01500146965035457,0,0.19115016495831066,7.6358422073616783e-05,0.00026067374686922847,2.3945481363300919e-06,2.206637408534863e-05,2.958682077926587,1.2198474496042777,-0.1808156549899832,0.044254111314332302,1.7780757854456075,0.50389789533882645,-0.12246081447244406,1.7780878801423698,0.50397304643851226,-0.1224668675004312
20.5,10250,0.006936385280237589,0.015001410043914852,0,0.19100056564477913,7.2207628223413064e-05,0.00026610085224730687,2.3380653182333604e-06,2.1497471115166028e-05,2.9594430081338929,1.2198718253059484,-0.18079452443153254,0.04424287320449561,1.7781545333440905,0.50548179049311248,-0.12256114930916497,1.7781670257950528,0.50555266137268895,-0.12256708215592362
20.52,10260,0.0069379737376155963,0.015001346071688293,0,0.19085860527950899,6.7979529096425222e-05,0.00027128514865863961,2.2767157415255564e-06,2.206637408534863e-05,2.9602084195835454,1.2198962041370351,-0.18077338928740316,0.044231635972169614,1.7782340713063098,0.50708097605411651,-0.12266245663817413,1.7782469329664683,0.50714747494787304,-0.12266826105057303
20.539999999999999,10270,0.0069395679300007108,0.015001313221727777,0,0.19072755136981109,6.4033581194212957e-05,0.00027764582456022129,2.2647845529799483e-06,2.1900583802360337e-05,2.9609776256843698,1.2199205565677682,-0.18075228603098328,0.044220370304426382,1.7783140335620415,0.50869385628573327,-0.1227647589923774,1.7783275372670804,0.50875620205656125,-0.12277032265399954
20.559999999999999,10280,0.0069411686238958319,0.015001261187225988,0,0.19060760257940113,5.9908216086245817e-05,0.00028304109430916084,2.2293727586044413e-06,2.1632676668865267e-05,2.9617506542718477,1.2199449215541602,-0.18073116307053258,0.044209113358932468,1.7783946694699038,0.51031956379922727,-0.12286781402420059,1.7784087734229188,0.51037753993941049,-0.12287318431594706
20.580000000000002,10290,0.0069427748597362402,0.015001197511515567,0,0.19049919280804134,5.5717475912978949e-05,0.00028808503989412662,2.1826638904221019e-06,2.1800504449438904e-05,2.962527029162572,1.2199692927256303,-0.18071002816578127,0.044197858078500504,1.7784758400112044,0.51195668804002892,-0.1229715665299361,1.7784905753616891,0.51201016990386128,-0.12297676237531714
20.600000000000001,10300,0.0069443853271796115,0.015001141343596194,0,0.19040275728990924,5.1707743232709912e-05,0.00029361373758022842,2.1558646053986101e-06,2.1598954627055457e-05,2.963306187854517,1.2199936531209932,-0.18068890103665955,0.044186587205257588,1.7785572744175984,0.51360371362481871,-0.12307599040313254,1.7785728762988828,0.51365275904276031,-0.12308097226920255
20.620000000000001,10310,0.0069460001307363019,0.015001064239166601,0,0.19031849210624602,4.7644150537279074e-05,0.00029831784618582999,2.1074250102623687e-06,2.1867274910380131e-05,2.964087947588903,1.2200180253418735,-0.18066775248799041,0.04417532257008662,1.7786391090616205,0.51525952582412371,-0.12318091684628052,1.778655608823889,0.51530396195298545,-0.12318572864192102
20.640000000000001,10320,0.00694761851550203,0.015000967580581009,0,0.1902466739249167,4.3535574568590855e-05,0.00030219245543586769,2.0375966593357736e-06,2.1900583802360337e-05,2.964871849144926,1.2200424103648027,-0.18064658386167529,0.044164065970385073,1.7787213741064922,0.51692276027053041,-0.12328626591754326,1.7787387049861036,0.51696242245406843,-0.12329094545404901
20.66,10330,0.0069492396124552647,0.015000856243516549,0,0.19018755164398457,3.9433510395528901e-05,0.00030532884186725955,1.9516573032292102e-06,2.2033315828455735e-05,2.9656574039444967,1.2200668061304236,-0.18062540008576808,0.044152817171142382,1.7788040508307719,0.51859201186429993,-0.12339196849669808,1.7788220963810415,0.51862677530681811,-0.12339653609145523
20.68,10340,0.0069508625663358319,0.015000734384640673,0,0.19014132434015446,3.5398873214549587e-05,0.00030782536201226203,1.8544083309473715e-06,2.2198114802541581e-05,2.9664441358995584,1.2200912106248718,-0.18060420536979849,0.044141575767326649,1.7788870923201598,0.52026587572004168,-0.12349795030761533,1.7789057142364455,0.52029564793194383,-0.12350241347433455
20.699999999999999,10350,0.0069524865495158026,0.015000605029005337,0,0.19010813993146042,3.1508537268034868e-05,0.0003097633865337854,1.7496710940507052e-06,2.2099382890764463e-05,2.9672315838355452,1.2201156222867577,-0.18058300278054321,0.044130341343970682,1.7789704338434087,0.5219429503357218,-0.12360413158591115,1.7789894894983986,0.5219676621286794,-0.12360849016624151
20.719999999999999,10360,0.0069541107565668373,0.01500047031448914,0,0.19008809669090315,2.787015428943226e-05,0.00031116272194498467,1.6406112899128194e-06,2.2296409518597789e-05,2.9680192976477877,1.2201400399307278,-0.18056179448841689,0.044119113468901495,1.7790539998290531,0.52362183618371472,-0.12371042892194631,1.7790733529174334,0.52364143579340616,-0.12371467848312412
20.740000000000002,10370,0.0069557343982600481,0.015000331763938874,0,0.19008124442438473,2.4640329466168416e-05,0.00031200258150444944,1.5301085440280864e-06,2.2230927998283902e-05,2.968806834805588,1.2201644626324548,-0.18054058204252271,0.044107891691423436,1.7791377089711675,0.52530113522122501,-0.1238167567031071,1.7791572351346425,0.52531558463827677,-0.1238208906023576
20.760000000000002,10380,0.0069573566974909318,0.015000190488814295,0,0.19008758525138447,2.2040679677822696e-05,0.00031236449700877049,1.4210633080862391e-06,2.2426798989897964e-05,2.9695937579943656,1.2201888896453763,-0.18051936657630172,0.044096675553508304,1.7792214778468403,0.52697945133142332,-0.123923028057584,1.7792410667677907,0.52698872390983742,-0.12392703867177787
20.780000000000001,10390,0.0069589768867489681,0.015000047332241332,0,0.1901070742368807,2.0349276105141911e-05,0.00031222678507414412,1.3166520696991036e-06,2.2329078268013787e-05,2.9703796336915627,1.2202133203454897,-0.18049814895184921,0.044085464603999494,1.7793052232927296,0.5286553912573948,-0.1240291554873196,1.7793247784974233,0.52865947010765346,-0.12403303491871552
20.800000000000001,10400,0.0069605942066313462,0.014999902968324378,0,0.19013962002110685,1.9825813072588269e-05,0.00031163790668091229,1.2205319563108146e-06,2.2459278078588273e-05,2.9711640313963552,1.2202377541941265,-0.18047692986005481,0.044074258410288468,1.7793888638032969,0.53032756579893991,-0.12413505131030307,1.7794083011529791,0.53032644270293072,-0.12413879175902932
20.82,10410,0.0069622079050949155,0.014999757969443684,0,0.19018508551891183,2.0574708343238692e-05,0.00031058590799359437,1.1369490657422199e-06,2.2426798989897964e-05,2.9719465233510629,1.2202621907125188,-0.18045570988846363,0.044063056565843903,1.7794723202111364,0.53199459117436376,-0.12424062797554464,1.7794915657988986,0.53198826585714043,-0.12424422190613998
20.84,10420,0.0069638172372559672,0.014999612849613769,0,0.19024328872930552,2.2474327604195282e-05,0.00030910850986146375,1.070638530253839e-06,2.2329078268013787e-05,2.9727266846008185,1.2202866294646755,-0.180434489565022,0.044051858693867102,1.7795555158807921,0.5336550904977615,-0.12434579828969802,1.7795745038207367,0.53364357014064168,-0.12434923848006384
20.859999999999999,10430,0.0069654214655956205,0.014999468090146368,0,0.1903140036822753,2.5263921623640291e-05,0.00030720669317383487,1.0263583860069292e-06,2.2588727439225648e-05,2.9735040932952819,1.2203110700462836,-0.18041326938400282,0.044040664447849508,1.7796383766045372,0.53530769533851585,-0.12445047558383431,1.7796570470112718,0.53529099425130533,-0.12445375511644656
20.879999999999999,10440,0.0069670183341206107,0.014999384078774226,0,0.19039711775446458,2.8201722620565267e-05,0.00030474098574362406,1.0093376610522208e-06,2.2132342465963256e-05,2.9742776700614049,1.2203354795516717,-0.18039211072823608,0.044029456145049994,1.7797212128002691,0.53695076613834136,-0.12455473237421788,1.7797391276566175,0.53692918673313761,-0.12455768607559685
20.900000000000002,10450,0.0069686071925544575,0.014999359402594533,0,0.19049228543110336,3.1188847834324496e-05,0.00030195114544335052,9.9548049147064168e-07,2.2099382890764463e-05,2.9750470186844953,1.2203598596602665,-0.18037101211049456,0.044018237852352385,1.7798039753859143,0.53858302862371688,-0.12465845456209095,1.7798206786223321,0.53855680769490333,-0.1246609463515201
20.920000000000002,10460,0.0069701885184100679,0.014999347601596718,0,0.19059901658639658,3.4549073612667452e-05,0.0002989646633895754,9.7634160793644799e-07,2.1767042412140833e-05,2.9758122589909668,1.220384235410773,-0.1803499263148533,0.044007022898551164,1.7798862477280275,0.54020339761754976,-0.12476141678759138,1.7799016334395301,0.54017253052874836,-0.12476345178095213
20.940000000000001,10470,0.0069717618402512869,0.014999338736364543,0,0.19071690223055754,3.8269068620478537e-05,0.00029576818959893846,9.5516211723877148e-07,2.1800504449438904e-05,2.9765731198419481,1.2204086107227945,-0.1803288433125976,0.043995809926749195,1.7799677943879331,0.54181057146714318,-0.12486351266333538,1.779981926390992,0.54177504362882545,-0.12486511915239289
20.960000000000001,10480,0.0069733265528201119,0.014999328842311704,0,0.19084551761183577,4.2254299600603745e-05,0.00029227503967911372,9.3433726824992785e-07,2.2329078268013787e-05,2.9773292519332668,1.2204329867163706,-0.18030775912087502,0.043984597684342805,1.7800484878309037,0.54340323724578754,-0.12496465935977101,1.780061492597276,0.5433630521099152,-0.12496586631514012
20.98,10490,0.0069748820171216782,0.014999316263709473,0,0.19098004608775776,4.6411700964027382e-05,0.00028842389516207288,9.1522557690611695e-07,2.2263692832568247e-05,2.9780802796625103,1.2204573637947462,-0.18028667207882182,0.043973385573957906,1.7801282576776472,0.5449801025326475,-0.12506477936993959,1.7801402681028271,0.54493527952605114,-0.12506561228832308
21,10500,0.0069764275827297198,0.014999300598870488,0,0.19111323325520993,5.0667924665903614e-05,0.00028421302699934212,8.9853290635674444e-07,2.2588727439225648e-05,2.9788258180817921,1.2204817420141572,-0.18026558178530638,0.043962173383616084,1.7802070603751916,0.54653989772534617,-0.1251637975399118,1.7802181899620895,0.54649046958914238,-0.12516427736993624
21.02,10510,0.0069779625989993179,0.014999282126924311,0,0.19125077569830487,5.4968986090396708e-05,0.00027975909970760261,8.8457574812512485e-07,2.262097403300073e-05,2.9795654820009898,1.2205061212340935,-0.18024448852347258,0.04395096108554402,1.7802848622966025,0.54808137656067435,-0.12526164022306541,1.7802951963256148,0.54802738788759697,-0.12526178324587295
21.039999999999999,10520,0.0069794864227735202,0.014999261447975911,0,0.19139732525034189,5.9275943595677245e-05,0.00027496813839876239,8.7342658149415928e-07,2.2556434745889217e-05,2.9802988915583124,1.2205305012158065,-0.18022339289929656,0.04393974872704294,1.7803616309726737,0.54960331744931601,-0.12535823479372774,1.7803712265261755,0.54954482360494616,-0.1253580530989592
21.059999999999999,10530,0.0069809984236149899,0.014999239264344821,0,0.19155232519380336,6.3560620203628181e-05,0.00026985730799324584,8.6499534676330695e-07,2.2099382890764463e-05,2.9810256755406579,1.2205548816877441,-0.1802022956216191,0.043928536376229253,1.7804373310990502,0.55110452510411556,-0.12545350943762329,1.7804462211648728,0.55104159123846674,-0.12545301171798723
21.080000000000002,10540,0.0069824979871576558,0.014999216258583165,0,0.191715194123874,6.7802244974565236e-05,0.00026448799671311047,8.5908209361761959e-07,2.2556434745889217e-05,2.9817454732304411,1.2205792623843925,-0.18018119737939184,0.043917324096572175,1.7805119232529067,0.55258383216599738,-0.12554739317632585,1.7805201221972495,0.55251653231780562,-0.12554658560674931
21.100000000000001,10550,0.0069839845171733453,0.01499919303431812,0,0.19188532862891769,7.1985026160011599e-05,0.00025887509491258164,8.5541651466088197e-07,2.2524095754713237e-05,2.9824579353588958,1.2206036430659426,-0.18016009878211273,0.043906111936191997,1.7805853640486953,0.55404010078587107,-0.12563981603797611,1.7805928730193985,0.55396851712360184,-0.12563870309307135
21.120000000000001,10560,0.0069854574368433432,0.014999170095113685,0,0.19206210609987975,7.6096465481816908e-05,0.00025301103402035102,8.5368942833158656e-07,2.2394272795856101e-05,2.9831627245736185,1.2206280235256171,-0.18013900033852867,0.04389489992469775,1.7806576069630384,0.55547222418954323,-0.12573070929634284,1.7806644185540754,0.55539644640611163,-0.12572929443784667
21.140000000000001,10570,0.0069869161895830013,0.014999147844439132,0,0.19224488761033681,8.0126213618609264e-05,0.00024695467285777657,8.5357722717187309e-07,2.2972699315936647e-05,2.9838595156572558,1.2206524035899617,-0.18011790245659362,0.043883688073750468,1.7807286033810747,0.55687912825135266,-0.12582000572744906,1.7807347053368077,0.55679925310383094,-0.12581829194406971
21.16,10580,0.0069883602396451864,0.014999126595946584,0,0.19243302083002253,8.4065305834531042e-05,0.00024067029539306329,8.5475959768624484e-07,2.2940947124789083e-05,2.9845479956785637,1.2206767831156224,-0.18009680545381224,0.043872476379276819,1.7807983036231696,0.5582597730893637,-0.1259076398563245,1.7808036816020054,0.5581759040621187,-0.12590563006586963
21.18,10590,0.0069897890726388313,0.014999106587576609,0,0.19262584294859267,8.7905658955536776e-05,0.00023422980843263743,8.5693122323769563e-07,2.2459278078588273e-05,2.9852278641365708,1.2207011619847217,-0.18007570957144031,0.043861264824196229,1.7808666578396446,0.55961315468556172,-0.12599354818186237,1.780871297369073,0.55952540175182086,-0.12599124551754415
21.199999999999999,10600,0.00699120219603895,0.014999087995903149,0,0.19282268359458982,9.1639745152552544e-05,0.00022766158840068599,8.598086099964754e-07,2.2685329707937426e-05,2.9858988331496672,1.2207255401001385,-0.18005461498892933,0.043850053381069849,1.7809336167370642,0.56093830652949606,-0.12607766937680426,1.7809375045285181,0.56084678598789339,-0.12607507738259302
21.219999999999999,10610,0.0069925991397261191,0.01499907094894062,0,0.19302286773887162,9.5260383448273953e-05,0.00022096414117548261,8.6313336510798765e-07,2.265317472408141e-05,2.9865606276993644,1.220749917381263,-0.180033521836824,0.043838842014408928,1.7809991321406919,0.56223430128173013,-0.12615994446453577,1.7810022569280635,0.56213913564802598,-0.12615706722275205
21.240000000000002,10620,0.006993979456569893,0.014999055536768204,0,0.19322571857381887,9.8760608223768411e-05,0.00021418320502831898,8.6667311461203995e-07,2.3067693653563172e-05,2.9872129859301704,1.220774293760416,-0.18001243020746219,0.043827630682545977,1.7810631574167823,0.56350025245293967,-0.12624031697643492,1.7810655104587572,0.56340157039126559,-0.12623715918702647
21.260000000000002,10630,0.0069953427230581792,0.014999041819940037,0,0.19343056036041018,0.00010213358718729757,0.00020730707143413663,8.7022098032913691e-07,2.3287840231354886e-05,2.9878556594948043,1.2207986691800516,-0.17999134016344467,0.043816419339087774,1.7811256477846262,0.56473531609486427,-0.1263187330940434,1.7811272231410831,0.56463325237663897,-0.12631530012072481
21.280000000000001,10640,0.0069966869268857689,0.014999088261104016,0,0.19363684912619675,0.0001051256060852477,0.00020031502130387098,8.2206702983410169e-07,2.3067693653563172e-05,2.9884878125299656,1.2208230025999456,-0.17997031132669114,0.043805197433216564,1.781186598805875,0.56593844000485394,-0.12639529886527517,1.7811873552110715,0.5658333879817774,-0.12639143967449257
21.300000000000001,10650,0.0069980121513266999,0.01499917840921923,0,0.19384386451694297,0.00010783453620112098,0.00019322087881092347,7.3886008090157029e-07,2.2329078268013787e-05,2.9891093939866962,1.2208473057416005,-0.17994932691892579,0.043793968022199543,1.781245967179335,0.56710897533983318,-0.12646990262551477,1.7812458692064099,0.56700122952153953,-0.12646553041334596
21.32,10660,0.0069993194436455443,0.014999261426714317,0,0.19405082977040949,0.00011048524661519767,0.00018602471929482451,6.660715984829972e-07,2.2940947124789083e-05,2.9897207235740249,1.2208716140169191,-0.179928335103861,0.043782739999109914,1.7813036671164637,0.56824645293077214,-0.12654235059836241,1.781302730052553,0.5681360769666346,-0.12653752792570547
21.34,10670,0.0070006084971959044,0.014999336292170186,0,0.19425710463073864,0.0001130608164245708,0.00017865710810498233,6.0435703885631653e-07,2.2749503328951236e-05,2.9903216233153502,1.2208959276598157,-0.17990733485573282,0.043771513060546309,1.7813596390932496,0.56935020692337923,-0.12661260392967996,1.7813579051488342,0.56923727966224613,-0.12660739093242968
21.359999999999999,10680,0.0070018789705096444,0.014999404246770844,0,0.19446207247368305,0.00011552919032492661,0.00017131729315301606,5.5257366040462411e-07,2.3004407680670755e-05,2.9909119014577845,1.2209202455809531,-0.17988632744796088,0.043760286746584671,1.7814138472891832,0.57041960678728554,-0.12668063864651272,1.7814113644545753,0.57030423804665575,-0.1266750813958489
21.379999999999999,10690,0.0070031305655161268,0.014999466196360865,0,0.19466512968923622,0.00011786777105084682,0.00016388006667004225,5.0985025472902987e-07,2.3193747562800386e-05,2.991491385698311,1.2209445670944425,-0.17986531380636256,0.043749060822520058,1.7814662676302353,0.57145408399216002,-0.12674642943805003,1.7814630805751981,0.57133640536986552,-0.1267405646287989
21.400000000000002,10700,0.0070043630222222149,0.014999522830888189,0,0.19486568927191017,0.00012006002147630333,0.00015647600409378622,4.7541758146085323e-07,2.2940947124789083e-05,2.9920599232788097,1.2209688917362818,-0.17984429463407278,0.043737835165256936,1.7815168810649895,0.57245313034053824,-0.12680995115293772,1.7815130288483338,0.57233328941222295,-0.12680380940365463
21.420000000000002,10710,0.0070055761144806892,0.01499957473636577,0,0.19506318435282624,0.00012209248962611141,0.00014922243967853941,4.4850841805799101e-07,2.3099271619960363e-05,2.9926173803189657,1.2209932191353452,-0.17982327052747354,0.043726609692481669,1.7815656708459999,0.57341629677748041,-0.12687118040505396,1.7815611874299346,0.57329445420304259,-0.12686478806136378
21.440000000000001,10720,0.007006769649024247,0.014999622431129914,0,0.19525707091612959,0.00012395358316066602,0.00014193200476688404,4.2833525802270598e-07,2.2459278078588273e-05,2.9931636418635699,1.2210175489667932,-0.17980224201395006,0.043715384333842006,1.7816126217570785,0.57434319396646016,-0.12693009629601565,1.7816075373803835,0.57421952173923108,-0.12692347662048067
21.460000000000001,10730,0.0070079434657303267,0.014999666375069306,0,0.19544683014156181,0.00012563303275551862,0.0001347340296647609,4.1409637237889404e-07,2.2717439178655149e-05,2.9936986121606441,1.2210418809383339,-0.17978120956157981,0.043704159021382853,1.7816577201416166,0.57523349353333264,-0.12698668080736231,1.7816520627506054,0.57510817370390976,-0.12697985488619981
21.48,10740,0.0070090974382023379,0.014999706973276456,0,0.19563197055924086,0.00012712156410641748,0.00012771837372400194,4.0499360876223117e-07,2.3004407680670755e-05,2.9942222149880129,1.2210662147862243,-0.17976017358291677,0.043692933687258857,1.7817009542132605,0.57608692949298412,-0.12704091910764218,1.781694750668178,0.57596015318503868,-0.12703390655938968
21.5,10750,0.0070102307905965423,0.014999768815531533,0,0.19581206855940173,0.00012828550978565849,0.00012132601160449015,4.1766357595919884e-07,2.3099271619960363e-05,2.9947341663206184,1.2210905325640569,-0.17973915923996475,0.043681696617905767,1.7817422649035586,0.57690317347973163,-0.12709285910485574,1.7817355914234412,0.57677526639403898,-0.12708561934562632
21.52,10760,0.0070113436970369383,0.014999843483345833,0,0.19598636736645667,0.00012917192963860432,0.00011532582774302616,4.5545728417810834e-07,2.2940947124789083e-05,2.9952345109154339,1.2211148400888301,-0.17971815793308793,0.043670451379323391,1.7817816508732705,0.57768214548809038,-0.12714246489781372,1.7817745785556089,0.57755338438441783,-0.12713498506422716
21.539999999999999,10770,0.0070124367308315467,0.014999909805635796,0,0.1961526536788592,0.00012989107927987147,0.0001093963597660343,4.9908222168185454e-07,2.3099271619960363e-05,2.9957234315570549,1.2211391527037085,-0.17969714800208797,0.043659207999633722,1.7818191509994421,0.57842389506472636,-0.1271896763129795,1.781811708938879,0.57829444477039016,-0.12718199975728464
21.559999999999999,10780,0.0070135098818688369,0.01499996898778414,0,0.19631065378437959,0.00013042902128230398,0.00010359902055683605,5.4383350243278499e-07,2.265317472408141e-05,2.9962009214608689,1.2211634697396365,-0.17967613067125573,0.043647966263979626,1.7818547739627464,0.57912841361710055,-0.12723449848072116,1.7818469828685444,0.57899845344550394,-0.12722666379869987
21.580000000000002,10790,0.007014563168897244,0.015000022336773514,0,0.19646172995767192,0.00013076580927078098,9.7927502265350566e-05,5.8775206082904352e-07,2.2940947124789083e-05,2.9966669942667128,1.2211877903533326,-0.17965510727276179,0.043636725768603883,1.781888523682474,0.57979575675374428,-0.12727694311053389,1.7818804041471026,0.57966548630126224,-0.12726898200321646
21.600000000000001,10800,0.0070155966635922331,0.015000070612398728,0,0.19660617506610911,0.00013088672495048821,9.2381306941441877e-05,6.2976020076591761e-07,2.262097403300073e-05,2.997121691629165,1.2212121140414807,-0.17963407858142325,0.043625486271540677,1.7819204056016587,0.58042605730731711,-0.1273170234281733,1.7819119801703678,0.58029569094574673,-0.12730896373545403
21.620000000000001,10810,0.0070166104833460537,0.015000114322273213,0,0.19674373576793344,0.0001307801244891128,8.7076541185502083e-05,6.6926593860427827e-07,2.2877310533063834e-05,2.9975650802755278,1.2212364404592313,-0.1796130451151132,0.043614247606197337,1.7819504284782917,0.58101952474203267,-0.12735475563481993,1.78194172201358,0.58088928842224208,-0.12734662301894209
21.640000000000001,10820,0.0070176045502191482,0.015000161227440531,0,0.19687420554586457,0.0001304036359339674,8.1274587519869176e-05,7.1594774137160538e-07,2.3256518306983181e-05,2.9979971803986802,1.2212607622388796,-0.17959201485014936,0.043603007441126898,1.7819785533006365,0.58157641551376038,-0.12739017401584704,1.781969644517517,0.58144657492785856,-0.12738197864515366
21.66,10830,0.0070185791480992374,0.015000208425402608,0,0.19699740218396705,0.00012976204611842433,7.5412913239988774e-05,7.6613778932920489e-07,2.2877310533063834e-05,2.9984181332464557,1.2212850818086083,-0.17957098481580958,0.043591766264004232,1.78200480663783,0.58209710771286871,-0.12742329501716568,1.7819957663746036,0.58196792353215587,-0.12741505428253888
21.68,10840,0.0070195347199848348,0.015000249667542171,0,0.19711318057031221,0.00012887747468968801,6.9863520694068515e-05,8.1088024346545683e-07,2.2685329707937426e-05,2.99882813456618,1.2213094052138387,-0.17954994858715134,0.043580525889458162,1.7820292587478186,0.582582072871629,-0.12745413447158993,1.7820201102150233,0.58245378589576657,-0.12744587858555886
21.699999999999999,10850,0.0070204715334801051,0.015000286013491664,0,0.19722144628770175,0.00012774068618025275,6.4706805652962489e-05,8.5078747424094366e-07,2.3036072399968081e-05,2.9992273374669702,1.2213337318801796,-0.17952890723910367,0.043569286272918749,1.7820519448292265,0.58303183292291705,-0.12748272892597123,1.7820427026928278,0.5829046939890189,-0.12747448530371933
21.719999999999999,10860,0.0070213899033727727,0.015000318218823324,0,0.19732214493118544,0.00012634094930487254,5.9898169412131487e-05,8.8647327985265752e-07,2.2717439178655149e-05,2.9996159244541385,1.2213580612933093,-0.17950786154183468,0.043558047283214246,1.7820728936505543,0.5834469910760085,-0.12750911961124395,1.7820635745720494,0.58332126181056132,-0.12750091339060421
21.740000000000002,10870,0.0070222901959953784,0.015000346730792672,0,0.19741526200428461,0.0001246689876196073,5.5409843865601716e-05,9.1832364787950488e-07,2.2394272795856101e-05,2.9999941067930744,1.221382393126881,-0.17948681195213334,0.043546808802241842,1.7820921363650701,0.58382823596373323,-0.12753335182808562,1.7820827608128094,0.58370418710598515,-0.12752520711290954
21.760000000000002,10880,0.0070231728254933415,0.015000371874846501,0,0.19750082351726331,0.00012271648140863703,5.111245552208487e-05,9.4663860827327553e-07,2.2556434745889217e-05,3.000362122679594,1.2214067271363964,-0.17946575880269544,0.043535570726711464,1.7821097088418341,0.58417634266067253,-0.12755547573398388,1.7821003006574301,0.58405425308644809,-0.12754741615947696
21.780000000000001,10890,0.0070240382527195361,0.015000393928234703,0,0.1975788961478056,0.00012047566408475163,4.7367127982874206e-05,9.7169089384230825e-07,2.2940947124789083e-05,3.0007202369152925,1.2214310631134939,-0.17944470237697757,0.043524332965101088,1.7821256521063027,0.58449217394562092,-0.12757554678206032,1.7821162377165447,0.58437233014729772,-0.1275675957503275
21.800000000000001,10900,0.0070248869854815446,0.015000413142546958,0,0.19764958710153335,0.00011793913946849641,4.3601008898878594e-05,9.9374110760333548e-07,2.2940947124789083e-05,3.0010687412236416,1.2214554008707099,-0.17942364293215912,0.043513095435248408,1.7821400123341296,0.5847766818318515,-0.12759362593897347,1.7821306200552087,0.58465937758669506,-0.12758580674569528
21.82,10910,0.0070257195792474787,0.015000429749908371,0,0.19771304379940838,0.00011509978630321816,4.011827764730893e-05,1.0130391902669655e-06,2.2845425764212974e-05,3.0014079547481276,1.2214797402366346,-0.17940258070547782,0.04350185806277293,1.7821528407892344,0.5850309091943986,-0.12760977983385313,1.7821435002790096,0.58491644532423837,-0.12760211575506125
21.84,10920,0.007026536637983828,0.015000443964984707,0,0.19776945343976218,0.00011195069343448065,3.7254283672086532e-05,1.0298231243760368e-06,2.2459278078588273e-05,3.0017382246059214,1.2215040810540179,-0.17938151591629292,0.043490620780069961,1.7821641937866723,0.58525599142818718,-0.12762408089038121,1.7821549356201782,0.58514467561958561,-0.12761659524618676
21.859999999999999,10930,0.0070273388150297262,0.015000455986293921,0,0.19781904245271534,0.00010848511062293426,3.4278772669429496e-05,1.0443179013415509e-06,2.2972699315936647e-05,3.0020599264377346,1.221528423178595,-0.17936044876742882,0.043479383525599657,1.7821741326852258,0.58545315812046494,-0.12763660745348221,1.7821649880236985,0.58534530479107882,-0.12762932365414742
21.879999999999999,10940,0.0070281268139848335,0.01500046599750866,0,0.19786207585877849,0.00010469641104879553,3.1785156952590181e-05,1.0567352197111849e-06,2.265317472408141e-05,3.0023734649649287,1.2215527664780244,-0.1793393794465119,0.043468146243322112,1.7821827239023649,0.58562373473366247,-0.12764744391228761,1.782173724233419,0.58551966493436725,-0.1276403854903666
21.900000000000002,10950,0.0070289013896067615,0.01500047416885174,0,0.19789885654400433,0.00010057806363109544,2.9103539443806935e-05,1.0672738077819559e-06,2.2845425764212974e-05,3.0026792745479827,1.2215771108308273,-0.17931830812739541,0.043456908882193404,1.7821900389452376,0.58576914429687355,-0.12765668081969356,1.7821812158781625,0.58566918564103021,-0.12764987145164935
21.920000000000002,10960,0.0070296633487174388,0.015000480658432966,0,0.19792972446592358,9.6123613729149222e-05,2.7079568232672354e-05,1.0761200822284418e-06,2.2717439178655149e-05,3.0029778197423003,1.221601456125353,-0.17929723497152661,0.043445671395701123,1.7821961544532654,0.58589090910435393,-0.12766441500899317,1.7821875395578377,0.58579539571720196,-0.1276578785292159
21.940000000000001,10970,0.0070304135511178529,0.015000485613546041,0,0.19795505580635284,9.1326671196407969e-05,2.5153742327560286e-05,1.0834490038238061e-06,2.2781522350186147e-05,3.0032695958590261,1.2216258022588127,-0.17927616012927103,0.043434433741430585,1.7822011522492647,0.58599065241953752,-0.12767074970810119,1.7821927769295487,0.58589992490219278,-0.12766451011773541
21.960000000000001,10980,0.0070311529105101644,0.015000489171826342,0,0.19797526208911495,8.6180905383593324e-05,2.3162298399097643e-05,1.0894249985576587e-06,2.2588727439225648e-05,3.0035551295273213,1.2216501491363665,-0.17925508374109975,0.043423195880653423,1.7822051193965902,0.58607010018330707,-0.12767579465184278,1.7821970147937063,0.58598450558711512,-0.12766987612435982
21.98,10990,0.0070318823954259226,0.015000491462286452,0,0.19799078928280664,8.0680047729686638e-05,2.183391520383078e-05,1.0942028661774494e-06,2.2781522350186147e-05,3.0038349792550383,1.2216744966703001,-0.17923400593864805,0.043411957777943287,1.7822081482604821,0.58613108272552339,-0.12767966619273177,1.7822003451801387,0.58605097453350596,-0.12767409307775737
22,11000,0.0070326031336361951,0.015000489718807639,0,0.19800211390869102,7.483321590711324e-05,2.0490567510038361e-05,1.0936144109916443e-06,2.2717439178655149e-05,3.0041097641880419,1.2216988477692503,-0.17921292386855811,0.043400720419153709,1.7822103651596013,0.58617554941495165,-0.12768248183176892,1.7822028654342015,0.58610127459194905,-0.1276772842371463
22.02,11010,0.0070333161643645146,0.015000485791566502,0,0.19800975079004857,6.8626548166677865e-05,2.0095444986978942e-05,1.0901089661237022e-06,2.2909150924997221e-05,3.004380095386626,1.2217232008468508,-0.17919183942711209,0.043389483393842403,1.7822118646662766,0.58620553695075817,-0.12768437560807017,1.7822046783028886,0.58613745642069959,-0.12767957970132868
22.039999999999999,11020,0.0070340227417433846,0.015000475833809734,0,0.19801423764687437,6.2079419232825741e-05,1.9167170820781278e-05,1.0786574031607468e-06,2.3067693653563172e-05,3.0046466698933552,1.2217475581918573,-0.17917074868116961,0.04337824953298941,1.7822127553782152,0.58622322508034097,-0.12768547276074793,1.7822058920209427,0.5861616802043077,-0.12768111651772393
22.059999999999999,11030,0.0070347239736307165,0.015000463353835767,0,0.19801615541994261,5.5161872298762135e-05,1.823161606110081e-05,1.0640759930257531e-06,2.3225154141253322e-05,3.0049101524463753,1.221771917138238,-0.17914965522775628,0.043367016848678316,1.7822131348957693,0.58623085500129546,-0.12768592761542547,1.7822066203969662,0.58617621737224213,-0.12768203879140269
22.080000000000002,11040,0.0070354209305194919,0.015000454909507986,0,0.19801611889105114,4.7826515358098582e-05,1.7203062292734435e-05,1.0555566412611028e-06,2.2781522350186147e-05,3.0051712144854292,1.2217962725095446,-0.17912856579919806,0.043355781387532363,1.7822130884525689,0.58623076476265878,-0.12768590812074085,1.7822069828995313,0.58618345231751223,-0.12768249779412041
22.100000000000001,11050,0.0070361151551125451,0.015000443045125029,0,0.19801474897387653,4.0107604494843281e-05,1.6860678551682353e-05,1.0438674354120892e-06,2.2845425764212974e-05,3.0054306960761012,1.2218206298135923,-0.17910747277530198,0.043344544897419374,1.7822127530984897,0.58622548614794723,-0.12768554949143107,1.782207104743291,0.58618588411529315,-0.12768265207335111
22.120000000000001,11060,0.007036808068807127,0.015000427051040131,0,0.19801271237164078,3.2021800627338634e-05,1.6817390473705895e-05,1.027514111052768e-06,2.2972699315936647e-05,3.0056894071345859,1.2218449893309238,-0.17908637541531613,0.043333309968828171,1.7822122610924269,0.58621764486736805,-0.12768501487877582,1.7822071169982419,0.58618612637801082,-0.12768266565782613
22.140000000000001,11070,0.0070375004370035309,0.015000432916641418,0,0.19801075273781041,2.3868248809735743e-05,1.5649929441225564e-05,1.0372706271672774e-06,2.2717439178655149e-05,3.0059479515309353,1.2218693366169493,-0.17906530021739731,0.04332206423251659,1.7822116954888574,0.58620978596024709,-0.12768456182738566,1.7822071612297659,0.58618646477334768,-0.1276822692224617
22.16,11080,0.0070381936251313034,0.01500045085643997,0,0.19800867828782784,1.6673828350643945e-05,1.3976876963794299e-05,1.0648000444384521e-06,2.2845425764212974e-05,3.0062069831263045,1.2218936729369652,-0.17904423732059127,0.043310811725147953,1.7822112491269682,0.58620408906444277,-0.12768356679298504,1.7822073903751279,0.58618821786062314,-0.1276802154536382
22.18,11090,0.0070388886808453802,0.015000468761110717,0,0.19800528340185988,1.1231320755945594e-05,1.2778113880520819e-05,1.0947907459924815e-06,2.2459278078588273e-05,3.0064668404592516,1.2219180059194064,-0.17902317434696108,0.043299559070861963,1.7822111572243962,0.58620185175548323,-0.12768054651536964,1.7822079537783957,0.58619252820359313,-0.12767516582026606
22.199999999999999,11100,0.0070395860105872815,0.015000494490302862,0,0.19799919384425099,9.1736894986367373e-06,1.1706354451251847e-05,1.1336387930336688e-06,2.2749503328951236e-05,3.0067275951296639,1.221942335093025,-0.17900211920525144,0.043288302862724608,1.7822115937134573,0.58620392464678073,-0.12767393353889778,1.7822089952991573,0.58620049640674254,-0.12766583094718995
22.219999999999999,11110,0.0070402861798036318,0.015000528331408011,0,0.19798914391720365,1.1639470505243385e-05,1.1066171232981577e-05,1.181395411641676e-06,2.2717439178655149e-05,3.0069893975759645,1.221966660399163,-0.17898107217972128,0.04327704369080608,1.7822127051866692,0.58621122136287496,-0.12766225827511338,1.7822106533790769,0.58621318162447711,-0.12765097001866263
22.240000000000002,11120,0.0070409902316749106,0.015000550828323725,0,0.19797395545168295,1.6319245165493322e-05,9.195423586105984e-06,1.2133309741664716e-06,2.265317472408141e-05,3.0072525759912279,1.2219909928238841,-0.17896001339116124,0.043265794761196456,1.7822146282341778,0.58622475459844625,-0.12764412021945418,1.7822130611084506,0.58623160207031488,-0.12762939018181896
22.260000000000002,11130,0.0070416986631419405,0.015000563633005981,0,0.19795257169081149,2.1566851549830066e-05,9.195423586105984e-06,1.2317874236565058e-06,2.2588727439225648e-05,3.0075172849898664,1.2220153312737616,-0.17893894453436468,0.043254554524750403,1.7822174741755805,0.5862454117620628,-0.12761826613941293,1.7822163462927638,0.5862567355260786,-0.12759994595014976
22.280000000000001,11140,0.0070424116776703254,0.015000579845295011,0,0.19792402367547435,2.6935380953876336e-05,9.8831444809089806e-06,1.2537900983597195e-06,2.2909150924997221e-05,3.0077835855417119,1.2220396681200909,-0.1789178790046313,0.043243313601200553,1.7822213444288719,0.58627400534930818,-0.12758354557727036,1.7822206315192461,0.58628951985108702,-0.12756153860697569
22.300000000000001,11150,0.0070431298068972178,0.015000598957530956,0,0.19788738362427016,3.2257565825202494e-05,9.195423586105984e-06,1.2789308115750477e-06,2.2329078268013787e-05,3.0080516509584982,1.2220640035492731,-0.17889681629007401,0.043232071900893163,1.7822263485687477,0.5863113923823734,-0.12753883946900299,1.7822260342234291,0.58633085349134706,-0.12751311560892128
22.32,11160,0.0070438535743673402,0.015000620127346818,0,0.19784178043868089,3.7460003370947114e-05,8.3652391566074972e-06,1.3063080904131909e-06,2.2749503328951236e-05,3.0083216538334767,1.2220883380032352,-0.17887575553469354,0.043220829609523496,1.782232595123006,0.5863584060214686,-0.12748308889723736,1.7822326667557011,0.5863815959887454,-0.12745366998938867
22.34,11170,0.0070445834760950723,0.015000642799445355,0,0.19778639766013134,4.2507353424980591e-05,6.5021463736182582e-06,1.3353377299736037e-06,2.2909150924997221e-05,3.0085937589317728,1.2221126717812132,-0.17885469617443897,0.043209586801436876,1.7822401893937461,0.58641584638645128,-0.12741529432914267,1.7822406364478647,0.58644256849024035,-0.12738223976203164
22.359999999999999,11180,0.0070453199830697042,0.015000666586742374,0,0.19772046965783058,4.73810861672551e-05,6.8301891700127552e-06,1.3656167808190101e-06,2.2263692832568247e-05,3.0088681238062698,1.2221370050949372,-0.17883363781629,0.043198343502976293,1.7822492326899371,0.58648448011890097,-0.12733451132112056,1.7822500456796921,0.58651455425705401,-0.12729790732422952
22.379999999999999,11190,0.0070460639426209153,0.015000677153340164,0,0.19764324834067321,5.1990674660870073e-05,4.6763108505543413e-06,1.379281239149036e-06,2.2426798989897964e-05,3.0091450494430894,1.222161349891844,-0.17881256579802235,0.043187100143784421,1.7822598161204481,0.58656511175620263,-0.12723980189789802,1.7822609919454819,0.58659829917386352,-0.12719979886056104
22.400000000000002,11200,0.0070468156584311227,0.015000677817684164,0,0.19755407294146313,5.6361219169927064e-05,3.4150945850063763e-06,1.3805889040335524e-06,2.265317472408141e-05,3.0094246345424756,1.222185703193758,-0.17879148351829091,0.043175856623721705,1.7822720303098465,0.58665841244793682,-0.12713033911003035,1.7822735679206154,0.58669451225799341,-0.12708708374627831
22.420000000000002,11210,0.0070475751860415523,0.015000680091421966,0,0.19745234311842846,6.0563227057013432e-05,5.6632936810203177e-06,1.383963680327392e-06,2.2524095754713237e-05,3.0097068849692956,1.2222100552837389,-0.17877040275429157,0.043164612598863575,1.7822859684705257,0.58676498168837177,-0.12700536703217613,1.7822878615281121,0.58680386616860702,-0.12695897395078065
22.440000000000001,11220,0.0070483429068504506,0.015000683890763686,0,0.19733747300848128,6.4593075864234067e-05,6.9360898910140305e-06,1.3892517056466341e-06,2.2491710265994076e-05,3.0099919298766964,1.2222344062878723,-0.17874932341885066,0.043153368098501919,1.7823017175492661,0.5868854525294448,-0.12686413247110559,1.7823039560051874,0.58692699771589851,-0.12681472344108863
22.460000000000001,11230,0.0070491191910077976,0.015000688805617357,0,0.19720891676116262,6.8443808048527865e-05,8.7068169648562888e-06,1.3959345106645226e-06,2.2717439178655149e-05,3.0102798963241972,1.2222587565448282,-0.17872824509233265,0.04314212316616893,1.7823193569975062,0.58702042767309681,-0.12670592315691945,1.7823219299698077,0.58706450837028479,-0.12665362758531781
22.48,11240,0.0070499043819475067,0.015000694575117428,0,0.19706617068062873,7.2111996863374753e-05,1.1952831047522336e-05,1.4037011805369522e-06,2.2940947124789083e-05,3.0105709027113079,1.2222831062426449,-0.17870716750846791,0.043130877832554267,1.7823389604181328,0.58717047335224437,-0.1265300706715495,1.7823418574872463,0.58721696477159724,-0.12647502255615278
22.5,11250,0.0070506987994012607,0.015000701014061188,0,0.19690877237569263,7.5596399335714791e-05,1.4183953086968166e-05,1.4123417494222482e-06,2.2749503328951236e-05,3.0108650595959809,1.2223074554998283,-0.17868609047862644,0.04311963211984117,1.7823605965328064,0.58733612066108409,-0.12633594886182428,1.7823638081366413,0.58738489923827353,-0.12627828473432107
22.52,11260,0.0070515027412869913,0.015000707969797099,0,0.19673629930356334,7.8896937893711613e-05,1.7413633929712628e-05,1.421687510543647e-06,2.265317472408141e-05,3.011162470270567,1.2223318044081604,-0.1786650138475033,0.043108386046167589,1.7823843295861219,0.58751786667161288,-0.1261229724696791,1.7823878470775507,0.58756881027654917,-0.12606283011206695
22.539999999999999,11270,0.0070523164845456426,0.01500071530634506,0,0.19654836771192394,8.2014271488890781e-05,2.0561592220437957e-05,1.4315893478333557e-06,2.2524095754713237e-05,3.0114632310073133,1.222356153047812,-0.17864393747680035,0.043097139627707066,1.7824102195118159,0.58771617509893759,-0.12589059613198891,1.7824140351165088,0.58776916308964999,-0.1258281136966255
22.559999999999999,11280,0.0070531402855909106,0.015000722899182289,0,0.19634463497508148,8.4949593365927264e-05,2.3350358035739973e-05,1.4419108428961222e-06,2.3225154141253322e-05,3.0117674311851941,1.2223805014919693,-0.17862286123987303,0.043085892879413959,1.7824383220203457,0.58793147682530378,-0.12563831354620372,1.7824424287735823,0.58798639008698328,-0.12557362891369639
22.580000000000002,11290,0.0070539743806472162,0.015000730633599729,0,0.19612479798482549,8.7704501478930687e-05,2.6998693283819409e-05,1.4525262721778169e-06,2.3099271619960363e-05,3.0120751533862484,1.2224048498080695,-0.17860178502004931,0.043074645815266106,1.7824686886650531,0.58816417040504543,-0.12536565670889774,1.782473080348927,0.58822089139333023,-0.12529890701091778
22.600000000000001,11300,0.007054818986062499,0.015000738404080156,0,0.19588859280947693,9.0280900505341813e-05,3.0209595456911797e-05,1.4633199716668302e-06,2.2685329707937426e-05,3.0123864734905084,1.2224291980581228,-0.17858070870999657,0.043063398448361517,1.7825013669042393,0.58841462257461519,-0.12507219519671683,1.7825060379893443,0.58847303535803719,-0.1250035164613405
22.620000000000001,11310,0.0070556742986188324,0.015000746113912278,0,0.19563579442062945,9.2680925674026729e-05,3.3829265721901328e-05,1.4741859823620818e-06,2.3099271619960363e-05,3.0127014607724107,1.2224535462988755,-0.17855963221133264,0.043052150790995225,1.7825364001635851,0.58868316876719129,-0.12475753547790747,1.7825413457548365,0.58874315906420771,-0.12468706236690157
22.640000000000001,11320,0.0070565404958455929,0.015000753674776789,0,0.19536621641396476,9.4906884309282988e-05,3.7507783423379892e-05,1.4850276586728162e-06,2.3036072399968081e-05,3.0130201779996741,1.222477894582007,-0.17853855543420705,0.04304090285473431,1.7825738278997949,0.58897011362880403,-0.12442132024723504,1.7825790436851638,0.58903156883789465,-0.1243491858618983
22.66,11330,0.0070574177363352713,0.01500076100634655,0,0.19507971071731031,9.6961211631048659e-05,4.1140906132904037e-05,1.4957572479622495e-06,2.2909150924997221e-05,3.0133426815312476,1.2225022429543786,-0.1785174782968918,0.043029654650505129,1.7826136856654176,0.58927573153425805,-0.12406322777872894,1.7826191678664005,0.58933854075729142,-0.1239895635164623
22.68,11340,0.0070583061600613482,0.015000768035834226,0,0.19477616728056241,9.8846437734039739e-05,4.4804817543418556e-05,1.5062954094762945e-06,2.3036072399968081e-05,3.0136690214245019,1.2225265914583197,-0.17849640072532302,0.043018406188675126,1.7826560051745288,0.58960026710211844,-0.12368297129184773,1.7826617504974913,0.58966432116192458,-0.12360790674003319
22.699999999999999,11350,0.0070592058886977107,0.015000774697566008,0,0.19445551374328077,0.00010056516307696237,4.8612644870933869e-05,1.5165707390793588e-06,2.3130806476445511e-05,3.0139992415366481,1.2225509401319263,-0.17847532265266541,0.043007157479139364,1.7827008143690599,0.58994393570863601,-0.12328029832762064,1.7827068199568072,0.59000912716184484,-0.12320396118483269
22.719999999999999,11360,0.0070601170259393499,0.015000780932572455,0,0.1941177150767226,0.00010212004039720153,5.2727003332968645e-05,1.5265193102811682e-06,2.3256518306983181e-05,3.0143333796276628,1.22257528900935,-0.17845424401889504,0.042995908531395663,1.7827481374854879,0.59030692400066465,-0.12285499013216583,1.7827544008687017,0.59037314714681943,-0.12277750614933838
22.740000000000002,11370,0.0070610396578242958,0.015000786688202579,0,0.19376277319779805,0.00010351376138493888,5.6607188713029993e-05,1.5360842341477604e-06,2.2749503328951236e-05,3.0146714674676018,1.2225996381210744,-0.17843316477040533,0.04298465935462243,1.7827979951217121,0.59068939040773583,-0.12240686104560468,1.7828045141700681,0.5907565412955238,-0.12232835398175768
22.760000000000002,11380,0.0070619738530568674,0.015000791917783076,0,0.19339072655302966,0.00010474904688491318,6.0851964227063012e-05,1.5452152621460273e-06,2.262097403300073e-05,3.0150135309420283,1.2226239874941698,-0.17841208485965854,0.042973409957744395,1.7828504043039735,0.59109146565345383,-0.12193575789493426,1.7828571771768946,0.59115944208473326,-0.12185634948350194
22.780000000000001,11390,0.0070629190380580237,0.015000817935999448,0,0.19300169307392825,0.00010595908530137858,6.4729331956744248e-05,1.5809864302236221e-06,2.2972699315936647e-05,3.0153593664662064,1.2226483183877412,-0.17839102612728469,0.042962159175085016,1.7829053565529074,0.5915131373066107,-0.12144163025569514,1.7829124036508208,0.59158195479851505,-0.12136136931265995
22.800000000000001,11400,0.0070638754762993314,0.015000857709143235,0,0.19259576254393893,0.00010708999838642452,6.8195086487486911e-05,1.6346991633111785e-06,2.265317472408141e-05,3.0157090749276088,1.222672636815296,-0.17836998137415891,0.042950907198439969,1.7829628644997839,0.59195453267690068,-0.12092435663063821,1.7829702038656945,0.59202415803742015,-0.12084332138747222
22.82,11410,0.0070648437565433136,0.015000892331940229,0,0.19217303863875043,0.00010802094715533965,7.1980764462823798e-05,1.6824165422817647e-06,2.2524095754713237e-05,3.0160628721909259,1.2226969592435664,-0.17834893123246409,0.042939655048163501,1.7830229523959755,0.5924158122330172,-0.12038381012624567,1.7830305846741275,0.59248610422767478,-0.12030214428980468
22.84,11420,0.0070658238710440014,0.01500092206273647,0,0.19173370377962157,0.00010876083902791368,7.621095570993524e-05,1.7243671942935305e-06,2.2524095754713237e-05,3.0164207568752808,1.2227212854694489,-0.178327875964535,0.042928402833446976,1.7830856261148986,0.59289699555602515,-0.11981996516525914,1.7830935495740523,0.59296782013037286,-0.11973780666862269
22.859999999999999,11430,0.0070668157788591566,0.015000947680537349,0,0.19127797671693345,0.00010932631051963158,8.0336425444537968e-05,1.7614865869028518e-06,2.3130806476445511e-05,3.0167827162701437,1.2227456148456031,-0.17830681636713788,0.042917150544256953,1.7831508859569118,0.59339807023056101,-0.11923282975844082,1.7831590987752775,0.59346930735066705,-0.11915030664346492
22.879999999999999,11440,0.0070678194352858763,0.015000969631035626,0,0.19080606617541593,0.00010972881175685354,8.4708803543961488e-05,1.79431325881638e-06,2.2845425764212974e-05,3.01714873706015,1.2227699470036764,-0.17828575289613099,0.042905898167593493,1.7832187286766654,0.59391900380051033,-0.11862243784940209,1.7832272292660449,0.59399054284696118,-0.11853967120791728
22.900000000000002,11450,0.0070688347868254862,0.015000988188793201,0,0.19031826949998326,0.0001099765749794577,8.9201982917948248e-05,1.8231814188731107e-06,2.2685329707937426e-05,3.0175188032745108,1.222794281715482,-0.17826468583226188,0.042894645698274461,1.7832891478429707,0.59445974252777478,-0.11798884984543896,1.7832979348795861,0.59453147944010187,-0.11790595563308667
22.920000000000002,11460,0.0070698617679560791,0.015001003561063906,0,0.18981491164223876,0.0001100762375949205,9.3884049639957358e-05,1.8483465046723018e-06,2.3130806476445511e-05,3.017892894988742,1.2228186188077708,-0.17824361538738498,0.042883393135720239,1.7833621339878307,0.59502021046484699,-0.11733215294090513,1.7833712063606768,0.59509204632257018,-0.11724924287107541
22.940000000000001,11470,0.0070709003000852498,0.015001015928458169,0,0.18929633529892742,0.00011003348236362071,9.8580359510402684e-05,1.8700336796864418e-06,2.2940947124789083e-05,3.0182709878843808,1.2228429581299869,-0.17822254174605878,0.042872140481508003,1.7834376747153839,0.59560030939851216,-0.11665246088638311,1.783447031432196,0.59567214956767378,-0.11656964295845446
22.960000000000001,11480,0.0070719502914076389,0.015001025458409657,0,0.18876291336715675,0.00010985330213128149,0.00010337362127853292,1.8884532518451556e-06,2.2749503328951236e-05,3.0186530531636406,1.2228672995439747,-0.17820146507931608,0.042860887738446769,1.7835157547851328,0.59619991912465731,-0.11594991354373337,1.7835253948616794,0.59627167263873859,-0.11586729241973769
22.98,11490,0.007073011637063897,0.015001032309108941,0,0.18821459707221838,0.00010954015866027891,0.00010823075387927275,1.9038046971200865e-06,2.3067693653563172e-05,3.0190390575859176,1.2228916429211107,-0.17818038554868446,0.042849634910331967,1.7835963561780628,0.59681889781594399,-0.11522467637915967,1.7836062785278777,0.59689047689830044,-0.11514235367085583
23,11500,0.0070740842193910448,0.01500103663062842,0,0.18764955054362373,0.00010909810493782265,0.00011314997422532983,1.9162774974400757e-06,2.2813496432377448e-05,3.0194289635425045,1.2229159881414866,-0.17815930330733259,0.042838382001904478,1.7836794581541715,0.5974570824215848,-0.11447693993451358,1.7836896614873121,0.59752840211729719,-0.1143950144226303
23.02,11510,0.0070751679082014622,0.015001038565434036,0,0.18706937516459504,0.00010853088351758823,0.00011812352569233966,1.9260513930415993e-06,2.3162298399097643e-05,3.0198227291395332,1.2229403350934938,-0.17813821850059253,0.04282712901883988,1.7837650373070346,0.59811428908840014,-0.11370691928468715,1.7837755200408305,0.59818526698426044,-0.11362548708424705
23.039999999999999,11520,0.0070762625610738773,0.015001038248856584,0,0.18647599454552974,0.00010784200402259111,0.00012313298636802271,1.9332967203997315e-06,2.2524095754713237e-05,3.0202203082934846,1.2229646836733581,-0.17811713126644405,0.042815875967726458,1.7838530676182651,0.59879031360051138,-0.11291485348326852,1.7838638278001635,0.59886086961450746,-0.11283400816673066
23.059999999999999,11530,0.0070773680236525128,0.015001035809672469,0,0.18586991886835177,0.00010703480271722864,0.00012824805597888889,1.9381749453444425e-06,2.2813496432377448e-05,3.0206216508233186,1.2229890337845821,-0.17809604173610849,0.042804622856036714,1.7839435205131418,0.59948493183507634,-0.11210100499823679,1.7839545557544816,0.59955498805933261,-0.11202083768641805
23.080000000000002,11540,0.0070784841299535509,0.015001031370715989,0,0.1852516916419438,0.00010611248753425167,0.00013322699366299462,1.9408393068103664e-06,2.265317472408141e-05,3.0210267025517732,1.2230133853373211,-0.17807495003467932,0.042793369692077685,1.7840363649177147,0.60019790023107644,-0.11126565913965705,1.7840476723369507,0.60026738081519981,-0.11118625856843239
23.100000000000001,11550,0.0070796107026783722,0.01500102504950618,0,0.1846218758806327,0.00010507817170443511,0.00013837982643227193,1.9414354915720906e-06,2.2940947124789083e-05,3.0214354054032664,1.223037738247768,-0.17805385628176404,0.042782116484944482,1.7841315673173548,0.60092895626831422,-0.11040912348110954,1.7841431434912884,0.60099778733293363,-0.11033057605015752
23.120000000000001,11560,0.0070807475535331734,0.015001016958865066,0,0.18398101159366448,0.00010393489866211578,0.00014340856038922058,1.9401023221044074e-06,2.2524095754713237e-05,3.0218476975085431,1.2230620924375368,-0.17803276059212209,0.042770863244472747,1.7842290918165669,0.60167781895425987,-0.10953172727634261,1.7842409327383209,0.60174592852691178,-0.10945411708471101
23.140000000000001,11570,0.0070818944835541906,0.015001007207465047,0,0.18332965722833916,0.00010268566046228493,0.00014852226326060158,1.9369723737584349e-06,2.2909150924997221e-05,3.0222635133107336,1.2230864478331027,-0.17801166307622479,0.042759609981186178,1.7843289001997507,0.60244418931674149,-0.1086338208723493,1.7843410012425382,0.6025115072842564,-0.10855722974441864
23.16,11580,0.0070830512834377862,0.015000995900349244,0,0.18266851986306448,0.00010133341132484258,0.00015356537764624464,1.932172561435866e-06,2.265317472408141e-05,3.0226827836704202,1.2231108043652608,-0.1779905638407932,0.042748356706252627,1.784430951992761,0.60322775090106129,-0.10771577511975856,1.7844433078786515,0.60329420897402652,-0.10764028262428822
23.18,11590,0.0070842177338748353,0.015000983139374065,0,0.18199824717829852,9.9881077671247893e-05,0.00015863656562475429,1.9258246256649705e-06,2.3036072399968081e-05,3.0231054359764471,1.2231351619686701,-0.17796946298925123,0.042737103431434019,1.784535204525004,0.60402817027031852,-0.10677798078125347,1.7845478092981484,0.60409370195640921,-0.10670366424548343
23.199999999999999,11600,0.0070853936058887061,0.015000969023599492,0,0.18131950530078486,9.8331565596777032e-05,0.00016370205220660709,1.918045560774932e-06,2.3287840231354886e-05,3.0235313942528279,1.2231595205814227,-0.17794836062213051,0.04272585016904671,1.78464161299195,0.60484509750813575,-0.1058208479385359,1.7846544599958503,0.60490963809191167,-0.10574778245879776
23.219999999999999,11610,0.0070865786611762696,0.015000953649625849,0,0.18063297753756538,9.6687766553963647e-05,0.00016870187022571497,1.9089479719504664e-06,2.2813496432377448e-05,3.0239605792713866,1.2231838801446682,-0.17792725683741648,0.042714596931915268,1.7847501305179367,0.6056781667231107,-0.10484480539823607,1.7847632123764678,0.60574165325055329,-0.10477306384812843
23.240000000000002,11620,0.0070877726524514219,0.015000937111874495,0,0.17993936307053904,9.4952561786782724e-05,0.00017366687787106436,1.8986403593790215e-06,2.2940947124789083e-05,3.0243929086624046,1.2232082406022802,-0.17790615173083715,0.042703343733334523,1.7848607082191827,0.6065269965545298,-0.103850300097034,1.7848740168211572,0.60658936782105721,-0.10377995313395012
23.260000000000002,11630,0.0070889753237906861,0.015000919502815289,0,0.17923937561217226,9.312882595939961e-05,0.00017855916012168534,1.8872273387169365e-06,2.2781522350186147e-05,3.0248282970271383,1.2232326019005653,-0.17788504539610278,0.042692090587025978,1.7849732952669422,0.60739119067900715,-0.10283779650623438,1.7849868217540767,0.60745238722004191,-0.10276891257678959
23.280000000000001,11640,0.0070901864109804719,0.015000900913166236,0,0.17853374202303496,9.1219430309678293e-05,0.00018338851233969781,1.8748098026287608e-06,2.2845425764212974e-05,3.0252666560464037,1.2232569639880175,-0.17786393792510757,0.042680837507102033,1.7850878389507836,0.60827033831778377,-0.10180777603594038,1.7851015737089431,0.60833030240121355,-0.10174042138069853
23.300000000000001,11650,0.0070914056418655939,0.015000881432032218,0,0.17782320089198067,8.9227245593014734e-05,0.00018824111636499643,1.861485035385945e-06,2.2491710265994076e-05,3.025707894602097,1.2232813268150855,-0.17784282940808055,0.042669584508024376,1.7852042847419305,0.60916401474449089,-0.1007607364389283,1.7852182173955877,0.60922269036455767,-0.10069497509672817
23.32,11660,0.0070926327366988015,0.015000861147028047,0,0.1771085010799972,8.7155145038838648e-05,0.00019291884122143161,1.8473467781300479e-06,2.2459278078588273e-05,3.0261519188798403,1.2233056903339836,-0.17782171993370935,0.042658331604566571,1.7853225763566973,0.61007178179326005,-0.099697191214328976,1.7853366957665122,0.61012911466553088,-0.099633085026403029
23.34,11670,0.0070938674084909843,0.01500084014435793,0,0.17639040022891311,8.5006007522922801e-05,0.00019758174267105189,1.8324852445999256e-06,2.2909150924997221e-05,3.0265986324912899,1.2233300544985357,-0.17780060958922717,0.042647078811775811,1.7854426558199594,0.61099318836707783,-0.098617669011168266,1.7854569500834456,0.61104912592425265,-0.098555277625194809
23.359999999999999,11680,0.0070951085793371331,0.015000848998607614,0,0.17566968245971643,8.3012508597463472e-05,0.00020232093707380196,1.8630732612602105e-06,2.262097403300073e-05,3.0270477450259059,1.2233543996932303,-0.17777952981893175,0.042635794862099057,1.7855642554141322,0.61192757711199153,-0.09752280266479435,1.7855789199839009,0.61198226233469699,-0.097462093905996333
23.379999999999999,11690,0.0070963570923113731,0.015000843997521282,0,0.1749470822080651,8.0858799934987259e-05,0.00020683889053032276,1.8761402436497411e-06,2.2588727439225648e-05,3.0274994697877542,1.2233787526862137,-0.17775843574567468,0.04262452042642037,1.7856875392703402,0.61287475052824913,-0.096413013921823609,1.7857025435477294,0.61292805017388496,-0.096354088842595415
23.400000000000002,11700,0.0070976123120219514,0.015000838078424455,0,0.17422338684905914,7.8641756774986584e-05,0.0002111808725690205,1.8900843173605373e-06,2.2296409518597789e-05,3.0279536091573171,1.223403105776669,-0.17773734064072103,0.042613243895854233,1.7858123963291621,0.61383413992352687,-0.095288915358032716,1.7858277573636796,0.61388600431107576,-0.095231830773148646
23.420000000000002,11710,0.0070988734927311782,0.015000847996061278,0,0.17349938134616696,7.6503708082700271e-05,0.00021538798763607523,1.9312537966273966e-06,2.265317472408141e-05,3.0284099590224738,1.2234274476211056,-0.177716261760056,0.042601947492156782,1.7859386272958699,0.61480513594787378,-0.094151140851949727,1.7859544965959511,0.61485562871695854,-0.094095900803656013
23.440000000000001,11720,0.0071001410210461196,0.01500084695667293,0,0.1727758266324492,7.4254843979316729e-05,0.00021940155490554082,1.9604834221899619e-06,2.265317472408141e-05,3.0288686029690539,1.2234517948749524,-0.17769517158219086,0.042590656582343948,1.7860663144605813,0.61578739575630514,-0.093000206172541275,1.7860826950507527,0.61583641697284497,-0.092946892211433652
23.460000000000001,11730,0.0071014145408404223,0.015000837014802938,0,0.17205350601634931,7.1887756040960954e-05,0.00022316016507174436,1.9787423718460473e-06,2.262097403300073e-05,3.0293294009267884,1.2234761474226761,-0.17767407215966632,0.042579371690524163,1.7861954529552995,0.61678040288332925,-0.091836722915962912,1.7862122852428572,0.61682785277986041,-0.091785409848588614
23.48,11740,0.0071026936569535846,0.015000820963982421,0,0.17133301674481705,6.941803727363175e-05,0.0002267954517534338,1.9886308233916498e-06,2.2877310533063834e-05,3.0297922105102351,1.2235005040925326,-0.17765296632423624,0.042568092250087237,1.7863259959703164,0.6177836139127455,-0.090661320065161657,1.7863431984621592,0.617829410468136,-0.090612069545492446
23.5,11750,0.0071039779939130751,0.015000800521810362,0,0.17060872291699969,6.6859325012242398e-05,0.00023019928835456085,1.9918231658279584e-06,2.2491710265994076e-05,3.0302569024002541,1.2235248640756105,-0.17763185582041097,0.042556817798726283,1.7864578755878662,0.61879648091583117,-0.089474632701687901,1.7864753648402294,0.61884055550600015,-0.089427497514255314
23.52,11760,0.0071052671900999325,0.015000776667697061,0,0.16987801997320826,6.4222805555660232e-05,0.00023347236121438149,1.9893434378149491e-06,2.2491710265994076e-05,3.0307233550939481,1.2235492268646688,-0.17761074164525606,0.042545547945514163,1.7865910137498238,0.61981845157829107,-0.088277302591160331,1.7866087134168731,0.61986074500917099,-0.088232329752199593
23.539999999999999,11770,0.007106560889969739,0.015000749986345053,0,0.16914750770865561,6.1518397477680818e-05,0.00023657388344677904,1.9818828973365911e-06,2.2491710265994076e-05,3.0311914502725847,1.2235735921173054,-0.17758962439618853,0.042534282329510523,1.7867253282586069,0.62084896799011136,-0.087069979121436741,1.7867431722066844,0.62088942824994753,-0.087027211445334152
23.559999999999999,11780,0.0071078587396729755,0.015000720867484503,0,0.16842173856557099,5.8755202765310729e-05,0.00023948312730390488,1.9699729517691669e-06,2.2717439178655149e-05,3.0316610702388385,1.2235979595746793,-0.17756850447314593,0.042523020610153325,1.7868607359490349,0.62188746630224045,-0.085853319486157847,1.7868786682656044,0.62192604716640199,-0.085812796371827926
23.580000000000002,11790,0.0071091603849545819,0.015000689609647072,0,0.16770145897506991,5.5941647609640392e-05,0.00024225817809611736,1.9540663065140063e-06,2.2685329707937426e-05,3.0321320966791934,1.2236223290209618,-0.17754738218350113,0.042511762469625437,1.7869971541943914,0.62293337684314642,-0.084627988445633559,1.7870151277574755,0.62297003687157138,-0.084589746305483909
23.600000000000001,11800,0.0071104654702400325,0.015000656471756579,0,0.16698740322141986,5.3085612155577142e-05,0.0002448529936548427,1.9345727919790652e-06,2.2198114802541581e-05,3.0326044101486285,1.2236467002639098,-0.17752625779416656,0.042500507616489366,1.7871345014559532,0.62398612439203327,-0.08339465790673864,1.7871524760205992,0.62402082616264898,-0.083358730419213725
23.620000000000001,11810,0.0071117736383259572,0.015000621697419137,0,0.16628029177876247,5.0194624801144132e-05,0.00024729682989506314,1.9118742158134553e-06,2.265317472408141e-05,3.0330778899273341,1.2236710731256975,-0.17750513155612099,0.042489255787392058,1.787272697320339,0.6250451285103078,-0.082154006421701356,1.7872906376342916,0.62507783803017725,-0.082120424688510246
23.640000000000001,11820,0.0071130845303897161,0.015000585524948427,0,0.16558082963075926,4.727612265364161e-05,0.00024955031094852829,1.8863296425746149e-06,2.265317472408141e-05,3.0335524140731382,1.2236954474387982,-0.17748400371454554,0.04247800674671838,1.787411662297586,0.62610980390852067,-0.080906718645140416,1.7874295364854405,0.62614049016723827,-0.080875511294922542
23.66,11830,0.0071143977861707394,0.015000548190067168,0,0.16488970459541066,4.433777529205925e-05,0.00025159537453179031,1.8582765014848354e-06,2.262097403300073e-05,3.0340278595651484,1.22371982304431,-0.17746287451157738,0.042466760284848706,1.7875513175398403,0.6271795608428119,-0.079653484767761101,1.7875690958350599,0.62720819547864659,-0.079624678029529383
23.68,11840,0.0071157130442419695,0.015000509925134849,0,0.16420758567035509,4.1387884603877273e-05,0.00025351758617221789,1.8280300721168354e-06,2.2459278078588273e-05,3.0345041024794122,1.2237441997914775,-0.17744174418556921,0.042455516215707208,1.7876915845670969,0.62825380553663523,-0.078394999937028392,1.7877092383848485,0.62828036259014086,-0.078368617696413262
23.699999999999999,11850,0.007117029572863416,0.015000478936453763,0,0.16353512345551027,3.8758010961004657e-05,0.00025605524271812526,1.8105181043456937e-06,2.2845425764212974e-05,3.034980988588996,1.2237685634746236,-0.17742062140075429,0.042444270184620818,1.7878320288822083,0.62933177246185568,-0.077132047471187071,1.7878498863437442,0.62935639635757523,-0.07710802751613427
23.719999999999999,11860,0.0071183476746877828,0.015000437786703295,0,0.16287292693892852,3.6095320983106054e-05,0.00025800355883722571,1.7845524611308993e-06,2.262097403300073e-05,3.0354585443717701,1.2237929343556329,-0.17739948809985875,0.04243302501372119,1.787972915022376,0.63041309393183276,-0.07586520103114984,1.7879909614944813,0.63043569837611135,-0.075843608529204021
23.740000000000002,11870,0.0071196669481441953,0.015000387280499416,0,0.16222160140638778,3.3473051914622005e-05,0.00025988118101230053,1.7521657069207736e-06,2.206637408534863e-05,3.0359366438103259,1.2238173105641097,-0.17737834514339326,0.042421780633062255,1.7881141185321148,0.63149714052550732,-0.074595180846503018,1.788132385260147,0.63151766748941096,-0.074576064999559294
23.760000000000002,11880,0.0071209868557070262,0.015000330635648309,0,0.16158172346568744,3.1144286786433426e-05,0.00026217663557632993,1.7219847184798467e-06,2.2717439178655149e-05,3.0364151645147994,1.2238416844292066,-0.17735719600416516,0.042410533997948051,1.7882553389806446,0.63258320947775326,-0.073322743421482303,1.7882740787707361,0.63260170029882601,-0.073306103818036955
23.780000000000001,11890,0.0071223072850893623,0.015000267977051953,0,0.16095386701294423,2.8608591344909557e-05,0.00026310361667487576,1.6805514114258275e-06,2.3036072399968081e-05,3.0368938790363287,1.2238660700576622,-0.17733604031666997,0.042399292589325718,1.7883971427690055,0.63367089021631007,-0.072048523461301014,1.7884159629297092,0.63368719167259224,-0.072034433905846379
23.800000000000001,11900,0.0071236276649720275,0.015000203728667378,0,0.16033855314458215,2.6098317038274187e-05,0.0002640577103974338,1.6357588122496987e-06,2.2685329707937426e-05,3.0373726496961835,1.2238904596688982,-0.17731488275565435,0.042388054458637657,1.7885392229135351,0.63475947905816044,-0.070773277525391656,1.788557958480548,0.63477353525502023,-0.070761765618044342
23.82,11910,0.0071249476911860662,0.015000131881181149,0,0.15973625844888448,2.3961780402929792e-05,0.00026564299564284558,1.5915101710544052e-06,2.2329078268013787e-05,3.0378514784140496,1.2239148506779449,-0.17729371743242561,0.042376815142146786,1.7886811531515179,0.63584829856386282,-0.069497734698088856,1.7886999860733115,0.63586012397568703,-0.069488810147008723
23.84,11920,0.0071262671150811386,0.015000051026748342,0,0.15914745425924981,2.2139988173077192e-05,0.00026684216931118805,1.5445989917995737e-06,2.2909150924997221e-05,3.0383302327275152,1.2239392477580644,-0.17727254278108831,0.042365576452390814,1.7888230177302067,0.63693679353259869,-0.068222587083364983,1.7888419663311925,0.63694635055862858,-0.068216278925912324
23.859999999999999,11930,0.0071275855213008788,0.014999964337787294,0,0.15857258085147732,2.0660538645306017e-05,0.00026769854502857422,1.4967579305209908e-06,2.2909150924997221e-05,3.0388087396739563,1.2239636501458049,-0.17725136198574404,0.042354339451804536,1.7889648243605114,0.63802435851752171,-0.06694855335025153,1.788983819917074,0.63803160803153092,-0.066944883032196964
23.879999999999999,11940,0.0071289018388934191,0.014999901544655154,0,0.15801208022446489,1.9221323200077783e-05,0.0002671643139910593,1.4543551554817761e-06,2.2588727439225648e-05,3.0392864687823198,1.2239880449012297,-0.17723020509871029,0.042343109481976893,1.7891069301529763,0.63911032773132059,-0.065676426153234213,1.789125467600085,0.63911529023492242,-0.065675332591047117
23.900000000000002,11950,0.0071302162093619019,0.01499984307902978,0,0.15746628483766845,1.8133342491469044e-05,0.00026689952858545901,1.411225279394167e-06,2.2877310533063834e-05,3.0397635761599999,1.2240124414797375,-0.17720905231805009,0.042331882841569524,1.7892489509982732,0.64019416689855091,-0.064406834516486003,1.7892668303221573,0.64019679233136551,-0.064408336178863823
23.920000000000002,11960,0.0071315287969293687,0.014999766887962342,0,0.15693549839289495,1.7893973913220191e-05,0.00026739067477605377,1.3656948183668251e-06,2.2426798989897964e-05,3.0402402478317474,1.2240368490133895,-0.17718788136182695,0.042320655667368437,1.7893904275694521,0.64127529382485693,-0.06314043753443381,1.7894078292645812,0.64127551131464811,-0.063144600226739497
23.940000000000001,11970,0.0071328389571507231,0.014999684108226765,0,0.15642003730466864,1.8439896928335359e-05,0.00026759505296819073,1.322589483144959e-06,2.3130806476445511e-05,3.0407162115339736,1.2240612613488291,-0.17716670352556935,0.042309429677709454,1.7895313999413711,0.64235304545202665,-0.061877996791116406,1.7895483859145627,0.64235084651897623,-0.061884828423930255
23.960000000000001,11980,0.0071341452064040403,0.014999637669551763,0,0.15592018797979182,1.9261470598922184e-05,0.00026623230606538065,1.2865877222683985e-06,2.2394272795856101e-05,3.0411907929728978,1.2240856536441322,-0.17714556242542714,0.042298208750858914,1.789672183868444,0.64342665493313311,-0.060620368166385954,1.7896884221317786,0.6434222001281652,-0.060629721121331109
23.98,11990,0.0071354482227704366,0.014999591645263577,0,0.15542863348465083,2.05978821131184e-05,0.00026509362376053172,1.2500074321421319e-06,2.3256518306983181e-05,3.0416643290771601,1.2241100491381425,-0.1771244214944698,0.042286989452704871,1.7898124748054214,0.64449574735097326,-0.059368069545239419,1.7898278602149333,0.64448897768483171,-0.059379974734949256
24,12000,0.0071367472424085235,0.0149995595189762,0,0.15493980373427887,2.2311581900462782e-05,0.00026360183555023482,1.2143880198538486e-06,2.2717439178655149e-05,3.0421365406883671,1.2241344372132179,-0.17710329451526793,0.042275772679303193,1.7899521729410486,0.64555961627626357,-0.058121876134533505,1.7899666229683158,0.6455505885995857,-0.058136281149378286
24.02,12010,0.0071380413531444958,0.014999562244614486,0,0.15446306258315493,2.4135371588772344e-05,0.00026106773145804677,1.1785392885332479e-06,2.3004407680670755e-05,3.0426070489585046,1.2241588048826488,-0.1770822028109624,0.042264559665005523,1.7900913268668157,0.64661758416484749,-0.056882552183898337,1.7901046337683544,0.64660644666022193,-0.056899327121271812
24.039999999999999,12020,0.0071393310342650288,0.01499957075579275,0,0.15400262433495465,2.6265538826382259e-05,0.00025860182221868649,1.1414090024771511e-06,2.2909150924997221e-05,3.0430760980872331,1.2241831706681618,-0.1770611168005565,0.042253347760056667,1.7902296793755679,0.64766923331532811,-0.055650645199973224,1.7902418166301741,0.64765597054091195,-0.055669793682817811
24.060000000000002,12030,0.0071406160803771249,0.01499957976470513,0,0.15355858664772312,2.8679683216427827e-05,0.00025620038666290053,1.1032520777943323e-06,2.262097403300073e-05,3.0435436388274693,1.2242075368567251,-0.17704003113075381,0.042242136694662202,1.7903670762468207,0.64871399170858035,-0.054426821958910444,1.7903780962741529,0.64869858431139615,-0.054448355545211852
24.080000000000002,12040,0.0071418961999370799,0.014999587575908616,0,0.15313101525528655,3.1307440527517497e-05,0.00025376186573877502,1.0645632277152745e-06,2.2749503328951236e-05,3.0440095735656065,1.2242319038572196,-0.17701894409794264,0.042230926063362331,1.790503418091427,0.64975127631395713,-0.053211758605547048,1.7905133981924777,0.64973371794617496,-0.053235680502132149
24.100000000000001,12050,0.0071431710858458333,0.014999593613026123,0,0.15271994106217598,3.4082742818082621e-05,0.0002512416639466214,1.0256447877131968e-06,2.3036072399968081e-05,3.0444737909230262,1.2242562717374568,-0.1769978551264845,0.042219715605289664,1.7906386331953652,0.65078051451855168,-0.052006122934191081,1.7906476487157001,0.65076080783370138,-0.052032428833212116
24.120000000000001,12060,0.0071444404272296208,0.014999597838592246,0,0.15232535976895917,3.6954211941936459e-05,0.00024865781857141584,9.8662741718674031e-07,2.3162298399097643e-05,3.0449361743874892,1.2242806404419733,-0.17697676418178576,0.042208505213901244,1.7907726624280911,0.65180114401449674,-0.050810573113619313,1.7907807750792937,0.65177929728557249,-0.050839252707515062
24.140000000000001,12070,0.0071457039136194741,0.014999600495642706,0,0.15194723199845003,3.9884224770131462e-05,0.00024589866780204352,9.4755233494157838e-07,2.2909150924997221e-05,3.0453966062005899,1.2243050098488208,-0.17695567151078964,0.042197294873479695,1.7909054510306661,0.65281261151396608,-0.049625757721832968,1.7909127054902099,0.65278863704572132,-0.049656795587008001
24.16,12080,0.0071469612377604991,0.014999601952816818,0,0.15158548371669045,4.2845773262174765e-05,0.00024311420080838674,9.0842497575103079e-07,2.3567864403541509e-05,3.0458549696355965,1.2243293798040069,-0.17693457748655911,0.042186084609052682,1.7910369444349494,0.65381437240708729,-0.04845231541582401,1.7910433691934338,0.65378828579960846,-0.048485691630035591
24.18,12090,0.0071482120976217121,0.014999602609268466,0,0.1512400069021958,4.5819464041717469e-05,0.0002401427151503869,8.6924129552949909e-07,2.3004407680670755e-05,3.0463111503101938,1.2243537501464548,-0.17691348251275352,0.042174874457393284,1.7911670864477378,0.6548058909331077,-0.047290874428038213,1.7911726965385408,0.65477771068341417,-0.047326565094793854
24.199999999999999,12100,0.0071494561977069751,0.014999602841209098,0,0.15091066041315715,4.879115726681112e-05,0.00023708480951518192,8.2999932938229963e-07,2.3287840231354886e-05,3.0467650368443229,1.2243781207236959,-0.17689238696985837,0.042163664452157953,1.7912958187757884,0.65578664053742519,-0.04614205204014106,1.7913006190462535,0.65575638779323031,-0.046180029742804274
24.219999999999999,12110,0.0071506932498368158,0.014999602976430781,0,0.15059727101018272,5.1750250164542474e-05,0.00023387788502799478,7.9070414724105924e-07,2.3162298399097643e-05,3.047216521118846,1.2244024913999119,-0.17687129118954614,0.042152454617162285,1.7914230812545522,0.65675610429597153,-0.045006454065173201,1.7914270694749963,0.65672380269425168,-0.045046688242387528
24.240000000000002,12120,0.0071519229735837499,0.014999603286122499,0,0.15029963450501033,5.468848381529979e-05,0.00023056947293100314,7.5137019752895843e-07,2.3099271619960363e-05,3.0476654983033828,1.2244268620586325,-0.17685019544643471,0.04214124496413469,1.7915488123921095,0.657713775371219,-0.04388467433136415,1.7915519818874539,0.65767945092996816,-0.043927131572137609
24.260000000000002,12130,0.007153145096506372,0.014999603986345412,0,0.1500175170158064,5.7599137750207666e-05,0.00022715192993129075,7.1202271133050954e-07,2.3287840231354886e-05,3.0481118667989802,1.2244512326023371,-0.17682909995957555,0.04213003549282484,1.791672950003107,0.65865915748726589,-0.042777294158395915,1.791675291717125,0.6586228385313565,-0.042821938424395897
24.280000000000001,12140,0.0071543593542815797,0.014999605244148312,0,0.14975065631597728,6.0476497614134362e-05,0.0002235680917184004,6.7269897871619e-07,2.2909150924997221e-05,3.0485555281239205,1.2244756029504655,-0.17680800489861964,0.042118826192218912,1.7917954318130109,0.65959176541718467,-0.041684881821566835,1.7917969358348811,0.65955348252607238,-0.041731674608724373
24.300000000000001,12150,0.0071555654907968043,0.014999607185298419,0,0.14949637142944619,6.3315508810495797e-05,0.00021991260209954319,6.3344989054555123e-07,2.2909150924997221e-05,3.0489963868383789,1.2244999730368926,-0.17678691039160485,0.042107617042153531,1.7919161959787326,0.66051112547809232,-0.040607992003040903,1.7919168526155211,0.6604709114476417,-0.040656892455380081
24.32,12160,0.0071567632582374826,0.014999609901921354,0,0.14925080554420708,6.6111553635697269e-05,0.00021613124293145056,5.943421359689676e-07,2.3162298399097643e-05,3.0494343504686681,1.2245243428073826,-0.17676581653265702,0.042096408014934854,1.7920351815103095,0.66141677603084847,-0.039547165231395509,1.792034982004328,0.66137466584465265,-0.039598130218789232
24.34,12170,0.0071579524171876373,0.014999613459246742,0,0.14901959820848501,6.8860308710917413e-05,0.00021224476279130364,5.5546144301275708e-07,2.3067693653563172e-05,3.049869329485114,1.2245487122173184,-0.17674472338879071,0.042085199076765251,1.7921523285988958,0.66230826798243803,-0.038502927311440324,1.7921512655836256,0.66226429878994808,-0.038555911481020305
24.359999999999999,12180,0.0071591327367506825,0.014999617901165982,0,0.14880246116772197,7.1557653662649175e-05,0.00020828927565397606,5.1691734394071436e-07,2.3193747562800386e-05,3.0503012373005114,1.2245730812298259,-0.176723631005508,0.042073990188917429,1.7922675788658007,0.66318516528994575,-0.037475788746434591,1.7922656466393339,0.66313937638981646,-0.037530744555258899
24.379999999999999,12190,0.0071603028613962533,0.014999667234320441,0,0.1485989701445799,7.3960270986362828e-05,0.00020522559047890355,5.0582860662941313e-07,2.3162298399097643e-05,3.050729620922493,1.2245974239595121,-0.17670258454134768,0.042062745607797526,1.7923808154923984,0.66404682536960746,-0.036466369448282382,1.792378070227526,0.66399947829318395,-0.036523121889281016
24.400000000000002,12200,0.0071614629285073478,0.014999747083992501,0,0.14840874479612784,7.6158274437917336e-05,0.00020278517049748099,5.2664482416213951e-07,2.3099271619960363e-05,3.0511545212792832,1.2246217481786434,-0.17668156928720011,0.042051475362217768,1.7924919701845694,0.66489292769501507,-0.035475095497956265,1.7924884832409849,0.66484419820080676,-0.035533519468927105
24.420000000000002,12210,0.0071626137167146381,0.01499981884103796,0,0.14823141978298313,7.8369374201571782e-05,0.00019991798603992742,5.5472061288040878e-07,2.3722005120437366e-05,3.0515761826506353,1.2246460763387326,-0.17666054564378952,0.042040209716779756,1.7926010316855243,0.66572328291939986,-0.034502310711222686,1.7925968344757579,0.66567314437446223,-0.03456239622157635
24.440000000000001,12220,0.0071637550109592612,0.014999883445686859,0,0.14806657006023241,8.0582504076750103e-05,0.00019664985278320456,5.8545323385798955e-07,2.3162298399097643e-05,3.0519945171075937,1.22467040824601,-0.17663951455962296,0.042028948408759412,1.7927079705103595,0.6665375056539532,-0.033548463610079515,1.7927030746977151,0.66648594014614104,-0.033610193419620002
24.460000000000001,12230,0.0071648865738891078,0.014999942755011073,0,0.14791375284149627,8.2771767627358607e-05,0.00019317560327828336,6.1720456146574215e-07,2.3443822150653013e-05,3.0524094315922756,1.2246947429545925,-0.17661847792998381,0.042017690434826206,1.7928127474707392,0.66733521212164781,-0.032613992050958024,1.7928071567091042,0.66728222442723906,-0.03267733408393568
24.48,12240,0.0071660081994256138,0.014999997797725468,0,0.14777251456063542,8.4919729671527211e-05,0.00018941464301704196,6.4897065816113957e-07,2.3287840231354886e-05,3.0528208460028181,1.224719079916615,-0.17659743680528062,0.042006435249180997,1.7929153194576943,0.66811604228045496,-0.031699310197634355,1.7929090354151074,0.66806165221774916,-0.031764222387361013
24.5,12250,0.0071671197034647001,0.015000049162991618,0,0.14764239245641583,8.7014252292688982e-05,0.00018548318431476366,6.8007377130876828e-07,2.3162298399097643e-05,3.0532286890109503,1.2247434188079294,-0.17657639178755949,0.041995182515872378,1.7930156427722643,0.66887965752557099,-0.030804809747676576,1.7930086678903971,0.66882389511545293,-0.030871243058167769
24.52,12260,0.0071682209172877044,0.015000097251554496,0,0.14752291604948062,8.9045779355974449e-05,0.00018135406333807326,7.1009061261299946e-07,2.3319120084582497e-05,3.053632895187548,1.2247677593992377,-0.17655534328687009,0.041983931974227645,1.7931136748201901,0.66962573874181752,-0.029930860884679306,1.7931060134456929,0.66956864182511255,-0.029998760783535722
24.539999999999999,12270,0.0071693116849675075,0.015000142379801752,0,0.14741360886097771,9.1006290720417279e-05,0.00017717808899932332,7.3879186617681236e-07,2.3722005120437366e-05,3.0540334038359034,1.2247921015027305,-0.17653429162741913,0.041972683392344085,1.7932093749401659,0.6703539858595563,-0.029077812294573568,1.7932010336943174,0.67029559866766253,-0.029147119613026559
24.560000000000002,12280,0.007170391335640439,0.015000199961016234,0,0.14731350587556621,9.2739019459037105e-05,0.00017185680961425792,7.8714464334183317e-07,2.3350358035739973e-05,3.0544300000685785,1.2248164286045273,-0.17651325275710242,0.041961432110807578,1.7933025764476214,0.67106399395997773,-0.028246066922269036,1.7932936926187526,0.67100449008940188,-0.028316642362057581
24.580000000000002,12290,0.0071714599365286878,0.015000263235774292,0,0.14721733837241799,9.4295427247618758e-05,0.00016590911209698938,8.4823935515852361e-07,2.2845425764212974e-05,3.0548227015070051,1.2248407463966575,-0.17649221974490956,0.041950178632398576,1.793393250350894,0.67175555212983329,-0.027435895390267365,1.7933839566371959,0.67169505917118522,-0.027507630015376233
24.600000000000001,12300,0.0071725178228418934,0.015000318860197292,0,0.14712512015215359,9.5809718147672477e-05,0.00016024128188272624,9.0309432068239687e-07,2.3287840231354886e-05,3.0552115938323112,1.2248650690047371,-0.17647117879406135,0.041938926502974094,1.7934814795979166,0.67242853459559249,-0.026647507998762691,1.7934717946701169,0.67236706813761538,-0.026720361130533388
24.620000000000001,12310,0.0071735648421226818,0.015000368973295639,0,0.14704108588324663,9.7274808106432469e-05,0.00015479460106842142,9.5267669962460175e-07,2.3350358035739973e-05,3.0555966061642281,1.2248893954786111,-0.17645013206908394,0.041927675967166088,1.7935672702827596,0.67308271616361537,-0.025881168178088627,1.7935571782068134,0.67302029886623504,-0.025955091241356962
24.640000000000001,12320,0.0071746008609479411,0.015000415019498675,0,0.1469651157850731,9.86736065438888e-05,0.00014942746259136649,9.9809595535808367e-07,2.2909150924997221e-05,3.0559776833428436,1.2249137249234405,-0.17642908104189145,0.041916426923607128,1.7936506002057941,0.67371788435662894,-0.025137118795738638,1.7936400813719673,0.6736545533967182,-0.025212052261427115
24.66,12330,0.0071756257776457123,0.015000457670607962,0,0.14689673712573997,9.9993448617061444e-05,0.00014425995800784196,1.0399202355375839e-06,2.2877310533063834e-05,3.0563547849906141,1.2249380568726187,-0.17640802639977654,0.04190517920557825,1.793731439940738,0.67433385162658044,-0.024415574931518483,1.7937204809922016,0.67426965444006215,-0.024491451887548921
24.68,12340,0.0071766395115611696,0.015000497273028915,0,0.14683548274923047,0.00010122472131626547,0.00013918343569466248,1.0784720746176844e-06,2.3004407680670755e-05,3.0567278791462513,1.2249623910474836,-0.17638696849913027,0.041893932638457344,1.7938097609443733,0.67493045438554644,-0.023716724832032549,1.7937983566626359,0.67486544588777941,-0.023793473003226942
24.699999999999999,12350,0.0071776418363788006,0.015000538304874597,0,0.14678087346702473,0.00010230459766214096,0.00013480975029276493,1.1231015127890814e-06,2.2813496432377448e-05,3.0570969235580754,1.2249867221392254,-0.17636591206107161,0.041882679714659629,1.7938854055221141,0.67550751004265741,-0.023040746900690186,1.7938736908134434,0.67544179332108978,-0.023118273082138624
24.719999999999999,12360,0.0071786327753870999,0.015000577774863376,0,0.1467324629697879,0.0001032442404294137,0.00013098679756366166,1.169491606934188e-06,2.3067693653563172e-05,3.0574619142157387,1.2250110521969522,-0.1763448540129946,0.041871422179005947,1.7939583736421452,0.67606491739700547,-0.022387768524028219,1.7939464687764066,0.67599858452011174,-0.022465983591608549
24.740000000000002,12370,0.0071796124237278056,0.015000612001549599,0,0.14668982705997818,0.00010408926541224483,0.00012705459990432406,1.2097408269838115e-06,2.3350358035739973e-05,3.0578228404101582,1.2250353855415625,-0.17632379047430066,0.041860166225867051,1.7940287747087638,0.676602622368767,-0.021757882542750136,1.794016678851474,0.67653572997305433,-0.021836709396082649
24.760000000000002,12380,0.0071805807244270789,0.015000642723026439,0,0.1466525358420247,0.00010483680796626797,0.0001228722366577277,1.2454185167984363e-06,2.2909150924997221e-05,3.0581796694322674,1.2250597214406242,-0.17630272320428003,0.041848911953998681,1.7940966250356138,0.67712055512469294,-0.021151171320140515,1.7940843123733157,0.677053163385409,-0.021230528160601642
24.780000000000001,12390,0.0071815376493516844,0.015000670776636299,0,0.14662016892756158,0.00010547852775101019,0.00011872059481472233,1.2774787108210361e-06,2.2781522350186147e-05,3.058532387807122,1.2250840594105254,-0.17628165305726362,0.041837659141941708,1.7941619145822074,0.67761866635312618,-0.020567689504230928,1.7941493637778805,0.67755084218914186,-0.020647489754274995
24.800000000000001,12400,0.0071824831954228775,0.015000696488421991,0,0.14659231895316144,0.0001060069614538702,0.0001143801799779225,1.3063792248904971e-06,2.3412708902503816e-05,3.0588809931059577,1.2251083991979024,-0.17626058036909742,0.0418264075811762,1.7942246304471887,0.67809693219215295,-0.020007462272231158,1.7942118306689514,0.67802874805188496,-0.02008761565375479
24.82,12410,0.0071834173537677799,0.015000718595677616,0,0.14656857898932515,0.00010636957676677759,0.00010958942210598425,1.3333090517567063e-06,2.3319120084582497e-05,3.0592255137077986,1.2251327390098965,-0.17623950395354243,0.041815154674451405,1.7942846496185612,0.67855532215315773,-0.019470500359716085,1.7942717138847029,0.67848688738612806,-0.019550898346710074
24.84,12420,0.0071843401740415789,0.015000736468779844,0,0.14654857534943841,0.00010657733563748496,0.00010455154646275216,1.357151692568677e-06,2.2845425764212974e-05,3.0595659569085361,1.2251570796399809,-0.17621842315572339,0.041803900725451336,1.7943419941300791,0.67899387686099344,-0.018956762330598662,1.7943290175642561,0.67892529185841144,-0.019037300735300106
24.859999999999999,12430,0.0071852517374280745,0.015000749000722095,0,0.14653195249967574,0.00010665454158316057,9.9917053584504075e-05,1.3761441891623177e-06,2.2940947124789083e-05,3.0599023427107634,1.2251814224515443,-0.17619733683212258,0.041792645956730184,1.7943966872010249,0.67941267345875167,-0.018466168002789853,1.7943837492142354,0.67934401889851614,-0.018546755539648949
24.879999999999999,12440,0.0071861520747549638,0.015000757389235618,0,0.14651836779212063,0.00010660220630344185,9.5653135436083071e-05,1.3911210815598467e-06,2.3350358035739973e-05,3.0602346655013024,1.2252057671706627,-0.17617624618263683,0.041781390848124537,1.7944487785696159,0.67981179489512433,-0.01799862363482025,1.7944359197753252,0.67974315220865722,-0.018079164701318831
24.900000000000002,12450,0.0071870412196753854,0.015000764150907293,0,0.14650749826374876,0.00010642674206348988,9.1461435820530378e-05,1.403546850827067e-06,2.3225154141253322e-05,3.0605629098981408,1.2252301134800958,-0.17615515371592183,0.041770136826283437,1.7944983604718194,0.68019135350174664,-0.017554005313836257,1.7944855436888256,0.68012280227267474,-0.017634398786784439
24.920000000000002,12460,0.007187919248258132,0.015000769972064759,0,0.14649903261800837,0.00010612285355339009,8.7227091460369507e-05,1.4141259933795778e-06,2.265317472408141e-05,3.0608871005057483,1.2252544610392162,-0.17613406012867924,0.041758883882028419,1.7945454501031444,0.68055148307868163,-0.017132155089611384,1.794532638963209,0.68048310686522584,-0.017212296390906781
24.940000000000001,12470,0.0071887862627071832,0.015000774978757878,0,0.14649267661514825,0.00010568390146266634,8.305774022339243e-05,1.4230966445296652e-06,2.2972699315936647e-05,3.0612072757383246,1.2252788096979794,-0.17611296555303826,0.041747631867735766,1.7945900544527171,0.68089234483961703,-0.016732881769728928,1.7945772272406761,0.6808242315609766,-0.016812663540406683
24.960000000000001,12480,0.0071896423836419797,0.015000779172690637,0,0.14648815436727761,0.00010510394700169177,7.8908271228225532e-05,1.430569746371435e-06,2.2813496432377448e-05,3.0615234804883649,1.2253031593688988,-0.1760918699948508,0.041736380635632675,1.7946321857536132,0.68121412883080512,-0.016355960787527719,1.7946193338637124,0.68114637024379421,-0.016435273097338984
24.98,12490,0.0071904877478250594,0.015000782549431499,0,0.14648520860455461,0.00010437785564749301,7.4733241344647437e-05,1.4366355531709942e-06,2.2972699315936647e-05,3.0618357647438414,1.2253275099795775,-0.17607077345318523,0.041725130056532077,1.794671863403039,0.68151705442962551,-0.016001133718369906,1.7946589879416444,0.68144974561593796,-0.016079864162566668
25,12500,0.0071913225078984256,0.01500078511588848,0,0.14648360069222521,0.00010350109954567153,7.0724209508839133e-05,1.4413829959197212e-06,2.265317472408141e-05,3.0621441836952545,1.225351861462459,-0.17604967593814524,0.041713880017870922,1.7947091133006239,0.68180137072606706,-0.015668107710273577,1.7946962224171956,0.68173460970725142,-0.015746141479234838
25.02,12510,0.0071921468326188263,0.015000786886345987,0,0.14648311055414112,0.00010246958579767035,6.6725564917942783e-05,1.4448987484583298e-06,2.2845425764212974e-05,3.0624487980483845,1.2253762137541149,-0.17602857746696796,0.041702630419565484,1.7947439671254015,0.68206735692757703,-0.015356554901056755,1.7947310741330436,0.68200124438435483,-0.015433774836243835
25.039999999999999,12520,0.0071929609071505569,0.015000787877898955,0,0.14648353651862914,0.00010127953877331646,6.2774139161097243e-05,1.4472646729669134e-06,2.2909150924997221e-05,3.0627496742860085,1.2254005667957388,-0.17600747805946815,0.041691381171201407,1.7947764618668522,0.68231532279461526,-0.015066111833924013,1.7947635838983751,0.68224996185983611,-0.015142398471724036
25.060000000000002,12530,0.007193764933339673,0.015000788108136357,0,0.14648469508213063,9.9927419078266617e-05,5.9003110094515004e-05,1.4485566811822297e-06,2.2845425764212974e-05,3.0630468848681485,1.2254249205332914,-0.17598637773573259,0.041680132190422423,1.7948066395354649,0.68254560909720685,-0.014796378871587464,1.7947937965554435,0.68248110520144323,-0.014871610476509381
25.080000000000002,12540,0.0071945591299764234,0.015000787594236143,0,0.14648642058782252,9.8409865100507424e-05,5.5330856164909951e-05,1.4488445920296163e-06,2.2491710265994076e-05,3.0633405084046919,1.2254492749173345,-0.17596527651522589,0.041668883401928695,1.794834546977579,0.68275858808529089,-0.014546919608351683,1.7948217610461239,0.68269504884127619,-0.014620972197610702
25.100000000000001,12550,0.0071953437330579129,0.015000786352692278,0,0.14648856481962752,9.6723649581098819e-05,5.1510223820936739e-05,1.4481924576812582e-06,2.2329078268013787e-05,3.0636306298046745,1.2254736299027083,-0.17594417441653476,0.041657634736743616,1.7948602357558101,0.68295466396881177,-0.014317260280202764,1.7948475304784703,0.68289219908497756,-0.014390007641691585
25.120000000000001,12560,0.0071961189960564262,0.015000784399240463,0,0.14649099651385686,9.4865647068842471e-05,4.791792705195437e-05,1.4466590339362234e-06,2.3067693653563172e-05,3.0639173404155855,1.2254979854481638,-0.17592307145731045,0.04164638613158219,1.7948837620760589,0.6831342734050434,-0.014106889173232585,1.7948711621932716,0.68307299462092597,-0.014178202878539659
25.140000000000001,12570,0.0071968851901945676,0.015000781748868446,0,0.14649360079187698,9.2832809689619858e-05,4.4494632894493484e-05,1.4442982908196111e-06,2.2685329707937426e-05,3.0642007381536245,1.2255223415159993,-0.17590196765429483,0.04163513752828437,1.7949051867498442,0.68329788599144692,-0.013915256030760366,1.7948927178306078,0.68323790702942699,-0.013985005444542536
25.16,12580,0.0071976426047266878,0.01500077841585302,0,0.14649627851801592,9.0622149288554799e-05,4.098113502007738e-05,1.4411599195799356e-06,2.2717439178655149e-05,3.0644809276339702,1.2255466980717129,-0.17588086302337222,0.041623888873294553,1.794924575183664,0.6834460047627291,-0.013741771459487904,1.7949122633964061,0.68338744129190576,-0.013809823746160119
25.18,12590,0.0071983915472256755,0.015000774413824488,0,0.14649894558767601,8.8230724470900155e-05,3.7778880894331928e-05,1.4372898327869353e-06,2.2556434745889217e-05,3.0647580202863076,1.2255710550836734,-0.17585975757964839,0.041612640117192026,1.7949419973887273,0.68357916669105523,-0.013585806334927663,1.7949298693289975,0.68352213630009695,-0.013652026463400774
25.199999999999999,12600,0.0071991323438743001,0.015000769755833069,0,0.14650153215139528,8.5655631404644449e-05,3.4406124585469263e-05,1.4327306364047558e-06,2.2394272795856101e-05,3.0650321344798668,1.2255954125228141,-0.17583865133753107,0.041601391214261381,1.794957528005821,0.683697943188599,-0.013446691206281412,1.7949456105656729,0.68364256536523882,-0.013510941953292901
25.219999999999999,12610,0.0071998653397603984,0.015000764454433853,0,0.14650398178141086,8.2893997530746028e-05,3.1253247004195228e-05,1.427522081041377e-06,2.2940947124789083e-05,3.0653033956360929,1.225619770362357,-0.17581754431082591,0.041590142122110221,1.794971246341148,0.68380294061180036,-0.013323715700930144,1.7949595666092395,0.6837493367272639,-0.013385857653359839
25.240000000000002,12620,0.0072005908991753104,0.015000758521768822,0,0.14650625058807595,7.9942977622634662e-05,2.8623708520629238e-05,1.4217014884240374e-06,2.2717439178655149e-05,3.0655719363446381,1.2256441285775539,-0.17579643651283194,0.041578892801319177,1.7949832364100815,0.68389480076686371,-0.013216127928624694,1.7949718215945767,0.68384309406399146,-0.01327601948509341
25.260000000000002,12630,0.0072013094059150519,0.015000751969645468,0,0.14650830629431816,7.6799751854594989e-05,2.564165271600967e-05,1.415304142524759e-06,2.262097403300073e-05,3.0658378964783846,1.2256684871454573,-0.175775327956428,0.04156764321513174,1.7949935869864577,0.68397420141613541,-0.013123133885458734,1.7949824643551926,0.68392451700031764,-0.013180631257429243
25.280000000000001,12640,0.0072020212635837142,0.015000744809611303,0,0.14651012727720727,7.3461525801003886e-05,2.3036072399968081e-05,1.4083636523377076e-06,2.265317472408141e-05,3.0661014233055925,1.2256928460447174,-0.17575421865415772,0.041556393329168897,1.7950023916557543,0.6840418567851162,-0.013043896857688614,1.7949915884897809,0.6839943216174097,-0.013098854070218713
25.300000000000001,12650,0.0072027268958986352,0.015000737053020062,0,0.14651170158653751,6.9925532576759703e-05,2.063237243740307e-05,1.4009122922389206e-06,2.2685329707937426e-05,3.0663626716077195,1.2257172052553926,-0.17573310861830607,0.041545143111172383,1.7950097488709065,0.68409851806989308,-0.012977536825426498,1.7949992924287757,0.68405326096189634,-0.013029805717703638
25.32,12660,0.0072034267375895647,0.015000731137770186,0,0.14651303806500951,6.6226651020547854e-05,1.8430439999894915e-05,1.3934493636222311e-06,2.2556434745889217e-05,3.0666217635548954,1.2257415654328625,-0.17571200024323741,0.041533894847711424,1.7950158766924293,0.6841449959606658,-0.012923122101400784,1.7950056795009091,0.68410212555505923,-0.012972560091991256
25.34,12670,0.0072041212444573476,0.015000727450422963,0,0.14651413668033317,6.2349487302102365e-05,1.63782182658682e-05,1.3869303334538687e-06,2.2263692832568247e-05,3.0668788745393361,1.2257659258428601,-0.17569089394391701,0.041522647944992636,1.7950208520292055,0.68418210773760768,-0.012879688662340464,1.795010857999767,0.68414174390202653,-0.012926146586525647
25.359999999999999,12680,0.0072048109250587213,0.015000723609806114,0,0.14651499605387167,5.825301768940084e-05,1.4183953086968166e-05,1.3808395833414187e-06,2.262097403300073e-05,3.0671342277447651,1.2257902858810121,-0.1756697873805152,0.041511400169371403,1.7950246679479054,0.68421069615140651,-0.012846230638682616,1.7950149412503453,0.68417298300096285,-0.012889549499564584
25.379999999999999,12690,0.0072054963139597311,0.015000718303005504,0,0.14651563184984701,5.3930619196797114e-05,1.3115919625095442e-05,1.374064381819901e-06,2.2394272795856101e-05,3.0673880262030191,1.2258146460029045,-0.17564867922956928,0.041500151182089433,1.7950274196573759,0.68423166461873486,-0.012821687856240653,1.7950180476756061,0.68419674885226212,-0.012861707437651235
25.400000000000002,12700,0.0072061779493019125,0.015000711194203436,0,0.14651606674999243,4.9382395481173671e-05,1.1326587362040649e-05,1.366273669822677e-06,2.265317472408141e-05,3.0676404657282212,1.2258390063702613,-0.17562756915083569,0.041488900938059473,1.7950292368393974,0.68424595897729035,-0.012804953726828145,1.7950203008630343,0.68421398696773894,-0.012841512719089176
25.420000000000002,12710,0.0072068564206903604,0.015000701637293308,0,0.14651633467677899,4.4631519690191095e-05,9.80911239371097e-06,1.3554414604023578e-06,2.2491710265994076e-05,3.0678917420761485,1.2258633682821773,-0.17560645643214443,0.041477651746054937,1.7950303086463257,0.68425457861314642,-0.01279486968684819,1.7950218296311933,0.68422568287982066,-0.01282781077741614
25.440000000000001,12720,0.0072075323839420882,0.01500068810526645,0,0.14651647437107562,3.9714550187638463e-05,9.0354909756902108e-06,1.3384627464413136e-06,2.2230927998283902e-05,3.0681420813157003,1.2258877344915693,-0.17558533945756785,0.04146640412315717,1.795030815502491,0.68425857341818908,-0.012790220099715725,1.7950227680962823,0.68423286265073979,-0.012819399564876807
25.460000000000001,12730,0.0072082063264120241,0.015000673861085263,0,0.14651650305498745,3.4584765207746674e-05,9.3526217011086895e-06,1.320950110535526e-06,2.265317472408141e-05,3.068391681950037,1.2259121013116623,-0.17556422163465343,0.04145515525628244,1.7950308359519929,0.68425897486677556,-0.012789775926819773,1.7950232557386909,0.68423659338172438,-0.012815028955898991
25.48,12740,0.0072088789094484516,0.015000656179526554,0,0.14651645476456385,2.9237552346011798e-05,9.195423586105984e-06,1.3001369318086571e-06,2.2524095754713237e-05,3.0686407904299791,1.2259364684170149,-0.17554310020178704,0.041443909144200042,1.7950304853543797,0.68425689024073755,-0.01279224110183569,1.7950234374695573,0.6842379837221908,-0.01281340015056566
25.5,12750,0.0072095510779192082,0.015000624130503152,0,0.14651641732325854,2.3826399696695445e-05,1.0029569411827041e-05,1.2618397531994712e-06,2.2685329707937426e-05,3.0688897356159317,1.2259608400115842,-0.17552196394048455,0.041432679709795181,1.795029944016246,0.68425360003990154,-0.012796192742181505,1.795023463697323,0.68423818437893602,-0.01281316507808905
25.52,12760,0.0072102231046723793,0.015000593313329261,0,0.14651635730872165,1.8393883619309817e-05,1.0731768324341125e-05,1.2271303175824618e-06,2.2394272795856101e-05,3.0691386470288045,1.225985211214577,-0.17550082888225685,0.0414214423577507,1.7950293181163193,0.68425006762775886,-0.012800403842638223,1.795023463697323,0.68423818437893602,-0.01281316507808905
25.539999999999999,12770,0.0072108948513445754,0.015000585615469486,0,0.14651621331017586,1.3754989590268175e-05,1.024528375501914e-05,1.2253924195523187e-06,2.1933842111273517e-05,3.0693875108004076,1.2260095674131102,-0.17547971755128644,0.041410180392486819,1.7950286293194855,0.68424698147337926,-0.012803938636973438,1.795023463697323,0.68423818437893602,-0.01281316507808905
25.560000000000002,12780,0.0072115667643894432,0.015000586553290762,0,0.14651605242333185,1.0265702209261286e-05,9.80911239371097e-06,1.237949380510933e-06,2.1933842111273517e-05,3.0696364710448982,1.2260339149970154,-0.17545861507739097,0.041398910308934798,1.7950279377912597,0.68424463273596248,-0.01280654799285804,1.795023463697323,0.68423818437893602,-0.01281316507808905
25.580000000000002,12790,0.0072122391727335172,0.015000580762335652,0,0.14651593040973659,7.7087434154663323e-06,9.1158080305503763e-06,1.2432217281566673e-06,2.2524095754713237e-05,3.0698856124062095,1.2260582664316444,-0.17543750561156687,0.041387641285954874,1.7950273239852059,0.68424291056208908,-0.01280845486627743,1.795023463697323,0.68423818437893602,-0.01281316507808905
25.600000000000001,12800,0.0072129118707173609,0.015000573753184735,0,0.1465158225968034,5.7944874035436591e-06,9.5072209630461516e-06,1.2477937700424978e-06,2.2717439178655149e-05,3.0701348560875994,1.2260826205849646,-0.17541639478035273,0.041376366320311268,1.7950267902168493,0.68424160459507966,-0.012809876845487497,1.795023463697323,0.68423818437893602,-0.01281316507808905
25.620000000000001,12810,0.0072135847566396289,0.015000566749827632,0,0.14651572927181247,4.366085258256746e-06,9.195423586105984e-06,1.2529220125626183e-06,2.2329078268013787e-05,3.0703841578727551,1.2261069756092509,-0.1753952838276992,0.04136508882212981,1.7950263307781555,0.68424061170641193,-0.012810940077121221,1.795023463697323,0.68423818437893602,-0.01281316507808905
25.640000000000001,12820,0.0072142578547290991,0.015000556825537033,0,0.14651566689886733,3.3588661752745614e-06,9.7345173005335319e-06,1.2538296975299155e-06,2.2198114802541581e-05,3.0706335127779436,1.2261313321431642,-0.17537416972171888,0.041353816331942017,1.7950259613983408,0.68423989726613155,-0.012811712670066304,1.795023463697323,0.68423818437893602,-0.01281316507808905
25.66,12830,0.0072149311287307977,0.015000544423706687,0,0.14651563121540431,2.6892634417683288e-06,9.5072209630461516e-06,1.2504476599531731e-06,2.1933842111273517e-05,3.0708829035433767,1.2261556906485596,-0.17535305289496458,0.041342548454353478,1.7950256870544532,0.68423939926567634,-0.01281226348442276,1.795023463697323,0.68423818437893602,-0.01281316507808905
25.68,12840,0.0072156044795699797,0.015000531709199025,0,0.14651560737689109,2.2069653873804153e-06,9.5072209630461516e-06,1.2464008258372385e-06,2.2329078268013787e-05,3.071132309152917,1.2261800495447206,-0.17533193560137783,0.041331281728347678,1.7950254515822306,0.68423901765299799,-0.012812691090586069,1.795023463697323,0.68423818437893602,-0.01281316507808905
25.699999999999999,12850,0.0072162778595588365,0.015000519787923416,0,0.14651558537527312,1.8358965581026241e-06,9.9566261207594374e-06,1.2438692950545895e-06,2.183391520383078e-05,3.0713817223640092,1.2262044078890308,-0.17531081900111395,0.041320013864414397,1.7950252195004472,0.68423870526693464,-0.012813037221709069,1.795023463697323,0.68423818437893602,-0.01281316507808905
25.719999999999999,12860,0.0072169512830562686,0.015000508148725659,0,0.14651556539450605,1.5680912265815641e-06,9.4302381498091919e-06,1.2419354393734264e-06,2.2263692832568247e-05,3.0716311445603854,1.226228766019771,-0.17528970255889478,0.041308745856695535,1.7950250004495829,0.68423846793802634,-0.012813295065891952,1.795023463697323,0.68423818437893602,-0.01281316507808905
25.740000000000002,12870,0.0072176247598101087,0.015000496166083902,0,0.14651554952218857,1.3763403189311056e-06,9.4302381498091919e-06,1.2394948743330085e-06,2.2132342465963256e-05,3.0718805760507477,1.2262531242341834,-0.17526858562428294,0.041297479013537197,1.7950248000428528,0.68423830155647269,-0.012813472913635122,1.795023463697323,0.68423818437893602,-0.01281316507808905
25.760000000000002,12880,0.0072182982948992662,0.015000483371120242,0,0.14651553963385242,1.2321494880834374e-06,1.0029569411827041e-05,1.2356701428007729e-06,2.2524095754713237e-05,3.0721300161963945,1.2262774828309282,-0.17524746770870303,0.041286214228812353,1.7950246222483033,0.68423819740120317,-0.012813584342215438,1.795023463697323,0.68423818437893602,-0.01281316507808905
25.780000000000001,12890,0.0072189718880218958,0.015000469546529572,0,0.14651553655639868,1.1151326318859745e-06,9.7345173005335319e-06,1.2299583250035978e-06,2.2524095754713237e-05,3.0723794631074135,1.2263018420555665,-0.17522634858266012,0.041274951901208397,1.7950244699775377,0.6842381445460205,-0.012813643966651266,1.795023463697323,0.68423818437893602,-0.01281316507808905
25.800000000000001,12900,0.0072196455336526379,0.01500045472861641,0,0.14651554003874287,1.0150161050933152e-06,9.7345173005335319e-06,1.2222320825367256e-06,2.2459278078588273e-05,3.0726289135985825,1.2263262020551831,-0.17520522827776408,0.041263692048590032,1.7950243451902093,0.68423813141261691,-0.012813665500464796,1.795023463697323,0.68423818437893602,-0.01281316507808905
25.82,12910,0.007220319222042036,0.015000439162631409,0,0.14651554905775785,9.2939432488888019e-07,9.9566261207594374e-06,1.212671315099046e-06,2.2198114802541581e-05,3.07287836347174,1.2263505628636611,-0.17518410704091722,0.04125243444517801,1.7950242489047503,0.68423814688597129,-0.012813660877831732,1.795023463697323,0.68423818437893602,-0.01281316507808905
25.84,12920,0.0072209929406735415,0.015000423238180452,0,0.14651556218875184,8.6042484032850188e-07,1.024528375501914e-05,1.2016699967805045e-06,2.2296409518597789e-05,3.0731278079759337,1.2263749244118709,-0.17516298526811352,0.041241178733405957,1.7950241812236167,0.68423818106562684,-0.012813639921163829,1.795023463697323,0.68423818437893602,-0.01281316507808905
25.859999999999999,12930,0.0072216666758148492,0.015000407421150526,0,0.14651557791877381,8.1192122090981822e-07,1.1131846416284069e-05,1.1897427674346018e-06,2.2230927998283902e-05,3.0733772423057739,1.2263992865520541,-0.17514186343467553,0.041229924504442114,1.7950241413952035,0.68423822569277337,-0.012813610313777871,1.795023463697323,0.68423818437893602,-0.01281316507808905
25.879999999999999,12940,0.0072223404139143401,0.015000392192185203,0,0.14651559486405374,7.871224772720536e-07,1.1454575462498553e-05,1.1774440952079283e-06,2.1900583802360337e-05,3.0736266620511556,1.2264236490873865,-0.17512074203218311,0.041218671352187777,1.7950241279091945,0.68423827430901563,-0.012813577748617151,1.795023463697323,0.68423818437893602,-0.01281316507808905
25.900000000000002,12950,0.0072230141427063778,0.015000377997133715,0,0.1465156118931929,7.8724046997166051e-07,1.2013660097101191e-05,1.1653056206306858e-06,2.1900583802360337e-05,3.0738760635272344,1.2264480118007073,-0.17509962151763553,0.041207418906790944,1.7950241386157215,0.68423832221349667,-0.012813546174332556,1.795023463697323,0.68423818437893602,-0.01281316507808905
25.920000000000002,12960,0.0072236878519759762,0.015000365211609372,0,0.14651562817426117,8.1103702884147314e-07,1.1706354451251847e-05,1.1537928775405258e-06,2.2588727439225648e-05,3.0741254439899333,1.2264723744789032,-0.17507850227703256,0.041196166852864466,1.7950241708581398,0.68423836628469636,-0.012813518086496455,1.795023463697323,0.68423818437893602,-0.01281316507808905
25.940000000000001,12970,0.007224361533991688,0.015000354119446576,0,0.14651564316825691,8.5540634142469387e-07,1.1706354451251847e-05,1.1432798348585512e-06,2.2033315828455735e-05,3.0743748017332586,1.2264967369313293,-0.17505738460317219,0.041184914936586832,1.7950242216105021,0.68423840472528996,-0.012813494828155301,1.795023463697323,0.68423818437893602,-0.01281316507808905
25.960000000000001,12980,0.0072250351836500824,0.015000344903517518,0,0.146515656589883,9.1638352367392893e-07,1.2134403433412636e-05,1.1340382373974077e-06,2.1800504449438904e-05,3.0746241360793936,1.2265210990019757,-0.1750362686860874,0.04117366296506577,1.7950242876125704,0.68423843677696372,-0.012813476875560561,1.795023463697323,0.68423818437893602,-0.01281316507808905
25.98,12990,0.0072257087983918144,0.015000337646517124,0,0.14651566835253071,9.8993458297847057e-07,1.2431131930566656e-05,1.1262381355174762e-06,2.2099382890764463e-05,3.0748734473009915,1.226545460575863,-0.17501515461369527,0.041162410800711265,1.7950243654968523,0.68423846243959963,-0.012813464093732343,1.795023463697323,0.68423818437893602,-0.01281316507808905
26,13000,0.0072263823779534645,0.015000332339151068,0,0.14651567850981226,1.0723191361714675e-06,1.2074182697257354e-05,1.1199560968086025e-06,2.183391520383078e-05,3.0751227364851856,1.2265698215806085,-0.17499404238003208,0.041151158352800248,1.7950244519037541,0.68423848221769812,-0.012813455953407814,1.795023463697323,0.68423818437893602,-0.01281316507808905
26.02,13010,0.0072270559240155225,0.015000328893224788,0,0.14651568720169919,1.1601641942498547e-06,1.2313298636799924e-05,1.1151880728711442e-06,2.1598954627055457e-05,3.0753720053763343,1.2265941819842705,-0.17497293189851962,0.041139905567900398,1.7950245435822516,0.68423849690706262,-0.012813451706190792,1.795023463697323,0.68423818437893602,-0.01281316507808905
26.039999999999999,13020,0.0072277294397984334,0.015000327157439439,0,0.14651569460978467,1.2504357570558346e-06,1.225395709315776e-05,1.1118644929294451e-06,2.1900583802360337e-05,3.0756212561922909,1.226618541790643,-0.1749518230180194,0.041128652420373168,1.7950246374746635,0.68423850742698966,-0.012813450518612879,1.795023463697323,0.68423818437893602,-0.01281316507808905
26.060000000000002,13030,0.0072284029296481598,0.01500032693408254,0,0.14651570092350982,1.3404096726118424e-06,1.2194326777763662e-05,1.1098658527841354e-06,2.2524095754713237e-05,3.0758704914649417,1.2266429010330122,-0.17493071553981943,0.041117398903760413,1.7950247307849059,0.68423851469758501,-0.012813451568469223,1.795023463697323,0.68423818437893602,-0.01281316507808905
26.080000000000002,13040,0.0072290763986418444,0.015000327995254121,0,0.14651570631729938,1.4276682681418668e-06,1.2605816820395112e-05,1.109037636441459e-06,2.2361699290911531e-05,3.0761197138751308,1.2266672597672386,-0.17490960923416554,0.041106145023525484,1.7950248210304147,0.68423851955801551,-0.012813454108445078,1.795023463697323,0.68423818437893602,-0.01281316507808905
26.100000000000001,13050,0.0072297498522341042,0.015000330097691172,0,0.14651571093742713,1.5101157889091372e-06,1.2605816820395112e-05,1.109203839551181e-06,2.2165253030559974e-05,3.0763689261189482,1.2266916180648564,-0.17488850385536764,0.041094890791356004,1.7950249060784056,0.68423852271941132,-0.012813457502833765,1.795023463697323,0.68423818437893602,-0.01281316507808905
26.120000000000001,13060,0.0072304232959558793,0.015000332995559846,0,0.14651571489674139,1.5859989214380147e-06,1.2313298636799924e-05,1.1101786917470683e-06,2.2132342465963256e-05,3.0766181307968288,1.2267159760066628,-0.17486739915484564,0.041083636221029236,1.7950249841675165,0.68423852474513147,-0.012813461243283478,1.795023463697323,0.68423818437893602,-0.01281316507808905
26.140000000000001,13070,0.0072310967351707977,0.015000336450969454,0,0.14651571827525284,1.6539222144091695e-06,1.2013660097101191e-05,1.1117764210762774e-06,2.2426798989897964e-05,3.0768673303216612,1.2267403336771154,-0.1748462948918523,0.041072381325700555,1.7950250539161998,0.68423852605119528,-0.012813464949198747,1.795023463697323,0.68423818437893602,-0.01281316507808905
26.16,13080,0.0072317701748888241,0.015000340242111375,0,0.14651572112459027,1.7128532290644577e-06,1.1581149199548762e-05,1.1138190294676523e-06,2.2165253030559974e-05,3.0771165268558414,1.2267646911596946,-0.17482519084177894,0.041061126116405965,1.7950251143193536,0.68423852692023424,-0.012813468357754355,1.795023463697323,0.68423818437893602,-0.01281316507808905
26.18,13090,0.0072324436196333896,0.015000344169154143,0,0.14651572347462807,1.762116126446717e-06,1.1768457563181822e-05,1.1161421714600359e-06,2.2329078268013787e-05,3.0773657222715802,1.2267890485332862,-0.17480408680217033,0.041049870601513591,1.7950251647348248,0.68423852752333769,-0.012813471307709342,1.795023463697323,0.68423818437893602,-0.01281316507808905
26.199999999999999,13100,0.0072331170733559366,0.015000348058094382,0,0.14651572534086996,1.8013745297199571e-06,1.1891690845819462e-05,1.1185992686736263e-06,2.2329078268013787e-05,3.0776149181230648,1.2268134058695626,-0.17478298259666022,0.041038614786867947,1.7950252048614028,0.68423852794526829,-0.012813473720307242,1.795023463697323,0.68423818437893602,-0.01281316507808905
26.219999999999999,13110,0.0072337905393907338,0.015000351762840843,0,0.14651572673158106,1.8306055647573935e-06,1.1643920115677386e-05,1.1210640871201275e-06,2.2491710265994076e-05,3.0778641156428006,1.2268377632312382,-0.17476187807710331,0.041027358676381777,1.7950252347099875,0.68423852820970943,-0.012813475579739752,1.795023463697323,0.68423818437893602,-0.01281316507808905
26.240000000000002,13120,0.0072344640204425013,0.015000355165832601,0,0.1465157276539637,1.8500671808893097e-06,1.1518036199983983e-05,1.1234319613215112e-06,2.2394272795856101e-05,3.0781133157483711,1.2268621206711217,-0.1747407731242151,0.041016102272865382,1.7950252545694996,0.68423852830225118,-0.012813476914864199,1.795023463697323,0.68423818437893602,-0.01281316507808905
26.260000000000002,13130,0.0072351375185997109,0.015000358177497805,0,0.14651572811897395,1.8602608092451642e-06,1.2194326777763662e-05,1.1256199361243021e-06,2.2329078268013787e-05,3.0783625190548811,1.2268864782317901,-0.17471966764703092,0.041004845578924087,1.7950252649690721,0.6842385281897273,-0.01281347778322834,1.795023463697323,0.68423818437893602,-0.01281316507808905
26.280000000000001,13140,0.0072358110353670747,0.015000360734805863,0,0.14651572814465388,1.8618911929159939e-06,1.1262047877356564e-05,1.1275660250975256e-06,2.1933842111273517e-05,3.0786117259034951,1.2269108359457668,-0.17469856158144362,0.040993588597797573,1.7950252666379545,0.68423852783530492,-0.012813478257935723,1.795023463697323,0.68423818437893602,-0.01281316507808905
26.300000000000001,13150,0.00723648457171161,0.015000362799190233,0,0.14651572775796962,1.8558249348898012e-06,1.1131846416284069e-05,1.1292278201239663e-06,2.206637408534863e-05,3.0788609363871191,1.2269351938360722,-0.17467745488809877,0.040982331334059242,1.7950252604644252,0.68423852720921752,-0.012813478417469677,1.795023463697323,0.68423818437893602,-0.01281316507808905
26.32,13160,0.0072371581281176038,0.015000364354022837,0,0.14651572699534196,1.8430491410566498e-06,1.1454575462498553e-05,1.1305806337196589e-06,2.1900583802360337e-05,3.0791101503822298,1.2269595519170331,-0.17465634754984052,0.040971073794122202,1.7950252474549355,0.6842385262954912,-0.012813478338341032,1.795023463697323,0.68423818437893602,-0.01281316507808905
26.34,13170,0.0072378317046466831,0.015000365401843055,0,0.1465157259020719,1.8246312390922595e-06,1.1454575462498553e-05,1.1316153565975251e-06,2.1867274910380131e-05,3.0793593675873119,1.226983910195252,-0.17463523956890387,0.04095981598653569,1.7950252286944866,0.68423852509521077,-0.012813478090215829,1.795023463697323,0.68423818437893602,-0.01281316507808905
26.359999999999999,13180,0.0072385053010000358,0.01500036596145269,0,0.1465157245309554,1.8016809446565252e-06,1.1518036199983983e-05,1.132336158689134e-06,2.2000207897163392e-05,3.0796085875484978,1.2270082686706638,-0.17461413096397527,0.040948557922075933,1.7950252053091589,0.68423852362702298,-0.012813477733130638,1.795023463697323,0.68423818437893602,-0.01281316507808905
26.379999999999999,13190,0.007239178916580523,0.015000366065012703,0,0.14651572294032919,1.7753151599617377e-06,1.1390761175093017e-05,1.1327581537574934e-06,2.183391520383078e-05,3.0798578096998686,1.2270326273376229,-0.17459302176725586,0.040937299613651501,1.7950251784315485,0.68423852192558621,-0.012813477316318673,1.795023463697323,0.68423818437893602,-0.01281316507808905
26.400000000000002,13200,0.0072398525505530257,0.01500036575521041,0,0.14651572119181491,1.7466264263844514e-06,1.1830234667768806e-05,1.1329051210603058e-06,2.1733528855063329e-05,3.0801070333928484,1.2270569861859661,-0.17457191202159678,0.040926041076055235,1.7950251491696914,0.68423852003864893,-0.012813476878227013,1.795023463697323,0.68423818437893602,-0.01281316507808905
26.420000000000002,13210,0.0072405262019017893,0.015000365082563133,0,0.14651571934796262,1.7166554120193747e-06,1.1706354451251847e-05,1.1328073473193054e-06,2.2230927998283902e-05,3.0803562579236923,1.2270813452020237,-0.17455080177777471,0.040914782325599482,1.7950251185799189,0.68423851802334745,-0.012813476447330141,1.795023463697323,0.68423818437893602,-0.01281316507808905
26.440000000000001,13220,0.007241199869483933,0.015000364102907201,0,0.14651571746999412,1.6863677932265068e-06,1.2134403433412636e-05,1.1324996223616605e-06,2.1967050066869309e-05,3.0806054825619027,1.2271057043695777,-0.17452969109195501,0.040903523379674761,1.795025087643958,0.68423851594223462,-0.0128134760434246,1.795023463697323,0.68423818437893602,-0.01281316507808905
26.460000000000001,13230,0.0072418735520785238,0.01500036287509862,0,0.14651571561575194,1.6566356873239184e-06,1.1830234667768806e-05,1.1320194584270223e-06,2.2099382890764463e-05,3.0808547065748551,1.227130063670703,-0.17450858002337064,0.040892264256263751,1.7950250572504014,0.68423851385940593,-0.012813475679130326,1.795023463697323,0.68423818437893602,-0.01281316507808905
26.48,13240,0.0072425472484308299,0.015000361458952293,0,0.14651571383796907,1.6282237325268734e-06,1.2313298636799924e-05,1.1314055008379554e-06,2.183391520383078e-05,3.0811039292476687,1.2271544230865499,-0.17448746863224185,0.040881004973449875,1.7950250281806195,0.68423851183700912,-0.012813475361425047,1.795023463697323,0.68423818437893602,-0.01281316507808905
26.5,13250,0.0072432209572915194,0.015000359913432262,0,0.14651571218289583,1.6017796921581653e-06,1.2431131930566656e-05,1.1306961788944771e-06,2.1867274910380131e-05,3.081353149900711,1.2271787825980114,-0.17446635697795002,0.040869745548941884,1.7950250010989939,0.68423850993230961,-0.012813475093065451,1.795023463697323,0.68423818437893602,-0.01281316507808905
26.52,13260,0.0072438946774506614,0.015000358295087576,0,0.14651571068932168,1.5778293715529826e-06,1.1643920115677386e-05,1.1299285644279732e-06,2.2000207897163392e-05,3.0816023679075597,1.2272031421863092,-0.17444524511746026,0.040858485999640946,1.7950249765472879,0.68423850819540988,-0.012813474873829538,1.795023463697323,0.68423818437893602,-0.01281316507808905
26.539999999999999,13270,0.0072445684077664949,0.0150003566567603,0,0.1465157093879714,1.556775517586379e-06,1.2605816820395112e-05,1.1291374592559473e-06,2.1900583802360337e-05,3.0818515827016069,1.2272275018334791,-0.17442413310401728,0.040847226341263955,1.7950249549428854,0.68423850666763075,-0.0128134747015412,1.795023463697323,0.68423818437893602,-0.01281316507808905
26.560000000000002,13280,0.0072452421471890186,0.015000355046538395,0,0.14651570830126964,1.5389002631665163e-06,1.2547858734911261e-05,1.1283546758204076e-06,2.2329078268013787e-05,3.0821007937878608,1.2272518615227712,-0.17440302098608854,0.040835966588035719,1.7950249365805377,0.68423850538056208,-0.012813474572857699,1.795023463697323,0.68423818437893602,-0.01281316507808905
26.580000000000002,13290,0.0072459158947784747,0.015000353506953373,0,0.14651570744342882,1.5243706095405569e-06,1.1830234667768806e-05,1.1276085027551184e-06,2.2361699290911531e-05,3.0823500007495386,1.2272762212389712,-0.17438190880655563,0.040824706752451582,1.7950249216372052,0.68423850435569233,-0.012813474483859316,1.795023463697323,0.68423818437893602,-0.01281316507808905
26.600000000000001,13300,0.0072465896497189309,0.015000352074421446,0,0.14651570682080539,1.5132464040081454e-06,1.1952831047522336e-05,1.1269233491240804e-06,2.2000207897163392e-05,3.0825992032485088,1.2273005809686315,-0.17436079660214832,0.040813446845117174,1.7950249101795426,0.6842385036045443,-0.012813474430442789,1.795023463697323,0.68423818437893602,-0.01281316507808905
26.620000000000001,13310,0.0072472634113271922,0.015000350778903803,0,0.14651570643249323,1.5054903003785843e-06,1.2194326777763662e-05,1.1263195339725026e-06,2.2329078268013787e-05,3.0828484010290418,1.2273249407002358,-0.17433968440310113,0.040802186874658586,1.7950249021735807,0.68423850312923651,-0.012813474408570264,1.795023463697323,0.68423818437893602,-0.01281316507808905
26.640000000000001,13320,0.0072479371790573066,0.015000349643772056,0,0.14651570627108457,1.5009791442981213e-06,1.2547858734911261e-05,1.1258132055112126e-06,2.2459278078588273e-05,3.0830975939121044,1.2273493004242979,-0.17431857223301583,0.040790926847702379,1.7950248974960852,0.68423850292335175,-0.012813474414405127,1.795023463697323,0.68423818437893602,-0.01281316507808905
26.66,13330,0.0072486109525010684,0.015000348685861439,0,0.14651570632355768,1.499516328754218e-06,1.1830234667768806e-05,1.1254163833382542e-06,2.2165253030559974e-05,3.0833467817972156,1.22737366013339,-0.17429746010891364,0.040779666768912669,1.7950248959471358,0.68423850297303845,-0.012813474444363836,1.795023463697323,0.68423818437893602,-0.01281316507808905
26.68,13340,0.0072492847313848736,0.015000347915691142,0,0.14651570657223922,1.50084468552693e-06,1.2547858734911261e-05,1.1251370910485966e-06,2.1933842111273517e-05,3.083595964654855,1.2273980198221237,-0.17427634804145331,0.040768406641083339,1.7950248972634557,0.68423850325824942,-0.012813474495116314,1.795023463697323,0.68423818437893602,-0.01281316507808905
26.699999999999999,13350,0.0072499585155634009,0.0150003473378268,0,0.14651570699580563,1.5046595487349359e-06,1.2313298636799924e-05,1.124979579759566e-06,2.206637408534863e-05,3.0838451425164997,1.2274223794870693,-0.17425523603529758,0.040757146465273682,1.795024901132064,0.68423850375405582,-0.012813474563558469,1.795023463697323,0.68423818437893602,-0.01281316507808905
26.719999999999999,13360,0.0072506323050105835,0.015000346951361663,0,0.14651570757028068,1.510621658817611e-06,1.2778113880520819e-05,1.1249446073817293e-06,2.2132342465963256e-05,3.084094315474132,1.227446739126649,-0.17423412408959377,0.040745886240976914,1.7950249072038473,0.68423850443196033,-0.012813474646776081,1.795023463697323,0.68423818437893602,-0.01281316507808905
26.740000000000002,13370,0.0072513060998083724,0.015000346750494007,0,0.14651570826999596,1.5183696197083077e-06,1.2194326777763662e-05,1.1250297786751548e-06,2.2000207897163392e-05,3.0843434836665038,1.2274710987409809,-0.17421301219855467,0.040734625966315739,1.7950249151066915,0.68423850526116581,-0.012813474742006515,1.795023463697323,0.68423818437893602,-0.01281316507808905
26.760000000000002,13380,0.0072519799001337934,0.015000346725176221,0,0.14651570906849809,1.5275316624140071e-06,1.2489631698061449e-05,1.1252299236838246e-06,2.206637408534863e-05,3.0845926472748624,1.2274954583317033,-0.17419190035211105,0.040723365638251664,1.795024924457864,0.68423850620976434,-0.012813474846614822,1.795023463697323,0.68423818437893602,-0.01281316507808905
26.780000000000001,13390,0.0072526537062448,0.015000346861803692,0,0.14651570993937288,1.5377365286840162e-06,1.1952831047522336e-05,1.1255375012621182e-06,2.2000207897163392e-05,3.0848418065082837,1.2275198179017717,-0.17417078853660439,0.040712105252806968,1.7950249348754246,0.68423850724581214,-0.012813474958074576,1.795023463697323,0.68423818437893602,-0.01281316507808905
26.800000000000001,13400,0.0072533275184654047,0.015000347143939082,0,0.14651571085697637,1.5486232267302041e-06,1.2134403433412636e-05,1.1259430244754067e-06,2.2263692832568247e-05,3.085090961601296,1.2275441774552482,-0.17414967673551593,0.040700844805283957,1.795024945988388,0.68423850833827016,-0.012813475073970971,1.795023463697323,0.68423818437893602,-0.01281316507808905
26.82,13410,0.0072540013371705635,0.01500034755302933,0,0.14651571179706624,1.559849601187846e-06,1.2134403433412636e-05,1.1264354846715689e-06,2.2329078268013787e-05,3.0853401128020566,1.2275685369970821,-0.1741285649301878,0.040689584290481487,1.7950249574455821,0.68423850945780584,-0.012813475192011991,1.795023463697323,0.68423818437893602,-0.01281316507808905
26.84,13420,0.0072546751627712222,0.015000348069110023,0,0.14651571273732383,1.571099534741454e-06,1.2431131930566656e-05,1.127002781621817e-06,2.2296409518597789e-05,3.0855892603633688,1.2275928965328835,-0.17410745310053277,0.04067832370289963,1.7950249689230233,0.68423851057745055,-0.012813475310047952,1.795023463697323,0.68423818437893602,-0.01281316507808905
26.859999999999999,13430,0.0072553489956999027,0.015000348671477219,0,0.14651571365775479,1.5820887640822172e-06,1.2313298636799924e-05,1.1276321335086782e-06,2.2556434745889217e-05,3.0858384045388978,1.2276172560687098,-0.17408634122571096,0.040667063036931378,1.7950249801298162,0.68423851167309324,-0.012813475426096711,1.795023463697323,0.68423818437893602,-0.01281316507808905
26.879999999999999,13440,0.0072560228363971824,0.015000349339308855,0,0.14651571454099538,1.5925692584361952e-06,1.2313298636799924e-05,1.1283104680886976e-06,2.2198114802541581e-05,3.086087545573251,1.2276416156108592,-0.17406522928475571,0.040655802287031272,1.7950249908125355,0.68423851272385261,-0.012813475538370559,1.795023463697323,0.68423818437893602,-0.01281316507808905
26.900000000000002,13450,0.0072566966852993017,0.0150003500522284,0,0.14651571537250557,1.6023321986500828e-06,1.2313298636799924e-05,1.129024781323796e-06,2.2329078268013787e-05,3.0863366836986743,1.2276659751656844,-0.17404411725714244,0.040644541447869539,1.795025000758159,0.68423851371230193,-0.012813475645304863,1.795023463697323,0.68423818437893602,-0.01281316507808905
26.920000000000002,13460,0.0072573705428271408,0.015000350790798872,0,0.14651571614066827,1.6112095964868574e-06,1.2605816820395112e-05,1.1297624769866348e-06,2.2099382890764463e-05,3.0865858191279711,1.2276903347394021,-0.17402300512328622,0.040633280514459198,1.7950250097956024,0.6842385146245763,-0.012813475745582222,1.795023463697323,0.68423818437893602,-0.01281316507808905
26.940000000000001,13470,0.0072580444093767434,0.015000351536940111,0,0.14651571683679054,1.6190746403278443e-06,1.1952831047522336e-05,1.1305116403484049e-06,2.2296409518597789e-05,3.0868349520535645,1.2277146943379584,-0.17400189286496237,0.040622019482257146,1.7950250177959648,0.6842385154503634,-0.012813475838145287,1.795023463697323,0.68423818437893602,-0.01281316507808905
26.960000000000001,13480,0.0072587182853114359,0.015000352274269864,0,0.14651571745503253,1.625840901951852e-06,1.2778113880520819e-05,1.131261287268867e-06,2.2426798989897964e-05,3.08708408264184,1.22773905396689,-0.17398078046565241,0.040610758347249386,1.7950250246716235,0.68423851618280296,-0.012813475922206849,1.795023463697323,0.68423818437893602,-0.01281316507808905
26.98,13490,0.0072593921709556341,0.015000352988365948,0,0.14651571799226726,1.6314605153051828e-06,1.2074182697257354e-05,1.132001560385236e-06,2.2198114802541581e-05,3.0873332110336267,1.2277634136312212,-0.17395966791080825,0.040599497106004238,1.7950250303743009,0.68423851681830195,-0.012813475997255103,1.795023463697323,0.68423818437893602,-0.01281316507808905
27,13500,0.0072600660665903234,0.015000353666945061,0,0.14651571844787895,1.6359215041339497e-06,1.2194326777763662e-05,1.132723879587787e-06,2.2198114802541581e-05,3.0875823373418472,1.2277877733353755,-0.17393855518803308,0.040588235755709856,1.7950250348922863,0.68423851735628094,-0.012813476063045165,1.795023463697323,0.68423818437893602,-0.01281316507808905
