time_s,fresh_state_index,base_translation_drift_m,robot_target_minimum_m,robot_target_minimum_censored,continuum_sphere_minimum_m,continuum_actual_minus_task_base_m,continuum_orientation_to_Task_deg,rigid_position_to_terminal_Task_grasp_m,rigid_orientation_to_terminal_Task_grasp_deg,base_orientation_drift_deg,rigid_actual_x_m,rigid_actual_y_m,rigid_actual_z_m,continuum_actual_x_m,continuum_actual_y_m,continuum_actual_z_m,continuum_Task_base_x_m,continuum_Task_base_y_m,continuum_Task_base_z_m
0,0,0,0.38088294669604594,0,0.18132895929979645,0,0,0.36809455434513894,5.2630142203192084e-06,0,1.1944940203126171,-0.56820370359434225,0.095991255573481288,1.9300000000000013,0.62599999999999989,5.3857741901253149e-09,1.9300000000000013,0.62599999999999989,5.3857741901253149e-09
0.02,10,1.5356588863522482e-05,0.37995938967498594,0,0.18131468044552559,6.7831938370059385e-05,0.0018714379462708344,0.36715914251623316,0.00527461994540786,0.0076109997331237373,1.1943690384659444,-0.56726120698975779,0.095800998743200735,1.9300662998942009,0.6259862925116042,-3.3276051566022035e-07,1.9299998788978392,0.6260000514636882,5.3857731542258737e-09
0.040000000000000001,20,5.6575124115213976e-05,0.37749053458271581,0,0.18129027332006559,0.00024652094015107723,0.0066434391597916548,0.3646620287613262,0.011617517912844518,0.027903128966270598,1.1941086866555668,-0.56477424970431378,0.095364591304831312,1.9302435439485988,0.62596902007264954,-1.9900082657091608e-06,1.9299990376500789,0.62600040896112497,5.3857659582512541e-09
0.059999999999999998,30,0.00012157630179027103,0.37360966404859175,0,0.18127747342532316,0.0005275703117302384,0.013475896569026466,0.3607508190096701,0.01100701939928374,0.059613539276861478,1.1937696843642793,-0.5608717795141096,0.094859003299751554,1.9305231455889942,0.6259664249034711,-6.4725129892530662e-06,1.9299967738183768,0.62600137100116715,5.3857465935928994e-09
0.080000000000000002,40,0.00019927081053006554,0.36895388919839617,0,0.18128279170815198,0.00086908931641602389,0.019115338397842484,0.35607033889544948,0.0086656228448642927,0.096941301839369082,1.1936132766865291,-0.55619351641453185,0.09437455178398961,1.9308608513057142,0.62597166324173004,-1.0921701218813119e-05,1.929992404123769,0.62600322795068353,5.3857092155302492e-09
0.10000000000000001,50,0.00027656798740018052,0.36419723372033358,0,0.18130634108898863,0.0012129481316950838,0.021253899026642514,0.35129016439472832,0.0079018084485542855,0.13361775081535221,1.1936189056341135,-0.55141520493683649,0.093893252782206102,1.9311977935016225,0.62597830492379358,-1.5305931893862987e-05,1.9299852642732838,0.6260062621082384,5.3856481417475893e-09
0.12,60,0.00035006129913521842,0.35947280285341687,0,0.18134298278797656,0.001537309704235364,0.019417819143201561,0.34654003574507813,0.0070881378247474765,0.1682025527085679,1.1936117726233253,-0.54666912232258635,0.093393086056478003,1.9315117235534194,0.62598667864221191,-1.8089085468452319e-05,1.9299747087865522,0.62601074777777421,5.3855578508509032e-09
0.14000000000000001,70,0.00042196795334983558,0.35475688607916683,0,0.18137677685369502,0.001843184723571055,0.014232224644935343,0.34179603479491705,0.0058223157524573445,0.20181820743923234,1.193599491793665,-0.54193133581417197,0.092873178930204428,1.9318031213584161,0.62599699056485658,-1.5604123885791672e-05,1.9299601108224211,0.62601695134229485,5.385432980884726e-09
0.16,80,0.00049557285961159177,0.35004212656964029,0,0.18139273743405068,0.0021372164279069281,0.0084753849774530481,0.33705239893521688,0.0048166528424498012,0.23629193923251343,1.193585379377873,-0.53719484999847389,0.092344589334589514,1.9320779933617995,0.62600848275509513,-9.2924971402827114e-06,1.9299408620055651,0.626025131337549,5.3852683278489885e-09
0.17999999999999999,90,0.00057209733626306777,0.34532733238171753,0,0.18138508429771616,0.0024189181424334005,0.0040414206817841114,0.33230913703282428,0.0046765898634096624,0.27235703972450526,1.1935708855814591,-0.532458779291759,0.091815528340633321,1.9323352445481421,0.62602079716645787,-2.1141409210271689e-06,1.9299163722530983,0.62603553852571314,5.385058844215873e-09
0.20000000000000001,100,0.00065076415413224198,0.34061354023653662,0,0.18135330262459431,0.0026777598169405426,0.0010954897377842879,0.32756738459790363,0.0054170520282554148,0.30958142866566413,1.1935567018719353,-0.52772416557071855,0.091286937433986318,1.9325637702759713,0.62603142322902905,5.2950217370349762e-06,1.9298860696011855,0.62604841596907457,5.3847996374466621e-09
0.22,110,0.00073061198852258696,0.33590031364969575,0,0.18130288127069707,0.0028994921519228107,0.00067860881240094288,0.32282662914854432,0.0067211937690038097,0.34740894213176332,1.1935434570539243,-0.52299042853101763,0.090759434020645346,1.9327488028628297,0.6260445440955742,1.1814884817681903e-05,1.9298494000316553,0.62606399910371469,5.3844859685085912e-09
0.23999999999999999,120,0.00081062952211433104,0.33118619067568522,0,0.18124181055315933,0.0030669779948805627,0.0009267271482099786,0.31808520940941726,0.0080736396979571544,0.38526292453332467,1.1935315275964753,-0.51825582266425874,0.090233714116568317,1.9328727007163986,0.62606336728309564,1.6582300239015278e-05,1.9298058272986116,0.62608251581319219,5.3841132503916958e-09
0.26000000000000001,130,0.00088986666909825879,0.32646946611202809,0,0.18117869461307259,0.0031607773738794205,0.00051959825200826606,0.31334114759757697,0.0090265751718420547,0.42261488143265863,1.1935211056504871,-0.51351841898698725,0.08970923577258752,1.9329154985276433,0.62608598181048136,1.9346282231723446e-05,1.9297548327550458,0.62610418650222621,5.3836770466256656e-09
0.28000000000000003,140,0.0009677758685631456,0.32174861961687862,0,0.1811215284622667,0.0031595485980017175,0.0012239076751419198,0.3085927300350888,0.0093506870774697909,0.45916784131639893,1.1935126945007473,-0.5087765800066959,0.08918523919749459,1.9328553516973705,0.62611178794303091,2.0110365792430521e-05,1.9296959151794477,0.62612922417037942,5.3831730697966926e-09
0.29999999999999999,150,0.0010442966135727429,0.31702344287247985,0,0.18107681864162931,0.0030518118482938928,0.0024240045707064864,0.30383973668638592,0.0090490042670846524,0.49489366157597398,1.1935065056604801,-0.50403011409784326,0.08866146996114406,1.9326802526277653,0.62613471280471822,1.9494567085503098e-05,1.9296285906024189,0.62615783448574103,5.3825971800643251e-09
0.32000000000000001,160,0.001119714893601088,0.31229332032440382,0,0.18105220956775001,0.002838541375819543,0.0033258528567094237,0.29908159315596822,0.0082612650437801152,0.52994546691885602,1.1935032468901399,-0.49927847091283173,0.088137723172118723,1.9323906953586596,0.62615826357047033,1.8198631850737985e-05,1.9295523921332836,0.62619021585861012,5.3819453836783143e-09
0.34000000000000002,170,0.0011944720363677248,0.3075567879021468,0,0.18105252160478982,0.0025247552754740984,0.0037772356824245547,0.29431690415098011,0.0071736129651055964,0.56455230807147783,1.1935040651756375,-0.49452027739338889,0.087613795408149939,1.9319913610612522,0.62619407188533349,1.6665503009411183e-05,1.9294668697867015,0.62622655951517903,5.3812138314954675e-09
0.35999999999999999,180,0.0012690039875086776,0.30281353337131561,0,0.1810714904302336,0.0021147447181813629,0.0039350154132725326,0.28954543963069479,0.0059762707490998435,0.59894676166283933,1.1935091608829105,-0.48975531677745843,0.087089580071172651,1.9314860929815174,0.62623882088878302,1.5065714379248504e-05,1.9293715903092787,0.62626704957121571,5.3803988174965001e-09
0.38,190,0.0013437375150313418,0.29806344778170429,0,0.18109923206659476,0.0016145623050274273,0.0039625124085313108,0.28476719259023292,0.0048509897946014341,0.63336433812357318,1.1935184791877347,-0.48498356992605451,0.086565199569950152,1.9308804571960112,0.62628693776719591,1.2673805578195682e-05,1.9292661370061808,0.62631186310574805,5.3794967773028821e-09
0.40000000000000002,200,0.0014190870599751733,0.29330788035194766,0,0.18113090898347686,0.0010869019971711984,0.0037983809019582477,0.27998355990168777,0.0039354031053154635,0.66801270542306423,1.1935312109665979,-0.48020645397301359,0.086040510612784532,1.9302367092673307,0.62633790028034053,1.07549614784141e-05,1.9291501095677437,0.62636117023474569,5.3785042866936928e-09
0.41999999999999998,210,0.0014952913081617599,0.28854852503936257,0,0.18115969246688682,0.00059754458863806915,0.0033862481825235272,0.27519625561172539,0.0032853815624468083,0.70300387402024755,1.1935464251285994,-0.47542569090196213,0.08551548716663912,1.9296201388161403,0.62639201159692415,9.9082342662856973e-06,1.9290231238960867,0.62641513418480443,5.3774180601224706e-09
0.44,220,0.0015724103170301372,0.28378642390484676,0,0.18118453760063505,0.00017387797521235167,0.0029423881498688545,0.270406331220086,0.0029046644270896791,0.73836866644383026,1.1935636232450635,-0.47064232576812337,0.084990220554253509,1.9290571537260572,0.62645145970272653,5.2759519924338065e-06,1.9288848119317235,0.6264739113668284,5.3762349492340606e-09
0.46000000000000002,230,0.0016503988399570544,0.27902299977268225,0,0.18120275077063572,0.00016722538641039377,0.0025611592860564488,0.26561519113033988,0.0027526165507644066,0.77407985684503122,1.1935821316632507,-0.46585776295414255,0.084464748814046822,1.9285689542316979,0.62651648172277619,-2.0509334829434073e-06,1.9287348214801743,0.62653765144971385,5.3749519413814709e-09
0.47999999999999998,240,0.0017242514871038295,0.27451326783002622,0,0.18121102152151927,0.00041930393910564068,0.0022503915352531179,0.2610782099165212,0.0027409059595225327,0.80790533603482717,1.193533594289949,-0.46132701218199096,0.083951775606705623,1.9281541338189288,0.62658521079670082,-8.2330346336155477e-06,1.9285728160385787,0.62660649743403185,5.3735661581427185e-09
0.5,250,0.0017884552957740827,0.27053393261733288,0,0.18121087537390648,0.00059221014310439327,0.0019942427212244055,0.25707247586098797,0.0027706663633679371,0.83741095479511907,1.1933369350555447,-0.45732677918569764,0.083463018528880453,1.9278068026496358,0.62665907943656518,-1.3208631092391431e-05,1.9283984746223057,0.62668058572571184,5.3720748538376821e-09
0.52000000000000002,260,0.0018429304209023581,0.26707667926055378,0,0.1812013130501629,0.0006723310874623533,0.0017472502180947899,0.25358998709396136,0.0028077342973877564,0.86258059550880739,1.1929796682352467,-0.45384874452273466,0.082995626354473009,1.9275396717048472,0.62673936260233309,-1.6098025421409475e-05,1.9282114915915685,0.62676004620972448,5.3704754140449524e-09
0.54000000000000004,270,0.0018893615175853327,0.26404032421165408,0,0.18118224261154003,0.00064816210116561222,0.0014955409447024472,0.2505307952241404,0.0028547285100074715,0.88416139787344827,1.1924756546136954,-0.45079173271739764,0.082549388955340836,1.9273638758890603,0.62682517887896105,-1.431550648637022e-05,1.928011576478033,0.62684500232376494,5.3687653541186824e-09
0.56000000000000005,280,0.0019289201915907491,0.26134950565708914,0,0.18116283244452028,0.00053218158367378536,0.0012656427614138772,0.24782108933545771,0.0029057520975195633,0.90266801175463496,1.1918343156883309,-0.44808038151289203,0.082126327217998132,1.9272667100032537,0.62691664207277642,-1.0360499341369679e-05,1.927798453811433,0.6269355711319361,5.3669423177054403e-09
0.57999999999999996,290,0.0019625304551831543,0.25894118462451665,0,0.18114877213498068,0.00039196829514150626,0.0010766515604403492,0.2453992118820898,0.0029611755216674041,0.91852495412706225,1.1910631629943655,-0.44565164997755136,0.081725878250647449,1.9271803777340719,0.62701387540194897,-7.4044311728419361e-06,1.92757186294618,0.62703186339843131,5.365004075261057e-09
0.59999999999999998,300,0.0019910504146508209,0.25676161641863438,0,0.18113925363950154,0.00026992512987817664,0.00091783645204868071,0.24321294519855521,0.0030350744103420399,0.93212354450979662,1.1901682324715197,-0.44345180093685399,0.081347716949288995,1.9270622453341582,0.62711660884534859,-5.3275414450908897e-06,1.9273315578879762,0.62713398366121809,5.362948522567478e-09
0.62,310,0.0020152865972012822,0.25476367907503716,0,0.18113402305144036,0.00017040271051154193,0.00078175740911584374,0.24121660526821814,0.0031298051639934259,0.94381887050365676,1.1891543843518648,-0.44143372565430916,0.080989541206112153,1.9269078086159539,0.62722491210368148,-3.7772164678467582e-06,1.9270773071204252,0.62724203030572112,5.3607736792496166e-09
0.64000000000000001,320,0.0020360620428023458,0.25290235838194242,0,0.18113308440407339,9.5894335279770825e-05,0.0006630122712219114,0.23936551887292801,0.0032333802357032769,0.95398434247228525,1.1880258958188994,-0.43955241101784587,0.080637531022905606,1.9267145822754217,0.62733894588822192,-2.6433044972480026e-06,1.9268088934316463,0.62735609563850503,5.3584776872921996e-09
0.66000000000000003,330,0.0020541598767234415,0.25113723720035913,0,0.18113622404222854,4.2762636556842598e-05,0.00056078827176013208,0.23762004049297364,0.0033382014595615545,0.96297248893029141,1.1867873616433149,-0.43776743649067096,0.08028093962508126,1.9264870680063961,0.62745892055948771,-1.7865009243961392e-06,1.9265261137408838,0.62747626596095796,5.3560588095566234e-09
0.68000000000000005,340,0.0020702625993414435,0.24943320956989656,0,0.18114324721455066,1.7719608243565087e-05,0.00047459371747075836,0.23594677358445185,0.0034405662731924851,0.97108067618119775,1.1854439854582874,-0.43604370567590794,0.079917202920124178,1.9262304189677801,0.6275850137283332,-1.1154133487980843e-06,1.9262287789251207,0.62760262164297453,5.3535154282977997e-09
0.70000000000000007,350,0.002085007169532891,0.24775801656588303,0,0.18115404410116795,3.6239789338878673e-05,0.00040293593743225556,0.23431519528426797,0.0035356316073455727,0.978584524428049,1.184001422886376,-0.43434896133401701,0.079543663490450181,1.9259482325205151,0.62771736189972138,-5.9182683603192757e-07,1.9259167136456898,0.62773523719663904,5.3508460436810109e-09
0.71999999999999997,360,0.0020989932232065543,0.24608187631052839,0,0.18116854276003552,5.6220585095502471e-05,0.00034414597957052823,0.23269728590679198,0.0036183813532935562,0.98574148598188494,1.1824660087166419,-0.43265341688614062,0.079157895384407109,1.9256429782116786,0.62785606694607843,-1.8794454468282025e-07,1.9255897561748863,0.62787418134990869,5.3480492722987579e-09
0.73999999999999999,370,0.0021127743183012334,0.24437751135948943,0,0.18118666629102939,7.1304209259332471e-05,0.00029742709480027799,0.23106787025807854,0.0036857082981738383,0.99278343022079374,1.1808448770513706,-0.43092979901945255,0.078761062515372737,1.925316671457018,0.62800120757099198,1.3488866160994898e-07,1.9252477582225791,0.62801951712029658,5.3451238456876103e-09
0.76000000000000001,380,0.0021268074852846958,0.24262108162915072,0,0.18120833017073321,8.2241934926863264e-05,0.00026342479901720792,0.22940636233948969,0.0037387205177853481,0.99988358216779238,1.1791457038134103,-0.4291542632839771,0.078366616555190005,1.9249707259722948,0.62815283728097826,4.3039731878872034e-07,1.924890584762823,0.62817130188855475,5.34206860884506e-09
0.78000000000000003,390,0.0021415619147860045,0.24078971223154122,0,0.18123356520480305,8.9875997006649876e-05,0.0002403854245790406,0.22769241079380056,0.0037772929969315844,1.0072257193719705,1.1773774865028106,-0.42730392416571467,0.077982757551544352,1.9246060486805956,0.62831102011968887,6.5005781842027394e-07,1.9245181138604712,0.62832958747235768,5.338882518746369e-09
0.80000000000000004,400,0.002157552327753348,0.23886077087227403,0,0.18126236151773603,9.5122274636142863e-05,0.00022636758095023377,0.22590468558354976,0.0037993817481630772,1.0150256355996434,1.1755510148778152,-0.42535614410742317,0.077608088117746069,1.9242235162530428,0.62847580546339443,7.9652001143971034e-07,1.9241302364977859,0.62849442019998525,5.335564642861423e-09
0.82000000000000006,410,0.0021752795315616077,0.23681310765853136,0,0.18129468594524864,9.8453395831930981e-05,0.00022038608481879287,0.2240230406478862,0.0038040666387600995,1.0234933520500393,1.1736787732248848,-0.42328976525308781,0.077241566551845914,1.9238235286032104,0.62864722008947993,9.1018996041747817e-07,1.9237268564010519,0.62866584098400591,5.3321141576715784e-09
0.83999999999999997,420,0.0021933767810385081,0.23474548998403549,0,0.18133071097017481,9.9746407985777598e-05,0.00021194232175539298,0.22214435642836181,0.0038431945245454833,1.032036448859706,1.1717857549157951,-0.42120356314621904,0.076881785969256128,1.9234057926347328,0.62882482221286784,9.9986433023372386e-07,1.9233078898671869,0.62884388539495983,5.3285303471865157e-09
0.85999999999999999,430,0.002210676914885057,0.23274056088571302,0,0.18137094262637865,9.8842946071912366e-05,0.00020536406570687915,0.22034865680945434,0.0039514811937424038,1.0401616039487651,1.1698903915341294,-0.41918018735824014,0.076522392608272399,1.9229701718025825,0.62900914101604188,1.0516028889237209e-06,1.9228732655903551,0.62902858373504178,5.32481260146109e-09
0.88,440,0.0022279409562060829,0.23075488111690065,0,0.18141540487168717,9.841404173481715e-05,0.00020637317961379938,0.2185923482134115,0.0041002157370275735,1.0482161435311037,1.1679921345634992,-0.41717618920447191,0.076151348311951028,1.9225194141735127,0.62920062481902028,1.0879538166965552e-06,1.922422924488578,0.62921996111178502,5.3209604151121811e-09
0.90000000000000002,450,0.0022472197317180693,0.2286622556060319,0,0.18146376748737275,9.8821041289840316e-05,0.00021885268008431456,0.21675191891773163,0.0042227844790743438,1.0570911752978798,1.1660835047896969,-0.41506534795625694,0.075761610133896096,1.9220538390522885,0.62939929048424303,1.1713030780538152e-06,1.9219568195303462,0.62941803751174341,5.3169733858355448e-09
0.92000000000000004,460,0.0022677481509137142,0.22651336738080136,0,0.18151593114584813,9.8518935912270637e-05,0.00022189903922007146,0.21487736534493329,0.0043469636823618629,1.0664595136096966,1.1641730932128573,-0.41289835329391511,0.075353540295968732,1.9215716049013327,0.62960397387124611,1.301004903555236e-06,1.921474915561233,0.62962282787417556,5.3128512129226621e-09
0.94000000000000006,470,0.0022883538315337255,0.22438408566949716,0,0.1815724120956482,9.8080321697894936e-05,0.00022185304501515821,0.21304266291382398,0.004512764187272705,1.0758235059601542,1.1622707556243828,-0.4107510861817118,0.074927185498220042,1.9210733774779569,0.62981522333862217,1.4272111673319607e-06,1.9209771891305036,0.62983434216472733,5.3085936957775922e-09
0.95999999999999996,480,0.002311218300371184,0.22214386325373364,0,0.18163317631963474,9.7554658952401089e-05,0.00023451904833947,0.21111975264878111,0.0046512279686727999,1.0861203430103417,1.1603773624154146,-0.40849296133229451,0.07448152822360754,1.920559353173225,0.63003384352038272,1.555669056441078e-06,1.9204636283177301,0.63005258544911513,5.3042007324338206e-09
0.97999999999999998,490,0.0023379070273723923,0.21970474836442841,0,0.18169781824515482,9.6585479248622569e-05,0.0002495765983108388,0.20902138116227031,0.0047182700418452886,1.0980219408538261,1.1585044986591759,-0.40603598981087807,0.074016793298863903,1.9200290345477213,0.63025916092805379,1.7043515262241447e-06,1.9199342325594009,0.63027755796680929,5.299672318071113e-09
1,500,0.0023686381877790815,0.21706390324855712,0,0.18174477257571908,9.5224915045248444e-05,0.00026134121484890581,0.20674219284593923,0.0047224402237425389,1.1116263801942372,1.1566725484276374,-0.40337731324637943,0.07353393802051976,1.919482431155096,0.6304908905249148,1.8689715235424312e-06,1.9193890124755346,0.6305092552047169,5.295008543532364e-09
1.02,510,0.0024037117414441797,0.21421415963508753,0,0.18178874801651301,9.3443457712020595e-05,0.00027245949069785796,0.20427149520836083,0.0046719160161611401,1.1270676947352762,1.1549040807631958,-0.40050973751020413,0.073034267834988204,1.9189195628287739,0.63072917817880292,2.0470506821949009e-06,1.9188279896962903,0.63074766797086512,5.2902095938404454e-09
1.04,520,0.0024434216585570096,0.21114944531007754,0,0.18183595078510498,9.1378307441996034e-05,0.00028542611973037018,0.20159839788623149,0.0045729836453916751,1.1444776249061783,1.1532241581552234,-0.39742715787633848,0.072519613613944739,1.918340625327478,0.63097414042982403,2.2386740478545574e-06,1.9182511966885805,0.63099278246808432,5.2852757467150632e-09
1.0600000000000001,530,0.0024880292363987531,0.20786625825576682,0,0.18188649284918479,8.9174078897384825e-05,0.00030094037486438473,0.19871314697573744,0.0044308364887363115,1.1639733024910195,1.1516600895433813,-0.39412603374754962,0.071992373545949478,1.9177458160915632,0.63122579803888812,2.4438174998826514e-06,1.9176586765826835,0.63124458036769127,5.2802073710896016e-09
1.0800000000000001,540,0.0025377452843753168,0.20436458516166736,0,0.18194047326418636,8.6621441403874236e-05,0.00031882930541478419,0.19560794028397699,0.0042498941462812351,1.1856484850674689,1.1502411519328319,-0.3906063142458952,0.071455550679116242,1.9171349691413313,0.63148410959660883,2.6600726142021509e-06,1.9170504829988537,0.63150303888317216,5.2750049256279802e-09
1.1000000000000001,550,0.0025927174159809394,0.20064867464582858,0,0.1819980117344828,8.3856454688791451e-05,0.00033870396067117731,0.19227763052597172,0.0040340122672500121,1.2095670799233438,1.1489981826997033,-0.3868721933598761,0.070912782927371951,1.9165082796480781,0.63174902346004191,2.8844598716516291e-06,1.9164266798739353,0.63176813084386585,5.2696689572414978e-09
1.1200000000000001,560,0.0026479712150327445,0.19697296614464346,0,0.18205895587629814,7.5212563828133105e-05,0.00036628581011298998,0.18894925318776606,0.0037829269947409487,1.2332527451233128,1.1479962573447093,-0.38317801266139678,0.070381881647675906,1.9158595475788285,0.63201909242759291,3.659214528161687e-06,1.9157873412879736,0.63203982476864684,5.2642000996056889e-09
1.1400000000000001,570,0.0027026554161216679,0.19330683495221113,0,0.18212545657703877,6.4291590868992648e-05,0.00041221797298473612,0.18560732706213945,0.0034622589936720693,1.256057002019384,1.1471562559044257,-0.37949325600125827,0.069853699331581809,1.9151930893756546,0.63229675951325603,3.7167451762279178e-06,1.9151325512908259,0.63231808493960895,5.2585990716771701e-09
1.1599999999999999,580,0.0027593285949859283,0.18948058599781933,0,0.18219739699223003,5.6544286423173725e-05,0.00046998979098421858,0.1821041627492983,0.0038913802107378073,1.2790754268228586,1.146407775554388,-0.37564870488401936,0.069313841298698678,1.9145149208634966,0.63258211781417062,2.9194283845096203e-06,1.9144624037287756,0.63260287147574767,5.2528666762104962e-09
1.1799999999999999,590,0.0028184039233881434,0.18550063466126873,0,0.18227409641951409,5.0579871861188264e-05,0.0005417945578906761,0.17843340936765539,0.0058198200654163753,1.3025069161827132,1.1457956844332398,-0.37165103070709932,0.068766259865391782,1.9138234778648138,0.63287426507260458,1.8204981974238139e-06,1.913777002071142,0.63289414040664393,5.2470037982750035e-09
1.2,600,0.0028803139370112384,0.18137208126581666,0,0.18235546130617439,4.5721793871659272e-05,0.00062946456058973993,0.17458582750886875,0.0089570824402262633,1.3265525372578189,1.1453635247203882,-0.36750511201937752,0.068215849774190623,1.9131180936348287,0.63317295723002298,6.0428371406047686e-07,1.9130764592368941,0.63319184374614712,5.2410114037716672e-09
1.22,610,0.0029451992229754149,0.17710816234909479,0,0.18244174792296475,4.1341854555694507e-05,0.00073180305527655596,0.17056417531159415,0.01294633374992483,1.3512648047636808,1.145139148637369,-0.36322395368158955,0.067681460770032592,1.9123982145755933,0.63347815153022513,-7.1613362953985256e-07,1.9123608974212607,0.63349592956605805,5.2348905379499489e-09
1.24,620,0.003013643676157393,0.17272722077452421,0,0.18253361212065145,3.7420810222477818e-05,0.00082498482372628246,0.16637739790303988,0.017267445397882403,1.3771322640926034,1.1451424652618494,-0.35882560845857286,0.067180612926163147,1.9116639616051538,0.63378987025411859,-2.409184327653514e-06,1.911630447922344,0.63380634206981212,5.2286423239246468e-09
1.26,630,0.0030865035198046321,0.16824975646722418,0,0.18263104502818497,3.4585895932375376e-05,0.00088962148765276382,0.16203310483276137,0.02087138269775567,1.4049415934878557,1.1453982251933466,-0.35432996856208387,0.066717243023053679,1.9109158901475751,0.63410754405367398,-4.2218769198928998e-06,1.9108852509677305,0.63412302166616275,5.2222679611927502e-09
1.28,640,0.003162596448458566,0.16373113240121567,0,0.18273345282303982,3.323295199647017e-05,0.00090604734540518643,0.15762331492891571,0.022917141000847036,1.434571268416692,1.1457668351183312,-0.34979219288849273,0.066277606839785425,1.910154185057573,0.63443018420459507,-5.642724205306458e-06,1.9101254555411036,0.63444590504286424,5.2157687241502833e-09
1.3,650,0.0032401206254417374,0.15921680813097017,0,0.18283930414006622,3.2493164918526896e-05,0.00088504088616802755,0.15324031149061129,0.023213232404901616,1.4653756821890056,1.1460909578026865,-0.34525791719777388,0.065847128974126465,1.9093784262216122,0.63475807937994588,-5.6340470384292351e-06,1.9093512192088549,0.63477492524035517,5.2091459606091653e-09
1.3200000000000001,660,0.0033185931837427687,0.15471419776297254,0,0.18294899233994361,3.1731951328377929e-05,0.00084328809643021015,0.1488979316284306,0.022243241383409093,1.4971027019800582,1.1463552924837985,-0.34073483249476522,0.065422371624161563,1.9085884668125808,0.63509203779364776,-4.504269782171609e-06,1.9085627079466969,0.63511001172544113,5.2024010903140505e-09
1.3400000000000001,670,0.0033980978511801018,0.15022339495316886,0,0.18306311898308111,3.1026074553214572e-05,0.00078502803813881926,0.14458802752075878,0.020419968831917396,1.5297818954697828,1.1465879912322783,-0.33622320213148316,0.064989949006925882,1.9077845516782077,0.63543223573826835,-3.0005883368872401e-06,1.9077600959662739,0.63545109046497827,5.1955356034591881e-09
1.3600000000000001,680,0.0034786380423654983,0.14574572884952752,0,0.18318187190968235,3.0604468890237307e-05,0.00071615376223943419,0.14030813109457274,0.01802480014110576,1.5634052073625138,1.146803095696441,-0.33172447965728136,0.064540190811219117,1.9069670607590079,0.63577852702752491,-1.455334714523967e-06,1.9069435655417755,0.63579808399955651,5.1885510592052689e-09
1.3800000000000001,690,0.0035598979429511506,0.1412832090442589,0,0.18330506039903013,3.0302496046489518e-05,0.00065156523269055324,0.13606118843809203,0.015361225130303508,1.5976982619318763,1.1470026434597256,-0.32724081872884275,0.06407366089249053,1.9061359214603477,0.63613074285784199,2.1787230348881262e-07,1.9061133068365466,0.63615091151718217,5.1814490841962738e-09
1.4000000000000001,700,0.0036415279778553859,0.13683773329598989,0,0.18343283317519776,2.9894380491044527e-05,0.00059670044070267078,0.13185078188550037,0.012779352981709957,1.6323520475195141,1.1471873371121986,-0.32277427292025018,0.063593100569877631,1.9052910883069407,0.63648886866250964,1.7909167758922523e-06,1.9052695177297014,0.63650948892696169,5.1742313710763311e-09
1.4199999999999999,710,0.0037237202520695226,0.1324115370056155,0,0.18356563714452656,2.9346062800005467e-05,0.00054002651056397248,0.12768232952613939,0.010354907652028402,1.6675597134960465,1.1473553064612694,-0.31832715601493095,0.063108508420236104,1.9044329864220777,0.63685301062174637,2.8847821646340427e-06,1.9044124036427337,0.63687372893278427,5.1668996770065589e-09
1.4399999999999999,720,0.0038067186914597243,0.12800752917320007,0,0.18370299969187875,2.8702572476822766e-05,0.00050037837199104962,0.1235597125332344,0.0081516444297335729,1.7035362452509784,1.1475091081236535,-0.31390235743343986,0.06262161226875447,1.9035618259836202,0.63722300987703817,4.0348112409254707e-06,1.9035421773661294,0.63724354110700565,5.1594558221819232e-09
1.46,730,0.0038903329359641623,0.12362797253611761,0,0.18384451664795137,2.8011987689457992e-05,0.00049910646380779548,0.11948500059523991,0.0068096238902023501,1.7400864646413197,1.1476537901939952,-0.30950243199963356,0.062125143361669431,1.9026776720850742,0.63759864513108577,5.5469968464869772e-06,1.9026590588859793,0.63761883196413049,5.1519016883480846e-09
1.48,740,0.0039743433914638899,0.11927472253231461,0,0.18399041431563148,2.7261066512695527e-05,0.00052541704661206938,0.11546136018487278,0.0069701681034392091,1.7770016432716194,1.1477915863052732,-0.3051294975233998,0.061616790078415244,1.9017807546166123,0.6379798215207193,7.0900152955593856e-06,1.9017632752105895,0.63799950503449643,5.1442392173182493e-09
1.5,750,0.0040586306562145373,0.11495161243982106,0,0.18414630658146788,4.6529332540574898e-05,0.00056726818186679951,0.11149413584728964,0.0083963134701096568,1.8141632433519088,1.1479238041238307,-0.30078729446905245,0.061097529350815784,1.9008995453652646,0.63837500868393471,8.7686395035155128e-06,1.9008550601970944,0.63838546093795601,5.1364704094900213e-09
1.52,760,0.0041430398087972777,0.11066453172831138,0,0.18432716075898925,0.00015781236452730478,0.00063177980687203236,0.10759052470384452,0.010375968849005291,1.8514250400154995,1.1480515748760327,-0.29648142278662631,0.06056830353365926,1.9000897027907306,0.63880397801751365,1.0730661932273058e-05,1.8999346543780684,0.63877659745756132,5.1285973223622511e-09
1.54,770,0.00422734837169364,0.10641762330542945,0,0.18453283708463522,0.00036902962217648898,0.00079096864057896007,0.10375639693281161,0.012415228227667625,1.888623588895316,1.148175827229998,-0.29221578706191637,0.06003005509742286,1.8993580219661226,0.63926930912376401,1.8335308840093846e-05,1.8990023047881379,0.63917280961324585,5.120622069051888e-09
1.5600000000000001,780,0.0043113031549508454,0.10221370917365612,0,0.1847579683970817,0.00064505946706383966,0.0012565564284799443,0.099996686012977135,0.014280660186512499,1.9256013509106353,1.1482974771994821,-0.28799309252361083,0.059483113396071985,1.8986748014015118,0.63976093981590298,3.2160841210046794e-05,1.898058264790593,0.63957398973550816,5.1125468168108316e-09
1.5800000000000001,790,0.0043946534929281151,0.098055944167964204,0,0.18499996115730194,0.00096063771008377571,0.0021853009862167483,0.096316848896218624,0.015864926105188699,1.9622078387167456,1.1484174380310295,-0.28381645229556057,0.058927400467743002,1.8980187234509425,0.64026563184784058,4.8255015238579907e-05,1.8971027939039997,0.63998002753909544,5.1043737855427802e-09
1.6000000000000001,800,0.0044771409900324606,0.093947964009330392,0,0.18525608550215408,0.0012934960060057713,0.0036168080756013299,0.092722994824724736,0.017117196304699864,1.9982932906311994,1.148536513666105,-0.27968945951351548,0.05836287567452985,1.8973681048658531,0.64077935733614588,6.685599824833917e-05,1.896136157628812,0.64039081019668587,5.0961052463200813e-09
1.6200000000000001,810,0.0045584969282279914,0.089893663070658991,0,0.18552355093815145,0.0016225147033663047,0.0055422889712108334,0.08922161753539945,0.018015816502263731,2.0337061895263626,1.1486555584184877,-0.2756160009169385,0.057789295132519791,1.8967018918895546,0.64129919884412179,8.8675978694047368e-05,1.8951586272739833,0.64080622241257212,5.0877435199005866e-09
1.6400000000000001,820,0.00463884396780085,0.085883545460546135,0,0.18579837550990708,0.0019286791372953654,0.0079402326207264843,0.085795097623936251,0.018530819828014248,2.0684369667602258,1.1487990303873523,-0.27158651576094761,0.057210177405702993,1.8960027828332731,0.64181742448087942,0.00011340302338153542,1.8941704797835788,0.64122614649634468,5.0792909752444964e-09
1.6600000000000001,830,0.0047206198684970084,0.081836806824149053,0,0.18607779279465739,0.002203111984570716,0.010804297545466168,0.082277963835197004,0.018476319778623587,2.1032983046870828,1.1491444162071882,-0.26751972071931512,0.056656671451259535,1.8952625775698098,0.64233109284908385,0.00014114292843968654,1.8931719975633872,0.64165046243657498,5.0707500280312163e-09
1.6799999999999999,840,0.0048049034018559532,0.077717813500992439,0,0.18635841975320164,0.0024300808328498861,0.014143256738123097,0.078566629767411841,0.017723805458439799,2.1385391232208799,1.1498095375455155,-0.26337964831108368,0.056151327108548213,1.8944670159791279,0.64283379137635821,0.00017124575887405384,1.8921634683075332,0.64207904797449811,5.0621231391762032e-09
1.7,850,0.0048909012551189924,0.073560191291558052,0,0.18663654765227128,0.0025935827980064141,0.017684368485535697,0.074677947465259964,0.016369129181824309,2.1737793112843371,1.1507945104119763,-0.25919997169429604,0.055696778807517562,1.8936034946129585,0.64331357695062574,0.0002012617216365878,1.8911451848250884,0.64251177867769649,5.0534128133478197e-09
1.72,860,0.0049780940368351909,0.069397276449054593,0,0.18690980005408001,0.0027182362958106296,0.020713014575508736,0.070622211858609049,0.014638482100240068,2.2087967310459318,1.1521077332371237,-0.25501414154050567,0.055297702861588291,1.8926951076994045,0.64378024869538697,0.00022957766595822207,1.8901174448666844,0.64294852801378266,5.0446215974841814e-09
1.74,870,0.0050659330032917713,0.065264227968946084,0,0.18717958506675877,0.0028213807073403465,0.022849381692554339,0.066409818460744494,0.012759865938293565,2.2433625894123326,1.1537568742656907,-0.2508573596341267,0.054959621679973585,1.8917566923613465,0.64424572648556766,0.00025449044286262348,1.8890805509511239,0.64338916742408259,5.0357520793100117e-09
1.76,880,0.005153843602004749,0.061197343995755868,0,0.18744639475674676,0.0028927401554669223,0.024256641481968148,0.062052635700650761,0.010984431236646859,2.2772476295272255,1.1557463508719661,-0.24676597175432868,0.054688161960774313,1.8907786324423699,0.64470736496414949,0.00027543401945512449,1.8880348101919928,0.64383356639731881,5.0268068858534875e-09
1.78,890,0.0052411925141782837,0.057234026611650168,0,0.18770955856490318,0.0029228364019454485,0.025116044899210977,0.05756712830317981,0.0096653067125573849,2.310199381938066,1.1580736145489048,-0.24277748356341727,0.054490195132427283,1.8897525868259104,0.6451609723155648,0.00029221670133889851,1.8869805341242731,0.64428159254329365,5.0177886819630946e-09
1.8,900,0.0053273269346047203,0.053406968334994358,0,0.18796892157885228,0.0029035602946510478,0.025535732387103213,0.05297718057634223,0.0092871451966195836,2.3419617221407174,1.1607203116812552,-0.23892461566518419,0.054373771565557963,1.8886713834141715,0.64560327384516625,0.00030426167941529172,1.8859180385309533,0.64473311166657221,5.008700168824475e-09
1.8200000000000001,910,0.0054125225960779122,0.049685012620626474,0,0.1882247922652461,0.002833342271787481,0.025602853082283803,0.048333606739669854,0.010091805023760718,2.3728828815467864,1.1635662404082407,-0.2351765089396422,0.054315145905407383,1.8875339144130161,0.64603354262797064,0.00031115267218227244,1.884847643269641,0.64518798784016551,4.9995440824772792e-09
1.8400000000000001,920,0.0054961714218970939,0.046121826180229336,0,0.18847619386836253,0.0027037033373321457,0.025367017042607982,0.043645707885598038,0.011721774536263583,2.4027215962512369,1.1666448227578483,-0.23158663018051501,0.054312754322705138,1.8863326788471413,0.64644800160515192,0.00031295141621259337,1.8837696720991759,0.64564608347921393,4.9903231923320192e-09
1.8600000000000001,930,0.005573676097844437,0.04288971352000754,0,0.1887229172978355,0.0024899455667306129,0.024850310936046602,0.039167799853024328,0.01396861651779879,2.4297893824321597,1.1697623486920561,-0.22832773064352105,0.054355598448568104,1.8850449278262462,0.64683801018957776,0.00030658041040956639,1.8826844525062396,0.64610725941467007,4.9810402996869118e-09
1.8800000000000001,940,0.0056427156801768475,0.04001532904137791,0,0.1889654343490767,0.0021821298079577594,0.024062717635865913,0.035128634808413564,0.016054036463501627,2.4535511075560517,1.1726185283634778,-0.2254270551376753,0.054401642164446276,1.8836613639139597,0.64720074886732837,0.000290896335140639,1.8815923155319698,0.64657137496698169,4.9716982362447395e-09
1.9000000000000001,950,0.0057049718427164909,0.037433548786121484,0,0.18920441490568027,0.0017908104586823721,0.023147051046110326,0.031507825338445081,0.017250023466766323,2.4750133385449171,1.1751760984304609,-0.22281936529673849,0.054435820456171652,1.8821921744236336,0.64753908448403685,0.00026652883619728343,1.8804935955985707,0.64703828801977559,4.9622998626296919e-09
1.9199999999999999,960,0.0057617937774732441,0.035109864706906767,0,0.18944291947265268,0.0013512257185101435,0.022211890114426095,0.028254280305895343,0.017221453871090017,2.4948718928808797,1.1774725724764095,-0.22046991644994754,0.05445952074871109,1.8806712233893021,0.64786183609795167,0.0002355117474602151,1.8793886303359253,0.64750785509354014,4.9528480669042226e-09
1.9399999999999999,970,0.0058137607573434747,0.033021478526040524,0,0.18968570700243054,0.00096211806593314217,0.021071959859887416,0.025331343975571383,0.016276380122917593,2.5133188230984382,1.1795370578359439,-0.21835594729349281,0.054475645575060419,1.8791912221973557,0.64820286045147202,0.00020387102483093662,1.8782777604082077,0.64797993141930843,4.9433457630858974e-09
1.96,980,0.005861228143745319,0.031148003716604304,0,0.18993560941531965,0.00067975920416069675,0.019587059391610012,0.022707967527994696,0.014801399181900616,2.5304203989462613,1.1813931765392933,-0.21645716216554459,0.054486429533993908,1.8778052293724117,0.64858346449287174,0.00017550478514564351,1.8771613293404952,0.64845437101234182,4.9337958896642442e-09
1.98,990,0.0059043100576570791,0.029468394504995995,0,0.19019162618581736,0.00048316171286762779,0.017849137060825197,0.020354335494825078,0.013150907775460701,2.5460824559008897,1.1830621195319624,-0.21475259898108287,0.054493262690748327,1.8764940442817595,0.64899680066894816,0.00015058769648359691,1.8760396833453792,0.64893102674581282,4.9242014081176077e-09
2,1000,0.0059432298984906625,0.027963397223526643,0,0.19045454533446868,0.00035007404536848281,0.016026904860459299,0.018243549228098069,0.01156562120220502,2.560304541622719,1.1845626748766995,-0.21322302060346751,0.054497293976572055,1.8752375838735411,0.64943623096274306,0.00012887307535549691,1.8749131711495783,0.64940975042448834,4.9145653014299935e-09
2.02,1010,0.0059783355133212184,0.026614972785287332,0,0.19072757770690657,0.00025978799870231658,0.014277841256180993,0.016350910717053479,0.01009977604992178,2.573188524507851,1.1859116933122111,-0.21185036440564325,0.054499024667826329,1.8740173347368563,0.64989325233177198,0.00011030839789447643,1.87378214382055,0.64989039285841255,4.9048905726079246e-09
2.04,1020,0.0060099606133350719,0.025406714720900073,0,0.19100868241920668,0.00019598503962919281,0.012711884500196375,0.014653963804662265,0.0087754589277920566,2.5848378131743712,1.1871244861971879,-0.21061819591213288,0.054498832280538465,1.87281797576148,0.65036003308218593,9.4866905504485408e-05,1.8726469545931017,0.65037280393659036,4.8951802431972912e-09
2.0600000000000001,1030,0.0060384518392251315,0.024324090198532339,0,0.1912974128971284,0.00015094115574136675,0.011331487515101414,0.013132663992775391,0.0075872452123385437,2.5953785847700428,1.1882148293956882,-0.20951195180207374,0.054497002158562236,1.871632495289135,0.65083379856203838,8.2122471406013059e-05,1.8715079586960039,0.65085683270067063,4.8854373518001981e-09
2.0800000000000001,1040,0.0060641176274241855,0.023354064645110809,0,0.19159366811372847,0.00011935155667594308,0.010116815106703472,0.011768965236313525,0.0065275403607338578,2.6049198350215135,1.1891951756017973,-0.20851856981562533,0.054493782531293042,1.8704563520307784,0.65131286794041932,7.15956303744565e-05,1.8703655131786021,0.65134232741862896,4.8756649525918199e-09
2.1000000000000001,1050,0.0060872311565863023,0.0224849539572494,0,0.19184638629653133,9.7279381885497293e-05,0.009052787881978273,0.010546638625145575,0.005591271767196886,2.6135552652811254,1.1900767627825635,-0.20762634139150599,0.054489404015551558,1.8692863681905272,0.65179595687230329,6.2890645220720049e-05,1.8692199767374271,0.65182913565845124,4.8658661138372475e-09
2.1200000000000001,1060,0.0061080391203153324,0.021706278507904794,0,0.19207743980505346,8.1788624344845081e-05,0.0081261737976518131,0.009451098044751716,0.0047718993957773046,2.6213690991752578,1.1908697131557777,-0.20682476444559497,0.054484063026339999,1.8681203135412512,0.65228206931605637,5.5678691696575482e-05,1.8680717095428092,0.65231710436181622,4.8560439164083415e-09
2.1400000000000001,1070,0.0061267485599537253,0.021008626093824961,0,0.19231551530723279,7.0719217384740225e-05,0.0073289851406482167,0.0084692285955860081,0.0040622453199656208,2.6284259530230942,1.1915831383812425,-0.20610440622323747,0.05447792408032523,1.8669563995303395,0.65277028808745696,4.9726003376164268e-05,1.8669210730654884,0.6528060799177795,4.8462014523005817e-09
2.1600000000000001,1080,0.0061435525844815196,0.020383538828448688,0,0.1925601307914252,6.2628037253988791e-05,0.0066564156704492982,0.0075892394757860436,0.0034543609986812168,2.6347886950664337,1.192225234478937,-0.20545679034563497,0.054471121466478145,1.8657930081561054,0.65325974274373999,4.4840510446040895e-05,1.8657684299032278,0.653295908236456,4.83634182314992e-09
2.1800000000000002,1090,0.0061586441307206734,0.019823483962397307,0,0.192811302167997,5.6878420169506833e-05,0.0060918380033561717,0.0068005989174909735,0.0029356835192882388,2.6405274842132029,1.19280334556389,-0.20487436836330394,0.054463757183124288,1.8646301442867701,0.65375022014224626,4.0841450481966919e-05,1.8646141436074237,0.65378643482270304,4.8264681387496265e-09
2.2000000000000002,1100,0.0061721997176269298,0.01932172695085313,0,0.1930683865005822,5.2790433895580213e-05,0.0056150207430341629,0.0060938700262768994,0.002493376027727976,2.64570738937143,1.1933240625373776,-0.20435038661235594,0.054455913417165901,1.8634682422456152,0.65424168774414893,3.7562466428652284e-05,1.8634585785097197,0.6542775048498044,4.816583515567146e-09
2.2200000000000002,1110,0.0061843774570103814,0.018872199892497575,0,0.19332682790257705,4.970759668715903e-05,0.0052103376331141694,0.0054605606860163285,0.0021164926428561392,2.6503864160064801,1.193793311451721,-0.20387876254683221,0.054447654853231151,1.8623070937334296,0.65473386744765649,3.485002339156407e-05,1.8623020995486168,0.65476896323315226,4.8066910752609441e-09
2.2400000000000002,1120,0.0061953194037807462,0.018469465272194605,0,0.19358585454790136,4.7233470558962794e-05,0.0048655612549856038,0.004893054876751398,0.0017957066141215143,2.6546165703968723,1.1942164115243623,-0.20345404557111224,0.054439037164341043,1.861146576351703,0.65522649009784528,3.2585736729492456e-05,1.8611450720960867,0.65526065470393113,4.7967939431973605e-09
2.2600000000000002,1130,0.006205152381789758,0.018108631542527509,0,0.19384541096417571,4.524135624434376e-05,0.0045709900846084795,0.0043845059024888106,0.0015229799912443746,2.6584439080989877,1.1945981414354925,-0.20307133243155862,0.054430103752196084,1.8599863156186986,0.65571917933714174,3.0650991734252059e-05,1.859987861784183,0.65575242388280097,4.7868952469674573e-09
2.2800000000000002,1140,0.0062139906898048946,0.017785339900699706,0,0.19410548199668615,4.3616924895101645e-05,0.0043187125315148666,0.003928799679779384,0.0012913861937647424,2.6619100118305257,1.194942780919843,-0.20272625679002804,0.054420897451712871,1.8588266042212285,0.65621180257345058,2.8994888129665968e-05,1.8588308343316529,0.65624411535357985,4.7769981149038737e-09
2.3000000000000003,1150,0.0062219376870565482,0.017495700198712633,0,0.19436608502280125,4.2161075492187478e-05,0.0041004487977731588,0.0035204650617570777,0.001094756230905748,2.6650526826960879,1.1952541658133711,-0.20241491752877375,0.054411457125642854,1.8576679981865001,0.65670432334175299,2.7582934177452172e-05,1.8576743553705499,0.6567355737369277,4.7671056745976717e-09
2.3199999999999998,1160,0.0062290860541904395,0.017236208148710765,0,0.19462697051040487,4.0819600085589011e-05,0.0039099637748658544,0.0031545813323903401,0.00092784261002471099,2.6679057290696808,1.1955357416691286,-0.20213380164426675,0.054401812373323602,1.8565106980448332,0.65719654423292351,2.6363319855652928e-05,1.8565187902728459,0.65722664376402906,4.7572210514151912e-09
2.3399999999999999,1170,0.0062355188469391653,0.017003721390675481,0,0.1948873946810577,3.9620235733963589e-05,0.0037425333100638762,0.0028267350515919069,0.00078620547160421705,2.6704993988205366,1.1957905991801023,-0.20187975861082125,0.054391987858544641,1.8553548171262459,0.65768825420455235,2.5298709428228569e-05,1.8553645039770419,0.65771717035027621,4.7473473670148977e-09
2.3599999999999999,1180,0.0062413107148257142,0.016795427380987944,0,0.1951481100819995,3.8560912266634803e-05,0.0035942128448156769,0.0025329735569109245,0.00066601239915067747,2.6728608416975237,1.1960215091666011,-0.20164996960092099,0.054382005800459321,1.8542006834532856,0.65817926642334468,2.4354955112460425e-05,1.8542118608147813,0.6582069986689526,4.737487737864236e-09
2.3799999999999999,1190,0.0062465287415354037,0.016608811835326472,0,0.1954091613615348,3.7591315814846612e-05,0.0034615072992939455,0.0022697569878042207,0.00056401814693138937,2.6750144451199716,1.196230955281911,-0.20144191235764014,0.054371886259595471,1.8530487342843613,0.65866942365373082,2.3503084354202817e-05,1.8530612243374605,0.65869597422491588,4.7276452737564763e-09
2.3999999999999999,1200,0.0062512331256746653,0.016441621736935967,0,0.19567050030619831,3.6648213299153017e-05,0.0033416334053108648,0.0020339141903810737,0.000477426680849709,2.6769820866766749,1.1964211637239979,-0.20125332856093575,0.054361647027453032,1.8518993902233625,0.65915858915428638,2.2725113463956448e-05,1.8519129571428425,0.65918394292828086,4.7178230763275702e-09
2.4199999999999999,1210,0.0062554778137377011,0.016291833751081182,0,0.19593206140420755,3.5741486179492975e-05,0.003232378455818237,0.0018225992657501069,0.0004038845696302377,2.678783364464647,1.1965941313607216,-0.20108219052450957,0.054351302481269202,1.8507529306017365,0.65964659805923875,2.2007393553333888e-05,1.8507674207016676,0.65967075116810314,4.7080242375729978e-09
2.4399999999999999,1220,0.0062593111201144063,0.016157631697516838,0,0.19619376601745109,3.4934621802463205e-05,0.0031320872109968211,0.0016332591436641439,0.00034143688002892921,2.6804358022193546,1.1967516490300421,-0.20092667863818819,0.054340864351852772,1.8496095709248854,0.66013326874048506,2.1339818935487308e-05,1.8496249751842657,0.66015624588606148,4.6982518383646196e-09
2.46,1230,0.0062627764274204812,0.016037395082811764,0,0.19645554908188292,3.4198128733978528e-05,0.003039312827616106,0.0014636109349852988,0.00028838851099891163,2.6819551029270685,1.196895320599388,-0.2007851683784927,0.054330344330818646,1.8484697070691525,0.66061846151160319,2.071492551532819e-05,1.848485979287168,0.66064027465014175,4.6885089469675266e-09
2.48,1240,0.0062659126673013273,0.015929672647323388,0,0.1967173444356056,3.3493939417934894e-05,0.002952775878167677,0.0013116090816159517,0.00024335394663934742,2.6833553514166919,1.1970265836407483,-0.20065620454649091,0.054319752747920606,1.847333740735337,0.66110203835464187,2.0125575300365971e-05,1.8473507900597197,0.66112268572831967,4.6787986175568924e-09
2.5,1250,0.0062687546706678855,0.01583315850785446,0,0.19697906569104978,3.2890308838312751e-05,0.0028715011072218892,0.0011754152873332362,0.0002049981463799566,2.6846491401011638,1.1971467281741286,-0.20053847750728954,0.054309097094178714,1.8462019123094786,0.66158382096405266,1.9564937443652172e-05,1.8462197627306913,0.66160332816224376,4.6691238887348242e-09
2.52,1260,0.0062713336636281737,0.015746686242219345,0,0.19724063425019478,3.2392315070496376e-05,0.0027947445370488295,0.0010533854933028229,0.00017243268778920301,2.6858477256475122,1.1972569094609538,-0.20043081753815045,0.054298384837754642,1.8450745674451883,0.66206366026125352,1.902974903309975e-05,1.8450932505348905,0.66208205184091917,4.6594877820472108e-09
2.54,1270,0.006273677669242971,0.015669212667105605,0,0.19750197747555093,3.1957119813398914e-05,0.0027217752153863043,0.00094404858633890339,0.00014466866299772012,2.686961195012703,1.1973581622861382,-0.20033217900536754,0.054287623178048576,1.843952114695899,0.66254142490318202,1.85171529219423e-05,1.8439716045397745,0.66255870757439028,4.6498933005005735e-09
2.5600000000000001,1280,0.0062758118031342224,0.015599801562645536,0,0.19776302314788136,3.1557842096027467e-05,0.0026510236770375178,0.00084608495925873916,0.00012110351073921987,2.6879988524855616,1.1974514143719708,-0.20024162347209112,0.054276818044380622,1.8428349177237053,0.66301698669096676,1.8016887758904913e-05,1.842855173472062,0.66303314716742368,4.6403434270789203e-09
2.5800000000000001,1290,0.0062777585493416915,0.015537612498073361,0,0.19802370664234839,3.1178941711786471e-05,0.0025796157194604378,0.00075831070327289109,0.00010096933759477949,2.6889691980785235,1.1975374975340205,-0.20015830850097954,0.054265974452967269,1.8417233102010533,0.66349022432860771,1.7509801662934286e-05,1.8417443035443444,0.66350522349319208,4.6308411232605943e-09
2.6000000000000001,1300,0.0062795379589172841,0.015481893428773121,0,0.19828394980513817,3.0821243714387086e-05,0.0025064962181510983,0.00067966573051775282,8.3809093030114506e-05,2.6898794867356899,1.1976171570757983,-0.20008148024231295,0.054255097060773437,1.8406176313620011,0.66396099852724821,1.6991037786361205e-05,1.840639338281699,0.66397479056695652,4.6213893275351259e-09
2.6200000000000001,1310,0.0062811679160254038,0.015431970531929939,0,0.19854365066051485,3.0521377737622202e-05,0.0024328528362452338,0.00060920006598930122,6.9066013704552147e-05,2.6907359689701082,1.1976910609862448,-0.20001046324820157,0.054244189646087716,1.8395181994543623,0.66442913946240945,1.6469412139544451e-05,1.8395406183482998,0.66444170361975041,4.6119909539200782e-09
2.6400000000000001,1320,0.0062826645962745188,0.015387192840465231,0,0.19880256703221674,3.0870465756306116e-05,0.0023595084724374617,0.00054601824052926838,5.6632936810205469e-05,2.6915443406791897,1.1977598229921027,-0.19994460503704142,0.054233242600472333,1.8384247544609504,0.66489406086585556,1.5871596279646215e-05,1.8384484813740301,0.66490581917206204,4.6026488904779059e-09
2.6600000000000001,1330,0.0062840421487229889,0.015347036626047271,0,0.19906065886198651,3.1626133047109895e-05,0.0022874633923846074,0.00048937356604931905,4.6119584810583162e-05,2.6923094583391238,1.1978239740535046,-0.19988338057259417,0.054222263133823612,1.8373379096126685,0.66535580380290549,1.5243837071547207e-05,1.8373632617810938,0.66536699510751818,4.5933659978327986e-09
2.6800000000000002,1340,0.0062853132020362036,0.015311059839642616,0,0.19931797144346056,3.2229876477502338e-05,0.0022168640044768033,0.00043862249462637816,3.7468895094184944e-05,2.6930356502933841,1.1978839811863193,-0.19982634664511756,0.054211265412328402,1.8362585604412198,0.66581463472033953,1.4665228628668333e-05,1.8362852906106286,0.66582509074656648,4.5841451076875385e-09
2.7000000000000002,1350,0.0062864893489563371,0.015278825022326695,0,0.19957440144735095,3.2727491131226901e-05,0.0021477232265698222,0.00039314957822949925,2.9821031431209501e-05,2.6937269699366424,1.1979402761895375,-0.19977306470640879,0.054200250922435307,1.8351869764145068,0.66627036216811386,1.4124436637679722e-05,1.8352148953493164,0.66627996692015989,4.5749890213403427e-09
2.7200000000000002,1360,0.0062875808948547798,0.015249945198296113,0,0.19982985366866851,3.3151700978465481e-05,0.0020802383674523063,0.00035240818497315405,2.3814010656927559e-05,2.6943870042132145,1.1979932442387757,-0.19972314688623047,0.05418922228156977,1.8341234386961629,0.66672283345961125,1.3621653848800749e-05,1.8341523997559965,0.66673148604343846,4.5659005082017239e-09
2.7400000000000002,1370,0.0062885971386151037,0.01522406941380759,0,0.20008422249884089,3.3554630377586899e-05,0.0020144745310570981,0.00031590442237529331,1.8783020217535152e-05,2.695018981836756,1.1980432319660501,-0.19967624136759415,0.054178180580301778,1.833068212475738,0.66717186283176122,1.3146851649899519e-05,1.8330981236882766,0.66717951218941329,4.5568823043113303e-09
2.7600000000000002,1380,0.0062895464084736057,0.015200884478129681,0,0.20033740896015881,3.3963777745398526e-05,0.0019504578073883676,0.00028319679557432722,1.5835142153691226e-05,2.6956257813831499,1.1980905495983281,-0.19963203402434818,0.054167127088102833,1.832021582732378,0.66761728921880947,1.269454153791322e-05,1.8320523829291457,0.66762391116264952,4.547937110854806e-09
2.7800000000000002,1390,0.0062904361979500114,0.015180107440410257,0,0.20058930897759369,3.4412158989379288e-05,0.0018881381292308551,0.00025388759925823196,1.2547858734911261e-05,2.6962099842076461,1.1981354758807956,-0.19959024118248053,0.054156062242880269,1.8309838247499057,0.66805893881604872,1.2255223800781169e-05,1.8310154890135852,0.66806455057294944,4.5390675926806363e-09
2.8000000000000003,1400,0.0062912731990482649,0.015161486913622034,0,0.20083982770842068,3.4906163632670369e-05,0.0018274912717255328,0.00022762251540443766,1.2013660097101191e-05,2.6967738820175793,1.1981782598444601,-0.19955061080387465,0.054144987036909682,1.8299552336389797,0.6684966707345309,1.1826489174840812e-05,1.8299877490551812,0.66850129990903562,4.530276376816998e-09
2.8199999999999998,1410,0.0062920633539584004,0.015144802560318894,0,0.20108888665633928,3.5417171151713451e-05,0.0017684412025537805,0.00020408875308724721,1.1952831047522336e-05,2.6973194964292095,1.1982191229285606,-0.19951292196777093,0.054133903817575157,1.8289361350523052,0.66893039616303629,1.1416935824420952e-05,1.8289694655727364,0.668934030612234,4.5215660509886145e-09
2.8399999999999999,1420,0.0062928120208700124,0.015129854253915644,0,0.20133661333110273,3.5942028429809345e-05,0.0017109082798825094,0.00018300346575918501,1.289169934879393e-05,2.6978486446289742,1.1982582644791744,-0.19947697401726253,0.054122813894522351,1.8279268268496573,0.66935999502939947,1.1027370066026671e-05,1.8279609363168825,0.66936261615015713,4.5129391621336015e-09
2.8599999999999999,1430,0.0062935240122270822,0.015116461845981862,0,0.20158587286041013,3.6483097421525155e-05,0.0016548124402546314,0.00016411241498354951,1.3281600966983096e-05,2.6983629498294466,1.1982958634104932,-0.19944258632368331,0.054111718175381227,1.8269275968750083,0.66978533768959281,1.0655719359145613e-05,1.8269624540966909,0.66978693209038731,4.5043982149203213e-09
2.8799999999999999,1440,0.0062942037246914179,0.01510445729606971,0,0.20183693556315682,3.7075281501580882e-05,0.0016000793285014588,0.00014718145264222901,1.4388049231413678e-05,2.6988638919409573,1.1983320823457888,-0.19940959040505549,0.05410061535731981,1.8259386908831561,0.67020623392277645,1.0286011765101015e-05,1.8259743066062863,0.67020685617416009,4.4959456702642304e-09
2.8999999999999999,1450,0.0062948549728645267,0.015093699397531623,0,0.20208910721377168,3.7695840466331843e-05,0.0015466830096968441,0.00013200974230228528,1.5367925632528735e-05,2.6993527356485658,1.1983670637243982,-0.19937784466667838,0.054089507201484699,1.8249604111616153,0.6706226004933894,9.926500312987023e-06,1.8249967762514576,0.67062226839004624,4.4875839438447364e-09
2.9199999999999999,1460,0.006295481233393168,0.015084057693889583,0,0.20234217293573159,3.8343100215641072e-05,0.0014945087587686695,0.00011841355670356413,1.6511196510205469e-05,2.6998306301990982,1.1984009365564212,-0.19934721829641186,0.054078394026142861,1.8239930319387565,0.67103431319471141,9.5749479982430792e-06,1.8240301399762699,0.67103305104763666,4.4793154046220383e-09
2.9399999999999999,1470,0.0062960855859444239,0.015075417607037988,0,0.20259625798164077,3.9006264397980518e-05,0.0014435360816105346,0.00010623049211101815,1.7704227144513012e-05,2.7002985819662308,1.198433815622002,-0.19931759639774277,0.0540672768775841,1.823036833621402,0.67144127307305834,9.234594526471253e-06,1.8230746690896769,0.67143908885122383,4.4711423733539861e-09
2.96,1480,0.0062966708308547443,0.01506767367630274,0,0.20285002442632322,3.9687415267160117e-05,0.0013936923176544327,9.5312346297103296e-05,1.8271553931657168e-05,2.7007575021047141,1.1984658047500465,-0.19928887321874744,0.054056155753394133,1.82209207486757,0.67184335226415026,8.9014298372975997e-06,1.8221306290921317,0.67184026897348637,4.4630671211129289e-09
2.98,1490,0.0062972403537939247,0.015060709602761787,0,0.20304669878359569,4.0792490776036616e-05,0.0013462957354973513,8.5506618634058644e-05,1.8744172150678372e-05,2.7012084335660753,1.1984970029000226,-0.19926093217887833,0.054045023457955706,1.8211585724247055,0.67224026132915748,8.5534543617877223e-06,1.8211982795022013,0.67223648112917078,4.4550918678025666e-09
3,1500,0.0062977968639099293,0.01505445184923652,0,0.20324503097241756,4.2141914959678235e-05,0.0013032065372252837,7.6704667133904044e-05,1.9090959104164312e-05,2.7016521050666773,1.1985274899981855,-0.19923369951427755,0.054033883329674334,1.8202367691507246,0.67263196005963066,8.220399777745619e-06,1.8202778736831753,0.67262761764877599,4.4472187806747972e-09
3.02,1510,0.0062983422794175223,0.015048844725583488,0,0.20344486290583486,4.3338091462605899e-05,0.0012634603855311542,6.881814108410557e-05,2.0240018397643986e-05,2.7020890730953981,1.1985573352069507,-0.1992071193370186,0.054022742139123066,1.8193273350578509,0.67301849549598869,7.9212900260423473e-06,1.8193696586696801,0.67301357355223568,4.4394499728465685e-09
3.04,1520,0.0062988760908547674,0.015043881906322127,0,0.20364628867307549,4.3539610528770597e-05,0.0012191786028559306,6.1808498484117091e-05,2.0347774359157065e-05,2.7025197814894306,1.1985865868766075,-0.19918118518296096,0.054011620806019955,1.8184314543512594,0.67340037490528115,7.6615122517576099e-06,1.8184738749942904,0.6733942466226015,4.4317875018167331e-09
3.0600000000000001,1530,0.0062994012017159994,0.015039419737929032,0,0.2038488068408921,4.410746331294031e-05,0.0011656752657616721,5.5513839780724867e-05,2.0738089811501742e-05,2.7029453227873663,1.1986153296505724,-0.19915575315845901,0.054000492236704861,1.8175478726499843,0.67377682276039685,7.3097100257809075e-06,1.8175907565141403,0.67376953747972645,4.4242333679828953e-09
3.0800000000000001,1540,0.0062999205604658088,0.015035372803514462,0,0.20405071371044717,4.5350410779673478e-05,0.0011171849187715868,4.98288468000673e-05,2.1497471115166028e-05,2.7033660472490175,1.1986436266767586,-0.19913073765148648,0.053989344932191187,1.8166764187376367,0.6741472723976405,6.9373430767583677e-06,1.816720530237536,0.67413934965394784,4.4167895131582588e-09
3.1000000000000001,1550,0.0063004349227335568,0.01503174837685939,0,0.20424998100844677,4.6406770562078333e-05,0.0010743566784067631,4.4736635830926477e-05,2.1395506250453509e-05,2.7037819935607916,1.1986715093213127,-0.19910614584045241,0.05397819788286877,1.8158182805600014,0.67451211279822132,6.6167410534147144e-06,1.8158634161505682,0.67450358965977042,4.4094578190884867e-09
3.1200000000000001,1560,0.0063009454729557601,0.015028501275714654,0,0.20444653070805932,4.732821135943022e-05,0.0010351758127682981,4.0174549526079987e-05,2.183391520383078e-05,2.704193568491601,1.1986990208691206,-0.19908193241378772,0.053967050793865948,1.8149736204945204,0.67487129413192781,6.3332057044547738e-06,1.8150196270437231,0.67486216706954993,4.402240105968544e-09
3.1400000000000001,1570,0.0063014532478162365,0.01502559161370177,0,0.20464030038832687,4.8160614531898791e-05,0.00099869622581399671,3.6086845248959691e-05,2.2033315828455735e-05,2.7046011143456066,1.1987262001447938,-0.19905805736951923,0.053955903507298793,1.814142592500732,0.67522472150518209,6.0750507720011378e-06,1.8141893683384942,0.6752149945871756,4.3951381309595497e-09
3.1600000000000001,1580,0.0063019591764116433,0.015022984067343866,0,0.20483122611090374,4.8927904485803645e-05,0.00096438712618117546,3.2423967739142657e-05,2.2394272795856101e-05,2.7050049263782898,1.198753081800604,-0.19903448527991,0.053944755972282835,1.8133253669220264,0.6755723050005914,5.8359205311261837e-06,1.8133728379139957,0.67556198812175383,4.3881535867056296e-09
3.1800000000000002,1590,0.0063024640903065945,0.015020647140671426,0,0.20501924594754597,4.9643084224185805e-05,0.00093186254850408372,2.9141664394054127e-05,2.2426798989897964e-05,2.7054052618366353,1.1987796968284983,-0.19901118455449623,0.053933608182247704,1.8125221187750138,0.67591396158845152,5.6117003220466572e-06,1.812570225933573,0.67590306686129098,4.3812880998507672e-09
3.2000000000000002,1600,0.0063029687321017863,0.015018552659728936,0,0.2052042998425771,5.0314487224694238e-05,0.00090081899768239585,2.6200330757513578e-05,2.2845425764212974e-05,2.7058023457344262,1.1988060729786387,-0.19898812693376539,0.053922460144488808,1.8117330205348114,0.67624961299450015,5.3992934537814887e-06,1.8117817146714146,0.67623815334637694,4.3745432295556524e-09
3.2200000000000002,1610,0.0063034737643826062,0.015016675392374008,0,0.20538632939892337,5.0947997797706877e-05,0.00087100981469206442,2.3564493295532474e-05,2.2556434745889217e-05,2.706196375115709,1.1988322351097469,-0.19896528710824343,0.05391131186891391,1.8109582393995272,0.67657918475704093,5.1962905836158937e-06,1.8110074783391661,0.67656717354386786,4.3679204660145344e-09
3.2400000000000002,1620,0.006303979765012113,0.015014994451395125,0,0.20556528252944295,5.1493668727009494e-05,0.00084218441309039105,2.1203829103805142e-05,2.2685329707937426e-05,2.7065875056256083,1.1988582051585266,-0.19894264412200885,0.053900163983906464,1.8101979944440585,0.67690261436917509,5.000810513363865e-06,1.8102476829125391,0.67689005692056936,4.3614212289720675e-09
3.2600000000000002,1630,0.006304487242814313,0.015013489050663813,0,0.20574110280099622,5.1977905490985734e-05,0.00081415811932042078,1.9089408561354798e-05,2.265317472408141e-05,2.7069758874596777,1.1988840031852679,-0.19892017712546137,0.053889016320647617,1.8094524148521309,0.67721983157228183,4.8112822150074899e-06,1.8095024859579256,0.67720673651692009,4.3550468662401701e-09
3.2800000000000002,1640,0.0063049768788466156,0.015012145271609736,0,0.20591394021471468,5.2217719395224901e-05,0.00077224569635727812,1.7199562205313356e-05,2.3099271619960363e-05,2.7073541644003907,1.1989096459235029,-0.19889787213851423,0.053877868368788703,1.8087219046512268,0.67753103513244151,4.5505524147794622e-06,1.808772036459009,0.67751714902067417,4.3487986522148688e-09
3.3000000000000003,1650,0.0063054571513719128,0.01501095767705145,0,0.20608382414817097,5.2190595883325932e-05,0.000708564232706387,1.5520121305381881e-05,2.3381554252771861e-05,2.7077254389396797,1.1989351478819179,-0.19887572373125637,0.053866729642661482,1.8080066696579034,0.67783626320934642,4.1840380179073834e-06,1.8080564746433756,0.67782123484058499,4.3426777863931505e-09
3.3200000000000003,1660,0.0063059428544415116,0.015009879498823554,0,0.20625026569397856,5.2715485986463128e-05,0.000653230022411296,1.4003369212029053e-05,2.2909150924997221e-05,2.7080953439873943,1.1989605296046897,-0.19885368502552284,0.05385558534296337,1.8073058282983412,0.67813486621428343,3.8589957275899814e-06,1.8073559318091277,0.67811893818008817,4.3366853918898151e-09
3.3399999999999999,1670,0.0063064319647974558,0.015008895836377831,0,0.20641320367834845,5.3705140435504576e-05,0.00060792520677225301,1.262964163038293e-05,2.2909150924997221e-05,2.7084631123099738,1.1989858039991204,-0.19883174106201626,0.053844432993927563,1.8066195751426146,0.67842678918634547,3.5909665744021705e-06,1.806670530151494,0.67841020711098443,4.3308225139543224e-09
3.3599999999999999,1680,0.0063069245940234261,0.015008013634742917,0,0.20657270060653984,5.4530558258808777e-05,0.00056861581228493828,1.1398261062458914e-05,2.3004407680670755e-05,2.7088286142386728,1.1990109790314836,-0.19880989876584548,0.053833280070347142,1.8059487288468343,0.67871214663356605,3.3580863441162685e-06,1.8060003825894437,0.67869499364712316,4.3250901184876484e-09
3.3799999999999999,1690,0.0063074209126224787,0.01500722378844861,0,0.20672874251176152,5.5172445917209109e-05,0.0005334753235942594,1.0295625684622991e-05,2.2781522350186147e-05,2.7091918902603389,1.1990360647956069,-0.1987881490029961,0.053822127602383259,1.8052934228852116,0.67899092948631423,3.1493479244589113e-06,1.8053455925922961,0.67897325381808527,4.3194890905591288e-09
3.3999999999999999,1700,0.0063079211317966623,0.015006517434319407,0,0.20688129931967081,5.5657221660204608e-05,0.00050172115652111649,9.30896022552471e-06,2.3225154141253322e-05,2.7095530004857591,1.1990610704602405,-0.19876648288230067,0.053810975958412229,1.8046537258921753,0.67926310778059951,2.9600838660154261e-06,1.8047062540063341,0.67924494774286626,4.3140202329233199e-09
3.4199999999999999,1710,0.0063084254380248953,0.015005885441334408,0,0.20703033807827154,5.6035402447062595e-05,0.00047281950612922379,8.4258237943699014e-06,2.3036072399968081e-05,2.7099120023859791,1.1990860044565521,-0.19874489124547021,0.053799824916957645,1.8040296683703274,0.67952864701257643,2.7865562933366616e-06,1.8040824508814159,0.67951003970355994,4.3086842645368367e-09
3.4399999999999999,1720,0.0063089340023591289,0.015005318512528483,0,0.20717582536282025,5.63739395668414e-05,0.00044628766499040353,7.6341395018594999e-06,2.3350358035739973e-05,2.7102689544192375,1.1991108745466139,-0.19872336476983848,0.053788673812669129,1.803421251412505,0.67978751205014976,2.6256458061927896e-06,1.8034742572975864,0.67976849821904073,4.303481819075217e-09
3.46,1730,0.006309446977962643,0.015004809826476583,0,0.20731773444042628,5.6677808177964167e-05,0.00042177455084216494,6.9243611922482247e-06,2.2813496432377448e-05,2.710623895355126,1.1991356873941044,-0.19870189661147941,0.053777522599040277,1.8028285345122954,0.6800396802361367,2.4750947123771458e-06,1.8028817371916892,0.68002029611864767,4.2984134434497554e-09
3.48,1740,0.0063099644970439793,0.015004353344351833,0,0.20745604098863701,5.69456680058392e-05,0.00039893801273069231,6.2879974486757957e-06,2.3193747562800386e-05,2.7109768571609019,1.199160448955628,-0.19868048071120908,0.053766371268812015,1.8022515737094187,0.68028513314465633,2.3331146307472661e-06,1.8023049441839794,0.68026541061586698,4.2934795963243723e-09
3.5,1750,0.006310486670610526,0.015003943642729804,0,0.20759072261769684,5.7177064615758475e-05,0.000377474175495751,5.7174298092047106e-06,2.3036072399968081e-05,2.7113278667242602,1.1991851645706937,-0.19865911162723518,0.05375521981457497,1.8016904133515825,0.68052385563403506,2.198336290671974e-06,1.801743921404735,0.6805038233820152,4.2886806466324546e-09
3.52,1760,0.0063110135910248166,0.015003575855574283,0,0.20772175911469279,5.7372022111264519e-05,0.00035727749389829517,5.2058271375657526e-06,2.3319120084582497e-05,2.7116769467595856,1.1992098390246901,-0.19863778447697944,0.053744068228926752,1.8011450863820726,0.68075583615985813,2.0697370366977717e-06,1.8011987013208686,0.68073552061992282,4.2840168720937031e-09
3.54,1770,0.0063115453341925929,0.015003245622885891,0,0.20784913270791253,5.7530502529474982e-05,0.00033809005190051181,4.7470692851942968e-06,2.3162298399097643e-05,2.7120241165242174,1.1992344766051906,-0.198616494885551,0.053732916506298967,1.8006156148032324,0.68098106711681139,1.9465632970261003e-06,1.8006693055625398,0.68096049313761686,4.2794884577309979e-09
3.5600000000000001,1780,0.0063120819612258669,0.015002949040305576,0,0.20797282827063432,5.7652270462149004e-05,0.00031977897880341186,4.3356748992758494e-06,2.3381554252771861e-05,2.7123693924233865,1.1992590811533086,-0.19859523893517539,0.053721764643343994,1.8001020096897873,0.68119954509033331,1.8282654776903413e-06,1.800155744749766,0.68117873642200477,4.2750954943872256e-09
3.5800000000000001,1790,0.0063126235197903842,0.015002682611053248,0,0.20809283348031582,5.7736917821625834e-05,0.00030232750490077979,3.9667342080905445e-06,2.3350358035739973e-05,2.7127127885442492,1.199283656110365,-0.19857401311698056,0.053710612638338415,1.7996042710181652,0.68141127105086718,1.7144479858890296e-06,1.7996580183190367,0.68139025071255654,4.2708379772421556e-09
3.6000000000000001,1800,0.0063131700452474038,0.015002443203330914,0,0.20820913895390022,5.7783909704336524e-05,0.00028552825460794335,3.6358492510798248e-06,2.3505925099591037e-05,2.7130543171180097,1.1993082045595014,-0.19855281428826344,0.053699460490737087,1.7991223874677538,0.68161625051990704,1.6048289068144178e-06,1.7991761143499232,0.68159504107498869,4.2667158043292729e-09
3.6200000000000001,1810,0.006313721561657543,0.015002228012506579,0,0.2083217383642996,5.7792620070086719e-05,0.00026947346941150847,3.3390806416518383e-06,2.3225154141253322e-05,2.713393988931704,1.1993327292628286,-0.19853163963455836,0.053688308200912839,1.798656336228919,0.68181449371573422,1.4992083296460977e-06,1.7987100093916917,0.68179311747494709,4.2627287750526375e-09
3.6400000000000001,1820,0.0063142780950976455,0.015002032887904112,0,0.20843062420964581,5.7811389385111224e-05,0.00025401164978326556,3.0715686517249415e-06,2.3225154141253322e-05,2.7137318328544895,1.1993572330061641,-0.19851048499530766,0.053677155145134596,1.7982060267305535,0.68200600763226538,1.3971421830392324e-06,1.7982596682899143,0.68198449485169033,4.2588765887037261e-09
3.6600000000000001,1830,0.0063148396656230602,0.015001856089249014,0,0.2085357982034366,5.7818353993840833e-05,0.0002391511272094457,2.8305887334327023e-06,2.3193747562800386e-05,2.7140678598734,1.1993817179084847,-0.19848934862266929,0.053666001506692027,1.7977714365184594,0.68219081546885474,1.2987483175949445e-06,1.7978250440130827,0.68216919319177238,4.2551588429783021e-09
3.6800000000000002,1840,0.0063154062731150176,0.015001697057567771,0,0.20863726797649718,5.7765360094053737e-05,0.00022489117412202299,2.6144945935625632e-06,2.3412708902503816e-05,2.7144020681310317,1.1994061856799265,-0.19846822995128655,0.0536548478499978,1.7973525614471242,0.68236895007047549,1.2042015581141925e-06,1.797406077479218,0.68234723760272609,4.2515750324932401e-09
3.7000000000000002,1850,0.0063159779029299933,0.015001553996118812,0,0.20873504025513717,5.7653146561726621e-05,0.00021112909097479159,2.420751263992771e-06,2.3319120084582497e-05,2.7147344658437027,1.1994306380988111,-0.19844712717785726,0.053643694185633466,1.7969493292929186,0.68254044145572723,1.1134056572349351e-06,1.7970026973824837,0.68251865838674686,4.2481245473033947e-09
3.7200000000000002,1860,0.0063165545310877773,0.01500142523042974,0,0.20882912479182281,5.748642747185188e-05,0.00019787297917678735,2.2470350050912264e-06,2.347489416183844e-05,2.715065061694784,1.1994550767702621,-0.19842603862198843,0.053632540493402478,1.7965616508261351,0.68270532415389973,1.0262887165847333e-06,1.7966148200197984,0.68268349111437454,4.2448066714184479e-09
3.7400000000000002,1870,0.0063171361273159426,0.015001309273310684,0,0.20891953499168714,5.7268080917117646e-05,0.00018514884190539414,2.0912732429737562e-06,2.3067693653563172e-05,2.7153938645762059,1.1994795031297825,-0.19840496279116909,0.053621386759317491,1.7961894263168059,0.68286363829410812,9.4279776226240364e-07,1.7962423491174466,0.68284177669817736,4.2416205813197578e-09
3.7600000000000002,1880,0.0063177226552005626,0.015001204801508248,0,0.20900628793394141,5.6999630446392331e-05,0.00017293922309174727,1.9516145384325129e-06,2.3130806476445511e-05,2.7157208837950888,1.1995039184617602,-0.19838389835734349,0.053610232974970501,1.7958325448270447,0.68301542962268447,8.6288798253690513e-07,1.7958851756576906,0.68299356146643553,4.2385653444772074e-09
3.7800000000000002,1890,0.0063183140722035819,0.015001110633236446,0,0.20908940436394011,5.6681873746185079e-05,0.00016118920846302281,1.8264008994163264e-06,2.3099271619960363e-05,2.716046129270556,1.1995283239162193,-0.19836284413439004,0.053599079134895762,1.7954908833244518,0.68316074948081629,7.8651873326100038e-07,1.7955431777053834,0.68313889723682342,4.2356399178660598e-09
3.8000000000000003,1900,0.0063189103427515247,0.015001023929402515,0,0.20916890386872117,5.6368132647826886e-05,0.00014998254061254635,1.7128012127747945e-06,2.3256518306983181e-05,2.7163696327756206,1.1995527208598162,-0.19834179727827478,0.053587924541065646,1.7951642450237735,0.68329964599821602,7.133904013844486e-07,1.7952162202345798,0.68327784139009307,4.232843146483806e-09
3.8200000000000003,1910,0.0063195114293629982,0.015000944293609953,0,0.20924481651059235,5.603579778220806e-05,0.00013925150245934563,1.6099475681877019e-06,2.3287840231354886e-05,2.7166914081267608,1.1995771101100416,-0.19832075738952504,0.053576769392495928,1.794852507347483,0.68343218541409156,6.4363021776630244e-07,1.794904154955149,0.68341045694375757,4.2301737618670181e-09
3.8399999999999999,1920,0.0063201172771825999,0.015000872467245322,0,0.20931717895216076,5.5633300918673572e-05,0.00012899612875690993,1.5178484347181673e-06,2.3099271619960363e-05,2.7170114564299372,1.19960149219393,-0.19829972520720082,0.053565614314341439,1.7945555679483132,0.68355844474407135,5.7741113468147169e-07,1.7946068201393859,0.68353681262577415,4.2276303806081943e-09
3.8599999999999999,1930,0.0063207278193453138,0.015000807708524737,0,0.20938602683001636,5.5161642481583644e-05,0.0001191618457073505,1.4354320107170815e-06,2.3412708902503816e-05,2.717329791262189,1.1996258678492073,-0.19827869998659675,0.053554459317427326,1.794273250227715,0.68367849805255232,5.1466345106385686e-07,1.7943240404486236,0.68365698294822708,4.225211502872619e-09
3.8799999999999999,1940,0.0063213429819823147,0.015000749275313875,0,0.20945139913610492,5.4626272431819672e-05,0.00010986842817844653,1.3616790306048736e-06,2.3004407680670755e-05,2.7176464279887198,1.1996502377509357,-0.19825768098294172,0.053543304376008148,1.7940053586308262,0.68379242446777022,4.5531544015346009e-07,1.7940556267598442,0.6837710482810111,4.2229155109151994e-09
3.8999999999999999,1950,0.0063219626871299766,0.015000696515342351,0,0.20951333889033796,5.4030635824059137e-05,0.00010096211802181293,1.2956837721300017e-06,2.3130806476445511e-05,2.7179613832700453,1.1996746025013829,-0.19823666754160446,0.053532149471072703,1.7937516859470617,0.68390030937637103,3.9929952818123701e-07,1.7938013759922935,0.68387909492551402,4.2207406675973389e-09
3.9199999999999999,1960,0.0063225868525597726,0.015000648854310171,0,0.20957189314232366,5.3376638810392495e-05,9.2491707176923986e-05,1.2366395672131929e-06,2.2813496432377448e-05,2.7182746751514495,1.1996989626382093,-0.19821565908615585,0.053520994590257095,1.7935120126082043,0.68400224443086743,3.4654764224277411e-07,1.7935610709340895,0.68398121518830091,4.2186851149037599e-09
3.9399999999999999,1970,0.0063232153914852852,0.015000605782098284,0,0.20962711294142483,5.2665338378683138e-05,8.4502028287940104e-05,1.1838243729262508e-06,2.3162298399097643e-05,2.7185863231631191,1.1997233186422691,-0.19819465510455042,0.053509839724943602,1.7932861057211065,0.68409832750840305,2.9698972937031088e-07,1.7933344800688367,0.68407750745479601,4.2167468724593774e-09
3.96,1980,0.0063238482124514965,0.015000566843464956,0,0.20967905333924672,5.1897269646924616e-05,7.7000727640077194e-05,1.1365904160902842e-06,2.3067693653563172e-05,2.7188963483998458,1.1997476709439834,-0.19817365513980764,0.053498684868593917,1.7930737185177812,0.68418866272944701,2.5055313380982651e-07,1.7931213574022367,0.68416807626296705,4.2149238360461361e-09
3.98,1990,0.0063244852328374259,0.015000529805899663,0,0.20972776841519902,5.1126558949237289e-05,6.9780001811020314e-05,1.0931789898935138e-06,2.3036072399968081e-05,2.7192047958073031,1.199772020272827,-0.19815265695669912,0.053487529295431394,1.7928745272097897,0.68427335131786715,2.0680415113099549e-07,1.792921442288701,0.68425303237700774,4.2132137761198637e-09
4,2000,0.0063251263689801576,0.015000494870924471,0,0.20977332330452814,5.0330008587655958e-05,6.3156170643833675e-05,1.053506197292075e-06,2.2972699315936647e-05,2.7195116923049327,1.1997963668661449,-0.19813166075583563,0.053476373212301601,1.7926882830237867,0.68435251382585782,1.6585508330776874e-07,1.7927344592579639,0.68433249286102016,4.2116143363271373e-09
4.0200000000000005,2010,0.0063257715201412157,0.0150004633551653,0,0.20981579010970444,4.9454564336233327e-05,5.6966603045806464e-05,1.0181650654405836e-06,2.2972699315936647e-05,2.719817051877131,1.1998207107242882,-0.19811066785354173,0.053465217272835104,1.7925147570900655,0.68442628244287118,1.2794869462840078e-07,1.7925601178416912,0.68440658115270026,4.2101230320220992e-09
4.04,2020,0.0063264205742004156,0.015000434997267897,0,0.20985524005793635,4.8500825091187918e-05,5.1155221494304046e-05,9.8673304085253338e-07,2.3036072399968081e-05,2.7201209020602994,1.1998450521188961,-0.19808967798726299,0.053454061492351712,1.7923536429780109,0.68449478669937569,9.297431532051339e-08,1.7923981124000954,0.68447542713701826,4.2087372487833468e-09
4.0600000000000005,2030,0.006327073412441135,0.015000409473949605,0,0.20989174799240148,4.7474312820437556e-05,4.5770549568287739e-05,9.5877760290816172e-07,2.3162298399097643e-05,2.7204232728515225,1.1998693913095086,-0.19806869083261883,0.053442905844092788,1.7922046131674674,0.68455816177554607,6.0800349486442032e-08,1.7922481219485462,0.68453916721990371,4.2074542409307563e-09
4.0800000000000001,2040,0.0063277299123846035,0.015000386506562826,0,0.20992539306618521,4.6378595705361798e-05,4.0767132852299058e-05,9.3391961180152044e-07,2.3036072399968081e-05,2.7207241960648347,1.1998937285263949,-0.19804770610999328,0.053431750307562378,1.7920673268878817,0.68461654977572017,3.1304216841271478e-08,1.792109809984183,0.68459794440192767,4.206271130042348e-09
4.0999999999999996,2050,0.0063283899613736415,0.015000363960951658,0,0.20995625362972514,4.5271553878093524e-05,3.6101604354825752e-05,9.1077129085955238e-07,2.3287840231354886e-05,2.7210237285230838,1.1999180643295899,-0.19802672168332075,0.053420594116622797,1.7919413643418041,0.68467009033257831,3.9822088978335578e-09,1.7919828243125258,0.68465190835198642,4.2051849034711241e-09
4.1200000000000001,2060,0.0063290534459252519,0.015000342215008679,0,0.20998441951331417,4.4130391304227552e-05,3.2195304973023749e-05,8.8944273352800224e-07,2.3004407680670755e-05,2.7213219083204119,1.1999423987897662,-0.19800573793017151,0.053409437483020884,1.7918263838151094,0.68471894329699334,-2.1096563442815868e-08,1.7918667968740889,0.68470121548098417,4.2041924128619348e-09
4.1399999999999997,2070,0.0063297202352284292,0.015000322805981823,0,0.21000998778804469,4.2900515232535814e-05,2.8572731261078417e-05,8.7062692655480322e-07,2.3225154141253322e-05,2.7216187600360957,1.1999667317470761,-0.1979847563879592,0.053398281093158334,1.7917220647431154,0.68476328084424876,-4.3685406067209001e-08,1.7917613435709909,0.6847460290155164,4.203290372668316e-09
4.1600000000000001,2080,0.0063303901869128576,0.015000305616413847,0,0.21003305469825256,4.1582771378163977e-05,2.5441881649397974e-05,8.5408779218009316e-07,2.2749503328951236e-05,2.7219143225450315,1.1999910633385718,-0.19796377693854111,0.053387124966712281,1.7916280057517762,0.68480327272355968,-6.3914879406346518e-08,1.7916660640935682,0.68478651907155319,4.2024753586693486e-09
4.1799999999999997,2090,0.0063310631517391209,0.015000290434317769,0,0.21005372022073698,4.018347735415471e-05,2.2556434745889217e-05,8.3956142389493976e-07,2.3443822150653013e-05,2.7222086375039827,1.2000153937064475,-0.19794279936929263,0.053375969073395479,1.7915437826964362,0.68483909469144955,-8.1946238265441916e-08,1.7915805417469861,0.68482286272812198,4.2017438064865034e-09
4.2000000000000002,2100,0.0063317389905326966,0.015000275170290617,0,0.21007208355470836,3.876303483146989e-05,2.013168567464644e-05,8.2589373387459385e-07,2.3067693653563172e-05,2.7225017720751725,1.2000397233361397,-0.19792182158900917,0.053364812625085918,1.7914688916049561,0.68487092023726159,-9.8316929993690773e-08,1.7915043432778508,0.68485524410099108,4.2010920101004926e-09
4.2199999999999998,2110,0.0063324175634770167,0.015000260267059603,0,0.21008825580665769,3.7299831167172906e-05,1.8627141836043019e-05,8.1324810534940195e-07,2.2972699315936647e-05,2.7227937744991859,1.200064052224797,-0.19790084404046981,0.053353655830561307,1.7914029075665669,0.68489894395551987,-1.129859130577205e-07,1.7914370187008219,0.68488385441635269,4.2005161203681251e-09
4.2400000000000002,2120,0.00633309871323015,0.015000247353857942,0,0.21010235559234855,3.5739196592895498e-05,1.7075472925031942e-05,8.0229840338907385e-07,2.2940947124789083e-05,2.7230846791527683,1.2000883801394331,-0.19787986835354543,0.053342499390779209,1.7913454275229586,0.68492337341772602,-1.2570865734441204e-07,1.7913781011252241,0.68490889208450578,4.2000121435391529e-09
4.2599999999999998,2130,0.0063337822705864201,0.015000236385791822,0,0.21011450069136373,3.4082085587731567e-05,1.6555285230907042e-05,7.9289699637129347e-07,2.3036072399968081e-05,2.7233745349413887,1.2001127071547586,-0.19785889448289423,0.05333134333032262,1.7912959663375256,0.68494441390786776,-1.3662387958762461e-07,1.7913271065816576,0.68493056277354003,4.1995759397731195e-09
4.2800000000000002,2140,0.0063344680734518126,0.015000225317491508,0,0.21012480769730396,3.2390628594718832e-05,1.63782182658682e-05,7.8404255682206827e-07,2.3225154141253322e-05,2.7236634172975385,1.2001370337135919,-0.19783792038173106,0.053320186864352692,1.7912539500546509,0.68496226770836843,-1.4635836066185471e-07,1.7912835338486144,0.68494907948301742,4.1992032216562265e-09
4.2999999999999998,2150,0.0063351559586323014,0.015000214600047723,0,0.21013340488835808,3.0645738882597327e-05,1.6018213462801612e-05,7.7589635041283682e-07,2.3162298399097643e-05,2.7239513828991617,1.2001613597825564,-0.1978169465012273,0.053309030189389407,1.7912188821457755,0.68497715806584036,-1.5486676091574123e-07,1.791246864279084,0.68496466261765765,4.1988895527181532e-09
4.3200000000000003,2160,0.0063358457596000657,0.015000203877850008,0,0.21014042266289101,2.8853017508863201e-05,1.6199215970291549e-05,7.6825902555448199e-07,2.3443822150653013e-05,2.7242384988724897,1.2001856854797042,-0.19779597248491898,0.053297873192754294,1.7911902195899341,0.68498931146628206,-1.6226961509314654e-07,1.7912165616271716,0.68497754006101896,4.1986303459489455e-09
4.3399999999999999,2170,0.0063365373019205473,0.015000193776441012,0,0.21014599876297793,2.69884094925251e-05,1.6018213462801612e-05,7.6135043556286304e-07,2.2781522350186147e-05,2.7245248248317946,1.2002100107275873,-0.19777499895864914,0.053286716144790393,1.7911674364284689,0.68499896719499354,-1.6851532817863969e-07,1.7911920718747045,0.68498794724918299,4.19842086231583e-09
4.3600000000000003,2180,0.0063372303908361379,0.015000186069325917,0,0.21015027817536935,2.4998825732774525e-05,1.6333651602943885e-05,7.5579788214497008e-07,2.3036072399968081e-05,2.7248104066369789,1.2002343352285043,-0.19775402769685632,0.053275559791414955,1.7911500228942012,0.68500637723481261,-1.7334886080739212e-07,1.7911728230578485,0.68499612724443726,4.1982562092800909e-09
4.3799999999999999,2190,0.0063379248346718793,0.015000178921247541,0,0.21015340029851109,2.2942091588587614e-05,1.7329712313881724e-05,7.5080256747149758e-07,2.3162298399097643e-05,2.7250953289292319,1.2002586593628295,-0.19773305686311549,0.05326440342322665,1.7911373211949018,0.68501178245348449,-1.77451269544364e-07,1.7911582250937175,0.68500233080895789,4.1981313393139137e-09
4.4000000000000004,2200,0.0063386204517937132,0.015000170766840494,0,0.21015550990097298,2.0863032399747375e-05,1.7621689505503623e-05,7.4575161051946893e-07,2.2972699315936647e-05,2.7253796836803694,1.2002829834605777,-0.19771208489066827,0.053253246411213997,1.7911286700690559,0.68501543328109105,-1.812537205162939e-07,1.7911476696069859,0.68500681647849371,4.1980410484172284e-09
4.4199999999999999,2210,0.0063393170463005169,0.015000163926730028,0,0.21015676721749105,1.8686885968396791e-05,1.8070981951380476e-05,7.4148938408896699e-07,2.3193747562800386e-05,2.7256635262465334,1.2003073071069725,-0.19769111410138049,0.053242089699750972,1.7911235302841566,0.68501760835323877,-1.8414008168851116e-07,1.7911405297565004,0.68500985063604858,4.1979799746345686e-09
4.4400000000000004,2220,0.006340014413951588,0.015000158704971542,0,0.2101573317630005,1.6404246310983976e-05,1.7663006536443448e-05,7.3805286239671908e-07,2.3225154141253322e-05,2.7259469317278127,1.2003316302696569,-0.19767014479978648,0.053230933447534663,1.7911212677325894,0.68501858373982649,-1.863998500797438e-07,1.7911361600618929,0.68501170758556496,4.1979425965719175e-09
4.46,2230,0.0063407123533201588,0.015000154128128306,0,0.21015736358889162,1.4045540671405196e-05,1.8899085298673496e-05,7.3504887880840254e-07,2.3536915126363769e-05,2.7262299941473302,1.2003559531649743,-0.19764917601113699,0.053219777266509699,1.7911211824972222,0.68501863629232462,-1.8840277779398717e-07,1.791133896230191,0.68501266962560703,4.1979232319135645e-09
4.4800000000000004,2240,0.0063414106788549224,0.015000149026652157,0,0.2101570289870264,1.164004333924525e-05,1.924308070525986e-05,7.3202767599690448e-07,2.3036072399968081e-05,2.7265128212298917,1.2003802760754481,-0.19762820656460434,0.053208620687599746,1.7911225573400453,0.68501805224067647,-1.9152143989463876e-07,1.7911330549824307,0.68501302712304379,4.1979160359389457e-09
4.5,2250,0.0063421092171795316,0.015000143343443104,0,0.21015650342257905,9.1783523968945301e-06,1.9090959104164312e-05,7.2896455915698803e-07,2.3036072399968081e-05,2.7267955218805127,1.2004045990436436,-0.19760723640328559,0.053197463684093414,1.7911247021831993,0.68501713329606129,-1.9741642225742697e-07,1.7911329338802684,0.68501307858673222,4.1979150000395028e-09
4.5200000000000005,2260,0.0063428077623116884,0.015000140888363439,0,0.21015593567991395,6.6860646966723443e-06,1.939400914049012e-05,7.2765081010787696e-07,2.3099271619960363e-05,2.727078173607389,1.2004289205497924,-0.19758626934580201,0.053186307763532725,1.7911270132107533,0.6850161614834116,-1.8902581745614465e-07,1.7911328825400135,0.68501299042463892,2.5686814310925617e-07
4.54,2270,0.0063435062147852734,0.015000145925707319,0,0.21015507442338455,4.7780334042861509e-06,1.9469034601067135e-05,7.3179914820334181e-07,2.265317472408141e-05,2.7273608002130012,1.2004532410365469,-0.19756530965567529,0.053175149524806974,1.7911291873918211,0.68501532324540759,2.7328406272307898e-07,1.7911325265758566,0.68501237915877722,2.0087399401186185e-06
4.5600000000000005,2280,0.0063442038476502743,0.015000160636248564,0,0.21015239802436342,5.3159828818036323e-06,1.9167170820781278e-05,7.3799610376903648e-07,2.3004407680670755e-05,2.7276431165787733,1.2004775601015945,-0.19754435950641605,0.053163996815050886,1.791130688853366,0.68501406018579147,2.6579760055470244e-06,1.791131570710927,0.68501073773621013,6.7130136158787813e-06
4.5800000000000001,2290,0.0063449000407937682,0.015000178928574139,0,0.21014601520468865,8.2021818779453644e-06,1.8627141836043019e-05,7.4343135721433182e-07,2.2717439178655149e-05,2.7279248749107246,1.2005018781255961,-0.19752341280558317,0.053152849855917936,1.79113097448543,0.68501159935043898,8.7345670099576388e-06,1.791129729761183,0.68500757643552712,1.5773217784057403e-05
4.6000000000000005,2300,0.0063455945516196809,0.015000195143803944,0,0.21013434781029625,1.2010577554361011e-05,1.8627141836043019e-05,7.4873504466602316e-07,2.2813496432377448e-05,2.7282059506372955,1.2005261964649754,-0.19750246389386292,0.053141701765531284,1.7911297962479802,0.68500739541478706,2.0050210199636772e-05,1.7911267285210879,0.68500242267052514,3.0543772007200174e-05
4.6200000000000001,2310,0.0063462870311692321,0.015000209093407782,0,0.21011588870831058,1.6185664719567128e-05,1.8587967992817196e-05,7.536704396480971e-07,2.3162298399097643e-05,2.7284861635856958,1.2005505151927969,-0.1974815125824444,0.053130552410520504,1.7911269465231354,0.68500091513462202,3.8073624795322487e-05,1.7911223016492868,0.68499482079388907,5.2330549441786402e-05
4.6399999999999997,2320,0.006346977155758513,0.015000221731612345,0,0.21008922591162851,2.0540298349598234e-05,1.8899085298673496e-05,7.5845763015469644e-07,2.3412708902503816e-05,2.7287653442185809,1.2005748341614941,-0.19746055982608629,0.053119402223987949,1.7911222478335518,0.68499166427772573,6.4184687754928008e-05,1.791116193554281,0.68498433190087349,8.2391439483292129e-05
4.6600000000000001,2330,0.0063476646053657665,0.015000232983175819,0,0.21005302809663806,2.4970971294900063e-05,1.9014441926092368e-05,7.629246944456371e-07,2.3036072399968081e-05,2.7290433370140939,1.2005991533768938,-0.19743960554968243,0.053108251291147462,1.7911154831586864,0.68497917514637696,9.9683375693439277e-05,1.7911081582801045,0.68497053363298321,0.0001219369104112488
4.6799999999999997,2340,0.0063483490762203118,0.015000243057195245,0,0.21000603637487492,2.9411185389221414e-05,1.8821788102366937e-05,7.6709961804344106e-07,2.3381554252771861e-05,2.7293199950808371,1.2006234728113496,-0.19741864996267261,0.053097099682512347,1.7911064457105335,0.68496300859696901,0.00014580135275558124,1.7910979593919991,0.68495301998165425,0.00017213057203429544
4.7000000000000002,2350,0.0063490302902253441,0.015000252626616336,0,0.20994705937194819,3.3818635521424264e-05,1.943155808007896e-05,7.712621369719431e-07,2.3099271619960363e-05,2.7295951832593834,1.2006477923599046,-0.19739769373853672,0.053085947624776739,1.7910949474930755,0.68494275247051117,0.00020370692579797382,1.7910853698620908,0.68493140109193518,0.00023408973833525141
4.7199999999999998,2360,0.0063497079785370036,0.015000261747840648,0,0.20987496595997779,3.8156947863222927e-05,1.9129102916627893e-05,7.7541239582077512e-07,2.347489416183844e-05,2.7298687773262529,1.200672112018883,-0.19737673693380792,0.053074795138123555,1.791080782338792,0.68491801397200036,0.00027450859492216104,1.7910701719550652,0.68490530306616781,0.00030888599011615715
4.7400000000000002,2370,0.0063503818648705662,0.015000269509989004,0,0.20978867887274305,4.2387661544950601e-05,1.943155808007896e-05,7.7909467673918135e-07,2.3004407680670755e-05,2.7301406567103865,1.2006964319734141,-0.19735577863720929,0.053063641796173747,1.7910637148624411,0.68488841568212011,0.00035926012156950373,1.7910521571138436,0.68487436776766808,0.0003975457376433557
4.7599999999999998,2380,0.0063510516954644013,0.015000276091768737,0,0.20968717963885633,4.6495081025125758e-05,2.0276000680978352e-05,7.8234799478953766e-07,2.3193747562800386e-05,2.7304107019701753,1.2007207521924668,-0.19733481902765654,0.053052487683792907,1.7910435598164041,0.6848536063644699,0.0004589621674070195,1.7910311258452574,0.68483825262440767,0.00050105078329252476
4.7800000000000002,2390,0.0063517172427781255,0.015000282260357066,0,0.20956950332832094,5.0475552106738644e-05,2.0773209379101241e-05,7.8550944244127927e-07,2.3067693653563172e-05,2.730678802720484,1.2007450725299751,-0.19731385887272274,0.053041333165821568,1.7910201599357041,0.68481325617371303,0.00057456540548616924,1.7910068876057255,0.68479663043269423,0.00062033888419376802
4.7999999999999998,2400,0.0063523782687674333,0.015000287161586027,0,0.20943472947205208,5.4310977023735191e-05,2.1429548445808714e-05,7.8810103501339283e-07,2.3350358035739973e-05,2.7309448556408418,1.200769393138984,-0.19729289731756755,0.053030177950338146,1.7909933061997174,0.68476704379997144,0.0007069726044081373,1.7909792606869295,0.68474918916085303,0.00075630431487663677
4.8200000000000003,2410,0.0063530345544209645,0.015000291004271867,0,0.20928198721504962,5.7997153080805092e-05,2.2426798989897964e-05,7.9021307677662224e-07,2.3225154141253322e-05,2.7312087576531661,1.2007937139866813,-0.19727193457122597,0.053019022108493123,1.7909628355328762,0.68471466968644934,0.00085704174365081986,1.7909480721014885,0.6846956317529076,0.00090979842991523098
4.8399999999999999,2420,0.0063536859059012355,0.015000294562033356,0,0.20911045299882819,6.1537213209179265e-05,2.3162298399097643e-05,7.9224689383458249e-07,2.3225154141253322e-05,2.7314704142349675,1.2008180349406952,-0.19725097140785652,0.053007865922508293,1.7909286118622487,0.68465585284311947,0.0010255866489230279,1.7909131574686368,0.6846356759322606,0.0010816302265732117
4.8600000000000003,2430,0.0063543321374466008,0.015000297872612593,0,0.20891934666669171,6.4928257903265705e-05,2.4744711127599622e-05,7.9421282136266719e-07,2.3350358035739973e-05,2.731729740733833,1.2008423559963031,-0.19723000786518574,0.052996709416393693,1.7908904795621285,0.6845903238895007,0.0012133768793064987,1.7908743608998967,0.68456905400537527,0.001272566907448913
4.8799999999999999,2440,0.0063549730736788025,0.015000300924699322,0,0.20870793180622077,6.8167926596881742e-05,2.6287356432399194e-05,7.9609743064800263e-07,2.3099271619960363e-05,2.7319866575802489,1.2008666771572512,-0.19720904393187078,0.052985552592492373,1.7908482883447434,0.68451782806132189,0.0014211395003808202,1.7908315348847574,0.68449551266545616,0.0014833344431203408
4.9000000000000004,2450,0.0063556085509601148,0.015000303712096215,0,0.20847551509180806,7.1255086277597e-05,2.7875415369281657e-05,7.9789100425511933e-07,2.3536915126363769e-05,2.7322410899659269,1.2008909984261218,-0.19718807960169454,0.052974395454274147,1.7908018969639381,0.68443812537416593,0.001649560061115046,1.7907845401763487,0.68441481279613026,0.0017146181347902994
4.9199999999999999,2460,0.0063562384172371859,0.015000306234024293,0,0.20822144548884811,7.4189535914950997e-05,3.0064472461725659e-05,7.9958725362609326e-07,2.2909150924997221e-05,2.7324929677875391,1.2009153198042704,-0.19716711487386157,0.052963238007488429,1.790751173040448,0.68435099028973645,0.0018992833860388776,1.790733245677117,0.68432672927512772,0.0019670631769313773
4.9400000000000004,2470,0.0063568625317629622,0.015000308492092248,0,0.20794511350805098,7.697171800334125e-05,3.2510731868091709e-05,8.0118171574245742e-07,2.3443822150653013e-05,2.7327422255921285,1.2009396412923636,-0.19714614974996192,0.052952080258989259,1.7906959926372028,0.68425621137994841,0.0021709143029629207,1.7906775283245018,0.68423105077796309,0.0022412752199310851
4.96,2480,0.0063574807648879251,0.015000310488709112,0,0.20764595052001308,7.9602529166372519e-05,3.4952621358355786e-05,8.0267095356147002e-07,2.3225154141253322e-05,2.7329888025194027,1.200963962890677,-0.19712518423238753,0.052940922215954575,1.7906362399911093,0.68415359103869633,0.0024650183289973205,1.7906172729766103,0.6841275795816163,0.002537820932736828
4.9800000000000004,2490,0.0063580929978889825,0.015000312226548412,0,0.20732342811283319,8.2083195135315479e-05,3.764357620473439e-05,8.0405227182994769e-07,2.3099271619960363e-05,2.7332326422355666,1.2009882845992135,-0.19710421832379399,0.052929763885572648,1.7905718073315693,0.68404294522499021,0.0027821223242527515,1.7905523722978944,0.68401613136821371,0.0028572285655010599
5,2500,0.0063586991406052911,0.015000314912451582,0,0.20697705959666859,8.4425305870172444e-05,4.0998918112699998e-05,8.0599731170185105e-07,2.2940947124789083e-05,2.7334736937089388,1.2010126062075082,-0.19708325323193682,0.052918605699481099,1.7905026352466322,0.68392410872138221,0.0031227164518310277,1.7904827266448253,0.68389653502870884,0.0031999885122262406
5.0200000000000005,2510,0.0063592991239630713,0.015000319673799709,0,0.20660639977822631,8.6642159443776461e-05,4.4346946078767742e-05,8.0906822747599531e-07,2.3381554252771861e-05,2.7337119177548814,1.2010369274824155,-0.19706229008450316,0.052907448260058706,1.7904286676116508,0.68379692980893958,0.0034872506684529665,1.7904082439515701,0.68376863246656383,0.0035665538734100063
5.04,2520,0.0063598928831352739,0.015000327005748066,0,0.20621103644499639,8.8736074818077703e-05,4.7857040207728578e-05,8.135917558314777e-07,2.3004407680670755e-05,2.7339472834523106,1.2010612483652849,-0.19704132937692712,0.052896291666611965,1.7903498270691967,0.68366126433017294,0.0038761410574625352,1.7903288396156667,0.68363227840143004,0.0039573410186901047
5.0600000000000005,2530,0.006360480341568193,0.015000335192673091,0,0.20579058979861758,9.0688530064277678e-05,5.1792473735518297e-05,8.1867727245984543e-07,2.2972699315936647e-05,2.7341797704018131,1.2010855691789595,-0.1970203693926072,0.052885135175736404,1.7902659647948869,0.68351696943967277,0.0042897660395184983,1.7902444363837,0.68348734017282908,0.0043727301494895848
5.0800000000000001,2540,0.0063610614279132156,0.015000342512191322,0,0.20534472047710628,9.2486267878876303e-05,5.5763903978453549e-05,8.2333592203099091e-07,2.3287840231354886e-05,2.7344093557022076,1.2011098902089714,-0.19699940840807803,0.052873978195092514,1.7901769502369698,0.68336391718962708,0.0047284662247909035,1.7901549642369781,0.68333369754383411,0.0048130658616617281
5.1000000000000005,2550,0.0063616361144323164,0.015000351035458997,0,0.20487313927153314,9.4158551138138656e-05,6.0503583718882237e-05,8.2863404552262371e-07,2.3225154141253322e-05,2.7346360036784434,1.2011342110533467,-0.19697844849545534,0.052862821801516226,1.7900828064406069,0.68320201444878215,0.0051925467915128051,1.7900603602772065,0.68317124250475059,0.0052786577081352284
5.1200000000000001,2560,0.0063622043899648614,0.015000363223845507,0,0.20437558617978235,9.5728230733821849e-05,6.5200586565193118e-05,8.3610494120089838e-07,2.3505925099591037e-05,2.7348596872709301,1.2011585314025714,-0.1969574921172548,0.052851666655591836,1.7899835656878049,0.68303117802618274,0.0056822855934705345,1.789960568612166,0.68299987907679727,0.0057697807615591313
5.1399999999999997,2570,0.0063627662103943787,0.015000376780945112,0,0.20385182286297551,9.7166917551663214e-05,7.00510741072238e-05,8.4455409923563469e-07,2.2940947124789083e-05,2.7350804065175764,1.201182851650705,-0.1969365369759046,0.052840511734558344,1.7898790782565464,0.68285130797469717,0.0061979231800809416,1.789855540241386,0.68281952311578731,0.0062866761769480037
5.1600000000000001,2580,0.0063633215358604731,0.015000389024624035,0,0.20330165068849765,9.8450147926472972e-05,7.5316192777923895e-05,8.5235937572384111e-07,2.3536915126363769e-05,2.7352981611678699,1.2012071721723827,-0.19691558038804735,0.052829356183788097,1.7897692005463606,0.68266231763907104,0.0067396621241106042,1.7897452329418226,0.68263010211580932,0.0068295517543269513
5.1799999999999997,2590,0.006363870354821664,0.015000399606827067,0,0.20272491192812644,9.9579919133103913e-05,8.0897024071630846e-05,8.5926410029743295e-07,2.3225154141253322e-05,2.7355129395067479,1.2012314930363359,-0.19689462200553509,0.052818199850685331,1.789653896678387,0.6824641468529854,0.0073076751554827114,1.7896296111535324,0.6824315550129082,0.0073985825013765981
5.2000000000000002,2600,0.0063644126678557228,0.015000408601928441,0,0.2021214838915027,0.00010056318317036407,8.6875401649470421e-05,8.6526715879125951e-07,2.3004407680670755e-05,2.7357247307825716,1.2012558142333944,-0.19687366190280603,0.052807042763588226,1.7895331552983311,0.68225674921797719,0.0079021032578303636,1.7895086458653493,0.68222383198876624,0.0079939111960783144
5.2199999999999998,2610,0.0063649485904679675,0.015000421894963527,0,0.20149131550014762,0.00010150061020581226,9.2869225918218576e-05,8.7371102281589883e-07,2.3381554252771861e-05,2.7359335131394875,1.201280135366495,-0.19685270596460477,0.052795887153620429,1.789407252465693,0.68204014372493582,0.0085230479460967866,1.7893823145005601,0.68200689427438399,0.0086156489493590775
5.2400000000000002,2620,0.0063654781151206083,0.015000439621872365,0,0.20083433673216211,0.00010237398432263217,9.8993572409384559e-05,8.8489932841289393e-07,2.2781522350186147e-05,2.7361392926561043,1.201304456174459,-0.19683175432756644,0.052784733218072893,1.789276121977831,0.68181428939168043,0.0091705923702405032,1.7892506008025797,0.68178071395376161,0.0092638757677367366
5.2599999999999998,2630,0.0063660011754319203,0.015000456759371483,0,0.20015048524828299,0.00010309467780325319,0.00010552310699881134,8.959823673976832e-07,2.3319120084582497e-05,2.7363420973970722,1.2013287769828971,-0.19681080196892509,0.052773579040201905,1.7891394825368288,0.68157911721643394,0.0098447914118093872,1.7891134947206273,0.68154527376757945,0.0099386411159648625
5.2800000000000002,2640,0.0063665178008834407,0.015000471644150101,0,0.19943976514830444,0.00010365146750746465,0.00011244558706095737,9.0581947923536897e-07,2.2813496432377448e-05,2.736541944036599,1.2013530981250833,-0.19678984722457757,0.052762423883374453,1.7889972821728901,0.68133461526922101,0.010545660827781956,1.7889709922954022,0.68130056691687924,0.01063996447967802
5.2999999999999998,2650,0.0063670280430036157,0.015000483956934259,0,0.19870221704293395,0.00010405229148423161,0.00011980850768396071,9.1410379734023246e-07,2.3036072399968081e-05,2.7367388437230971,1.2013774196879325,-0.19676888977503351,0.052751267598461875,1.7888495391258541,0.68108079171497893,0.011273187479891518,1.7888230955447593,0.68104659686674518,0.011367835928036597
5.3200000000000003,2660,0.0063675319583982211,0.015000493825996082,0,0.1979379120372837,0.00010430785368995419,0.00012739264119506239,9.2084406397548719e-07,2.2845425764212974e-05,2.7369328073503794,1.2014017416618232,-0.19674792974857827,0.052740110238822538,1.7886962882545141,0.6808176656507553,0.012027330146749218,1.7886698123493845,0.68078337714998471,0.012122216676372123
5.3399999999999999,2670,0.0063680296068460637,0.015000501476179914,0,0.19714695052643236,0.0001044276724427862,0.00013541937389908215,9.2613946166020798e-07,2.347489416183844e-05,2.737123848059841,1.2014260640133536,-0.19672696737014472,0.052728951900280673,1.7885375667000003,0.68054526515312785,0.012808019602347577,1.7885111563384712,0.68051093117080985,0.012903039648832038
5.3600000000000003,2680,0.0063685210521049421,0.01500050712261846,0,0.19632946173819515,0.00010441955600950079,0.00014373856831060764,9.301029212106751e-07,2.2781522350186147e-05,2.7373119820579377,1.2014503867086463,-0.196706002854977,0.052717792672891423,1.7883734117159245,0.68026362698687837,0.0136151589713982,1.7883471467753955,0.68022929200851778,0.013710210041025066
5.3799999999999999,2690,0.0063690063627308722,0.015000510950669232,0,0.19548560332382006,0.0001042898625437562,0.00015235972865387435,9.3284151658633741e-07,2.3350358035739973e-05,2.7374972287708057,1.2014747097183596,-0.19668503638853665,0.052706632632679364,1.7882038614226421,0.67997279661127874,0.014448624239656316,1.7881778084433919,0.67993850222117225,0.014543605882665947
5.4000000000000004,2700,0.0063694856125866995,0.01500051311865771,0,0.19461556091173729,0.00010404384699763904,0.00016128866612460206,9.3445396671295895e-07,2.2717439178655149e-05,2.7376796107885126,1.2014990330176119,-0.19666406812923967,0.052695471843622534,1.7880289558761173,0.67967282818622921,0.01530826480840543,1.7880031715312295,0.67963861364928424,0.015403078600220825
5.4199999999999999,2710,0.006369958881120962,0.015000513763776806,0,0.19371954762703977,0.00010368594956968877,0.00017040860011234061,9.350317867028357e-07,2.262097403300073e-05,2.7378591537790129,1.2015233565850167,-0.19664309821435053,0.052684310360687214,1.7878487379093391,0.67936378453238866,0.016193904056291387,1.7878232715188866,0.67932968721949327,0.016288453579551988
5.4400000000000004,2720,0.0063704266312976697,0.015000511063701654,0,0.19279792618233713,0.00010340425191917649,0.00017890174344907747,9.3185153358981982e-07,2.2940947124789083e-05,2.7380359668285044,1.2015476842330783,-0.19662212480088789,0.052673146391381022,1.7876636193355364,0.67904586474551631,0.017105282102336288,1.787638149063228,0.67901179274824819,0.017199530728563214
5.46,2730,0.0063708888338512163,0.015000509450473928,0,0.1918509145266607,0.00010315138458601426,0.00018710698302827625,9.2846688726392608e-07,2.2524095754713237e-05,2.7382100449552569,1.2015720139594106,-0.19660115232915368,0.052661982284058606,1.7874736085215543,0.67871910760630128,0.018042202302304085,1.7874478498836799,0.67868500874548798,0.018136085039844593
5.4800000000000004,2740,0.0063713452508039805,0.015000510907040198,0,0.19087868687810311,0.00010275077770595178,0.00019585500453077266,9.2752312143801601e-07,2.2972699315936647e-05,2.7383813646420427,1.2015963423354836,-0.19658018280084388,0.052650819762863982,1.7872783994538506,0.67838347747220473,0.019004468697986034,1.7872524246479051,0.67834942221832351,0.019097867153317793
5.5,2750,0.0063717959900483241,0.015000511931260084,0,0.18988156003009737,0.00010217844619199322,0.00020507991313976543,9.2660673521176885e-07,2.3036072399968081e-05,2.7385499917247316,1.201620670100765,-0.19655921271175719,0.052639657222581529,1.7870779361631159,0.67803905941500175,0.01999179903640599,1.7870519288574795,0.67800512847471761,0.020084603918880884
5.5200000000000005,2760,0.0063722411927218644,0.015000510928115069,0,0.18885988753071026,0.00010144305585628543,0.00021469988324558935,9.2457741593800643e-07,2.3036072399968081e-05,2.7387159828039227,1.2016449976938934,-0.19653824046526464,0.052628493906149959,1.7868722691831647,0.67768596506073486,0.021003886729370994,1.7868464227335681,0.67765223092716675,0.021095998959053713
5.54,2770,0.0063726810005191809,0.015000507494133808,0,0.18781404501979587,0.0001005598699722542,0.00022462847911353161,9.2113760993287202e-07,2.2717439178655149e-05,2.7388793867229042,1.2016693252713766,-0.19651726565719918,0.052617329608523292,1.786661488838494,0.67732431549218164,0.022040406433585548,1.7866359711025996,0.6772908408963817,0.022131733231622569
5.5600000000000005,2780,0.0063731155531334995,0.01500050172151661,0,0.18674442958090082,9.9544315398546331e-05,0.00023485449280965948,9.1635221929815001e-07,2.3036072399968081e-05,2.7390402499978248,1.2016936528681386,-0.19649628837950739,0.052606164352641843,1.7864456972641771,0.6769542384475391,0.023101012761366845,1.7864206432819429,0.67692107741496854,0.023191465592285666
5.5800000000000001,2790,0.0063735449892477992,0.015000493860215939,0,0.18565145985781439,9.8409991023252691e-05,0.00024531993874448061,9.1040903051431368e-07,2.2813496432377448e-05,2.7391986196478482,1.2017179804775884,-0.19647530888207043,0.05259499823279927,1.7862249980533274,0.67657586772137257,0.024185339661823541,1.7862005129655829,0.67654306703110989,0.024274833357297777
5.6000000000000005,2800,0.0063739694476535307,0.015000484181140843,0,0.18453557583294519,9.7168162680543694e-05,0.00025599545364517423,9.0351870369798817e-07,2.2685329707937426e-05,2.7393545443456091,1.2017423080836349,-0.19645432743578312,0.052583831352549341,1.7859994933149539,0.67618934298944999,0.025293000533243452,1.7859756581097956,0.67615694361224565,0.025381452866115727
5.6200000000000001,2810,0.0063743890681313932,0.01500047292965764,0,0.18339723847123321,9.5827900118864822e-05,0.00026683397412261152,8.9587910205665938e-07,2.2940947124789083e-05,2.7395080747929157,1.2017666356715695,-0.19643334428600412,0.052572663804414978,1.7857692835820669,0.67579480979538631,0.026423588621257103,1.7857461608188248,0.67576284814875431,0.026510920044043013
5.6399999999999997,2820,0.0063748039921066799,0.015000460315162363,0,0.18223692932583341,9.4396456233883621e-05,0.00027782954129680003,8.8766610617338856e-07,2.2717439178655149e-05,2.7396592637924644,1.2017909632307344,-0.19641235964211196,0.052561495665774463,1.7855344686446517,0.67539241959539398,0.027576677506510026,1.7855121072305566,0.67536092855763352,0.027662810964875252
5.6600000000000001,2830,0.0063752143631120176,0.015000446513387975,0,0.18105515011550474,9.2879685326846233e-05,0.00028891377246993385,8.7903414915293007e-07,2.262097403300073e-05,2.7398081662019438,1.2018152907543467,-0.19639137367980497,0.052550327000176311,1.7852951485388442,0.67498232979774075,0.028751821622113857,1.7852735874021963,0.67495133948618147,0.028836682413545027
5.6799999999999997,2840,0.0063756203270850173,0.015000431672216851,0,0.17985242226885631,9.1282412843317053e-05,0.00030012056397842409,8.7011962591055584e-07,2.262097403300073e-05,2.7399548388471917,1.2018396182385502,-0.19637038654692071,0.052539157859995758,1.7850514244143165,0.67456470376751343,0.029948556784561993,1.7850306951959434,0.67453424211567781,0.030032072448766867
5.7000000000000002,2850,0.006376022032528135,0.015000415917674719,0,0.17862928643483006,8.9608730444297997e-05,0.00031136880240236397,8.610445867096325e-07,2.2165253030559974e-05,2.740099340414647,1.2018639456814413,-0.19634939836943124,0.052527988289047305,1.7848033992040786,0.67413971078928037,0.031166400732857948,1.7847835281646673,0.67410980396506437,0.03124850096568264
5.7199999999999998,2860,0.0063764196305583281,0.015000399359035467,0,0.17738630196290489,8.7862218081563706e-05,0.00032261574493838154,8.5191985353505607e-07,2.2394272795856101e-05,2.7402417313582097,1.2018882730822471,-0.1963284092565529,0.052516818324757637,1.7845511781001639,0.67370752599071504,0.032404853673332137,1.7845321874375839,0.67367819869462664,0.032485470258506198
5.7400000000000002,2870,0.0063768132748725026,0.015000382092859615,0,0.17612404635803763,8.6046104923512379e-05,0.00033388553830374231,8.4284735298064968e-07,2.2426798989897964e-05,2.7403820737907125,1.2019126004407124,-0.19630741930478951,0.052505647999863236,1.7842948688657287,0.67326833023398414,0.033663398828560155,1.7842767776059298,0.67323960590967435,0.033742465583168797
5.7599999999999998,2880,0.0063772031216514282,0.01500036420604744,0,0.1748431147152317,8.4163382969583143e-05,0.00034514849030926762,8.3392168618010225e-07,2.262097403300073e-05,2.7405204313908529,1.2019369277567016,-0.19628642860098416,0.052494477343686057,1.7840345820195329,0.67282230998208181,0.034941502989289629,1.7840174066086398,0.67279421096422265,0.035018955719963822
5.7800000000000002,2890,0.0063775905297936983,0.015000307990787774,0,0.17354451182833375,8.2587383964156003e-05,0.00035377561346493501,8.0655486785037058e-07,2.2491710265994076e-05,2.7406573472831561,1.2019612732725076,-0.1962653993559843,0.052483282429874378,1.7837706132465017,0.6723699790492822,0.036238371183380746,1.7837541856180208,0.67234220476467321,0.036314393536192251
5.7999999999999998,2900,0.006377975305103898,0.01500022704886962,0,0.17222870210885927,8.1176613280853899e-05,0.00036080397519631924,7.7563841302627363e-07,2.2459278078588273e-05,2.7407927385778614,1.2019856310662131,-0.19624434519637718,0.05247207211255811,1.7835030786327684,0.67191140733239407,0.037553548233804857,1.7834872289254291,0.67188378357349499,0.037628216548807235
5.8200000000000003,2910,0.0063783565217853996,0.015000156079988929,0,0.17089594212895684,7.9565254338584456e-05,0.00036867602937838624,7.5831726641740382e-07,2.2230927998283902e-05,2.7409262493153324,1.202009984494832,-0.1962233008973141,0.052460868180808237,1.7832319111727599,0.67144647905958976,0.038886697635981009,1.7832166538269452,0.67141914881290543,0.038959847487059641
5.8399999999999999,2920,0.006378734312083776,0.01500009386687929,0,0.16954689185641533,7.7741110800540577e-05,0.00037736408839494326,7.5146308561665497e-07,2.2198114802541581e-05,2.741057957852135,1.2020343334729182,-0.19620226524361947,0.052449669653565685,1.7829571379274258,0.67097539273315998,0.040237218200471443,1.78294258050905,0.67094850686855145,0.040308694855142629
5.8600000000000003,2930,0.0063791089066683668,0.015000037403667401,0,0.16818226884387688,7.5740645318134273e-05,0.00038655303091308636,7.5213684339661279e-07,2.265317472408141e-05,2.7411879709117795,1.2020586789773728,-0.19618123522514974,0.052438474818434409,1.7826788498179269,0.67049839055437654,0.041604471107002161,1.7826651319343001,0.67047206889319011,0.041674153494837218
5.8799999999999999,2940,0.0063794805295117494,0.014999984830432895,0,0.16680279366274844,7.3597097399035052e-05,0.00039608288492226564,7.5850925551628387e-07,2.2000207897163392e-05,2.7413163842177162,1.2020830216920073,-0.19616020897875341,0.052427282631103571,1.7823971752182473,0.67001571409671246,0.042987814495296574,1.7823844337270038,0.66999005061037031,0.043055605148156859
5.9000000000000004,2950,0.006379849391682452,0.014999935212041352,0,0.16540941263693473,7.1337612125760343e-05,0.00040582727275880587,7.693338308627184e-07,2.2491710265994076e-05,2.7414432842037115,1.2021073620317879,-0.19613918556722004,0.052416092535300357,1.7821122620021639,0.66952760288546032,0.044386602326358791,1.7821006140588971,0.66950267211811287,0.044452419019992903
5.9199999999999999,2960,0.0063802156951225418,0.014999888131666063,0,0.16400307461506525,6.8984855149299289e-05,0.00041570974418081376,7.8362479406847748e-07,2.206637408534863e-05,2.7415687523034507,1.2021317002615211,-0.19611816457231235,0.052404904241323429,1.7818242665715036,0.66903429648114487,0.045800181234523667,1.7818138035348183,0.66901015769259253,0.045863952340759309
5.9400000000000004,2970,0.0063805796353186266,0.01499984342960785,0,0.16258454103618847,6.6557718726147696e-05,0.00042560766125443971,8.0053227643428648e-07,2.1733528855063329e-05,2.7416928675695877,1.2021560365696908,-0.19609714583326668,0.052393717592514454,1.7815333476351631,0.66853603539272699,0.047227889125648466,1.7815241350783853,0.66851273559181823,0.047289550929038048
5.96,2980,0.0063809414027674351,0.014999801060876373,0,0.16115458186719578,6.4071673171099068e-05,0.00043545803962167281,8.1930754543168906e-07,2.2132342465963256e-05,2.74181570803654,1.2021803711055179,-0.19607612930421714,0.052382532494755524,1.7812396630427925,0.6680330613838763,0.048669054790381271,1.7812317438176704,0.66801063785931414,0.048728549754223763
5.9800000000000004,2990,0.0063813017643426402,0.014999839042400633,0,0.15971389439460329,6.1534790359244696e-05,0.00044789684820866269,8.0702702626288986e-07,2.1867274910380131e-05,2.7419370784813228,1.202204677331834,-0.1960551931192534,0.052371388170216401,1.7809444962296153,0.66752573212331845,0.050123187198239695,1.7809367669708756,0.66750410012780104,0.050180273499169301
6,3000,0.0063816675168221256,0.014999914203942486,0,0.15826308450039386,5.8766411865601709e-05,0.00046565193493939709,7.8345855895917875e-07,2.1900583802360337e-05,2.7420591067549105,1.2022289701628261,-0.19603429402154898,0.052360266891099599,1.7806472001419449,0.66701396661785373,0.05158956516741775,1.7806393437320096,0.66699336142287735,0.051644037122830347
6.0200000000000005,3010,0.0063820398304658818,0.01499997679658145,0,0.15680325039140539,5.6070105044071826e-05,0.00048720486710251363,7.7021382453952601e-07,2.1800504449438904e-05,2.7421823083337786,1.2022532704396711,-0.19601338215750672,0.052349139188763778,1.7803478472128265,0.66649819361816964,0.053067236090193912,1.7803396151565625,0.66647866396669941,0.053119146422910733
6.04,3020,0.0063824168318856915,0.01500004945116162,0,0.15533535830741926,5.3641844640673996e-05,0.00050908969731180964,7.6474225452968086e-07,2.183391520383078e-05,2.7423061073101103,1.2022775715802423,-0.19599248020173349,0.052338013914632768,1.7800469986159706,0.66597893033930522,0.054555476071439603,1.7800377240471819,0.6659602529816635,0.054604898598507333
6.0600000000000005,3030,0.0063827975470814539,0.015000100054924255,0,0.15385985699723281,5.0891606469055772e-05,0.00053199621750232981,7.6576817591874922e-07,2.206637408534863e-05,2.7424305726817111,1.2023018764469973,-0.19597155603872246,0.052326879631698707,1.7797428492268026,0.66545597355784614,0.056053692741318627,1.7797338148393482,0.66543837649408599,0.056100582812755415
6.0800000000000001,3040,0.0063831816461863682,0.015000163722741959,0,0.1523779039862232,4.8232043685627606e-05,0.00055357461275777902,7.7716221708996919e-07,2.1900583802360337e-05,2.7425554162611614,1.2023261758355552,-0.1959506448366912,0.052315748737414354,1.7794367015039572,0.66493003229583336,0.057561087870664204,1.7794280334870516,0.66491328513788484,0.057605480755473192
6.1000000000000005,3050,0.0063835688346348986,0.01500020905869376,0,0.15089004525284239,4.543112126231368e-05,0.00057533195484694175,7.8934464682287659e-07,2.183391520383078e-05,2.7426806652044404,1.2023504806040051,-0.19592971514380358,0.05230460990017969,1.779128384335295,0.66440098720212737,0.059076986102338205,1.7791205273484658,0.66438523195826027,0.059118867205807502
6.1200000000000001,3060,0.0063839589614286228,0.015000247995023393,0,0.14939719630289736,4.2612101915943503e-05,0.00059637173968637579,8.0277099639788472e-07,2.2132342465963256e-05,2.7428062318407904,1.2023747874299646,-0.19590877891334593,0.052293467833884423,1.7788184131068208,0.66386923384589058,0.060600649040287856,1.7788114450716257,0.6638544722153763,0.06064001059487828
6.1400000000000006,3070,0.0063843515529957654,0.015000273411961805,0,0.14790012446918599,3.9713089914622342e-05,0.00061684422150382035,8.1287064514220837e-07,2.1598954627055457e-05,2.7429320347695558,1.202399098342003,-0.19588782901313645,0.052282319794228878,1.778506778385599,0.6633349417563259,0.062131351042432538,1.7785009364801017,0.66332126318804085,0.062168173568424086
6.1600000000000001,3080,0.0063847465458464481,0.015000294536418813,0,0.14639973961290054,3.6828831599870875e-05,0.00063597369104364935,8.2228547201985517e-07,2.2296409518597789e-05,2.7430580344001743,1.202423410756075,-0.1958668746862362,0.052271169429032129,1.7781938975659861,0.66279848606650382,0.063668342137745804,1.7781891524586764,0.66278586397738781,0.063702613549446785
6.1799999999999997,3090,0.0063851414113167589,0.015000417727157796,0,0.14489745818120039,3.4216064746328442e-05,0.0006590291992947967,8.9414776220602835e-07,2.1699963539503996e-05,2.743183387419899,1.2024476846558645,-0.19584602250541414,0.052260059667456026,1.7778799488031805,0.66226112507358259,0.065210983971699804,1.7778762448390195,0.66224853531055716,0.065242583300856971
6.2000000000000002,3100,0.0063855395280898748,0.015000493432010702,0,0.14339321050861481,3.1489732593491529e-05,0.00067854973143456664,9.4580370804490039e-07,2.2263692832568247e-05,2.7433093183704189,1.2024719773261943,-0.19582512260697113,0.052248931081665929,1.7775651955260998,0.66172157375206575,0.06675836993278704,1.7775623662853643,0.66170953934437637,0.066787331488118828
6.2199999999999998,3110,0.0063859404984709092,0.015000482839428859,0,0.14188776576074294,2.85505881977162e-05,0.00069508396722401809,9.4002652059391574e-07,2.206637408534863e-05,2.7434359671012731,1.2024962987478289,-0.19580413613911321,0.052237766534206261,1.7772489415823269,0.66117987951938906,0.068309680317349061,1.7772476701801829,0.66116913946904154,0.06833610324189493
6.2400000000000002,3120,0.0063863433029996775,0.015000476718716863,0,0.1403823943880784,2.5695886517107032e-05,0.00070848810174470192,9.3762456808510384e-07,2.1767042412140833e-05,2.7435627587970646,1.2025206190689171,-0.19578315402117191,0.052226602924120062,1.7769322700824286,0.66063713013883785,0.069864277453226306,1.7769323105098622,0.66062760011179789,0.069888140720692021
6.2599999999999998,3130,0.0063867478180067465,0.015000460277550368,0,0.13887789862119815,2.290573559005384e-05,0.00072110876557509847,9.2927988778616943e-07,2.1666346224911465e-05,2.7436897930107453,1.202544941856126,-0.19576216144584149,0.052215433923377422,1.7766148930098955,0.66009350194143357,0.07142139686455759,1.7766164417503794,0.66008518654062154,0.071442683673505161
6.2800000000000002,3140,0.0063871540646076334,0.015000434642861386,0,0.13737387104350929,2.0139674368716967e-05,0.00073174029997177359,9.1421624512417442e-07,2.1933842111273517e-05,2.7438170341223955,1.2025692687576479,-0.19574115952388885,0.052204261798038935,1.7762972546616373,0.65954917459108919,0.072980323779707257,1.7763002187529777,0.6595421646678995,0.072998970002463581
6.2999999999999998,3150,0.0063875617096295495,0.015000416064195235,0,0.13586906123691922,1.7619193107090409e-05,0.00074193273726391436,9.0587658961742272e-07,2.1733528855063329e-05,2.743944444246059,1.2025935917979971,-0.19572016455642338,0.052193090870215522,1.7759793041233922,0.65900466237808686,0.074540239579298978,1.7759837966298424,0.65899880085411167,0.074556236325475256
6.3200000000000003,3160,0.0063879712082224455,0.01500039404211654,0,0.13436445016336185,1.5261212909562419e-05,0.00075017024389485004,8.9508571973998893e-07,2.1800504449438904e-05,2.7440721295028863,1.2026179174273812,-0.19569916600230564,0.052181918294441847,1.7756616337657063,0.65846009713363118,0.076100375899603806,1.7756673306397763,0.6584553617115112,0.076113718538872208
6.3399999999999999,3170,0.0063883824731907068,0.015000359914277546,0,0.13286129319078424,1.3279313305176988e-05,0.00075696651927470101,8.7847838437094249e-07,2.1867274910380131e-05,2.7442001882515581,1.2026422465994777,-0.19567815519775689,0.052170739774661766,1.7753439605325916,0.65791566095637377,0.077659950007009843,1.7753509760738755,0.65791211390780568,0.077670652380055411
6.3600000000000003,3180,0.0063887946238415042,0.015000345559622281,0,0.13136236805436732,1.2375931886636367e-05,0.00076466667451003051,8.7929995098660748e-07,2.1933842111273517e-05,2.7443284675457571,1.2026665638164638,-0.19565716412312018,0.052159565463092222,1.7750258981261167,0.65737200032449572,0.079218200549453277,1.775034888141205,0.65736932396983816,0.079226273990139914
6.3799999999999999,3190,0.0063892092400366918,0.015000318031685902,0,0.12986904826054985,1.1738376226780609e-05,0.00076747365218400576,8.7083574394407629e-07,2.1800504449438904e-05,2.7444572609568114,1.2026908895454234,-0.19563615968492645,0.052148386247492552,1.7747089595046437,0.65682894580811513,0.080774377568303191,1.7747192218544749,0.65682725808726838,0.080779820476599845
6.4000000000000004,3200,0.006389626212600333,0.015000255539655592,0,0.12838203870789264,1.1885271101993785e-05,0.00076851769762483575,8.4574043559898405e-07,2.2033315828455735e-05,2.7445867203390031,1.2027152281934816,-0.19561512008177948,0.052137193460160616,1.7743925933704379,0.65628652913463748,0.082327701857621852,1.7744041319157153,0.6562861819162531,0.082330530475913752
6.4199999999999999,3210,0.0063900448186897064,0.015000182992416315,0,0.12690239499304198,1.3397548903544026e-05,0.00077049559434176835,8.2510022035735092e-07,2.1699963539503996e-05,2.7447167340999363,1.2027395671898971,-0.19559407030822323,0.052125994866310449,1.7740764165670737,0.65574533136617374,0.083877417179317529,1.7740897726019529,0.65574636038312795,0.083877644716209218
6.4400000000000004,3220,0.0063904653489160884,0.015000110195706967,0,0.12543097270409514,1.5541006692024738e-05,0.0007714580748413956,8.1334172827079471e-07,2.183391520383078e-05,2.7448473179575061,1.2027639057078139,-0.1955730201630986,0.05211479489772225,1.7737611149004018,0.65520573659904169,0.085422777328895264,1.7737762976508864,0.65520805748808764,0.085420406579908195
6.46,3230,0.0063908880101822812,0.015000046872909067,0,0.12396855005897731,1.7597037412278856e-05,0.00076916618947741493,8.09860215945526e-07,2.1933842111273517e-05,2.744978455555366,1.2027882432238577,-0.19555197935535096,0.052103598869418753,1.7734473515624867,0.6546680617599604,0.086963067791465495,1.7734638601465615,0.65467153610886775,0.086958062666371946
6.4800000000000004,3240,0.0063913127592967476,0.014999992579985827,0,0.12251588505936997,1.9730928366761591e-05,0.00076678190219474493,8.125149069776265e-07,2.1733528855063329e-05,2.7451102043292344,1.2028125783446253,-0.19553094745813326,0.052092406940950305,1.773135012943087,0.65413248788759837,0.088497523924569929,1.7731526124050483,0.65413705780442477,0.088489863354546394
6.5,3250,0.0063917396741397228,0.014999941820345234,0,0.12107375591103622,2.213057653791002e-05,0.00076551556180565379,8.2024289189278231e-07,2.1867274910380131e-05,2.7452426777785517,1.2028369115251181,-0.1955099189809032,0.052081216249272796,1.7728239594693054,0.65359922024037564,0.090025372231798295,1.7728427058601148,0.65360488261861827,0.090015063365606662
6.5200000000000005,3260,0.0063921689701950052,0.014999894821347082,0,0.11964293911683743,2.460456823232375e-05,0.0007632908296344149,8.3156610030398198e-07,2.206637408534863e-05,2.745375948835477,1.2028612437888073,-0.19548889413702819,0.052070026825233706,1.7725144818849135,0.65306854781105195,0.09154587658905454,1.7725342909489048,0.65307526888389089,0.091532922325602714
6.54,3270,0.0063926007683035241,0.014999852731304667,0,0.11822418503055704,2.7087195207683419e-05,0.00076003311703037358,8.4508573628541759e-07,2.1632676668865267e-05,2.745510074069037,1.2028855749625691,-0.19546787407400673,0.052058839368963022,1.7722067710442104,0.65254072804512497,0.093058304586072338,1.7722275169976125,0.65254847302494978,0.093042705328103714
6.5600000000000005,3280,0.0063930351772507991,0.014999815943824503,0,0.11681823200058525,2.9561898630902211e-05,0.00075589784085353258,8.5956585693222097e-07,2.2230927998283902e-05,2.7456451148182972,1.2029099049673233,-0.19544685918525642,0.052047654172130718,1.7719009740735461,0.65201601058345504,0.094561926050919093,1.7719225321071577,0.65202474936244759,0.094543683496843944
6.5800000000000001,3290,0.0063934723059073358,0.014999784331314927,0,0.11542580637544575,3.202852349849027e-05,0.0007509491311969822,8.7409597923601784e-07,2.1531352099333316e-05,2.7457811361056454,1.202934233835051,-0.19542584934279433,0.052036471230446787,1.7715972213682862,0.6514946424928425,0.096056015407146783,1.7716194830388632,0.65150434991666351,0.096035134548367124
6.6000000000000005,3300,0.0063939122641755927,0.014999757527749975,0,0.11404762054647252,3.4490432147693359e-05,0.00074523925327359413,8.8807506182729695e-07,2.1867274910380131e-05,2.7459182042441732,1.2029585616506349,-0.19540484418009776,0.052025290401233347,1.771295638774449,0.65097686915649511,0.097539853638436938,1.7713185151001285,0.650987524211184,0.097516343354671853
6.6200000000000001,3310,0.0063943551621112706,0.014999735094780477,0,0.11268437127862696,3.6950027458137947e-05,0.00073879594492543899,9.0113560775133414e-07,2.2132342465963256e-05,2.7460563853228663,1.2029828885150533,-0.19538384325831648,0.052014111496877673,1.7709963524843169,0.65046293424002777,0.099012729521875939,1.7710197720301075,0.65047451907658427,0.098986602505856586
6.6400000000000006,3320,0.0063948011089604972,0.014999716601329134,0,0.11133673840248998,3.9407687856182594e-05,0.00073167355429723448,9.130695108987436e-07,2.1531352099333316e-05,2.7461957444232961,1.2030072145276678,-0.19536284614590907,0.052002934329469612,1.7706994904942805,0.64995307942526481,0.10047394042776654,1.7707233958853825,0.64996557845410885,0.10044521287276463
6.6600000000000001,3330,0.0063952502123888165,0.014999701655192281,0,0.11000538371004967,4.1861956847900925e-05,0.00072387620398234364,9.2377247129933439e-07,2.2000207897163392e-05,2.7463363452702803,1.2030315397792419,-0.19534185245026206,0.051991758728560725,1.7704051825411253,0.64944754407103666,0.10192279291815191,1.7704295269256412,0.64946094319935266,0.10189148416962929
6.6799999999999997,3340,0.0063957025779003644,0.014999689911311837,0,0.10869094995507703,4.4310075640552227e-05,0.00071546639084374528,9.3320648918564469e-07,2.2132342465963256e-05,2.7464782500848961,1.203055864350107,-0.19532086182596506,0.051980584546006077,1.7701135594536568,0.64894656485839208,0.1033586032657251,1.7701383034993519,0.64896085088594213,0.10332473551671885
6.7000000000000002,3350,0.0063961583084102174,0.014999681069958077,0,0.10739405991146259,4.674850424680215e-05,0.00070644184656763894,9.4137574975061488e-07,2.1463536648682345e-05,2.7466215195336185,1.2030801883105171,-0.19529987397298487,0.051969411655228698,1.7698247523611064,0.6484503754477885,0.1047806979498111,1.7698498619294387,0.64846553560921627,0.10474429600298184
6.7199999999999998,3360,0.0063966175039402249,0.014999674871141932,0,0.10611531547105835,4.9173321833626065e-05,0.00069685400407536906,9.4831143954124291e-07,2.1967050066869309e-05,2.7467662127220565,1.2031045117218466,-0.19527888863107187,0.051958239948433273,1.7695388919471973,0.64795920616134517,0.106188414153494,1.7695643363989586,0.64797522778990757,0.10614950524869154
6.7400000000000002,3370,0.006397080261409325,0.01499967108819489,0,0.10485529677288238,5.1580496385740492e-05,0.00068671005204261999,9.5406225266257752e-07,2.2198114802541581e-05,2.7469123871982442,1.2031288346379596,-0.19525790557333556,0.051947069333368429,1.7692561078178135,0.6474732836917807,0.10758110027112415,1.7692818588367756,0.64749015397782284,0.10753971396809198
6.7599999999999998,3380,0.0063975466744942283,0.01499966952180741,0,0.10361456136171329,5.3966047782948013e-05,0.0006760539647776687,9.5868839920846283e-07,2.2296409518597789e-05,2.7470600989601799,1.2031531571065042,-0.19523692460027098,0.051935899730316079,1.7689765279926173,0.6469928308352878,0.1089581164284361,1.7690025588032379,0.64701053665552433,0.10891428453204205
6.7800000000000002,3390,0.0063980168335405346,0.014999669994966098,0,0.10239364337738333,5.6326134579342058e-05,0.00066487975585250423,9.6225775949829832e-07,2.2394272795856101e-05,2.7472094024580507,1.2031774791700076,-0.19521594553469532,0.051924731069533138,1.7687002785065646,0.64651806624394048,0.1103188350143299,1.7687265633758524,0.64653659404201114,0.1102725915306611
6.7999999999999998,3400,0.0063984908255085684,0.014999672348824737,0,0.10119305277784213,5.8657090810735252e-05,0.00065323894942852798,9.648433254313386e-07,2.2099382890764463e-05,2.7473603505932811,1.2032018008667926,-0.19519496821761179,0.051913563289188919,1.7684274830994264,0.64604920419312772,0.11166264122226086,1.7684539970349615,0.64606853989639934,0.11161402233597362
6.8200000000000003,3410,0.0063989690057761001,0.014999672412824702,0,0.10001333359037584,6.0776794937579103e-05,0.00063977219274557367,9.6413345962652522e-07,2.1632676668865267e-05,2.7475130395191791,1.2032261250781364,-0.19517398844763922,0.051902398329387298,1.7681585579317121,0.64558656269583758,0.11298891670433932,1.7681849815494177,0.64560658332160403,0.11293797766455499
6.8399999999999999,3420,0.0063994510312194953,0.014999679230195583,0,0.098854843451124025,6.2906161840300517e-05,0.00062645114046579523,9.6106063774807159e-07,2.2033315828455735e-05,2.7476674138098072,1.2032504473262435,-0.19515301530876958,0.051891235754844819,1.7678933146979274,0.64513020221352746,0.11429711497758241,1.7679196358622602,0.64515092856801926,0.11424387214017562
6.8600000000000003,3430,0.0063999371370917204,0.014999686355710418,0,0.097718067362405625,6.4995166908923881e-05,0.00061272997584226518,9.5688486314910653e-07,2.1867274910380131e-05,2.7478235835239402,1.2032747698395581,-0.19513204234043247,0.051880074229383982,1.767631882756667,0.64468036745291946,0.11558663270199326,1.7676580759763907,0.64470177483719993,0.11553113485644682
6.8799999999999999,3440,0.0064004272496472787,0.01499969685491704,0,0.096603375916804485,6.7114597879856187e-05,0.00059908877595640818,9.5248353370863546e-07,2.2000207897163392e-05,2.7479815607220757,1.2032990910671901,-0.19511107262271224,0.051868913096421422,1.7673742607858343,0.64423720026285103,0.11685692670542619,1.7674004148402482,0.64425931608554221,0.11679920993946535
6.9000000000000004,3450,0.0064009216195764305,0.014999705736866892,0,0.095511197000662823,6.9178573716381877e-05,0.00058499259412547766,9.4785253358118619e-07,2.2263692832568247e-05,2.7481414421028418,1.2033234130451365,-0.19509010114813391,0.051857752141845896,1.7671206594826636,0.64380095045940056,0.11810743131660496,1.7671467622334855,0.64382374082796501,0.1180475571104586
6.9199999999999999,3460,0.0064014201511260107,0.014999717446785172,0,0.094441836047278932,7.1252462052902627e-05,0.00057091352806314946,9.4339838022227774e-07,2.1933842111273517e-05,2.7483032237127261,1.2033477338896446,-0.19506913237786988,0.05184659125985408,1.7668710998207389,0.64337174639646932,0.11933764285801593,1.7668972246526449,0.64339523194159043,0.1192756522484299
6.9400000000000004,3470,0.0064019230871891191,0.014999727185079753,0,0.093395663428891718,7.3252484423867565e-05,0.0005564063224219218,9.3873736052445496e-07,2.2132342465963256e-05,2.748466997211569,1.203372055597641,-0.19504816149561771,0.051835430504307771,1.7666257915479222,0.64294982711209314,0.12054702930852258,1.7666519051968335,0.64297396646942528,0.12048298795280302
6.96,3480,0.0064024306463407715,0.014999731950575999,0,0.092373003770479939,7.5092107936852753e-05,0.00054095842039537554,9.3213972885908194e-07,2.2132342465963256e-05,2.7486328312256441,1.2033963799463934,-0.19502718548094622,0.051824271130567603,1.7663849952892772,0.64253542483499215,0.12173508900225526,1.766410903453399,0.64256011542404168,0.12166907410606793
6.9800000000000004,3490,0.0064029425678434546,0.014999739841187243,0,0.091374043108767622,7.6899540685100869e-05,0.00052556130964319522,9.2447496029870639e-07,2.2394272795856101e-05,2.7488006734143822,1.2034207034443749,-0.19500621246250063,0.051813113074026307,1.766148629722075,0.64212860272394678,0.12290138462665433,1.7661743153836063,0.64215384359125849,0.12283343843642534
7,3500,0.0064034589073021769,0.014999749269448278,0,0.090399024998457478,7.8684025906276128e-05,0.00051017672688625842,9.166432210351413e-07,2.2459278078588273e-05,2.7489705731554102,1.2034450264091912,-0.19498524085256769,0.051801955388552159,1.7659167347217573,0.64172951439205983,0.12404545274975019,1.7659422332083117,0.64175530933382186,0.1239756270804319
7.0200000000000005,3510,0.0064039797325058725,0.01499975929603437,0,0.08944816521089774,8.043594145033712e-05,0.00049479258205259306,9.090193554331266e-07,2.2198114802541581e-05,2.749142574410675,1.2034693490919333,-0.19496426971074152,0.051790797649424021,1.7656893931102033,0.64133831823682896,0.12516685071366657,1.7657147452936397,0.64136466439508644,0.12509520514564534
7.04,3520,0.0064045051015934286,0.014999769600580139,0,0.088521110006156201,8.214512105679784e-05,0.00047938610962812276,9.0170260792841589e-07,2.2000207897163392e-05,2.7493167135078949,1.2034936715944726,-0.19494329871607752,0.051779639739817335,1.7654666983076495,0.64095516481011927,0.12626515935364765,1.765491936036659,0.64098205370269656,0.12619175727326948
7.0600000000000005,3530,0.0064050350643863174,0.014999780116650695,0,0.087615379498382884,8.3803087972870264e-05,0.00046392994672112822,8.9469097082808222e-07,2.2198114802541581e-05,2.7494930223609302,1.2035179939537868,-0.19492232780182669,0.051768481663846795,1.7652487421196594,0.64058019624120055,0.12733998119363574,1.765273885751057,0.64060761517226672,0.1272648882007994
7.0800000000000001,3540,0.0064055696643465299,0.014999790855093904,0,0.086730868117138454,8.5402926838973713e-05,0.00044844171233217295,8.879581454210603e-07,2.2263692832568247e-05,2.7496715301597625,1.2035423161855316,-0.19490135697863381,0.051757323459109841,1.7650356107089773,0.64021354654915785,0.12839093977517435,1.7650606705528165,0.64024147951106336,0.12831422332466597
7.1000000000000005,3550,0.0064061089396513921,0.014999801838021496,0,0.085867825344636134,8.6938955497652408e-05,0.00043293143413205491,8.8148020322487742e-07,2.1933842111273517e-05,2.7498522639951894,1.2035666383005879,-0.1948803862684515,0.051746165164220204,1.764827383630198,0.63985534171646963,0.12941767983336447,1.7648523622458909,0.63988377002168495,0.12933940926288187
7.1200000000000001,3560,0.0064066529237461626,0.014999813079078718,0,0.085026479767185387,8.8406431228434221e-05,0.00041747174191447315,8.7524203643639341e-07,2.2588727439225648e-05,2.7500352490453834,1.2035909603101609,-0.19485941568478468,0.051735006809569641,1.7646241338832875,0.63950569964004644,0.13041986778639594,1.7646490282078806,0.63953460240574389,0.13034011441768564
7.1400000000000006,3570,0.0064072016456547956,0.014999824580180104,0,0.08420808821422196,8.9801307661351246e-05,0.00040198325326379054,8.6923710469535041e-07,2.2099382890764463e-05,2.7502205085863847,1.2036152822268078,-0.19483844522941873,0.051723848416295015,1.7644259282259691,0.63916473004406582,0.13139719231002642,1.7644507312757078,0.63919408456754667,0.13131602953818761
7.1600000000000001,3580,0.0064077551301732552,0.014999836333122282,0,0.083414630197064382,9.1120043153126561e-05,0.0003865134288374129,8.6346554258674842e-07,2.2394272795856101e-05,2.7504080639708115,1.2036396040642199,-0.19481747489402668,0.051712689997554594,1.7642328274870711,0.63883253437371867,0.1323493649265024,1.7642575296312932,0.6388623164177758,0.13226686828301409
7.1799999999999997,3590,0.0064083133979946161,0.01499984832205188,0,0.082646139968889532,9.2359456122586886e-05,0.00037113531564384112,8.5793219291900657e-07,2.2230927998283902e-05,2.7505979345843312,1.2036639258367927,-0.19479650466264137,0.051701531560133573,1.7640448868079233,0.6385092056717373,0.13327612059058966,1.7640694766872309,0.63853938967716972,0.13319236778295343
7.2000000000000002,3600,0.0064088764657868665,0.014999860525690582,0,0.081902585882207751,9.3516619242961247e-05,0.00035583007680712984,8.5264496456455556e-07,2.2426798989897964e-05,2.7507901377968778,1.2036882475592192,-0.1947755345138778,0.051690373105845532,1.7638621558025716,0.63819482843875819,0.13417721826987855,1.7638866209724646,0.63822538768020476,0.1340922892036
7.2199999999999998,3610,0.0064094443462349446,0.014999872919066227,0,0.081183909637162988,9.4588783721181685e-05,0.00034058613478885936,8.4761352401711047e-07,2.2813496432377448e-05,2.7509846889282219,1.2037125692461952,-0.19475456442266584,0.051679214632646894,1.7636846786470175,0.63788947847977717,0.1350524415199009,1.763709006017963,0.6379203851787757,0.13496641830799999
7.2400000000000002,3620,0.0064100170480550327,0.014999885474815476,0,0.08049002685701459,9.5573325926746856e-05,0.00032549721366697019,8.4284827433638378e-07,2.2263692832568247e-05,2.7511816011987391,1.2037368909122119,-0.19473359436155435,0.051668056135498609,1.7635124941120286,0.63759322273941732,0.13590159905521179,1.7635366702423958,0.63762444814587682,0.13581456601929665
7.2599999999999998,3630,0.0064105945759874343,0.014999898164121278,0,0.079820827710181508,9.6467710172773815e-05,0.00031049671110470496,8.3835954656482443e-07,2.2685329707937426e-05,2.7513808856913564,1.2037612125714248,-0.1947126243016454,0.051656897607037587,1.7633456355531285,0.63730611912858126,0.1367245253174893,1.7633696468378095,0.63733763357928264,0.13663656898337437
7.2800000000000002,3640,0.0064111767357524253,0.014999918983252857,0,0.079176055271703544,9.7351807412279692e-05,0.0002959505085915736,8.3328836865412413e-07,2.2426798989897964e-05,2.7515824543779273,1.2037855313511074,-0.19469166225152215,0.051645743314248503,1.7631841825871095,0.63702812676139697,0.13752115302309886,1.7632079636553029,0.63705998930522978,0.13743229013150443
7.2999999999999998,3650,0.0064117635815616279,0.01499994608123249,0,0.078555599420280425,9.8186441301192771e-05,0.00028176858703701714,8.2855188455800185e-07,2.2845425764212974e-05,2.7517863409061998,1.2038098480018056,-0.19467070635666142,0.051634592305980345,1.7630281535004375,0.63675932484091524,0.13829134165799872,1.7630516430907026,0.63679155378209673,0.1382016192429906
7.3200000000000003,3660,0.0064123552768140099,0.014999972433740955,0,0.077959394315095604,9.8890818688285415e-05,0.00026770399087083427,8.2506695681685002e-07,2.2263692832568247e-05,2.7519926358343731,1.2038341650595636,-0.1946497495816957,0.051623440839049947,1.762877515900098,0.63649982817438511,0.13903493757235055,1.7629007019702394,0.63653235590408597,0.1389444735078125
7.3399999999999999,3670,0.0064129518114799302,0.014999997459638259,0,0.077387234156342077,9.9467619040129217e-05,0.00025373601197567806,8.227791153879569e-07,2.2491710265994076e-05,2.752201345129047,1.2038584826640861,-0.19462879134510538,0.051612288582836896,1.7627322649185717,0.63624965164783032,0.13975188370880665,1.7627551514362232,0.63628241480490422,0.13966079808927287
7.3600000000000003,3680,0.0064135531636493126,0.015000021160050949,0,0.076838880972779022,9.9923747440822314e-05,0.00023993621910018293,8.2154888291492165e-07,2.2296409518597789e-05,2.7524124657964562,1.2038828007826043,-0.19460783164837236,0.051601135526038969,1.7625924040529228,0.63600879523382547,0.14044215809613142,1.7626149968327198,0.63604173966144395,0.14035056668664039
7.3799999999999999,3690,0.0064141593097650756,0.015000043611903992,0,0.076314078817938863,0.00010026234253892013,0.00022638368094818803,8.2122750920088394e-07,2.2394272795856101e-05,2.7526259927181811,1.2039071193792035,-0.19458687056868273,0.051589981708293139,1.7624579355787491,0.63577725267428953,0.1411057662341442,1.7624802375912252,0.63581032949746386,0.14101378209779666
7.4000000000000004,3700,0.0064147702233140003,0.015000064899655047,0,0.075812553832981966,0.00010048436004537711,0.00021308110403925085,8.2167599396655423e-07,2.2717439178655149e-05,2.7528419188553848,1.2039314384249054,-0.19456590819066605,0.051578827177095637,1.7623288566080089,0.63555500973110257,0.14174274184881747,1.7623508671163426,0.63558817298727044,0.14165047678188006
7.4199999999999999,3710,0.0064153858738235769,0.015000085101207358,0,0.075334013876167838,0.00010058975597954379,0.00019998725074600119,8.227704176752728e-07,2.2588727439225648e-05,2.7530602350324873,1.2039557578957558,-0.19454494459235772,0.05156767197669386,1.7622051577046336,0.63534204275420003,0.14235314801312074,1.7622268726714576,0.63537524825939862,0.14226071342193128
7.4400000000000004,3720,0.0064160062264853358,0.015000104284685045,0,0.074878148704845465,0.0001005779302912782,0.00018716930528265787,8.244017910584416e-07,2.2781522350186147e-05,2.7532809297977523,1.2039800777714018,-0.19452397984199166,0.051556516145279958,1.7620868224907771,0.63513831800118614,0.14293707797990413,1.7621082352644137,0.63517152270029276,0.14284458548753798
7.46,3730,0.0064166312420160659,0.015000122508281923,0,0.074444630359037395,0.00010044789080648482,0.00017469635872990695,8.2647414688579367e-07,2.3099271619960363e-05,2.7535039893310937,1.2040043980344624,-0.19450301399785735,0.051545359714812368,1.7619738275831252,0.63494379124916844,0.14349465588921664,1.7619949295331889,0.63497695275798782,0.14340221779748061
7.4800000000000004,3740,0.0064172608765756664,0.015000139821090832,0,0.074033113566679742,0.00010019834195305134,0.00016251778147010964,8.2890243119711616e-07,2.2491710265994076e-05,2.7537293973593724,1.2040287186701639,-0.19448204710913192,0.051534202711618703,1.761866142612494,0.63475840749001944,0.14402603743666545,1.7618869236315697,0.63479148374579031,0.14393376708237712
7.5,3750,0.0064178953944015737,0.015000147240528717,0,0.073643354926806515,9.9698913837664076e-05,0.00015009913757802799,8.2645714565135449e-07,2.262097403300073e-05,2.7539572388517906,1.2040530452658662,-0.19446107015422648,0.051523041575985848,1.7617638664015989,0.6345822413276635,0.14453135122268052,1.761784179114829,0.63461504964595916,0.144439422547327
7.5200000000000005,3760,0.0064185345718755409,0.015000148671486163,0,0.073274914349877984,9.9007984490865101e-05,0.0001377092164160081,8.2058527929530776e-07,2.2909150924997221e-05,2.7541874292747064,1.204077375727677,-0.19444008705117213,0.051511878053695434,1.7616669141530632,0.63441515193246989,0.14501084999504404,1.7616866508254003,0.63444757291338705,0.14491940643455797
7.54,3770,0.006419178031819483,0.01500015194040287,0,0.072927285399930902,9.8246836848265117e-05,0.00012591931209257907,8.1572224357601394e-07,2.2524095754713237e-05,2.7544198389937691,1.2041017051536014,-0.19441910566107087,0.051500715214555785,1.7615750973507585,0.63425691582360777,0.14546484319066269,1.7615942867785537,0.63428896427928105,0.14537397458607046
7.5600000000000005,3780,0.0064198257307998621,0.015000155987753819,0,0.072600071589657811,9.7405554222139746e-05,0.00011460937348835132,8.1163438559541386e-07,2.2877310533063834e-05,2.7546544535170931,1.2041260338648199,-0.19439812492339706,0.051489552443837135,1.7614883403202015,0.63410743962884486,0.14589361014915067,1.761507028048072,0.6341391225548435,0.14580341700628202
7.5800000000000001,3790,0.00642047762642293,0.01500016028151119,0,0.072292860559906857,9.6467292847611419e-05,0.00010383797119642726,8.0810687928264474e-07,2.2877310533063834e-05,2.7548912522137528,1.20415036211116,-0.19437714430460881,0.051478389483227631,1.7614065881751357,0.63396662598609199,0.14629746610803782,1.7614248086519266,0.633997934434954,0.14620805842467272
7.6000000000000005,3800,0.0064211336608566488,0.015000164680600381,0,0.072005216650604387,9.5420686767429673e-05,9.3432643984155914e-05,8.0504315120378698e-07,2.265317472408141e-05,2.7551302064490368,1.2041746899975532,-0.19435616366281719,0.0514672262847801,1.7613297812725173,0.63383435965656831,0.14667676575767336,1.7613475554379521,0.63386527430184891,0.14658825885843133
7.6200000000000001,3810,0.0064217937653239356,0.015000169158612679,0,0.071736685056702776,9.4257747891002535e-05,8.3730778956294053e-05,8.0239293857122329e-07,2.2877310533063834e-05,2.7553712826592855,1.2041990175774187,-0.19433518297112767,0.051456062855970847,1.761257849983161,0.63371050940082374,0.14703190128803964,1.7612751879695234,0.6337410040288034,0.14694441417509857
7.6400000000000006,3820,0.0064224578833772285,0.01500017308106147,0,0.071486802499181074,9.296018059474622e-05,7.4027640261299925e-05,7.9961954942047342e-07,2.265317472408141e-05,2.7556144466987389,1.2042233455810636,-0.1943142015912282,0.051444898809273755,1.7611907431480369,0.63359494658924653,0.14736330043500259,1.7612076184112302,0.63362497278381236,0.14727695665521354
7.6600000000000001,3830,0.0064231258992980874,0.015000176810496837,0,0.071255074783039218,9.1528731662763899e-05,6.4526312119639797e-05,7.9688691476789393e-07,2.2877310533063834e-05,2.7558596471669055,1.2042476737669761,-0.19429321988649723,0.051433734384861401,1.761128361905288,0.63348750357537442,0.14767143117023052,1.7611447514145542,0.63351701683327122,0.14758635555495725
7.6799999999999997,3840,0.0064237976672360643,0.015000181526921211,0,0.071040979453510927,8.9981591296906598e-05,5.5933578039788128e-05,7.9510873597335049e-07,2.2588727439225648e-05,2.7561068277995493,1.2042720008842556,-0.19427223904309446,0.051422570353918985,1.7610705539602181,0.63338797412790737,0.14795680026940503,1.761086484003543,0.63341695934565656,0.14787311766879999
7.7000000000000002,3850,0.0064244730548320955,0.015000189732445832,0,0.070843950189932253,8.8340541654148805e-05,4.8432374862386425e-05,7.9527720533390339e-07,2.2749503328951236e-05,2.7563559165747038,1.2042963262102573,-0.19425126156683656,0.051411407939883295,1.7610172489188207,0.63329614377248866,0.14821997553961713,1.7610327054604871,0.63332461019520769,0.14813778789214474
7.7199999999999998,3860,0.006425152019060458,0.015000199940694519,0,0.070663477645326073,8.6575148617929219e-05,4.1194025465722866e-05,7.9663261648082849e-07,2.2813496432377448e-05,2.756606884798007,1.2043206507315212,-0.19423028596625644,0.051400246334542425,1.7609683504467817,0.63321184528189334,0.14846152457636308,1.7609832972115957,0.63323976576560792,0.14838094978397146
7.7400000000000002,3870,0.006425834510151514,0.015000209513943857,0,0.070499050954213466,8.4651387362665788e-05,3.4384932021348602e-05,7.9806025443527695e-07,2.3099271619960363e-05,2.7568597107113448,1.204344975407712,-0.19420930959880733,0.051389084204454066,1.7609237076273379,0.63313489732081263,0.14868204148288255,1.7609381327126716,0.63316220875366436,0.14860322612948537
7.7599999999999998,3880,0.0064265204089111842,0.015000218323773306,0,0.070350090537111609,8.2569200874196483e-05,2.8470502914517292e-05,7.9948120148538686e-07,2.3004407680670755e-05,2.7571143364534065,1.2043693002666187,-0.19418833233599639,0.051377921471656381,1.7608831821136084,0.63306506653604966,0.14888218743212214,1.7608970773347876,0.63309170797299008,0.14880527950275765
7.7800000000000002,3890,0.0064272095884874104,0.015000226419296079,0,0.070215993824720629,8.0330098362734351e-05,2.2909150924997221e-05,8.0087578979304336e-07,2.262097403300073e-05,2.7573706986058868,1.2043936252948406,-0.19416735422700954,0.051366758160857826,1.760846633441421,0.63300210408474367,0.14906266625024064,1.7608599882499614,0.63302801815768484,0.14898781282937415
7.7999999999999998,3900,0.006427901916773354,0.015000233852571198,0,0.070096139794812301,7.7934141519680255e-05,1.835116892281229e-05,8.0222365839444617e-07,2.2588727439225648e-05,2.7576287305016516,1.2044179504863342,-0.19414637532389703,0.051355594303243012,1.7608139137290899,0.63294574861718589,0.1492242218638942,1.7608267143168328,0.63297087976601563,0.1491515699490788
7.8200000000000003,3910,0.0064285972554948504,0.015000240664402366,0,0.069989887590565764,7.5380576784122566e-05,1.5177012312529227e-05,8.0350352190080205e-07,2.2556434745889217e-05,2.7578883620833938,1.2044422758401947,-0.1941253956674151,0.051344429924577835,1.7607848662513208,0.63289572526503035,0.14936763902585909,1.7607970959663377,0.63292001878409798,0.14929733617841873
7.8399999999999999,3920,0.0064292954597128076,0.015000246886672669,0,0.069896575004653405,7.266826853805097e-05,1.3872179782028085e-05,8.0469520853827724e-07,2.2329078268013787e-05,2.7581495196767403,1.204466601357663,-0.1941044152893911,0.051333265045136689,1.7607593251982254,0.63285174493028507,0.14949374414887193,1.7607709650873851,0.63287514652957721,0.14942593887338956
7.8600000000000003,3930,0.0064299963775930526,0.015000252545578081,0,0.069815517197484134,6.9795857493585922e-05,1.4132468513860071e-05,8.0578061794962692e-07,2.2394272795856101e-05,2.7584121258427872,1.204490927040651,-0.19408343421596591,0.051322099681338225,1.7607371156813951,0.6328135039085141,0.14960340600157965,1.7607481449125322,0.63283595945530924,0.14953824799208026
7.8799999999999999,3940,0.00643069985025666,0.015000257663632542,0,0.069746005491992641,6.6761824358320735e-05,1.6903855776160324e-05,8.0674393208111913e-07,2.2524095754713237e-05,2.7586760992666717,1.204515252891168,-0.1940624524696018,0.051310933846988212,1.760718053742649,0.63278068362427187,0.14969753633896726,1.7607284499036604,0.63280213895304116,0.14963517665731896
7.9000000000000004,3950,0.0064314057116460982,0.015000262260670904,0,0.069687306171937274,6.3564530640577719e-05,1.9581033806511645e-05,8.0757147189376012e-07,2.3067693653563172e-05,2.7589413546599446,1.2045395789111646,-0.19404147007008615,0.051299767553968693,1.7607019463282869,0.6327529503938123,0.14977709050878629,1.7607116856376508,0.63277335115709288,0.14971768171931671
7.9199999999999999,3960,0.0064321137883912617,0.01500026635433742,0,0.069638659270872788,6.0202253730615082e-05,2.265317472408141e-05,8.0825146024736057e-07,2.2813496432377448e-05,2.759207802674112,1.2045639051024963,-0.19402048703501845,0.051288600812597757,1.7606885912352777,0.63272995519588515,0.14984306804684389,1.7606976486920602,0.63274924674803801,0.14978676431831361
7.9400000000000004,3970,0.006432823899672954,0.015000269960356687,0,0.069599277357588862,5.6673219535526759e-05,2.5613209387548028e-05,8.0877375698016331e-07,2.262097403300073e-05,2.7594753498115749,1.2045882314669643,-0.19399950338008071,0.051277433631837371,1.7606777770386872,0.63271133344826402,0.14989651326478062,1.7606861265307963,0.63272946075638414,0.14984347044722385
7.96,3980,0.0064335358570844015,0.015000273092724999,0,0.069568344327975734,5.2975634653859007e-05,2.8623708520629238e-05,8.0912964172613494e-07,2.2685329707937426e-05,2.7597438983408522,1.2046125580063367,-0.19397851911922856,0.0512662660194367,1.7606692830062616,0.63269670478978257,0.14993851583178772,1.7606768973897944,0.63271361236625545,0.14988889151427898
7.9800000000000004,3990,0.0064342494644919444,0.015000275763863397,0,0.069545014214202838,4.9107721717813031e-05,3.1624218414916112e-05,8.0931162523767327e-07,2.2524095754713237e-05,2.7600133462165926,1.2046368847223763,-0.19395753426484627,0.051255097982050309,1.7606628790036993,0.6326856728673379,0.14997021135140418,1.7606697301626917,0.6327013047190716,0.1499241649056765
8,4000,0.0064349645178960945,0.015000277984761468,0,0.069528410022653891,4.5067764452308286e-05,3.4150945850064256e-05,8.09313307921985e-07,2.2588727439225648e-05,2.7602835869969824,1.2046612116168529,-0.19393654882788669,0.051243929525332889,1.7606583253930124,0.63267782512704196,0.14999278193437052,1.7606643842865048,0.63269212471723046,0.14995047454822086
8.0199999999999996,4010,0.0064356808052939982,0.015000279765071928,0,0.069517622612685348,4.0854174779698417e-05,3.642322856422059e-05,8.0912924001851433e-07,2.2361699290911531e-05,2.7605545097669935,1.2046855386915669,-0.19391556281796943,0.051232760654022609,1.7606553729256276,0.63267273260867873,0.15000745676841751,1.7606606096273036,0.63268564282778816,0.14996905147197245
8.0400000000000009,4020,0.0064363981065442468,0.015000281113218477,0,0.069511709628921226,3.6465607226273066e-05,3.8599634368540649e-05,8.0875483306990726e-07,2.2717439178655149e-05,2.7608259990558421,1.2047098659483573,-0.19389457624348466,0.051221591372001753,1.7606537626315522,0.63266994974273494,0.15001551268570298,1.7606581463658886,0.63268141288614044,0.14998117437288896
8.0600000000000005,4030,0.0064371161495701198,0.01500028420947117,0,0.069509656563936151,3.1933145581714558e-05,4.0552001361957341e-05,8.0985169077709053e-07,2.2426798989897964e-05,2.7610979177422559,1.2047341921645793,-0.19387359129335593,0.051210422635736351,1.7606532065854748,0.63266897465158867,0.15001829329609645,1.7606567248834653,0.63267897189970401,0.1499881701754727
8.0800000000000001,4040,0.0064378347759378885,0.015000287458372979,0,0.069510481548198666,2.7232288865287074e-05,4.2190587695841327e-05,8.1130017027308115e-07,2.2524095754713237e-05,2.7613701721327533,1.2047585181438605,-0.19385260636684171,0.051199253690972779,1.7606534315334055,0.6326693560808121,0.15001715725716647,1.7606560656473207,0.63267783985159654,0.14999141459541596
8.0999999999999996,4050,0.0064385538278921564,0.015000288373939557,0,0.069513180689748544,2.2327920082224837e-05,4.3433505364170347e-05,8.1119627071378882e-07,2.265317472408141e-05,2.7616426662497919,1.204782845252123,-0.19383161896828741,0.051188083440089495,1.7606541686325179,0.63267064235973347,0.15001350615757239,1.7606558790964992,0.63267751950431839,0.14999233270224444
8.120000000000001,4060,0.0064392730436064194,0.015000287768696552,0,0.069516619007914948,1.7285805950042552e-05,4.4363380004134051e-05,8.0928946991586522e-07,2.2491710265994076e-05,2.7619152670135931,1.204807173280402,-0.19381062990683956,0.051176913791417054,1.7606550585828973,0.63267225444462982,0.15000883298838744,1.7606558727372605,0.63267748726412076,0.14999237838902463
8.1400000000000006,4070,0.0064399923312531042,0.015000281249145509,0,0.069519785246986709,1.2556966172379345e-05,4.5096708692589134e-05,8.0406780130310454e-07,2.2588727439225648e-05,2.7621879019789404,1.2048315036803445,-0.19378963478815189,0.051165740141371006,1.7606558619063701,0.63267372902055219,0.15000452050541171,1.7606559742633456,0.63267692320244751,0.14999237711307745
8.1600000000000001,4080,0.0064407112456818369,0.015000269393803641,0,0.069521582119148773,8.835172056718649e-06,4.6166976073106371e-05,7.9628193374243317e-07,2.262097403300073e-05,2.7624603200220115,1.2048558359169108,-0.1937686341941619,0.051154562649462422,1.7606566208356398,0.63267413252325955,0.15000118633840823,1.7606563765036307,0.63267468842378882,0.14999237205785093
8.1799999999999997,4090,0.0064414290536115078,0.015000257880876784,0,0.069520856922998614,6.8290962045420636e-06,4.7027352870733612e-05,7.8891508188155531e-07,2.265317472408141e-05,2.7627321323803451,1.2048801677685426,-0.19374763381232996,0.05114338554400754,1.7606575706050518,0.63267210109637639,0.14999873108272455,1.7606572820270909,0.63266965748934911,0.14999236067752333
8.1999999999999993,4100,0.0064421452654207581,0.015000245664473026,0,0.069516643105098141,7.2755042564435795e-06,4.7536104815232062e-05,7.8156200806302306e-07,2.2524095754713237e-05,2.763003056950335,1.2049044996512914,-0.1937266325968211,0.051132207828864663,1.7606589762953613,0.63266640854986267,0.14999689797635929,1.7606588874455673,0.63266073805715672,0.14999234050114033
8.2200000000000006,4110,0.0064428594733365952,0.015000230504339894,0,0.069508028570302,9.6055545954496548e-06,4.8175837656272991e-05,7.7302380185157886e-07,2.2132342465963256e-05,2.7632728484896636,1.2049288324211131,-0.19370562830319657,0.051121028371312383,1.7606610790125052,0.63265592616860788,0.14999549816749258,1.7606613834716198,0.63264687056064128,0.14999230913188774
8.2400000000000002,4120,0.0064435711186318885,0.015000217187632241,0,0.069494038701276184,1.2708092919819946e-05,4.8627637205868847e-05,7.6610309745250286e-07,2.2459278078588273e-05,2.763541187865858,1.2049531643966347,-0.19368462572871184,0.051109849273545581,1.7606641594009456,0.63263952187500305,0.1499944466657693,1.7606649549763811,0.63262702788721181,0.14999226424636472
8.2599999999999998,4130,0.0064442796923647435,0.015000209044837263,0,0.069473757390851931,1.6042349224121985e-05,4.9430471165479028e-05,7.6223963165759007e-07,2.2588727439225648e-05,2.763807781367805,1.2049774944821665,-0.19366362820825331,0.051098672397255969,1.7606684805384232,0.63261613684894125,0.14999367402953837,1.760669781047409,0.63260021505683384,0.14999220359385637
8.2799999999999994,4140,0.0064449848564338144,0.015000202599336232,0,0.069446386511263031,1.9449189587333093e-05,5.0104221259614112e-05,7.5932006135692307e-07,2.2459278078588273e-05,2.764072428983853,1.2050018239853308,-0.19364263225647382,0.051087496290053346,1.7606742064361889,0.63258480824494034,0.14999308255529559,1.7606760350465405,0.63256546890060739,0.14999212499560691
8.3000000000000007,4150,0.0064456862706455962,0.015000195205294484,0,0.069411138636537612,2.2871079731959962e-05,5.0883763298797202e-05,7.5604464487430952e-07,2.265317472408141e-05,2.7643349330694202,1.2050261538265157,-0.1936216352227296,0.051076319576838308,1.7606814818655614,0.63254459499757842,0.14999260072876844,1.7606838846677444,0.632521857739344,0.14999202634409251
8.3200000000000003,4160,0.0064463835603283462,0.015000186751358738,0,0.069367219208983505,2.626681078893093e-05,5.1665652088614376e-05,7.5242643864919757e-07,2.265317472408141e-05,2.7645950754195905,1.2050504840139695,-0.19360063699569469,0.051065142181437401,1.7606904776250221,0.63249457278383991,0.14999219017532378,1.7606934919949744,0.63246848106214504,0.14999190560229414
8.3399999999999999,4170,0.0064470763647228148,0.015000177365409135,0,0.069313859956264517,2.9610341703188107e-05,5.268551322556025e-05,7.4856258378809219e-07,2.265317472408141e-05,2.7648526440761918,1.2050748145030068,-0.19357963770340253,0.051053964177114532,1.760701364241537,0.63243385373841476,0.14999182408898507,1.7607050135600222,0.63240446920497873,0.14999176080297061
8.3599999999999994,4180,0.0064477643380416874,0.015000167187445268,0,0.069250322938759851,3.2885042737590411e-05,5.3808063818002549e-05,7.4454296877498955e-07,2.2426798989897964e-05,2.7651074355307141,1.2050991452548545,-0.1935586374859376,0.051042785649829413,1.7607143046551739,0.63236158611189053,0.14999148228934733,1.7607186004003716,0.63232898302925811,0.14999159004793139
8.3800000000000008,4190,0.0064484470712617582,0.015000159768753176,0,0.069175862148519174,3.6054970269230829e-05,5.51064428448689e-05,7.4184179494795684e-07,2.3036072399968081e-05,2.7653592110715994,1.2051234751271767,-0.19353763990067979,0.051031608387602463,1.7607295053283192,0.63227693436811838,0.14999117183834351,1.7607343981170505,0.63224121360041818,0.14999139150730958
8.4000000000000004,4200,0.0064491242446939089,0.01500015460365188,0,0.06908981092884714,3.9120585202364782e-05,5.6478272151438135e-05,7.4009888969269095e-07,2.2845425764212974e-05,2.7656077861792951,1.2051478043237738,-0.19351664444035563,0.051020432194228603,1.7607471012848641,0.63217912049647107,0.14999087418522769,1.7607525469324845,0.63214038186649413,0.14999116341883489
8.4199999999999999,4210,0.0064497956015044811,0.015000148903787038,0,0.068991554693633661,4.2099682613245935e-05,5.8031491522587755e-05,7.3815585275875817e-07,2.2394272795856101e-05,2.7658530126457261,1.2051721337507952,-0.19349564831160937,0.051009255675697918,1.7607671828824609,0.63206740700869013,0.14999055961850119,1.7607731817483505,0.63202573833669839,0.14999090408710641
8.4399999999999995,4220,0.0064504608511931696,0.015000142487396922,0,0.068880473931439284,4.4989244420325531e-05,5.9861649846042498e-05,7.35993371249631e-07,2.2459278078588273e-05,2.7660947205386646,1.2051964634425676,-0.19347465133273378,0.050998078709350254,1.760789875730701,0.6319410699654936,0.14999022017138672,1.7607964322034293,0.63189656275999839,0.14999061188286561
8.4600000000000009,4230,0.0064511197144579728,0.015000135423875264,0,0.0687559736620727,4.7785328221816687e-05,6.1637490508976989e-05,7.3366534339731957e-07,2.262097403300073e-05,2.7663327444516712,1.2052207933731676,-0.19345365357333286,0.050986901325385435,1.760815308767895,0.63179941463855804,0.14998985197518613,1.7608224227314588,0.63175216380369437,0.14999028524226934
8.4800000000000004,4240,0.0064517719246153012,0.015000127800714099,0,0.068617487956306955,5.0485389327130548e-05,6.3547376753469087e-05,7.3122177613323668e-07,2.2781522350186147e-05,2.7665669260306593,1.2052451235176174,-0.19343265512102642,0.050975723571757947,1.7608436058481771,0.63164177636377628,0.1499894520244551,1.760851272618988,0.63159187873199651,0.14998992266616262
8.5,4250,0.0064524172528574184,0.015000119413604828,0,0.068464363136453932,5.3086904190858443e-05,6.5635150526908095e-05,7.2865584445972409e-07,2.262097403300073e-05,2.7667971134770508,1.2052694539255013,-0.19341165577176139,0.050964545297595885,1.760874877794161,0.63146751932805112,0.14998925626433596,1.7608830960632289,0.63141507308460298,0.14998952271935162
8.5199999999999996,4260,0.0064530554622693019,0.015000113116887172,0,0.0682956946852733,5.5576998410590739e-05,6.7819943676646085e-05,7.2689728114838086e-07,2.2685329707937426e-05,2.7670231156238647,1.2052937836988951,-0.19339065838420985,0.050953367974139782,1.7609092828633368,0.63127602125031734,0.14999001287782074,1.7609180022299105,0.63122114035527743,0.14998908402987654
8.5400000000000009,4270,0.006453686408343956,0.015000108138123693,0,0.068110555945135348,5.8077465610846916e-05,7.0019850092252825e-05,7.2561783350761423e-07,2.2972699315936647e-05,2.7672447865727152,1.2053181130882571,-0.19336966218436774,0.050942191232417777,1.7609469092095198,0.63106670677923427,0.14999262810759631,1.7609560953111318,0.63100950167042624,0.14998860528828462
8.5600000000000005,4280,0.0064543099902535338,0.015000101873945199,0,0.067908116109208716,6.1003960019056166e-05,7.2092072381859472e-05,7.2403279576294241e-07,2.2491710265994076e-05,2.7674620125027078,1.2053424428942194,-0.1933486645650937,0.050931013707616206,1.7609878085462822,0.63083903525410157,0.14999789092655763,1.7609974745832153,0.63077960546767653,0.14998808524690299
8.5800000000000001,4290,0.0064549260684447062,0.015000094331189012,0,0.067687586919796233,6.5210386924848627e-05,7.42734003167226e-05,7.2219636342829743e-07,2.2749503328951236e-05,2.7676746589761771,1.2053667731052335,-0.19332766553328753,0.050919835399222423,1.7610320769594794,0.63059248008910518,0.15000650845984842,1.7610422344645595,0.63053092717445358,0.14998752271911153
8.5999999999999996,4300,0.0064555345058905488,0.015000085724503303,0,0.067448240469032666,7.2051265043338315e-05,7.6421087832738972e-05,7.2021381832098943e-07,2.262097403300073e-05,2.7678825967298422,1.2053911036620308,-0.19330666530397492,0.050908656416762697,1.7610798128308802,0.63032654125397247,0.15001911097680978,1.7610904645734922,0.63026296888655853,0.14998691657861599
8.620000000000001,4310,0.0064561351703000692,0.015000076247961904,0,0.067189407612265439,8.3139386885656735e-05,7.8510046086283029e-05,7.1817927736418919e-07,2.2877310533063834e-05,2.768085704008227,1.2054154345146453,-0.19328566407158543,0.050897476857291776,1.7611311080210024,0.63004074593637049,0.15003626061854602,1.7611422497861242,0.62997525904674567,0.14998626575872065
8.6400000000000006,4320,0.0064567279346354365,0.015000066057799058,0,0.066910474505145145,9.9882726388464071e-05,8.0562942629707274e-05,7.1617167300456399e-07,2.2394272795856101e-05,2.7682838665292544,1.2054397656234712,-0.19326466199263617,0.05088629679819201,1.7611860473923739,0.62973464788468059,0.15005845784936639,1.7611976702942025,0.62966735212330038,0.14998556925160147
8.6600000000000001,4330,0.0064573126154127978,0.015000058653031886,0,0.066610846664212936,0.0001231835268941163,8.251182315629879e-05,7.1480601938754843e-07,2.2845425764212974e-05,2.7684769355928864,1.2054640960113499,-0.1932436625700274,0.050875118187981572,1.7612447809607465,0.62940781930531364,0.15008616673926936,1.7612568016629622,0.62933882828861665,0.14998482610757885
8.6799999999999997,4340,0.0064578890908904571,0.015000053408641493,0,0.066290024014417775,0.00015348603822778028,8.4510654024530513e-05,7.1383990142446087e-07,2.2717439178655149e-05,2.7686648137719478,1.2054884258737717,-0.19322266517765452,0.050863940701256237,1.7613073596496396,0.62905986902317423,0.15011977176241539,1.7613197148889816,0.62898929309777452,0.14998403543439068
8.7000000000000011,4350,0.0064584572869361241,0.015000047513946853,0,0.065947574485073962,0.0001909719807674631,8.6336738666459103e-05,7.1280349650101433e-07,2.2426798989897964e-05,2.7688474376661381,1.2055127559975074,-0.19320166700179336,0.050852762753794231,1.7613737832709766,0.62869043473686814,0.15015959618978195,1.761386476458034,0.62861837716711766,0.1499831963964651
8.7200000000000006,4360,0.0064590171684513796,0.015000037247271588,0,0.065583117580390204,0.0002357238341736952,8.8232456663531132e-05,7.1126065562312781e-07,2.2556434745889217e-05,2.7690247667682595,1.2055370874129725,-0.19318066431696643,0.050841582243907953,1.7614440339114126,0.62829917962380433,0.15020591444982836,1.7614571484029411,0.62822573585283137,0.14998230821419356
8.7400000000000002,4370,0.006459568647324547,0.015000023458274709,0,0.06519626704137535,0.00028782203207116525,9.0112562669350153e-05,7.0959553429422859e-07,2.3036072399968081e-05,2.7691967178921191,1.2055614198564792,-0.19315965797431042,0.050830399611987667,1.7615181973176404,0.62788577932321132,0.15025898891965409,1.7615317883614263,0.62781104892951956,0.1499813701632037
8.7599999999999998,4380,0.0064601115979972612,0.015000009382119005,0,0.064786659096489452,0.00034735991078294726,9.2001786102562306e-05,7.0830357349040561e-07,2.2940947124789083e-05,2.7693631849016032,1.2055857524239812,-0.19313865121245746,0.050819216681600422,1.7615964049528516,0.6274499302020623,0.150319054478632,1.7616104496339686,0.62737402026878275,0.14998038157363228
8.7799999999999994,4390,0.0064606459364855108,0.014999995385069156,0,0.064354005689097021,0.000414415715612779,9.3790833615344093e-05,7.0739514780001581e-07,2.2717439178655149e-05,2.7695240979101894,1.2056100850339198,-0.19311764439770784,0.050808033684450547,1.7616787157285418,0.6269913609568013,0.15038628738398255,1.7616931812416541,0.62691437751779566,0.14997934182939801
8.8000000000000007,4400,0.0064611715865826053,0.014999981503626423,0,0.063898065549237298,0.00048905489106728002,9.5592151601107429e-05,7.0685948243627845e-07,2.2781522350186147e-05,2.769679396622593,1.2056344176808622,-0.19309663756647349,0.050796850646765458,1.7617651709649447,0.6265098241244188,0.15046082407907782,1.761780027984031,0.62643187177788451,0.14997825036747461
8.8200000000000003,4410,0.0064616884793926013,0.014999967737362544,0,0.063418638276957651,0.00057132708041493995,9.752472158644985e-05,7.0668932224342431e-07,2.3004407680670755e-05,2.7698290271619208,1.2056587503646576,-0.19307563071828793,0.05078566756789691,1.7618558072575576,0.62600509511762259,0.15054276614606651,1.7618710304969614,0.62592627728310513,0.14997710667716363
8.8399999999999999,4420,0.0064621965533287968,0.014999954091943785,0,0.062915563268554325,0.00066126262454566489,9.9419732414144109e-05,7.068771618651367e-07,2.2877310533063834e-05,2.7699729416109462,1.205683083082713,-0.19305462385879582,0.050774484450653495,1.7619506582246933,0.62547697208719533,0.15063218218476793,1.7619662253104753,0.62539739107881986,0.14997591029936735
8.8599999999999994,4430,0.0064626957540250135,0.014999940579291651,0,0.062388719304533234,0.00075887008943216049,0.00010142313465697483,7.0741317024708673e-07,2.2717439178655149e-05,2.7701110979505703,1.2057074158308017,-0.19303361699989668,0.050763301302350419,1.7620497542712577,0.62492527569753509,0.15072910920828,1.7620656449066234,0.62484503270027592,0.14997466082586189
8.8800000000000008,4440,0.0064631860342871626,0.014999927213106397,0,0.061838024134990531,0.00086413486920530616,0.00010344411131146246,7.0828508073820101e-07,2.2749503328951236e-05,2.7702434600295236,1.2057317486043047,-0.19301261015526666,0.050752118131933713,1.7621531223172031,0.62434984882877231,0.15083355400112111,1.7621693177773303,0.62426904385118198,0.14997335789856986
8.9000000000000004,4450,0.0064636673540607783,0.014999914006378397,0,0.061263434050617245,0.00097701858798744635,0.0001055783547025958,7.094786604758983e-07,2.2588727439225648e-05,2.7703699974963643,1.2057560813988246,-0.19299160333787244,0.050740934948213717,1.7622607856825128,0.62375055625796527,0.15094549446623581,1.7622772684822481,0.62366928808228717,0.14997200120883347
8.9199999999999999,4460,0.0064641397907074264,0.014999894780374563,0,0.060665008792885201,0.0010974244189648238,0.00010769737802708251,7.1172869395918234e-07,2.2940947124789083e-05,2.7704907585125054,1.205780416019028,-0.1929705903610224,0.050729748445657467,1.7623726468956409,0.62312730612300871,0.15106484279181964,1.7623895177066087,0.62304565046995719,0.14997059049668734
8.9399999999999995,4470,0.006464603315567214,0.014999870818678486,0,0.060042758523733274,0.0012252772077907951,0.00011004079171485562,7.1556216326217157e-07,2.265317472408141e-05,2.7706057156088204,1.2058047520380599,-0.19294957251089981,0.050718559240002722,1.7624887539357386,0.62247999605036641,0.15119153576173844,1.7625060823190777,0.62239803729475307,0.14996912555013156
8.9600000000000009,4480,0.0064650578352765074,0.014999847562143166,0,0.059396690107261903,0.0013605019279015087,0.00011248447538550265,7.2038694059938653e-07,2.2909150924997221e-05,2.7707147984412717,1.2058290878706512,-0.19292855523525582,0.050707370263528978,1.762609233269818,0.62180853400294633,0.15132550926726801,1.7626269754296073,0.62172637572000788,0.14996760620440441
8.9800000000000004,4490,0.0064655033335910932,0.014999825562763776,0,0.058726907379066447,0.0015029701203774165,0.00011507905999081445,7.2587534192404076e-07,2.2717439178655149e-05,2.7708179943064857,1.2058534234004237,-0.19290753908604449,0.05069618187126667,1.7627341075293157,0.62111287069069943,0.15146664067177515,1.76275220644729,0.621030613470405,0.14996603234125552
9,4500,0.0064659398038486348,0.014999804781028067,0,0.058033559858474144,0.0016525268615538854,0.00011781457625474616,7.3185117448446997e-07,2.3099271619960363e-05,2.7709153018510104,1.2058777586488174,-0.19288652402345211,0.05068499405510242,1.7628633739932946,0.62039297795508197,0.15161477947848861,1.7628817811382107,0.62031071851055541,0.14996440388821852
9.0199999999999996,4510,0.0064663672468347911,0.01499978510155286,0,0.057316833371281371,0.00180899687717113,0.00012071163774172681,7.3820072129863634e-07,2.2940947124789083e-05,2.7710067254471209,1.2059020936477827,-0.19286550993189891,0.050673806751252159,1.7629970252482829,0.61964884659519648,0.15176975411399776,1.7630157016833008,0.61956667872357518,0.14996272081788417
9.0400000000000009,4520,0.0064667856706789569,0.014999766423354278,0,0.056576949327512956,0.0019721860245976146,0.00012372944709563926,7.4483395853736648e-07,2.3225154141253322e-05,2.7710922743358677,1.2059264284235018,-0.19284449671025122,0.050662619902822358,1.7631350526936111,0.61888048650718752,0.15193137357749664,1.7631539667361911,0.6187985015896631,0.14996098314717327
9.0600000000000005,4530,0.0064671950906371864,0.01499974866705414,0,0.055814165201949338,0.0021418820971524336,0.00012688236910818538,7.5167324526180272e-07,2.2813496432377448e-05,2.7711719625449183,1.2059507629963895,-0.19282348427900078,0.050651433466300869,1.7632774463151519,0.61808792665353418,0.15209942834546578,1.7632965714810644,0.6180062138646788,0.14995919093660937
9.0800000000000001,4540,0.0064675955913166957,0.014999727393641698,0,0.05502886484600434,0.0023178100037288081,0.00013031170404740079,7.6066148470127511e-07,2.2781522350186147e-05,2.7712458623705922,1.2059750986195328,-0.19280246819437694,0.050640244891554886,1.7634240806688701,0.61727126028222667,0.15227364306202779,1.7634435076905104,0.61718986125871955,0.14995734428959198
9.0999999999999996,4550,0.0064679871197315334,0.014999707057016561,0,0.054221339693014951,0.0024997460431749698,0.00013393637853334901,7.7013844523630595e-07,2.3225154141253322e-05,2.7713139430320859,1.2059994339506541,-0.19278145291663995,0.050629056529925054,1.763575030207533,0.61643054654105067,0.15245379753789023,1.7635947637833764,0.61634950811469824,0.1499554433516693
9.120000000000001,4560,0.0064683696551188158,0.014999690580973496,0,0.053391870599835155,0.0026874725999748309,0.00013783090741958619,7.7835912925086798e-07,2.3099271619960363e-05,2.771376184966118,1.2060237682014248,-0.19276044137182385,0.050617870165818611,1.7637303731731002,0.6155658206290856,0.1526396783994427,1.7637503248826225,0.61548523708692082,0.14995348830981114
9.1400000000000006,4570,0.0064687432768208595,0.014999675201653941,0,0.052540868533384306,0.002880709801123493,0.00014184980872421961,7.8632677563006707e-07,2.2972699315936647e-05,2.7714326447289417,1.2060481022234719,-0.19273943079173184,0.050606684388474189,1.7638900482186044,0.61467717529219923,0.15283100708216546,1.7639101728731741,0.61459714881966454,0.14995147939168199
9.1600000000000001,4580,0.0064691080335381543,0.014999660692551341,0,0.051668790139345479,0.0030791630343619081,0.00014605269974873785,7.9410063004991269e-07,2.2909150924997221e-05,2.7714833631293616,1.2060724360702861,-0.19271842094970532,0.050595499055334545,1.7640540190505534,0.61376473678599308,0.1530274899323118,1.7640742864597743,0.61368536162575438,0.14994941686491373
9.1799999999999997,4590,0.0064694639802175416,0.014999646988540807,0,0.050776126915916493,0.0032825276455858208,0.00015036599795153682,8.0166813113640555e-07,2.2781522350186147e-05,2.7715283833835511,1.2060967697532321,-0.19269741178062474,0.050584314119339814,1.7642222552356528,0.61282864729049402,0.15322882332264615,1.7642426412248384,0.61275001116514161,0.14994730103637874
9.2000000000000011,4600,0.0064698111781241888,0.01499963404394722,0,0.049863407981746551,0.0034904887630858366,0.00015497344016733437,8.0900823680374969e-07,2.2909150924997221e-05,2.7715677524319156,1.2061211032816348,-0.19267640323877805,0.050573129551230271,1.7643947260245036,0.61186906422704435,0.15343469342589627,1.7644152096863066,0.61179125012348101,0.14994513225146269
9.2200000000000006,4610,0.0064701496946157873,0.014999621819487597,0,0.048931202713352363,0.003702721499784655,0.0001596807808642505,8.1610111878891012e-07,2.2845425764212974e-05,2.7716015212222378,1.2061454366642885,-0.19265539528483289,0.050561945327939173,1.7645713986806186,0.61088616081062364,0.1536447763803751,1.7645919613554968,0.61080924789070867,0.14994291089333758
9.2400000000000002,4620,0.0064704797419316727,0.014999602455168003,0,0.047980233944691274,0.0039188325786415528,0.00016471415762117885,8.2771224950975935e-07,2.3130806476445511e-05,2.7716298412575089,1.2061697722097109,-0.19263438004907332,0.050550757096121689,1.7647520761600561,0.60988017350969037,0.15385867812192838,1.7647728627949577,0.60980419023961896,0.14994063738223448
9.2599999999999998,4630,0.0064708013938409503,0.014999577413946528,0,0.047011120690826323,0.0041384981790116918,0.00017001889846232765,8.4349678672892928e-07,2.2940947124789083e-05,2.7716527594297209,1.2061941094133883,-0.19261335899757254,0.050539565585472256,1.7649367633301412,0.60885128765270025,0.15407607667559814,1.7649578776763226,0.60877627900444309,0.14993831217471665
9.2799999999999994,4640,0.0064711146373806188,0.014999553633704081,0,0.04602381535786846,0.0043614257188396097,0.00017543750064847813,8.5920263300895736e-07,2.3036072399968081e-05,2.7716702604752195,1.2062184462393424,-0.1925923390767573,0.050528374659682608,1.7651255795171725,0.60779967764775089,0.15429668213129988,1.7651469668381625,0.6077257317594259,0.14993593576295233
9.3000000000000007,4650,0.0064714195553785252,0.014999531983412358,0,0.045016696278590333,0.0045872626241044668,0.00018104833336569706,8.7400697528565828e-07,2.3319120084582497e-05,2.7716824027980742,1.2062427824952258,-0.19257132115572162,0.050517184862216111,1.7653185047332718,0.60672557971285679,0.15452014283752066,1.7653400883438386,0.60665278149740365,0.14993350867398772
9.3200000000000003,4660,0.0064717162419629937,0.014999512428411792,0,0.04399001557797521,0.004815641069921499,0.00018677945002645705,8.8774134084746464e-07,2.3004407680670755e-05,2.7716892584284873,1.206267118207299,-0.19255030519941843,0.050505996188930702,1.7655154833536164,0.60562924940169405,0.15474609166602318,1.7655371975393561,0.6055576763083822,0.14993103146901982
9.3399999999999999,4670,0.0064720047980117643,0.014999494778892933,0,0.042944218005549657,0.0050461880268139791,0.00019266173697574506,9.0040509509639039e-07,2.2813496432377448e-05,2.7716909041644242,1.2062914534296465,-0.19252929101774643,0.050494808531070225,1.7657164541280874,0.60451095546327105,0.15497415632544106,1.7657382471112175,0.60444067905811361,0.1499285047426695
9.3599999999999994,4680,0.0064722853305809163,0.014999478852585667,0,0.041879760332014883,0.0052785273362762168,0.00019868176776310605,9.120298060211766e-07,2.2845425764212974e-05,2.7716874199738677,1.2063157882108411,-0.19250827842821081,0.050483621782086333,1.7659213562143852,0.60337097980308807,0.15520396145306423,1.7659431871442748,0.60330206706667433,0.14992592912225425
9.3800000000000008,4690,0.0064725579530526545,0.014999464490900578,0,0.040797111312985281,0.0055122803280077013,0.00020490567510049172,9.2265147138684832e-07,2.2813496432377448e-05,2.7716788889526383,1.2063401225951409,-0.19248726727198914,0.050472435853070576,1.7661301296268217,0.60220961803533679,0.15543512921467306,1.7661519651795836,0.60214213178704279,0.14992330526706121
9.4000000000000004,4700,0.0064728227842193002,0.014999451563923632,0,0.039698283386432227,0.0057470663499328443,0.00021121193543196254,9.3230307008753807e-07,2.3162298399097643e-05,2.7716653971612879,1.2063644566190304,-0.19246625741896339,0.050461250672504246,1.7663427140418095,0.60102717901654723,0.1556672798273773,1.7663645262722567,0.60096117848367714,0.14992063386762006
9.4199999999999999,4710,0.006473079947064345,0.014999439981202489,0,0.038586862490977987,0.0059825032300178209,0.00021767042412153791,9.410084374782442e-07,2.3287840231354886e-05,2.7716470333252774,1.2063887903035064,-0.19244524877860186,0.050450066184743105,1.7665590476514881,0.59982398398669456,0.15590003201973168,1.7665808130493155,0.59975952591109216,0.14991791564497595
9.4399999999999995,4720,0.0064733295697533078,0.014999429664180315,0,0.037463980879946422,0.006218208030883683,0.00022422248163174761,9.4879274295839709e-07,2.3225154141253322e-05,2.7716238891859093,1.2064131236662232,-0.19242424127229099,0.050438882340920414,1.7667790673131942,0.59860036713549614,0.15613300377416148,1.7668007657675449,0.59853750599243749,0.14991515134996239
9.4600000000000009,4730,0.0064735717861707778,0.014999420531474848,0,0.036330784135568672,0.0064537978060836875,0.00023093590772666102,9.5568700482024774e-07,2.3319120084582497e-05,2.771596059663521,1.206437456728594,-0.19240323481854443,0.050427699095540443,1.767002708712605,0.59735667582834073,0.15636581307814529,1.767024322371346,0.59729546349807505,0.14991234176247417
9.4800000000000004,4740,0.0064738067352026847,0.014999412509581884,0,0.035188493099099986,0.0066888901699174146,0.00023773265473241834,9.6172184752415181e-07,2.2877310533063834e-05,2.7715636425856873,1.2064617895107379,-0.19238222934375265,0.050416516408786097,1.7672299060470922,0.59609326993933065,0.15659807849715113,1.7672514185505883,0.59603375572415662,0.14990948769074031
9.5,4750,0.0064740345598312578,0.014999405546849601,0,0.034038409640650948,0.0069231039799576705,0.00024462067678192865,9.6691841994802428e-07,2.2813496432377448e-05,2.7715267383654756,1.2064861220247782,-0.19236122479621645,0.050405334250763774,1.7674605915334785,0.59481052105992593,0.15682941985964138,1.7674819877984647,0.59475275217120138,0.14990658997059703
9.5199999999999996,4760,0.0064742552115962552,0.014999441032463461,0,0.032884396660467441,0.0071544623035626762,0.00025088454926651854,9.3740591565669425e-07,2.3443822150653013e-05,2.7714855321199252,1.2065104417128254,-0.192340262618034,0.050394176482970003,1.7676946670152747,0.59351078878684604,0.15705784534325143,1.767715961469343,0.5934528342226737,0.14990364946476048
9.5400000000000009,4770,0.0064744876788719249,0.014999489480174284,0,0.031834891928723769,0.0073155383636358479,0.00026163112945905634,8.8885096500473669e-07,2.2940947124789083e-05,2.7714599508067561,1.2065347628946763,-0.19231931316145259,0.050383035743053958,1.7679051315673817,0.59227232130810648,0.15721474667870231,1.7679532688366197,0.59213439482356012,0.1499006670620999
9.5600000000000005,4780,0.0064747402812659807,0.014999522445439966,0,0.030947026823383461,0.0073732485680605055,0.00027748300244390578,8.5333772595647754e-07,2.2165253030559974e-05,2.7714599844830414,1.2065590899301089,-0.19229834803424201,0.050371885555461737,1.7680769924821671,0.59113390134489574,0.15726230275285694,1.7681938371505739,0.59079783815894804,0.14989764367691039
9.5800000000000001,4790,0.0064750048660658938,0.014999553319973971,0,0.030189015263611257,0.0073534887298554799,0.0002975153099269754,8.2567087590275491e-07,2.2588727439225648e-05,2.7714788169412241,1.2065834153448254,-0.19227738071880954,0.050360728657608857,1.7682179098312099,0.59006837287671199,0.15721818382876943,1.7684375916962192,0.58944357933260227,0.14989458024818586
9.5999999999999996,4800,0.0064752761038383965,0.01499957804814871,0,0.029540489634887174,0.0072772034624974053,0.00032259089019141259,8.0487355584767385e-07,2.3225154141253322e-05,2.7715119654288696,1.2066077423790651,-0.19225640712430864,0.050349566146690276,1.7683331424312432,0.58905708957516778,0.15709314104816566,1.7686844558511572,0.58807204404554303,0.14989147773889197
9.620000000000001,4810,0.0064755493650914334,0.014999599597970412,0,0.028985855215229582,0.0071635854771082887,0.00035216067219358141,7.8674046614111967e-07,2.3319120084582497e-05,2.7715557347657072,1.2066320704405273,-0.19223543021289644,0.050338401702576405,1.7684268060823805,0.58808485806601174,0.15689519249747882,1.7689343511434319,0.5866836682746237,0.149888337135239
9.6400000000000006,4820,0.0064758205428085101,0.014999619367554182,0,0.028512004745044187,0.0070308981560513123,0.00038546154578189009,7.6972154988339167e-07,2.3193747562800386e-05,2.7716068780869714,1.206656399135503,-0.19221445138396812,0.050327236650636369,1.7685024886191378,0.58713825963344668,0.15663108243873522,1.7691871973093811,0.58527889795110821,0.14988515944595487
9.6600000000000001,4830,0.0064760859158433876,0.014999637854127718,0,0.028107636998164834,0.0068963331423683352,0.00042180738620464374,7.5355565888512069e-07,2.2717439178655149e-05,2.7716624643743177,1.206680728257145,-0.19219347113857749,0.050316071143325689,1.7685634250035718,0.58620513050097867,0.15630672404116142,1.7694429123514905,0.58385818863924865,0.14988194570155794
9.6799999999999997,4840,0.0064763420844985171,0.014999655267187786,0,0.02775835120517086,0.006775552231519091,0.00046068980395729149,7.3835424312375927e-07,2.2909150924997221e-05,2.7717198215436087,1.2067050576673701,-0.19217248969023698,0.050304904999019337,1.7686125665486521,0.58527434958870816,0.15592738721679225,1.7697014125962471,0.58242200521486298,0.14987869695363001
9.7000000000000011,4850,0.0064765932302076768,0.014999672170097594,0,0.027451713931414198,0.0066943082655803732,0.0005050502316221693,7.2468519492143547e-07,2.2972699315936647e-05,2.7717803980473144,1.2067293873636946,-0.19215150762400354,0.050293737395339572,1.768650275477643,0.58435275000722409,0.15550161138243987,1.7699626127519921,0.58097082154391222,0.14987541427408926
9.7200000000000006,4860,0.0064768456887726823,0.014999687481490737,0,0.027188323204766829,0.0066841428840181648,0.00055747169682222723,7.1248415852213565e-07,2.2394272795856101e-05,2.7718468080349457,1.2067537174322547,-0.19213052384113166,0.050282568558209478,1.768676195985627,0.58345224446816379,0.1550387962300217,1.7702264259667733,0.5795051201610788,0.149872098754463
9.7400000000000002,4870,0.006477100057211106,0.014999700893830398,0,0.026968981950127702,0.0067658129137652878,0.00061851289886006547,7.010961410206941e-07,2.2296409518597789e-05,2.7719187409921249,1.2067780477645458,-0.19210953801325453,0.050271399252289406,1.7686915130587533,0.58257190921272528,0.15454431570698454,1.7704927638861994,0.57802539194834335,0.14986875150516088
9.7599999999999998,4880,0.0064773438788560045,0.014999711801259509,0,0.026791232066710677,0.0069260901870188451,0.00068369519781539786,6.8944682936538847e-07,2.206637408534863e-05,2.7719894728439107,1.20680237829877,-0.19208854950529208,0.050260230732328222,1.768700403928936,0.58168227007100104,0.15401249000982756,1.7707615367112934,0.57653213581356288,0.14986537365474753
9.7799999999999994,4890,0.0064775637525185158,0.01499972244735262,0,0.026642161100315025,0.0071396159055258264,0.00074926408585415411,6.7854692024359121e-07,2.2491710265994076e-05,2.7720518299175443,1.2068267087542692,-0.19206756061055577,0.050249061547154854,1.7687072290875374,0.58075185017596442,0.15343681397403741,1.7710326532563441,0.57502585836904807,0.14986196634921561
9.8000000000000007,4900,0.0064777557658236206,0.014999734463948415,0,0.026516888636280309,0.0073960198172358478,0.00081453585538141275,6.6943801975249259e-07,2.2459278078588273e-05,2.7721032042058442,1.206851038910669,-0.19204657300238892,0.050237890403539029,1.7687144017126133,0.57976950871906452,0.15281936257317391,1.7713060210067608,0.57350707361014064,0.14985853075125879
9.8200000000000003,4910,0.006477918878738915,0.014999747524019471,0,0.026412502868409349,0.0076885800946225732,0.00087915887682181383,6.6190954275088069e-07,2.2296409518597789e-05,2.7721422866837107,1.2068753687200027,-0.19202558634450778,0.050226717691185183,1.7687239388314211,0.57872991782321748,0.15216526834757266,1.7715815461769262,0.57197630259379195,0.14985506803954451
9.8399999999999999,4920,0.0064780616082746887,0.014999786235459582,0,0.026325935252316898,0.0080080067218604601,0.0009445360783604962,6.4384854934121813e-07,2.1733528855063329e-05,2.7721701409847865,1.2068996892638981,-0.19200462526853271,0.050215560853763351,1.7687381286525443,0.5776269043322283,0.15147966965044848,1.7718591337680489,0.57043407311713934,0.14985157940798702
9.8599999999999994,4930,0.006478197456700357,0.014999853739263899,0,0.026255300456155178,0.0083442451200228668,0.0010187469566810738,6.2060470834505821e-07,2.1497471115166028e-05,2.7721892884590935,1.2069240010648621,-0.19198369289000558,0.050204420792965783,1.7687592863860022,0.5764546549517241,0.15076708925038884,1.7721386876260175,0.56888091939608421,0.14984806606502027
9.8800000000000008,4940,0.0064783229556102297,0.014999905546867301,0,0.026196513832417452,0.0086869205007975864,0.0011023378341728,6.0880570805684624e-07,2.1497471115166028e-05,2.7721978366322526,1.2069483159923471,-0.19196274465120861,0.05019327307208097,1.7687889335637985,0.57520671625851416,0.15003305712640558,1.772420110499253,0.5673173817438697,0.14984452923287084
9.9000000000000004,4950,0.0064784408469522204,0.014999938966987451,0,0.026124581857195579,0.0090471424269940853,0.0011921749866810865,6.0426548374894878e-07,2.1429548445808714e-05,2.7721978937079745,1.2069726355599664,-0.19194177789133937,0.05018211487065833,1.7688271761241412,0.57390000444985223,0.14928769680193116,1.7727033040965621,0.56574400624965893,0.14984097014683082
9.9199999999999999,4960,0.0064785738465905881,0.014999954909430398,0,0.026056047801336225,0.0094836196307551239,0.0012947105063491539,6.0545177121925409e-07,2.1258792350482307e-05,2.7722029195935152,1.2069969634997944,-0.19192079353473837,0.050170939719652474,1.7688687126519242,0.57260577098298893,0.14854867745987599,1.7729881691449911,0.56416134445711097,0.14983739005453073
9.9399999999999995,4970,0.0064787261040562686,0.014999964888680219,0,0.026022638618484868,0.010002374259571652,0.0013952469131278467,6.0656982109255905e-07,2.0738089811501742e-05,2.7722157055180117,1.207021292809735,-0.19189980302681578,0.050159762008721027,1.7689130140970473,0.57134489222669704,0.14782768602042284,1.7732746054476785,0.56256995304295976,0.14983379021521254
9.9600000000000009,4980,0.0064788825762506497,0.014999985239286718,0,0.026003242541586598,0.010534236074851967,0.001478060472030207,6.0348414025455266e-07,2.063237243740307e-05,2.7722248111837113,1.2070456159559959,-0.19187882268815426,0.050148599459152919,1.7689673193338118,0.57005373023320549,0.14711957633932168,1.7735625119417076,0.5609703934955913,0.14983017189900247
9.9800000000000004,4990,0.0064790291727037557,0.015000042478624609,0,0.025986931319726736,0.011040014200080441,0.0015469030844177112,6.0323103156261105e-07,2.0702910668595484e-05,2.7722220450841748,1.207069928491046,-0.19185787912267432,0.050137464567371073,1.7690363190269813,0.56869509028383247,0.14641924989869642,1.7738517867559607,0.55936323179362157,0.14982653638618396
10,5000,0.0064791644325565287,0.015000115834883025,0,0.025976097748292418,0.011513475417096661,0.0016050976339467625,6.1950474343704085e-07,2.0702910668595484e-05,2.7722066483751702,1.2070942376294707,-0.19183695160784608,0.050126335092866632,1.7691207297841633,0.5672663400393434,0.14572842060828156,1.774142327268972,0.5577490380844734,0.14982288496647056
10.02,5010,0.0064792881640810835,0.015000172526455382,0,0.025970484948669728,0.0119470132306715,0.0016552832578028327,6.4199253461099703e-07,2.0561592220437957e-05,2.7721778707061508,1.2071185519274987,-0.19181600732042198,0.050115191357987546,1.769221756823196,0.56576337673393051,0.14505158930954326,1.7744340301667807,0.55612838636295459,0.1498192189382789
10.040000000000001,5020,0.0064793993591171981,0.015000232315708349,0,0.025956376374003172,0.012332067996942387,0.0016965038777778838,6.7044724866063736e-07,2.013168567464644e-05,2.7721342433518328,1.2071428664076957,-0.19179506598642054,0.050104053830764342,1.7693420401731639,0.56418156104948047,0.14439450386214361,1.7747267915007834,0.55450185414983522,0.14981553960800165
10.06,5030,0.0064795175569497768,0.015000260343160723,0,0.025915239449879265,0.01271543230163449,0.0017387519013264982,6.8640476215498175e-07,2.0022766828502049e-05,2.7720880758385098,1.207167187229145,-0.19177409279543528,0.050092897581157092,1.7694755114479073,0.56258183591541544,0.14376073933729686,1.7750205067455889,0.55287002217042602,0.14981184828928024
10.08,5040,0.0064796679151957869,0.01500029034311186,0,0.025900662828641251,0.013152995218643021,0.0017883026300648454,7.0945999612145869e-07,1.9167170820781278e-05,2.7720548481657454,1.2071915035676855,-0.19175312150373663,0.050081738246758101,1.7696154246076441,0.56103965754050211,0.14314826035163589,1.7753150708568699,0.5512334740331547,0.14980814630227798
10.1,5050,0.0064798149043975746,0.015000298160454444,0,0.02591043071912813,0.013572062353616647,0.0018284570770013399,7.1628096259795592e-07,2.005913882365416e-05,2.7720150558339292,1.207215826194572,-0.19173212771672921,0.05007057150825632,1.7697702143830103,0.55946916425773197,0.14255524813337198,1.775610378329217,0.54959279590814458,0.14980443497295298
10.120000000000001,5060,0.0064799371414623894,0.015000312866633246,0,0.025920876375693257,0.013909597652238684,0.0018583653829526694,7.2467393732982598e-07,2.013168567464644e-05,2.7719534179585987,1.2072401522551079,-0.1917111406447127,0.05005940979628995,1.7699485100376897,0.55779177489033027,0.14198452677947457,1.7759063232539913,0.54794857620579129,0.14980071563233091
10.140000000000001,5070,0.006480069928917846,0.015000356544445684,0,0.025932415944375634,0.01416629996737156,0.0018923649717273857,7.5704239356197254e-07,1.9692396034153755e-05,2.7718798298262479,1.2072644734983804,-0.1916901825624831,0.050048252026173447,1.7701513682481782,0.55601169445296317,0.14144387524118249,1.7762027993771783,0.54630140525534165,0.14979698961577806
10.16,5080,0.0064802761520821326,0.015000389052210737,0,0.025921221051084499,0.014364719044626618,0.0019464616127382835,7.8075936556670664e-07,1.9014441926092368e-05,2.7718156152511018,1.2072888016162084,-0.19166921325703029,0.050037081861693276,1.7703765445601203,0.55416114968083652,0.1409374232652488,1.7764997001572405,0.54465187498347001,0.14979325826227419
10.18,5090,0.0064805755365075655,0.015000426466785977,0,0.025934249748870923,0.014526569925547787,0.0020196729775493476,8.1024159348643333e-07,1.8151476701449225e-05,2.7717696959860536,1.2073131288894632,-0.1916482487882103,0.05002590768774226,1.7706215456368726,0.55227045760296956,0.14046453803690884,1.7767969188229704,0.54300057859285622,0.1497895229136855
10.200000000000001,5100,0.0064809532856373413,0.015000467024887394,0,0.025955248899484237,0.014616102047584395,0.0020864638382784898,8.4409326383195186e-07,1.7908907090463366e-05,2.7717329592782729,1.2073374556609378,-0.19162728740975921,0.050014728138415392,1.7708915133347403,0.55030114785312823,0.14003907298942836,1.7770943484313446,0.54134811024076357,0.14978578491403749
10.220000000000001,5110,0.006481398722996354,0.015000547083075825,0,0.025943274553345483,0.014638525431414331,0.0021413807254377715,9.1642592157905823e-07,1.6946922994434602e-05,2.7717031074569318,1.2073617705995396,-0.19160636563255878,0.050003554835341524,1.7711872723020112,0.54826319984963801,0.13966392786944401,1.777391881925376,0.53969506471761619,0.14978204560878797
10.24,5120,0.0064819031087131017,0.015000673293003428,0,0.02596086389672228,0.014623796755447614,0.0021884511931089196,1.0365255839879135e-06,1.578904266095767e-05,2.7716822910572616,1.2073860697071326,-0.19158549010028636,0.049992391488592212,1.7715061899440898,0.54619529990505034,0.13933093824362436,1.7776894121919675,0.5380420371255763,0.14977830634409989
10.26,5130,0.0064824631957581241,0.015000761647013782,0,0.025993955130532057,0.014528297869999637,0.002223067224416812,1.1205731069964705e-06,1.5696437506434581e-05,2.7716634770302431,1.2074103836663808,-0.191564576529833,0.049981212104695541,1.7718539500172452,0.54405112327544058,0.13906193093564415,1.7779868321197652,0.53638962255712241,0.14977456846611426
10.279999999999999,5140,0.006483074492569677,0.015000814638638279,0,0.026021866168551677,0.014318384700858585,0.0022511273436460022,1.1694599387863533e-06,1.4886052178675807e-05,2.7716402454220663,1.207434712159096,-0.19154362746140424,0.049970014530534533,1.7722353300957201,0.54179772258789627,0.1388806771746941,1.7782840346570108,0.53473841577362635,0.14977083332022317
10.300000000000001,5150,0.006483729511048076,0.015000930047578751,0,0.025992008168443617,0.014029367868033313,0.0023038619518707358,1.2829652988216604e-06,1.4489019236708837e-05,2.7716152322096477,1.2074590185541176,-0.1915227409394607,0.049958830032937183,1.7726486515009563,0.53948073024796472,0.13877722684592805,1.7785809128693961,0.53308901088393079,0.14976710225034259
10.32,5160,0.0064844310277226052,0.015000925439921197,0,0.025994685411726892,0.013749162255370781,0.0024092070309428572,1.2781924694118492e-06,1.3445240826417681e-05,2.7716025992579079,1.2074833606890398,-0.19150173387783048,0.049947611419109306,1.7730834277811327,0.53719525738070506,0.13870128577078997,1.7788773599979151,0.53144200102292838,0.14976337659818539
10.34,5170,0.0064851653972215579,0.015000923533217331,0,0.026036191622830107,0.013416996585513543,0.0025420926445395647,1.2788820423739852e-06,1.3976876963794299e-05,2.7715892209877002,1.2075077005595074,-0.19148072937030999,0.049936386422873007,1.7735485218202902,0.5348824452371107,0.13869050218151907,1.7791732695167177,0.52979797803013651,0.14975965770253419
10.359999999999999,5180,0.0064859285653451294,0.015000990401547282,0,0.026074344774024288,0.012959331522382938,0.0027382534732535522,1.347676830067171e-06,1.45392412910642e-05,2.7715625809278692,1.2075320208146354,-0.19145979370837829,0.049925176388641732,1.7740515763812947,0.53246720752977506,0.13880023931319066,1.7794685351909627,0.52815753212827776,0.14975594689851429
10.380000000000001,5190,0.0064867260733296114,0.015001037985451186,0,0.026109166124674739,0.012382721350167152,0.003048669205771997,1.3988564214993101e-06,1.6244151468458309e-05,2.771525128685334,1.2075563481338063,-0.19143883860096123,0.049913955323574108,1.7745913744342743,0.52996262734167865,0.13904045382920679,1.7797630511346707,0.52652125160185537,0.14975224551686661
10.4,5200,0.0064875516007247645,0.015001194374905569,0,0.026073665542397484,0.011723743612389521,0.0034788664387529014,1.5596696873030467e-06,1.6730478313215042e-05,2.7714793965634685,1.2075806343331219,-0.19141799250839003,0.04990276258519933,1.7751671227451409,0.52741105181625692,0.13939573010687953,1.7800567118685777,0.5248897224757324,0.14974855488322064
10.42,5210,0.006488400507133704,0.015001424700098119,0,0.026078316520871739,0.011078735203544002,0.003936286522622616,1.795422395155762e-06,1.7413633929712628e-05,2.7714383065267274,1.207604890109746,-0.19139722030267275,0.049891601588911989,1.7757705472797858,0.52489921178336751,0.13979013336150828,1.7803494123779886,0.52326352819370814,0.14974487631736727
10.44,5220,0.0064892782747068339,0.015001515593019477,0,0.026126997397343962,0.010395946575566282,0.0043795014716785131,1.8940240499929539e-06,1.8070981951380476e-05,2.7713958324453669,1.2076291928828513,-0.19137630811642301,0.049880389813536388,1.7764049448836579,0.52238007208271298,0.14027610541063237,1.7806410481706294,0.52164324929709638,0.1497412111325318
10.460000000000001,5230,0.0064901825916888756,0.01500155548139852,0,0.026170647746411237,0.0096200499336613586,0.0049419749268393917,1.9438864824593646e-06,1.9876613291913992e-05,2.771340527460644,1.2076535132900754,-0.19135534469217413,0.049869151626385139,1.7770730253171791,0.51979892390298588,0.14092823221589185,1.7809315153345009,0.52002946310330267,0.1497375606346468
10.48,5240,0.0064911093371719346,0.015001578259762664,0,0.026182338263835904,0.0087844882645857925,0.0056351320542971147,1.9819060059866796e-06,2.1190104635059971e-05,2.7712730601999813,1.2076778344668855,-0.19133436403591608,0.04985789992358633,1.7777720737245777,0.5171779491204086,0.14175115560996132,1.7812207105957321,0.51842274338440242,0.14973392612162506
10.5,5250,0.0064920544443620738,0.015001597558520645,0,0.026145006313974213,0.0080017120031096525,0.0063452677987311593,2.0102602232665196e-06,2.206637408534863e-05,2.7712047409219176,1.2077021598251512,-0.19131337944766566,0.049846677366982652,1.7784971945272348,0.51458902442782839,0.14266167046942799,1.7815085313764329,0.51682366004571767,0.14973030888263253
10.52,5260,0.0064930058118833501,0.015001508986374694,0,0.026168782267993553,0.0073281227775305272,0.0068422417214112213,1.931378291403515e-06,2.3067693653563172e-05,2.7711546787956736,1.2077265238488675,-0.19129228630066331,0.049835440343175622,1.7792143698999938,0.51216289138378035,0.14359334540337201,1.7817948758525477,0.51523277880439533,0.14972671019736117
10.540000000000001,5270,0.0064940001429223716,0.015001257829829411,0,0.026194900974329617,0.006708608381736602,0.0071218447739792743,1.7160388376316834e-06,2.3722005120437366e-05,2.7711381624751272,1.2077509357373639,-0.19127103008666438,0.049824142554413593,1.7798975595224922,0.50992834981049562,0.14458617324155695,1.7820796430117085,0.5136506608679845,0.14972313133530193
10.56,5280,0.0064950625357215437,0.015000981662771034,0,0.026202973048497058,0.0061365433926113969,0.0073765144840589559,1.5073500085965521e-06,2.4537638774785971e-05,2.7711589542207906,1.2077753520389611,-0.19124974869749628,0.049812836387286161,1.7805429351563622,0.50785787120018067,0.14565298110619432,1.7823627327110876,0.51207786261301447,0.14971957355501767
10.58,5290,0.0064961856016874991,0.015000750993528888,0,0.026157326105955503,0.0056359501928865659,0.0076119070380914694,1.3623483588457778e-06,2.5269392327350655e-05,2.7712165397554056,1.2077997539506469,-0.19122851271894972,0.049801553963008102,1.7811500161790357,0.50595126408918722,0.14676566258935925,1.7826440457352515,0.5105149352635715,0.14971603810341602
10.6,5300,0.0064973443416087495,0.01500061267603151,0,0.026092904641986707,0.0052370596564342738,0.0077118776621000577,1.2865102134884178e-06,2.5527689251010868e-05,2.7713118611833374,1.2078241271837689,-0.19120736898514931,0.049790320612626206,1.7817182364458071,0.50422982169951536,0.14782132485041163,1.7829234838540133,0.50896242456987728,0.1497125262150224
10.620000000000001,5310,0.0064985374295376246,0.015000529648465823,0,0.026076178099244611,0.0049238963931873062,0.0076128126029738107,1.2502317023786245e-06,2.5783398697588023e-05,2.7714436755215783,1.2078484833396166,-0.19118628062808335,0.049779103965518913,1.7822478149406265,0.502675025149244,0.14880724007099153,1.7832009498802868,0.50742087048686568,0.14970903911125286
10.640000000000001,5320,0.0064997691659596235,0.015000452183886306,0,0.026062028074653951,0.0047062215656087699,0.0074704478878126054,1.2282826656299467e-06,2.6398040527968538e-05,2.7716053473854831,1.2078728373504988,-0.19116519784453251,0.04976788132881578,1.7827383442171287,0.50124357020891752,0.14978962452695255,1.7834763477279387,0.50589080685276167,0.14970557799968695
10.66,5330,0.0065009834696487636,0.015000386240866651,0,0.02604074904960911,0.0046141169668206285,0.0072896159929909093,1.2117551472381874e-06,2.675460164403775e-05,2.7717790581183506,1.2078971856366698,-0.19114412637547776,0.049756668711852345,1.7831860037675862,0.49992034643696709,0.15077380558077191,1.7837495824696425,0.50437276106765694,0.14970214407334084
10.68,5340,0.0065021257450562676,0.015000331475061388,0,0.026014497512505667,0.0046588937043608395,0.0069657971311651691,1.1918507108162667e-06,2.6890481652835544e-05,2.7719487552530859,1.2079215277273982,-0.19112306583355571,0.049745473522877864,1.7835914694288109,0.49870302655868781,0.15174333705407092,1.7840205603947314,0.50286725377208963,0.14969873850994003
10.700000000000001,5350,0.0065031775052053773,0.015000283600927892,0,0.025965461642401301,0.0048301104074322211,0.0064797714368955428,1.1662021107704057e-06,2.6727342745830154e-05,2.7721075545479024,1.2079458654992647,-0.19110201198618409,0.049734292894462767,1.7839627973232257,0.49758723986580272,0.15267493196626897,1.7842891890670514,0.50137479852561995,0.14969536247119236
10.720000000000001,5360,0.006504131897132461,0.015000241943140745,0,0.025934287444522273,0.0051028313693687608,0.0058673496661812543,1.1370027857022622e-06,2.606457820835509e-05,2.7722510820473474,1.207970199965553,-0.19108096421211995,0.04972312217803667,1.7843081209387412,0.49656014197385867,0.15354564665303957,1.7845553773828147,0.49989590148540958,0.14969201710206095
10.74,5370,0.0065049910507326975,0.015000205185329149,0,0.025917268136391884,0.0054709402283941869,0.0051930473070373922,1.1106324346545929e-06,2.5811654485461626e-05,2.7723761917239518,1.2079945323596575,-0.19105992127921984,0.049711952188569337,1.7846329763431008,0.49561335942675983,0.15437454670830145,1.7848190356284523,0.49843106108479773,0.14968870353003708
10.76,5380,0.0065057784512733358,0.015000174370314475,0,0.025898296291106279,0.00593275340762654,0.0045230557208907713,1.0843796594439272e-06,2.5269392327350655e-05,2.7724880218342829,1.2080188630633761,-0.19103888419804843,0.04970078597750574,1.7849411699347961,0.49474300217671474,0.15517820664302662,1.7850800755384686,0.49698076771187977,0.14968542286441305
10.779999999999999,5390,0.0065065158924506577,0.015000152530737719,0,0.026000867600234977,0.0064035836950726869,0.0039056836393800724,1.0438232474730855e-06,2.468572484316022e-05,2.7725915330367297,1.2080431912898382,-0.19101785578122929,0.049689641288018942,1.7852354309666285,0.49385988280301774,0.15585906559305329,1.7853384103532923,0.49554550338808434,0.14968217619555532
10.800000000000001,5400,0.006507193306694096,0.015000144181180834,0,0.026334254174498736,0.0067669944063856692,0.0033550227969385222,1.0024374826154227e-06,2.3996963492005911e-05,2.7726805021518257,1.2080675166456287,-0.19099684069647732,0.049678504633296629,1.7855179765872236,0.49287300456218813,0.15632855788200867,1.7855939548771318,0.49412574144675087,0.14967896459417718
10.82,5410,0.0065078105753686982,0.015000151416283729,0,0.026892784141306275,0.006995476892611349,0.0028574376699845223,9.7469643677980749e-07,2.3905662095044801e-05,2.7727533953681438,1.2080918395415188,-0.19097584127395517,0.049667360325914407,1.7857908839243817,0.49178452461518612,0.15660794826762678,1.7858466255358272,0.4927219462117079,0.14967578911061175
10.84,5420,0.006508385669650155,0.01500017215427262,0,0.027614937405427607,0.007111824374746497,0.0024151724803965721,9.5703667621543284e-07,2.3966568339221968e-05,2.772815697767709,1.2081161603342567,-0.19095485538103563,0.049656212353978268,1.7860557942774451,0.4906275353880859,0.15674912590087531,1.7860963404347034,0.49133457267584957,0.14967265077408501
10.859999999999999,5430,0.0065089576425652693,0.015000180824149573,0,0.028453855451180766,0.0071406042063309489,0.0020351832763306609,9.3916653234476219e-07,2.4148365394514843e-05,2.7728797726773671,1.2081404862574054,-0.19093385730447276,0.04964505752266845,1.7863132454253523,0.48942636224460523,0.15678981859390359,1.7863430194164243,0.48996406617971389,0.14966955059198853
10.880000000000001,5440,0.0065095615977892544,0.015000176141465498,0,0.029373940716811021,0.0071019933773165964,0.0017221035612816002,9.1928885507494002e-07,2.3629641349369947e-05,2.7729566211045689,1.2081648165533674,-0.19091284570424952,0.049633896463256284,1.7865637967229975,0.48819764904468371,0.1567564151936971,1.7865865841188442,0.48861086209006055,0.1496664895491526
10.9,5450,0.006510199165397846,0.015000168256648129,0,0.030344019937278088,0.0070120403965840015,0.0014716001785746134,8.9937422462836738e-07,2.3691257207163768e-05,2.7730466527658062,1.2081891476270188,-0.19089183073083482,0.049622733502263289,1.7868084429550328,0.48695346103793274,0.1566680908217582,1.7868269580328631,0.48727538547844784,0.14966346860711893
10.92,5460,0.0065108628319395737,0.015000158455679874,0,0.031354427065888459,0.0068833077903555397,0.0012767601840007526,8.7949973236947925e-07,2.3193747562800386e-05,2.773147477458207,1.2082134796247146,-0.19087081369694944,0.049611569057427155,1.7870480376510478,0.48570289422266089,0.15653904700671947,1.7870640665602782,0.48595805079981075,0.14966048870341381
10.94,5470,0.006511548767212408,0.015000165385221096,0,0.032393772507242138,0.0067256277506404514,0.0011328672292098886,8.6736235322305635e-07,2.3099271619960363e-05,2.7732578628720099,1.2082378063728529,-0.19084981334539428,0.049600407098058193,1.7872832741132443,0.48445314622986557,0.15638000365333787,1.7872978370716379,0.48465926157103822,0.14965755075082074
10.960000000000001,5480,0.0065122533384683072,0.01500020498229108,0,0.033451376758454929,0.0065465301969897033,0.0010343931951278904,8.7358555057601807e-07,2.2394272795856101e-05,2.7733766669644773,1.2082621215897011,-0.19082884570026434,0.049589248917544147,1.7875145055201864,0.48320963605993256,0.15619896972616226,1.7875281989640948,0.48337941004955098,0.14965465563665364
10.98,5490,0.0065129734664444916,0.015000276232497164,0,0.034519294411958404,0.006351730621517779,0.00097305552946382469,9.0338313580156234e-07,2.2717439178655149e-05,2.7735029256184029,1.2082864252104304,-0.19080790975125558,0.049578093408206569,1.7877419171295807,0.48197620404836233,0.1560019186291296,1.7877550837192586,0.48211887691187927,0.14965180422202962
11,5500,0.0065137066052310686,0.015000371114545785,0,0.035589301008907316,0.0061455630443822866,0.00093922551908627138,9.5746181981681593e-07,2.2132342465963256e-05,2.7736358348208174,1.2083107201248688,-0.19078699743872479,0.049566939118589053,1.7879656257830328,0.48075564587988451,0.15579332832282566,1.7879784249610498,0.48087803093223996,0.14964899734114187
11.02,5510,0.0065144503469598833,0.015000490714460437,0,0.036654734783649598,0.0059313248796772763,0.00092351555181390335,1.0412693262584473e-06,2.1867274910380131e-05,2.7737746365117837,1.2083350054618123,-0.19076610985748788,0.049555785216675668,1.7881856427340883,0.47955026425162156,0.15557658290661716,1.788198158513552,0.47965722866111471,0.14964623580053266
11.040000000000001,5520,0.0065152036312042666,0.015000574376524559,0,0.03771727829499686,0.0057114269852625533,0.00091797621748706604,1.1055988080644753e-06,2.1531352099333316e-05,2.773918998330613,1.2083593043995609,-0.1907451860741792,0.04954462255226879,1.7884017780261798,0.47836048180580037,0.15535412134782972,1.7884142224588668,0.47845681410382668,0.14964352037836623
11.06,5530,0.0065159656449432397,0.015000566309622234,0,0.038775062229587785,0.0054877347934808125,0.00091786980709803931,1.0959128502149869e-06,2.1052056881276945e-05,2.7740686751650605,1.2083836386607709,-0.19072417003513403,0.049533443630771501,1.7886139037629798,0.47718654430979784,0.15512782452170035,1.7886265571949649,0.47727711839911952,0.14964085182370171
11.08,5540,0.0065167358000888286,0.015000501763168491,0,0.039824696150654308,0.0052618295802827619,0.00091953760235458613,1.0443259903434794e-06,2.1666346224911465e-05,2.7742235723548578,1.2084079921638322,-0.19070309720139483,0.049522248970463027,1.7888218730438941,0.47603074244197713,0.15489931260312034,1.7888351054935401,0.47611845949773346,0.14963823085576605
11.1,5550,0.0065175135465528689,0.015000435276152498,0,0.040863105074410759,0.0050351165883061912,0.000921311568380118,9.9528089061731756e-07,2.1463536648682345e-05,2.774383483044585,1.2084323456493247,-0.19068202231325548,0.049511051007879545,1.7890260790760375,0.47489516681833943,0.15467002195071727,1.7890398125578635,0.47498114184098428,0.14963565816322691
11.120000000000001,5560,0.0065182986094557503,0.015000381501269313,0,0.041888507105798285,0.0048086570541097081,0.00092210873967238155,9.5648788245102827e-07,2.1190104635059971e-05,2.7745482812984945,1.2084566955510325,-0.19066096003769514,0.049499856886272987,1.7892267579318348,0.47378061617466571,0.15444102297703408,1.7892406260806348,0.47386545603933927,0.14963313440346562
11.140000000000001,5570,0.0065190802454289957,0.015000345495841469,0,0.042899626088813154,0.004583248712982318,0.00091838903656810307,9.2843730031151889e-07,2.1190104635059971e-05,2.7747146932247482,1.2084810402169803,-0.19063991541690861,0.049488670346430473,1.7894240920794902,0.47268750780009311,0.15421311635292992,1.7894374963018369,0.47277167855099711,0.14963066020185006
11.16,5580,0.0065198583090177601,0.015000325196282849,0,0.043893592980522624,0.0043595089308434663,0.00090776175569520052,9.0915665135740364e-07,2.1190104635059971e-05,2.7748827204120143,1.2085053803204988,-0.19061888641103295,0.049477489786216577,1.7896179288250105,0.47161622370730027,0.15398692090163368,1.789630376066589,0.47170007136046266,0.14962823615100762
11.18,5590,0.0065206383446661858,0.015000308389717663,0,0.044868410118845146,0.0041380148098521747,0.00089404247660013442,8.9291452946141456e-07,2.1293053117836167e-05,2.7750541225205336,1.2085297191055941,-0.19059786078904503,0.049466308924604414,1.7898077432509885,0.4705671222722933,0.15376301390668273,1.7898192208829984,0.47065088165712687,0.14962586281009807
11.200000000000001,5600,0.0065214193592866513,0.015000292588891408,0,0.045824022429164384,0.003919300279740405,0.00087807952731751629,8.7808547754181876e-07,2.0947924057011411e-05,2.7752286007130094,1.2085540572609215,-0.19057683604624079,0.049455127356089472,1.7899934579040251,0.46954050596469915,0.15354193009003472,1.7900039889800157,0.46962434151384336,0.14962354070408654
11.220000000000001,5610,0.0065222006760531854,0.015000277405382411,0,0.046761762543943965,0.0037038375651200699,0.00085985984989491923,8.6425980985678466e-07,2.0808269673042189e-05,2.775405941974225,1.2085783949397157,-0.19055581179146111,0.049443945249319651,1.7901750609160252,0.46853664349748825,0.15332414230024979,1.790184641365286,0.46862066756550647,0.14962127032301642
11.24,5620,0.006522981789528484,0.015000262795824998,0,0.04768109617151698,0.0034920575419730799,0.00083959598560399301,8.5129970267715973e-07,2.084327099243578e-05,2.7755859852563418,1.2086027322001689,-0.19053478798188075,0.049432762738930755,1.7903525253348256,0.4675557773544442,0.15311008176184615,1.7903611418830037,0.46764006068762792,0.14961905212128221
11.26,5630,0.0065237622071937515,0.015000249787428402,0,0.048581346353609813,0.0032843572369574883,0.0008175327371047667,8.3977754761213574e-07,2.0913097891518843e-05,2.7757685703597637,1.2086270687620573,-0.19051376564881511,0.049421580058399514,1.7905258185511019,0.46659813338452122,0.15290014581790196,1.7905334572717646,0.46668270567491577,0.14961688651690255
11.279999999999999,5640,0.0065245403873400182,0.015000277182862939,0,0.049461433497702843,0.0030811080406452675,0.00079312768663524998,8.5673194335522479e-07,2.0913097891518843e-05,2.7759531976103133,1.2086513903173151,-0.19049278377271062,0.04941040145606785,1.7906949552619336,0.46566446788856986,0.15269472132072814,1.7907015572224199,0.46574877091985034,0.14961477389079308
11.300000000000001,5650,0.006525323119017175,0.015000299465524019,0,0.050321640599805685,0.0028826190480826025,0.00076843138041380785,8.7293550269677393e-07,2.1258792350482307e-05,2.7761420009854527,1.2086757119158613,-0.19047179667084932,0.04939922028999897,1.7908597114305302,0.46475396739387287,0.15249409096213506,1.7908654144359284,0.46483840809126364,0.14961271458603939
11.32,5660,0.0065261025958174256,0.015000285720088822,0,0.051161462986518989,0.0026892829150386979,0.00074432023694995708,8.6280498495855351e-07,2.1632676668865267e-05,2.7763325125990641,1.2087000471225688,-0.19045077321852841,0.049388035269222932,1.7910201615810446,0.46386673913730225,0.15229864342766786,1.7910250046812106,0.4639517518129157,0.14961070890716985
11.34,5670,0.0065268742270399365,0.015000310764703107,0,0.051979401500926038,0.002501389333320338,0.00071653840219880742,8.7938670898598051e-07,2.1666346224911465e-05,2.7765232546098813,1.2087243695854242,-0.19042978858008058,0.049376855732688067,1.7911765603041783,0.46300416062904071,0.15210870722308792,1.7911803068530014,0.46308891934207241,0.14960875711942867
11.359999999999999,5680,0.0065276504670554476,0.015000337687038979,0,0.052776072371916262,0.0023191960984490861,0.00068901384657884244,8.9880464213125144e-07,2.1800504449438904e-05,2.7767181458191645,1.2087486900639688,-0.19040880573044461,0.049365676364563446,1.7913286233362786,0.46216513345474819,0.15192450033745714,1.7913313030297031,0.4622500102480836,0.14960685944804875
11.380000000000001,5690,0.0065284229948305529,0.015000357532195472,0,0.053550563258386717,0.0021430294538650157,0.0006629847851337804,9.1381770803175739e-07,2.1800504449438904e-05,2.7769146704666654,1.2087730127812202,-0.19038781562392165,0.049354495647630788,1.791476291008087,0.46135034655327206,0.15174636803672445,1.7914779785312394,0.46143510609096022,0.14960501607752449
11.4,5700,0.0065291882511656907,0.015000360740229842,0,0.054302797056042441,0.0019730833123894247,0.00063569167244480326,9.1509729118831665e-07,2.1867274910380131e-05,2.777111621675425,1.2087973432281263,-0.1903668086556029,0.049343313050923814,1.7916196611609505,0.4605596035908705,0.15157449296329892,1.7916203219769071,0.46064427009995113,0.14960322715088498
11.42,5710,0.0065299515223179849,0.015000339811551099,0,0.055032909828830932,0.0018095938362626359,0.00060830997832433671,8.9716025803729285e-07,2.1867274910380131e-05,2.7773105551429516,1.208821683148553,-0.19034577730616439,0.049332127937972862,1.7917586323435264,0.45979245234506649,0.15140908472592468,1.7917583253432314,0.45987754685212279,0.14960149276896664
11.44,5720,0.0065307121952169781,0.015000321658042395,0,0.055740096207609342,0.0016527984371069063,0.00058096018822274484,8.8170796189665853e-07,2.2033315828455735e-05,2.7775112742378689,1.2088460219134185,-0.19032474861295479,0.049320942898246935,1.7918932220794506,0.4590495521914626,0.15125040267640535,1.7918919840218168,0.45913496195093495,0.14959981298968633
11.460000000000001,5730,0.0065314689765213641,0.015000339849945594,0,0.056423683159082798,0.0015028707503240391,0.00055300020381468008,8.9483720799369423e-07,2.1733528855063329e-05,2.7777133403995333,1.2088703469939517,-0.19030375630647456,0.049309760936507872,1.7920234755568745,0.45833144981573865,0.1510986472633612,1.792021296877202,0.45841652170481872,0.1495981878273141
11.48,5740,0.0065322230629418325,0.015000348509777625,0,0.057084152342857582,0.0013600061377434449,0.00052539346138834081,9.0071508917004981e-07,2.1767042412140833e-05,2.7779171131773115,1.2088946755967693,-0.19028275429056835,0.04929857796722116,1.7921493448046302,0.4576373536951458,0.15095396987685328,1.7921462663047119,0.45772221280575498,0.14959661725174633
11.5,5750,0.0065329748451054132,0.015000355820821289,0,0.057721103159055508,0.0012243665352701285,0.00049875875110291334,9.0601319340707227e-07,2.2230927998283902e-05,2.7781226948979256,1.2089190042721341,-0.19026175079424829,0.049287394566033774,1.7922708411279775,0.45696752446518402,0.15081654353659799,1.7922668982883116,0.45705200200785073,0.14959510118777847
11.52,5760,0.0065337232332255465,0.015000381870815404,0,0.058334235696455551,0.0010960542823497677,0.0004731323606862398,9.269854386019394e-07,2.2329078268013787e-05,2.7783296707933718,1.2089433256794349,-0.19024076600115042,0.049276212424368915,1.7923879996770353,0.45632214720234154,0.15068648359940695,1.7923832024584594,0.45640583580591731,0.14959363951437801
11.540000000000001,5770,0.0065344682104779821,0.015000404007027698,0,0.058923927622391632,0.00097518378924795032,0.0004485749812321393,9.4517480923999436e-07,2.2198114802541581e-05,2.7785379733050024,1.2089676486928627,-0.19021977714479973,0.049265029644706131,1.7925008048197495,0.45570063849910775,0.15056386092966029,1.7924951921499597,0.45578364011404848,0.14959223206395741
11.56,5780,0.0065352097038080701,0.015000422685263066,0,0.059490135827242822,0.00086184715669998014,0.00042484655109416389,9.607691999896652e-07,2.2132342465963256e-05,2.7787475417764913,1.208991973131047,-0.19019878468236903,0.049253846326222157,1.7926092701254885,0.45510291900249888,0.15044875380463868,1.7926028844598159,0.45518531994419731,0.14959087862164702
11.58,5790,0.0065359462962323017,0.015000484428974524,0,0.060032024949858605,0.00075605105904638788,0.00040085741030961567,1.0142484288491004e-06,2.183391520383078e-05,2.7789579287221531,1.2090162810177643,-0.19017783537360738,0.049242666052367989,1.7927134681602688,0.45452984398929985,0.15034125343728275,1.7927063003050847,0.45461075908475357,0.14958957892456801
11.6,5800,0.0065366777975814343,0.015000572623924822,0,0.060550021009918055,0.00065783324091559382,0.00037648223273050086,1.0934066072460156e-06,2.206637408534863e-05,2.7791690439154539,1.2090405787718173,-0.19015691251867384,0.049231487583603413,1.7928134035420438,0.45398083833726971,0.15024135905873545,1.7928054644807279,0.45405981977912235,0.1495883326611053
11.620000000000001,5810,0.0065374055006617322,0.015000645493462953,0,0.061044987191083568,0.00056727130994520215,0.00035270462986012712,1.1607768015647607e-06,2.2132342465963256e-05,2.779381265320378,1.2090648825544998,-0.19013597412921684,0.049220307689100032,1.7929090495329938,0.45345484717464835,0.15014902603606475,1.7929004057174669,0.45353234240430007,0.1495871394701804
11.640000000000001,5820,0.0065381299786352355,0.015000704914984411,0,0.06151695310945899,0.00048437103345188166,0.00032976005476005393,1.2168699376456723e-06,2.2394272795856101e-05,2.7795947672769792,1.209089191607496,-0.19011502209225892,0.04920912649040745,1.7930004364173646,0.45295179660547996,0.15006422491792581,1.7929911567396346,0.45302814514945389,0.14958599894052441
11.66,5830,0.0065388510653539298,0.015000753200671249,0,0.061965970890870116,0.00040911184413261633,0.00030765955759006565,1.2631585602346165e-06,2.2230927998283902e-05,2.779809477485208,1.2091135050273343,-0.19009405873080462,0.049197944180082394,1.7930876095128128,0.45247161152060961,0.14998689118196076,1.7930777543230296,0.45254702369449806,0.14958491060995094
11.68,5840,0.0065395686788800537,0.015000791885303146,0,0.062392175207123708,0.00034146206794266989,0.00028634656777988473,1.3006806485480197e-06,2.2263692832568247e-05,2.7800253492859208,1.209137822237516,-0.19007308558765862,0.049186760911557055,1.7931706174680666,0.45201414504573084,0.14991692442141519,1.7931602393527686,0.45208875088867262,0.14958387396462899
11.700000000000001,5850,0.0065402828489693745,0.015000822867878199,0,0.062795755689684291,0.00028138597442552794,0.00026578564633133339,1.3310040442166025e-06,2.2230927998283902e-05,2.7802423785137642,1.2091621425246533,-0.1900521045713478,0.049175576867025554,1.7932495076303232,0.45157921022991521,0.14985418921694077,1.7932386568811405,0.45165307642911906,0.1495828884383559
11.720000000000001,5860,0.006540993459795791,0.015000846537541277,0,0.063176973770493666,0.00022886443949720283,0.00024598461889777551,1.3543507625106533e-06,2.2394272795856101e-05,2.7804605084090208,1.2091864657420157,-0.19003111607273704,0.049164392097856988,1.7933243326800699,0.45116656066563127,0.1497985140897998,1.7933130561854584,0.45123972653945921,0.14958195341183023
11.74,5870,0.0065417017195899428,0.015000816456028122,0,0.063536959279936467,0.00018425535038461857,0.000227741619615465,1.3250943265096203e-06,2.2361699290911531e-05,2.7806801095995923,1.2092108098839112,-0.19001007341029263,0.049153203616420039,1.7933951159344934,0.45077497732516231,0.14974966081572294,1.7933834908259136,0.45084840364837409,0.14958106821192471
11.76,5880,0.006542407226730094,0.015000752121952007,0,0.063875635956387178,0.00014768075106653988,0.00021084579347912068,1.2627439653462039e-06,2.2394272795856101e-05,2.7809010631769282,1.2092351674030122,-0.18998899618328052,0.049142012752928517,1.793461932021055,0.45040465088278014,0.1497073999189317,1.7934500187034286,0.45047878606817937,0.14958023211095919
11.779999999999999,5890,0.0065431156799735995,0.015000718646616229,0,0.064192649357224463,0.00011908233838887836,0.00019504570598505294,1.2277113258912474e-06,2.2524095754713237e-05,2.78112521835346,1.2092595145160989,-0.18996794980185783,0.04913083053301269,1.7935252311294794,0.45005607670042352,0.14967153493243135,1.7935127021175106,0.45013052767340223,0.1495794443259735
11.800000000000001,5900,0.0065438173878227084,0.015000683454158262,0,0.064488434836222741,9.8234924327936452e-05,0.00017993773318297459,1.1923154739689461e-06,2.2588727439225648e-05,2.7813493931866167,1.2092838615581951,-0.18994690156030322,0.049119645717298946,1.793584548188415,0.44972895877195801,0.14964165109535335,1.7935716078241035,0.44980325757936385,0.14957870401800044
11.82,5910,0.0065445161172935414,0.015000659196293436,0,0.064763624444958978,8.4750771070350459e-05,0.00016461234147735994,1.1667124493909277e-06,2.2556434745889217e-05,2.7815747779152491,1.2093082050611841,-0.18992586418357882,0.049108462813844213,1.7936401977155829,0.4494227385123617,0.14961739106851718,1.7936268070934427,0.4494965798207502,0.14957801029133858
11.84,5920,0.0065452229578635791,0.015000654019879146,0,0.065018806464115703,7.740070068107452e-05,0.00015139022234646543,1.1571264157623238e-06,2.2132342465963256e-05,2.7818050769017808,1.2093325425809935,-0.18990484582057712,0.049097285765700001,1.7936923686487136,0.449136911330765,0.14959839629582902,1.7936783757679069,0.44921007303019495,0.14957736219282528
11.859999999999999,5930,0.0065459372418862349,0.015000647879665468,0,0.065254571770039571,7.4016628045329248e-05,0.00014025814664629091,1.1471718618111902e-06,2.2361699290911531e-05,2.7820401309966081,1.2093568803911465,-0.18988382635614842,0.049086107168779432,1.7937407961292333,0.44887106529130649,0.14958414949515833,1.793726394319872,0.44894329011685469,0.14957675871110965
11.880000000000001,5940,0.0065466585483782104,0.015000642277540591,0,0.065471617890127287,7.2613835415459064e-05,0.00013052967749895824,1.1383029142509944e-06,2.262097403300073e-05,2.7822797637497754,1.2093812177756225,-0.18986280730540084,0.0490749272747543,1.7937855948250991,0.44862466673622875,0.1495741306859108,1.7937709479095643,0.44869575794498728,0.14957619877592532
11.9,5950,0.0065473866465151059,0.015000637529721155,0,0.065670658297211082,7.1772242493591454e-05,0.00012209858675317961,1.1307048271983409e-06,2.265317472408141e-05,2.7825238646343209,1.2094055547022668,-0.18984178898866824,0.049063746278077691,1.7938268946015103,0.4483971860452946,0.1495677833350563,1.7938121264429132,0.44846697701252847,0.14957568125736351
11.92,5960,0.0065481213290581172,0.015000633792209922,0,0.065852445762618173,7.0740946069814737e-05,0.00011464116968080336,1.1244277562675992e-06,2.2198114802541581e-05,2.7827723334853505,1.2094298911757637,-0.18982077156289184,0.049052564367490066,1.7938648195237847,0.44818807756293616,0.14956450218807163,1.7938500246294049,0.44825642112967101,0.14957520496514587
11.94,5970,0.0065488623804977782,0.01500063106884001,0,0.066017778377745612,6.9273372859051399e-05,0.00010812968233609441,1.1194114779836234e-06,2.2491710265994076e-05,2.7830250692920977,1.2094542272259428,-0.18979975503108865,0.049041381678768314,1.7938994893221034,0.44799677448982245,0.14956362988315483,1.7938847420399351,0.44806353709744023,0.1495747686478974
11.960000000000001,5980,0.0065496095710641591,0.015000629282141575,0,0.066167501921645805,6.7417371953249446e-05,0.00010232469136177958,1.1155394452733293e-06,2.2230927998283902e-05,2.7832819675654688,1.2094785628966609,-0.18977873931433684,0.049030198308707966,1.7939310226768461,0.44782268695869087,0.1495644554571203,1.7939163831646627,0.44788774438627488,0.14957437099241938
11.98,5990,0.006550362656447469,0.015000628328703617,0,0.066302511692339722,6.5338170889955537e-05,9.7165292642832529e-05,1.1126806264823435e-06,2.2524095754713237e-05,2.7835429198624477,1.2095028982352882,-0.1897577243077079,0.049019014333264804,1.7939595393103263,0.44766520073091243,0.14956621295913397,1.7939450574708626,0.44772843481460006,0.14957401062296233
12,6000,0.0065511213786924238,0.015000628100608782,0,0.066423752194662206,6.3186725753693689e-05,9.2790702841763397e-05,1.1107055179344789e-06,2.265317472408141e-05,2.7838078136386866,1.2095272332887075,-0.18973670990190794,0.049007829814753816,1.7939851610949313,0.44752367610694971,0.14956808406033587,1.7939708794607787,0.44758497222740945,0.14957368610049887
12.02,6010,0.0065518854810932758,0.015000628090854609,0,0.066532041207831488,6.1006676335515626e-05,8.8882716319030642e-05,1.1091786465423507e-06,2.2263692832568247e-05,2.7840765158766732,1.2095515682144822,-0.18971569558855969,0.048996644569481294,1.7940080041916675,0.44739744669114673,0.14956954975240006,1.7939939687294777,0.44745669217484008,0.14957339592199667
12.040000000000001,6020,0.00655264415179466,0.015000608445919153,0,0.066627969646631702,5.8648565735200133e-05,8.4726012036479074e-05,1.0915468328375509e-06,2.2361699290911531e-05,2.7843454017249347,1.2095759088735556,-0.18969466145027708,0.048985450826091993,1.7940278664304319,0.44728586891683486,0.14957050633953245,1.7940144500227015,0.44734290159075096,0.14957313851969137
12.06,6030,0.0065534000238855932,0.015000596390089691,0,0.066712135696651298,5.6299785566247629e-05,7.9524787412842279e-05,1.0807032883003083e-06,2.2361699290911531e-05,2.7846151190635009,1.2096002471094265,-0.18967363481703153,0.048974258866116394,1.7940453967025718,0.44718811480828952,0.14957115861793199,1.7940324532947214,0.4472428784712994,0.14957291226035949
12.08,6040,0.0065541609441042044,0.015000603011200703,0,0.066785113623497233,5.4002524664081626e-05,7.5325870412757008e-05,1.0855312092787516e-06,2.2263692832568247e-05,2.7848881465361792,1.2096245795853706,-0.18965262678541153,0.048963073892881008,1.7940609101087579,0.44710341764622602,0.1495716600316819,1.7940481137661899,0.44715587155352154,0.14957271544459133
12.1,6050,0.0065549263568843918,0.015000610061016245,0,0.066847498991176479,5.1594041390592167e-05,7.1970637024931561e-05,1.0907993719814045e-06,2.2198114802541581e-05,2.7851642913958452,1.2096489119431779,-0.18963161904456699,0.048951888925533323,1.7940741838506307,0.44703107394007624,0.14957201733088796,1.7940615719819952,0.44708109999390622,0.14957254630606401
12.120000000000001,6060,0.0065556958584369728,0.015000614668710664,0,0.066899966617637308,4.9046518835625766e-05,6.9150394937859367e-05,1.09416054128188e-06,2.2198114802541581e-05,2.7854433310423068,1.2096732450242846,-0.18961060871986399,0.04894070262808127,1.794085293224903,0.44697027912429593,0.1495722575864693,1.7940729738691135,0.4470177530469755,0.1495724030108142
12.140000000000001,6070,0.0065564691106969504,0.015000616564462202,0,0.066943225943937978,4.636135622738453e-05,6.6856527879896748e-05,1.095366174036152e-06,2.2296409518597789e-05,2.7857250430816998,1.2096975789271949,-0.18958959554462249,0.048929514809808089,1.7940943955316513,0.44692018840943543,0.1495724118281844,1.7940824707944629,0.44696498974386034,0.14957228365651115
12.16,6080,0.0065572457813808183,0.015000615967859732,0,0.066978016356174341,4.3543976082763192e-05,6.4920489958822288e-05,1.0945687398755717e-06,2.2198114802541581e-05,2.7860092002889374,1.2097219136050055,-0.18956857974063857,0.048918325559115183,1.7941016653521034,0.44687992701549534,0.14957250618891044,1.7940902196227557,0.44692193857087947,0.14957218627172963
12.18,6090,0.0065580254829297382,0.015000616671027842,0,0.067005126081850802,4.0636360404363121e-05,6.3271482353219105e-05,1.0951590348524069e-06,2.2198114802541581e-05,2.7862955376432104,1.2097462477620806,-0.18954756511452997,0.048907135940726314,1.7941073298063683,0.44684856573673915,0.14957256589346449,1.7940963827743523,0.44688769714811716,0.14957210881522279
12.200000000000001,6100,0.0065588078623884261,0.015000621642731688,0,0.067025349491076969,3.7657361946488157e-05,6.2038273977428911e-05,1.0996227669080888e-06,2.2524095754713237e-05,2.786583800284439,1.2097705804041037,-0.18952655464234797,0.048895947535064627,1.7941116202347129,0.44682517011096989,0.14957261512229453,1.7941011282831141,0.44686133190799793,0.14957204917519509
12.220000000000001,6110,0.0065595926560785747,0.01500062662027357,0,0.067039493982173792,3.4560977421105954e-05,6.0935757666892352e-05,1.1040945930372408e-06,2.2426798989897964e-05,2.7868737960694654,1.2097949130716519,-0.18950554404431838,0.048884759128191069,1.7941146428357366,0.44680880542358614,0.14957265402057951,1.7941046298542562,0.4468418777738693,0.14957200516857527
12.24,6120,0.0065603795529246139,0.015000627359276351,0,0.067048414516492405,3.1312577564207514e-05,5.9898169412131487e-05,1.1048896714039372e-06,2.265317472408141e-05,2.7871653141136523,1.2098192472075453,-0.18948452906336832,0.048873568878813639,1.7941164976647004,0.4467984874030298,0.14957267461702994,1.7941070669222019,0.44682833783857434,0.14957197454028923
12.26,6130,0.0065611680294149211,0.015000631598979977,0,0.06705306221146648,2.8007720276691841e-05,5.9027813093334174e-05,1.1095083954159942e-06,2.2198114802541581e-05,2.7874580153780899,1.209843579539746,-0.18946351747941109,0.048862378391547626,1.7941174527096619,0.44679311298001589,0.14957268334481016,1.7941086247084346,0.4468196830430321,0.14957195496253292
12.280000000000001,6140,0.0065619577986314225,0.015000636284192598,0,0.067054317495489402,2.460484764484745e-05,5.8369651344204581e-05,1.1148523768567488e-06,2.2491710265994076e-05,2.7877516764230772,1.2098679114776063,-0.18944250621819603,0.048851187296501813,1.7941176828860088,0.4467916614480183,0.1495726858435153,1.7941094942793512,0.44681485185481384,0.14957194403404533
12.300000000000001,6150,0.0065627486430136217,0.015000632320071528,0,0.067053061408179598,2.0999608339934291e-05,5.7804952629778668e-05,1.1122371800361278e-06,2.2361699290911531e-05,2.7880461183043277,1.2098922467045266,-0.18942148614043025,0.048839993467514789,1.7941172891510175,0.44679311748818484,0.14957267748954098,1.7941098726041158,0.44681274994672282,0.14957193927938139
12.32,6160,0.0065635400729074514,0.015000623186199496,0,0.067050332692074943,1.725497973011809e-05,5.7017763004968519e-05,1.1055316201769062e-06,2.1900583802360337e-05,2.7883410215491682,1.2099165833484244,-0.18940046075426778,0.048828796763939544,1.7941164776870022,0.44679628785390779,0.14957264666831777,1.7941099626125128,0.44681224987536827,0.14957193814818481
12.34,6170,0.0065643318501357982,0.015000603996856229,0,0.067047096918354671,1.3332830969559122e-05,5.6374926644629626e-05,1.0906551951160211e-06,2.2230927998283902e-05,2.7886361774546367,1.209940922990175,-0.18937942515955308,0.048817595340694908,1.7941154000705328,0.44680005955608487,0.14957258898997733,1.7941099649752124,0.44681221374376834,0.14957188199473315
12.359999999999999,6180,0.0065651234602920744,0.015000573986203065,0,0.067044363746190189,9.6125625530562931e-06,5.5907507855179282e-05,1.0658508795650672e-06,2.2000207897163392e-05,2.7889312626114422,1.2099652671394396,-0.18935837855649229,0.048806391466042168,1.7941143535931643,0.44680335016080797,0.14957235911668945,1.7941099729846732,0.4468117913822216,0.14957096004230599
12.380000000000001,6190,0.0065659141461819615,0.015000544954496797,0,0.067043385271913086,6.9719801189870284e-06,5.5816166317926732e-05,1.0414442478563929e-06,2.2033315828455735e-05,2.7892259407892275,1.2099896117647995,-0.18933733278484427,0.048795189337792207,1.7941135947845814,0.44680527857687602,0.14957097987118761,1.7941100000131627,0.44681036609344466,0.14956784884892799
12.4,6200,0.006566703452816158,0.015000522729768999,0,0.067045441479449353,6.7501784130945913e-06,5.5672326830946399e-05,1.0228951603671282e-06,2.2033315828455735e-05,2.7895200964220259,1.2100139542710615,-0.1893162937064794,0.048783989880244807,1.794113139503654,0.44680526888608119,0.14956689106163912,1.7941100572860715,0.4468073459308024,0.14956125628315112
12.42,6210,0.0065674910863761267,0.015000506324347533,0,0.067051716381988646,9.1079478291696084e-06,5.5998700402093326e-05,1.0092284623413409e-06,2.2230927998283902e-05,2.7898136940849079,1.2100382949545581,-0.18929526033214816,0.048772792592173424,1.7941129220744558,0.44680282574678293,0.14955858519150456,1.794110155655176,0.44680215864941369,0.14954993321952548
12.44,6220,0.0065682767771375371,0.015000493742211754,0,0.067063333146846843,1.2686132741730853e-05,5.659431027156813e-05,9.9874260094583872e-07,2.2426798989897964e-05,2.7901067002409143,1.2100626344388341,-0.18927423066038723,0.04876159663510831,1.7941128752294406,0.44679745425149076,0.14954467628805918,1.7941103056027301,0.44679425149033847,0.14953267306751172
12.460000000000001,6230,0.0065690602817406983,0.015000483716245405,0,0.067081366078988514,1.6709760278600183e-05,5.7552196925656982e-05,9.9034519105780131e-07,2.2165253030559974e-05,2.7903990777510588,1.2100869731380479,-0.18925320341965271,0.048750401567565944,1.7941129630226769,0.44678866122528682,0.14952387428405867,1.7941105172455585,0.44678309096476454,0.14950831130039327
12.48,6240,0.0065698413475288962,0.015000475418926358,0,0.067106847824429577,2.0892877274841959e-05,5.9003110094515004e-05,9.833708079169018e-07,2.2165253030559974e-05,2.7906907792342008,1.2101113113063318,-0.1892321777807881,0.048739207022048939,1.7941131640158203,0.4467759595521994,0.1494949638377259,1.7941108003391495,0.4467681626381948,0.14947572498418879
12.5,6250,0.0065706197299985128,0.015000468529259044,0,0.067140769663710409,2.511325841821459e-05,6.0923794231483667e-05,9.7753743830189782e-07,2.2263692832568247e-05,2.7909817533603993,1.2101356490469628,-0.18921115342146921,0.0487280129062597,1.794113473602341,0.44675887373348633,0.14945679481874305,1.7941111642817462,0.44674897091463417,0.14943383230656446
12.52,6260,0.0065713952114451286,0.015000463007873865,0,0.067184082863767647,2.9307461886051022e-05,6.3248436829834622e-05,9.727600594211508e-07,2.2296409518597789e-05,2.7912719532672825,1.2101599863920358,-0.18919013030106888,0.04871681928856169,1.7941138968463426,0.44673694231994088,0.14940827621017191,1.7941116181184409,0.44672503882077647,0.14938159210574634
12.540000000000001,6270,0.0065721675821783735,0.015000458693787419,0,0.067237702169689079,3.3436021376738219e-05,6.6044786040825318e-05,9.6889671856897925e-07,2.2459278078588273e-05,2.7915613335831524,1.2101843233938261,-0.1891691082579573,0.048705626123437672,1.794114435756041,0.44670971807365584,0.14934836970339435,1.7941121705452661,0.44669590779019175,0.14931800339943269
12.56,6280,0.0065729366408429305,0.015000455421007877,0,0.067302506640453258,3.7473135881790525e-05,6.9413425156907666e-05,9.6580938883408128e-07,2.206637408534863e-05,2.79184984999524,1.2102086601054591,-0.18914808712560482,0.048694433354889453,1.7941150930042746,0.44667676922530064,0.14927608670081652,1.7941128299132882,0.4466611374475129,0.1492421049137064
12.58,6290,0.0065737021945167836,0.01500045303937643,0,0.067379341117462854,4.1401496163027438e-05,7.3325190366705587e-05,9.6337673986202455e-07,2.2132342465963256e-05,2.7921374594161184,1.2102329965752772,-0.18912706675340818,0.048683240929436676,1.7941158723805999,0.44663767991624104,0.14919048548128783,1.7941136042326995,0.44662030539262304,0.14915297461194724
12.6,6300,0.0065744640586767192,0.015000451417022319,0,0.067469017615195997,4.5209395385929164e-05,7.751023439854259e-05,9.6149460594754912e-07,2.2132342465963256e-05,2.792424120207972,1.2102573328459683,-0.18910604700913144,0.048672048798391133,1.7941167784996566,0.44659205047911321,0.14909066879577695,1.7941145011769106,0.44657300698484226,0.14904972922374421
12.620000000000001,6310,0.0065752220389365601,0.015000449784969099,0,0.067572317791904701,4.8885511704964029e-05,8.2494152779576981e-05,9.5961718314027063e-07,2.2394272795856101e-05,2.7927097903006777,1.2102816691188898,-0.18908502712199582,0.048660856611587443,1.7941178013651744,0.44653949810015248,0.14897577863934319,1.7941155280866439,0.4465188551271147,0.14893152377380797
12.640000000000001,6320,0.0065759759469233891,0.01500044815648151,0,0.067689991168297797,5.2425927181850225e-05,8.7876495589690946e-05,9.5774523658030835e-07,2.2230927998283902e-05,2.7929944237167796,1.2103060054009815,-0.18906400710539795,0.048649664381037232,1.794118950997085,0.44647965589061051,0.14884500220947505,1.7941166919740248,0.44645748005019559,0.14879755111088311
12.66,6330,0.006576725617301259,0.01500044699415422,0,0.067822757170401621,5.5830599254909095e-05,9.367418314076797e-05,9.5619467572407606e-07,2.2329078268013787e-05,2.7932779787656221,1.2103303415828561,-0.18904298742298237,0.048638472332864911,1.7941202470238142,0.44641217300845087,0.14869756836030951,1.7941179995266756,0.44638852909683835,0.14864704143666049
12.68,6340,0.0065774708985195593,0.015000446272563176,0,0.067971307862085273,5.9097731126652459e-05,9.9975399314197299e-05,9.5494453158401463e-07,2.262097403300073e-05,2.7935604209037104,1.2103546776744423,-0.18902196804922616,0.048627280460562076,1.7941216956917987,0.44633671541026299,0.14853274157831503,1.7941194571118073,0.44631166650598142,0.14847926183468968
12.700000000000001,6350,0.0065782116631619763,0.015000446693945318,0,0.068136306247582823,6.2230091658034236e-05,0.00010681387353597579,9.5448463871695378e-07,2.2099382890764463e-05,2.7938417185790096,1.2103790135048855,-0.18900094968795828,0.048616089094716292,1.7941233191285775,0.44625296499334199,0.14834982745279437,1.7941210707803121,0.44622657319693526,0.14829351579929112
12.720000000000001,6360,0.0065789477966452107,0.015000448049873419,0,0.068318390460294975,6.5225982163336066e-05,0.00011410581773084577,9.5467305982596802e-07,2.2165253030559974e-05,2.7941218498082971,1.2104033491275159,-0.18897993213014819,0.048604898141977514,1.7941251159188918,0.44616062052540262,0.14814816334333711,1.7941228462708565,0.44613294655356966,0.14808914276446875
12.74,6370,0.0065796791797069825,0.015000449610322255,0,0.06851817324670495,6.8082007199035249e-05,0.00012183562326548302,9.5499912189525586e-07,2.2132342465963256e-05,2.7944007935981929,1.21042768472962,-0.1889589146441239,0.048593707259057685,1.79412707320681,0.44605939739004119,0.14792712035245623,1.7941247890139738,0.44603050020850032,0.14786551763282202
12.76,6380,0.0065804056940129739,0.015000451248366766,0,0.068736240488804112,7.0798759652418371e-05,0.00013005974228109279,9.5537032083807696e-07,2.2132342465963256e-05,2.7946785247468084,1.2104520203502604,-0.18893789710274456,0.048582516386335713,1.7941291940775292,0.44594902644751411,0.14768610855452258,1.7941269041361561,0.4459189638272763,0.14762205030445855
12.780000000000001,6390,0.0065811272283248998,0.015000452922529986,0,0.068973153143420535,7.3377560155098425e-05,0.00013856933023954538,9.5575564944286352e-07,2.1733528855063329e-05,2.7949550192824306,1.2104763560040361,-0.18891687946450339,0.048571325504354841,1.7941314840609663,0.44582925405314516,0.1474245733974946,1.7941291964639472,0.44579808289256656,0.14735818520590621
12.800000000000001,6400,0.0065818436789497579,0.015000454603606087,0,0.069229447892998841,7.5819867584914636e-05,0.00014751271678756133,9.5613326687028105e-07,2.1733528855063329e-05,2.7952302552718149,1.2105006917013086,-0.18889586170017508,0.04856013459911164,1.7941339483425192,0.44569984206103519,0.1471419945887501,1.7941316705280357,0.44566761848834741,0.14707340081902567
12.82,6410,0.0065825549623136932,0.015000457259657797,0,0.069505634725279569,7.8132258007038779e-05,0.00015676455947566371,9.5715015834004345e-07,2.183391520383078e-05,2.7955042102055758,1.2105250272064771,-0.18887484477753322,0.048548944281007193,1.7941366175397198,0.44556056834661006,0.14683788995139557,1.7941343305673467,0.44552734708408925,0.14676720920992262
12.84,6420,0.006583261020889704,0.015000461849932537,0,0.069802198187761955,8.0323486444461043e-05,0.00016641360295297191,9.5945772436111243e-07,2.1933842111273517e-05,2.7957768699212706,1.2105493623552561,-0.1888538296574056,0.048537755027070993,1.7941395195801997,0.44541122713141795,0.14651181242442329,1.7941371805331352,0.4453770603189437,0.14643915555786016
12.859999999999999,6430,0.0065839618003558425,0.015000467333004901,0,0.070119609856521936,8.2387175086426053e-05,0.00017653099268285775,9.6239949824457353e-07,2.1900583802360337e-05,2.7960482352649607,1.2105736973737786,-0.1888328152985026,0.04852656618566964,1.7941426237442248,0.44525162367405885,0.14616333454572811,1.7941402240930777,0.44521656478593047,0.14608881768417117
12.880000000000001,6440,0.0065846572382148244,0.015000472526977419,0,0.070458318791476127,8.4316264917467666e-05,0.00018691989158940868,9.6518020310528192e-07,2.1933842111273517e-05,2.7963183043604296,1.210598032498067,-0.18881180051743335,0.048515377133115566,1.7941459000129265,0.4450815783107076,0.1457920600442689,1.7941434646353656,0.44504568181612453,0.14571580558117056
12.9,6450,0.0065853472894865581,0.015000478281484365,0,0.070818734042170373,8.6124755937021615e-05,0.00019749687157708131,9.6817903077827405e-07,2.206637408534863e-05,2.7965870634727787,1.2106223676534709,-0.18879078615847691,0.048504188856274812,1.7941493918559086,0.44490093674762771,0.14539764015649709,1.7941469052727976,0.44486424726284313,0.14531976094106777
12.92,6460,0.006586031907621105,0.015000484563647144,0,0.071201258479250323,8.7811177485149777e-05,0.00020833126663800342,9.7147218440342552e-07,2.2165253030559974e-05,2.7968545079187841,1.2106467028015224,-0.18876977219083083,0.048493001164356682,1.7941530949059847,0.44470954579230548,0.14497974798288735,1.7941505488468719,0.44467211128583256,0.14490035668487899
12.94,6470,0.0065867110217758245,0.015000493048116454,0,0.07160628438974137,8.9370619385500822e-05,0.00021972358682249374,9.7662876886280942e-07,2.2132342465963256e-05,2.7971206166311835,1.2106710374454188,-0.18874876030114246,0.048481813941752286,1.7941570275848229,0.44450725097675164,0.14453809007934676,1.7941543979318793,0.44446913813545552,0.14445729649133954
12.960000000000001,6480,0.0065873846125669155,0.015000503140625664,0,0.072034162640201793,9.0804739124417127e-05,0.00023152540484304578,9.832109507106152e-07,2.1565179853261896e-05,2.7973853959145618,1.2106953717229667,-0.18872774989295973,0.048470627039488706,1.7941611773568225,0.4442939363383609,0.1440723999186147,1.7941584548389955,0.44425520593687773,0.14399031432581616
12.98,6490,0.0065880527129213717,0.015000513402986974,0,0.07248519791900207,9.2132170145549388e-05,0.00024326107316980682,9.8947228868079603e-07,2.1733528855063329e-05,2.7976488642037491,1.2107197063458963,-0.18870673950601552,0.048459441664428601,1.7941655651983395,0.44406952419290707,0.14358244682097873,1.7941627216203735,0.4440302064742554,0.14349917396921955
13,6500,0.0065887153199375038,0.015000524041471697,0,0.072959719656354255,9.3341336008007753e-05,0.00025553660600318871,9.9557369158510644e-07,2.2000207897163392e-05,2.7979110291639668,1.2107440418072712,-0.18868572935040445,0.04844825645553525,1.794170181203824,0.44383390085745383,0.14306802034888758,1.7941672000732365,0.44379404497492181,0.14298366854691646
13.02,6510,0.0065893724137820551,0.015000534168083012,0,0.073458030263044732,9.4419102854795947e-05,0.0002684707487451627,1.0013777746535191e-06,2.1733528855063329e-05,2.7981719042436257,1.2107683778074407,-0.18866471855162828,0.048437069965178742,1.7941749656931909,0.44358697376075235,0.14252893533750802,1.7941718917439704,0.44354663989357457,0.14244362005764222
13.040000000000001,6520,0.0065900239873268309,0.015000542808715645,0,0.073980383586132875,9.5372908624869973e-05,0.00028155637483963147,1.006234267260266e-06,2.2033315828455735e-05,2.7984314992945833,1.2107927140613128,-0.18864370613460338,0.048425882623033142,1.7941799044704163,0.44332868848876278,0.14196504439027269,1.7941767979322161,0.44328792269646244,0.14187887890241296
13.06,6530,0.0065906700346027381,0.015000549601377698,0,0.074527020952792122,9.6205883722845598e-05,0.00029475105448643798,1.0097640999984621e-06,2.2099382890764463e-05,2.7986898195824832,1.210817050709281,-0.18862269173587592,0.048414694303140014,1.7941850023645844,0.44305899179649338,0.1413762279879604,1.7941819196949624,0.44301783764557273,0.14128932341343814
13.08,6540,0.0065913105490437744,0.015000554526533531,0,0.075098162692125603,9.6921032081226621e-05,0.00030814014462378001,1.0118875263493099e-06,2.1632676668865267e-05,2.798946868108001,1.2108413877906126,-0.18860167533556518,0.048403504994443396,1.7941902692135945,0.44277784068687182,0.14076239476168353,1.7941872578506386,0.44273634158281783,0.14067485938303265
13.1,6550,0.0065919455272257007,0.015000557685903235,0,0.075694006484833487,9.7521395075313939e-05,0.00032166764837675759,1.0126454229000602e-06,2.1867274910380131e-05,2.799202648300771,1.2108657252946924,-0.18858065703545879,0.048392314743328002,1.7941957146339629,0.44248520429850585,0.14012348044690792,1.7941928129832068,0.44244340371422242,0.14003541959252933
13.120000000000001,6560,0.0065925751056984819,0.015000556059926999,0,0.076314679304028965,9.8042234995396956e-05,0.00033464441961274379,1.0078709795989495e-06,2.1733528855063329e-05,2.7994571970249176,1.2108900649199636,-0.18855963376078366,0.048381128212108035,1.7942014245756541,0.44218111528579207,0.13945945614434327,1.7941985854462545,0.44213900539411061,0.13937096334119115
13.140000000000001,6570,0.0065931995493654551,0.015000545577492886,0,0.076960245956962658,9.8552282873555472e-05,0.00034877463323230149,9.9080297208730357e-07,2.1900583802360337e-05,2.7997106068700699,1.2109144137900592,-0.18853860136331818,0.048369939567367397,1.7942074930918632,0.44186565172599984,0.13877033983044193,1.7942045753670877,0.44182313990929267,0.13868147597512392
13.16,6580,0.0065938186626248096,0.015000532668934367,0,0.07763092612233688,9.8994965153130629e-05,0.00036416023256936907,9.6938107348162001e-07,2.1429548445808714e-05,2.7999628172307376,1.2109387674303183,-0.18851756635345962,0.048358747349804186,1.7942138427241456,0.44153872003674599,0.13805612873275752,1.7942107826508222,0.44149581226325241,0.13796696841618816
13.18,6590,0.0065944322284423092,0.015000522052183798,0,0.078326924828650529,9.9296631945446458e-05,0.00037945988677262784,9.5094966803210376e-07,2.1429548445808714e-05,2.8002137631907882,1.2109631190715739,-0.18849653353218521,0.048347555551009197,1.7942203597682524,0.44120023790110119,0.13731682842613141,1.794217206984478,0.44115703896033381,0.13722747669091179
13.200000000000001,6600,0.0065950403155224649,0.015000511553192196,0,0.079048313450787971,9.9459035403980526e-05,0.00039465403975866438,9.3357420648017173e-07,2.1531352099333316e-05,2.8004634836931777,1.2109874694070366,-0.18847550071990929,0.048336363184729982,1.7942270065469716,0.44085024887837015,0.13655249561295985,1.7942238478410704,0.44080684778992824,0.13646306145940218
13.220000000000001,6610,0.0065956429937170475,0.015000499740742853,0,0.079795133692705689,9.949199783874963e-05,0.00040978289009186412,9.1583284889848218e-07,2.1900583802360337e-05,2.8007120108498555,1.2110118190879837,-0.18845446647832784,0.04832516964869657,1.7942337769585097,0.44048881054850086,0.13576321728005758,1.7942307044837029,0.44044527761066143,0.13567380754425898
13.24,6620,0.0065962403193972263,0.015000486011636944,0,0.080567408735716883,9.9404149422189098e-05,0.00042488772704054413,8.970860014628314e-07,2.1800504449438904e-05,2.8009593672886464,1.2110361684355715,-0.18843343020029849,0.048313974729405358,1.7942406784104334,0.44011598351529113,0.13494910577314867,1.7942377759696606,0.44007237813458044,0.13485982345948586
13.26,6630,0.0065968320889555933,0.015000479390257209,0,0.081365254759778127,9.9129117876490841e-05,0.00043957653647319281,8.8709842723880258e-07,2.1463536648682345e-05,2.8012054726236406,1.211060513816232,-0.18841240098549958,0.048302774840204565,1.7942477157248358,0.43973170997223243,0.13411027611542761,1.7942450611545013,0.43968820971134087,0.13402124093940332
13.280000000000001,6640,0.006597418432197035,0.01500047735270753,0,0.082188601058302141,9.8706082924419081e-05,0.00045404064601183616,8.8311289549188828e-07,2.1155677147440178e-05,2.8014503749036881,1.2110848563002421,-0.18839137628734159,0.048291571318274683,1.7942549077003493,0.43933611896357239,0.13324689689924976,1.7942525586961497,0.43929284311239336,0.13315821446756071
13.300000000000001,6650,0.0065979996283993926,0.015000471987597295,0,0.083037295779075732,9.8210504347633518e-05,0.00046857474770996266,8.7646518662154814e-07,2.1293053117836167e-05,2.8016941799065767,1.2111091992460505,-0.18837034812533923,0.048280367404911158,1.7942622728586481,0.43892941321028595,0.13235916842344916,1.7942602670589887,0.43888635931517139,0.13227092080564898
13.32,6660,0.0065985757336417886,0.015000463293123325,0,0.083911277182015354,9.7642985786264248e-05,0.00048319062864063818,8.6709144419649885e-07,2.1463536648682345e-05,2.8019369064646833,1.2111335427911136,-0.18834931649548531,0.048269163060446027,1.7942698165551507,0.43851168068955887,0.13144729084317552,1.7942681845179522,0.43846884928727753,0.13135955852241257
13.34,6670,0.0065991467942223209,0.015000451694142439,0,0.084810466329188733,9.6999425959560753e-05,0.00049784448375264157,8.5542433319121479e-07,2.1052056881276945e-05,2.802178568769754,1.2111578868325956,-0.18832828182437264,0.048257958225614635,1.7942775423562618,0.43808301059501759,0.13051148464682888,1.7942763091626186,0.43804041377067082,0.13042434752256205
13.359999999999999,6680,0.0065997128644829277,0.01500043752545362,0,0.085734755445416644,9.6278300286346626e-05,0.0005125103000328912,8.4181234126742579e-07,2.1531352099333316e-05,2.8024191837398567,1.2111822312912373,-0.18830724444790217,0.048246752906629407,1.7942854530145893,0.43764350619864245,0.12955199190566627,1.7942846389013023,0.43760116306585378,0.1294655285756863
13.380000000000001,6690,0.0066002740057668494,0.015000421046701932,0,0.08668325362100332,9.5479571647933171e-05,0.00052717740041147371,8.2653414851339635e-07,2.1733528855063329e-05,2.8026587706078123,1.2112065761147051,-0.18828620462628859,0.048235547132660865,1.7942935502425901,0.4371932830402982,0.12856907537580078,1.7942931714651464,0.43715121681605923,0.12848336284516496
13.4,6700,0.0066008302849550537,0.015000402474444681,0,0.08765413034501951,9.4603838640541291e-05,0.00054178783085776557,8.0983446116767179e-07,2.0947924057011411e-05,2.8028973502887791,1.211230921264167,-0.18826516257642778,0.048224340936488919,1.7943018346925108,0.43673246723354797,0.12756301779012036,1.7943019044122162,0.43669070379143771,0.12747813141708092
13.42,6710,0.0066013817737748731,0.015000381998153017,0,0.088647633092092892,9.3652041756215527e-05,0.00055635260709111986,7.9194196112648357e-07,2.1121193543184415e-05,2.8031349450560867,1.211255266707234,-0.18824411848804531,0.048213134348404192,1.7943103061076839,0.43626119466083108,0.12653412133160991,1.7943108351315902,0.436219761673244,0.12645013482913228
13.44,6720,0.0066019285484658265,0.01500035978752242,0,0.089665383442510599,9.2625371203858574e-05,0.00057083180846665739,7.730773899266841e-07,2.0808269673042189e-05,2.8033715783529845,1.2112796124151484,-0.18822307253106096,0.048201927395194834,1.7943189635166912,0.43577961051737052,0.12548270716204435,1.7943199608474547,0.43573853683802427,0.12539969259954498
13.460000000000001,6730,0.0066024706895540875,0.01500033599663271,0,0.090707290533880436,9.1525221782553045e-05,0.00058523303217190988,7.5345810091336729e-07,2.1190104635059971e-05,2.8036072746622147,1.2113039583615675,-0.18820202485976512,0.048190720100809235,1.7943278054094485,0.43528786895196436,0.12440911495911364,1.7943292786231944,0.4352471841418033,0.124327142755985
13.48,6740,0.006603008281655498,0.015000310766982324,0,0.09177310012590606,9.0353156665887708e-05,0.00059949259430327811,7.3330141815894382e-07,2.0773209379101241e-05,2.8038420593902194,1.2113283045218799,-0.18818097561585714,0.048179512487383815,1.7943368298770552,0.43478613273975975,0.12331370245134565,1.7943387853654862,0.4347458667042714,0.12323284136447107
13.5,6750,0.0066035414132899588,0.015000284230004801,0,0.092862533897932587,8.9110875179337928e-05,0.00061364412876920623,7.1282749655106712e-07,2.0878213633885978e-05,2.8040759587685593,1.2113526508726704,-0.18815992493096537,0.048168304576183145,1.7943460347147957,0.4342745729763377,0.12219684494990371,1.7943484778283911,0.43423475569297121,0.12211716205828638
13.52,6760,0.0066040701767056805,0.015000256509140419,0,0.093975289790313277,8.7800185107312135e-05,0.00062764035961941471,6.9226167918855825e-07,2.1155677147440178e-05,2.8043089997637112,1.2113769973913002,-0.18813887292871914,0.048157096388310679,1.7943554174937941,0.43375336879105519,0.12105893487801145,1.7943583526174476,0.43371403010748499,0.12098049556689144
13.540000000000001,6770,0.0066045946677137221,0.015000227721472983,0,0.095111042370545629,8.6422979956378949e-05,0.00064146418042024061,6.7183623686762296e-07,2.0702910668595484e-05,2.804541210000421,1.2114013440556088,-0.18811781972638819,0.048145887945184845,1.7943649756082896,0.43322270707725657,0.11990038129886478,1.7943684061937633,0.4331838765636214,0.11982324924483614
13.56,6780,0.0066051149855324573,0.015000197979018139,0,0.096269443225168005,8.4981220948542169e-05,0.00065510870261960145,6.517914061807165e-07,2.1052056881276945e-05,2.8047726176923788,1.2114256908436756,-0.18809676543617176,0.048134679268824733,1.7943747063051589,0.43268278223631668,0.11872160944264798,1.7943786348781079,0.43264448907760278,0.1186458466006725
13.58,6790,0.0066056312326408908,0.015000167389667435,0,0.09745012137823586,8.3476923245528177e-05,0.00066854674363101528,6.323754865227596e-07,2.1258792350482307e-05,2.8050032515822796,1.211450037733665,-0.18807571016614366,0.048123470381988817,1.7943846067011964,0.43213379593241519,0.11752306023315963,1.794389034855006,0.43209606885025181,0.11744872682586643
13.6,6800,0.0066061435146394509,0.015000136057889722,0,0.098652683736671076,8.1912145822575556e-05,0.00068176271454698336,6.1384378543252707e-07,2.1017403266208992e-05,2.8052331408834745,1.2114743847037563,-0.18805465402095464,0.048112261308202932,1.7943946737924661,0.43157595685544825,0.11630518981435962,1.7943996021768296,0.43153882405117883,0.11623234432371049
13.620000000000001,6810,0.0066066519401168427,0.015000104085233482,0,0.099876715562287471,8.0288984431887788e-05,0.00069474830453257442,5.9645617272730788e-07,2.0276000680978352e-05,2.8054623152336045,1.2114987317320765,-0.1880335971023353,0.048101052071721433,1.7944049044587902,0.43100948048992899,0.11506846907704441,1.7944103327678904,0.43097296960296866,0.11499716823823597
13.640000000000001,6820,0.0066071566205217359,0.01500007157068787,0,0.10112176424602259,7.8609567184463966e-05,0.00070748322951769051,5.8047291624954808e-07,2.0702910668595484e-05,2.8056908046420164,1.2115230787967122,-0.1880125395094564,0.048089842697442771,1.7944152954655952,0.43043458888826308,0.1138133831857662,1.7944212224285323,0.43039872696536774,0.11374368198312579
13.66,6830,0.0066076576700382526,0.015000038610935422,0,0.10238567524788297,7.6876052363410375e-05,0.00071995851703055501,5.661486467598644e-07,2.0561592220437957e-05,2.8059186394491573,1.2115474258757002,-0.18799148133918325,0.048078633210801636,1.7944258434644114,0.4298515104471628,0.11254043110603541,1.7944322668392245,0.42981632391947105,0.11247238277062602
13.68,6840,0.0066081552054644763,0.015000005300529766,0,0.10366829567502892,7.5090628189441465e-05,0.00073214960670731999,5.5372438025477927e-07,2.0490567510038361e-05,2.8061458502833854,1.2115717729470581,-0.18797042268625264,0.048067423637644352,1.7944365449929873,0.42926047968631065,0.11125012513181816,1.7944434615646536,0.42922599435190911,0.11118378114045885
13.700000000000001,6850,0.0066086493460933366,0.014999971732036004,0,0.10497054287132584,7.3255514356871225e-05,0.00074404205742139163,5.4341787822954001e-07,2.0702910668595484e-05,2.8063724680183233,1.2115961199888212,-0.1879493636434138,0.048056214004104231,1.7944473964754093,0.42866173702862603,0.10994299041329478,1.7944548020578164,0.42862797803903502,0.10987840048873455
13.720000000000001,6860,0.0066091402135954724,0.014999937996104848,0,0.10629190378038517,7.1372965261920965e-05,0.00075562006488058325,5.3541300866473595e-07,2.0773209379101241e-05,2.8065985237380175,1.2116204669790673,-0.18792830430150184,0.048045004336478875,1.7944583942225036,0.42805552858165613,0.10861956448486042,1.7944662836641125,0.42802252043111161,0.10855677659686433
13.74,6870,0.0066096279319037173,0.014999904181548656,0,0.1076318469107688,6.9445274930932143e-05,0.00076688266284645598,5.2984919545261633e-07,2.0878213633885978e-05,2.8068240486953648,1.2116448138959608,-0.18790724474951445,0.04803379466110836,1.7944695344326065,0.42744210591977577,0.10728039679330793,1.7944779016254366,0.42740987243649814,0.1072194571604721
13.76,6880,0.0066101197195193931,0.014999892709958029,0,0.10898973587049757,6.7497543213783072e-05,0.00078051536598631338,5.2780633442672678e-07,2.0561592220437957e-05,2.8070514405147335,1.2116691486156146,-0.18788620754446136,0.048022598896092991,1.7944812315220944,0.42682179987932567,0.10592609590172476,1.7944896510842714,0.42679029020583747,0.10586700131830706
13.780000000000001,6890,0.006610634611915688,0.01499988671848235,0,0.11036506573113727,6.5537648283803151e-05,0.00081018755580333248,5.2587938499764831e-07,2.0203972031729294e-05,2.8072873345605869,1.2116934805257349,-0.18786517573041875,0.048011407119212014,1.7944929621469059,0.42619482226951716,0.10455719774465413,1.79450152708778,0.42616403491624327,0.10449997918115606
13.800000000000001,6900,0.0066111767311198451,0.014999876044930763,0,0.11175724217187452,6.3601905995989077e-05,0.00086494728975165455,5.2326567534953676e-07,2.0773209379101241e-05,2.8075331644886647,1.2117178164835536,-0.18784413903744296,0.048000211621473256,1.7945045419139873,0.42556145550669261,0.10317428437903052,1.7945135245918982,0.42553137255548673,0.10311897136075618
13.82,6910,0.0066117403387893608,0.014999851792221089,0,0.11316533455793665,6.1883854721205857e-05,0.00093591350929561384,5.1904138504888536e-07,2.0702910668595484e-05,2.807786976146823,1.2117421544826665,-0.18782308859102598,0.047989014773487347,1.7945161269936629,0.42492243261079887,0.101777931305934,1.7945256384654282,0.42489257370618366,0.10172456849870656
13.84,6920,0.0066123214938226546,0.014999844556575373,0,0.11458920592086616,6.0067439413849992e-05,0.0010146409236532002,5.1789417607767609e-07,2.0276000680978352e-05,2.8080472600229953,1.2117664879157657,-0.18780205508945227,0.047977820988617387,1.7945279725797529,0.42427734557852942,0.10036879073155328,1.7945378634941294,0.42424791332998152,0.10031737079538111
13.859999999999999,6930,0.0066129179868888721,0.014999847104098598,0,0.11602820074644662,5.816989798022082e-05,0.0010969340158250374,5.1791919328325396e-07,1.9949823901789886e-05,2.8083132772453934,1.2117908193187072,-0.18778103127350371,0.047966628791135842,1.7945399859218174,0.42362652685284991,0.098947453064218982,1.7945501943848123,0.42359767055174652,0.098897987538840784
13.880000000000001,6940,0.0066135279927746647,0.014999846437341632,0,0.11748153571433145,5.6293435915743983e-05,0.0011805550269953816,5.1760169361885088e-07,1.9913252241518953e-05,2.8085844420784012,1.211815151611781,-0.18776000410721755,0.047955435980742207,1.7945520593337241,0.42297047598580845,0.097514509975980129,1.7945626257694314,0.42294212844375029,0.097467036633745729
13.9,6950,0.0066141491487744187,0.014999860523287221,0,0.11894861683927449,5.4388141795480768e-05,0.0012624642099413293,5.2093912827258284e-07,2.0203972031729294e-05,2.8088598863542318,1.2118394798437466,-0.18773899162928626,0.047944244357828229,1.7945642849663979,0.42230938442249238,0.096070603373852467,1.7945751522091757,0.42228157380985759,0.096025144130268247
13.92,6960,0.0066147799649091702,0.014999888254783069,0,0.12042771513068656,5.253129027422448e-05,0.0013411264929781886,5.3011087575646805e-07,1.9913252241518953e-05,2.8091391101738541,1.2118638036846188,-0.18771799274195686,0.047933052829925916,1.7945766094998332,0.42164369249500372,0.094616354639824693,1.7945877681985636,0.42161629696971242,0.09457294375300429
13.94,6970,0.0066154190654639337,0.014999929289850895,0,0.12191654375995806,5.0783194945953191e-05,0.0014154083944886544,5.4795503933460633e-07,2.013168567464644e-05,2.8094216399965672,1.2118881227163116,-0.18769700711261514,0.047921860684063511,1.7945889969058164,0.42097379432543541,0.093152396541470908,1.7946004681695344,0.42094659154292574,0.093111076429886336
13.960000000000001,6980,0.0066160652258677516,0.014999979303300458,0,0.12341600502663366,4.907127421120497e-05,0.0014848279866669179,5.7423230584889115e-07,1.9913252241518953e-05,2.8097070180236368,1.2119124386913225,-0.18767603038371791,0.047910668094616998,1.7946014654174447,0.42029983118671366,0.091679382100225179,1.7946132464955411,0.42027275423326205,0.091640189821095522
13.98,6990,0.0066167174046855683,0.01500003643197247,0,0.12492652000804202,4.737857016222463e-05,0.0015489999994079576,6.0922701676998311e-07,1.9839906680179331e-05,2.8099948615845749,1.2119367522636602,-0.18765506068099189,0.047899475011733104,1.7946140151050489,0.41962205881564452,0.09019796671685433,1.7946260974956421,0.4195950846128268,0.090160937847974493
14,7000,0.0066173746851034502,0.015000101315527802,0,0.12644733773146463,4.5749707179054314e-05,0.0016076229032826708,6.5452317726376272e-07,1.9913252241518953e-05,2.8102848409281931,1.2119610629232751,-0.18763409865419328,0.047888281114418556,1.7946266295244164,0.41894084136470727,0.08870880800085898,1.7946390154385956,0.41891388490625286,0.088673980221938828
14.02,7010,0.0066180333385696972,0.015000268085898622,0,0.12797641399549003,4.5411175293868636e-05,0.0016535041062579509,7.9269482670358762e-07,1.9839906680179331e-05,2.8105758149408824,1.2119853326099155,-0.18761323911616073,0.047877081666477105,1.7946390600628752,0.41825839426641598,0.087212503799343005,1.7946519945469503,0.41822945977488812,0.087179981973390192
14.040000000000001,7020,0.0066186971384770282,0.01500038348317074,0,0.12951534448757426,4.4362379852272601e-05,0.0016972813944320147,8.9766399114102064e-07,1.9839906680179331e-05,2.8108687463969773,1.2120096229354309,-0.18759232772042594,0.047865882100583491,1.7946516365073293,0.41757170281275563,0.085709833641476649,1.7946650290011394,0.41754211610098196,0.085679612980628081
14.06,7030,0.0066193643661652153,0.015000456710260622,0,0.13106320132035035,4.2748961975779509e-05,0.0017383955229808793,9.6849583826389488e-07,1.9876613291913992e-05,2.8111630971804051,1.2120339303538634,-0.18757137375170069,0.047854678069025013,1.7946640860867753,0.41688135825138878,0.08420144633411944,1.794678112943572,0.41685216277187281,0.084173547498763046
14.08,7040,0.0066200348320659521,0.015000521187869086,0,0.13261867035522332,4.0953518371864177e-05,0.0017756324438915564,1.0314416717014388e-06,1.9318692315611825e-05,2.811458756838229,1.2120582415491696,-0.18755041082614021,0.047843476067773463,1.7946767927975993,0.41618844816687384,0.082688038179554113,1.7946912404827269,0.41615991046417455,0.082662463688627882
14.1,7050,0.0066207081045622888,0.015000552349200575,0,0.13418118185348735,3.8883965330670136e-05,0.0018102771826363987,1.0637925524732102e-06,1.924308070525986e-05,2.8117556004087065,1.212082565698074,-0.18752941423663899,0.047832271941953372,1.7946894805161306,0.4154930471768809,0.081170276098577437,1.7947044056972437,0.41546567142796414,0.08114704314569092
14.120000000000001,7060,0.0066213816818658736,0.015000617869765446,0,0.13574887759271359,3.781930337808511e-05,0.0018351045787634421,1.1335279660266111e-06,1.9581033806511645e-05,2.8120529310801912,1.2121068746151746,-0.18750845219362158,0.047821058371229887,1.7947017960134417,0.41479710887634696,0.07964876584552838,1.7947176026400167,0.41476975927096799,0.079627970428967576
14.140000000000001,7070,0.0066220569565081924,0.015000689210601785,0,0.13732138750032563,3.7322760104221148e-05,0.0018551858929771125,1.2115720392252977e-06,1.9318692315611825e-05,2.8123510874840218,1.2121311795461167,-0.18748749593001043,0.047809841069721346,1.7947140671425978,0.41410035961198777,0.078124245585671562,1.7947308253422869,0.41407248874274966,0.078105932589933799
14.16,7080,0.006622734443316001,0.015000721428047349,0,0.13889882797129752,3.640776931565652e-05,0.0018743172694942181,1.2518921863599493e-06,1.9766288961818032e-05,2.8126500820650819,1.2121554996116124,-0.18746650015248362,0.047798622875305945,1.7947264398053486,0.41340181291911132,0.076597460196164605,1.7947440678177349,0.41337417551889616,0.076581618701437176
14.18,7090,0.0066234138474902497,0.015000701247882723,0,0.14048065763516027,3.4838553569053282e-05,0.0018957781876086468,1.2413991708349344e-06,1.9205163268014068e-05,2.8129497799849954,1.2121798412910056,-0.18744545148707675,0.047787401553056795,1.7947388317332418,0.41270145386215779,0.075069103249113325,1.7947573240665724,0.41267513598520567,0.07505571938661007
14.200000000000001,7100,0.0066240950155201147,0.015000622840581415,0,0.14206585410406758,3.3024780932730931e-05,0.001912957923386993,1.177576761166225e-06,1.9692396034153755e-05,2.8132501831475363,1.2122042053496682,-0.18742434409826175,0.04777617603731172,1.794751054744067,0.41199997303100738,0.073539847644296108,1.7947705880796363,0.41197568702187382,0.07352892634778159
14.220000000000001,7110,0.0066247774649527899,0.01500050471551612,0,0.14365344084411968,3.1165002254993681e-05,0.0019243948140448264,1.0812031872132371e-06,1.9766288961818032e-05,2.8135510789609786,1.2122285843889231,-0.18740319660325877,0.047764949645959572,1.7947632754713305,0.41129796619674586,0.072010396985739897,1.7947838538424805,0.41127614578768135,0.072001931895390447
14.24,7120,0.0066254606319314409,0.015000369635148073,0,0.14524255395576036,2.9261448730244612e-05,0.0019340424940838892,9.7615630208474158e-07,1.9692396034153755e-05,2.8138521953479909,1.2122529707957117,-0.18738203187835462,0.047753725238509445,1.7947757238567248,0.4105958626555487,0.070481459728578486,1.794797115339468,0.41057682950418084,0.07047542847689664
14.26,7130,0.0066261438011994437,0.01500025443627445,0,0.14683220959853324,2.7302299105593331e-05,0.0019457638137177278,8.9282833837874214e-07,2.013168567464644e-05,2.8141532017020321,1.212277351515882,-0.18736088695731765,0.047742507758932552,1.7947887019982391,0.40989426826243636,0.068953741426356213,1.7948103665578647,0.40987805523988347,0.068950108205694111
14.280000000000001,7140,0.0066268269918121556,0.015000162435553884,0,0.14842149895896148,2.5447577150857087e-05,0.0019575910798412541,8.3090269395534865e-07,1.924308070525986e-05,2.8144541193628783,1.2123017242762031,-0.18733976519363149,0.047731297612414729,1.7948021100928413,0.40919370843513392,0.067427922637693732,1.7948236014919305,0.40918013969444644,0.067426662390022984
14.300000000000001,7150,0.0066275105690981329,0.015000080737031088,0,0.15000960302927521,2.4000825868440442e-05,0.0019653824831613771,7.8055121904485575e-07,1.9618224787422011e-05,2.81475513722933,1.2123260934341824,-0.18731865363866257,0.047720091020924338,1.7948156138986908,0.40849459505399283,0.065904668809840958,1.7948368141470137,0.40848339898285996,0.065905781061882523
14.32,7160,0.0066281946333069325,0.015000010051704165,0,0.1515957372136833,2.3078355458869561e-05,0.0019693365824732388,7.4182752042691956e-07,1.9581033806511645e-05,2.8150562925856777,1.2123504588227758,-0.18729755301900675,0.047708885950277204,1.7948290880523396,0.40779726736540184,0.064384658701097705,1.7948499985436412,0.4077881484196339,0.064388152505942459
14.34,7170,0.006628879346257709,0.01499994737343547,0,0.15317827757535832,2.2679216744695601e-05,0.0019702295268675795,7.1233923272921707e-07,1.9692396034153755e-05,2.8153576200036641,1.2123748211560703,-0.18727646032135684,0.047697681563458667,1.7948424900355584,0.40710197873180354,0.062868578984730639,1.7948631487216136,0.40709470230298511,0.062874462788455904
14.359999999999999,7180,0.0066295648482230622,0.014999891156501766,0,0.15475587952582545,2.2760157940842847e-05,0.0019685850557048111,6.9039583398227575e-07,2.013168567464644e-05,2.8156591380162581,1.2123991809681605,-0.1872553739927458,0.047686477555816377,1.7948558127496574,0.40640898166492306,0.061357116589450977,1.7948762587440958,0.40640337369902424,0.061365395286171756
14.380000000000001,7190,0.0066302512708851652,0.014999840674165729,0,0.15632862908556927,2.3260728014774693e-05,0.001964762637809426,6.7468313156773419e-07,1.935638736085189e-05,2.815960860843759,1.2124235385395099,-0.18723429330217212,0.047675273852607877,1.7948690603711741,0.40571854287153908,0.059850955687059684,1.7948893227017106,0.40571447422594298,0.059861630215246861
14.4,7200,0.0066309387447364022,0.014999795487582063,0,0.15789654585800567,2.4114641545358118e-05,0.0019590684208986233,6.6401136604348758e-07,1.9766288961818032e-05,2.8162628030880947,1.2124478940534209,-0.18721321780777755,0.047664070451326888,1.7948822384504435,0.40503093938934143,0.058350776547393103,1.7949023347166311,0.40502831383820093,0.058363844160158523
14.42,7210,0.0066316274009411147,0.014999755247512694,0,0.15945888578546299,2.5257680990493622e-05,0.001951728049342076,6.5728106039553945e-07,1.9949823901789886e-05,2.8165649808745523,1.2124722476601115,-0.18719214715779336,0.047652867362866572,1.7948953507981147,0.40434645494766219,0.056857254916599195,1.7949152889466731,0.4043452006107125,0.056872709602616645
14.44,7220,0.0066323173713962779,0.01499971963315422,0,0.16101490505402521,2.663249719352336e-05,0.0019429352211373973,6.535071606874008e-07,1.9692396034153755e-05,2.8168674118597448,1.2124965994969443,-0.18717108102911767,0.04764166459423233,1.7949083989346775,0.40366537758170018,0.055371061569486645,1.7949281795893877,0.4036654405230341,0.055388894450476192
14.460000000000001,7230,0.0066330087882712505,0.014999688337761609,0,0.16256386174131665,2.8190549727836178e-05,0.0019328402047140865,6.5184162873297485e-07,1.9506439120854861e-05,2.8171701149150761,1.2125209496934617,-0.1871500191128723,0.047630462145519727,1.7949213823474135,0.40298799787941242,0.053892861909836463,1.7949410008861537,0.40298933724355113,0.053913061566649392
14.48,7240,0.0066337017834706639,0.014999661067836498,0,0.16410501719930329,2.9892082691247412e-05,0.0019215681478071062,6.5158089163668869e-07,1.9506439120854861e-05,2.8174731097638297,1.2125452983719922,-0.1871289611135748,0.047619260010848645,1.794934298926786,0.40231460757950982,0.052423315573983893,1.7949537471262711,0.40231719191366494,0.052445868298018561
14.5,7250,0.0066343964881625944,0.014999637545039352,0,0.16563763724966696,3.1705094746331483e-05,0.0019092215248830817,6.5215997336081745e-07,2.0095444986978942e-05,2.8177764166697168,1.2125696456472796,-0.1871079067510521,0.047608058179932376,1.7949471453820018,0.40164549842902425,0.050963076023763987,1.7949664126510525,0.40164930293197981,0.050987966004347837
14.52,7260,0.0066350930324003228,0.014999617507848239,0,0.16716099322937547,3.3603981843801679e-05,0.0018958812311935893,6.5313842510497278e-07,2.013168567464644e-05,2.818080056191842,1.2125939916262067,-0.18708685576209508,0.047596856639446856,1.7949599175831461,0.40098096125407456,0.049512790126092943,1.794978991857916,0.40098596573848988,0.049539999587195627
14.540000000000001,7270,0.0066357915448281412,0.014999600712383161,0,0.16867436291590529,3.5568220120862153e-05,0.0018816187206988823,6.541827561643544e-07,1.9618224787422011e-05,2.8183840489962191,1.2126183364077292,-0.18706580790127963,0.047585655374069197,1.7949726108252986,0.40032128520397836,0.04807309772037021,1.7949914792044783,0.40032747259876639,0.048102607018827348
14.56,7280,0.0066364921524534179,0.014999586932515158,0,0.1701770313579101,3.7581239586040357e-05,0.0018664893981199563,6.5504845936455938e-07,1.9692396034153755e-05,2.8186884157299938,1.2126426800830761,-0.18704476294106703,0.047574454367235591,1.7949852200248948,0.39966675713208161,0.046644631175815458,1.7950038692126469,0.39967411238814465,0.046676418871127612
14.58,7290,0.0066371949804641464,0.014999575959515425,0,0.17166829163296535,3.962952089595454e-05,0.0018505456633197365,6.5556337305290105e-07,2.013168567464644e-05,2.8189931769190184,1.2126670227359009,-0.18702372067144968,0.04756325360189697,1.7949977398617583,0.39901766108169706,0.045228014941002391,1.7950161564727123,0.39902617037591093,0.045262057844512413
14.6,7300,0.0066379001520896902,0.014999567601170941,0,0.17314744554980283,4.1701895213043038e-05,0.0018338231158200561,6.5561340902281172e-07,2.0702910668595484e-05,2.8192983529078992,1.2126913644428634,-0.18700268089905381,0.047552053060753163,1.7950101648798211,0.39837427785142121,0.043823865087475343,1.7950283356474415,0.3983839280094893,0.043860138296841322
14.620000000000001,7310,0.0066386077884911989,0.014999561680565283,0,0.17461380430855158,4.3789010569573412e-05,0.001816368067242469,6.5513080870519223e-07,2.0276000680978352e-05,2.8196039638186998,1.2127157052743966,-0.1869816434459079,0.04754085272619208,1.7950224895573943,0.39773688461960222,0.042432788849052043,1.7950404014761692,0.3977476626986291,0.042471265772330222
14.640000000000001,7320,0.0066393180086614847,0.014999558034957169,0,0.17606668912932963,4.5882927785395791e-05,0.0017982078305477905,6.5408446559666048e-07,2.0203972031729294e-05,2.8199100295158703,1.2127400452951285,-0.18696060814831192,0.047529652580573963,1.7950347083556624,0.39710575461248998,0.041055384157984084,1.7950523487788921,0.39711764759959173,0.041096036530463856
14.66,7330,0.0066400309293369146,0.014999556514621912,0,0.17750543185695652,4.7976814434249082e-05,0.0017793650573478732,6.524722010564492e-07,2.0419295754930057e-05,2.820216569591365,1.2127643845643079,-0.18693957485567253,0.047518452606477718,1.7950468157520945,0.39648115680439172,0.039692239178888415,1.79506417246036,0.39649415139933741,0.039735037074907276
14.68,7340,0.0066407466649204784,0.01499955698161988,0,0.17892937554755955,5.0064712112070118e-05,0.0017598869948188323,6.503147820149101e-07,2.0240018397643986e-05,2.8205236033502823,1.2127887231363139,-0.18691854342926142,0.047507252786752795,1.7950588062635491,0.39586335564116187,0.038343931841137165,1.7950758675141691,0.39587743809971254,0.038388843682418863
14.700000000000001,7350,0.0066414651607709704,0.014999565128505544,0,0.1803378619041088,5.2078161047799227e-05,0.0017370351631379448,6.4438361534959653e-07,2.063237243740307e-05,2.8208310555424823,1.212813059255585,-0.18689751957895434,0.047496055866438514,1.7950708236960868,0.39525261164463599,0.037011046203300917,1.7950874290268546,0.3952677668016365,0.03705802193176258
14.720000000000001,7360,0.0066421866215271167,0.014999575546762201,0,0.18173028124514556,5.4094502281859037e-05,0.0017146521299443794,6.3807757170963228e-07,2.0383566426149207e-05,2.8211390183968352,1.2128373946191475,-0.18687649787971691,0.047484859008855053,1.7950826941734617,0.39464916896135538,0.035694116401716942,1.7950988521819828,0.39466539148928892,0.03574312623262052
14.74,7370,0.0066429111519071531,0.014999587856776813,0,0.18310600163116131,5.609559895627932e-05,0.0016915253412508185,6.3144014209787448e-07,2.0203972031729294e-05,2.8214475077093373,1.2128617294036257,-0.18685547794909091,0.047473662361315519,1.7950944264273152,0.39405328945428225,0.034393692070398468,1.7951101322642442,0.39407056081429631,0.034444699354504643
14.76,7380,0.0066436387562351347,0.014999604860731429,0,0.18446440952448648,5.8048543345447997e-05,0.0016661672155479654,6.231442108953066e-07,2.0702910668595484e-05,2.821756488632547,1.2128860627635929,-0.18683446259728154,0.047462467341085612,1.7951060921360424,0.39346521804588869,0.033110314011334852,1.7951212646635455,0.39348351787991925,0.033163271955669496
14.780000000000001,7390,0.0066443695861723336,0.01499962315300821,0,0.18580492686017663,5.9991421610391837e-05,0.0016409600555131233,6.1530374745256822e-07,2.0738089811501742e-05,2.8220660204853272,1.2129103957296259,-0.18681344840883354,0.047451272166879353,1.7951175867389502,0.39288518559858482,0.031844488962697551,1.7951322448791027,0.39290450002523969,0.031899362112024862
14.800000000000001,7400,0.0066451037636907628,0.01499964153574025,0,0.18712697338092296,6.1922784657327876e-05,0.0016158766424722044,6.0842865000064367e-07,2.0913097891518843e-05,2.8223761342191613,1.2129347286680203,-0.18679243418161567,0.047440076465633932,1.7951288858447203,0.39231342876014713,0.030596722816067425,1.7951430685235339,0.39233373860934739,0.030653474846047427
14.82,7410,0.0066458413923326156,0.014999659681139118,0,0.18842998442985046,6.3834581072717164e-05,0.0015907578761909379,6.0260627077458912e-07,2.0738089811501742e-05,2.8226868489254544,1.212959061681421,-0.18677141958658064,0.047428880171755894,1.7951399892751159,0.39175017507723753,0.029367509735706024,1.7951537313269508,0.39177145879552738,0.029426101655693801
14.84,7420,0.0066465825658023284,0.014999677583306606,0,0.1897134121231451,6.5719144536731039e-05,0.0015655396646615854,5.9780124359861785e-07,2.0597012732861101e-05,2.8229981794667212,1.2129833947743143,-0.18675040461771014,0.047417683317696142,1.795150901779623,0.39119564385984984,0.028157329886656077,1.7951642291410521,0.39121787933544672,0.028217720043312258
14.859999999999999,7430,0.0066473273726100068,0.01499969532305801,0,0.19097672512390981,6.7570172078812617e-05,0.0015401532312189878,5.9396021458852054e-07,2.1086653546985296e-05,2.8233101396119822,1.2130077279243967,-0.18672938935602792,0.047406485957798401,1.7951616274101161,0.39065004738167886,0.026966648748305861,1.7951745579432161,0.39067321235334174,0.027028793044555535
14.880000000000001,7440,0.0066480758978100666,0.014999712985866689,0,0.19221940883408595,6.938254534486495e-05,0.001514585304329687,5.9104046039361881e-07,2.063237243740307e-05,2.8236227430199716,1.2130320611076097,-0.18670837388724731,0.0473952881433201,1.7951721684067072,0.39011359116115241,0.025795916662628038,1.7951847138405932,0.3901376631302047,0.0258597687572929
14.9,7450,0.0066488282234505444,0.014999730640903557,0,0.19344096583521675,7.1152024502303275e-05,0.001488797157260683,5.8901285212167822e-07,2.0561592220437957e-05,2.8239360034090302,1.2130563943046664,-0.18668735828072566,0.047384089917050995,1.795182525349829,0.38958647382748574,0.024645568404965425,1.795194693074198,0.38961142988797132,0.02471107987052297
14.92,7460,0.0066495844105005216,0.014999747799335017,0,0.19464092140770545,7.2872508362232806e-05,0.0014628120247946691,5.8771036398904554e-07,2.0702910668595484e-05,2.8242499250844517,1.2130807277954412,-0.18666634204273658,0.047372891299334585,1.7951927102282998,0.38906887113364075,0.023516029283931057,1.7952044920230024,0.38909470357370723,0.02358314319328525
14.94,7470,0.0066503445109802684,0.014999764912043318,0,0.19581881212629118,7.4541970586727068e-05,0.0014365913110910508,5.8710782293600598e-07,2.1258792350482307e-05,2.8245645151788952,1.21310506139735,-0.18664532562686309,0.047361692395265838,1.7952027198238016,0.38856097365668013,0.022407698686113864,1.7952141072080277,0.38858766764379526,0.022476359183573019
14.960000000000001,7480,0.0066511085936913602,0.014999782474690007,0,0.19697419040163441,7.6159998977279601e-05,0.0014101105021335869,5.8735072635988351e-07,2.1086653546985296e-05,2.8248797899873357,1.2131293948464748,-0.18662430953317469,0.047350493236143945,1.7952125394622611,0.38806297299205639,0.021320955797692817,1.7952235352964381,0.3880904978481225,0.021391111477245595
14.98,7490,0.0066518767331149231,0.014999800278095228,0,0.19810663267752593,7.7724114106203317e-05,0.0013833831152788776,5.8846111762515324e-07,2.0982692419620152e-05,2.8251957652494313,1.2131537282138676,-0.18660329355152069,0.047339293773604206,1.79522216313473,0.38757503747578842,0.02025616902207936,1.7952327731056319,0.38760336201426737,0.020327766416941256
15,7500,0.0066526489972381512,0.01499981823639643,0,0.19921573566359546,7.9231557103704776e-05,0.0013564434770730334,5.9043235150033615e-07,2.1327258847706145e-05,2.8255124543194907,1.2131780615328398,-0.18658227759551993,0.047328094000508865,1.7952315881080627,0.38709732605594088,0.019213689369229282,1.7952418176073357,0.38712641983168605,0.019286672580987818
15.02,7510,0.0066534254493314854,0.014999836327652002,0,0.20030111625924624,8.0679674962545156e-05,0.0013293033590730185,5.9325181474886099e-07,2.084327099243578e-05,2.8258298695763377,1.2132023948146688,-0.18656126164301201,0.047316893926648396,1.7952408124336769,0.38662998977353158,0.018193849351808299,1.7952506659316951,0.38665982263590037,0.018268160312317178
15.040000000000001,7520,0.0066542060181393132,0.014999857121050847,0,0.20136242670470225,8.207001446662235e-05,0.0013034078823848138,5.9707651451570257e-07,2.1327258847706145e-05,2.8261479637759188,1.2132267275902735,-0.1865402482648586,0.047305694225734843,1.7952498847197231,0.38617315122096774,0.017196960059446431,1.7952593153713692,0.38620371319268421,0.017272541247376261
15.06,7530,0.0066549907168680653,0.014999880174306607,0,0.20239932020038776,8.3399052492087559e-05,0.0012780737688362221,6.0214763724434469e-07,2.1565179853261896e-05,2.8264667383036364,1.213251059893744,-0.18651923701965756,0.047294494850091129,1.7952587887618456,0.38572695223216691,0.016223316947702602,1.7952677633856216,0.38575822548225069,0.016300107845039824
15.08,7540,0.0066557796543907834,0.014999903029386733,0,0.20341146306420929,8.4660929141153101e-05,0.0012519972663927507,6.0831168462420663e-07,2.1497471115166028e-05,2.8267862387267368,1.2132753922049453,-0.18649822544683431,0.04728329518436554,1.7952674704672593,0.38529153832799667,0.01527319683039678,1.7952760076044139,0.38532348448343906,0.015351132915522342
15.1,7550,0.0066565728897122695,0.014999925171688726,0,0.2043985579966752,8.5853833569299407e-05,0.0012253088578274994,6.1536832700958932e-07,2.1017403266208992e-05,2.8271064816684972,1.2132997246939461,-0.18647721302951217,0.047272095067394826,1.7952759194007157,0.38486702665064054,0.01434685376734969,1.7952840458324977,0.38489960595790207,0.01442586914929142
15.120000000000001,7560,0.0066573704677002892,0.014999946546221499,0,0.20536033210890678,8.6975716413299412e-05,0.0011981793770231835,6.2316883124997958e-07,2.1327258847706145e-05,2.8274274765928422,1.2133240573925883,-0.18645619971203861,0.047260894482820039,1.7952841368720833,0.38445352222150081,0.013444521368181089,1.7952918760535077,0.38448669623429266,0.013524548645979184
15.140000000000001,7570,0.006658172426633694,0.014999967217992852,0,0.20629653555670413,8.8024336308094989e-05,0.0011707095415335129,6.316046632740917e-07,2.1733528855063329e-05,2.8277492310866355,1.2133483902902062,-0.18643518555938665,0.047249693455395397,1.7952921258175578,0.38405112066216096,0.012566412355287618,1.7952994964340543,0.38408485199245068,0.012647382443294414
15.16,7580,0.0066589788002551784,0.014999987265333137,0,0.2072069419980351,8.8997484955355253e-05,0.0011429870574835546,6.4059022182076535e-07,2.1258792350482307e-05,2.8280717521975416,1.2133727233694225,-0.18641417064998672,0.047238492014619209,1.79529988841193,0.38365990822857138,0.011712717953381416,1.7953069053278154,0.38369416004759072,0.011794560045935931
15.18,7590,0.0066597896181680672,0.015000006753578626,0,0.20809134920987113,8.9893037357076608e-05,0.0011150780645272035,6.5005282291210699e-07,2.1598954627055457e-05,2.8283950466353556,1.213397056615714,-0.18639315504926127,0.047227290185633035,1.7953074258804398,0.38327996147943066,0.010883607370064941,1.7953141012796296,0.3833146971344884,0.010966248954504293
15.200000000000001,7600,0.0066606049057583543,0.015000025733046665,0,0.20894957966599537,9.0708934838161701e-05,0.0010870433018405523,6.5992806189344481e-07,2.1565179853261896e-05,2.8287191206886773,1.2134213900185895,-0.18637213880757478,0.047216087988645988,1.7953147387502981,0.38291134695133466,0.010079227319923056,1.7953210830295889,0.38294652969166781,0.010162594194414093
15.220000000000001,7610,0.0066614246840220473,0.015000044241903796,0,0.2097814810845981,9.1443160931003372e-05,0.0010589546964065223,6.7015761647930444e-07,2.1258792350482307e-05,2.8290439801153591,1.2134457235709115,-0.18635112196310302,0.047204885440034733,1.7953218271035116,0.38255412086799723,0.0092997015582983941,1.795327849517131,0.38258971364558814,0.0093837178448065162
15.24,7620,0.0066622489693957529,0.015000062308845938,0,0.21058692696051456,9.2093724173655816e-05,0.0010308396677147695,6.8068795623393519e-07,2.1733528855063329e-05,2.8293696300340656,1.2134700572681332,-0.18633010454452043,0.047193682553315013,1.7953286907657653,0.38220832887204331,0.0085451304149521089,1.7953343998851314,0.38224429419483114,0.0086297185674618082
15.26,7630,0.0066630777736033098,0.015000079954929788,0,0.21136581708854602,9.2658647596853238e-05,0.0010027490604598446,6.9146936999255207e-07,2.183391520383078e-05,2.8296960748432136,1.2134943911077689,-0.1863090865728397,0.04718247933978198,1.7953353294428176,0.38187400577092506,0.0078155903262573344,1.7953407334839973,0.38191030559428757,0.0079006711357108017
15.280000000000001,7640,0.0066639111035133747,0.01500009719487016,0,0.21211807808041913,9.3135962576172478e-05,0.00097471789148884905,7.0245521185060636e-07,2.1395506250453509e-05,2.830023318152342,1.2135187250890174,-0.18628806806271234,0.047171275808931372,1.7953417428207863,0.38155117529252275,0.0071111333663111866,1.7953468498757585,0.38158777093934476,0.0071966259633484686
15.300000000000001,7650,0.0066647489610027,0.015000114038000747,0,0.21284366387670914,9.3523705310146e-05,0.00094678454659555028,7.1360130408572418e-07,2.1733528855063329e-05,2.8303513627124937,1.2135430592124754,-0.18626704902339125,0.047160071968763338,1.7953479306411189,0.38123984984790832,0.006431786777365626,1.7953527488381615,0.38127670195007346,0.0065176086335457795
15.32,7660,0.0066655913428223515,0.015000130489069761,0,0.21354255625461568,9.3819914844372191e-05,0.00091898888121693561,7.248654794548269e-07,2.2099382890764463e-05,2.8306802103610802,1.2135673934799149,-0.1862460294595317,0.047148867826026689,1.7953538927569865,0.38094003029960183,0.0057775524998248378,1.7953584303687611,0.38097709875541452,0.0058636194277614795
15.34,7670,0.0066664382404655834,0.015000146548916661,0,0.21421476533232703,9.4022632016178164e-05,0.00089136830891581396,7.3620724104098639e-07,2.1531352099333316e-05,2.8310098619636923,1.2135917278940924,-0.1862250093718687,0.047137663386424979,1.7953596291757896,0.38065170573402757,0.0051484067019355274,1.7953638946890129,0.38068894967736616,0.0052346328546548915
15.359999999999999,7680,0.0066672894974325074,0.01500016207942613,0,0.21486032701195257,9.4127056443091441e-05,0.00086367549627190622,7.4729552222346019e-07,2.1900583802360337e-05,2.8313402667515239,1.213616062652215,-0.18620398861766638,0.047126458833270435,1.7953651485541149,0.38037485662578702,0.0045443005499858627,1.7953691422483673,0.3804122310151713,0.0046305971789988853
15.380000000000001,7690,0.0066681449894666379,0.01500017704185874,0,0.21547931141789695,9.4133082847801198e-05,0.0008359817421825864,7.5814308155300959e-07,2.183391520383078e-05,2.8316713882892479,1.2136403977216257,-0.1861829671593801,0.047115254082260083,1.7953704470710008,0.380109446261719,0.0039651561714551488,1.7953741737283599,0.38014690682950381,0.0040514339505909047
15.4,7700,0.0066690046983809573,0.015000191425274237,0,0.21607181950524587,9.4041495877119236e-05,0.00080854032162317293,7.6888843369918761e-07,2.1565179853261896e-05,2.8320032284955263,1.2136647329761443,-0.18616194498919833,0.047104048947605927,1.7953755157481954,0.37985542415908025,0.0034108682833867998,1.7953789900467059,0.37989292872665636,0.0034970375331664916
15.42,7710,0.0066698685973900721,0.015000205188918382,0,0.21663797931373255,9.3849903809488705e-05,0.00078137782035589214,7.7946333209945245e-07,2.183391520383078e-05,2.8323357851833002,1.2136890684336743,-0.18614092206591418,0.047092843431583896,1.7953803555471495,0.37961273044641569,0.002881305524159849,1.7953835923613914,0.37965023564272682,0.002967274633311201
15.44,7720,0.0066707366509546947,0.015000218347199109,0,0.21717794975806168,9.3555891143287155e-05,0.00075454754736633861,7.8983499785108668e-07,2.206637408534863e-05,2.8326690535636101,1.213713404096312,-0.18611989840370549,0.04708163755530477,1.7953849692687134,0.37938129227090406,0.0023763084273804246,1.7953879820747674,0.37941875362780514,0.0024619838293720442
15.460000000000001,7730,0.006671608816720547,0.015000230928954269,0,0.21769192126910863,9.3157236094340071e-05,0.00072806020124503257,7.9998804297261839e-07,2.1967050066869309e-05,2.8330030273237869,1.2137377399594205,-0.18609887403135292,0.047070431339271517,1.7953893597668757,0.37916102349244024,0.0018956888297219467,1.7953921608376402,0.37919839563016156,0.0019809751003723175
15.48,7740,0.0066724850461447284,0.015000242961385666,0,0.2181801161704322,9.2651820730588666e-05,0.00070194525685085367,8.099119174608432e-07,2.2000207897163392e-05,2.8333376988954337,1.2137620760179035,-0.18607784897604787,0.047059224800962432,1.7953935297726813,0.37895182460166305,0.0014392294399513256,1.7953961305533666,0.37898906128043175,0.001524029354920603
15.5,7750,0.0066733652845322108,0.015000254466766243,0,0.21864278911913498,9.2037580318288256e-05,0.00067622106697271043,8.1959701860376375e-07,2.2296409518597789e-05,2.8336730594603314,1.2137864122677562,-0.1860568232600544,0.047048017955368081,1.7953974819967795,0.37875358255046099,0.0010066833936457937,1.7953998933819444,0.37879063667580543,0.001090897960125653
15.52,7760,0.0066741998408729819,0.015000258967762617,0,0.21908030222066346,9.1384057322978806e-05,0.0006398257403213395,8.238756618073184e-07,2.1900583802360337e-05,2.8339919346855074,1.2138107498693467,-0.18603579027240114,0.047036812430239563,1.7954013800569124,0.37856613307857351,0.0005977079261392773,1.7954034517441062,0.37860299416421267,0.00068130227050827719
15.540000000000001,7770,0.0066750036472557443,0.015000271102807005,0,0.2194930248683658,9.0735593113614813e-05,0.00058682018529833684,8.340285613505696e-07,2.2198114802541581e-05,2.8342994334966813,1.2138350859177973,-0.18601476492906174,0.047025605910926929,1.7954053838560091,0.37838930516223379,0.00021195734567821942,1.7954068083254109,0.37842599212851086,0.00029493315691250799
15.56,7780,0.0066758147094836398,0.01500028828238429,0,0.21988115597506958,8.9942193199605091e-05,0.0005396308733390077,8.4805952543410937e-07,2.1933842111273517e-05,2.8346087895977083,1.2138594207207871,-0.18599374456037143,0.047014399457255412,1.7954091501701321,0.37822302208191438,-0.00015076949796889919,1.7954099660803373,0.37825947477067212,-6.8549464580291986e-05
15.58,7790,0.0066766304853391354,0.015000303461137472,0,0.22024506268017446,8.8982307195601052e-05,0.00050013649195259778,8.6065310376935886e-07,2.2132342465963256e-05,2.8349191727590659,1.2138837558933162,-0.18597272201163187,0.047003193365603706,1.7954125891537889,0.37806713374894707,-0.00049082989699406022,1.7954129282363762,0.37810327189596971,-0.0004095171037409584
15.6,7800,0.0066774502768061844,0.01500031606265525,0,0.22058518708619282,8.7871449287388163e-05,0.00046573176326678299,8.7139863763182005e-07,2.2524095754713237e-05,2.8352303497427744,1.2139080917012108,-0.18595169671501985,0.046991987166089974,1.7954157290897772,0.37792144922600229,-0.00080864374696554156,1.7954156982981231,0.37795719869716565,-0.00072837316727858425
15.620000000000001,7810,0.0066782425409856174,0.015000319148378747,0,0.22090202819253843,8.6650053755849224e-05,0.0004296034247171405,8.7488461312623296e-07,2.2329078268013787e-05,2.8355314911975347,1.2139324299608185,-0.18593066165582797,0.046980780525710114,1.795418609436557,0.37778575889211052,-0.0011046879360626727,1.7954182800513705,0.37782105553869733,-0.0010255534299290214
15.640000000000001,7820,0.0066790165824145136,0.015000326813674714,0,0.22119612191402124,8.5353653387702878e-05,0.00038816948164991413,8.8207863744843915e-07,2.2000207897163392e-05,2.835825745008568,1.2139567673900542,-0.18590963113878067,0.046969572928970187,1.7954214239920747,0.37765981153264211,-0.0013794528851684188,1.7954206775672008,0.37769462774086449,-0.0013015265055428271
15.66,7830,0.0066797963647431038,0.015000340217045216,0,0.22146793230126216,8.391077597466041e-05,0.00035203024576095204,8.9366556401145933e-07,2.2296409518597789e-05,2.836121397653744,1.2139811032754748,-0.18588860628291934,0.046958365945175322,1.7954240696998218,0.37754340296043737,-0.001633373399479939,1.7954228952060789,0.37757768536401654,-0.0015567943181721
15.68,7840,0.0066805802885030307,0.015000352386294279,0,0.22171801153350679,8.2306434197096132e-05,0.00032162912245520627,9.0431958873586482e-07,2.2329078268013787e-05,2.8364179493646944,1.2140054394414383,-0.18586758003516771,0.046947159084475547,1.7954264514237208,0.37743630847608789,-0.001866979752107882,1.795424937621944,0.37746998299273965,-0.0017918925731577329
15.700000000000001,7850,0.006681367862263551,0.015000362673138192,0,0.22194697423964371,8.0548834372368616e-05,0.0002953563264025256,9.1356775621973099e-07,2.2394272795856101e-05,2.8367152465796064,1.2140297761427565,-0.18584655175076814,0.046935951971440348,1.7954285806130803,0.37733826525855951,-0.0020808511324495629,1.7954268097663038,0.37737125952004325,-0.0020073912282188577
15.720000000000001,7860,0.0066821589103618403,0.015000374474885572,0,0.22215547786416304,7.8649640389291521e-05,0.00027234977851530405,9.2413415131085863e-07,2.2132342465963256e-05,2.8370132273573647,1.2140541122455166,-0.18582552485664466,0.046924745127797547,1.7954305263777532,0.37724898047063499,-0.0022755970155362727,1.795428516892325,0.37728123793154711,-0.0022038949645392381
15.74,7870,0.0066829533717877232,0.015000387649900285,0,0.22234420438054697,7.6609535735369625e-05,0.00025198908963129668,9.3589710800517431e-07,2.2588727439225648e-05,2.83731188832903,1.2140784478958166,-0.18580449921480777,0.046913538420404743,1.79543229708427,0.37716816237320272,-0.0024518586581675993,1.7954300645589276,0.3771996250896692,-0.0023820436578543824
15.76,7880,0.0066837511685654185,0.015000399733764999,0,0.22251386370709483,7.4423412306182335e-05,0.00023380307203305569,9.4686355001533586e-07,2.2717439178655149e-05,2.8376112323077893,1.2141027840187555,-0.18578347234868553,0.046902331219535257,1.7954338639740668,0.37709551200274677,-0.0026103120259409569,1.795431458634877,0.37712611151781134,-0.0025425128495411564
15.780000000000001,7890,0.0066845521666408156,0.015000410354154276,0,0.22266521562177283,7.2090996066353865e-05,0.00021742917858012776,9.5672663799339542e-07,2.206637408534863e-05,2.8379112333997858,1.2141271207262565,-0.18576244388398913,0.046891123423095406,1.7954352335702368,0.37703070354212193,-0.0027516690010094234,1.7954327053028756,0.37706037118454716,-0.0026860142177037305
15.800000000000001,7900,0.0066853562114129053,0.015000419501257118,0,0.22279906180170453,6.9612599842929868e-05,0.00020264493301695873,9.6545466164051771e-07,2.2198114802541581e-05,2.8382118572799016,1.2141514580108326,-0.18574141380997067,0.04687991505242578,1.7954364208714979,0.37697339271052138,-0.0028766775568905673,1.7954338110636567,0.37700206128780939,-0.0028132960482606384
15.82,7910,0.0066861631344672942,0.015000427247292291,0,0.22291624318388309,6.6988223611949083e-05,0.0001891681897705768,9.7308149941155633e-07,2.2198114802541581e-05,2.8385130656465676,1.2141757958413717,-0.18572038219820233,0.046868706158080031,1.7954374411568452,0.37692321847424282,-0.0029861223755151484,1.7954347827400767,0.37695082203907548,-0.0029251437060355823
15.84,7920,0.0066869727563951984,0.015000433671074242,0,0.22301764039573485,6.4217451781863776e-05,0.00017694342956267733,9.7965120263604205e-07,2.2198114802541581e-05,2.8388148176502126,1.2142001341865183,-0.18569934912702993,0.046857496790134033,1.7954383082633043,0.3768798030955095,-0.0030808254320198463,1.7954356274812069,0.37690627644755614,-0.0030223801058412991
15.860000000000001,7930,0.006687784888063218,0.015000438841113625,0,0.22310417435520788,6.1299512477580944e-05,0.00016564969001783641,9.8520462014980533e-07,2.2781522350186147e-05,2.8391170703306936,1.2142244730195826,-0.18567831466463613,0.046846286991473224,1.7954390346559235,0.3768427518451648,-0.0031616465323468725,1.7954363527664272,0.37686803010438141,-0.0031058661835697554
15.880000000000001,7940,0.0066885993311620647,0.015000442815041634,0,0.22317680687454786,5.8233355249417871e-05,0.00015534457830470246,9.8977799804320149e-07,2.262097403300073e-05,2.8394197787273519,1.2142488123183963,-0.18565727886842931,0.046835076798088772,1.7954396318204064,0.37681165268139999,-0.0032294838286733149,1.7954369664095182,0.37683567096678805,-0.0031765013672788167
15.9,7950,0.0066894158784272396,0.015000445641815428,0,0.22323654124343789,5.5017719131928606e-05,0.00014580794223522116,9.9340381071009286e-07,2.2263692832568247e-05,2.8397228958806697,1.2142731520643768,-0.18563624178721899,0.046823866240656195,1.7954401106177935,0.37678607594834745,-0.0032852743242089101,1.7954374765627532,0.37680876914230604,-0.003235224048280777
15.92,7960,0.006690234313703981,0.01500044736350109,0,0.22328442279327226,5.1651188371818426e-05,0.00013707787231869613,9.9611149089445202e-07,2.2033315828455735e-05,2.840026372800549,1.2142974922417642,-0.18561520346297122,0.046812655345883053,1.79544048155201,0.3767655740966685,-0.0033299943710235216,1.7954378917209917,0.3767868766729468,-0.0032830120522277795
15.94,7970,0.0066910544119317319,0.015000448016414676,0,0.22332153944663707,4.8132238032684728e-05,0.00012915989757557599,9.9792784377983052e-07,2.2717439178655149e-05,2.8403301584233147,1.214321832837115,-0.18559416393192937,0.046801444137447877,1.7954407549655755,0.37674968142093446,-0.0033646601621952262,1.7954382207257717,0.37676952731938879,-0.0033208831102022884
15.960000000000001,7980,0.0066918759390842764,0.015000447631882597,0,0.22334902225559192,4.4459272769804237e-05,0.0001217697936634121,9.9887731780778469e-07,2.2940947124789083e-05,2.8406341995620705,1.2143461738389401,-0.18557312322536115,0.046790232636638264,1.7954409411826759,0.37673791380931709,-0.0033903282192777394,1.7954384727694017,0.37675623634516503,-0.0033498953298035927
15.98,7990,0.0066926986916938181,0.015000447959648543,0,0.22336805267348075,4.063641729916735e-05,0.00011527525178280721,1.0006734474990508e-06,2.2361699290911531e-05,2.8409384501590713,1.2143705142927186,-0.18555208310945995,0.046779021137313234,1.7954410636463745,0.3767297590959493,-0.0034080970971248647,1.7954386573990542,0.37674650030085099,-0.0033711476662336426
16,8000,0.0066935224964805142,0.015000448218561028,0,0.22337984547678114,3.66586276328313e-05,0.00010933637455191659,1.0025315133965105e-06,2.2394272795856101e-05,2.8412428832821655,1.2143948546404228,-0.185531042795061,0.04676780953458088,1.7954411253223044,0.37672470119869544,-0.0034191045317972556,1.7954387845208573,0.37673979680824993,-0.0033857803933884933
16.02,8010,0.0066943471344900578,0.015000446482392002,0,0.22338565672091265,3.2517671267209211e-05,0.000104076373226801,1.0026120607856595e-06,2.265317472408141e-05,2.8415474603319488,1.2144191958836807,-0.18551000033865256,0.046756597497024328,1.7954411186444663,0.37672221005430701,-0.0034245296897861027,1.7954388644039883,0.37673558434458115,-0.0033949755749427823
16.039999999999999,8020,0.006695172337872232,0.015000442515007501,0,0.2233867953975705,2.8211879691011948e-05,9.9449055444545523e-05,1.0007589852128145e-06,2.2099382890764463e-05,2.8418521213237127,1.2144435380779315,-0.18548895550338773,0.04674538495738962,1.7954410507105287,0.3767217256151687,-0.0034255954817897652,1.7954389076847652,0.37673330202666672,-0.0033999575354385914
16.059999999999999,8030,0.0066959978250385006,0.015000436326151246,0,0.22338461703420268,2.3740661052360783e-05,9.5309593794332082e-05,9.9701668857073325e-07,2.2491710265994076e-05,2.842156800952544,1.2144678811981624,-0.18546790829943793,0.046734171917090679,1.7954409343005739,0.376722666914313,-0.0034235675070084918,1.7954389253707406,0.37673236939511834,-0.0034019933313730322
16.080000000000002,8040,0.0066968233037673396,0.015000427993782286,0,0.2233805232326676,1.9103933803957218e-05,9.1787616029363067e-05,9.9148079051623115e-07,2.2556434745889217e-05,2.8424614308156717,1.2144922252063981,-0.18544685880526457,0.046722958402493561,1.7954407838514077,0.37672443332264272,-0.0034197544478419299,1.7954389288447925,0.37673218619852433,-0.0034023932222858877
16.100000000000001,8050,0.0066976486109023761,0.01500041499880108,0,0.22337595658762333,1.4341817170259242e-05,8.8981074205620226e-05,9.8221828434684362e-07,2.265317472408141e-05,2.8427660016710306,1.2145165709799273,-0.1854258044890324,0.046711743745936861,1.7954405701276723,0.37672641405900087,-0.0034155090486841593,1.7954389064244689,0.37673228361529082,-0.0034025295217145366
16.120000000000001,8060,0.0066984736386665397,0.01500039918770645,0,0.22337222002113452,9.8428287453779076e-06,8.6766256380818487e-05,9.7069751446083522e-07,2.2132342465963256e-05,2.8430705611291205,1.2145409181171392,-0.18540474720379596,0.046700528155944276,1.7954402880960605,0.37672833706419162,-0.0034122707298914617,1.7954386719375321,0.37673331143575434,-0.0034039325684107661
16.140000000000001,8070,0.0066992984966992592,0.015000393798048387,0,0.22337007390943234,6.7144297470351011e-06,8.5206438798822036e-05,9.6750607932072117e-07,2.2459278078588273e-05,2.8433753607527676,1.2145652618953693,-0.18538370026326084,0.046689314227156255,1.7954399212271515,0.37673099592570369,-0.0034116209371926644,1.7954379667843177,0.37673640231541433,-0.0034081518349551973
16.16,8080,0.0067001236365470613,0.015000410085226326,0,0.22336991086746544,7.530438304223814e-06,8.4450255366738951e-05,9.8143784823602584e-07,2.2296409518597789e-05,2.8436808765856951,1.2145895982326085,-0.18536267498586098,0.046678104529677848,1.795439312632225,0.37673581219976704,-0.0034151639594596742,1.7954365417606402,0.37674264858446582,-0.0034166784283316772
16.18,8090,0.0067009498215580667,0.015000439100696985,0,0.22337206775252194,1.1710875403209916e-05,8.4190913198310067e-05,1.0046698082931649e-06,2.2000207897163392e-05,2.8439877518190504,1.2146139303714956,-0.18534166235255234,0.046666899987930908,1.7954380396893224,0.37674418643451774,-0.0034244171555091372,1.795434157354262,0.37675310009064106,-0.0034309454639963382
16.199999999999999,8100,0.0067017778054801426,0.015000466288013378,0,0.22337689926789214,1.6935708443249275e-05,8.4631322026462811e-05,1.025994504410052e-06,2.2329078268013787e-05,2.8442966355998278,1.2146382632936137,-0.18532064773000698,0.046655697230425647,1.7954355735378869,0.37675738802541447,-0.003440818405010516,1.7954305836213835,0.37676876474058957,-0.00345232880489885
16.219999999999999,8110,0.0067026080563192944,0.015000492120525949,0,0.22338480647908285,2.2465376748367864e-05,8.5735199674448909e-05,1.0465083342484924e-06,2.2165253030559974e-05,2.8446079877908286,1.2146625967459634,-0.18529963160915297,0.046644494316793413,1.7954316502988055,0.37677651630581094,-0.0034657318750541096,1.7954256000631321,0.37679060904125788,-0.0034821478005036665
16.240000000000002,8120,0.0067034410619455868,0.015000513580461092,0,0.22339617419570479,2.8040637321783986e-05,8.7460765679369469e-05,1.063830864639743e-06,2.2296409518597789e-05,2.8449222658718272,1.2146869316367506,-0.18527861096155576,0.046633290144994476,1.7954259977909581,0.37680260944334865,-0.0035004535299340495,1.7954189955020521,0.37681955864126909,-0.0035216660258112834
16.260000000000002,8130,0.0067042772247181397,0.015000531226314277,0,0.2234113843948719,3.3562396284517999e-05,8.9804650845437667e-05,1.0782560562305553e-06,2.2524095754713237e-05,2.8452398609263923,1.2147112677837291,-0.18525758634858275,0.046622084889131991,1.7954184340343993,0.37683662670498219,-0.0035462143029034352,1.7954105679585948,0.37685649887230305,-0.0035720920203794579
16.280000000000001,8140,0.0067051168801181577,0.015000550295046367,0,0.22343081683427796,3.9003236047444312e-05,9.2837824657500712e-05,1.094007888760059e-06,2.2877310533063834e-05,2.8455611054850194,1.2147356034982917,-0.18523656303179006,0.046610879961677211,1.7954088633968261,0.3768794515580855,-0.0036041832869484992,1.7954001245276068,0.3769022752904761,-0.0036345800273444983
16.300000000000001,8150,0.0067059604906694525,0.015000564836219957,0,0.22345481444980617,4.4282592806133927e-05,9.651041587297898e-05,1.1061492822641802e-06,2.2230927998283902e-05,2.8458864222801825,1.2147599406875194,-0.18521553503330446,0.046599673764755156,1.7953969913067422,0.37693195578837457,-0.0036754738598429315,1.7953874812548216,0.37695769421772057,-0.0037102307324424883
16.32,8160,0.00670680837875374,0.015000575502093065,0,0.22348372118839285,4.938032458083712e-05,0.00010073805462798241,1.1151396308902972e-06,2.2588727439225648e-05,2.8462161375428328,1.2147842791405752,-0.18519450300879559,0.046588466453601964,1.7953826591337787,0.37699493490024605,-0.0037611412656058329,1.795372463013347,0.37702352328316502,-0.0038000920030305421
16.34,8170,0.006707660814927908,0.015000587224023192,0,0.2235178752639812,5.4309326893828017e-05,0.00010566117209383943,1.1250624495168581e-06,2.2329078268013787e-05,2.8465505266443443,1.2148086172857635,-0.18517347191225342,0.046577259385802559,1.7953657932724052,0.37706912191878306,-0.0038621848267557215,1.7953549033801566,0.37710049196451384,-0.0039051596271080517
16.359999999999999,8180,0.0067085181426502164,0.015000600273917501,0,0.22355758926158914,5.9056505092763904e-05,0.00011129226850084976,1.1361592895552903e-06,2.2717439178655149e-05,2.8468899052150842,1.2148329550395165,-0.18515244201679046,0.046566052644560457,1.7953462362127772,0.37715522458263989,-0.0039795517185484,1.7953346445125782,0.37718929212942709,-0.0040263780523379384
16.379999999999999,8190,0.0067093806944412077,0.015000614428707393,0,0.2236031589383721,6.3609341804087794e-05,0.00011751722066122102,1.1482617502080089e-06,2.2000207897163392e-05,2.8472345779658816,1.2148572924736281,-0.18513141309836742,0.046554846165026642,1.7953238259290047,0.37725391134764308,-0.0041141372094137324,1.7953115370247841,0.37729057857690029,-0.0041646411250679007
16.399999999999999,8200,0.0067102487837122724,0.015000629455088576,0,0.22365486475917171,6.7959545797747429e-05,0.00012427613187677259,1.1611890000980205e-06,2.2329078268013787e-05,2.8475848322304658,1.2148816296628855,-0.18511038492272194,0.046543639876070395,1.7952984110974775,0.37736581008946618,-0.004266785594820641,1.7952854398642804,0.37740496957864433,-0.0043207928293516615
16.420000000000002,8210,0.0067111227044676907,0.015000645164420026,0,0.22371297187481973,7.2102234947470464e-05,0.00013164181890112198,1.1747926854838633e-06,2.2361699290911531e-05,2.8479409379321101,1.2149059666682889,-0.18508935730047166,0.046532433719313732,1.7952698517547916,0.37749150944936044,-0.0044382912172123293,1.7952562201883968,0.37753304742046523,-0.0044956280259702535
16.440000000000001,8220,0.0067120027888000408,0.015000655243109161,0,0.22377771747816802,7.6000392575378188e-05,0.000139361386236018,1.183589424930637e-06,2.2426798989897964e-05,2.8483032004018298,1.2149303055035721,-0.18506832388911185,0.046521225957081087,1.795237907759154,0.37763158242453865,-0.0046294008311410766,1.795223753240776,0.3776753589436439,-0.0046898931914531386
16.460000000000001,8230,0.0067128892139832622,0.015000660976305738,0,0.22384941103187922,7.966586491455548e-05,0.00014753248133736365,1.188638674316017e-06,2.2588727439225648e-05,2.8486718193713694,1.2149546457572724,-0.18504728598014353,0.046510016915131763,1.7952024973726624,0.37778653547717517,-0.0048408112964001097,1.7951879222278635,0.37783241608631596,-0.0049042871570996426
16.48,8240,0.0067137821145517099,0.015000667562463871,0,0.22392850497975303,8.3131464209609921e-05,0.00015605151296688635,1.1944417553361703e-06,2.2198114802541581e-05,2.8490469508450218,1.2149789857776097,-0.18502624879589083,0.046498808033140951,1.7951636137043421,0.37795682629393934,-0.0050731713839833768,1.7951486181953973,0.37800469642485174,-0.005139461848000083
16.5,8250,0.0067146817097589444,0.015000675192951661,0,0.22401529677842652,8.6398795083619313e-05,0.00016497505082484638,1.201169102803103e-06,2.2459278078588273e-05,2.8494287994870722,1.2150033255070374,-0.1850052125285418,0.046487599371021163,1.7951211562495344,0.37814289840148174,-0.0053270847027461097,1.7951057399048971,0.37819264371523598,-0.0053960230220570539
16.52,8260,0.0067155882093547668,0.015000683661143217,0,0.22411006986804097,8.9466446529380474e-05,0.00017418656369066999,1.2086484257629196e-06,2.2132342465963256e-05,2.8498175608298264,1.215027665012286,-0.18498417697053632,0.046476390867512526,1.7950750203119143,0.37834516387109712,-0.0056031094178354557,1.7950591937101545,0.37839666843444741,-0.0056745310090066618
16.539999999999999,8270,0.0067165018061446933,0.015000692785320933,0,0.22421310423071578,9.2334308847811367e-05,0.00018362287475141438,1.2167282195673263e-06,2.2361699290911531e-05,2.850213415126809,1.2150520043518882,-0.18496314193939431,0.046465182465244954,1.7950251115107378,0.37856400107019939,-0.0059017588687182432,1.7950088934337223,0.37861714832183901,-0.0059755014494397903
16.559999999999999,8280,0.0067174225983290233,0.015000709316010396,0,0.22432469078973502,9.5040241973969953e-05,0.00019324728463968662,1.2314151702634554e-06,2.206637408534863e-05,2.8506164634682882,1.2150763413716734,-0.18494211421713069,0.046453975996361231,1.7949714689679357,0.37879973070589268,-0.0062235010179426814,1.7949547602434039,0.37885442892051757,-0.0062994060338233343
16.580000000000002,8290,0.006718350823826269,0.015000731636858075,0,0.22444509883548205,9.7573437104076955e-05,0.00020315507583649908,1.2513735449676368e-06,2.2296409518597789e-05,2.8510268935297116,1.215100676592672,-0.18492109217960601,0.046442771038373611,1.7949139756389183,0.37905267441372614,-0.0065687622894909006,1.7948967225287435,0.37910882411872343,-0.0066466732415215272
16.600000000000001,8300,0.0067192867479753064,0.015000753589816899,0,0.22457458652496459,9.9900362996588397e-05,0.00021318712560519746,1.271156646642749e-06,2.2033315828455735e-05,2.8514449174801779,1.2151250119779511,-0.18490006964037448,0.046431565887411201,1.7948524450449317,0.37932313773896342,-0.0069379273994665935,1.7948347157775153,0.37938061669121048,-0.0070176890798169262
16.620000000000001,8310,0.006720230507023279,0.015000774575729785,0,0.22471342269329864,0.00010202158751389801,0.00022337564316818629,1.2902089802575767e-06,2.2394272795856101e-05,2.851870662739056,1.2151493477177164,-0.1848790459977584,0.046420360360474353,1.7947868115391195,0.37961137272160017,-0.0073313381398949782,1.7947686824522131,0.37967005884062588,-0.007412797822932039
16.640000000000001,8320,0.0067211822101800652,0.01500079461994208,0,0.22486187600562427,0.0001039430300154724,0.00023357848927688752,1.3085292667334296e-06,2.1933842111273517e-05,2.8523042347300605,1.2151736838056648,-0.18485802127738848,0.04640915445911354,1.7947170339515577,0.37991759782075057,-0.007749295136537976,1.79469857186654,0.37997737273888993,-0.0078323027510503306
16.66,8330,0.0067221419510213685,0.015000813786931246,0,0.22502021291441174,0.00010567027231872414,0.00024387458004009122,1.3261544038364245e-06,2.2296409518597789e-05,2.8527457258669777,1.2151980202232886,-0.18483699554413188,0.046397948199445628,1.7946430765351373,0.38024200224529497,-0.0081920587647731479,1.7946243400618984,0.38030275106857581,-0.0082764668893375234
16.68,8340,0.0067231096385680063,0.015000843089452388,0,0.22518871993130449,0.00010726656621273172,0.00025421244727015518,1.3532986652461558e-06,2.1666346224911465e-05,2.8531950984708616,1.2152223534355151,-0.18481597986313519,0.046386744520640191,1.794565103002703,0.38058470754829393,-0.0086598484556667885,1.7945459496838789,0.38064635756428949,-0.0087455137469628595
16.699999999999999,8350,0.0067240854251964426,0.0150008804690001,0,0.22536765175393639,0.00010871848862892836,0.00026462851548556904,1.3882238510623627e-06,2.2198114802541581e-05,2.8536524649764683,1.2152466841132634,-0.18479497216560078,0.046375542911217774,1.7944830265166074,0.38094585878434106,-0.0091528468462717689,1.7944633698587507,0.38100832755404945,-0.0092396280561203373
16.719999999999999,8360,0.006725069564038972,0.015000916126383261,0,0.22555724596571267,0.00010997241055923977,0.00027501055048221348,1.4218346865803278e-06,2.2000207897163392e-05,2.8541180056437052,1.2152710153971258,-0.18477396260605161,0.046364340718780636,1.7943966333237624,0.38132559949687206,-0.0096711993767910377,1.7943765760699504,0.38138876850066655,-0.0097589565110499706
16.740000000000002,8370,0.0067260621167438764,0.015000948796148614,0,0.22575775789870609,0.00011102642632483805,0.00028532905773329288,1.4528713122955783e-06,2.1900583802360337e-05,2.8545917783603274,1.2152953476877781,-0.18475294991342478,0.046353137572431376,1.794305889131274,0.38172401092932201,-0.010215012935906142,1.7942855500345722,0.38178776054312397,-0.010303608507059126
16.760000000000002,8380,0.0067270631048968197,0.015000978526206148,0,0.22596944409736383,0.00011188885841241177,0.00029559315621017064,1.4813046463768236e-06,2.1733528855063329e-05,2.8550738109180851,1.2153196809704885,-0.18473193413604133,0.046341933479828817,1.7942107993912388,0.38214114094894786,-0.010784357675234875,1.7941902795798577,0.38220535703795661,-0.010873656879543388
16.780000000000001,8390,0.0067280725326100107,0.015001005558866092,0,0.22619255814445335,0.00011256812572185953,0.00030575111234044781,1.5073052095128288e-06,2.206637408534863e-05,2.8555641177881754,1.2153440151694754,-0.18471091551741725,0.046330728508773018,1.7941113754941429,0.38257701126394289,-0.011379267941953812,1.7940907585196846,0.3826415851006314,-0.0114691386430084
16.800000000000001,8400,0.0067290903912624028,0.015001030107785761,0,0.22642734978157522,0.00011307131123206703,0.00031581316832007074,1.5310310253929594e-06,2.1463536648682345e-05,2.8560627031424577,1.2153683502175772,-0.18468989427224664,0.046319522718811734,1.794007630093376,0.38303161882109743,-0.011999743036717411,1.7939869865310576,0.38309644614692695,-0.012090055730090692
16.82,8410,0.0067301163654980064,0.015001068780732827,0,0.22667409878790903,0.00011349090918599278,0.00032577478509829852,1.5686906794698499e-06,2.1800504449438904e-05,2.8565693720395551,1.2153926806876698,-0.18466888709165769,0.046308320263048409,1.793899864021312,0.38350487708865044,-0.012645747537688389,1.7938789690305965,0.38356991643431315,-0.012736375730579074
16.84,8420,0.0067311505116972401,0.015001119401653749,0,0.22693303658735212,0.0001138102507082244,0.00033573827692657014,1.6183340150003243e-06,2.1327258847706145e-05,2.8570841553384065,1.2154170073234456,-0.18464789178717528,0.04629712070893531,1.7937880228795857,0.38399675056562466,-0.013317213133024903,1.7937667170510272,0.38406194760333134,-0.013408032630435846
16.859999999999999,8430,0.0067321930950057776,0.015001167312492408,0,0.22720436509489153,0.00011394757771263816,0.00034551577070743365,1.6656263488930174e-06,2.1632676668865267e-05,2.8576072144931555,1.2154413349048607,-0.18462689362748227,0.046285920344552908,1.7936718435574819,0.38450722256450448,-0.014014038721376559,1.793650247117671,0.38457246721897381,-0.014104927550818071
16.879999999999999,8440,0.0067332441164597969,0.015001209789398473,0,0.2274883099158421,0.00011389291011641746,0.00035513289279088438,1.7077968741494497e-06,2.1666346224911465e-05,2.8581385458166171,1.2154656642947268,-0.18460588987625343,0.046274718393261631,1.7935513059686117,0.38503620297518226,-0.014736090776998712,1.7935295811249334,0.38510137931206379,-0.014826929487098805
16.899999999999999,8450,0.0067343035138369587,0.015001246613026783,0,0.2277850975022789,0.00011365515736320996,0.00036457634266586343,1.7445292637513647e-06,2.1632676668865267e-05,2.8586781005949642,1.2154899955594722,-0.18458488031340542,0.046263514782390741,1.7934264570990051,0.38558356664960275,-0.015483204349007233,1.7934047462127947,0.38564856492063532,-0.015573876047888374
16.920000000000002,8460,0.0067353712002776334,0.015001278191660939,0,0.2280949481369732,0.00011324578449337702,0.00037380468433093728,1.7761506681323176e-06,2.1463536648682345e-05,2.8592258129380448,1.2155143285681185,-0.18456386534924746,0.04625230962459842,1.7932973567062742,0.38614916473149985,-0.016255183842208695,1.793275774643299,0.38621388263131301,-0.016345574194055718
16.940000000000001,8470,0.0067364470752369976,0.015001305019156665,0,0.22841807389855648,0.00011267503937532725,0.0003828429939607305,1.8030969913218356e-06,2.1531352099333316e-05,2.8597816070258735,1.2155386631622924,-0.18454284547999419,0.046241103058144203,1.7931640650266807,0.38673282739949155,-0.017051803754719864,1.7931427036770442,0.3867971691206914,-0.017141800977749137
16.960000000000001,8480,0.0067375305514725424,0.015001351832160009,0,0.22875473251839121,0.00011207374973483527,0.0003918532714333979,1.8505997872332927e-06,2.1666346224911465e-05,2.8603451149080406,1.2155629908812369,-0.18452184558556209,0.046229899733554243,1.7930270288034771,0.38733427356199202,-0.017872813429379505,1.7930055754496717,0.38739823969671572,-0.017962304281418328
16.98,8490,0.0067386221007737909,0.015001391203169574,0,0.22910504613225116,0.00011129515879365166,0.00040057909455160713,1.8906024286210023e-06,2.0982692419620152e-05,2.8609165899233773,1.2155873212380084,-0.18450083807324238,0.046218695009851936,1.7928858280175179,0.38795341030817615,-0.018717924390308206,1.7928644368483555,0.38801688884006097,-0.018806803556835103
17,8500,0.0067397214813963548,0.01500142891378659,0,0.22946921303147241,0.00011037388219009182,0.00040912241611560859,1.929075401502019e-06,2.0982692419620152e-05,2.8614958660926892,1.2156116521161231,-0.18447982876460006,0.046207489431987707,1.7927406080485149,0.38858998330468247,-0.019586827692959646,1.7927193393882919,0.38865289074551196,-0.019674990564114772
17.02,8510,0.0067408282645374283,0.015001480399555013,0,0.229847437936646,0.00010939172098178026,0.00041756252700495607,1.9818619736918248e-06,2.0878213633885978e-05,2.8620826588776356,1.2156359782834676,-0.18445883318269149,0.046196286084952999,1.7925916760250136,0.38924368825155986,-0.020479188558049179,1.7925703390891898,0.38930599986334308,-0.020566530110737388
17.039999999999999,8520,0.0067419426854643787,0.015001528201086968,0,0.23023983753159857,0.00010826025378290228,0.00042575663828162087,2.0309736927842445e-06,2.1293053117836167e-05,2.862677069063158,1.2156603057853825,-0.18443783376304348,0.046185081982452907,1.7924388070374324,0.38991432807774384,-0.021394639159228897,1.7924174963517598,0.3899759514406983,-0.021481060790569013
17.059999999999999,8530,0.0067430646746003079,0.015001568356069523,0,0.23064655060578446,0.00010696110364198857,0.00043368171706824587,2.0723302934503925e-06,2.0526110585337575e-05,2.863279023477014,1.2156846358826128,-0.18441682652454294,0.046173876024515038,1.7922819944554673,0.3906016304652779,-0.022332789644349892,1.7922608758342038,0.39066246206297062,-0.022418195722882932
17.080000000000002,8540,0.0067441940876905877,0.015001600041742415,0,0.23106771162724607,0.00010549977382244284,0.00044138693799249394,2.105044404597679e-06,2.0982692419620152e-05,2.863888396546121,1.2157089688216431,-0.18439581064120247,0.046162667931917672,1.7921213132874374,0.39130528926524399,-0.02329322607541464,1.7921005463287047,0.39136523019518243,-0.023377523291381111
17.100000000000001,8550,0.006745330747595037,0.015001623598656259,0,0.23150344243403828,0.00010388825106505554,0.00044880729451177593,2.1294261227950886e-06,2.0773209379101241e-05,2.864505040026569,1.2157333044842022,-0.18437478645556396,0.046151457771173299,1.7919568636792127,0.3920249773565524,-0.024275510590778634,1.7919365806379157,0.39208393672336456,-0.024358607883214731
17.120000000000001,8560,0.0067464744610716389,0.015001639730512073,0,0.23195384927809151,0.00010213884576941361,0.00045595829338647924,2.1461720458149376e-06,2.0667671646167049e-05,2.8651287943928057,1.2157576426384855,-0.1843537546748942,0.046140245718004909,1.7917887506776278,0.39276035077877486,-0.025279182048959438,1.7917690554514512,0.3928182454959368,-0.025360990628006494
17.140000000000001,8570,0.0067476242547032063,0.01500168572715138,0,0.23241912317777,0.00010041951340306113,0.00046320820182681194,2.1944692680762849e-06,2.0738089811501742e-05,2.8657590904826917,1.2157819698537691,-0.18433275287928688,0.046129030350405859,1.7916175051249763,0.39351088993434119,-0.026303776028453272,1.7915980512223741,0.39356780386508761,-0.026384190136871169
17.16,8580,0.0067487800206235005,0.015001759822418661,0,0.23289930707548631,9.8718189558569849e-05,0.00047046878963722706,2.27228592642725e-06,2.0808269673042189e-05,2.8663957908276703,1.2158062871447419,-0.18431177925840217,0.046117815137171669,1.7914432124025164,0.39427626158284962,-0.027348780946099743,1.7914236520436879,0.39433224322815347,-0.027427703241436983
17.18,8590,0.0067499422515144708,0.015001830901454226,0,0.23339435507011849,9.6888880791951728e-05,0.00047740835903933745,2.3468674428523487e-06,2.0808269673042189e-05,2.8670390854922951,1.215830605801119,-0.18429080244929463,0.046106601839542981,1.7912655576605578,0.39505623269226181,-0.028413651611516315,1.7912459455248251,0.39511117956899916,-0.028491005732866941
17.199999999999999,8600,0.0067511109171341337,0.015001890385653164,0,0.23390428580134834,9.4887822878411151e-05,0.00048406481152364741,2.4093454054666654e-06,2.0878213633885978e-05,2.8676889058711006,1.2158549286024176,-0.18426981383223734,0.04609538792367486,1.791084470587232,0.3958504278813097,-0.029497839622063565,1.7910650226681362,0.39590421399939751,-0.029573553100880029
17.219999999999999,8610,0.006752285867407914,0.015001934973588829,0,0.23442911551446297,9.2709982990669097e-05,0.00049041846255076023,2.4563103643556708e-06,2.063237243740307e-05,2.8683451027517246,1.215879256550453,-0.18424881009361618,0.04608417206290067,1.7909000086767,0.39665842914186733,-0.030600779394856465,1.7908809777453809,0.39671093330040896,-0.030674781272772466
17.240000000000002,8620,0.0067534668917189084,0.015001964012831905,0,0.23496884395557924,9.0367252194677479e-05,0.00049648827835177024,2.4870823362674745e-06,2.0347774359157065e-05,2.8690074856288441,1.2159035898150867,-0.18422779058015284,0.046072953829767394,1.7907122896780328,0.39747979758585861,-0.031721886619272638,1.7906939081742161,0.39753091046376182,-0.031794107352439142
17.260000000000002,8630,0.0067546537451225169,0.015001978224635617,0,0.23552345060402166,8.7878118776995199e-05,0.00050227439028228136,2.5024101970307922e-06,2.0347774359157065e-05,2.8696758415593915,1.2159279281384867,-0.18420675601809808,0.046061733251077472,1.7905214555258169,0.39831407945158021,-0.032860558814903441,1.7905039143946873,0.39836370523323128,-0.032930930359394074
17.280000000000001,8640,0.0067558455663749763,0.015001999047483382,0,0.23609297882610017,8.5342934074705777e-05,0.00050536332656629505,2.5295940004603367e-06,2.005913882365416e-05,2.8703496388676801,1.2159522539087475,-0.18418572805652583,0.046050532662862242,1.7903278480388947,0.39916068978893621,-0.034016206137750367,1.7903110997457161,0.39920886464602029,-0.034084631967792926
17.300000000000001,8650,0.0067570421940013597,0.015002026837293224,0,0.23667733340741356,8.2766005112651052e-05,0.00050689426493654235,2.567474628349539e-06,2.0597012732861101e-05,2.8710286953725048,1.2159765707654087,-0.18416470702351043,0.046039345176550138,1.790131616085993,0.40001918823525551,-0.035188180304346027,1.7901155703415919,0.40006592357413862,-0.035254577245453285
17.32,8660,0.0067582439059267986,0.015002045130229921,0,0.23727632019620368,8.0080240056653164e-05,0.0005090467406267203,2.5943192822404605e-06,2.0526110585337575e-05,2.8717130593424764,1.2160008936131881,-0.18414367627782868,0.046028151486703174,1.7899327100169504,0.4008892074123741,-0.036375798434168945,1.7899174349484599,0.40093440526578294,-0.036440115392876379
17.34,8670,0.0067594505414488816,0.015002049457742519,0,0.23788666703551656,7.7270102801310728e-05,0.00051166904639899291,2.6054412670716098e-06,2.016786123962658e-05,2.8724025617191331,1.216025223708036,-0.18412263132436829,0.046016951536949117,1.7897311689281605,0.40177026893294626,-0.03757839139500993,1.7897168048608114,0.40181382188671666,-0.037640580482267975
17.359999999999999,8680,0.0067606618633290717,0.015002038449527284,0,0.23850504273662479,7.4339893304339362e-05,0.00051454013044219249,2.5995661388778635e-06,2.0311919222296604e-05,2.8730969872191463,1.2160495610432296,-0.18410157079117145,0.046005745647060226,1.7895270885225016,0.40266186457584696,-0.038795279258110035,1.7895137937779741,0.40270367506164961,-0.038855292196559969
17.379999999999999,8690,0.0067618776032575562,0.015002012198032258,0,0.23913240315878145,7.130243204218461e-05,0.00051754319028490944,2.5769055846382632e-06,1.9913252241518953e-05,2.8737960986142581,1.2160739052984308,-0.1840804947754428,0.045994534149754435,1.7893205966514274,0.4035634737425271,-0.040025767978455515,1.7893085176806003,0.4036034564156179,-0.040083556568431412
17.400000000000002,8700,0.0067630974741387647,0.015001971617876924,0,0.2397735157914879,6.817401768650443e-05,0.00052058213609618132,2.5385184080970587e-06,2.0702910668595484e-05,2.8744996451420723,1.2160982559758655,-0.18405940419942998,0.045983317478089814,1.7891118371699017,0.40447456666981391,-0.041269150057988521,1.7891010947071573,0.40451264811536403,-0.041324666719330112
17.420000000000002,8710,0.0067643211773064493,0.015001918056357129,0,0.24042840296952242,6.4971585209945822e-05,0.00052361318933616581,2.4859226123730346e-06,2.0311919222296604e-05,2.8752073676152037,1.2161226124777589,-0.18403830041952651,0.045972096140607814,1.7889009600903842,0.40539460558036983,-0.042524705488812188,1.7888916450304175,0.40543072341071595,-0.042577903598492874
17.440000000000001,8720,0.0067655484077596469,0.015001853033967352,0,0.24109684395947442,6.1711137849391386e-05,0.00052655620105392141,2.4208290349850771e-06,2.0702910668595484e-05,2.8759190018438345,1.2161469741702953,-0.18401718496581454,0.045960870673340697,1.7886881160268786,0.40632304558665672,-0.04379170257073433,1.788680290733947,0.40635714717596771,-0.043842536721968167
17.460000000000001,8730,0.0067667788577824321,0.015001778078540078,0,0.24177859241224423,5.8407112766236139e-05,0.00052941539324509468,2.3449676658414213e-06,2.016786123962658e-05,2.8766342808006868,1.2161713404302765,-0.18399605937551217,0.045949641601655766,1.7884734534341278,0.40725933540401449,-0.045069398673765068,1.7884671556885956,0.40729137645125896,-0.045117824911636469
17.48,8740,0.0067680122192164561,0.015001694629059672,0,0.24247337639136854,5.5072400277415486e-05,0.00053213732710760795,2.2599864156153037e-06,2.0347774359157065e-05,2.877352935856833,1.2161957106739343,-0.18397492509635507,0.045938409416754651,1.7882571175901383,0.40820291786847496,-0.046357040996211081,1.7882523654289872,0.40823286098395467,-0.046403017034231761
17.5,8750,0.0067692481847301707,0.01500160398856442,0,0.24318089854118727,5.171877443604571e-05,0.00053469274448346015,2.1674025820926366e-06,1.9839906680179331e-05,2.8780746973898035,1.2162200843712647,-0.18395378343929086,0.04592717456419744,1.7880392505902858,0.40915323032162593,-0.047653867329948786,1.7880360470300083,0.40918104377002501,-0.0476973527403627
17.52,8760,0.006770486448414036,0.01500150730925098,0,0.24390083635609008,4.8357563326447397e-05,0.00053709080815568359,2.0685898727953632e-06,2.0022766828502049e-05,2.8787992949960204,1.2162444610502519,-0.18393263556352329,0.045915937440671725,1.7878199918556792,0.41010970493345972,-0.048959106830609792,1.7878183289832978,0.41013536159542524,-0.049000063203533936
17.539999999999999,8770,0.0067717266394244618,0.015001411813845962,0,0.24463288597081076,4.504707492013946e-05,0.00054236739470770107,1.9694210301663916e-06,2.013168567464644e-05,2.8795265004016066,1.2162688429580528,-0.1839114888756713,0.045904665583618783,1.7875993121632727,0.41107167644531339,-0.05027198261416068,1.7875993410737374,0.41109524557747529,-0.050310371859167334
17.559999999999999,8780,0.0067729686437378693,0.015001306343574961,0,0.24537660576376166,4.1741124395298233e-05,0.00054607218249862763,1.8623355050657508e-06,2.0526110585337575e-05,2.8802560343779025,1.2162932269993483,-0.18389033197646026,0.045893402144812398,1.787377508983246,0.41203871127353153,-0.051591703987144855,1.7873792142559406,0.41206012170623996,-0.05162749514362322
17.580000000000002,8790,0.0067742121481198028,0.015001190669804022,0,0.24613158390216947,3.842658994136563e-05,0.00054675520321657335,1.7465836690000439e-06,2.0203972031729294e-05,2.8809875686381141,1.2163176111405205,-0.18386916454836524,0.045882165555177427,1.7871548676592315,0.41301026808911279,-0.052917479782572656,1.7871580805307421,0.4130294113859086,-0.052950643233221913
17.600000000000001,8800,0.0067754566878852887,0.015001075104374675,0,0.24689745172744323,3.516738764023258e-05,0.00054744269784653314,1.6316255504492156e-06,2.0095444986978942e-05,2.8817208134452041,1.2163419964489308,-0.1838479970798316,0.045870927610202249,1.7869314408630999,0.41398565719098818,-0.054248516164957961,1.7869360728216881,0.41400253197617437,-0.054279020783263965
17.620000000000001,8810,0.006776702182840974,0.0150009521815339,0,0.24767376908758401,3.2050959590438265e-05,0.00055130115276768275,1.5116536039701162e-06,2.0738089811501742e-05,2.8824556724418318,1.2163663881397417,-0.18382682215423268,0.045859665720534661,1.7867070491447832,0.4149642747992382,-0.055584005715217107,1.7867133248515257,0.41497889733361498,-0.055611827667052839
17.640000000000001,8820,0.0067779482557845184,0.015000823588481373,0,0.24846005064097312,2.9081010837146242e-05,0.00055369047623306375,1.3895065100934266e-06,2.0419295754930057e-05,2.8831917537297795,1.2163907811001107,-0.1838056413652609,0.045848408339042732,1.7864820653719391,0.41594557741307681,-0.056923141849942967,1.7864899710186919,0.41595791835307194,-0.056948259714915267
17.66,8830,0.0067791943917703294,0.015000698701704956,0,0.24925582024388523,2.6229287891607847e-05,0.00055307269653940856,1.2728260283075971e-06,2.005913882365416e-05,2.8839286268141962,1.2164151707547202,-0.18378446409073346,0.045837168986260342,1.7862568746195344,0.41692896335351903,-0.05826512179484343,1.7862661462738043,0.41693900350903057,-0.058287509453222648
17.68,8840,0.0067804403077272764,0.01500057895268752,0,0.25006058572477025,2.3578030444382828e-05,0.0005525109589639886,1.1642663462493107e-06,2.0597012732861101e-05,2.8846660693806672,1.2164395595336934,-0.18376329183801615,0.045825929678402523,1.7860314836760169,0.4179138026748308,-0.059609133757749108,1.7860419859961496,0.41792155939699965,-0.059628766843412409
17.699999999999999,8850,0.0067816857545133398,0.015000462451514544,0,0.25087380906444173,2.1221703340411359e-05,0.00055201599858701786,1.063074045977472e-06,2.0454962674260058e-05,2.8854038374921145,1.216463947878726,-0.18374212271035548,0.045814689932024005,1.7858059615853259,0.41889950705835582,-0.060954360942723503,1.7858176258701741,0.41890499127489134,-0.06097122002100909
17.719999999999999,8860,0.0067829304778955716,0.015000347754395073,0,0.25169492815224637,1.9286125373186467e-05,0.00055147565532386261,9.6924117347924842e-07,2.0240018397643986e-05,2.8861416767205799,1.2164883361343393,-0.18372095525634596,0.045803449782525776,1.7855804090295202,0.41988548777916862,-0.062299986240888512,1.7855932017619731,0.41988870360440106,-0.062314056034645807
17.740000000000002,8870,0.0067841742124617249,0.01500023403818751,0,0.25252339037876614,1.7922540474108409e-05,0.00055082230903360043,8.8384710976214575e-07,2.0561592220437957e-05,2.886879323325942,1.2165127245034522,-0.18369978864855538,0.045792209227180879,1.7853549450613131,0.42087115196470865,-0.063645192978967813,1.7853688495957798,0.42087210059238733,-0.063656461585085589
17.760000000000002,8880,0.0067854166844242914,0.015000120942480271,0,0.25335861049154362,1.727564515782189e-05,0.00054999724549133634,8.0897906838001963e-07,2.0095444986978942e-05,2.8876165071351885,1.2165371130589708,-0.18367862252487893,0.045780968288477469,1.7851296996609356,0.42185590439095577,-0.064989165361643286,1.7851447052304563,0.42185458673225107,-0.064997623764241633
17.780000000000001,8890,0.0067866576151764261,0.015000008407538633,0,0.25419998717243492,1.7427620555362133e-05,0.00054902624468170511,7.4754138986334981e-07,2.0490567510038361e-05,2.8883529541858306,1.2165615017833755,-0.18365745682554907,0.045769727028244306,1.7849048089222486,0.42283914921779625,-0.066331089003304533,1.7849209043359819,0.42283556734531624,-0.066336730794200174
17.800000000000001,8900,0.0067878960853139467,0.014999923388603858,0,0.25504685553390638,1.7954766270410782e-05,0.00054993627679910794,7.1178903714762783e-07,2.0240018397643986e-05,2.8890880480605121,1.2165858801156779,-0.18363631869304911,0.045758491310987887,1.7846807928951074,0.42382017227659685,-0.067670191394585688,1.7846975822699438,0.42381444912220917,-0.067672972766240583
17.82,8910,0.006789132394748482,0.01499984233644659,0,0.25589853936896195,1.9122953541074087e-05,0.0005497042688901,6.8717259202172985e-07,2.0347774359157065e-05,2.8898218257069339,1.2166102579336402,-0.18361518439887844,0.04574725628979058,1.7844574485186979,0.42479851696483428,-0.069005616168144615,1.7844748739540253,0.42479064066423849,-0.069005542379857079
17.84,8920,0.0067903661062529734,0.014999770607629775,0,0.25675454839065431,2.077841885020641e-05,0.00054938990769934251,6.7407171403042989e-07,2.0738089811501742e-05,2.8905539423472506,1.2166346317521282,-0.1835940593576269,0.045736024270533929,1.7842349365477492,0.42577354994795003,-0.07033657241437008,1.784252913750497,0.42576355302477475,-0.070333635681779583
17.859999999999999,8930,0.00679159659615054,0.014999722735932109,0,0.25761426728110309,2.2620752748778258e-05,0.00055018541057424086,6.6939146317360443e-07,2.0203972031729294e-05,2.8912839451141417,1.2166589956742457,-0.18357295820791036,0.045724798610523164,1.7840135803619737,0.42674462088116433,-0.071662280216170854,1.7840318353387057,0.42673260025063064,-0.071656452804995441
17.879999999999999,8940,0.0067928240224578657,0.014999681268983331,0,0.2584769569002901,2.4801341183743721e-05,0.00055015758739865262,6.6771994020499181e-07,1.9986328642111702e-05,2.8920117923719717,1.2166833573207454,-0.18355186336278798,0.045713574958757615,1.7837932762894868,0.42771124175578079,-0.07298190831568982,1.783811771591564,0.42769719992344041,-0.072973198707770401
17.900000000000002,8950,0.0067940482294792685,0.014999641086176043,0,0.2593419243819205,2.7304389744086368e-05,0.00054935275609876175,6.6858062600851127e-07,2.0276000680978352e-05,2.8927372827254612,1.2167077184369,-0.183530769672299,0.045702352072653787,1.783574062633015,0.42867284896065383,-0.074294659026724857,1.7835928544520399,0.42865677370103999,-0.074283083912670064
17.920000000000002,8960,0.0067952689984119158,0.014999600060637216,0,0.26020847920286827,3.0060724089695243e-05,0.00054790986110098442,6.7227628393748786e-07,2.0419295754930057e-05,2.8934601732609928,1.2167320797005003,-0.18350967499892779,0.045691129392751717,1.7833560476026731,0.42962886655325638,-0.075599746695664202,1.7833752148096462,0.42961074785884629,-0.075585325245580426
17.940000000000001,8970,0.0067964860844132108,0.014999557521099462,0,0.26107592499793381,3.2997316592858879e-05,0.00054592532824757696,6.7917588781530858e-07,2.013168567464644e-05,2.8941802042784661,1.2167564413321228,-0.18348857866831114,0.045679906709206505,1.7831393692685806,0.43057872014368598,-0.076896393856411546,1.7831589823769314,0.43055855383123781,-0.076879146574730245
17.960000000000001,8980,0.0067976992317510436,0.014999513514433179,0,0.26194355879512671,3.6053368160636534e-05,0.00054346297361139526,6.894954797761538e-07,2.0454962674260058e-05,2.8948971103190746,1.2167808033280907,-0.18346748072784316,0.045668683988670342,1.7829241752024874,0.43152184039623137,-0.078183831021938696,1.782944285565967,0.43149962875293396,-0.078163779549711612
17.98,8990,0.0067989081822022656,0.014999468393886018,0,0.26281067165181432,3.9182576806321224e-05,0.0005405729043871199,7.0324257439406954e-07,2.0276000680978352e-05,2.8956106259235033,1.2168051655869383,-0.18344638153286552,0.045657461273018972,1.7827106128762176,0.43245766452647638,-0.07946129712601889,1.7827312513648392,0.43243341600037477,-0.079438464340501211
18,9000,0.0068001126796203969,0.014999422605011758,0,0.26367654968443144,4.235094662295028e-05,0.00053727535306651226,7.2023256626165639e-07,2.016786123962658e-05,2.8963204885683114,1.2168295279761456,-0.18342528153151527,0.045646238627044214,1.7824988256130627,0.43338563722869716,-0.080728040134145557,1.7825200052141381,0.43335936573310108,-0.080702450376481757
18.02,9010,0.0068013124722678935,0.014999376584348453,0,0.2645404753021936,4.553379313963524e-05,0.00053364745956730559,7.4013658882903876e-07,2.0773209379101241e-05,2.8970264400436485,1.2168538903644206,-0.18340418116287843,0.045635016114425206,1.7822889512779714,0.434305211314096,-0.081983317744435458,1.7823106708834464,0.43427693543513407,-0.081954997085463208
18.039999999999999,9020,0.0068025073139227508,0.014999330718047222,0,0.26540172855401062,4.8713114546213016e-05,0.00052967555534762689,7.6253712854027479e-07,2.0667671646167049e-05,2.8977282270579572,1.2168782526352562,-0.18338308081539612,0.045623793788324901,1.7820811222279289,0.43521584819288783,-0.083226398141041505,1.78210337034783,0.43518559045635519,-0.083195374632703753
18.059999999999999,9030,0.0068036963383796608,0.014999313325200443,0,0.26625967677467149,5.167015503904688e-05,0.00052384701234073111,7.73200331556037e-07,2.0561592220437957e-05,2.8984252757083824,1.2169026048599259,-0.18336200903479161,0.045612570828818214,1.7818758331997691,0.43611691866050628,-0.084456586406248063,1.7818982236643266,0.43608480455388599,-0.084422864659931526
18.080000000000002,9040,0.0068048799394701022,0.014999296316398458,0,0.26711316022413922,5.4629558033848644e-05,0.000518332723876169,7.8225427833821312e-07,2.084327099243578e-05,2.8991176728644978,1.2169269570908217,-0.18334093748537095,0.045601350431910229,1.7816728326476079,0.43700802240936548,-0.08567314774590451,1.7816953488484368,0.43697406043346798,-0.08563676102436571
18.100000000000001,9050,0.0068060577539843098,0.014999285580023778,0,0.26795765049355669,5.7554232307032062e-05,0.00051242353404995055,7.8846078909750949e-07,2.0773209379101241e-05,2.899805125338359,1.2169513071257889,-0.18331987212565629,0.045590129723464365,1.7814722659983482,0.43788861916325356,-0.086875389884252044,1.7814948617506126,0.43785285029084198,-0.086836370537736976
18.120000000000001,9060,0.0068072298453239182,0.014999268493410964,0,0.26879172469212581,6.0519160665427639e-05,0.00050680797575893813,7.9751918738359827e-07,2.0702910668595484e-05,2.9004875473768266,1.2169756594047469,-0.18329880022412121,0.045578910078783945,1.7812740899411867,0.43875825893253656,-0.088062617997412398,1.781296875932747,0.43872067635312878,-0.088021013705310236
18.140000000000001,9070,0.006808395755822285,0.014999255905793544,0,0.26961768021815852,6.3436785124056406e-05,0.00050070021167208456,8.0505588289831547e-07,2.0203972031729294e-05,2.9011645871202947,1.2170000100455167,-0.18327773273276576,0.045567689304575297,1.7810785546936605,0.43961640049319617,-0.089234176028844217,1.7811015025446644,0.43957705142020831,-0.089190025464904718
18.16,9080,0.0068095548938696968,0.014999265031776645,0,0.27043702436760236,6.6200494563086213e-05,0.00049336741641300291,8.016328712157161e-07,2.0383566426149207e-05,2.9018358252886611,1.2170243530618547,-0.18325668700525044,0.045556466789675953,1.780885991818524,0.44046250728754588,-0.090389428760714291,1.7809088502006094,0.4404214994060997,-0.090342755925915744
18.18,9090,0.0068107074877163257,0.014999276407716658,0,0.27124901370172061,6.8929930067328468e-05,0.00048611745183945848,7.9626411524988389e-07,2.0738089811501742e-05,2.9025012661206344,1.2170486953836841,-0.183235643401368,0.045545245474124217,1.7806962744722552,0.44129619523999347,-0.091527720272305768,1.7807190248557367,0.44125355588034099,-0.09147857110833571
18.199999999999999,9100,0.0068118534213305231,0.014999286308361504,0,0.27205294905758787,7.1645359324688218e-05,0.0004789510355613132,7.9154009051986733e-07,2.084327099243578e-05,2.9031607489482112,1.2170730382471107,-0.18321459817462188,0.045534024499377088,1.7805094329903501,0.44211702160560584,-0.092648424894653206,1.7805321296826013,0.44207276860936906,-0.092596853681775421
18.219999999999999,9110,0.0068129925266735237,0.014999293731553736,0,0.27284814978009897,7.433918170269691e-05,0.00047179009475041019,7.8822099995255427e-07,2.0738089811501742e-05,2.9038140799735501,1.2170973819640536,-0.18319355031906531,0.04552280343469492,1.7803255595633385,0.44292454263761583,-0.093750939385048762,1.7803482649476472,0.44287869809789943,-0.093697003704485596
18.240000000000002,9120,0.0068141246224458652,0.014999298653805757,0,0.27363394788527762,7.6998054577293203e-05,0.00046457840154414987,7.8633489325506496e-07,2.0913097891518843e-05,2.9044610584728519,1.2171217265333318,-0.18317249981211009,0.045511582170181329,1.7801447645743158,0.44371832602758959,-0.094834680123820972,1.7801675278876976,0.44367091813030596,-0.094778439362377745
18.260000000000002,9130,0.00681524952702834,0.014999301402427412,0,0.27440968753451672,7.9609202473981052e-05,0.00045731036701308973,7.8566479751420505e-07,2.1121193543184415e-05,2.9051014863747096,1.2171460718433773,-0.18315144698353056,0.045500360719853694,1.7799671591372692,0.44449795364265721,-0.09589908260051809,1.7799900125864441,0.44444901631200057,-0.095840597708045261
18.280000000000001,9140,0.0068163665800273629,0.014999322337470583,0,0.27517478001628037,8.2063999248738255e-05,0.00045074720707292758,7.7366472193486458e-07,2.0982692419620152e-05,2.9057349151270864,1.2171704090555524,-0.18313041235366145,0.04548914374202194,1.7797931290878541,0.44526294702308383,-0.096943637274033767,1.7798158098509367,0.44521259461081358,-0.096882935399785458
18.300000000000001,9150,0.0068174761282872613,0.014999340561958723,0,0.27592852798760287,8.4471062453824445e-05,0.00044370280437808023,7.6338562344935745e-07,2.0808269673042189e-05,2.9063614414849734,1.2171947479014142,-0.18310937484872955,0.045477926318930162,1.7796224626868475,0.44601301454149911,-0.097967775301845667,1.7796450070880736,0.44596126989837293,-0.097904929440620125
18.32,9160,0.006818577897217259,0.014999360420848238,0,0.2766703347925088,8.6805753370559032e-05,0.00043655643112208291,7.5247763710885006e-07,2.0311919222296604e-05,2.906980836693581,1.2172190858318999,-0.18308833886106848,0.045466709465202176,1.7794552866298825,0.44674776105760006,-0.098971002687780751,1.7794776881810903,0.44669467449148437,-0.098906077917317092
18.34,9170,0.0068196714697099049,0.014999392947319798,0,0.27739963298451625,8.9015593361989345e-05,0.00042979341865952397,7.3530422171193705e-07,2.1121193543184415e-05,2.9075927956447982,1.2172434180103895,-0.18306731551231184,0.045455495727438955,1.7792918332316092,0.44746679149469404,-0.099952856615178109,1.7793139333660493,0.44741245669351104,-0.099885900739411129
18.359999999999999,9180,0.0068207570402243007,0.014999424298468572,0,0.27811580159355259,9.1160540871927976e-05,0.00042263951428614475,7.1988964801835109e-07,2.0808269673042189e-05,2.9081973409255375,1.2172677508846728,-0.18304629084211843,0.045444281806197528,1.7791319911646466,0.44816982760545809,-0.10091284899168244,1.7791538191083298,0.44811428133575354,-0.10084394037822568
18.379999999999999,9190,0.0068218345243830835,0.014999452267049363,0,0.27881827743008941,9.3244963941473073e-05,0.00041510962849658663,7.0724209624098617e-07,2.1086653546985296e-05,2.9087943527369906,1.2172920851614153,-0.18302526263103888,0.045433067184002821,1.7789757932684027,0.44885655428247706,-0.10185053962995548,1.7789974179791179,0.44879983031882942,-0.10177976260589378
18.400000000000002,9200,0.0068229038030384812,0.014999476638646047,0,0.27950652471138027,9.5259840161805202e-05,0.00040730103770139327,6.971581401453579e-07,2.1190104635059971e-05,2.9093836905368846,1.2173164208517273,-0.1830042306649059,0.045421851792088616,1.7788233160441258,0.44952666493886567,-0.10276551723524249,1.7788447985318954,0.44946880315405346,-0.10269295723437956
18.420000000000002,9210,0.0068239647545740708,0.01499949775821025,0,0.28018002970865591,9.7194777087393055e-05,0.00039923755692259093,6.8917378731829126e-07,2.0982692419620152e-05,2.9099652154601889,1.2173407578114255,-0.18298319529156448,0.045410635687699763,1.7786746418418724,0.45017987084517452,-0.10365739571445147,1.7786960251789292,0.4501209175048167,-0.10358313885449875
18.440000000000001,9220,0.006825017263884397,0.014999516083429679,0,0.28083830086208628,9.9040716455001419e-05,0.00039095002849109494,6.8284180446007418e-07,2.1598954627055457e-05,2.9105387968525345,1.2173650958715347,-0.1829621569719663,0.045399418953587324,1.7785298472840521,0.45081590291317059,-0.10452581411396028,1.7785511580677624,0.45075590972796725,-0.10444994757494123
18.460000000000001,9230,0.0068260612252596794,0.01499953204351564,0,0.28148086987557308,0.00010079014336797032,0.0003824772530755586,6.7779766385256014e-07,2.1666346224911465e-05,2.9111043141316486,1.2173894348766352,-0.18294111613830949,0.045388201666346724,1.7783890008362273,0.45143451219621572,-0.10537043730879445,1.7784102529577026,0.45137353541518932,-0.10529304976129103
18.48,9240,0.0068270965433771249,0.014999546007499281,0,0.28210729292036951,0.00010243677046314343,0.00037383198372001927,6.7374563288414955e-07,2.1666346224911465e-05,2.9116616572288088,1.2174137747156344,-0.18292007316231104,0.045376983889049087,1.7782521629853996,0.45203547023918683,-0.10619095682058331,1.7782733610963115,0.45197356993438348,-0.10611213877504845
18.5,9250,0.0068281231329084847,0.014999558292466866,0,0.28271715180574625,0.00010397520260204422,0.00036502393075017199,6.7047186583154102e-07,2.1463536648682345e-05,2.9122107264779378,1.2174381152645135,-0.1828990283632537,0.045365765675654465,1.7781193869024394,0.45261856944459278,-0.10698709164426085,1.7781405290958952,0.45255580897104641,-0.10690693571265093
18.52,9260,0.0068291409187377292,0.014999569170865076,0,0.28331005509182017,0.00010540067456003043,0.00035609219241224837,6.6782048540701613e-07,2.1429548445808714e-05,2.9127514326599093,1.2174624564027363,-0.18287798201542155,0.045354547071959059,1.777990719036991,0.45318362347534125,-0.10775858905655793,1.7780117988099935,0.45312006906965041,-0.1076771901444942
18.539999999999999,9270,0.0068301495530279357,0.014999583537469408,0,0.28388565117225212,0.00010667029214039299,0.00034688225411430806,6.6484161001900661e-07,2.1933842111273517e-05,2.9132835796160399,1.2174867961567655,-0.18285693905267886,0.045343328775468934,1.777866271033365,0.45373042475688785,-0.10850522713969114,1.7778872072098699,0.45366618817502358,-0.10842268085395358
18.559999999999999,9280,0.0068311488843226763,0.014999601198864119,0,0.28444360217306702,0.00010779443375655824,0.00033736485088262721,6.6172532200872042e-07,2.1598954627055457e-05,2.9138070758169179,1.217511134696041,-0.18283589927817698,0.045332110831891981,1.777746065213021,0.45425884750888307,-0.10922681366145297,1.7777667862610005,0.45419402617372945,-0.10914321657640551
18.580000000000002,9290,0.0068321389836021951,0.014999618279397402,0,0.28498359157139164,0.00010880622302025687,0.00032767338694359165,6.591986626719255e-07,2.1699963539503996e-05,2.914321928373262,1.2175354735901884,-0.18281485878488687,0.045320892693600359,1.7776300605153901,0.45476881269784669,-0.10992318368265508,1.7776505627995636,0.45470346543544693,-0.10983863673824867
18.600000000000001,9300,0.0068331198374625571,0.014999634031965104,0,0.28550534356696244,0.00010970314667717226,0.00031783780942025647,6.5736117808065367e-07,2.183391520383078e-05,2.9148281021759463,1.2175598130724448,-0.18279381682145143,0.045309674189955892,1.777518263565556,0.45526022348543416,-0.11059420343157213,1.7775385584089309,0.45519441135434979,-0.1105088121959247
18.620000000000001,9310,0.0068340914260444406,0.014999648408838693,0,0.28600861609045647,0.00011047836748771082,0.00030789165878043241,6.5613175504143161e-07,2.1900583802360337e-05,2.9153255620474336,1.2175841531402802,-0.18277277334031006,0.045298455294626574,1.7774106926505335,0.4557330029516502,-0.11123977275543466,1.7774307892961547,0.45566679289048706,-0.11115364597494044
18.640000000000001,9320,0.0068350537367415894,0.014999661566001127,0,0.28649319976892451,0.00011112557399137149,0.00029787280345332473,6.5539765007675352e-07,2.183391520383078e-05,2.9158142817954662,1.2176084937308322,-0.18275172849871915,0.045287236029936784,1.7773073641634167,0.45618709933850426,-0.11185982499644057,1.7773272661684594,0.45612056311116222,-0.11177307400888836
18.66,9330,0.0068360067678552355,0.014999673695939186,0,0.2869589183783941,0.0001116392522905047,0.00028778124877314664,6.5506114143060344e-07,2.1699963539503996e-05,2.9162942467023938,1.2176328347724359,-0.18273068249059751,0.045276016427837483,1.7772082884828071,0.45662248644440462,-0.11245432724453368,1.7772279941097304,0.45655569973231358,-0.11236706587846822
18.68,9340,0.0068369505296681232,0.014999684977413736,0,0.2874056296034338,0.00011201447922724231,0.00027766682691086772,6.5504729146802414e-07,2.1867274910380131e-05,2.9167654542509385,1.2176571761992454,-0.18270963549602273,0.045264796517966895,1.7771134690769421,0.45703916381655391,-0.1130232809381312,1.7771329724570037,0.45697220565989355,-0.11293562555050803
18.699999999999999,9350,0.0068378850447654805,0.01499969556633831,0,0.2878332258268293,0.00011224675785632556,0.00026751604524884989,6.5530087953081819e-07,2.2165253030559974e-05,2.9172279143629822,1.2176815179536213,-0.18268858767206189,0.045253576325637777,1.7770229024884392,0.45743715711218458,-0.11356672258953203,1.7770421946769557,0.45737010953124907,-0.11347879211698583
18.719999999999999,9360,0.0068388100969434193,0.014999716330409855,0,0.28824165383355715,0.00011230052316537432,0.0002571659194853866,6.5689183572206778e-07,2.183391520383078e-05,2.9176815163840248,1.2177058561895437,-0.18266754997439344,0.045242356112063481,1.7769367343746885,0.45781649030084909,-0.11408473962933992,1.7769556482423927,0.45774946625650076,-0.11399664053405015
18.740000000000002,9370,0.0068397257613355637,0.014999745426313047,0,0.28863087219523054,0.00011218296197497966,0.00024666523929455566,6.6035626027786239e-07,2.1967050066869309e-05,2.9181263177986607,1.2177301916062719,-0.182646520541143,0.045231136176545408,1.7768549068252464,0.45817725215144212,-0.11457743726885411,1.7768733145087408,0.45811035755992324,-0.11448928236104193
18.760000000000002,9380,0.0068406323043971066,0.01499977333843674,0,0.28900086307187967,0.00011192110537043533,0.00023628098894255839,6.6488700068688013e-07,2.1967050066869309e-05,2.9185624845138585,1.2177545275565596,-0.18262548978005053,0.045219916258176104,1.7767772410563745,0.45851957695859746,-0.1150449467082565,1.7767951685905345,0.45845289252132465,-0.11495686649951534
18.780000000000001,9390,0.0068415298281976631,0.014999798771288431,0,0.28935166257865291,0.00011151366109217373,0.00022606468758017454,6.7019704402012839e-07,2.2000207897163392e-05,2.9189900947670657,1.217778864451611,-0.18260445638865766,0.045208696017492535,1.7767036835302532,0.45884360141037944,-0.11548744987862712,1.7767211792379083,0.45877720811742656,-0.1153995799322592
18.800000000000001,9400,0.0068424184201354007,0.014999821764332807,0,0.28968334860990086,0.00011095419858333986,0.00021601654327675759,6.7600657280809842e-07,2.1933842111273517e-05,2.9194092208634506,1.2178032022643561,-0.18258342040761427,0.045197475388942088,1.7766342073359291,0.45914948650337234,-0.11590517084291678,1.7766513087130842,0.45908346976324427,-0.11581764846231882
18.82,9410,0.0068432980103362668,0.014999849129519606,0,0.28999605327566685,0.00011022249232432083,0.00020617882293197723,6.8357741609717102e-07,2.2198114802541581e-05,2.9198198563928761,1.2178275383426083,-0.18256238869666744,0.045186255890516461,1.7765688883168185,0.45943740734464444,-0.11629838759960738,1.7765855126668626,0.45937187185346545,-0.11621133745201576
18.84,9420,0.0068441687218291653,0.014999879838791311,0,0.29028992700083739,0.00010931814685526611,0.00019653120137921556,6.9314652914561057e-07,2.206637408534863e-05,2.9202221137969784,1.2178518731624157,-0.18254136021977316,0.045175037251024064,1.7765076543591001,0.45970758938809908,-0.11666739945639144,1.7765237400151113,0.45964263830383123,-0.11658095256197071
18.859999999999999,9430,0.006845030806962674,0.014999908284351098,0,0.29056514998036403,0.00010824992082071127,0.00018700176712597069,7.0332175236539077e-07,2.2426798989897964e-05,2.9206161820073069,1.2178762089128603,-0.18252032933017745,0.045163818157496594,1.7764503509095759,0.4599602981719475,-0.11701253741968971,1.7764659328152559,0.45989602309251526,-0.11692684049012365
18.879999999999999,9440,0.0068458844181267901,0.014999933976574526,0,0.29082195658719356,0.00010701435385886479,0.00017757670886866023,7.1362144237392195e-07,2.2165253030559974e-05,2.9210021964953437,1.2179005457359151,-0.18249929553573174,0.045152598489312676,1.7763969085953411,0.46019581635080398,-0.11733418698016732,1.7764120261427687,0.46013231080150374,-0.11724938971075563
18.900000000000002,9450,0.0068467297065092124,0.014999957165313528,0,0.29106062400985461,0.00010560590374168327,0.00016827789768000774,7.238048550138422e-07,2.2165253030559974e-05,2.9213802966492013,1.2179248835294449,-0.18247825908821252,0.045141378289649557,1.7763472689480466,0.4604144556746621,-0.11763277815086035,1.7763619479676582,0.46035181715797518,-0.11754903121350976
18.920000000000002,9460,0.0068475668357526696,0.014999978196101289,0,0.29128147033962604,0.00010401932292205338,0.0001591503696117629,7.3374521696255974e-07,2.2717439178655149e-05,2.9217506359274403,1.21794922216763,-0.18245722033552228,0.045130157622497419,1.7763013657051501,0.46061655985452321,-0.11790878401179195,1.7763156190309592,0.46055488957568008,-0.11782623924241223
18.940000000000001,9470,0.0068483959848318586,0.014999997380503723,0,0.29148485477652752,0.00010224991801760402,0.00015016711066661946,7.4337688058556271e-07,2.2459278078588273e-05,2.9221133837940321,1.2179735615388236,-0.18243617959133268,0.045118936544521079,1.7762591220428896,0.4608025053130036,-0.11816272123937349,1.7762729527212229,0.46074190769632151,-0.1180815320348947
18.960000000000001,9480,0.0068492173485710569,0.0150000149846707,0,0.29167117813203691,0.00010029341743526189,0.00014146903080929261,7.526717975738161e-07,2.2263692832568247e-05,2.9224687259117292,1.2179979015474152,-0.18241513712359161,0.045107715103119242,1.7762204510664896,0.46097270160299808,-0.11839515095002515,1.7762338549510048,0.460913283930934,-0.11831547256081432
18.98,9490,0.0068500312707997103,0.015000026230802535,0,0.29184087148926458,9.8154462677568481e-05,0.00013281052129159943,7.5915731637913505e-07,2.1933842111273517e-05,2.9228169349979405,1.2180222441011765,-0.18239408812028937,0.045096492168109341,1.7761851755823721,0.46112760312140527,-0.11860666848698141,1.7761982240333565,0.46106946400126358,-0.11852866926147512
19,9500,0.0068508379726304964,0.015000032260813275,0,0.29199442420981703,9.5826730468226122e-05,0.0001244109629753285,7.6318313854135843e-07,2.2524095754713237e-05,2.9231582200084247,1.2180465886888487,-0.18237303373229374,0.04508526801213749,1.7761532132921591,0.46126768326226386,-0.11879792996082945,1.7761659505583134,0.46121092748114767,-0.11872177678864972
19.02,9510,0.0068516375951747357,0.015000037843718235,0,0.29213237626248567,9.3297826015359666e-05,0.00011634526068070514,7.6701894340482926e-07,2.2296409518597789e-05,2.9234927551412238,1.2180709334313351,-0.18235197876246678,0.04507404374315957,1.7761245318353995,0.46139344240398905,-0.11896964573917204,1.7761369172693857,0.46133818833789531,-0.11889549674360046
19.039999999999999,9520,0.0068524303826667972,0.015000043871779204,0,0.29225529996630528,9.0562860622115719e-05,0.00010850653574451872,7.7107196173815708e-07,2.2491710265994076e-05,2.9238207826186366,1.2180952780407202,-0.18233092410845733,0.045062819541698614,1.7760990202289677,0.4615054261659976,-0.11912256376908983,1.776110998940047,0.46145179547366622,-0.11905057841610052
19.059999999999999,9530,0.0068532167709992936,0.015000044123872819,0,0.29236379746731023,8.7633680149699033e-05,0.00010096211802181293,7.7151908461174258e-07,2.2394272795856101e-05,2.9241426540302236,1.2181196247300048,-0.18230986349509731,0.045051595560302825,1.7760764518458463,0.46160423532845152,-0.11925746890542237,1.7760880622502251,0.4615523332668513,-0.11918781952345535
19.080000000000002,9540,0.0068539970456558356,0.015000039789953262,0,0.29245852959564367,8.4502944174958539e-05,9.3845220882086676e-05,7.6925812936722175e-07,2.2491710265994076e-05,2.9244586469980307,1.218143973046363,-0.1822887981255473,0.04504037148126272,1.7760567014835895,0.46169048287602538,-0.1193752069963791,1.77606796566279,0.46164042211345202,-0.11930806694952367
19.100000000000001,9550,0.0068547713918268808,0.015000036761444339,0,0.292540209817373,8.1153076659373646e-05,8.6883791760229226e-05,7.6785656343556877e-07,2.2491710265994076e-05,2.9247689943353237,1.2181683209100866,-0.18226773394166437,0.045029147215670556,1.7760397065551894,0.46176480685196025,-0.11947668139023568,1.7760505593000455,0.46171671896846028,-0.11941221748373861
19.120000000000001,9560,0.0068555401177430265,0.015000036083228342,0,0.29260958601114467,7.7579431922728266e-05,8.0345498393400203e-05,7.6775250999140746e-07,2.2524095754713237e-05,2.92507400443229,1.2181926679814419,-0.1822466719942526,0.045017923027464386,1.7760253237502668,0.46182789847399636,-0.1195628383794123,1.7760356848202168,0.46178191788723877,-0.11950121856013009
19.140000000000001,9570,0.0068563035680795489,0.015000037897087398,0,0.29266744821575069,7.3780084168531684e-05,7.4057174529485237e-05,7.6897035710030544e-07,2.2033315828455735e-05,2.9253740159402359,1.2182170142191671,-0.18222561242529589,0.045006699004084647,1.7760133801325932,0.46188048924345904,-0.11963467346551561,1.7760231752939417,0.46183675056689955,-0.1195760689963439
19.16,9580,0.006857062110329562,0.015000042101903159,0,0.29271463092809186,6.9753358525540956e-05,6.8023849339674515e-05,7.7145914781276822e-07,2.2524095754713237e-05,2.9256693881156499,1.2182413596587685,-0.18220455513266653,0.044995475156243955,1.7760036907319703,0.46192334882563379,-0.11969323395309636,1.7760128550807592,0.46188198688768523,-0.11963781973266509
19.18,9590,0.0068578163027121887,0.015000042491986054,0,0.29275199762755416,6.5507631424290222e-05,6.2331323666758648e-05,7.7183453366688596e-07,2.2588727439225648e-05,2.9259605854394919,1.2182657075934511,-0.18218349385208255,0.044984249272022471,1.7759959829345966,0.46195730360342402,-0.11973960627706635,1.7760045397056001,0.46191843545434802,-0.11968757457103801
19.199999999999999,9600,0.0068585665325396885,0.015000040082845062,0,0.29278047940376628,6.1037700380688753e-05,5.7170968197395158e-05,7.7077041864829651e-07,2.2749503328951236e-05,2.9262479903497516,1.218290057150057,-0.1821624296135137,0.044973022001951538,1.7759900753957052,0.46198319332821469,-0.11977494945344329,1.7759980357352756,0.46194694413753007,-0.11972649091408853
19.219999999999999,9610,0.006859313080309036,0.015000040539468492,0,0.29280106359780389,5.6330136648009244e-05,5.2282744728798634e-05,7.7133873374413415e-07,2.2459278078588273e-05,2.9265319380254642,1.2183144052897805,-0.18214136813574441,0.044961795431316488,1.7759858462016818,0.46200188558083144,-0.11980048656993823,1.7759931406549672,0.46196840061514222,-0.11975578050414351
19.240000000000002,9620,0.006860056556606142,0.015000036925633833,0,0.29281475231284104,5.1396909979600861e-05,4.8024293280618859e-05,7.6777047889566517e-07,2.2198114802541581e-05,2.9268129336800452,1.2183387542396089,-0.18212030240282293,0.044950572950386666,1.7759830246379908,0.46201433257637714,-0.11981747170866285,1.775989642744717,0.46198373291374517,-0.11977671016225423
19.260000000000002,9630,0.00686079738896209,0.015000031512614666,0,0.29282261296116185,4.6228785932975444e-05,4.3967270466991449e-05,7.6233041815485362e-07,2.2685329707937426e-05,2.9270914131835704,1.2183631033873863,-0.18209923471565731,0.044939352607933622,1.7759814009983317,0.46202149039801493,-0.11982722729526105,1.7759873209559165,0.46199390994992828,-0.11979060252721577
19.280000000000001,9640,0.0068615361443808707,0.015000024134718007,0,0.29282574075535656,4.0818703103638605e-05,4.0534022198421448e-05,7.5737602557571686e-07,2.2556434745889217e-05,2.9273678902189082,1.218387456329048,-0.18207816490203038,0.044928124714643379,1.7759807438932349,0.46202437665079954,-0.11983111788135258,1.7759859447877968,0.46199994207169021,-0.11979883679459007
19.300000000000001,9650,0.00686227323067478,0.015000018055863476,0,0.29282530738676077,3.5158676137534427e-05,3.7371497229689617e-05,7.5424642337582234e-07,2.2459278078588273e-05,2.9276428053801795,1.2184118100034647,-0.18205709626569483,0.044916893293311236,1.7759808427706198,0.46202402294997641,-0.11983059001402291,1.7759852741639173,0.46200288159981784,-0.11980284945572535
19.32,9660,0.0068630089159287411,0.015000021903587813,0,0.29282254643534433,2.9232948936828971e-05,3.4659424627763847e-05,7.5657764220800989e-07,2.2426798989897964e-05,2.9279165416834463,1.2184361579423073,-0.18203603753022649,0.044905665444991701,1.7759815312054781,0.46202148544832528,-0.11982716043047398,1.775985059308657,0.46200382336926676,-0.11980413503677848
19.34,9670,0.0068637438176976139,0.015000033235326657,0,0.29281869881492023,2.3051520739095575e-05,3.2240554896932883e-05,7.6139331263205314e-07,2.2132342465963256e-05,2.9281896579997024,1.2184605010526417,-0.18201498620966355,0.044894444004264879,1.7759825326860519,0.46201792030454802,-0.11982237492769345,1.7759850419053402,0.46200391015912579,-0.11980424229820416
19.359999999999999,9680,0.0068644783862906169,0.015000059837827496,0,0.29281505833107641,1.6714490262267394e-05,3.0354024625058721e-05,7.7395318200556524e-07,2.2588727439225648e-05,2.9284626661279844,1.2184848382991946,-0.18199395013734823,0.044883226355359823,1.7759835664889487,0.46201450726667531,-0.11981783925742134,1.7759850877157366,0.46200482445806479,-0.119804300303577
19.379999999999999,9690,0.0068652135212994535,0.015000105917851029,0,0.29281202970688069,1.0699698273856943e-05,2.8213311528866332e-05,8.0436891653486232e-07,2.2749503328951236e-05,2.9287362116628124,1.2185091650492819,-0.18197293368052941,0.04487200587512092,1.7759846275803757,0.46201322269647638,-0.11981444076163529,1.7759853039085323,0.46200913930489701,-0.11980457404806968
19.400000000000002,9700,0.0068659509799124151,0.015000159939289749,0,0.29280902260038649,7.4595392926190948e-06,2.7160202361215215e-05,8.4549839721134976e-07,2.2877310533063834e-05,2.9290112420705361,1.2185334869933306,-0.1819519251723396,0.044860782100477656,1.7759858377277402,0.46201692029781061,-0.1198122554828437,1.7759858188477795,0.46201941663154122,-0.11980522606694261
19.420000000000002,9710,0.0068666923610304067,0.015000219084146754,0,0.29280531803376825,1.0811390301216409e-05,2.6672741375736855e-05,8.9331720493798812e-07,2.2263692832568247e-05,2.9292886322125149,1.2185578070410701,-0.18193092171180039,0.044849556919105846,1.7759872966488197,0.4620284357233711,-0.11981122210740777,1.7759867551047919,0.46203810275654017,-0.1198064115606593
19.440000000000001,9720,0.0068674393310899987,0.015000272080234064,0,0.29280026835602807,1.7397937753545771e-05,2.5952471976040913e-05,9.3665038146522879e-07,2.2329078268013787e-05,2.9295692625860608,1.2185821304954509,-0.18190991187260375,0.044838333897108118,1.7759891063720483,0.46205042039965355,-0.11981130793275817,1.7759882295442557,0.46206753010368412,-0.11980827850392015
19.460000000000001,9730,0.0068681932082393649,0.015000317600869449,0,0.29279334699360704,2.471856306374073e-05,2.5698444928917023e-05,9.7402632008746958e-07,2.2588727439225648e-05,2.9298538606726163,1.2186064578107434,-0.181888894321519,0.044827112436444966,1.7759914010073139,0.46208527289100215,-0.11981254354779799,1.7759903534103394,0.46210991892063402,-0.11981096775469605
19.48,9740,0.0068689550058003241,0.01500036347195967,0,0.29278411664713128,3.2214968201832469e-05,2.5298222219587597e-05,1.0135605846823055e-06,2.2165253030559974e-05,2.9301430191240856,1.2186307844413877,-0.18186787701126667,0.044815890139169826,1.7759943365912376,0.46213518528399783,-0.11981500017006083,1.7759932324128052,0.46216737899754523,-0.11981461316326217
19.5,9750,0.0068697258663333637,0.015000409757213078,0,0.29277215988221716,3.9671965146370275e-05,2.5441881649397974e-05,1.0550299845273295e-06,2.2491710265994076e-05,2.9304373684930081,1.2186551104736363,-0.1818468600033637,0.044804667110647109,1.7759980507900766,0.46220225873506898,-0.1198187440934274,1.7759969668131188,0.46224191138569093,-0.11981934168123161
19.52,9760,0.0068705068673459374,0.015000456195697009,0,0.29275709990932369,4.6977672857273819e-05,2.5726794021849062e-05,1.0979285472214449e-06,2.2556434745889217e-05,2.9307375060441028,1.2186794361428956,-0.18182584303079613,0.044793443480207383,1.7760026636854447,0.46228846498778092,-0.11982384792593004,1.7760016515105612,0.46233541011608531,-0.11982527347058908
19.539999999999999,9770,0.006871299417210916,0.015000485262393561,0,0.29273855174266283,5.3987762715150955e-05,2.6398040527968538e-05,1.1231907132353081e-06,2.2524095754713237e-05,2.9310441643038638,1.2187037719522291,-0.18180480830686663,0.044782220761624372,1.7760082054872468,0.46239572596727624,-0.11983035679981935,1.7760073761283379,0.46244966391810738,-0.11983252201272464
19.559999999999999,9780,0.0068721043251822427,0.015000500196575591,0,0.29271623095468652,6.0687106986829684e-05,2.7374065524264036e-05,1.1340706533272322e-06,2.2749503328951236e-05,2.9313578178046877,1.2187281157328427,-0.18178375912586997,0.044770998436363042,1.776014783435536,0.46252573956580167,-0.11983836117096171,1.7760142250996904,0.46258635793812403,-0.11984119421746736
19.580000000000002,9790,0.0068729220984081272,0.015000515080629773,0,0.29268991473649475,6.7116640421963615e-05,2.8877244990729606e-05,1.1455767892484503e-06,2.2329078268013787e-05,2.9316788015268425,1.2187524591089967,-0.18176270977889694,0.044759775354661864,1.7760225559593936,0.46268004654912448,-0.11984797126567863,1.7760222777540062,0.46274707545811383,-0.11985139053211906
19.600000000000001,9800,0.00687375353759826,0.015000530555629223,0,0.29265936952433458,7.3256781410197349e-05,3.0015942208195386e-05,1.1581314444675748e-06,2.2491710265994076e-05,2.9320075654173237,1.2187768019398888,-0.18174166090908922,0.044748551716365867,1.7760316180881182,0.46286014873798925,-0.11985926738300692,1.7760316084029302,0.46293329961429014,-0.11986320505048792
19.620000000000001,9810,0.0068745994046519095,0.015000546440845012,0,0.29262438888549452,7.9089626515013562e-05,3.1716283292129127e-05,1.1714525186197213e-06,2.2749503328951236e-05,2.9323445396812384,1.218801144408421,-0.18172061233064496,0.044737327616566791,1.7760420414538431,0.4630674484298804,-0.11987232431104508,1.7760422864264744,0.46314641511572485,-0.11987672562192232
19.640000000000001,9820,0.0068754604036259451,0.015000562557650679,0,0.29258479762224249,8.460433587187505e-05,3.3242398071968026e-05,1.1853269135247625e-06,2.2329078268013787e-05,2.9326901238192637,1.2188254866322041,-0.18169956386190622,0.044726103082169677,1.7760538886547677,0.46330324444399978,-0.11988721401245951,1.776054376359129,0.46338770996297152,-0.11989203396034438
19.66,9830,0.0068763372597403435,0.015000574642591195,0,0.29254044330834411,8.9785895939674238e-05,3.5449603000516251e-05,1.1953657726987987e-06,2.2230927998283902e-05,2.9330447250512677,1.2188498309477238,-0.18167851118422984,0.044714877934003201,1.7760671822879437,0.46356874557676864,-0.1199039986299302,1.776067937975973,0.46365837716668912,-0.11990920575328377
19.68,9840,0.00687723052775228,0.015000583524540019,0,0.29249121383418891,9.4635340510288549e-05,3.7932923861108555e-05,1.2024319800678313e-06,2.2813496432377448e-05,2.933408665240433,1.2188741768358375,-0.18165745513906909,0.04470365216753306,1.7760819846451004,0.46386505069813966,-0.11992274470256298,1.7760830263787841,0.46395951646626532,-0.11992831077091137
19.699999999999999,9850,0.0068781405849988441,0.015000596930206649,0,0.29243703924732956,9.9170352673074122e-05,3.9990888827832951e-05,1.2144770057299305e-06,2.2909150924997221e-05,2.9337821740124359,1.218898520046066,-0.18163640355365268,0.044692426129560821,1.7760984128790434,0.46419314892019031,-0.11994352477249175,1.7760996920821506,0.46429213604843977,-0.11994941297507293
19.719999999999999,9860,0.006879067959313835,0.015000614082883258,0,0.29237786115390135,0.00010338886986153939,4.1791326084786092e-05,1.230585242115041e-06,2.2588727439225648e-05,2.9341655470936949,1.2189228611615004,-0.18161535563651565,0.044681199910237925,1.776116507837036,0.46455396068082877,-0.11996639228687189,1.7761179810995809,0.46465715426592802,-0.11997257062832284
19.740000000000002,9870,0.0068800131826848125,0.015000631188046497,0,0.29231364452565833,0.00010728393869638262,4.3701202846929697e-05,1.2468155906326913e-06,2.2459278078588273e-05,2.9345590813930196,1.2189472022933956,-0.18159430754289302,0.04466997336823475,1.7761362740532542,0.46494832409905851,-0.11999139080786353,1.7761379350296143,0.4650554013560444,-0.11999783640295776
19.760000000000002,9880,0.0068809766563857899,0.015000647830191071,0,0.29224439067883973,0.00011085837989854637,4.6182762353640603e-05,1.2627996382703002e-06,2.2459278078588273e-05,2.934963008649301,1.2189715435879183,-0.18157325885426812,0.044658746434284614,1.7761577395595578,0.4653769804800118,-0.12001856479870786,1.7761595911419319,0.46548762115932568,-0.12002525749005036
19.780000000000001,9890,0.0068819587277762235,0.01500066392240519,0,0.29217013093074784,0.00011411682383365725,4.8522593583599036e-05,1.278456872717901e-06,2.2361699290911531e-05,2.9353775295142803,1.2189958850663332,-0.18155220948338577,0.044647519092987621,1.7761809361144212,0.46584058446012744,-0.12004795477734678,1.776182982463467,0.46595447283815467,-0.120054875708483
19.800000000000001,9900,0.0068829594889283372,0.015000688372678983,0,0.29209095378042532,0.00011711064474153538,5.1764317998870781e-05,1.303774300377453e-06,2.2588727439225648e-05,2.9358027298040468,1.2190202217120378,-0.18153116847057105,0.044636289810279686,1.7762059328062005,0.4663396589050815,-0.12007961555768451,1.7762081378645158,0.46645653259538361,-0.12008672761398144
19.82,9910,0.0068839792751251546,0.015000718882314584,0,0.29200693591048887,0.0001198256410307289,5.523856109454227e-05,1.3360698228358504e-06,2.2588727439225648e-05,2.9362387901227858,1.2190445549545401,-0.18151013347870437,0.044625059195558814,1.7762327476329538,0.46687471353280569,-0.12011357047415687,1.7762350821448474,0.46699429539295728,-0.12012084460814848
19.84,9920,0.0068850184996585512,0.015000747588787212,0,0.29191816625745115,0.00012222353067159963,5.8755508875884169e-05,1.3665426936894174e-06,2.3004407680670755e-05,2.9366859206348828,1.2190688891933872,-0.18148909652948092,0.044613828563852195,1.7762613613299549,0.46744620405702664,-0.12014982684938308,1.7762638361198155,0.46756817667053696,-0.12015725304749776
19.859999999999999,9930,0.0068860773384539593,0.015000774003333118,0,0.2918247885499321,0.0001243114488761216,6.22025518961359e-05,1.3947774057248415e-06,2.2813496432377448e-05,2.9371442267918253,1.2190932245589139,-0.18146805713197348,0.044602597767203496,1.7762917807962106,0.46805446126720629,-0.12018840521278416,1.776294416706468,0.46817851406412336,-0.12019597435248738
19.879999999999999,9940,0.0068871554579378168,0.015000816081729196,0,0.29172702309754617,0.00012617404937533604,6.517822313234003e-05,1.4418108387743847e-06,2.2845425764212974e-05,2.937613600910209,1.2191175492746991,-0.1814470335413117,0.044591365186346855,1.7763240644943719,0.46869965889932624,-0.1202293557589533,1.7763268370096581,0.46882556912468049,-0.1202370251165536
19.900000000000002,9950,0.0068882530950093706,0.01500086899796743,0,0.29162504899550062,0.00012778873837275147,6.8088113736944887e-05,1.5018606484913314e-06,2.265317472408141e-05,2.93809415373395,1.2191418667672205,-0.18142602084414022,0.044580131424001329,1.7763582198800663,0.4693820074957834,-0.12027267859784475,1.7763611064081546,0.46950952903675897,-0.12028041721514457
19.920000000000002,9960,0.0068893707112452377,0.015000917101647014,0,0.29151904438759385,0.0001290927136311078,7.1411416142523853e-05,1.5566101500710822e-06,2.2524095754713237e-05,2.93858608308346,1.2191661872301096,-0.18140500313119884,0.044568897792361804,1.7763942098387338,0.47010168735981345,-0.120318350272739,1.7763972306407529,0.47023050833711905,-0.120326157914754
19.940000000000001,9970,0.0068905083194817657,0.015000959821593376,0,0.29140925738213896,0.00013009558883638565,7.5258100835013018e-05,1.6055736710308017e-06,2.2329078268013787e-05,2.9390894034151418,1.2191905107494974,-0.18138397983032417,0.044557664106664327,1.7764320234144424,0.47085873285238955,-0.12036637346061752,1.776435211892385,0.47098855063335471,-0.12037424998195488
19.960000000000001,9980,0.0068916658731207215,0.015000997467065699,0,0.29129596352756998,0.00013081192356778837,7.9359626720723275e-05,1.6491516986606611e-06,2.2361699290911531e-05,2.9396040957433396,1.2192148370225855,-0.1813629512589704,0.044546430249231793,1.7764716601174315,0.4716531037145259,-0.12041674948542667,1.7764750488802308,0.4717836303225168,-0.12042469179243316
19.98,9990,0.0068928432907477254,0.01500103036091812,0,0.29117945962327119,0.0001312535967442371,8.3869953420023208e-05,1.6876941322423332e-06,2.2165253030559974e-05,2.9401301199155183,1.2192391658306871,-0.18134191774552791,0.044535196182090085,1.7765131203895588,0.47248469483812056,-0.12046947468945904,1.7765167369398278,0.47261565430973634,-0.12047747744002144
20,10000,0.0068940404566810902,0.015001058798790634,0,0.29106006285817143,0.00013143063954749161,8.8586987422752038e-05,1.7215028317396073e-06,2.2426798989897964e-05,2.9406674159898638,1.2192634970046288,-0.18132087958967566,0.04452396189991957,1.7765564017712197,0.47335333722013484,-0.12052454056468792,1.7765602681111825,0.47348446372684833,-0.1205325968457327
20.02,10010,0.0068952572211146632,0.015001083051067895,0,0.29093811000966679,0.00013135205609397373,9.3479442205965453e-05,1.750852663284699e-06,2.2198114802541581e-05,2.9412159047341406,1.2192878303988961,-0.18129983706515768,0.044512727407483063,1.7766014978037872,0.47425879886719552,-0.12058193409189616,1.776605631224881,0.47438983565101472,-0.12059003586679394
20.039999999999999,10020,0.0068964934007535086,0.015001103365957761,0,0.29081395633681617,0.00013102618145846481,9.8639495904149805e-05,1.7759996622347169e-06,2.2263692832568247e-05,2.9417754880641422,1.2193121658818502,-0.18127879042317604,0.044501492711821536,1.7766483979573124,0.47520078615263384,-0.12064163797632264,1.776652811988199,0.47533148482334825,-0.12064977640567998
20.059999999999999,10030,0.0068977487796415098,0.015001119972493903,0,0.29068797429860327,0.00013046085705394883,0.00010402733511869802,1.797184293978315e-06,2.2230927998283902e-05,2.9423460494742715,1.2193365033321071,-0.18125773989550464,0.044490257820325986,1.7766970878649677,0.47617894535427074,-0.12070363083452314,1.7767017930712121,0.4763090653675357,-0.12071179651914699
20.080000000000002,10040,0.0068990231100484814,0.015001133083351454,0,0.29056055216323362,0.00012966354934774117,0.0001096160247091449,1.8146332866014548e-06,2.2099382890764463e-05,2.9429274544845012,1.2193608426369738,-0.18123668569734669,0.044479022740656106,1.7767475496103242,0.47719286424883955,-0.12076788736307612,1.7767525541929079,0.47732217250846148,-0.12077607052726638
20.100000000000001,10050,0.0069003161133814684,0.015001142897349291,0,0.29043209252834135,0.00012864144323966963,0.00011535742645796362,1.828561138083804e-06,2.2263692832568247e-05,2.943519551101629,1.2193851836914193,-0.18121562802986063,0.044467787481061817,1.7767997619913973,0.47824207373239158,-0.12083437849588502,1.7768050722072952,0.47837034429083053,-0.12084256912245833
20.120000000000001,10060,0.006901626813949689,0.015001178925671148,0,0.29030307872155742,0.00012748221891303247,0.00012178176532874736,1.8729285643689893e-06,2.2361699290911531e-05,2.9441218753938623,1.219409509824992,-0.18119459685490302,0.044456546681783234,1.7768538967414143,0.47932595642427989,-0.1209031271844094,1.776859321189515,0.47945306329779269,-0.12091125947852563
20.140000000000001,10070,0.0069029550676387875,0.015001235535084157,0,0.29017391350135469,0.00012615903024033965,0.00012867929568154092,1.9402649373775688e-06,2.1900583802360337e-05,2.9447343138112636,1.2194338251844044,-0.18117358641807318,0.04444530301808463,1.776909910673977,0.4804439690918787,-0.12097407983063553,1.776915272521951,0.48056975836956534,-0.12098210535968723
20.16,10080,0.0069043011399778096,0.01500128698128503,0,0.29004496670571456,0.00012459974262706315,0.00013567750017363497,2.0009127173205927e-06,2.2361699290911531e-05,2.9453569452642512,1.2194581443342856,-0.18115257058043521,0.0444340612565257,1.7769675795733439,0.48159557249060542,-0.12104714274641389,1.7769728949803409,0.48171980632205735,-0.12105506722961208
20.18,10090,0.0069056647098506155,0.015001329816898277,0,0.28991667690032413,0.00012280985813229955,0.00014249581907457628,2.0518632198938589e-06,2.206637408534863e-05,2.945989599326496,1.2194824682761305,-0.18113154587666266,0.044422820470279442,1.7770268003099539,0.48278009101477842,-0.1211222673260509,1.777032154819886,0.48290253366549207,-0.12113010236045271
20.199999999999999,10100,0.0069070453692849582,0.015001363361043003,0,0.28978949774382107,0.00012080323137228106,0.00014925174590899683,2.0927531475907674e-06,2.2394272795856101e-05,2.9466320518209494,1.2195067969557756,-0.18111051163117142,0.044411580087458997,1.7770875261368406,0.48399678930131462,-0.12119941030694023,1.7770930158613618,0.48411721832303128,-0.12120716494187904
20.219999999999999,10110,0.0069084411309339872,0.015001444540528722,0,0.289664059595241,0.00011885197753583404,0.00015593001753486883,2.1935504228872547e-06,2.206637408534863e-05,2.9472834867282285,1.2195310905964531,-0.18108952581815937,0.044400331957112016,1.7771497167368555,0.48524461750008197,-0.12127865710470712,1.7771554395772298,0.48536309134939809,-0.12128620619011193
20.240000000000002,10120,0.0069098520296267231,0.015001556537422113,0,0.28954074496727944,0.00011685491109613445,0.00016285382620565448,2.33365478142013e-06,2.2000207897163392e-05,2.9479438259952264,1.2195553610573235,-0.18106857131336906,0.044389078147993234,1.7772133605599645,0.48652286591797367,-0.12135990279700787,1.7772193851777467,0.48663933864950104,-0.12136717445695704
20.260000000000002,10130,0.006911278989130778,0.015001648306037969,0,0.28941710913461655,0.00011456895754089859,0.00016986877515779892,2.450382524683617e-06,2.2296409518597789e-05,2.9486133163549688,1.2195796438555755,-0.18104759613571006,0.044377825788177561,1.7772784349452222,0.48783092855197729,-0.12144296741955256,1.7772848096970759,0.48794510269705643,-0.1214500153388384
20.280000000000001,10140,0.0069127215204366965,0.015001718649955545,0,0.28929068770479205,0.00011200999076217993,0.00017690222914542783,2.5422743297707671e-06,2.1933842111273517e-05,2.94929168069981,1.2196039396699794,-0.18102659906820046,0.044366575166402709,1.7773448916379051,0.48916789091352403,-0.12152779832904026,1.7773516680793975,0.48927948425321316,-0.12153467178583216
20.300000000000001,10150,0.0069141790169259098,0.015001769834283269,0,0.28916365517128845,0.00010921672676676071,0.00018379349298528125,2.6120966968895525e-06,2.2000207897163392e-05,2.9499785913552272,1.2196282469266204,-0.18100558241659637,0.044355325968760032,1.77741268879714,0.49053277470668943,-0.12161435199165171,1.7774199132650192,0.49064154408517524,-0.12162108421070029
20.32,10160,0.0069156508647639746,0.015001803890606916,0,0.28904009877617531,0.00010621835699878804,0.00019055799362645051,2.6622560442725635e-06,2.1733528855063329e-05,2.9506737126082716,1.2196525643501803,-0.18098454824510807,0.044344077984698936,1.7774817887409484,0.49192457291607689,-0.12170257800866451,1.7774894962764871,0.49203030468482556,-0.1217091905979243
20.34,10170,0.0069171364432216989,0.015001822549409547,0,0.28892055621689322,0.00010303659227343229,0.00019716071902087834,2.6947508042995166e-06,2.2099382890764463e-05,2.9513767020825141,1.2196768909376432,-0.18096349830920264,0.044332831114587162,1.7775521534246614,0.49334224953432843,-0.12179242007190619,1.7775603663046957,0.49344475198734911,-0.12179892661273886
20.359999999999999,10180,0.0069186351202352222,0.01500182736105443,0,0.28880547435894321,9.9688896591042253e-05,0.00020358876629711237,2.7113501582352501e-06,2.2033315828455735e-05,2.952087209809394,1.2197012258294397,-0.18094243418022804,0.044321585313720921,1.7776237420461067,0.49478473804722195,-0.12188381752827142,1.7776324707949989,0.49488383708985673,-0.12189022571016557
20.379999999999999,10190,0.006920146251055628,0.015001819745816363,0,0.28869528754147084,9.6190034711630799e-05,0.00020992417242012218,2.7136715358775508e-06,2.1531352099333316e-05,2.952804878103175,1.2197255682518409,-0.18092135729717512,0.044310340558820688,1.7776965102298976,0.49625094162978134,-0.12197670617518121,1.7777057555333207,0.49634647797000819,-0.1219830192440466
20.400000000000002,10200,0.0069216691784665099,0.015001801006142118,0,0.28859041624857157,9.2552830848015581e-05,0.00021600304519549487,2.703202397441681e-06,2.1867274910380131e-05,2.9535293418402495,1.2197499174981592,-0.18090026897953654,0.04429909683375291,1.7777704100101386,0.49773973413862022,-0.12207101871140626,1.7777801647322653,0.49783156120463634,-0.12207723657607847
20.420000000000002,10210,0.0069232032334317316,0.015001772330841358,0,0.28849126566984551,8.8788671554534344e-05,0.00022190560904255429,2.6813071269889189e-06,2.1598954627055457e-05,2.9542602288020237,1.2197742729224321,-0.18087917043170021,0.044287854124514643,1.7778453901569398,0.49924996135844041,-0.12216668508436239,1.7778556411172282,0.49933794368836898,-0.12217280518484562
20.440000000000001,10220,0.0069247477357861839,0.015001734801208122,0,0.28839822424958783,8.4907908667283051e-05,0.00022759754316679681,2.6492339501515487e-06,2.1767042412140833e-05,2.954997160010675,1.219798633935302,-0.1808580627491802,0.044276612417919185,1.7779213966161169,0.50078044234749419,-0.1222636327964927,1.7779321260125067,0.50086445435225424,-0.12226965077485424
20.460000000000001,10230,0.0069263019949018009,0.015001689400042638,0,0.28831166224739724,8.0920195893112893e-05,0.00023307551431564738,2.6081244489970126e-06,2.1327258847706145e-05,2.9557397500528104,1.2198229999995436,-0.18083694692774538,0.044265371701597583,1.7779983729495734,0.50232997085333275,-0.1223617871784369,1.7780095594274097,0.50240989588238305,-0.12236769738556588
20.48,10240,0.0069278653103468897,0.015001637022145096,0,0.28823193032098871,7.6834772591536526e-05,0.00023824109574102265,2.5590247009603179e-06,2.1632676668865267e-05,2.9564876074225643,1.2198473706250992,-0.18081582387402809,0.044254131964362974,1.7780762607259737,0.50389731679227945,-0.12246107162920604,1.7780878801423698,0.50397304643851226,-0.1224668675004312
20.5,10250,0.0069294369725638755,0.015001578484818073,0,0.28815935814366361,7.2660711058218381e-05,0.00024322211567682573,2.502896605642148e-06,2.1190104635059971e-05,2.9572403348875143,1.2198717453640897,-0.18079469441614499,0.044242893196562834,1.7781549998451955,0.50548122778505855,-0.12256140782602781,1.7781670257950528,0.50555266137268895,-0.12256708215592362
20.52,10260,0.0069310162635801698,0.015001514537499311,0,0.28809425307031578,6.8407148617023999e-05,0.00024792093126297157,2.4406285296542089e-06,2.1395506250453509e-05,2.9579975298906382,1.219896123806087,-0.18077355931344044,0.044231655390298129,1.7782345287975421,0.5070804307387744,-0.12266271590841989,1.7782469329664683,0.50714747494787304,-0.12266826105057303
20.539999999999999,10270,0.006932601261822091,0.015001486771584699,0,0.28803703929083119,6.4471601884959827e-05,0.00025380207746887552,2.4314979090571089e-06,2.1632676668865267e-05,2.9587584421218316,1.2199204742528904,-0.18075246118762672,0.044220390375433918,1.7783144883844688,0.50869328797395286,-0.1227650186628846,1.7783275372670804,0.50875620205656125,-0.12277032265399954
20.559999999999999,10280,0.0069341929293394826,0.015001437852383115,0,0.28798776321427411,6.0337303744788112e-05,0.00025873708601778105,2.3968858282427339e-06,2.1429548445808714e-05,2.9595231844897683,1.21994483797114,-0.18073134137449243,0.044209133696723295,1.7783951242891496,0.51031898922900787,-0.12286807494398079,1.7784087734229188,0.51037753993941049,-0.12287318431594706
20.580000000000002,10290,0.0069357902779330896,0.015001376416906305,0,0.28794669669083939,5.6127101639289019e-05,0.00026331685901402428,2.3496624121418477e-06,2.1258792350482307e-05,2.9602912730129205,1.2199692083048623,-0.18071020873132815,0.044197878662630807,1.7784762967133572,0.51195611409015562,-0.1229718287412752,1.7784905753616891,0.51201016990386128,-0.12297676237531714
20.600000000000001,10300,0.0069373918951876959,0.015001325382095409,0,0.28791412402741789,5.2108300292094328e-05,0.00026826432050694839,2.3240304340069738e-06,2.1361409804484527e-05,2.9610621076245693,1.2199935668391859,-0.18068908677805776,0.044186608586070764,1.7785577384493898,0.51360312172800615,-0.12307625448836257,1.7785728762988828,0.51365275904276031,-0.12308097226920255
20.620000000000001,10310,0.0069389980031657975,0.015001252052492437,0,0.28789011568378536,4.8015103208678874e-05,0.00027242470869200027,2.2749119860523205e-06,2.1361409804484527e-05,2.9618355584451233,1.2200179376232387,-0.1806679420394296,0.044175344384485934,1.7786395827914419,0.51525892908611304,-0.12318118360931427,1.778655608823889,0.51530396195298545,-0.12318572864192102
20.640000000000001,10320,0.006940607873597922,0.015001156941395357,0,0.28787482683202292,4.3854053882936189e-05,0.00027573055777582213,2.2015979655951643e-06,2.1598954627055457e-05,2.9626111813518921,1.2200423221429513,-0.18064677497452503,0.044164087956626928,1.7787218563994067,0.51692217510180738,-0.12328653480735506,1.7787387049861036,0.51696242245406843,-0.12329094545404901
20.66,10330,0.0069422206402405999,0.015001044850017704,0,0.28786839869285713,3.9680405643410144e-05,0.00027830401807038563,2.109289092610594e-06,2.1531352099333316e-05,2.9633884933698367,1.2200667184080467,-0.18062559043457599,0.044152839134791247,1.7788045382287287,0.5185914514379697,-0.12339223839800781,1.7788220963810415,0.51862677530681811,-0.12339653609145523
20.68,10340,0.006943835444612096,0.015000920060002256,0,0.28787093763107124,3.555845210426589e-05,0.00028020949922355417,2.0029434926330404e-06,2.1900583802360337e-05,2.9641670216048368,1.2200911243490338,-0.18060439275521104,0.044141597542253129,1.7788875803127671,0.52026534975844518,-0.12349822002578689,1.7789057142364455,0.52029564793194383,-0.12350241347433455
20.699999999999999,10350,0.0069454514546112541,0.015000785759606589,0,0.28788251384896735,3.1567139720190886e-05,0.0002815460189335356,1.8865697643826462e-06,2.1867274910380131e-05,2.9649463075287597,1.2201155383267988,-0.180583185168184,0.044130362781885389,1.7789709177870834,0.52194246596880944,-0.12360440001016323,1.7789894894983986,0.5219676621286794,-0.12360849016624151
20.719999999999999,10360,0.0069470678600513248,0.015000644253108144,0,0.28790316299472546,2.7815653524876471e-05,0.00028238103547324224,1.7635079239551954e-06,2.1598954627055457e-05,2.9657259035497834,1.2201399590795876,-0.18056197001205518,0.044119134438382376,1.7790544754955691,0.52362139867991542,-0.12371069506653401,1.7790733529174334,0.52364143579340616,-0.12371467848312412
20.740000000000002,10370,0.0069486838667974166,0.015000497227257182,0,0.28793288748312079,2.4463587034108914e-05,0.00028264679134811004,1.6368036754844061e-06,2.1967050066869309e-05,2.9665053696036026,1.2201643856108397,-0.18054074900147044,0.044107912078327739,1.7791381728146327,0.525300748491216,-0.1238170197126911,1.7791572351346425,0.52531558463827677,-0.1238208906023576
20.760000000000002,10380,0.0069502986927400855,0.015000345952742557,0,0.28797165738276753,2.1740958677495629e-05,0.00028246620778053593,1.5095418707919451e-06,2.1867274910380131e-05,2.9672842708504783,1.2201888171057742,-0.18051952343064087,0.044096695260874078,1.7792219270815051,0.5269791182785899,-0.12392328719987468,1.7792410667677907,0.52698872390983742,-0.12392703867177787
20.780000000000001,10390,0.0069519115653230287,0.015000191424718869,0,0.2880194110858087,1.994467057756332e-05,0.00028182290836139748,1.3851572879713325e-06,2.1867274910380131e-05,2.9680621762835675,1.2202132528762946,-0.18049829431513567,0.04408548355136236,1.7793056558549136,0.52865511403156051,-0.12402941013886477,1.7793247784974233,0.52865947010765346,-0.12403303491871552
20.800000000000001,10400,0.0069535217201047144,0.01500003445983754,0,0.28807605589893903,1.9361625413520556e-05,0.00028073708128311786,1.2677435484497763e-06,2.2198114802541581e-05,2.9688386579851205,1.220237692324152,-0.18047706248973411,0.044074276532646763,1.7793892782510992,0.53032734598365827,-0.12413530093868921,1.7794083011529791,0.53032644270293072,-0.12413879175902932
20.82,10410,0.0069551284000330055,0.014999875762143931,0,0.2881414686262817,2.0113349363782131e-05,0.00027921139572877925,1.1623327091955634e-06,2.2296409518597789e-05,2.9696132908467305,1.2202621349157508,-0.18045582867488114,0.04406307381245083,1.7794727155992269,0.53199442992506285,-0.12424087212083088,1.7794915657988986,0.53198826585714043,-0.12424422190613998
20.84,10420,0.0069567308552427728,0.01499971596596289,0,0.28821549618485032,2.2069164858003864e-05,0.00027728591242511609,1.0750121065270815e-06,2.1598954627055457e-05,2.9703856526222214,1.2202865801650447,-0.18043459351996077,0.044051875026993016,1.7795558916345207,0.53365498864264393,-0.12434603654723904,1.7795745038207367,0.53364357014064168,-0.12434923848006384
20.859999999999999,10430,0.006958328343241069,0.014999555661836889,0,0.28829795628045024,2.4944760434894094e-05,0.00027496283642835227,1.0125805365978566e-06,2.2296409518597789e-05,2.9711553242119968,1.2203110276221856,-0.18041335762950164,0.044040679841571236,1.7796387324075635,0.53530765345132281,-0.12445070758975414,1.7796570470112718,0.53529099425130533,-0.12445375511644656
20.879999999999999,10440,0.0069599185307872378,0.014999458527551626,0,0.28838879219266639,2.7960310460147865e-05,0.00027251031795148519,9.8664819313660251e-07,2.1767042412140833e-05,2.9719211988863887,1.2203354434768034,-0.18039218569044055,0.044029471601430302,1.7797215431985547,0.53695075306057782,-0.12455495490068337,1.7797391276566175,0.53692918673313761,-0.12455768607559685
20.900000000000002,10450,0.0069615007707335775,0.014999423046382082,0,0.28848773327675487,3.1005227833485095e-05,0.00027005442113666806,9.7032875019493717e-07,2.1395506250453509e-05,2.9726828868979998,1.2203598292618889,-0.18037107611720862,0.044018254167167856,1.7798042761428416,0.53858301993393976,-0.12465866570593827,1.7798206786223321,0.53855680769490333,-0.1246609463515201
20.920000000000002,10460,0.0069630755910355746,0.01499940043330248,0,0.28859437715215436,3.4416318416094365e-05,0.00026739067477605377,9.5056347240146726e-07,2.1699963539503996e-05,2.9734405338863015,1.2203842106080034,-0.18034997936059971,0.044007040080571234,1.7798865199668228,0.54020339637964054,-0.12476161734241556,1.7799016334395301,0.54017253052874836,-0.12476345178095213
20.940000000000001,10470,0.0069646425172275464,0.014999380585089093,0,0.28870841234369704,3.8182085846258956e-05,0.0002643556755191136,9.2970147705289554e-07,2.1565179853261896e-05,2.9741938720227079,1.220408591569351,-0.18032888522465781,0.043995827989807564,1.7799680406668279,0.54181058309475361,-0.12486370327614399,1.779981926390992,0.54177504362882545,-0.12486511915239289
20.960000000000001,10480,0.0069662009358975796,0.014999359627022745,0,0.28882952435736664,4.2208569089655005e-05,0.00026102026129732459,9.0996303720326952e-07,2.2000207897163392e-05,2.9749425533871663,1.2204329732495116,-0.18030778981686144,0.043984616642618532,1.7800487109186662,0.54340326578531029,-0.12496484049462353,1.780061492597276,0.5433630521099152,-0.12496586631514012
20.98,10490,0.0069677502015682846,0.014999335977839912,0,0.28895737911329744,4.6403677190312584e-05,0.0002573415967060219,8.9278056286083382e-07,2.1632676668865267e-05,2.9756862044802794,1.2204573560223966,-0.18028669155163879,0.043973405435058628,1.7801284601020833,0.54498015084860874,-0.12506495138958021,1.7801402681028271,0.54493527952605114,-0.12506561228832308
21,10500,0.0069692896588322466,0.014999309273615993,0,0.28909019877858644,5.0695080928045523e-05,0.00025332487038140787,8.7901994530286161e-07,2.1767042412140833e-05,2.9764244430411884,1.2204817399266801,-0.18026559006610662,0.043962194151202692,1.7802072442444048,0.54653996789441961,-0.12516396071657571,1.7802181899620895,0.54649046958914238,-0.12516427736993624
21.02,10510,0.006970818652677074,0.014999279809608289,0,0.28922205563746112,5.502957209579455e-05,0.00024895079157235547,8.6915617944516202e-07,2.2165253030559974e-05,2.9771568867588352,1.220506124813205,-0.18024448565975898,0.043950982762532766,1.780285029255628,0.54808147008763386,-0.12526179473934643,1.7802951963256148,0.54802738788759697,-0.12526178324587295
21.039999999999999,10520,0.0069723365356249177,0.014999248192790261,0,0.28935430281728591,5.9368706820895431e-05,0.00024429267494679595,8.6337020964349919e-07,2.2263692832568247e-05,2.9778831586070438,1.2205305104386652,-0.18022337894554127,0.043939771317408949,1.7803617822363447,0.54960343539029632,-0.12535838075311084,1.7803712265261755,0.54954482360494616,-0.1253580530989592
21.059999999999999,10530,0.0069738426726974759,0.014999215129659108,0,0.28949172167291354,6.3684592196766392e-05,0.00023935830056477536,8.616098925187247e-07,2.183391520383078e-05,2.9786028900415684,1.2205548965282333,-0.18020227063653554,0.043928559885659829,1.7804374675227836,0.5511046681565932,-0.12545364688183289,1.7804462211648728,0.55104159123846674,-0.12545301171798723
21.080000000000002,10540,0.0069753364446700755,0.014999181307223384,0,0.28963412903093239,6.7956602217323858e-05,0.00023414576863287984,8.6364218362331725e-07,2.2394272795856101e-05,2.9793157228019149,1.2205792828130853,-0.18018116142621582,0.043917348532447047,1.7805120454154817,0.55258400074267022,-0.12554752210420669,1.7805201221972495,0.55251653231780562,-0.12554658560674931
21.100000000000001,10550,0.0069768172501247089,0.014999147335075583,0,0.28978109199505225,7.2169007374578832e-05,0.00022871893258268974,8.6910459694626997e-07,2.2132342465963256e-05,2.9800213098576416,1.2206036690495179,-0.18016005193013085,0.043906137307232272,1.780585472331417,0.55404029507523489,-0.12563993642279042,1.7805928730193985,0.55396851712360184,-0.12563870309307135
21.120000000000001,10560,0.0069782845067474196,0.014999113724633646,0,0.28993216468307648,7.6309325782323621e-05,0.0002230490799644638,8.7755424477381765e-07,2.2099382890764463e-05,2.9807193158695036,1.2206280550260962,-0.18013894266499203,0.043894926240474939,1.7806577016174789,0.55547244420388364,-0.1257308211001919,1.7806644185540754,0.55539644640611163,-0.12572929443784667
21.140000000000001,10570,0.0069797376521955404,0.014999080889070916,0,0.2900868901935732,8.0367200903179128e-05,0.00021720108953299534,8.8851030247744912e-07,2.2524095754713237e-05,2.9814094174299037,1.2206524405639416,-0.18011783404859333,0.043883715344173402,1.7807286845826351,0.55687937386347408,-0.12582010891253706,1.7807347053368077,0.55679925310383094,-0.12581829194406971
21.16,10580,0.0069811761447486041,0.014999049153386295,0,0.29024480259962893,8.4333649840051935e-05,0.00021113599592110759,9.0148703289148274e-07,2.2263692832568247e-05,2.9820913032190015,1.2206768255135654,-0.18009672640994545,0.043872504614103032,1.7807983715108657,0.55826004405994045,-0.12590773439331282,1.7808036816020054,0.5581759040621187,-0.12590563006586963
21.18,10590,0.0069825994638735827,0.014999018768234246,0,0.29040542895150295,8.820056705829068e-05,0.00020498392274445775,9.1601675541973754e-07,2.2099382890764463e-05,2.9827646741690574,1.220701209750366,-0.1800756200031976,0.043861294032594152,1.7808667125439721,0.55961345068306556,-0.12599363405577166,1.780871297369073,0.55952540175182086,-0.12599124551754415
21.199999999999999,10600,0.0069840071107779419,0.014998989923984771,0,0.29056829127809164,9.1960401424732587e-05,0.00019861571786157191,9.3166390315408476e-07,2.2099382890764463e-05,2.9834292436561074,1.2207255931700152,-0.18005451502179365,0.043850083571237389,1.780933658398393,0.5609386271444623,-0.12607774659096721,1.7809375045285181,0.56084678598789339,-0.12607507738259302
21.219999999999999,10610,0.0069853969142552865,0.014999025035455582,0,0.29073304008395406,9.5330405740766055e-05,0.00019268443644409789,8.9381102601602173e-07,2.2524095754713237e-05,2.9840840903645369,1.2207499341861785,-0.18003347504501221,0.043838863316244481,1.7809992404050452,0.56223436799603776,-0.12616016346882453,1.7810022569280635,0.56213913564802598,-0.12615706722275205
21.240000000000002,10620,0.0069867688735303487,0.014999107936212322,0,0.29089914022381352,9.8417415358105593e-05,0.00018689649199096241,8.1688098237560491e-07,2.2685329707937426e-05,2.9847291224019625,1.220774244000596,-0.18001248359474623,0.043827636209084309,1.7810634072451463,0.56349989903500286,-0.12624077055229002,1.7810655104587572,0.56340157039126559,-0.12623715918702647
21.260000000000002,10630,0.0069881240169917466,0.014999184884889567,0,0.29106598657737753,0.00010147276658646409,0.00018077434721438718,7.4770365261751716e-07,2.2588727439225648e-05,2.9853646549601009,1.2207985582343799,-0.17999148593344821,0.043816410567468864,1.781126027681373,0.56473463636164667,-0.12631937207587579,1.7811272231410831,0.56463325237663897,-0.12631530012072481
21.280000000000001,10640,0.0069894619730372773,0.014999254028157777,0,0.29123310203216302,0.00010448079521178778,0.00017448760646414076,6.875923721502276e-07,2.2459278078588273e-05,2.9859904774179542,1.2208228774719332,-0.17997048019525358,0.043805185980155446,1.7811870209574072,0.56593777224719855,-0.12639591739434355,1.7811873552110715,0.5658333879817774,-0.12639143967449257
21.300000000000001,10650,0.006990782320923471,0.014999316334150303,0,0.29140002498649309,0.00010740711250821601,0.00016793100409798542,6.3550092848100849e-07,2.2033315828455735e-05,2.9866063560556149,1.2208472007615299,-0.17994946737717593,0.043793961950107568,1.7812463407799546,0.56710852645040921,-0.12647037133173805,1.7812458692064099,0.56700122952153953,-0.12646553041334596
21.32,10660,0.0069920846770121321,0.014999372643791167,0,0.29156629726069094,0.00011022710714867974,0.00016122538198422848,5.9046153347105494e-07,2.2588727439225648e-05,2.9872120724140188,1.2208715274639852,-0.17992844833887583,0.043782738240128502,1.7813039566773552,0.56824617591987792,-0.12654269813234412,1.781302730052553,0.5681360769666346,-0.12653752792570547
21.34,10670,0.0069933686919008533,0.014999423663124491,0,0.29173146666619276,0.00011292281473256113,0.00015447405645034062,5.515968432976689e-07,2.2361699290911531e-05,2.9878074251257578,1.2208958571282866,-0.17990742379911306,0.043771514740631928,1.7813598442296215,0.56935005317773302,-0.12661286233604793,1.7813579051488342,0.56923727966224613,-0.12660739093242968
21.359999999999999,10680,0.0069946340471189004,0.014999470022405309,0,0.2918950898711225,0.00011547977973480068,0.00014762632681281096,5.1810481097772541e-07,2.2426798989897964e-05,2.9883922299211041,1.220920189384274,-0.17988639439831416,0.043760291387951213,1.7814139810824867,0.57041954496510272,-0.12668083007780528,1.7814113644545753,0.57030423804665575,-0.1266750813958489
21.379999999999999,10690,0.0069958804545736776,0.014999512289814125,0,0.29205673462906329,0.00011788570320194836,0.00014076653675750925,4.8927149969096911e-07,2.2426798989897964e-05,2.9889663199411278,1.2209445239044892,-0.17986536071360548,0.043749068130440355,1.7814663457237827,0.57145409273937375,-0.12674656970018652,1.7814630805751981,0.57133640536986552,-0.1267405646287989
21.400000000000002,10700,0.0069971076570048574,0.014999550971570892,0,0.29221598173804486,0.00012012982284337527,0.00013396358754907582,4.6448128821232644e-07,2.2459278078588273e-05,2.9895295461088165,1.2209688603937365,-0.17984432325931826,0.043737844916949514,1.7815169174145138,0.57245319388259475,-0.12681005210934229,1.7815130288483338,0.57233328941222295,-0.12680380940365463
21.420000000000002,10710,0.006998314628886412,0.014999615362353044,0,0.29237247553421131,0.0001220573358910489,0.00012758132454881543,4.4772942966720668e-07,2.2781522350186147e-05,2.9900814956380901,1.2209931786846278,-0.179823311954177,0.043726610502912044,1.7815656577798211,0.57341625489800552,-0.12687131492303391,1.7815611874299346,0.57329445420304259,-0.12686478806136378
21.440000000000001,10720,0.0069995014311249066,0.01499969631905752,0,0.29252580521226479,0.00012372305969122457,0.00012149411977720897,4.5113108115362816e-07,2.2524095754713237e-05,2.9906221476902513,1.2210174849630422,-0.17980231746643752,0.043715368309518873,1.7816125493053281,0.57434295443838612,-0.12693030632669747,1.7816075373803835,0.57421952173923108,-0.12692347662048067
21.460000000000001,10730,0.0070006685968227542,0.014999768812098392,0,0.29267555515779781,0.00012525514546583673,0.00011545848423157814,4.6920659470168901e-07,2.2198114802541581e-05,2.9911516544741037,1.2210417963759181,-0.17978131423595675,0.043704127910562822,1.7816575879633398,0.57523310585327347,-0.12698694583432193,1.7816520627506054,0.57510817370390976,-0.12697985488619981
21.48,10740,0.0070018159827607458,0.014999833646486889,0,0.29282137913191286,0.00012663804768995077,0.00010946963038997783,4.9588367143471991e-07,2.2459278078588273e-05,2.9916699349083342,1.2210661123965021,-0.17976030308324559,0.043692889038975911,1.7817007613505602,0.57608643686376182,-0.12704122088151637,1.781694750668178,0.57596015318503868,-0.12703390655938968
21.5,10750,0.0070029434627434722,0.014999892114169366,0,0.29296295468173211,0.00012784939062913727,0.00010352159490983988,5.2711783648172713e-07,2.2296409518597789e-05,2.9921769205756341,1.2210904321755325,-0.17973928532553973,0.043681651289877166,1.781742060075256,0.57690273117973589,-0.127093126118247,1.7817355914234412,0.57677526639403898,-0.12708561934562632
21.52,10760,0.0070040509592249073,0.014999945040269594,0,0.29309997993498194,0.00012887300874212448,9.7696479336310411e-05,5.6020278326309445e-07,2.265317472408141e-05,2.9926725679646387,1.2211147551838022,-0.17971826180352551,0.043670414436039896,1.7817814780845904,0.5776818436473502,-0.12714265752465093,1.7817745785556089,0.57755338438441783,-0.12713498506422716
21.539999999999999,10770,0.0070051384371834077,0.014999993012624915,0,0.29323217568939952,0.00012969638879163574,9.1962162608712545e-05,5.9339692008197485e-07,2.262097403300073e-05,2.9931568564962823,1.2211390810490965,-0.17969723311585672,0.043659178329400722,1.7818190123530517,0.5784236993916555,-0.1271898136096358,1.781811708938879,0.57829444477039016,-0.12718199975728464
21.559999999999999,10780,0.0070062059009016533,0.015000036507722603,0,0.29335928718497289,0.00013030883042048483,8.648014826818702e-05,6.2563645368777485e-07,2.2329078268013787e-05,2.9936297874836839,1.2211634094690809,-0.1796761997477741,0.043647942851734581,1.7818546628996021,0.57912829366696017,-0.12723459634562392,1.7818469828685444,0.57899845344550394,-0.12722666379869987
21.580000000000002,10790,0.0070072533932772499,0.015000075939095199,0,0.29348108539950057,0.00013070073553210842,8.1130961010429225e-05,6.5631094042898974e-07,2.2524095754713237e-05,2.9940913840093137,1.2211877401789968,-0.1796551621204997,0.043636707897361841,1.7818884329573825,0.57979569285204557,-0.12727701161137819,1.7818804041471026,0.57966548630126224,-0.12726898200321646
21.600000000000001,10800,0.0070082806940584743,0.015000121542779956,0,0.29359738051530138,0.00013082159804711098,7.5615623516449965e-05,6.9721246859015696e-07,2.2459278078588273e-05,2.9945415942076035,1.2212120644324951,-0.17963413072358964,0.0436254708885946,1.7819202856921941,0.58042599568030528,-0.12731708684904541,1.7819119801703678,0.58029569094574673,-0.12730896373545403
21.620000000000001,10810,0.0070092880273157796,0.015000169687955856,0,0.29370799081696042,0.00013068157404787472,7.0009438992635049e-05,7.4433510439995687e-07,2.2685329707937426e-05,2.9949805206502988,1.2212363850963823,-0.17961310184569604,0.043614232438017979,1.7819502389560016,0.58101943383225751,-0.12735482714834942,1.78194172201358,0.58088928842224208,-0.12734662301894209
21.640000000000001,10820,0.0070102758122350057,0.015000211905135985,0,0.29381275843923121,0.00013031239645583045,6.4808112360358614e-05,7.8671929122853183e-07,2.2781522350186147e-05,2.9954083352734422,1.2212607094706394,-0.17959206680599304,0.043602994620430581,1.7819783473069368,0.58157633399905673,-0.12739023488934614,1.781969644517517,0.58144657492785856,-0.12738197864515366
21.66,10830,0.007011244234580629,0.015000249171241238,0,0.29391156853878381,0.00012970466623934469,5.995898592633753e-05,8.247346496419141e-07,2.2329078268013787e-05,2.9958251430605198,1.2212850370167769,-0.17957102659572594,0.04359175739266339,1.7820046366958515,0.58209705923473343,-0.12742333607974837,1.7819957663746036,0.58196792353215587,-0.12741505428253888
21.68,10840,0.0070121935228538877,0.015000282272971604,0,0.29400433579812107,0.00012884704256058564,5.51064428448689e-05,8.5890900835833804e-07,2.2329078268013787e-05,2.9962310754672106,1.2213093672086819,-0.1795499820164535,0.043580520631117413,1.7820291284662009,0.58258204977323658,-0.12745416165616505,1.7820201102150233,0.58245378589576657,-0.12744587858555886
21.699999999999999,10850,0.0070131239560092037,0.01500031168221873,0,0.29409100410787148,0.00012772999076639827,5.0783386607251263e-05,8.8956898555976888e-07,2.2394272795856101e-05,2.9966262915701516,1.2213336997178292,-0.17952893354955748,0.043569284232655096,1.7820518464437221,0.58303182815520904,-0.12748274642639756,1.7820427026928278,0.5829046939890189,-0.12747448530371933
21.719999999999999,10860,0.0070140358596750422,0.015000337740056413,0,0.29417154741120966,0.00012634508722381678,4.6638240169165957e-05,9.1696774204888804e-07,2.265317472408141e-05,2.9970109763371271,1.2213580343030481,-0.17950788154315786,0.04355804811018868,1.7820728188033854,0.58344700009267692,-0.12750912981703058,1.7820635745720494,0.58332126181056132,-0.12750091339060421
21.740000000000002,10870,0.0070149296049013092,0.015000360733665497,0,0.29424597017625043,0.00012468450213695061,4.2791012500907763e-05,9.4134034560671426e-07,2.2329078268013787e-05,2.9973853402517223,1.2213823707613083,-0.17948682629038878,0.043546812187282652,1.7820920784573486,0.58382825562341134,-0.12753335631882462,1.7820827608128094,0.58370418710598515,-0.12752520711290954
21.760000000000002,10880,0.0070158055129907965,0.015000383350390698,0,0.29431431022021237,0.0001227135598549959,3.9569438144160445e-05,9.6691878038568539e-07,2.2556434745889217e-05,2.9977495971363486,1.2214067064452601,-0.17946577056605306,0.043535574382249143,1.782109623858849,0.58417634585120914,-0.12755548167127667,1.7821003006574301,0.58405425308644809,-0.12754741615947696
21.780000000000001,10890,0.007016664048659021,0.015000404776255877,0,0.29437662986436169,0.00012043458592140373,3.6503191840628472e-05,9.9308089154101297e-07,2.2717439178655149e-05,2.9981040155644214,1.2214310413668736,-0.17944471355604827,0.043524334814680349,1.7821254805608577,0.58449214539736394,-0.12757555597435927,1.7821162377165447,0.58437233014729772,-0.1275675957503275
21.800000000000001,10900,0.0070175058276922397,0.015000422488374883,0,0.29443302479286337,0.00011787071381380273,3.3764561934797926e-05,1.0150354118745116e-06,2.265317472408141e-05,2.9984489005390289,1.2214553787845763,-0.17942365263103213,0.043513095778169621,1.7821397695490355,0.58477663157835813,-0.12759363575436597,1.7821306200552087,0.58465937758669506,-0.12758580674569528
21.82,10910,0.0070183314106428869,0.015000437290677501,0,0.29448362465028688,0.00011501568827156859,3.1462456646101972e-05,1.0331269974399043e-06,2.2556434745889217e-05,2.9987845618389977,1.2214797187265836,-0.17940258859122943,0.043501857547009998,1.7821525680555725,0.58503084587584109,-0.12760979024330346,1.7821435002790096,0.58491644532423837,-0.12760211575506125
21.84,10920,0.0070191414621040534,0.015000447917502314,0,0.29452858430807682,0.00011188125823539054,2.8902476314888416e-05,1.0453351005519765e-06,2.2459278078588273e-05,2.9991113616332772,1.2215040622477145,-0.17938152013249387,0.043490621424164412,1.7821639420858839,0.58525594186581864,-0.12762408670592681,1.7821549356201782,0.58514467561958561,-0.12761659524618676
21.859999999999999,10930,0.0070199366105935454,0.015000455644354033,0,0.29456809275109391,0.00010844745492964997,2.6618028002480006e-05,1.053463404137639e-06,2.2556434745889217e-05,2.9994296673797582,1.2215284082775313,-0.17936044856416158,0.043479386710950051,1.7821739361582729,0.58545313678007627,-0.12763660675219785,1.7821649880236985,0.58534530479107882,-0.12762932365414742
21.879999999999999,10940,0.0070207174969590868,0.015000462476877446,0,0.29460236868351136,0.00010468322831458486,2.4358747163462139e-05,1.0608106030242255e-06,2.2717439178655149e-05,2.9997398682143857,1.221552754773823,-0.1793393759601222,0.043468151727042971,1.7821825790598835,0.58562373418870273,-0.1276474396126156,1.782173724233419,0.58551966493436725,-0.1276403854903666
21.900000000000002,10950,0.0070214848896553378,0.01500046809749841,0,0.29463165684401377,0.00010058241734903954,2.2230927998283902e-05,1.0671363523281396e-06,2.2524095754713237e-05,3.0000424011502642,1.2215771018214323,-0.17931830200132276,0.043456916383868588,1.7821899348967312,0.58576915823679532,-0.12765667450177129,1.7821812158781625,0.58566918564103021,-0.12764987145164935
21.920000000000002,10960,0.0070222396055561317,0.015000472439297219,0,0.29465623113130479,9.6140663467545576e-05,2.0597012732861101e-05,1.0723756819774882e-06,2.2230927998283902e-05,3.0003377293524398,1.2216014494415328,-0.17929722662039255,0.04344568067457176,1.7821960811870021,0.58589093336077358,-0.12766440741916593,1.7821875395578377,0.58579539571720196,-0.1276578785292159
21.940000000000001,10970,0.0070229825109607482,0.015000475582396821,0,0.29467639383453637,9.1352919274180258e-05,1.9090959104164312e-05,1.07660984098101e-06,2.2230927998283902e-05,3.0006263445992345,1.2216257975856342,-0.17927614989886165,0.043434444589153021,1.7822011021388442,0.58599068402745547,-0.12767074132401135,1.7821927769295487,0.58589992490219278,-0.12766451011773541
21.960000000000001,10980,0.0070237145250208214,0.015000477646082182,0,0.29469247473007498,8.6213710231555421e-05,1.7580275371856632e-05,1.0799630428740533e-06,2.2685329707937426e-05,3.0009087692720677,1.2216501461854037,-0.17925507195797941,0.04342320811344328,1.7822050869711501,0.58607013688215093,-0.12767578587001402,1.7821970147937063,0.58598450558711512,-0.12766987612435982
21.98,10990,0.0070244366216806967,0.015000478751308239,0,0.29470483036992023,8.0717381039209957e-05,1.6244151468458309e-05,1.0825639529335492e-06,2.2717439178655149e-05,3.0011855573741002,1.2216744951715652,-0.17923399292070322,0.0434119712315661,1.7822081297005878,0.58613112274329582,-0.12767965736663264,1.7822003451801387,0.58605097453350596,-0.12767409307775737
22,11000,0.0070251498309034949,0.015000479011750723,0,0.29471384346295743,7.4858203392290092e-05,1.5367925632528735e-05,1.0845354762644228e-06,2.2361699290911531e-05,3.0014572951888407,1.2216988444788999,-0.17921291290260458,0.043400733927486605,1.782210329271644,0.58617557841209944,-0.12768247885520842,1.7822028654342015,0.58610127459194905,-0.1276772842371463
22.02,11010,0.0070258553512505834,0.015000475237375233,0,0.29471991862636243,6.8647421481902326e-05,1.4886052178675807e-05,1.0813723574942976e-06,2.2459278078588273e-05,3.0017246347098734,1.221723197103989,-0.17919182862388788,0.043389497200556015,1.7822118135518064,0.58620556345165709,-0.12768437438934258,1.7822046783028886,0.58613745642069959,-0.12767957970132868
22.039999999999999,11020,0.0070265542796025468,0.015000469458340967,0,0.29472349212237769,6.2070067518921722e-05,1.4983666681503355e-05,1.0756951426359713e-06,2.2588727439225648e-05,3.0019882129963511,1.2217475513941449,-0.17917074216286633,0.043378260617990265,1.7822126838629149,0.58622322271171889,-0.12768548503531824,1.7822058920209427,0.5861616802043077,-0.12768111651772393
22.059999999999999,11030,0.0070272479144481903,0.015000458544630212,0,0.29472501628655917,5.5142161814058749e-05,1.4286365630539095e-05,1.0635763863512368e-06,2.2717439178655149e-05,3.0022487499699344,1.2217719091056181,-0.17914965032376423,0.043367026300988466,1.7822130523752941,0.5862308435761775,-0.12768594590132282,1.7822066203969662,0.58617621737224213,-0.12768203879140269
22.080000000000002,11040,0.0070279374248254688,0.01500044614913887,0,0.2947249791922586,4.7833448140852688e-05,1.3499346641909611e-05,1.049862863934661e-06,2.2296409518597789e-05,3.0025069367449442,1.2217962675522134,-0.17912855684734219,0.043355792443527517,1.7822130244812531,0.58623077929992029,-0.1276859175583652,1.7822069828995313,0.58618345231751223,-0.12768249779412041
22.100000000000001,11050,0.0070286241757279346,0.015000431270328952,0,0.29472388216799689,4.0139082001580442e-05,1.2948118433879161e-05,1.0339818763667181e-06,2.2524095754713237e-05,3.0027635485376676,1.2218206273628582,-0.17910746072749123,0.043344557547687276,1.7822127159475707,0.58622552301000019,-0.12768555350693914,1.782207104743291,0.58618588411529315,-0.12768265207335111
22.120000000000001,11060,0.0070293095937432794,0.015000413113815989,0,0.2947222551110823,3.2074382649815362e-05,1.3713635377634418e-05,1.0145929862576852e-06,2.2556434745889217e-05,3.003019390454547,1.2218449887191765,-0.17908636114437293,0.043333323869355247,1.7822122537579801,0.58621769929985112,-0.12768501732281595,1.7822071169982419,0.58618612637801082,-0.12768266565782613
22.140000000000001,11070,0.0070299943912821121,0.01500041983382165,0,0.29472070282762092,2.3917627206750625e-05,1.3004292747236537e-05,1.0239752887586586e-06,2.2781522350186147e-05,3.0032750342074737,1.2218693365812852,-0.17906528677455241,0.043322079356791304,1.7822117232134453,0.58620983101131718,-0.1276845627174501,1.7822071612297659,0.58618646477334768,-0.1276822692224617
22.16,11080,0.0070306799497769261,0.015000441356395743,0,0.29471891767958114,1.670962341910994e-05,1.2013660097101191e-05,1.053941704320399e-06,2.2263692832568247e-05,3.0035311350446432,1.2218936720091307,-0.17904422747643922,0.04331082779696948,1.7822113092651373,0.58620411153598651,-0.12768356879515774,1.7822073903751279,0.58618821786062314,-0.1276802154536382
22.18,11090,0.0070313673715110365,0.01500046356565545,0,0.29471561426037429,1.1261455061797316e-05,1.0663629423853027e-05,1.0874661148842349e-06,2.2426798989897964e-05,3.003788047674429,1.2219180034258303,-0.17902316884476829,0.043299575713556679,1.7822112411971112,0.58620185595924612,-0.12768055156281247,1.7822079537783957,0.58619252820359313,-0.12767516582026606
22.199999999999999,11100,0.0070320570730552957,0.015000493747704942,0,0.29470935523134384,9.2031964414964887e-06,1.0173887179578492e-05,1.1299829304772271e-06,2.265317472408141e-05,3.0040458388897919,1.2219423309607795,-0.17900211819529713,0.04328832006108297,1.7822116950567373,0.58620391063388289,-0.12767393978106323,1.7822089952991573,0.58620049640674254,-0.12766583094718995
22.219999999999999,11110,0.0070327496153610386,0.015000532208788359,0,0.29469881377180096,1.1671365079016467e-05,8.7068169648562888e-06,1.1815925949863926e-06,2.2361699290911531e-05,3.0043046504970787,1.2219666545441557,-0.1789810758314101,0.043277061437122628,1.7822128190390516,0.58621118846607778,-0.12766226417641241,1.7822106533790769,0.58621318162447711,-0.12765097001866263
22.240000000000002,11120,0.0070334460758420441,0.015000558045969883,0,0.29468274955868373,1.6354634939025185e-05,7.6363836416656947e-06,1.2163876560839543e-06,2.2556434745889217e-05,3.0045648183866667,1.2219909856541469,-0.17896002041335915,0.043265813082596256,1.7822147484213,0.58622471294435641,-0.12764412676903802,1.7822130611084506,0.58623160207031488,-0.12762939018181896
22.260000000000002,11130,0.0070341469440653118,0.01500057308400507,0,0.29466004656142641,2.1602835057924851e-05,8.5377364625159455e-06,1.2368349897058664e-06,2.2263692832568247e-05,3.0048264877524273,1.2220153231446396,-0.17893895381028779,0.043254573431453287,1.7822175957404749,0.58624536882024958,-0.12761827405320364,1.7822163462927638,0.5862567355260786,-0.12759994595014976
22.280000000000001,11140,0.0070348523912829334,0.015000591565553055,0,0.29462967892054565,2.6972359702633478e-05,8.0091067314007856e-06,1.2609208898915188e-06,2.2813496432377448e-05,3.005089700053845,1.2220396589837861,-0.1789178905716963,0.043243333063342701,1.7822214657928983,0.58627395946807159,-0.12758355420725856,1.7822206315192461,0.58628951985108702,-0.12756153860697569
22.300000000000001,11150,0.007035562944557117,0.015000613071000174,0,0.29459066212185714,3.2296695094583221e-05,7.7312491876000801e-06,1.2883182335897939e-06,2.2132342465963256e-05,3.0053546208612061,1.2220639933187041,-0.17889683027482176,0.043232091890557045,1.7822264696822012,0.58631134174982313,-0.12753884844460633,1.7822260342234291,0.58633085349134706,-0.12751311560892128
22.32,11160,0.007036279125853067,0.015000636747262472,0,0.29454206936143063,3.7502158495632493e-05,7.6363836416656947e-06,1.318108980853958e-06,2.2588727439225648e-05,3.0056214166708801,1.222088326599958,-0.17887577205266511,0.04322085010522439,1.782232716508519,0.58635834952218124,-0.12748309805777194,1.7822326667557011,0.5863815959887454,-0.12745366998938867
22.34,11170,0.0070370014299335395,0.015000662019650255,0,0.294483029594446,4.2553097096632212e-05,7.3444386094852035e-06,1.3496832524519952e-06,2.2263692832568247e-05,3.0058902465842334,1.2221126591400955,-0.1788547153213858,0.043209607785980007,1.7822403116989347,0.58641578335653799,-0.12741530359761064,1.7822406364478647,0.58644256849024035,-0.12738223976203164
22.359999999999999,11180,0.0070377307387298116,0.01500067396567723,0,0.29441269293234146,4.7350001561235156e-05,6.3890569402603996e-06,1.3647605231314118e-06,2.2000207897163392e-05,3.0061614191605242,1.2221370029260656,-0.17883364483367298,0.04319836510594597,1.7822493490506293,0.58648448655486174,-0.1273344787699307,1.7822500456796921,0.58651455425705401,-0.12729790732422952
22.379999999999999,11190,0.0070384673788301596,0.015000675824517945,0,0.29433030006378191,5.191268150767578e-05,4.6763108505543413e-06,1.3674314172987908e-06,2.2230927998283902e-05,3.0064350349284732,1.2221613551230532,-0.1788125639043551,0.043187122034478796,1.7822599236923367,0.58656516308348605,-0.12723974613645103,1.7822609919454819,0.58659829917386352,-0.12719979886056104
22.400000000000002,11200,0.0070392114192656926,0.015000679391972549,0,0.29423515481602752,5.6309155323677937e-05,6.3890569402603996e-06,1.3722369402159844e-06,2.2491710265994076e-05,3.006711097526872,1.2221857061090027,-0.17879148459001057,0.04317587845095823,1.7822721347518995,0.58665844249355625,-0.12713029993646377,1.7822735679206154,0.58669451225799341,-0.12708708374627831
22.420000000000002,11210,0.0070399632612188137,0.015000684596062892,0,0.29412657710861828,6.0534406186580376e-05,7.8249647206127635e-06,1.3790407756020656e-06,2.2230927998283902e-05,3.0069897377675807,1.2222100559966804,-0.17877040681564482,0.043164634385423867,1.7822860741633362,0.58676499199687171,-0.12700534224200874,1.7822878615281121,0.58680386616860702,-0.12695897395078065
22.440000000000001,11220,0.0070407232953857779,0.015000691012126097,0,0.29400392798028485,6.4580430855763293e-05,9.3526217011086895e-06,1.3873155735948622e-06,2.2361699290911531e-05,3.0072710850859266,1.2222344051231488,-0.1787493301471258,0.043153389878461054,1.7823018260503345,0.5868854487441626,-0.12686411755297991,1.7823039560051874,0.58692699771589851,-0.12681472344108863
22.460000000000001,11230,0.007041491885729877,0.015000698364162844,0,0.29386661136997627,6.8443040213723134e-05,1.1131846416284069e-05,1.3967377074228376e-06,2.2717439178655149e-05,3.0075552605466505,1.2222587536794474,-0.17872825430297018,0.043142144960684289,1.7823194685516877,0.58702041311924646,-0.1267059152512669,1.7823219299698077,0.58706450837028479,-0.12665362758531781
22.48,11240,0.0070422693724170845,0.01500070645372994,0,0.29371407272482081,7.2120449530522148e-05,1.3445240826417681e-05,1.4070851071438843e-06,2.2685329707937426e-05,3.0078423776009715,1.2222831017878275,-0.1787071790811964,0.043130899655303645,1.7823390748422183,0.58717045001406276,-0.12653006793251304,1.7823418574872463,0.58721696477159724,-0.12647502255615278
22.5,11250,0.007043056073702556,0.015000715116541889,0,0.29354579702683958,7.5612197840983783e-05,1.5649929441225564e-05,1.4181780519260729e-06,2.2459278078588273e-05,3.0081325426435832,1.2223074495436401,-0.17868610431475743,0.043119653981756503,1.7823607135515775,0.58733608992352482,-0.12633594996474104,1.7823638081366413,0.58738489923827353,-0.12627828473432107
22.52,11260,0.0070438522867621971,0.015000724206200782,0,0.29336130995902776,7.8918672064969206e-05,1.8430439999894915e-05,1.4298573820899619e-06,2.2361699290911531e-05,3.008425855244202,1.2223317970302801,-0.17866502985483679,0.043108407957474094,1.7823844489328839,0.58751782958101129,-0.12612297641782047,1.7823878470775507,0.58756881027654917,-0.12606283011206695
22.539999999999999,11270,0.0070446582881340328,0.015000733588752821,0,0.29316017675862982,8.2040871991597412e-05,2.1361409804484527e-05,1.4419774699585186e-06,2.2263692832568247e-05,3.0087224082593544,1.2223561443238209,-0.17864395556526974,0.043097161598511291,1.7824103409494971,0.58771613245451904,-0.12589060217192166,1.7824140351165088,0.58776916308964999,-0.1258281136966255
22.559999999999999,11280,0.0070454743340483813,0.015000743140880679,0,0.29294200137663412,8.4980257937977187e-05,2.408791882813596e-05,1.4544040888828972e-06,2.2717439178655149e-05,3.0090222879199438,1.2223804914943011,-0.17862288132069593,0.043085914919756947,1.7824384453400064,0.58793142923007258,-0.12563832111341006,1.7824424287735823,0.58798639008698328,-0.12557362891369639
22.580000000000002,11290,0.0070463006607342912,0.015000752749162608,0,0.29270642615887965,8.7738636795653364e-05,2.7320756680051265e-05,1.4670136890684338e-06,2.2361699290911531e-05,3.0093255739164237,1.2224048386060824,-0.17860180700580869,0.04307466793502851,1.782468813679462,0.58816411830617932,-0.12536566538487784,1.782473080348927,0.58822089139333023,-0.12529890701091778
22.600000000000001,11300,0.0070471374847250381,0.015000762309598374,0,0.292453131709975,9.0318074512078079e-05,3.0161298710667795e-05,1.4796929628016117e-06,2.2524095754713237e-05,3.0096323394835247,1.2224291857180618,-0.17858073251487316,0.043063420657159159,1.7825014934414121,0.58841456629736155,-0.1250722046743859,1.7825060379893443,0.58847303535803719,-0.1250035164613405
22.620000000000001,11310,0.007047985003166903,0.015000771727126603,0,0.29218183604677161,9.2720829527949633e-05,3.3417359270291308e-05,1.4923383989632823e-06,2.2717439178655149e-05,3.0099426514995469,1.2224535328838939,-0.1785596577512385,0.043052173098092804,1.7825365280614589,0.58868310854241379,-0.12475754553433287,1.7825413457548365,0.58874315906420771,-0.12468706236690157
22.640000000000001,11320,0.0070488433941310177,0.015000780915141412,0,0.29189229430377722,9.4949302764510255e-05,3.6821308458592373e-05,1.5048557991636203e-06,2.265317472408141e-05,3.0102565705764901,1.2224778801522673,-0.17853858262684813,0.043040925268983399,1.7825739570022012,0.58897004961470445,-0.12442133072262988,1.7825790436851638,0.58903156883789465,-0.1243491858618983
22.66,11330,0.007049712816927331,0.015000789794997431,0,0.29158429830031324,9.7006000413132649e-05,4.0227146986270025e-05,1.5171597597454761e-06,2.2781522350186147e-05,3.0105741511603883,1.2225022275672146,-0.17851750706173275,0.043029677180297765,1.7826138158191882,0.58927566383314733,-0.12406323856052044,1.7826191678664005,0.58933854075729142,-0.1239895635164623
22.68,11340,0.0070505934124200417,0.015000798295535255,0,0.29125767609800962,9.8893506414792089e-05,4.3817806225494322e-05,1.5291731632239429e-06,2.2459278078588273e-05,3.0108954416302347,1.2225265751684231,-0.17849643098352908,0.043018428841913349,1.7826561362275699,0.58960019577324618,-0.12368298230270912,1.7826617504974913,0.58966432116192458,-0.12360790674003319
22.699999999999999,11350,0.0070514853033440657,0.015000806352625328,0,0.29091229154489162,0.00010061446219074126,4.7367127982874206e-05,1.5408266828808867e-06,2.262097403300073e-05,3.0112204843974295,1.2225509229915439,-0.17847535432701447,0.043007180263209599,1.7827009461691579,0.58994386077795236,-0.12328030951653798,1.7827068199568072,0.59000912716184484,-0.12320396118483269
22.719999999999999,11360,0.0070523885946224682,0.015000813908760997,0,0.29054804380323901,0.0001021715517497776,5.1254869995716318e-05,1.5520583330610426e-06,2.2685329707937426e-05,3.0115493160067155,1.222575271068467,-0.17845427703369127,0.042995931453160961,1.7827482698796695,0.59030684546824463,-0.12285500146776865,1.7827544008687017,0.59037314714681943,-0.12277750614933838
22.740000000000002,11370,0.0070533033736848317,0.01500082091267646,0,0.2901648668591707,0.00010356749075200565,5.5066745558282264e-05,1.5628130351545628e-06,2.2556434745889217e-05,3.0118819672395811,1.2225996194276036,-0.17843319905139732,0.042984682420409509,1.7827981279560179,0.59068930825347321,-0.12240687251121025,1.7828045141700681,0.5907565412955238,-0.12232835398175768
22.760000000000002,11380,0.0070542297107866669,0.01500082731899916,0,0.28976272901236894,0.00010480501848926513,5.8941307301714305e-05,1.5730422284196708e-06,2.2132342465963256e-05,3.012218463214305,1.2226239680941198,-0.17841212033395057,0.042973433173344136,1.782850537423498,0.59109137984143145,-0.1219357694848372,1.7828571771768946,0.59115944208473326,-0.12185634948350194
22.780000000000001,11390,0.0070551676593299546,0.015000833087949897,0,0.28934162877187747,0.00010588689196153418,6.2994379638981208e-05,1.5827035172201174e-06,2.2230927998283902e-05,3.0125588234904019,1.2226483170901623,-0.17839104084084351,0.042962183720165567,1.782905511802847,0.59151316374827212,-0.12144157110645069,1.7829124036508208,0.59158195479851505,-0.12136136931265995
22.800000000000001,11400,0.0070561172561849862,0.015000838185048925,0,0.28890159762873774,0.000106815881519035,6.713940460702026e-05,1.5917603350332538e-06,2.262097403300073e-05,3.0129030621721316,1.2226726664350569,-0.1783699605369431,0.042950934068947351,1.7829630611770737,0.59195473680824973,-0.12092418737219029,1.7829702038656945,0.59202415803742015,-0.12084332138747222
22.82,11410,0.007057077834496963,0.015000866036907402,0,0.28844254641209188,0.00010773563693313805,7.0991676564791277e-05,1.6295793663170456e-06,2.2296409518597789e-05,3.0132509408479624,1.222696996149591,-0.17834890340688486,0.042939683385418058,1.7830231660920217,0.59241601702339786,-0.12038362874170548,1.7830305846741275,0.59248610422767478,-0.12030214428980468
22.84,11420,0.0070580496487473903,0.015000908876691903,0,0.28796381029332885,0.00010858776937025579,7.4645405966976359e-05,1.6866974185090442e-06,2.2556434745889217e-05,3.0136025582617618,1.2227213126606105,-0.17832786150818608,0.042928431712124689,1.7830858325353627,0.592897087191259,-0.11981983472659669,1.7830935495740523,0.59296782013037286,-0.11973780666862269
22.859999999999999,11430,0.0070590333146082953,0.015000945889798752,0,0.28746529316062785,0.00010924129917216246,7.8547175455152786e-05,1.7370969331833799e-06,2.262097403300073e-05,3.0139581412960057,1.2227456335572098,-0.17830681353448591,0.042917179778101167,1.7831510817952827,0.59339807306690617,-0.11923273883556036,1.7831590987752775,0.59346930735066705,-0.11915030664346492
22.879999999999999,11440,0.0070600287949172946,0.015000977377167447,0,0.2869475476452143,0.00010970548358348641,8.2705948128860852e-05,1.7810232952495756e-06,2.2459278078588273e-05,3.0143176777165905,1.2227699586311436,-0.17828575979045125,0.042905927730928752,1.7832189145743205,0.59391894378940091,-0.11862237389219231,1.7832272292660449,0.59399054284696118,-0.11853967120791728
22.900000000000002,11450,0.0070610360172697669,0.015001004239062157,0,0.28641140167783186,0.00010999818612621618,8.7051424159494587e-05,1.8195342115228051e-06,2.2524095754713237e-05,3.0146811435199043,1.2227942871704929,-0.17826470119573687,0.042894675580645983,1.7832893252219046,0.59445963627736687,-0.11798880510329558,1.7832979348795861,0.59453147944010187,-0.11790595563308667
22.920000000000002,11460,0.007062054907532307,0.015001027001308797,0,0.28585708376620328,0.00011013168192870595,9.15331359249513e-05,1.8532530153317843e-06,2.2459278078588273e-05,3.0150485151414474,1.2228186187612717,-0.17824363828754428,0.042883423322091739,1.7833623043226738,0.59502006907920335,-0.11733212240727797,1.7833712063606768,0.59509204632257018,-0.11724924287107541
22.940000000000001,11470,0.0070630853844059595,0.015001045992031068,0,0.28528484721945058,0.00011011473131225652,9.6078938461691317e-05,1.8825723090834105e-06,2.2459278078588273e-05,3.0154197671615548,1.2228429531434699,-0.17822257140103501,0.042872170954037433,1.783437839291121,0.59560014093141855,-0.11665244099526144,1.783447031432196,0.59567214956767378,-0.11656964295845446
22.960000000000001,11480,0.0070641273557603074,0.01500106145972918,0,0.28469497281877509,0.00010995434160817504,0.00010086098973913317,1.9077934683887108e-06,2.2717439178655149e-05,3.0157948707940943,1.222867290118731,-0.17820150078997823,0.042860918478674806,1.7835159146181099,0.59619972961477541,-0.11594990164151942,1.7835253948616794,0.59627167263873859,-0.11586729241973769
22.98,11490,0.007065180717383256,0.01500107362055967,0,0.28408776832491728,0.00010965646967154125,0.00010561977151544849,1.9291817185002404e-06,2.2491710265994076e-05,3.0161737933470123,1.2228916295147383,-0.17818042667505674,0.042849665899986532,1.783596512016955,0.59681869180475877,-0.11522467047928787,1.7836062785278777,0.59689047689830044,-0.11514235367085583
23,11500,0.0070662453527565216,0.01500108267428437,0,0.2834635678083815,0.00010922631376857732,0.00011057604808617363,1.9469839871968265e-06,2.2781522350186147e-05,3.0165564980999919,1.2229159711736421,-0.17815934926015456,0.042838413223069249,1.7836796105170039,0.59745686330609649,-0.11447693855892312,1.7836896614873121,0.59752840211729719,-0.1143950144226303
23.02,11510,0.0070673211331777992,0.015001088809053034,0,0.28282273091067395,0.00010866848833085252,0.0001154774227184162,1.9614337211475119e-06,2.2588727439225648e-05,3.0169429443243589,1.2229403149487514,-0.17813826873723532,0.042827160453952677,1.7837651865288278,0.59811405939651152,-0.11370692134198163,1.7837755200408305,0.59818526698426044,-0.11362548708424705
23.039999999999999,11520,0.0070684079179893743,0.015001092202835234,0,0.28216564206627509,0.00010798715817459667,0.00012057266992189527,1.9727519884960198e-06,2.2556434745889217e-05,3.0173330873446012,1.2229646607035431,-0.17811718528780418,0.042815907599572857,1.7838532138966898,0.59879007520845262,-0.11291485817263677,1.7838638278001635,0.59886086961450746,-0.11283400816673066
23.059999999999999,11530,0.007069505554840429,0.015001093024035902,0,0.28149270969205464,0.00010718614638714404,0.00012567014452968285,1.981147838037455e-06,2.2361699290911531e-05,3.0177268786172968,1.2229890083111343,-0.17809609908353441,0.04280465466775206,1.78394366394717,0.59948468613575101,-0.11210101173490969,1.7839545557544816,0.59955498805933261,-0.11202083768641805
23.080000000000002,11540,0.0070706138799634327,0.015001091432092432,0,0.28080436534650055,0.00010626901934340423,0.00013089772875773891,1.986818750933627e-06,2.2132342465963256e-05,3.0181242658177845,1.2230133576537339,-0.17807501028688161,0.042793401667168295,1.7840365055382077,0.60019764826204303,-0.11126566749808314,1.7840476723369507,0.60026738081519981,-0.11118625856843239
23.100000000000001,11550,0.0070717327184597967,0.015001087578115729,0,0.28010103721101542,0.00010523915213678687,0.00013612804339710647,1.9899512578072301e-06,2.2394272795856101e-05,3.018525192925364,1.223037708621993,-0.17805391905173878,0.042782148607314913,1.784131705110231,0.60092869880782318,-0.1104091331521873,1.7841431434912884,0.60099778733293363,-0.11033057605015752
23.120000000000001,11560,0.0070728618845935535,0.015001081605614575,0,0.27938313837426565,0.00010409977807722976,0.00014133500043262741,1.9907217030310263e-06,2.2394272795856101e-05,3.0189296003181592,1.2230620611142957,-0.17803282552418356,0.042770895498449396,1.7842292267397952,0.6016775565926773,-0.10953173803551221,1.7842409327383209,0.60174592852691178,-0.10945411708471101
23.140000000000001,11570,0.0070740011820925111,0.015001073651223934,0,0.27865123776201928,0.00010285402573137354,0.00014668517028455788,1.9892970310027839e-06,2.2781522350186147e-05,3.0193374248664986,1.223086415036067,-0.1780117298432215,0.04275964235154342,1.7843290321955638,0.60244392250939138,-0.10863383255592135,1.7843410012425382,0.6025115072842564,-0.10855722974441864
23.16,11580,0.0070751504044560968,0.015001063845405218,0,0.27790584970536625,0.00010150494645379688,0.00015194292742043045,1.9858355811120573e-06,2.2263692832568247e-05,3.0197486000306202,1.2231107702990707,-0.1779906321415097,0.042748389178234578,1.7844310809962323,0.603227480007136,-0.10771578760742588,1.7844433078786515,0.60329420897402652,-0.10764028262428822
23.18,11590,0.0070763093352691113,0.015001052313107117,0,0.27714750707874997,0.00010005553479934385,0.00015727984436368379,1.9804878347982935e-06,2.2296409518597789e-05,3.0201630559588239,1.223135126820762,-0.17796953254603148,0.042737135990775978,1.7845353304700078,0.60402789558148029,-0.10677799398321292,1.7845478092981484,0.60409370195640921,-0.10670366424548343
23.199999999999999,11600,0.007077477748520699,0.015001039174361554,0,0.27637676031716196,9.8508743667717711e-05,0.0001625671115005279,1.9733970764794156e-06,2.2556434745889217e-05,3.0205807195889594,1.2231594845237106,-0.1779484311787124,0.042725882801993541,1.7846417358152504,0.60484481926950062,-0.10582086178602715,1.7846544599958503,0.60490963809191167,-0.10574778245879776
23.219999999999999,11610,0.0070786554089276787,0.015001024544816204,0,0.27559417641414918,9.6867495622940535e-05,0.00016788325017612338,1.9647000066177566e-06,2.2263692832568247e-05,3.0210015147498694,1.2231838433350402,-0.17792732815696591,0.042714629625239246,1.7847502501619543,0.60567788514863485,-0.10484481983659549,1.7847632123764678,0.60574165325055329,-0.10477306384812843
23.240000000000002,11620,0.0070798420722616162,0.015001008536210416,0,0.27480033790168651,9.5134691452643935e-05,0.00017312879175079536,1.9545272417386154e-06,2.2781522350186147e-05,3.0214253622642304,1.2232082031859761,-0.17790622359418135,0.042703376474351282,1.7848608246338697,0.60652671183830731,-0.1038503150806117,1.7848740168211572,0.60658936782105721,-0.10377995313395012
23.260000000000002,11630,0.0070810374856789746,0.015000991256762311,0,0.27399584181293291,9.3313216822568938e-05,0.00017837127614885322,1.943003757468855e-06,2.2263692832568247e-05,3.0218521800547027,1.223232564011391,-0.17788511760012723,0.042692123363613277,1.7849734084110354,0.60739090300355791,-0.10283781199467958,1.7849868217540767,0.60745238722004191,-0.10276891257678959
23.280000000000001,11640,0.0070822413880538186,0.015000972811539264,0,0.27318129862885615,9.140594762322213e-05,0.000183603025131895,1.930249252336088e-06,2.2717439178655149e-05,3.0222818832452001,1.223256925749443,-0.17786401028132753,0.042680870307715418,1.7850879487926274,0.60827004786014893,-0.10180779199148234,1.7851015737089431,0.60833030240121355,-0.10174042138069853
23.300000000000001,11650,0.0070834535103126229,0.015000953302735319,0,0.2723573312097497,8.9415754512632261e-05,0.00018872067293018225,1.9163784371075368e-06,2.265317472408141e-05,3.0227143842712505,1.2232812883412321,-0.17784290174135328,0.042669617321714447,1.7852043912600344,0.6091637216807243,-0.10076075282440011,1.7852182173955877,0.60922269036455767,-0.10069497509672817
23.32,11660,0.007084673575770712,0.015000932829918712,0,0.27152457371269995,8.7345507051131007e-05,0.00019385738613439374,1.9015012577776611e-06,2.2426798989897964e-05,3.0231495929820813,1.2233056517305139,-0.17782179208107426,0.042658364420998261,1.7853226795400696,0.61007148630173391,-0.099697207991746292,1.7853366957665122,0.61012911466553088,-0.099633085026403029
23.34,11670,0.0070859013004700112,0.015000911490235214,0,0.27068367049605524,8.5198077699435854e-05,0.00019890544043096232,1.8857230743655147e-06,2.2263692832568247e-05,3.0235874167484105,1.2233300158634375,-0.17780068139887242,0.042647111621243766,1.7854427556683312,0.61099289063091755,-0.098617686140693536,1.7854569500834456,0.61104912592425265,-0.098555277625194809
23.359999999999999,11680,0.0070871363935177982,0.015000889378565332,0,0.2698352103619997,8.297634602321556e-05,0.00020384281626469755,1.869144773528795e-06,2.2099382890764463e-05,3.0240277605687087,1.2233543806883251,-0.17777956979080564,0.042635858938381968,1.7855645600526302,0.61192747115516855,-0.097522730471030522,1.7855789199839009,0.61198226233469699,-0.097462093905996333
23.379999999999999,11690,0.0070883777378198736,0.015000898130088145,0,0.26897972230631112,8.091640260493261e-05,0.0002087262674227105,1.8980346016746847e-06,2.2491710265994076e-05,3.0244703201733554,1.2233787265361671,-0.17775848975531849,0.042624575964425399,1.7856878202725848,0.61287454496434912,-0.096412977567594899,1.7857025435477294,0.61292805017388496,-0.096354088842595415
23.400000000000002,11700,0.0070896262158553526,0.015000892714571076,0,0.26811802211502372,7.8698967378498254e-05,0.00021350828850034113,1.9093682369308073e-06,2.2132342465963256e-05,3.0249153299826412,1.2234030801668727,-0.17773739510894365,0.042613302146298937,1.7858127019147239,0.61383392236948919,-0.095288877528391658,1.7858277573636796,0.61388600431107576,-0.095231830773148646
23.420000000000002,11710,0.0070908811835166822,0.015000886219042777,0,0.26725079862745194,7.6420338580104657e-05,0.00021806522163073729,1.9212536527976523e-06,2.2132342465963256e-05,3.0253625907328336,1.2234274340245355,-0.17771629926344384,0.042602026395733392,1.7859390926947003,0.61480501954667388,-0.094151050598379596,1.7859544965959511,0.61485562871695854,-0.094095900803656013
23.440000000000001,11720,0.0070921418692407147,0.015000896075179493,0,0.26637873466147749,7.4225784951052591e-05,0.00022239451498942041,1.9601593657410858e-06,2.2263692832568247e-05,3.0258118905697686,1.2234517766882709,-0.17769522014956135,0.042590731413436819,1.7860667901506413,0.61578720855115998,-0.093000137235044494,1.7860826950507527,0.61583641697284497,-0.092946892211433652
23.460000000000001,11730,0.0070934086817086893,0.015000894742051093,0,0.26549958295458392,7.1923684432209715e-05,0.00022654461799732643,1.9869907198196197e-06,2.2000207897163392e-05,3.0262633266724519,1.2234761247719632,-0.17767412950750885,0.042579441745932596,1.7861958770905189,0.61678014757495525,-0.09183667389392354,1.7862122852428572,0.61682785277986041,-0.091785409848588614
23.48,11740,0.0070946812679472072,0.015000884157861796,0,0.26461498787168436,6.9505270034787302e-05,0.00023052837066674824,2.0026042104536085e-06,2.262097403300073e-05,3.0267167630901013,1.2235004782483796,-0.17765302927029025,0.042568157981508141,1.786326348573098,0.61778331141324716,-0.090661282764647383,1.7863431984621592,0.617829410468136,-0.090612069545492446
23.5,11750,0.0070959592303218222,0.015000867153738823,0,0.26372755168789797,6.6985922092997399e-05,0.00023437291794655224,2.0096292084071635e-06,2.2361699290911531e-05,3.0271720595773131,1.2235248359523856,-0.17763192230653937,0.042556879609190898,1.7864581570397524,0.61879614663173177,-0.089474602261867514,1.7864753648402294,0.61884055550600015,-0.089427497514255314
23.52,11760,0.0070972421900685418,0.015000845499407459,0,0.26283796836170714,6.4379469970679969e-05,0.0002380329500219964,2.0097902557913618e-06,2.183391520383078e-05,3.0276290889088386,1.2235491970608472,-0.17761081041306395,0.042545606192758025,1.7865912334613439,0.61981809595656312,-0.088277276672228136,1.7866087134168731,0.61986074500917099,-0.088232329752199593
23.539999999999999,11770,0.0070985297825665794,0.015000820215016208,0,0.26194693433069866,6.1697405510017115e-05,0.00024156212338364541,2.0041503520170293e-06,2.2000207897163392e-05,3.0280877319577995,1.2235735610524681,-0.17758969462797325,0.042534337352937004,1.7867254985408958,0.62084859855818275,-0.087069956593066405,1.7867431722066844,0.62088942824994753,-0.087027211445334152
23.559999999999999,11780,0.0070998216496906226,0.015000791915987797,0,0.26105513474805681,5.8950004424979171e-05,0.00024494526353240363,1.9934286126119388e-06,2.2361699290911531e-05,3.0285478730483013,1.2235979275736377,-0.177568575579688,0.042523072734129586,1.7868608688462684,0.62188708873133047,-0.085853299754770407,1.7868786682656044,0.62192604716640199,-0.085812796371827926
23.580000000000002,11790,0.0071011174354026485,0.015000761016720508,0,0.26016298050914116,5.6146770844817977e-05,0.00024811784438675486,1.9781776216588582e-06,2.206637408534863e-05,3.0290093973425534,1.2236222963563976,-0.17754745369306113,0.042511811998409761,1.7869972600481876,0.6229329954710715,-0.084627971159834336,1.7870151277574755,0.62297003687157138,-0.084589746305483909
23.600000000000001,11800,0.0071024167836176147,0.015000727836731882,0,0.25927134213607628,5.3296585232665266e-05,0.00025115460962587345,1.9588676433341384e-06,2.1666346224911465e-05,3.0294721895827048,1.223646667177132,-0.17752632929666876,0.042500554829517458,1.7871345884553471,0.62398574254700234,-0.083394642825426246,1.7871524760205992,0.62402082616264898,-0.083358730419213725
23.620000000000001,11810,0.0071037193372603634,0.015000692653407302,0,0.25838094469609685,5.0407853145248777e-05,0.00025400304062940299,1.935924078253372e-06,2.2556434745889217e-05,3.029936133545017,1.2236710398367761,-0.17750520267607842,0.042489300937238399,1.787272771572761,0.62504474875225635,-0.08215399335233188,1.7872906376342916,0.62507783803017725,-0.082120424688510246
23.640000000000001,11820,0.0071050247379276284,0.015000655726839823,0,0.25749245223530137,4.7488734034805883e-05,0.00025669496600246044,1.9097431130022545e-06,2.2263692832568247e-05,3.0304011118895091,1.2236954141514873,-0.17748407409892664,0.042478050059447776,1.7874117281374591,0.62610942821848636,-0.080906707415548937,1.7874295364854405,0.62614049016723827,-0.080875511294922542
23.66,11830,0.0071063326258692279,0.015000617310154103,0,0.25660652104071047,4.4547456156366395e-05,0.00025918183073608391,1.8806974400289023e-06,2.2296409518597789e-05,3.0308670061963503,1.2237197899483745,-0.17746294382535405,0.042466801961870908,1.7875513779101642,0.62717919077047246,-0.079653475215001712,1.7875690958350599,0.62720819547864659,-0.079624678029529383
23.68,11840,0.007107642640142753,0.015000577652399745,0,0.25572379856428534,4.1592722002592442e-05,0.00026150572508552893,1.8491375426853399e-06,2.1900583802360337e-05,3.0313336970926064,1.223744167063771,-0.17744181211095725,0.042455556436354236,1.7876916413861752,0.62825344231318436,-0.078394991904455619,1.7877092383848485,0.62828036259014086,-0.078368617696413262
23.699999999999999,11850,0.0071089544188613048,0.015000536997907595,0,0.2548449223608199,3.8634230027188361e-05,0.00026360460080266258,1.8153912803370075e-06,2.2588727439225648e-05,3.0318010644264373,1.2237685453426774,-0.17742067920617371,0.042444313298366801,1.7878324395136123,0.62933158524641064,-0.077131957008626156,1.7878498863437442,0.62935639635757523,-0.07710802751613427
23.719999999999999,11860,0.0071102672866685483,0.015000501508394926,0,0.25397053128703362,3.5990387427642037e-05,0.00026626515937956923,1.7916927094457251e-06,2.2198114802541581e-05,3.0322689755595933,1.2237929129749447,-0.17739955165318044,0.042433069044889707,1.7879733417040788,0.63041286459600643,-0.075865136870047756,1.7879909614944813,0.63043569837611135,-0.075843608529204021
23.740000000000002,11870,0.0071115814621467155,0.015000456602843951,0,0.25310120986230639,3.3340475529164869e-05,0.00026836212209748481,1.7604097270169594e-06,2.1933842111273517e-05,3.0327374335860693,1.2238172870094313,-0.17737841435491761,0.042421825351829562,1.7881146069240859,0.63149688973320151,-0.074595138618049506,1.788132385260147,0.63151766748941096,-0.074576064999559294
23.760000000000002,11880,0.0071128965851709981,0.015000401741450793,0,0.25223756088743071,3.0751163922934055e-05,0.00027036734641098457,1.7224274371955246e-06,2.2263692832568247e-05,3.0332063314967881,1.223841666729117,-0.17735726679452174,0.042410582112540146,1.788256112818615,0.63258304006529864,-0.073322676516420174,1.7882740787707361,0.63260170029882601,-0.073306103818036955
23.780000000000001,11890,0.0071142121577630925,0.015000338717135738,0,0.25138017748695768,2.8477318461597013e-05,0.0002727375870587986,1.6847446537439552e-06,2.262097403300073e-05,3.0336755633482673,1.2238660460528141,-0.17733611096898153,0.042399336780302929,1.7883975623769399,0.63367062013975251,-0.072048496680248708,1.7884159629297092,0.63368719167259224,-0.072034433905846379
23.800000000000001,11900,0.0071155279264940056,0.015000272678261262,0,0.25052964578215209,2.6053161129978486e-05,0.000273761957188788,1.6391185636308907e-06,2.262097403300073e-05,3.0341448576681862,1.2238904341969168,-0.17731495168404565,0.042388096213866078,1.7885395105746218,0.63475918016144484,-0.070773270975937275,1.788557958480548,0.63477353525502023,-0.070761765618044342
23.82,11910,0.0071168434302904954,0.015000204396626931,0,0.24968652109725184,2.3695266048811683e-05,0.00027483555845373662,1.590293408840172e-06,2.2000207897163392e-05,3.0346141205891817,1.2239148266013236,-0.17729378986837938,0.042376858523859806,1.7886816562419412,0.63584804562418251,-0.069497731825101661,1.7886999860733115,0.63586012397568703,-0.069488810147008723
23.84,11920,0.0071181584188103547,0.015000125854316454,0,0.24885133008897534,2.1770750908503363e-05,0.00027649614747046151,1.5404852506005413e-06,2.2459278078588273e-05,3.0350833757423659,1.223939222609584,-0.17727261756632878,0.042365619479589202,1.7888235795245129,0.63693655353446732,-0.06822259630296526,1.7888419663311925,0.63694635055862858,-0.068216278925912324
23.859999999999999,11930,0.0071194725673370879,0.015000038224662494,0,0.24802460280990155,2.0255792606622779e-05,0.00027775344482062895,1.4888769500120822e-06,2.2717439178655149e-05,3.0355524671443574,1.2239636246528836,-0.1772514358584846,0.04235438088110953,1.7889653608771947,0.63802412811899378,-0.066948572461596481,1.788983819917074,0.63803160803153092,-0.066944883032196964
23.879999999999999,11940,0.007120784818107035,0.014999971582958573,0,0.24720689602394161,1.8836058630547541e-05,0.00027756179926572539,1.4430575116120752e-06,2.2000207897163392e-05,3.0360208617887441,1.2239880201492723,-0.17723027511830886,0.042343149362895974,1.789107393699789,0.63911010488226505,-0.065676447647388295,1.789125467600085,0.63911529023492242,-0.065675332591047117
23.900000000000002,11950,0.0071220952955038924,0.014999906982196529,0,0.24639865330689284,1.7795740730392088e-05,0.00027754604169102898,1.3967820241599886e-06,2.2263692832568247e-05,3.0364887066911446,1.2240124182738923,-0.17720911618047083,0.042331920545003655,1.7892493243885375,0.64019395608643503,-0.064406857533897605,1.7892668303221573,0.64019679233136551,-0.064408336178863823
23.920000000000002,11960,0.0071234041372479715,0.014999823145521653,0,0.24560030960346771,1.7611295357543325e-05,0.00027824639005529601,1.3479969226550484e-06,2.2556434745889217e-05,3.0369561766947726,1.2240368278700016,-0.17718793755129034,0.042320690237416275,1.7893907151610002,0.64127510310366398,-0.06314046518785417,1.7894078292645812,0.64127551131464811,-0.063144600226739497
23.940000000000001,11970,0.0071247097256499628,0.014999768527860851,0,0.24481239618406594,1.7845217093686672e-05,0.00027742783135230884,1.3069951314805745e-06,2.2781522350186147e-05,3.0374225249659208,1.2240612225515231,-0.17716678837150693,0.042309466364888068,1.789531947078578,0.64235273493618916,-0.061878146334061093,1.7895483859145627,0.64235084651897623,-0.061884828423930255
23.960000000000001,11980,0.007126012570979362,0.014999712487518229,0,0.24403527880305451,1.8695968872986624e-05,0.00027672804546572007,1.2659204471196571e-06,2.2198114802541581e-05,3.0378880259559802,1.2240856209595457,-0.17714563751290519,0.042298243646656832,1.7896727408308817,0.64342644053806919,-0.060620466123863445,1.7896884221317786,0.6434222001281652,-0.060629721121331109
23.98,11990,0.0071273130360236248,0.014999627315625472,0,0.24326898990226972,2.0405051070944554e-05,0.00027688341377027977,1.2245278361705609e-06,2.2685329707937426e-05,3.0383529168707195,1.2241100379207137,-0.17712445686455025,0.042287018798041233,1.7898127348781685,0.64449571024670294,-0.059368047333404575,1.7898278602149333,0.64448897768483171,-0.059379974734949256
24,12000,0.0071286089124104847,0.014999580659502751,0,0.24250845229014092,2.2256581332983286e-05,0.00027531254745948367,1.1890210635041115e-06,2.2132342465963256e-05,3.0388162364101508,1.2241344316525264,-0.17710331520809797,0.042275800255603013,1.7899522656735385,0.64555958435789385,-0.058121848553223353,1.7899666229683158,0.6455505885995857,-0.058136281149378286
24.02,12010,0.0071298998164839832,0.014999576015087808,0,0.24175247296726762,2.4116311163413125e-05,0.00027258252985055281,1.153766082206934e-06,2.2524095754713237e-05,3.0392778277578985,1.2241588014747058,-0.1770822160744347,0.042264586988926746,1.790091340925573,0.64661752642870174,-0.056882530230924086,1.7901046337683544,0.64660644666022193,-0.056899327121271812
24.039999999999999,12020,0.0071311863718499964,0.014999578851660386,0,0.24100694847633367,2.6248398054675915e-05,0.0002699734331542989,1.1170163081013893e-06,2.2749503328951236e-05,3.0397380085237531,1.2241831689407503,-0.17706112434150542,0.042253375105233207,1.7902296646131648,0.64766916049230294,-0.055650627773881758,1.7902418166301741,0.64765597054091195,-0.055669793682817811
24.060000000000002,12030,0.0071324683865005021,0.014999582969278476,0,0.24027404103804337,2.8655104469495425e-05,0.00026739885290297634,1.078918690362802e-06,2.2329078268013787e-05,3.0401967451417797,1.2242075367152077,-0.17704003373260657,0.042242164321849934,1.7903670597408203,0.64871391422930302,-0.054426807840899663,1.7903780962741529,0.64869858431139615,-0.054448355545211852
24.080000000000002,12040,0.0071337455686250563,0.01499958636909963,0,0.23955405709680536,3.1275438886587847e-05,0.00026477997176219738,1.0400730971240687e-06,2.2781522350186147e-05,3.0406539479138952,1.2242319052596047,-0.17701894224000606,0.042230954147633962,1.7905034132687574,0.64975120076025361,-0.053211747144913821,1.7905133981924777,0.64973371794617496,-0.053235680502132149
24.100000000000001,12050,0.0071350176105556863,0.014999588286736356,0,0.23884728097046262,3.4046604301355645e-05,0.00026204871061261185,1.0008968565301959e-06,2.265317472408141e-05,3.0411095117739584,1.2242562746675694,-0.17699784910011407,0.042219744241982202,1.7906386454391652,0.65078044513112687,-0.05200611365078997,1.7906476487157001,0.65076080783370138,-0.052032428833212116
24.120000000000001,12060,0.0071362842009714518,0.01499958854956958,0,0.23815397406699992,3.691786767608401e-05,0.00025924932014719301,9.6160771725562308e-07,2.2909150924997221e-05,3.0415633255644852,1.2242806449093133,-0.17697675414295219,0.042208534447447418,1.790772692642256,0.6518010837441095,-0.050810565543317525,1.7907807750792937,0.65177929728557249,-0.050839252707515062
24.140000000000001,12070,0.0071375450284841919,0.014999587310126516,0,0.23747437473310687,3.9851195726069766e-05,0.00025631416753925764,9.2230945736104181e-07,2.265317472408141e-05,3.0420152760369654,1.2243050158829143,-0.17695565752465175,0.042197324720310729,1.7909054978840893,0.65281256250225828,-0.049625751412928056,1.7909127054902099,0.65278863704572132,-0.049656795587008001
24.16,12080,0.0071387997842350011,0.014999584883278778,0,0.23680869816199543,4.2818859079238962e-05,0.00025327019294633495,8.8305308301466714e-07,2.262097403300073e-05,3.0424652502857881,1.2243293874460355,-0.17693455956430199,0.04218611507208516,1.7910370057184872,0.65381433622586238,-0.04845230995584987,1.7910433691934338,0.65378828579960846,-0.048485691630035591
24.18,12090,0.0071400481639502991,0.014999581641199449,0,0.23615713640932159,4.580075456019259e-05,0.00025006095856444633,8.4386867244514128e-07,2.265317472408141e-05,3.0429131372336138,1.2243537594418727,-0.1769134606385066,0.042174905534508242,1.7911671598394714,0.65480586873479396,-0.047290869461668911,1.7911726965385408,0.65477771068341417,-0.047326565094793854
24.199999999999999,12100,0.0071412898693811854,0.014999577950778782,0,0.23551985853048688,4.8782156018280626e-05,0.00024668001453427628,8.0478068245036617e-07,2.2972699315936647e-05,3.0433588284523516,1.2243781317170572,-0.17689236111846041,0.042163696140847869,1.7912959022246511,0.65578663316370489,-0.046142047274419264,1.7913006190462535,0.65575638779323031,-0.046180029742804274
24.219999999999999,12110,0.0071425246092153456,0.014999574141111359,0,0.23489701081797595,5.1752015120359881e-05,0.00024322511262858787,7.6581568277842864e-07,2.2588727439225648e-05,3.0438022185254607,1.2244025041316857,-0.17687126133723985,0.042152486916801339,1.7914231731300958,0.65675611235817433,-0.045006449266473125,1.7914270694749963,0.65672380269425168,-0.045046688242387528
24.240000000000002,12120,0.0071437520996194557,0.014999570490436995,0,0.23428871711540991,5.4701749546340323e-05,0.00023959267764868961,7.2700688235245768e-07,2.2329078268013787e-05,3.0442432051579975,1.2244268765635518,-0.17685016157665456,0.042141277876819684,1.7915489115013938,0.6577137993089216,-0.043884669318356828,1.7915519818874539,0.65767945092996816,-0.043927131572137609
24.260000000000002,12130,0.0071449720645542615,0.014999567224458337,0,0.23369507919217894,5.7624409869885572e-05,0.00023580541865794852,6.8839741375433936e-07,2.3162298399097643e-05,3.0446816891515267,1.2244512489087254,-0.17682906206555776,0.042130069023393987,1.7916730555405656,0.65865919761013569,-0.042777288793741479,1.791675291717125,0.6586228385313565,-0.042821938424395897
24.280000000000001,12140,0.0071461842359652524,0.014999564520562763,0,0.23311617716917651,6.0514121099291507e-05,0.00023193433282264514,6.5004325076373509e-07,2.2749503328951236e-05,3.0451175743297378,1.2244756210801964,-0.17680796298410384,0.04211886034785315,1.7917955432839703,0.65959182193443378,-0.041684876003821252,1.7917969358348811,0.65955348252607238,-0.041731674608724373
24.300000000000001,12150,0.0071473883539157675,0.014999562514526011,0,0.23255206999038766,6.3365715174128212e-05,0.00022789520076390942,6.1201631290169411e-07,2.2717439178655149e-05,3.0455507674626978,1.2244999930056424,-0.17678686447050185,0.042107651831799112,1.7919163131198483,0.66051119851903106,-0.040607985659504499,1.7919168526155211,0.6604709114476417,-0.040656892455380081
24.32,12160,0.0071485841667026408,0.014999561307669796,0,0.23200279593736142,6.6174492343922041e-05,0.00022378317702758576,5.7440817044156161e-07,2.2781522350186147e-05,3.0459811782036197,1.2245243646250634,-0.1767657666282296,0.042096443448692192,1.7920353042186348,0.66141686565920577,-0.039547158312148424,1.792034982004328,0.66137466584465265,-0.039598130218789232
24.34,12170,0.0071497702636913567,0.014999606509084742,0,0.23146836894012393,6.8703923547238884e-05,0.00022039931446642127,5.570620068048964e-07,2.2877310533063834e-05,3.0464083245496889,1.2245487101829589,-0.17674471618822918,0.04208520177927548,1.7921524237738937,0.6623081450095113,-0.038503030513403383,1.7921512655836256,0.66226429878994808,-0.038555911481020305
24.359999999999999,12180,0.0071509467540091633,0.014999684070214946,0,0.23094878499720564,7.1041030411414326e-05,0.00021746270090939687,5.6458698038968879e-07,2.2556434745889217e-05,3.0468322429710786,1.2245730370708305,-0.17672369878696481,0.042073936126747223,1.7922675984454817,0.66318469140493397,-0.037476067614419302,1.7922656466393339,0.66313937638981646,-0.037530744555258899
24.379999999999999,12190,0.0071521144202488195,0.014999754223180268,0,0.23044402728074384,7.3396612065629001e-05,0.00021418320502831898,5.7962539536862761e-07,2.3099271619960363e-05,3.04725319463547,1.2245973675276276,-0.17670267369574896,0.042062674701859468,1.7923807879160913,0.66404629507043733,-0.036466660697306509,1.792378070227526,0.66399947829318395,-0.036523121889281016
24.400000000000002,12200,0.0071532730372088843,0.014999817391052918,0,0.22995405892157275,7.5759453364314058e-05,0.00021058634621452717,5.9842757146737438e-07,2.2909150924997221e-05,3.0476710941451053,1.2246217015698464,-0.17668164133981556,0.042051417221086344,1.7924919499500582,0.66489254081905003,-0.035475291743884425,1.7924884832409849,0.66484419820080676,-0.035533519468927105
24.420000000000002,12210,0.0071544223494263677,0.014999875245619227,0,0.22947882480140511,7.8103780411489671e-05,0.00020671903500635937,6.1938185045509595e-07,2.2972699315936647e-05,3.0480858456925564,1.2246460383393332,-0.17666060342599915,0.042040162729698745,1.7926010395356715,0.66572301329073869,-0.034502432822947675,1.7925968344757579,0.66567314437446223,-0.03456239622157635
24.440000000000001,12220,0.0071555621293831256,0.014999928767043952,0,0.22901825271772866,8.0412231468207559e-05,0.00020259816561862736,6.4138561442063373e-07,2.2940947124789083e-05,3.048497364333064,1.2246703773162488,-0.17663956095491196,0.04202891072144805,1.7927080103778892,0.66653732023284962,-0.033548534253872039,1.7927030746977151,0.66648594014614104,-0.033610193419620002
24.460000000000001,12230,0.0071566921699719706,0.014999978550215809,0,0.2285722542627511,8.267278257826079e-05,0.00019829984245619934,6.6363844966400026e-07,2.3036072399968081e-05,3.0489055729692476,1.2246947181821688,-0.17661851453378766,0.042017660896892926,1.7928128163063979,0.66733509008965253,-0.032614025477291003,1.7928071567091042,0.66728222442723906,-0.03267733408393568
24.48,12240,0.0071578122786008945,0.015000025021358665,0,0.22814072565457696,8.4876025533521835e-05,0.00019389874317931569,6.8559807135333327e-07,2.3256518306983181e-05,3.0493103999417999,1.2247190607056146,-0.17659746459787012,0.042006413030218709,1.7929154121526227,0.66811596989765032,-0.031699315788473209,1.7929090354151074,0.66806165221774916,-0.031764222387361013
24.5,12250,0.0071589222749051636,0.015000068527199992,0,0.2277235485737413,8.7014090723195169e-05,0.00018933381090770337,7.0693106859222627e-07,2.3162298399097643e-05,3.0497117780545442,1.2247434046942838,-0.17657641150151099,0.041995166922117876,1.7930157542729019,0.66887962476946072,-0.030804794274645785,1.7930086678903971,0.66882389511545293,-0.030871243058167769
24.52,12260,0.0071600219900601033,0.015000109366897127,0,0.22732059100500476,8.9080213219508179e-05,0.00018464421930435753,7.2745826741594182e-07,2.265317472408141e-05,3.0501096442346682,1.2247677499785399,-0.17655535555073357,0.041983922386184508,1.7931138008799439,0.66962573799313763,-0.029930829436928489,1.7931060134456929,0.66956864182511255,-0.029998760783535722
24.539999999999999,12270,0.0071611112666463686,0.015000147803229681,0,0.22693170807928567,9.1068479586535242e-05,0.00017990532218920815,7.4710660097264012e-07,2.2972699315936647e-05,3.0505039394356137,1.224792096406065,-0.17653429701461346,0.041972679246073639,1.7932095122688936,0.67035401130037942,-0.029077768721998101,1.7932010336943174,0.67029559866766253,-0.029147119613026559
24.560000000000002,12280,0.0071621893729667098,0.015000201147885372,0,0.22655673849900307,9.2815188750518306e-05,0.00017414052521657638,7.8849117744669269e-07,2.2972699315936647e-05,3.0508944274536329,1.2248164263801957,-0.17651325376822144,0.041961433201088534,1.7933027196103206,0.67106402601069826,-0.028246012009082267,1.7932936926187526,0.67100449008940188,-0.028316642362057581
24.580000000000002,12290,0.0071632563927058563,0.015000261998430384,0,0.22619551213085207,9.4376252998294534e-05,0.00016780507808136671,8.4453804806341628e-07,2.2491710265994076e-05,3.0512811348969882,1.2248407459484756,-0.1764922182282998,0.041950184639008951,1.7933933945427933,0.67175557863153967,-0.02743583030795109,1.7933839566371959,0.67169505917118522,-0.027507630015376233
24.600000000000001,12300,0.007164312711058796,0.015000315293860469,0,0.22584785455593395,9.589491172641828e-05,0.00016178503730827825,8.9488793878586984e-07,2.2717439178655149e-05,3.0516641687499435,1.2248650702239301,-0.17647117485379499,0.041938936876782858,1.7934816233613298,0.67242855846311311,-0.026647435340895968,1.7934717946701169,0.67236706813761538,-0.026720361130533388
24.620000000000001,12310,0.0071653581732427267,0.015000363177384615,0,0.2255135804435259,9.7364819051002719e-05,0.00015593936669802347,9.4040492356006104e-07,2.265317472408141e-05,3.0520434585777654,1.2248893982750904,-0.17645012581185046,0.041927690257656421,1.7935674137211262,0.67308274033479687,-0.02588108985461705,1.7935571782068134,0.67302029886623504,-0.025955091241356962
24.640000000000001,12320,0.007166392640930306,0.015000407137041814,0,0.2251924939778934,9.8768672086632523e-05,0.0001502641617403236,9.8217670587241321e-07,2.2685329707937426e-05,3.0524189487856956,1.2249137291916823,-0.17642907261780424,0.041916444746663201,1.7936507438992355,0.673717910682753,-0.025137036160459945,1.7936400813719673,0.6736545533967182,-0.025212052261427115
24.66,12330,0.0071674160083102546,0.015000447854192646,0,0.22488439061383983,0.00010009365640980228,0.00014474422246403809,1.0207396046151078e-06,2.2749503328951236e-05,3.0527905988836705,1.2249380625058026,-0.17640801596813149,0.041905200220839128,1.7937315844870825,0.67433388130985183,-0.024415488991001114,1.7937204809922016,0.67426965444006215,-0.024491451887548921
24.68,12340,0.0071684281911328779,0.015000485668857911,0,0.22458905835302578,0.00010133007384728329,0.0001393509248475533,1.0563783189320629e-06,2.2749503328951236e-05,3.0531583769212238,1.2249623979444779,-0.17638695621234618,0.04189395653915251,1.7938099068136222,0.67493048824477364,-0.023716636360440281,1.7937983566626359,0.67486544588777941,-0.023793473003226942
24.699999999999999,12350,0.0071694289261052977,0.01500052617832413,0,0.22430626799894077,0.00010240924906764281,0.00013476648657204462,1.0996338427840329e-06,2.2717439178655149e-05,3.0535222288522252,1.2249867295830044,-0.17636589921261017,0.041882705889133058,1.7938855501572128,0.67550754138431135,-0.023040657346346399,1.7938736908134434,0.67544179332108978,-0.023118273082138624
24.719999999999999,12360,0.0071704182448005778,0.01500056599987621,0,0.22403579768514026,0.00010334454658959922,0.000130680369213168,1.1457450273810156e-06,2.265317472408141e-05,3.0538821549763107,1.225011059676212,-0.17634484149782848,0.041871450106706586,1.7939585146586003,0.67606494244572146,-0.022387678944615155,1.7939464687764066,0.67599858452011174,-0.022465983591608549
24.740000000000002,12370,0.0071713962698127867,0.015000600457643523,0,0.22377742815969812,0.00010418700134007155,0.00012638734005821902,1.1857047148691201e-06,2.2781522350186147e-05,3.0542381551467637,1.225035393093262,-0.17632377817312672,0.0418601956959807,1.7940289123717004,0.67660264401867787,-0.02175779309403169,1.794016678851474,0.67653572997305433,-0.021836709396082649
24.760000000000002,12380,0.0071723629413314753,0.015000631319060051,0,0.22353092694444052,0.00010493365890428822,0.0001220926166000453,1.2210903496873002e-06,2.2813496432377448e-05,3.0545901960678292,1.2250597290965772,-0.17630271102675016,0.041848942803998292,1.7940967603272462,0.677120575809672,-0.02115108203880221,1.7940843123733157,0.677053163385409,-0.021230528160601642
24.780000000000001,12390,0.0071733182270992827,0.015000659459726558,0,0.22329605585474654,0.00010557562294730175,0.00011766599238952501,1.2528832340498166e-06,2.2329078268013787e-05,3.0549382632052882,1.2250840671858894,-0.17628164095157473,0.041837691228813548,1.7941620484542296,0.67761868766601296,-0.020567600440754587,1.7941493637778805,0.67755084218914186,-0.020647489754274995
24.800000000000001,12400,0.007174262075626347,0.01500068444879701,0,0.22307256695983482,0.00010605650955692167,0.00011278217372946356,1.2831966177445085e-06,2.2813496432377448e-05,3.0552823693262345,1.2251084050700165,-0.17626056760948958,0.041826438252655238,1.7942246497355518,0.67809691915768544,-0.020007388756240117,1.7942118306689514,0.67802874805188496,-0.02008761565375479
24.82,12410,0.0071751945250862108,0.015000705497072601,0,0.22286021688424082,0.00010638709235836066,0.00010751447830036877,1.3107346354804836e-06,2.2940947124789083e-05,3.0556225184998378,1.2251327436337647,-0.17623949018339014,0.041815184176646356,1.7942845801158851,0.67855528619513894,-0.019470435458112136,1.7942717138847029,0.67848688738612806,-0.019550898346710074
24.84,12420,0.0071761156335341291,0.015000723370726781,0,0.22265843319329037,0.00010660776591335607,0.00010248129272018844,1.3342329401772975e-06,2.2426798989897964e-05,3.055958697326786,1.225157084519277,-0.17621840937279618,0.041803931053981835,1.7943419458347851,0.67899385057905348,-0.01895669194298753,1.7943290175642561,0.67892529185841144,-0.019037300735300106
24.859999999999999,12430,0.0071770254379952677,0.015000737024631838,0,0.22246585119468748,0.00010669808881701575,9.7860487276671718e-05,1.3539545760693841e-06,2.2491710265994076e-05,3.0562909378195116,1.2251814271031898,-0.17619732417264192,0.041792677098083202,1.7943966764113608,0.67941265658275818,-0.018466094284801438,1.7943837492142354,0.67934401889851614,-0.018546755539648949
24.879999999999999,12440,0.0071779239833598702,0.015000746827777505,0,0.22228231855664612,0.00010665436598717431,9.3604123077926032e-05,1.370050195000258e-06,2.2972699315936647e-05,3.056619246044908,1.2252057713779474,-0.17617623494774981,0.041781422599955396,1.7944487980724193,0.67981178445089063,-0.017998548830833565,1.7944359197753252,0.67974315220865722,-0.018079164701318831
24.900000000000002,12450,0.007178811315726721,0.015000754831490833,0,0.2221077898991238,0.00010648522723391796,8.9495679650496997e-05,1.383483058442905e-06,2.265317472408141e-05,3.0569436110537933,1.2252301172902877,-0.17615514373249497,0.041770169084894691,1.7944984018603587,0.68019134842300899,-0.017553930182234341,1.7944855436888256,0.68012280227267474,-0.017634398786784439
24.920000000000002,12460,0.0071796875102993624,0.015000761710349614,0,0.22194220259377656,0.00010618622493648086,8.524065138353693e-05,1.3949364899611879e-06,2.2296409518597789e-05,3.0572640557396764,1.2252544645153072,-0.17613405121116152,0.041758916565697815,1.7945455071128145,0.68055148273552057,-0.017132080024413212,1.794532638963209,0.68048310686522584,-0.017212296390906781
24.940000000000001,12470,0.0071805526669685609,0.01500076762039616,0,0.22178569773996379,0.0001057510919780767,8.10140769808612e-05,1.404670515329132e-06,2.3067693653563172e-05,3.0575806161240333,1.2252788128942942,-0.17611295754603029,0.041747664907231606,1.7945901226509871,0.68089234871690252,-0.016732807075946796,1.7945772272406761,0.6808242315609766,-0.016812663540406683
24.960000000000001,12480,0.0071814069042641718,0.015000772588654801,0,0.22163883353512279,0.00010517410670928359,7.6896525340502874e-05,1.4128153095556922e-06,2.2394272795856101e-05,3.057893334758004,1.2253031623306894,-0.17609186276848349,0.041736413969643997,1.7946322619381236,0.68121413647176243,-0.016355886725957794,1.7946193338637124,0.68114637024379421,-0.016435273097338984
24.98,12490,0.0071822503572523625,0.015000776628891264,0,0.2215014106284027,0.00010445028872650639,7.2786394078137626e-05,1.41947478829735e-06,2.2329078268013787e-05,3.0582022593378939,1.2253275127449992,-0.17607076689595386,0.041725163629347146,1.7946719452082756,0.68151706542384061,-0.016001060510871776,1.7946589879416444,0.68144974561593796,-0.016079864162566668
25,12500,0.0071830831772115248,0.015000779761868548,0,0.22137316682361061,0.00010357522797334248,6.8748661679303606e-05,1.4247480325504751e-06,2.2296409518597789e-05,3.0585074427422301,1.2253518640640564,-0.17604966995252969,0.041713913778299506,1.7947091989609185,0.6818013847023614,-0.01566803554353979,1.7946962224171956,0.68173460970725142,-0.015746141479234838
25.02,12510,0.0071839055944708657,0.015000777139559043,0,0.22125383140179966,0.00010251756541585928,6.4841846089906102e-05,1.4252586602952533e-06,2.2426798989897964e-05,3.0588090036975362,1.2253762172831391,-0.17602856708080808,0.041702662306950522,1.7947439270643517,0.68206735847253863,-0.015356485893184639,1.7947310741330436,0.68200124438435483,-0.015433774836243835
25.039999999999999,12520,0.0071847177074229295,0.015000774307422422,0,0.22114314628997825,0.0001013095126280964,6.0744059959712495e-05,1.4249327776537219e-06,2.2781522350186147e-05,3.0591069251580332,1.2254005712254585,-0.17600746383959223,0.041691411509400242,1.7947763317617922,0.68231531677861357,-0.015066045057138747,1.7947635838983751,0.68224996185983611,-0.015142398471724036
25.060000000000002,12530,0.0071855196676402135,0.015000774994924937,0,0.2210408469841805,9.996561217129263e-05,5.7004977319640159e-05,1.4265778901985088e-06,2.2296409518597789e-05,3.0594012329800049,1.2254249249291576,-0.17598636397420314,0.041680162735663634,1.7948065443083443,0.68254560986071589,-0.014796312619004144,1.7947937965554435,0.68248110520144323,-0.014871610476509381
25.080000000000002,12540,0.0071863117509858021,0.015000775670804071,0,0.22094665580220288,9.8458171026044629e-05,5.3208664155448001e-05,1.427833352265992e-06,2.2426798989897964e-05,3.0596920576751097,1.2254492790369802,-0.17596526394997794,0.04166891434034873,1.7948345002121462,0.68275859613719814,-0.014546854276216086,1.7948217610461239,0.68269504884127619,-0.014620972197610702
25.100000000000001,12550,0.0071870942063760905,0.015000775603166523,0,0.22086029622021111,9.6779650486745729e-05,4.9607114269810798e-05,1.4281631873358358e-06,2.2459278078588273e-05,3.0599794930205944,1.2254736337312679,-0.17594416303244312,0.041657666022398412,1.794860227429272,0.68295467773606511,-0.014317196197900395,1.7948475304784703,0.68289219908497756,-0.014390007641691585
25.120000000000001,12560,0.0071878672906597911,0.015000774661220835,0,0.22078148900477337,9.4926957316060983e-05,4.6072144799937091e-05,1.4274982772555455e-06,2.2426798989897964e-05,3.0602636289192939,1.2254979890234983,-0.17592306109149611,0.041646417683429263,1.7948837812248095,0.68313429146286953,-0.014106826520856765,1.7948711621932716,0.68307299462092597,-0.014178202878539659
25.140000000000001,12570,0.0071886312757389612,0.015000772865793825,0,0.22070995071006416,9.289763222024877e-05,4.2534725433248421e-05,1.4258919298220408e-06,2.2329078268013787e-05,3.0605445595221301,1.2255223448773971,-0.1759019581496335,0.041635169272289434,1.7949052251468649,0.68329790726553719,-0.013915194923996604,1.7948927178306078,0.68323790702942699,-0.013985005444542536
25.16,12580,0.0071893864511305529,0.015000770260060576,0,0.22064539287783136,9.068915749891167e-05,3.9124823603064553e-05,1.4234142290922402e-06,2.2198114802541581e-05,3.0608223853664445,1.2255467012506709,-0.17588085425177724,0.041623920746973193,1.7949246269587893,0.68344602843743507,-0.013741711985121467,1.7949122633964061,0.68338744129190576,-0.013809823746160119
25.18,12590,0.0071901331248485703,0.015000766881040749,0,0.22058752137185392,8.8298918337630116e-05,3.6061199636676513e-05,1.4201281447021541e-06,2.2198114802541581e-05,3.0610972138184986,1.2255710581048018,-0.17585974943655702,0.04161267206669636,1.7949420583001561,0.68357919212780394,-0.013585748559945999,1.7949298693289975,0.68352213630009695,-0.013652026463400774
25.199999999999999,12600,0.0071908716237635353,0.015000762758319469,0,0.22053603569442531,8.5724244581145614e-05,3.3000311845745342e-05,1.4160883201944784e-06,2.206637408534863e-05,3.0613691591524108,1.2255954154056619,-0.17583864373501723,0.041601423191727861,1.7949575949405594,0.68369796987609466,-0.013446635180364899,1.7949456105656729,0.68364256536523882,-0.013510941953292901
25.219999999999999,12610,0.0071916022938640755,0.015000757916889701,0,0.22049062825841309,8.2962438892852721e-05,2.9526252879164577e-05,1.4113434784836307e-06,2.2588727439225648e-05,3.0616383425962521,1.2256197731226079,-0.17581753717347981,0.041590174084179261,1.794971316999239,0.68380296813488106,-0.013323661457986545,1.7949595666092395,0.6837493367272639,-0.013385857653359839
25.240000000000002,12620,0.0071923255005269587,0.015000752379125635,0,0.2204509836180793,8.0010791013023489e-05,2.6917575343993236e-05,1.4059382715796185e-06,2.2329078268013787e-05,3.061904892404836,1.2256441312277078,-0.17579642977554014,0.041578924708388129,1.7949833090902187,0.68389482878500663,-0.013216075488197251,1.7949718215945767,0.68384309406399146,-0.01327601948509341
25.260000000000002,12630,0.0071930416288050608,0.015000746165730695,0,0.22041677766629139,7.6866586306891552e-05,2.408791882813596e-05,1.3999143383302614e-06,2.2296409518597789e-05,3.0621689439491764,1.225668489695261,-0.17577532156302803,0.041567675030917968,1.794993660429673,0.68397422964761401,-0.013123083253940926,1.7949824643551926,0.68392451700031764,-0.013180631257429243
25.280000000000001,12640,0.007193751083725549,0.015000739296159764,0,0.22038767680563273,7.3527112978788274e-05,2.1666346224911465e-05,1.3933109359720832e-06,2.2263692832568247e-05,3.0624306398106977,1.2256928485014824,-0.17575421255644233,0.041556425020399371,1.7950024649280658,0.68404188499506657,-0.013043848029285926,1.7949915884897809,0.6839943216174097,-0.013098854070218713
25.300000000000001,12650,0.0071944542905922632,0.015000731788837263,0,0.22036333710075959,6.9989669774897108e-05,1.8821788102366937e-05,1.3861653871849662e-06,2.2263692832568247e-05,3.0626901298839906,1.2257172076242753,-0.17573310277518039,0.041545174647317731,1.7950098212752446,0.68409854606134468,-0.012977489782892274,1.7949992924287757,0.68405326096189634,-0.013029805717703638
25.32,12660,0.0071951517005580971,0.015000725688419567,0,0.22034341016660686,6.6291859690385157e-05,1.6555285230907042e-05,1.3785155674655829e-06,2.2198114802541581e-05,3.0629475361110408,1.2257415679986645,-0.17571199420993305,0.041533926362082488,1.7950159501337797,0.68414502635684316,-0.012923076296987815,1.7950056795009091,0.68410212555505923,-0.012972560091991256
25.34,12670,0.0071958437648696645,0.015000721566424624,0,0.22032752672381564,6.2417227709977402e-05,1.4787793334711022e-05,1.371527920393134e-06,2.1933842111273517e-05,3.0632030261984644,1.2257659287730289,-0.17569088746453498,0.041522679540200953,1.7950209280503293,0.68418214178160097,-0.012879643729381586,1.795010857999767,0.68414174390202653,-0.012926146586525647
25.359999999999999,12680,0.0071965309794701678,0.015000717421786814,0,0.22031529961907287,5.8322093863706834e-05,1.2013660097101191e-05,1.365126561240238e-06,2.2524095754713237e-05,3.0634568128997293,1.2257902890779304,-0.17566978058913285,0.041511431796804638,1.795024745660504,0.68421073232152374,-0.012846186739374765,1.7950149412503453,0.68417298300096285,-0.012889549499564584
25.379999999999999,12690,0.0071972138810589689,0.015000711920046218,0,0.22030633389187676,5.3999792500260148e-05,1.0456548945759379e-05,1.3581734367303567e-06,2.2459278078588273e-05,3.0637090936343849,1.2258146493757134,-0.17564867223882508,0.041500182767185555,1.7950274975907676,0.68423170157709423,-0.012821645189582485,1.7950180476756061,0.68419674885226212,-0.012861707437651235
25.400000000000002,12700,0.0071978930111129425,0.015000704705457576,0,0.22030022154048171,4.9450708139799602e-05,8.5377364625159455e-06,1.350313214130635e-06,2.2394272795856101e-05,3.0639600585808759,1.2258390098398617,-0.17562756205310942,0.0414889324045132,1.7950293136175175,0.68424599574869172,-0.012804912435837937,1.7950203008630343,0.68421398696773894,-0.012841512719089176
25.420000000000002,12710,0.0071985689722205331,0.01500069481373373,0,0.22029654331139339,4.4700038786081703e-05,7.7312491876000801e-06,1.3391827155788482e-06,2.2198114802541581e-05,3.064209900830261,1.2258633719507697,-0.17560644899479794,0.0414776831281898,1.7950303842720226,0.68425461653559261,-0.012794829644151349,1.7950218296311933,0.68422568287982066,-0.01282781077741614
25.440000000000001,12720,0.0071992424329743029,0.015000680422109502,0,0.22029486216971683,3.9785989285890403e-05,7.6363836416656947e-06,1.3213625866140597e-06,2.2000207897163392e-05,3.0644588437450215,1.2258877386459008,-0.17558533114739866,0.041466435367465367,1.7950308911591366,0.68425861641370878,-0.012790181685312086,1.7950227680962823,0.68423286265073979,-0.012819399564876807
25.460000000000001,12730,0.0071999138654405695,0.015000665373648747,0,0.22029471605058001,3.4658953825583579e-05,7.5403246776668666e-06,1.3030670221668209e-06,2.2329078268013787e-05,3.0647070721988023,1.225912105919887,-0.17556421250885154,0.041455186273419528,1.7950309118174681,0.68425902240080505,-0.012789739301074923,1.7950232557386909,0.68423659338172438,-0.012815028955898991
25.48,12740,0.0072005839302005095,0.015000646990744214,0,0.22029563221074411,2.9313685704500473e-05,7.6363836416656947e-06,1.2816987564177646e-06,2.2459278078588273e-05,3.064954824156441,1.2259364733239317,-0.17554309036799681,0.041443939942582275,1.7950305612571618,0.68425694160708139,-0.012792207170118738,1.7950234374695573,0.6842379837221908,-0.01281340015056566
25.5,12750,0.0072012533438032241,0.015000624052421497,0,0.22029711557584897,2.37770385291265e-05,7.3444386094852035e-06,1.2561943555059348e-06,2.2329078268013787e-05,3.065202359578179,1.2259608428260036,-0.17552196348767168,0.041432692258245467,1.7950299891443682,0.68425353961497715,-0.012796224510560254,1.795023463697323,0.68423818437893602,-0.01281316507808905
25.52,12760,0.0072019224806000653,0.01500060703932013,0,0.22029867693810318,1.8178051907973763e-05,7.6363836416656947e-06,1.2401748341116446e-06,2.2198114802541581e-05,3.0654498204908935,1.2259852089290841,-0.17550084263486893,0.041421433496356012,1.7950293156370996,0.68424985817557182,-0.012800519175822834,1.795023463697323,0.68423818437893602,-0.01281316507808905
25.539999999999999,12770,0.007202591543202597,0.015000604450734808,0,0.22029992219707822,1.3512915729267141e-05,7.6363836416656947e-06,1.2453435815325052e-06,2.1800504449438904e-05,3.0656972864878909,1.2260095616181215,-0.17547973656591603,0.041410167929853484,1.7950285965583113,0.68424674786952167,-0.012804059076849691,1.795023463697323,0.68423818437893602,-0.01281316507808905
25.560000000000002,12780,0.0072032609410239241,0.015000604379292475,0,0.22030080290337586,1.007783042181303e-05,6.8301891700127552e-06,1.256454269043579e-06,2.1666346224911465e-05,3.0659448945165906,1.2260339087059937,-0.17545863305601445,0.041398901825533234,1.7950278948734713,0.68424444655395678,-0.012806629597390312,1.795023463697323,0.68423818437893602,-0.01281316507808905
25.580000000000002,12790,0.0072039308659680402,0.015000596718870047,0,0.22030144576911201,7.5749048043937756e-06,8.1891091329340797e-06,1.2589790369298896e-06,2.2198114802541581e-05,3.0661926869698246,1.2260582606235617,-0.17543752166424259,0.041387636670703325,1.7950272860587762,0.68424277085697172,-0.012808503216342353,1.795023463697323,0.68423818437893602,-0.01281316507808905
25.600000000000001,12800,0.0072046010770043809,0.015000588104402539,0,0.22030191051398654,5.7080879687819622e-06,8.0091067314007856e-06,1.2609080338171864e-06,2.2459278078588273e-05,3.0664405742451826,1.2260826153306237,-0.17541640917012866,0.041376365422168708,1.7950267662836275,0.68424150007359819,-0.012809896842958522,1.795023463697323,0.68423818437893602,-0.01281316507808905
25.620000000000001,12810,0.0072052714671818497,0.015000579971797948,0,0.22030224710486962,4.3212878108001142e-06,8.5377364625159455e-06,1.2637360544633744e-06,2.1867274910380131e-05,3.0666885125138661,1.2261069707956072,-0.17539529703555601,0.041365091481284574,1.7950263256905505,0.68424053326519452,-0.012810936792547644,1.795023463697323,0.68423818437893602,-0.01281316507808905
25.640000000000001,12820,0.0072059420640000925,0.015000569352098101,0,0.2203024981347467,3.3497728958224005e-06,8.8726760008265974e-06,1.2628149212783613e-06,2.2165253030559974e-05,3.0669365003829401,1.2261313276292984,-0.17537418219126946,0.041353822043972269,1.7950259773305739,0.68423983957200429,-0.012811694376814009,1.795023463697323,0.68423818437893602,-0.01281316507808905
25.66,12830,0.0072066128360144706,0.015000556499644255,0,0.22030268632677968,2.7113031338672627e-06,9.5835854103906053e-06,1.2579551491221579e-06,2.1800504449438904e-05,3.0671845234886241,1.2261556863283998,-0.17535306487928437,0.041342556750432698,1.7950257241539671,0.68423935876922937,-0.012812236472746177,1.795023463697323,0.68423818437893602,-0.01281316507808905
25.68,12840,0.0072072836866396185,0.01500054342732206,0,0.22030283670912379,2.2598378567131959e-06,9.5072209630461516e-06,1.2525380137761344e-06,2.2132342465963256e-05,3.0674325612934847,1.2261800453832965,-0.17533194719600007,0.041331292431321651,1.7950255119609244,0.6842389929900442,-0.012812657504021985,1.795023463697323,0.68423818437893602,-0.01281316507808905
25.699999999999999,12850,0.0072079545670858183,0.015000531251095352,0,0.22030295661165825,1.9197880936326609e-06,9.0354909756902108e-06,1.2486503653791129e-06,2.1967050066869309e-05,3.0676806056099668,1.2262044038802609,-0.17531083030875849,0.041320026979937627,1.7950253065688089,0.68423869544469851,-0.012812997081668017,1.795023463697323,0.68423818437893602,-0.01281316507808905
25.719999999999999,12860,0.0072086254896003314,0.015000519554465795,0,0.22030304360406369,1.679475027518966e-06,9.6593461578058769e-06,1.2454643657001619e-06,2.1900583802360337e-05,3.0679286573494475,1.2262287621411694,-0.17528971377814612,0.041308761343458393,1.7950251163883917,0.68423847107674751,-0.012813249060018652,1.795023463697323,0.68423818437893602,-0.01281316507808905
25.740000000000002,12870,0.0072092964630924459,0.015000507755415072,0,0.22030310297158029,1.5101950935243452e-06,1.024528375501914e-05,1.2419544888148453e-06,2.2296409518597789e-05,3.0681767170148033,1.2262531204441551,-0.17526859699870609,0.041297496758098649,1.7950249459809,0.68423831571247551,-0.012813422519576168,1.795023463697323,0.68423818437893602,-0.01281316507808905
25.760000000000002,12880,0.0072099674927162309,0.015000495388768641,0,0.22030314180330748,1.3845439717842333e-06,9.6593461578058769e-06,1.2372958181088273e-06,2.2296409518597789e-05,3.0684247845276102,1.2262774790728364,-0.17524747948684327,0.041286234049471071,1.79502479836754,0.68423822087745501,-0.012813531527648657,1.795023463697323,0.68423818437893602,-0.01281316507808905
25.780000000000001,12890,0.0072106385788198047,0.015000482213159184,0,0.22030316654696566,1.2845409830482017e-06,9.5835854103906053e-06,1.2310061932760708e-06,2.2329078268013787e-05,3.0686728587019312,1.2263018382646333,-0.17522636098979555,0.041274973570146867,1.795024675615692,0.68423817596327541,-0.012813590787591745,1.795023463697323,0.68423818437893602,-0.01281316507808905
25.800000000000001,12900,0.0072113097168342325,0.015000468224001117,0,0.22030318224504483,1.2022219441268323e-06,1.0731768324341125e-05,1.2229503759107007e-06,2.2361699290911531e-05,3.0689209370713528,1.226326198165846,-0.17520524149852915,0.041263715319034187,1.7950245789527217,0.68423816967495199,-0.012813613772630435,1.795023463697323,0.68423818437893602,-0.01281316507808905
25.82,12910,0.0072119808980812602,0.01500045361759385,0,0.22030319250312747,1.136649182291748e-06,1.0386604689550578e-05,1.213279354326698e-06,2.2263692832568247e-05,3.0691690160952012,1.2263505588159569,-0.17518412121076599,0.041252459075132947,1.7950245087839607,0.68423819110903039,-0.012813611978513294,1.795023463697323,0.68423818437893602,-0.01281316507808905
25.84,12920,0.0072126521111041666,0.015000438732861382,0,0.22030319972825238,1.0903047387608357e-06,9.3526217011086895e-06,1.2023459170214152e-06,2.2198114802541581e-05,3.0694170915836474,1.2263749201561398,-0.17516300047124922,0.041241204502338022,1.7950244647209261,0.68423823050202237,-0.012813594716111421,1.795023463697323,0.68423818437893602,-0.01281316507808905
25.859999999999999,12930,0.0072133233431432445,0.015000423987474896,0,0.22030320542693735,1.0661113023224476e-06,1.1131846416284069e-05,1.1906189921858669e-06,2.1967050066869309e-05,3.0696651591900452,1.2263992820517884,-0.17514187970632095,0.041229951222455659,1.7950244456422837,0.68423827967066819,-0.012813569178186702,1.795023463697323,0.68423818437893602,-0.01281316507808905
25.879999999999999,12940,0.0072139945814923842,0.015000409818832237,0,0.22030321047598214,1.0654898903932579e-06,1.0731768324341125e-05,1.1786086158360319e-06,2.206637408534863e-05,3.0699132148588708,1.2264236443204033,-0.17512075936348062,0.041218698862867512,1.795024449785118,0.68423833218966812,-0.012813540646397897,1.795023463697323,0.68423818437893602,-0.01281316507808905
25.900000000000002,12950,0.0072146658145888238,0.015000396635782599,0,0.22030321533764854,1.0876245825571429e-06,1.1326587362040649e-05,1.1668069762292678e-06,2.1531352099333316e-05,3.0701612551689563,1.22644800675896,-0.17509963986191707,0.04120744708550185,1.7950244748574677,0.6842383833678336,-0.012813512764460569,1.795023463697323,0.68423818437893602,-0.01281316507808905
25.920000000000002,12960,0.0072153370327775815,0.015000384783610064,0,0.22030322021706764,1.129796312348622e-06,1.1581149199548762e-05,1.1556469610100352e-06,2.1967050066869309e-05,3.0704092775592726,1.2264723691673183,-0.17507852155657816,0.041196195602289425,1.7950245181625348,0.68423843008597995,-0.012813487833217643,1.795023463697323,0.68423818437893602,-0.01281316507808905
25.940000000000001,12970,0.007216008228752813,0.015000374522421563,0,0.2203032251702558,1.1882534715500865e-06,1.1197136397927998e-05,1.1454771003642284e-06,2.1900583802360337e-05,3.0706572804325671,1.2264967313660375,-0.1750574047159322,0.041184944181011707,1.7950245767261048,0.68423847055367248,-0.012813467100048069,1.795023463697323,0.68423818437893602,-0.01281316507808905
25.960000000000001,12980,0.0072166793977148421,0.015000366017544146,0,0.22030323017403211,1.259024920807944e-06,1.1581149199548762e-05,1.1365503368847099e-06,2.1867274910380131e-05,3.0709052631635236,1.2265210932082447,-0.17503628951199723,0.041173692644525958,1.7950246474203226,0.68423850403145348,-0.012813451025425932,1.795023463697323,0.68423818437893602,-0.01281316507808905
25.98,12990,0.0072173505372999354,0.015000359339787474,0,0.22030323516861033,1.338389301277315e-06,1.1326587362040649e-05,1.1290235025808306e-06,2.1933842111273517e-05,3.071153226022882,1.2265454545859504,-0.17501517602046335,0.041162440865747517,1.7950247270787703,0.68423853055340411,-0.012813439516567028,1.795023463697323,0.68423818437893602,-0.01281316507808905
26,13000,0.0072180216473452718,0.015000354473039544,0,0.22030324008181976,1.4230323924544276e-06,1.1891690845819462e-05,1.1229643378835488e-06,2.1933842111273517e-05,3.0714011700536523,1.2265698154316751,-0.17499406422832242,0.041151188760214674,1.7950248125991712,0.68423855067369022,-0.012813432123304125,1.795023463697323,0.68423818437893602,-0.01281316507808905
26.02,13010,0.0072186927295486902,0.015000351326789398,0,0.22030324484169461,1.510040963432595e-06,1.1131846416284069e-05,1.1183632399572496e-06,2.1867274910380131e-05,3.0716490969151082,1.2265941757164833,-0.17497295404654903,0.041139936277669403,1.7950249010315318,0.6842385652509887,-0.01281342819510304,1.795023463697323,0.68423818437893602,-0.01281316507808905
26.039999999999999,13020,0.0072193637870750001,0.015000349751368641,0,0.22030324938226112,1.5968525163401657e-06,1.1390761175093017e-05,1.115147491559332e-06,2.1531352099333316e-05,3.0718970087121478,1.2266185354454797,-0.17495184532558142,0.041128683393678568,1.7950249896505013,0.68423857527699372,-0.012813427000912004,1.795023463697323,0.68423818437893602,-0.01281316507808905
26.060000000000002,13030,0.0072200348241505596,0.015000349554153924,0,0.22030325364569323,1.6812173560144901e-06,1.1706354451251847e-05,1.1131962654391666e-06,2.1900583802360337e-05,3.0721449078327971,1.2266428946517944,-0.17493073787180147,0.041117430101992362,1.7950250760116961,0.68423858174938013,-0.012813427815392336,1.795023463697323,0.68423818437893602,-0.01281316507808905
26.080000000000002,13040,0.0072207058456771039,0.015000350515320643,0,0.2203032575827987,1.7611852741009023e-06,1.1581149199548762e-05,1.112355199817744e-06,2.1933842111273517e-05,3.0723927967938689,1.2266672533898948,-0.17490963146357771,0.041106176408053904,1.7950251579923644,0.68423858558571582,-0.012813429976187042,1.795023463697323,0.68423818437893602,-0.01281316507808905
26.100000000000001,13050,0.0072213768568858434,0.015000352402208667,0,0.22030326115293111,1.8351096902644128e-06,1.0799477313527679e-05,1.1124497752478494e-06,2.2000207897163392e-05,3.0726406781094631,1.2266916117288817,-0.1748885258658999,0.041094922323845942,1.7950252338172821,0.68423858757244549,-0.012813432917406144,1.795023463697323,0.68423818437893602,-0.01281316507808905
26.120000000000001,13060,0.0072220478630441471,0.015000354981686496,0,0.22030326432387551,1.9016580116283316e-06,1.0731768324341125e-05,1.1132969850923088e-06,2.1733528855063329e-05,3.0728885541827897,1.2267159697462893,-0.1748674208429867,0.041083667864092135,1.7950253020711437,0.68423858834202522,-0.012813436184546025,1.795023463697323,0.68423818437893602,-0.01281316507808905
26.140000000000001,13070,0.0072227188692200236,0.01500035803020414,0,0.22030326707186443,1.9598193153984775e-06,1.1197136397927998e-05,1.1147150943146694e-06,2.2165253030559974e-05,3.0731364272246076,1.2267403275226414,-0.17484631616854088,0.041072413043701302,1.7950253616988998,0.6842385883710822,-0.012813439435719378,1.795023463697323,0.68423818437893602,-0.01281316507808905
26.16,13080,0.0072233898801042926,0.015000361341493663,0,0.22030326938171968,2.008904377955587e-06,1.1131846416284069e-05,1.1165313887043796e-06,2.2296409518597789e-05,3.0733842991911549,1.226764685136976,-0.17482521163360987,0.041061157876283463,1.7950254119956681,0.68423858799299997,-0.012813442433539027,1.795023463697323,0.68423818437893602,-0.01281316507808905
26.18,13090,0.0072240608998866036,0.015000364732003991,0,0.22030327124703231,2.0485362870414881e-06,1.1390761175093017e-05,1.1185879478955813e-06,2.1867274910380131e-05,3.0736321717500976,1.2267890426633978,-0.17480410705213698,0.041049902373512359,1.7950254525878782,0.68423858741922894,-0.012813445031301737,1.795023463697323,0.68423818437893602,-0.01281316507808905
26.199999999999999,13100,0.0072247319321790916,0.01500036804430159,0,0.22030327267024538,2.0786319766095527e-06,1.0799477313527679e-05,1.1207456209747668e-06,2.2296409518597789e-05,3.0738800462588265,1.2268134001685767,-0.17478300226444446,0.041038646545117019,1.7950254834073167,0.68423858676466009,-0.012813447156384236,1.795023463697323,0.68423818437893602,-0.01281316507808905
26.219999999999999,13110,0.0072254029799802512,0.015000371148703539,0,0.22030327366254596,2.0993761097007002e-06,1.059505231752994e-05,1.1228863513204173e-06,2.2296409518597789e-05,3.0741279237631582,1.2268377577101663,-0.17476189713891083,0.041027390399282312,1.7950255046596713,0.68423858607355637,-0.012813448793042912,1.795023463697323,0.68423818437893602,-0.01281316507808905
26.240000000000002,13120,0.0072260740456713051,0.015000373943494402,0,0.22030327424351942,2.1111892240280936e-06,1.1066171232981577e-05,1.1249141345817029e-06,2.2459278078588273e-05,3.0743758050112171,1.2268621153359782,-0.17474079157220843,0.041016133943283593,1.7950255167891516,0.68423858534360116,-0.01281344996617325,1.795023463697323,0.68423818437893602,-0.01281316507808905
26.260000000000002,13130,0.007226745131037585,0.015000376353983184,0,0.22030327444051032,2.1146919800582843e-06,1.059505231752994e-05,1.126754835970212e-06,2.2198114802541581e-05,3.0746236904654065,1.2268864730837805,-0.17471968548835803,0.041004877184194786,1.7950255204405727,0.68423858454650688,-0.012813450726982836,1.795023463697323,0.68423818437893602,-0.01281316507808905
26.280000000000001,13140,0.0072274162373081692,0.015000378330728469,0,0.22030327428771487,2.1106672762665666e-06,1.0526028440638427e-05,1.128355133383761e-06,2.1565179853261896e-05,3.0748715803366684,1.2269108309815848,-0.17469857883693835,0.040993620129567844,1.7950255164202371,0.6842385836444399,-0.012813451141100421,1.795023463697323,0.68423818437893602,-0.01281316507808905
26.300000000000001,13150,0.0072280873652079084,0.015000379847174009,0,0.22030327382505607,2.1000217503125405e-06,1.1262047877356564e-05,1.1296808101299584e-06,2.1632676668865267e-05,3.0751194746116082,1.2269351890483076,-0.17467747159069208,0.04098236278799125,1.7950255056568096,0.68423858260208348,-0.012813451279297399,1.795023463697323,0.68423818437893602,-0.01281316507808905
26.32,13160,0.0072287585150169753,0.015000380896913294,0,0.22030327309686873,2.0837478687696045e-06,1.1131846416284069e-05,1.1307146306832718e-06,2.1767042412140833e-05,3.07536737308435,1.2269595472946584,-0.17465636374276,0.040971105169494856,1.7950254891631685,0.68423858139457716,-0.012813451210698247,1.795023463697323,0.68423818437893602,-0.01281316507808905
26.34,13170,0.0072294296866340603,0.015000381490763989,0,0.22030327215048537,2.0628877040888492e-06,1.0526028440638427e-05,1.1314539740832542e-06,2.1666346224911465e-05,3.0756152753950166,1.2269839057241716,-0.17463525530371782,0.040959847285776993,1.7950254680001789,0.68423858001185567,-0.012813450998242897,1.795023463697323,0.68423818437893602,-0.01281316507808905
26.359999999999999,13180,0.0072301008796402024,0.015000381653777753,0,0.22030327103477584,2.0384991817721442e-06,1.0663629423853027e-05,1.1319083636138667e-06,2.1933842111273517e-05,3.075863181057279,1.2270082643343152,-0.17461414629855102,0.040948589150247995,1.7950254432430761,0.68423857846003533,-0.012813450696037818,1.795023463697323,0.68423818437893602,-0.01281316507808905
26.379999999999999,13190,0.0072307720933610341,0.015000381422337826,0,0.22030326979871867,2.0116255136474424e-06,1.1197136397927998e-05,1.1320970305954868e-06,2.1967050066869309e-05,3.0761110894958579,1.2270326231176056,-0.17459303676371721,0.040937330777924767,1.7950254159510988,0.68423857676059874,-0.012813450348194373,1.795023463697323,0.68423818437893602,-0.01281316507808905
26.400000000000002,13200,0.0072314433269259019,0.015000380841363209,0,0.2203032684900553,1.9832682565845503e-06,1.1000103948581645e-05,1.1320465945965454e-06,2.1733528855063329e-05,3.076359000072149,1.2270569820626676,-0.17457192674431921,0.040926072185185985,1.7950253871407627,0.684238574948005,-0.012813449988802201,1.795023463697323,0.68423818437893602,-0.01281316507808905
26.420000000000002,13210,0.0072321145793227621,0.015000379961729175,0,0.22030326715407306,1.9543643980131139e-06,1.1262047877356564e-05,1.1317889171984474e-06,2.1867274910380131e-05,3.0766069121145807,1.2270813411552395,-0.17455081629149707,0.040914813389430559,1.7950253577631248,0.68423857306641445,-0.012813449642638771,1.795023463697323,0.68423818437893602,-0.01281316507808905
26.440000000000001,13220,0.0072327858494482169,0.015000378837904759,0,0.22030326583256335,1.9257676460869539e-06,1.1000103948581645e-05,1.1313591678209764e-06,2.1598954627055457e-05,3.0768548249408991,1.2271057003790895,-0.17452970546004085,0.040903554408669898,1.7950253286851836,0.68423857116598585,-0.012813449326368995,1.795023463697323,0.68423818437893602,-0.01281316507808905
26.460000000000001,13230,0.0072334571361523095,0.015000377525849101,0,0.2203032645629639,1.8982340064834402e-06,1.1390761175093017e-05,1.1307941344956944e-06,2.1800504449438904e-05,3.0771027378794935,1.2271300597168244,-0.17450859430626595,0.040892295261091061,1.7950253006754719,0.68423856929919669,-0.012813449049947974,1.795023463697323,0.68423818437893602,-0.01281316507808905
26.48,13240,0.0072341284382778969,0.01500037608117381,0,0.22030326337771836,1.8724115999831733e-06,1.1518036199983983e-05,1.1301307866645453e-06,2.1699963539503996e-05,3.0773506502873977,1.2271544191505912,-0.17448748288615729,0.040881035964611928,1.7950252743937856,0.68423856751747192,-0.012813448818080218,1.795023463697323,0.68423818437893602,-0.01281316507808905
26.5,13250,0.0072347997546946098,0.015000374557569156,0,0.22030326230383432,1.8488345262369777e-06,1.1000103948581645e-05,1.1294050613294263e-06,2.2198114802541581e-05,3.0775985615654387,1.2271787786626946,-0.17446637125378089,0.040869776536463301,1.7950252503848665,0.68423856586830711,-0.012813448631588689,1.795023463697323,0.68423818437893602,-0.01281316507808905
26.52,13260,0.007235471084327468,0.01500037300549698,0,0.22030326136265102,1.8279205405105289e-06,1.1454575462498553e-05,1.1286508977481604e-06,2.1800504449438904e-05,3.0778464711719562,1.2272031382360971,-0.17444525945996531,0.040858516992809998,1.7950252290758286,0.68423856439302388,-0.012813448488617086,1.795023463697323,0.68423818437893602,-0.01281316507808905
26.539999999999999,13270,0.0072361424261803142,0.015000371471141529,0,0.22030326056979496,1.809972137488419e-06,1.1197136397927998e-05,1.1278994891052e-06,2.1967050066869309e-05,3.0780943786270427,1.2272274978548221,-0.1744241475512423,0.040847257348429152,1.7950252107769626,0.68423856312516462,-0.012813448385635038,1.795023463697323,0.68423818437893602,-0.01281316507808905
26.560000000000002,13280,0.0072368137793542495,0.015000369995603505,0,0.22030325993530683,1.7951806583048824e-06,1.1390761175093017e-05,1.1271787221234467e-06,2.2198114802541581e-05,3.0783422835219918,1.2272518575042777,-0.1744030355690335,0.040835997616455476,1.7950251956855818,0.68423856208953215,-0.012813448318221897,1.795023463697323,0.68423818437893602,-0.01281316507808905
26.580000000000002,13290,0.0072374851430613649,0.015000368614327722,0,0.22030325946392085,1.78363294658678e-06,1.1518036199983983e-05,1.1265127893210781e-06,2.2033315828455735e-05,3.0785901855235309,1.227276217171505,-0.17438192354907306,0.040824737808193678,1.7950251838924791,0.68423856130181782,-0.012813448281645299,1.795023463697323,0.68423818437893602,-0.01281316507808905
26.600000000000001,13300,0.0072381565166340063,0.015000367356754014,0,0.22030325915546967,1.7753200798086499e-06,1.1830234667768806e-05,1.1259219755273448e-06,2.1933842111273517e-05,3.0788380843723733,1.2273005768453316,-0.17436081152105362,0.040813477933003744,1.7950251753905604,0.68423856076872702,-0.012813448271260115,1.795023463697323,0.68423818437893602,-0.01281316507808905
26.620000000000001,13310,0.0072388278995299329,0.015000366246144429,0,0.22030325900537312,1.7701476792837243e-06,1.1518036199983983e-05,1.1254225561575512e-06,2.2230927998283902e-05,3.0790859798827106,1.2273249365164705,-0.17433969950845171,0.040802217998253856,1.7950251700851811,0.68423856048850251,-0.012813448282746696,1.795023463697323,0.68423818437893602,-0.01281316507808905
26.640000000000001,13320,0.0072394992913336854,0.015000365299617683,0,0.22030325900523207,1.7679473954182169e-06,1.1706354451251847e-05,1.1250268221707313e-06,2.2329078268013787e-05,3.0793338719417127,1.2273492961775647,-0.1743185875285605,0.040790958009334834,1.795025167805774,0.68423856045179099,-0.012813448312246407,1.795023463697323,0.68423818437893602,-0.01281316507808905
26.66,13330,0.0072401706917545657,0.015000364528323698,0,0.22030325914343846,1.7684890803225458e-06,1.1000103948581645e-05,1.1247432022847615e-06,2.2000207897163392e-05,3.079581760502395,1.2273736558231638,-0.17429747559266434,0.040779697969731653,1.7950251683182812,0.68423856064269728,-0.012813448356394199,1.795023463697323,0.68423818437893602,-0.01281316507808905
26.68,13340,0.0072408421006216342,0.015000363937761448,0,0.22030325940582859,1.7714933112801518e-06,1.1581149199548762e-05,1.1245764606806807e-06,2.1900583802360337e-05,3.0798296455807526,1.2273980154496653,-0.17427636370635591,0.040768437881141047,1.7950251713380128,0.68423856103999192,-0.012813448412300926,1.795023463697323,0.68423818437893602,-0.01281316507808905
26.699999999999999,13350,0.0072415135178761298,0.015000363528203003,0,0.22030325977632895,1.7766438756009992e-06,1.1390761175093017e-05,1.124527964843882e-06,2.1933842111273517e-05,3.0800775272462664,1.2274223750552036,-0.17425525186996438,0.040757177743628671,1.7950251765425149,0.68423856161836194,-0.012813448477497687,1.795023463697323,0.68423818437893602,-0.01281316507808905
26.719999999999999,13360,0.0072421849435617925,0.015000363295220382,0,0.22030326023759855,1.7835999486687393e-06,1.0526028440638427e-05,1.1245959982575515e-06,2.1800504449438904e-05,3.0803254056157301,1.2274467346395257,-0.17423414007908267,0.040745917555812111,1.7950251835841358,0.68423856234967284,-0.012813448549869556,1.795023463697323,0.68423818437893602,-0.01281316507808905
26.740000000000002,13370,0.0072428563778135059,0.015000363230278339,0,0.22030326077163129,1.7920076509549015e-06,1.1000103948581645e-05,1.1247761210611269e-06,2.1800504449438904e-05,3.080573280845655,1.2274710942038201,-0.17421302832516353,0.040734657315071324,1.7950251921019491,0.68423856320416332,-0.012813448627585183,1.795023463697323,0.68423818437893602,-0.01281316507808905
26.760000000000002,13380,0.0072435278208447217,0.015000363321363933,0,0.22030326136030914,1.8015107819441265e-06,1.1131846416284069e-05,1.1250615473920964e-06,2.1800504449438904e-05,3.0808211531251573,1.2274954537505407,-0.17419191659615277,0.04072339701776248,1.7950252017328092,0.68423856415154638,-0.012813448709029882,1.795023463697323,0.68423818437893602,-0.01281316507808905
26.780000000000001,13390,0.0072441992729341013,0.015000363553657808,0,0.22030326198591316,1.8117605358217505e-06,1.1830234667768806e-05,1.1254435496207739e-06,2.1800504449438904e-05,3.0810690226655368,1.2275198132832099,-0.17417080487716421,0.040712136659441379,1.7950252121213224,0.68423856516200221,-0.012813448792759325,1.795023463697323,0.68423818437893602,-0.01281316507808905
26.800000000000001,13400,0.007244870734411781,0.015000363910204925,0,0.22030326263155584,1.8224240372505758e-06,1.1000103948581645e-05,1.1259118675652455e-06,2.1800504449438904e-05,3.0813168896941092,1.2275441728062144,-0.17414969315115461,0.040700876235084199,1.7950252229285761,0.68423856620702339,-0.012813448877457086,1.795023463697323,0.68423818437893602,-0.01281316507808905
26.82,13410,0.0072455422056456774,0.015000364372572749,0,0.22030326328155495,1.8331915972568873e-06,1.0933637455190016e-05,1.1264551103140711e-06,2.206637408534863e-05,3.0815647544442712,1.2275685323246057,-0.17412858139958598,0.040689615739293659,1.7950252338395227,0.68423856726011345,-0.012813448961919225,1.795023463697323,0.68423818437893602,-0.01281316507808905
26.84,13420,0.0072462136870281467,0.015000364921477761,0,0.22030326392173089,1.8437826176659733e-06,1.1326587362040649e-05,1.1270611530826505e-06,2.2165253030559974e-05,3.0818126171536018,1.2275928918438921,-0.17410746960305645,0.040678355166501839,1.7950252445689547,0.68423856829734186,-0.012813449045041711,1.795023463697323,0.68423818437893602,-0.01281316507808905
26.859999999999999,13430,0.0072468851789633474,0.015000365537386522,0,0.22030326453963298,1.8539501422671277e-06,1.1390761175093017e-05,1.1277175117340039e-06,2.2198114802541581e-05,3.0820604780515599,1.2276172513698569,-0.17408635774190531,0.040667094511145481,1.7950252548660808,0.6842385692977575,-0.012813449125817626,1.795023463697323,0.68423818437893602,-0.01281316507808905
26.879999999999999,13440,0.0072475566818555395,0.015000366201048389,0,0.22030326512469631,1.8634840198206559e-06,1.1197136397927998e-05,1.1284116992890274e-06,2.2329078268013787e-05,3.0823083373590174,1.2276416109083672,-0.17406524579675056,0.040655833767825944,1.7950252645176779,0.68423857024364987,-0.012813449203350763,1.795023463697323,0.68423818437893602,-0.01281316507808905
26.900000000000002,13450,0.0072482281960985677,0.015000366893973917,0,0.22030326566832859,1.8722127802922431e-06,1.1262047877356564e-05,1.1291315354242587e-06,2.2361699290911531e-05,3.0825561952792748,1.2276659704652226,-0.17404413374897004,0.040644572931447173,1.7950252733499308,0.68423857112070219,-0.012813449276857874,1.795023463697323,0.68423818437893602,-0.01281316507808905
26.920000000000002,13460,0.007248899722066663,0.01500036759883905,0,0.22030326616393886,1.8800042688194959e-06,1.1326587362040649e-05,1.1298654377048916e-06,2.1900583802360337e-05,3.0828040519985396,1.2276903300459947,-0.17402302158111008,0.040633311997327184,1.7950252812290135,0.6842385719180144,-0.012813449345687608,1.795023463697323,0.68423818437893602,-0.01281316507808905
26.940000000000001,13470,0.0072495712601066756,0.015000368299830756,0,0.22030326660690647,1.8867651552635278e-06,1.1197136397927998e-05,1.1306026560294693e-06,2.1767042412140833e-05,3.0830519076788403,1.2277146896559155,-0.1740019092772328,0.040622050961287459,1.7950252880605364,0.68423857262803678,-0.012813449409326371,1.795023463697323,0.68423818437893602,-0.01281316507808905
26.960000000000001,13480,0.007250242810531847,0.015000368982904183,0,0.22030326699449923,1.8924394508154272e-06,1.1581149199548762e-05,1.1313334726520203e-06,2.1933842111273517e-05,3.0832997624599292,1.2277390492997671,-0.17398079682317763,0.040610789819718246,1.7950252937879982,0.68423857324640824,-0.012813449467407595,1.795023463697323,0.68423818437893602,-0.01281316507808905
26.98,13490,0.0072509143736170798,0.015000369635969421,0,0.22030326732575273,1.8970061728900971e-06,1.1830234667768806e-05,1.1320493544537683e-06,2.2263692832568247e-05,3.0835476164555065,1.2277634089817988,-0.17395968420674948,0.040599528569619868,1.7950252983903845,0.68423857377173702,-0.012813449519711679,1.795023463697323,0.68423818437893602,-0.01281316507808905
27,13500,0.0072515859495957038,0.015000370249010462,0,0.22030326760131003,1.9004762830156721e-06,1.0799477313527679e-05,1.1327430533423209e-06,2.2000207897163392e-05,3.0837954697537047,1.2277877687056746,-0.17393857141783906,0.040588267208624317,1.795025301879043,0.68423857420530565,-0.01281344956617016,1.795023463697323,0.68423818437893602,-0.01281316507808905
