applied_interval_end_time_s,applied_interval_start_time_s,actual_torque_L2_67channels_Nm,actual_torque_max_abs_67channels_Nm,actual_torque_saturation_count
0.020000000000000004,0.018000000000000002,20.32325479961203,18.281988625570808,0
0.040000000000000022,0.03800000000000002,18.047210824874938,16.627855693115286,0
0.060000000000000039,0.058000000000000038,17.345991945253392,16.255728382716608,0
0.080000000000000057,0.078000000000000055,6.0917945771778479,5.3502003040541224,0
0.10000000000000007,0.098000000000000073,2.6791912162793081,2.5821912120741422,0
0.12000000000000009,0.11800000000000009,2.5444245114846353,2.4881715824645569,0
0.1400000000000001,0.13800000000000009,0.67535786914691609,0.61996939590634426,0
0.16000000000000011,0.15800000000000011,2.4407094517893411,2.3835535428368546,0
0.18000000000000013,0.17800000000000013,2.3930168726126779,2.324528415808147,0
0.20000000000000015,0.19800000000000015,1.5866659740727531,1.5065801580374651,0
0.22000000000000017,0.21800000000000017,0.79807687829162599,0.65999704695381389,0
0.24000000000000019,0.23800000000000018,0.51846430262476562,0.30327024527623131,0
0.26000000000000018,0.25800000000000017,1.1283137590480301,1.0360671666665862,0
0.28000000000000019,0.27800000000000019,1.4231676308410062,1.3387890414701658,0
0.30000000000000021,0.29800000000000021,1.3674108269172158,1.3150559922672358,0
0.32000000000000023,0.31800000000000023,1.1560633093486636,1.1106384037669634,0
0.34000000000000025,0.33800000000000024,0.86141440348021292,0.80905645523593628,0
0.36000000000000026,0.35800000000000026,0.49688210115774833,0.44162183970255603,0
0.38000000000000028,0.37800000000000028,0.22239051666541593,0.21583114493974415,0
0.4000000000000003,0.3980000000000003,0.53047646213676292,0.20391690431620488,0
0.42000000000000032,0.41800000000000032,0.66199473568271994,0.37148104447169272,0
0.44000000000000034,0.43800000000000033,0.70218614699688608,0.43385157400530094,0
0.46000000000000035,0.45800000000000035,0.67226345287414457,0.39189321793785692,0
0.48000000000000037,0.47800000000000037,5.6958605089926975,5.574123837020962,0
0.50000000000000033,0.49800000000000033,7.634784325006474,7.4997539779302445,0
0.52000000000000035,0.51800000000000035,6.1945896765591222,6.0894579487616589,0
0.54000000000000037,0.53800000000000037,5.1669642205681443,5.0855171345088808,0
0.56000000000000039,0.55800000000000038,4.3102066941148784,4.2475268475047923,0
0.5800000000000004,0.5780000000000004,3.5439960291193144,3.5079700208459901,0
0.60000000000000042,0.59800000000000042,2.9055520167794713,2.8769837757031009,0
0.62000000000000044,0.61800000000000044,2.3413990900368731,2.3126487050860294,0
0.64000000000000046,0.63800000000000046,1.7676213437318382,1.7449861231552379,0
0.66000000000000048,0.65800000000000047,1.3074870353207115,1.2718221279983368,0
0.68000000000000049,0.67800000000000049,0.90655687158728404,0.83573106232681482,0
0.70000000000000051,0.69800000000000051,0.59338784886452456,0.43177904424014363,0
0.72000000000000053,0.71800000000000053,0.4633352613786389,0.4285217688557425,0
0.74000000000000055,0.73800000000000054,0.57056884596524993,0.47630940011173678,0
0.76000000000000056,0.75800000000000056,0.80037210228937217,0.59279213102847483,0
0.78000000000000058,0.77800000000000058,1.0731148619844573,0.91349719564297482,0
0.8000000000000006,0.7980000000000006,1.3504485625707894,1.2199198841345114,0
0.82000000000000062,0.81800000000000062,1.6226617499703226,1.5131842628454186,0
0.84000000000000064,0.83800000000000063,0.67681305032774097,0.65949486136693081,0
0.86000000000000065,0.85800000000000065,0.67941136700502547,0.65764962635831314,0
0.88000000000000067,0.87800000000000067,0.29117166573192083,0.20806577621016029,0
0.90000000000000069,0.89800000000000069,2.2470020037610992,2.1636740921848707,0
0.92000000000000071,0.9180000000000007,0.41099103506441964,0.33525027570196286,0
0.94000000000000072,0.93800000000000072,0.22318832705840472,0.19445659969945112,0
0.96000000000000074,0.95800000000000074,2.5417928580061546,2.4780846829017427,0
0.98000000000000076,0.97800000000000076,2.5880328569631508,2.5404338005173388,0
1.0000000000000007,0.99800000000000066,2.7310425544501724,2.6952785602818086,0
1.0200000000000007,1.0180000000000007,2.8704673646602861,2.8445454145728011,0
1.0400000000000007,1.0380000000000007,2.9883503142952605,2.9692306223819998,0
1.0600000000000007,1.0580000000000007,3.0734740948493648,3.0567016723459455,0
1.0800000000000007,1.0780000000000007,3.1175376968810276,3.096655452330364,0
1.1000000000000008,1.0980000000000008,3.1131861918730825,3.0789317253718949,0
1.1200000000000008,1.1180000000000008,3.9082653078806135,2.6879481391955133,0
1.1400000000000008,1.1380000000000008,3.0071860720087131,2.2673042104837244,0
1.1600000000000008,1.1580000000000008,2.951025333905263,2.2259042123524582,0
1.1800000000000008,1.1780000000000008,3.0097224095007968,2.2180349408495448,0
1.2000000000000008,1.1980000000000008,3.0422937281767584,2.2334149064410309,0
1.2200000000000009,1.2180000000000009,3.175883281666557,2.5005265177502118,0
1.2400000000000009,1.2380000000000009,2.2402801187818429,1.843561367041495,0
1.2600000000000009,1.2580000000000009,2.1824045305623385,1.7304502013050189,0
1.2800000000000009,1.2780000000000009,2.5270365422439105,2.4732816091025298,0
1.3000000000000009,1.2980000000000009,2.4161620239859247,2.4141162380487216,0
1.320000000000001,1.3180000000000009,2.3549777225293123,2.3518716419262526,0
1.340000000000001,1.338000000000001,2.5612603076237885,2.551203729858134,0
1.360000000000001,1.358000000000001,2.5218500392255154,2.5097114210184399,0
1.380000000000001,1.378000000000001,1.6388084378907972,1.6266407356865356,0
1.400000000000001,1.398000000000001,1.1846734973582662,1.1686636114941935,0
1.420000000000001,1.418000000000001,2.3045514739901272,2.2837823012000147,0
1.4400000000000011,1.4380000000000011,2.3294137036817633,2.3027377197870647,0
1.4600000000000011,1.4580000000000011,1.6154685779813058,1.5825050889498971,0
1.4800000000000011,1.4780000000000011,1.3687238490131028,1.3266102353596325,0
1.5000000000000011,1.4980000000000011,1.0920552381217281,1.0117786281585006,0
1.5200000000000011,1.5180000000000011,0.86050017057376449,0.60266028021635065,0
1.5400000000000011,1.5380000000000011,0.65683343025704799,0.43350305149250884,0
1.5600000000000012,1.5580000000000012,0.60731687484666508,0.48107766936951796,0
1.5800000000000012,1.5780000000000012,0.6805199420225726,0.53100895162668671,0
1.6000000000000012,1.5980000000000012,0.84428258389554145,0.59303838326045621,0
1.6200000000000012,1.6180000000000012,1.0466406673116484,0.75871182050867203,0
1.6400000000000012,1.6380000000000012,1.2400758328213073,1.1313543660941792,0
1.6600000000000013,1.6580000000000013,2.8593677832366988,2.2073758455082766,0
1.6800000000000013,1.6780000000000013,3.2207932840961626,2.8593745131976336,0
1.7000000000000013,1.6980000000000013,3.182614448254415,2.8526091285840742,0
1.7200000000000013,1.7180000000000013,3.2209660980199781,2.8881542386614161,0
1.7400000000000013,1.7380000000000013,3.3422162713691854,2.9364546017842446,0
1.7600000000000013,1.7580000000000013,3.5330645360328012,2.9976985044474991,0
1.7800000000000014,1.7780000000000014,3.786377907230901,3.0884026883187436,0
1.8000000000000014,1.7980000000000014,4.0010160912203334,3.1921771053769343,0
1.8200000000000014,1.8180000000000014,1.619204248410345,1.2072081722068571,0
1.8400000000000014,1.8380000000000014,4.2797087035337551,2.7166291241571319,0
1.8600000000000014,1.8580000000000014,5.3202132257478336,5.166981714764626,0
1.8800000000000014,1.8780000000000014,4.1808910071013097,4.0675005917579199,0
1.9000000000000015,1.8980000000000015,4.2492022862573453,3.5159710798371431,0
1.9200000000000015,1.9180000000000015,4.0341737392256576,3.1787898569704427,0
1.9400000000000015,1.9380000000000015,3.8234571713384864,2.9601152339700292,0
1.9600000000000015,1.9580000000000015,3.3663109053228184,2.6989453082250185,0
1.9800000000000015,1.9780000000000015,2.6598878829744605,2.4406731944627689,0
2.0000000000000013,1.9980000000000013,2.3920269922282111,2.2045782411929653,0
2.0199999999999991,2.0179999999999993,2.0762765531323759,1.9744287616124929,0
2.0399999999999969,2.0379999999999971,1.861961651548697,1.7736820560428082,0
2.0599999999999947,2.0579999999999949,1.6709455793718346,1.592770973940981,0
2.0799999999999925,2.0779999999999927,1.4943243544657661,1.4297796619203653,0
2.0999999999999903,2.0979999999999905,1.3357213386833908,1.2830554367943612,0
2.1199999999999881,2.1179999999999883,1.1937881399752481,1.1510206377150205,0
2.1399999999999859,2.1379999999999861,1.0600843420694512,1.031236976154875,0
2.1599999999999837,2.1579999999999839,0.94869083002702115,0.92414144642129481,0
2.1799999999999815,2.1779999999999817,0.85188551409433633,0.82962906743325249,0
2.1999999999999793,2.1979999999999795,0.76393437555561194,0.74396218586482832,0
2.2199999999999771,2.2179999999999773,0.6849016025569642,0.66699663156204569,0
2.2399999999999749,2.2379999999999751,0.61408071169596923,0.59798319500313757,0
2.2599999999999727,2.2579999999999729,0.54970213304039084,0.53551410068680672,0
2.2799999999999705,2.2779999999999707,0.49353852843323776,0.48056332218835285,0
2.2999999999999683,2.2979999999999685,0.44249396792530427,0.43074561090323071,0
2.3199999999999661,2.3179999999999663,0.39671079397938841,0.38605981609764078,0
2.3399999999999639,2.3379999999999641,0.35556530567835753,0.34591431349419749,0
2.3599999999999617,2.3579999999999619,0.31889140914245556,0.31006801078635432,0
2.3799999999999595,2.3779999999999597,0.28597450095883953,0.27789437914992809,0
2.3999999999999573,2.3979999999999575,0.25655833774757958,0.24911538499669003,0
2.4199999999999551,2.4179999999999553,0.23001072108010831,0.22316355074834604,0
2.4399999999999529,2.4379999999999531,0.20627478464911192,0.19994540836298502,0
2.4599999999999507,2.4579999999999509,0.18513696681049946,0.17923219862582818,0
2.4799999999999485,2.4779999999999487,0.16612868183441554,0.16060011013713191,0
2.4999999999999463,2.4979999999999465,0.14899047185740524,0.14381272234202366,0
2.5199999999999441,2.5179999999999443,0.13382872930002263,0.12891667203326637,0
2.5399999999999419,2.5379999999999421,0.1201913249790274,0.11550745457694563,0
2.5599999999999397,2.5579999999999399,0.10899539563965605,0.10359318359255254,0
2.5799999999999375,2.5779999999999377,0.099166884210804676,0.092860121671680243,0
2.5999999999999353,2.5979999999999355,0.089181962862047645,0.083205781323932346,0
2.619999999999933,2.6179999999999333,0.080266469648922881,0.074515239633057034,0
2.6399999999999308,2.6379999999999311,0.071125096117099343,0.065653517121508534,0
2.6599999999999286,2.6579999999999289,0.065410661003005341,0.059911563934596006,0
2.6799999999999264,2.6779999999999267,0.059193556076742045,0.053712904913903833,0
2.6999999999999242,2.6979999999999245,0.053450198467836101,0.048035984770435594,0
2.719999999999922,2.7179999999999223,0.048566500153389529,0.043148616277636526,0
2.7399999999999198,2.7379999999999201,0.043923837518151078,0.038510499000189699,0
2.7599999999999176,2.7579999999999179,0.040055549632699292,0.034577888191876696,0
2.7799999999999154,2.7779999999999156,0.036368372948761163,0.030826568878369088,0
2.7999999999999132,2.7979999999999134,0.033355297103469517,0.027689961149970788,0
2.819999999999911,2.8179999999999112,0.030624035556441272,0.024818378655335691,0
2.8399999999999088,2.837999999999909,0.028191828683664724,0.022231574646280946,0
2.8599999999999066,2.8579999999999068,0.026034227944342014,0.019903688074999905,0
2.8799999999999044,2.8779999999999046,0.023986232476533146,0.017669511343403273,0
2.8999999999999022,2.8979999999999024,0.022547617383886623,0.015997539026505733,0
2.9199999999999,2.9179999999999002,0.02092010714628836,0.014152531454757086,0
2.9399999999998978,2.937999999999898,0.019833670584601965,0.012822419829226021,0
2.9599999999998956,2.9579999999998958,0.01856751004634313,0.011313449343737006,0
2.9799999999998934,2.9779999999998936,0.013550959316318847,0.0095901520058638782,0
2.9999999999998912,2.9979999999998914,0.013614522953249575,0.0090661015223455037,0
3.019999999999889,3.0179999999998892,0.013033046886619116,0.0081235050027204849,0
3.0399999999998868,3.037999999999887,0.034861490779032112,0.02397919956131591,0
3.0599999999998846,3.0579999999998848,0.0093936661631972493,0.004826712180557434,0
3.0799999999998824,3.0779999999998826,0.011373533450811074,0.0057984512355779248,0
3.0999999999998802,3.0979999999998804,0.011140191905076398,0.0051659687541198073,0
3.119999999999878,3.1179999999998782,0.010870097638520778,0.0045952419521142242,0
3.1399999999998758,3.137999999999876,0.01065263124383589,0.0040881214133724935,0
3.1599999999998736,3.1579999999998738,0.01048523499028335,0.0037895009386665207,0
3.1799999999998714,3.1779999999998716,0.010357598854392041,0.0038064461695433978,0
3.1999999999998692,3.1979999999998694,0.010261666796209793,0.0038240788388324912,0
3.219999999999867,3.2179999999998672,0.010191193323248018,0.0038417130842202693,0
3.2399999999998648,3.237999999999865,0.010250669193727297,0.003911495404264529,0
3.2599999999998626,3.2579999999998628,0.010148271932156021,0.0038927614476391079,0
3.2799999999998604,3.2779999999998606,0.098692226096807778,0.040023617512997114,0
3.2999999999998582,3.2979999999998584,0.0095885066909921195,0.0042929560743408344,0
3.319999999999856,3.3179999999998562,0.0081317168823590892,0.0031695248374148249,0
3.3399999999998538,3.337999999999854,0.0091402144144033751,0.0036976354132951211,0
3.3599999999998515,3.3579999999998518,0.009713141691776811,0.0039708881921558126,0
3.3799999999998493,3.3779999999998496,0.0096449743619818808,0.0039362832409786863,0
3.3999999999998471,3.3979999999998474,0.0096984742834252523,0.0039676094660119326,0
3.4199999999998449,3.4179999999998452,0.0096175123340729411,0.0039236884115142609,0
3.4399999999998427,3.437999999999843,0.0096083870857156597,0.0039183444377304385,0
3.4599999999998405,3.4579999999998408,0.0096113610180676295,0.0039183901557361201,0
3.4799999999998383,3.4779999999998386,0.0096149122475106437,0.0039176254214105481,0
3.4999999999998361,3.4979999999998364,0.0096170623812435064,0.0039153116481523403,0
3.5199999999998339,3.5179999999998341,0.0096171059957684234,0.003911380011181847,0
3.5399999999998317,3.5379999999998319,0.009614377999068632,0.0039057277396649295,0
3.5599999999998295,3.5579999999998297,0.00960830329671695,0.0038982458807127569,0
3.5799999999998273,3.5779999999998275,0.0095984666456591337,0.0038888665774957981,0
3.5999999999998251,3.5979999999998253,0.0095844565732106923,0.0038775098331200707,0
3.6199999999998229,3.6179999999998231,0.0095659171927402163,0.0038641058726739145,0
3.6399999999998207,3.6379999999998209,0.0094727035823283807,0.0038078672448700339,0
3.6599999999998185,3.6579999999998187,0.0094941147885408989,0.0038230947754612867,0
3.6799999999998163,3.6779999999998165,0.0094643855555039853,0.0038057239880082295,0
3.6999999999998141,3.6979999999998143,0.0094224936770835547,0.0037818489768040881,0
3.7199999999998119,3.7179999999998121,0.0093751870740841972,0.0037559242156488312,0
3.7399999999998097,3.7379999999998099,0.0093225565253477593,0.0037281072085919081,0
3.7599999999998075,3.7579999999998077,0.0092640330122455497,0.0036981193910298501,0
3.7799999999998053,3.7779999999998055,0.0091991965097468972,0.00366577180865931,0
3.7999999999998031,3.7979999999998033,0.0090597465780143365,0.003588832459654709,0
3.8199999999998009,3.8179999999998011,0.0090322767933572398,0.0035869281488501367,0
3.8399999999997987,3.8379999999997989,0.008951306598763871,0.0035497312041549382,0
3.8599999999997965,3.8579999999997967,0.0088560273323410234,0.0035050814392944742,0
3.8799999999997943,3.8779999999997945,0.008753578406010076,0.0034578671712026136,0
3.8999999999997921,3.8979999999997923,0.0086441482942094597,0.0034082875901025648,0
3.9199999999997899,3.9179999999997901,0.0085271796508395569,0.0033560337452567444,0
3.9399999999997877,3.9379999999997879,0.008402255016189325,0.003300886382864506,0
3.9599999999997855,3.9579999999997857,0.0082690700489317353,0.0032426995122049034,0
3.9799999999997833,3.9779999999997835,0.0080627883894019373,0.0031393281453857965,0
3.9999999999997811,3.9979999999997813,0.0079623934109616431,0.0031111362555149491,0
4.0199999999997793,4.0179999999997795,0.0078076718743338774,0.0030463050441308023,0
4.0399999999997771,4.0379999999997773,0.0076365796376764499,0.0029729960554109791,0
4.0599999999997749,4.0579999999997751,0.0074564144656159952,0.0028963473664721491,0
4.0799999999997727,4.0779999999997729,0.0072674738069041693,0.0028166171424772631,0
4.0999999999997705,4.0979999999997707,0.007005440019959102,0.0026907676468914373,0
4.1199999999997683,4.1179999999997685,0.0068485518554047215,0.0026417712814471076,0
4.1399999999997661,4.1379999999997663,0.0066358382798422074,0.0025547678272867446,0
4.1599999999997639,4.1579999999997641,0.0064051867192653419,0.0024583613143178353,0
4.1799999999997617,4.1779999999997619,0.006164347118979327,0.0023580476815779068,0
4.1999999999997595,4.1979999999997597,0.0058518511350357655,0.002211560242547198,0
4.2199999999997573,4.2179999999997575,0.0056415522168564896,0.0021419199320322716,0
4.2399999999997551,4.2379999999997553,0.0053758641621996037,0.0020339927413651096,0
4.2599999999997529,4.2579999999997531,0.0050912498837077423,0.0019158708295752102,0
4.2799999999997507,4.2779999999997509,0.0047363453138594041,0.0017514041262033397,0
4.2999999999997485,4.2979999999997487,0.0044799972614336788,0.0016626043452096563,0
4.3199999999997463,4.3179999999997465,0.0041094640842704007,0.0014922208965376747,0
4.3399999999997441,4.3379999999997443,0.0038324539606412016,0.0013950975634279877,0
4.3599999999997419,4.3579999999997421,0.0035008927991456548,0.0012582839330817787,0
4.3799999999997397,4.3779999999997399,0.003097033564121188,0.0010691013317785988,0
4.3999999999997375,4.3979999999997377,0.0027304962841092281,0.00090969396661282108,0
4.4199999999997353,4.4179999999997355,0.002423900269901635,0.00079796469524073593,0
4.439999999999733,4.4379999999997333,0.0020219467491040233,0.00060191262149115674,0
4.4599999999997308,4.4579999999997311,0.0016658984401044521,0.00045661375060089955,0
4.4799999999997286,4.4779999999997289,0.0013242902467062541,0.00044781257239317177,0
4.4999999999997264,4.4979999999997267,0.001107159019797096,0.00044655449792611429,0
4.5199999999997242,4.5179999999997245,0.0010574432810475482,0.00044770358684508883,0
4.539999999999722,4.5379999999997223,0.0014722142545748526,0.00046756197045212921,0
4.5599999999997198,4.5579999999997201,0.0033430729679230506,0.00093657663921944251,0
4.5799999999997176,4.5779999999997179,0.0051657691340492393,0.0015922094200532563,0
4.5999999999997154,4.5979999999997156,0.006979310107549817,0.002242852898853843,0
4.6199999999997132,4.6179999999997134,0.0087033578632249448,0.0028587084672728855,0
4.639999999999711,4.6379999999997112,0.010315034736505201,0.0034382957396537823,0
4.6599999999997088,4.657999999999709,0.011834740106328442,0.0039651498320261314,0
4.6799999999997066,4.6779999999997068,0.013279600617458353,0.0044797618640153355,0
4.6999999999997044,4.6979999999997046,0.014639225399717714,0.0049552006204070338,0
4.7199999999997022,4.7179999999997024,0.015929258497247061,0.0054040123123540104,0
4.7399999999997,4.7379999999997002,0.017163969943144911,0.0058236394738428073,0
4.7599999999996978,4.757999999999698,0.018345758886092332,0.00624488745981159,0
4.7799999999996956,4.7779999999996958,0.019459660305645884,0.0066326351682019355,0
4.7999999999996934,4.7979999999996936,0.020522028377776912,0.0069918760121070889,0
4.8199999999996912,4.8179999999996914,0.021545349059737526,0.0073571679829710886,0
4.839999999999689,4.8379999999996892,0.022503015481732787,0.0076901026153346364,0
4.8599999999996868,4.857999999999687,0.023409544962022275,0.0080038918150395193,0
4.8799999999996846,4.8779999999996848,0.024268607396196573,0.0083014109596042888,0
4.8999999999996824,4.8979999999996826,0.025081405594969262,0.0085832435979818471,0
4.9199999999996802,4.9179999999996804,0.025848763467141489,0.0088496526435487416,0
4.939999999999678,4.9379999999996782,0.026571467435980524,0.0091009012422479402,0
4.9599999999996758,4.957999999999676,0.027250283557245247,0.0093372626178071308,0
4.9799999999996736,4.9779999999996738,0.027885949804976395,0.0095590055841032629,0
4.9999999999996714,4.9979999999996716,0.028482046785503635,0.0097791648454369703,0
5.0199999999996692,5.0179999999996694,0.029011930014600892,0.0099655278959503608,0
5.039999999999667,5.0379999999996672,0.029513444422080631,0.010141871888083649,0
5.0599999999996648,5.057999999999665,0.029942374612785379,0.01026945553123651,0
5.0799999999996626,5.0779999999996628,0.030369853112914708,0.010418753742452332,0
5.0999999999996604,5.0979999999996606,0.030780363065326787,0.010591414474099335,0
5.1199999999996582,5.1179999999996584,0.031142095348718347,0.010726886848925787,0
5.139999999999656,5.1379999999996562,0.031392220727985094,0.010780773218288688,0
5.1599999999996538,5.157999999999654,0.031661803800207292,0.010873704958364145,0
5.1799999999996515,5.1779999999996518,0.031907955437308858,0.010966548100711376,0
5.1999999999996493,5.1979999999996496,0.0321192978300796,0.011048407261798055,0
5.2199999999996471,5.2179999999996474,0.03238499322820796,0.011236212694030797,0
5.2399999999996449,5.2379999999996452,0.032409286384668473,0.011166760690362534,0
5.2599999999996427,5.257999999999643,0.032474997711307713,0.011173771711883865,0
5.2799999999996405,5.2779999999996408,0.032539849706036697,0.011202059154704356,0
5.2999999999996383,5.2979999999996386,0.032581404883767394,0.011227937281707441,0
5.3199999999996361,5.3179999999996364,0.032591558600174091,0.011243510676203407,0
5.3399999999996339,5.3379999999996341,0.032568551865240145,0.011246949832270314,0
5.3599999999996317,5.3579999999996319,0.032512728222811191,0.011238295665786373,0
5.3799999999996295,5.3779999999996297,0.03242493132913768,0.011218007972586777,0
5.3999999999996273,5.3979999999996275,0.032306036286021883,0.011186559880239184,0
5.4199999999996251,5.4179999999996253,0.032156853319552453,0.011144358572378383,0
5.4399999999996229,5.4379999999996231,0.032013418250207239,0.011216724832055935,0
5.4599999999996207,5.4579999999996209,0.031796956370595202,0.01105190124898104,0
5.4799999999996185,5.4779999999996187,0.031500596578060418,0.010920392374855776,0
5.4999999999996163,5.4979999999996165,0.031209337877808364,0.010818945508268167,0
5.5199999999996141,5.5179999999996143,0.030914887858699377,0.010727603753150971,0
5.5399999999996119,5.5379999999996121,0.030603582921256322,0.010633826139354079,0
5.5599999999996097,5.5579999999996099,0.030268656865208091,0.010532027665923682,0
5.5799999999996075,5.5779999999996077,0.029907887598488919,0.010420283147773133,0
5.5999999999996053,5.5979999999996055,0.029521069257709885,0.010298249725435259,0
5.6199999999996031,5.6179999999996033,0.029108753032649998,0.010166180426354384,0
5.6399999999996009,5.6379999999996011,0.028671726673975474,0.010024505782566131,0
5.6599999999995987,5.6579999999995989,0.028210815615488188,0.0098736697055238944,0
5.6799999999995965,5.6779999999995967,0.027726813746917427,0.0097140729923543469,0
5.6999999999995943,5.6979999999995945,0.027220465755661699,0.0095460608749992747,0
5.7199999999995921,5.7179999999995923,0.026692469463668583,0.0093699274516227671,0
5.7399999999995899,5.7379999999995901,0.02614348499509735,0.0091859254278438603,0
5.7599999999995877,5.7579999999995879,0.025574145255888445,0.0089942763651338197,0
5.7799999999995855,5.7779999999995857,0.024579891390553506,0.0086983415464726606,0
5.7999999999995833,5.7979999999995835,0.024465588736295729,0.0086286319492811826,0
5.8199999999995811,5.8179999999995813,0.023845916482194463,0.008393016330739609,0
5.8399999999995789,5.8379999999995791,0.023143143310101741,0.0081422471336970777,0
5.8599999999995767,5.8579999999995769,0.022443486020791409,0.0078998542327950241,0
5.8799999999995745,5.8779999999995747,0.021747474475970672,0.007662154820022072,0
5.8999999999995723,5.8979999999995725,0.021046705300991935,0.0074238035782641975,0
5.9199999999995701,5.9179999999995703,0.020335967961420058,0.0071815073027271751,0
5.9399999999995678,5.9379999999995681,0.01961283552699996,0.0069335853963502564,0
5.9599999999995656,5.9579999999995659,0.018876414158763486,0.0066793096880409901,0
5.9799999999995634,5.9779999999995637,0.015979809700715508,0.0050937086343690735,0
5.9999999999995612,5.9979999999995615,0.021605848099221302,0.01069407430372654,0
6.019999999999559,6.0179999999995593,0.013665146044581926,0.0041616532338550087,0
6.0399999999995568,6.0379999999995571,0.014322871699280329,0.0057598311627571489,0
6.0599999999995546,6.0579999999995549,0.011215186827094645,0.0039108446651123958,0
6.0799999999995524,6.0779999999995526,0.013187413470229515,0.0042001777117803658,0
6.0999999999995502,6.0979999999995504,0.010128747225043287,0.0025004568726305527,0
6.119999999999548,6.1179999999995482,0.011618217058127902,0.0031759102007402722,0
6.1399999999995458,6.137999999999546,0.009443529150980897,0.0023850952974363766,0
6.1599999999995436,6.1579999999995438,0.010242225696471506,0.0023943051913231242,0
6.1799999999995414,6.1779999999995416,0.010238226996694398,0.0030699618106079032,0
6.1999999999995392,6.1979999999995394,0.0079567565559757504,0.0029261743607049305,0
6.219999999999537,6.2179999999995372,0.0083045965901756558,0.0024981785176426772,0
6.2399999999995348,6.237999999999535,0.0081139989154678481,0.0022307278736503466,0
6.2599999999995326,6.2579999999995328,0.006797990679471351,0.0018861278044671552,0
6.2799999999995304,6.2779999999995306,0.0066806263752616918,0.0015638916948310965,0
6.2999999999995282,6.2979999999995284,0.0054120104067283343,0.0012719044762789236,0
6.319999999999526,6.3179999999995262,0.0055921505217234125,0.0013331910474939799,0
6.3399999999995238,6.337999999999524,0.004242043601210106,0.001049589370676137,0
6.3599999999995216,6.3579999999995218,0.0045431548463199375,0.0010890442390568641,0
6.3799999999995194,6.3779999999995196,0.0043221929676865237,0.0010869317750149209,0
6.3999999999995172,6.3979999999995174,0.0036669997083093519,0.0010947430982673066,0
6.419999999999515,6.4179999999995152,0.0040347108379453689,0.0011101337322822708,0
6.4399999999995128,6.437999999999513,0.0044254184945304283,0.0011241498742724117,0
6.4599999999995106,6.4579999999995108,0.0049268621965065556,0.0013280858621478459,0
6.4799999999995084,6.4779999999995086,0.0055163726899574335,0.0013872353591557795,0
6.4999999999995062,6.4979999999995064,0.0062299112427171965,0.0016713962426038419,0
6.519999999999504,6.5179999999995042,0.0069764169110390758,0.0019908573746896963,0
6.5399999999995018,6.537999999999502,0.0077633652214235144,0.0023276787835509621,0
6.5599999999994996,6.5579999999994998,0.0085811300036427209,0.0026713968198282816,0
6.5799999999994974,6.5779999999994976,0.0094183895373617828,0.0030162324160606774,0
6.5999999999994952,6.5979999999994954,0.010270286400406484,0.0033607127158235771,0
6.619999999999493,6.6179999999994932,0.011129802450965119,0.0037030994078256362,0
6.6399999999994908,6.637999999999491,0.011989317046096525,0.0040415170724289063,0
6.6599999999994886,6.6579999999994888,0.012847765613315102,0.0043764349769114825,0
6.6799999999994863,6.6779999999994866,0.013703172506309567,0.0047078405125540882,0
6.6999999999994841,6.6979999999994844,0.014500510367273721,0.0050296602350962281,0
6.7199999999994819,6.7179999999994822,0.015321048452375837,0.0052090911597737983,0
6.7399999999994797,6.73799999999948,0.016244793887174019,0.0057731309026359239,0
6.7599999999994775,6.7579999999994778,0.017050888657501387,0.0059112230229236779,0
6.7799999999994753,6.7779999999994756,0.017901714343668464,0.0064112946861965793,0
6.7999999999994731,6.7979999999994734,0.018683412731912936,0.0065350775205544782,0
6.8199999999994709,6.8179999999994712,0.019420455919130893,0.0068879328733821429,0
6.8399999999994687,6.8379999999994689,0.02022366318441992,0.0072123616172155543,0
6.8599999999994665,6.8579999999994667,0.021001199368694077,0.0075111485635077288,0
6.8799999999994643,6.8779999999994645,0.021753543438928817,0.0077956835330066521,0
6.8999999999994621,6.8979999999994623,0.022485905836342249,0.0080716962414762259,0
6.9199999999994599,6.9179999999994601,0.023197466847694231,0.0083401572241060592,0
6.9399999999994577,6.9379999999994579,0.023890724772640839,0.0086022781939341982,0
6.9599999999994555,6.9579999999994557,0.024565300539301383,0.0088579481774601811,0
6.9799999999994533,6.9779999999994535,0.025220168725408436,0.0091067179978026012,0
6.9999999999994511,6.9979999999994513,0.025854210351948303,0.0093480799634277599,0
7.0199999999994489,7.0179999999994491,0.026466100248141861,0.0095814585347242381,0
7.0399999999994467,7.0379999999994469,0.02705549331227004,0.0098066440437646289,0
7.0599999999994445,7.0579999999994447,0.027619479525116997,0.010022530028402664,0
7.0799999999994423,7.0779999999994425,0.02816067764519916,0.010229982687442303,0
7.0999999999994401,7.0979999999994403,0.028675252003843611,0.010427623658809273,0
7.1199999999994379,7.1179999999994381,0.029162498373242245,0.010615136965199713,0
7.1399999999994357,7.1379999999994359,0.029621737939544222,0.01079223948908889,0
7.1599999999994335,7.1579999999994337,0.03005131424062172,0.010958307882440918,0
7.1799999999994313,7.1779999999994315,0.030453778957723044,0.011114228912363872,0
7.1999999999994291,7.1979999999994293,0.030824384510410145,0.011258325785145514,0
7.2199999999994269,7.2179999999994271,0.031163373927949843,0.011390619163862236,0
7.2399999999994247,7.2379999999994249,0.031470046709724447,0.011510837789030807,0
7.2599999999994225,7.2579999999994227,0.031663287053195856,0.011543430644986589,0
7.2799999999994203,7.2779999999994205,0.031935423073595537,0.011695251385746246,0
7.2999999999994181,7.2979999999994183,0.032165181471370465,0.011796619109571919,0
7.3199999999994159,7.3179999999994161,0.032341372973724213,0.011868312536533443,0
7.3399999999994137,7.3379999999994139,0.03247215749149001,0.011920824343446639,0
7.3599999999994115,7.3579999999994117,0.032563500506214114,0.011958460737845154,0
7.3799999999994093,7.3779999999994095,0.032616769082075156,0.011982220108858525,0
7.3999999999994071,7.3979999999994073,0.032631542338995546,0.011991980354815536,0
7.4199999999994048,7.4179999999994051,0.032606903880991987,0.011987327723129096,0
7.4399999999994026,7.4379999999994029,0.032541862678982514,0.011967812138155435,0
7.4599999999994004,7.4579999999994007,0.032435455295471899,0.011933008294320648,0
7.4799999999993982,7.4779999999993985,0.03228675864715045,0.011882522556113136,0
7.499999999999396,7.4979999999993963,0.032094884376794655,0.011815988385260637,0
7.5199999999993938,7.5179999999993941,0.031858971970247361,0.011733060909550114,0
7.5399999999993916,7.5379999999993919,0.031578183338904553,0.011633412483611792,0
7.5599999999993894,7.5579999999993897,0.031251698748098307,0.011516729243562203,0
7.5799999999993872,7.5779999999993874,0.030771658716417977,0.01131001622076825,0
7.599999999999385,7.5979999999993852,0.030398600130546734,0.011210140719071419,0
7.6199999999993828,7.617999999999383,0.029945968244135011,0.011051955407023108,0
7.6399999999993806,7.6379999999993808,0.029429626953848476,0.010863503461466948,0
7.6599999999993784,7.6579999999993786,0.028860171523485016,0.010654487739300347,0
7.6799999999993762,7.6779999999993764,0.028240501706468215,0.010427120471176766,0
7.699999999999374,7.6979999999993742,0.027570420659410701,0.01018138810231101,0
7.7199999999993718,7.717999999999372,0.026849165596471939,0.0099169315407776643,0
7.7399999999993696,7.7379999999993698,0.026075788692669077,0.0096333250638266747,0
7.7599999999993674,7.7579999999993676,0.025249409044297448,0.0093301946757003238,0
7.7799999999993652,7.7779999999993654,0.024369221226426232,0.0090072147752661355,0
7.799999999999363,7.7979999999993632,0.023515786389100349,0.008713729267197802,0
7.8199999999993608,7.817999999999361,0.022505844915170121,0.0083238736297265772,0
7.8399999999993586,7.8379999999993588,0.021447386268800266,0.0079307197019598957,0
7.8599999999993564,7.8579999999993566,0.020341497618892417,0.0075242740484764564,0
7.8799999999993542,7.8779999999993544,0.019181974484810543,0.0070989646322142368,0
7.899999999999352,7.8979999999993522,0.017965179940391977,0.0066524966854852614,0
7.9199999999993498,7.91799999999935,0.016689530736930174,0.0061840430893144128,0
7.9399999999993476,7.9379999999993478,0.015354301938365534,0.0056932796811904347,0
7.9599999999993454,7.9579999999993456,0.013959076470712997,0.0051800126187197398,0
7.9799999999993432,7.9779999999993434,0.012503610148624103,0.0046440630765882196,0
7.999999999999341,7.9979999999993412,0.011031383068724053,0.0041098576742986089,0
8.0199999999993477,8.017999999999347,0.0094420696072641062,0.0035139403750506669,0
8.0399999999993543,8.0379999999993537,0.0078026023868056123,0.0029044651516105385,0
8.059999999999361,8.0579999999993603,0.0061135549359118378,0.0022750515520284921,0
8.0799999999993677,8.077999999999367,0.0044332013951675223,0.0016585764106289481,0
8.0999999999993744,8.0979999999993737,0.0027561727812875384,0.00097644370800324654,0
8.119999999999381,8.1179999999993804,0.0014037172368815787,0.0004472968989906042,0
8.1399999999993877,8.1379999999993871,0.0017817839770389195,0.00052222799963595962,0
8.1599999999993944,8.1579999999993937,0.0024708156689185559,0.00055924792112597337,0
8.1799999999994011,8.1779999999994004,0.0034951170035313539,0.0010221798736337287,0
8.1999999999994078,8.1979999999994071,0.0048653019546206298,0.0015849055013185149,0
8.2199999999994144,8.2179999999994138,0.0060908352817179937,0.0020544174718772033,0
8.2399999999994211,8.2379999999994205,0.007324669039853576,0.0025189087481874194,0
8.2599999999994278,8.2579999999994271,0.0085156438712000893,0.0029639104579724882,0
8.2799999999994345,8.2779999999994338,0.0096576424489215919,0.0033895100579329567,0
8.2999999999994412,8.2979999999994405,0.010752883786201751,0.0037975148593812512,0
8.3199999999994478,8.3179999999994472,0.011804104785915051,0.0041892919777373845,0
8.3399999999994545,8.3379999999994538,0.012926664565148203,0.0046121453903342153,0
8.3599999999994612,8.3579999999994605,0.013819624686248779,0.0049518564819198332,0
8.3799999999994679,8.3779999999994672,0.014761774762028321,0.0053062089779362604,0
8.3999999999994746,8.3979999999994739,0.015664798424625152,0.0056440427743272856,0
8.4199999999994812,8.4179999999994806,0.016525521603245531,0.0059655581393923303,0
8.4399999999994879,8.4379999999994872,0.017348803910828745,0.0062730740916460631,0
8.4599999999994946,8.4579999999994939,0.018137206224851626,0.006567647482355294,0
8.4799999999995013,8.4779999999995006,0.018891798551762533,0.0068496624508241725,0
8.4999999999995079,8.4979999999995073,0.021679131869681626,0.0073646541487224666,0
8.5199999999995146,8.517999999999514,0.030286505377702676,0.0081862810456656381,0
8.5399999999995213,8.5379999999995206,0.039488547101511111,0.01110137516172487,0
8.559999999999528,8.5579999999995273,0.047335311669437309,0.014314049795057484,0
8.5799999999995347,8.577999999999534,0.053489989767684105,0.016761144761907012,0
8.5999999999995413,8.5979999999995407,0.058185522511536268,0.018573518039063996,0
8.619999999999548,8.6179999999995474,0.061519102260058536,0.019822445457057001,0
8.6399999999995547,8.637999999999554,0.063601057987812057,0.020563342736383678,0
8.6599999999995614,8.6579999999995607,0.064544460344414981,0.020845194263758585,0
8.6799999999995681,8.6779999999995674,0.064460901854490382,0.020712730212217333,0
8.6999999999995747,8.6979999999995741,0.06345911421659102,0.020207146114464666,0
8.7199999999995814,8.7179999999995808,0.06164549963504206,0.019366695165534978,0
8.7399999999995881,8.7379999999995874,0.059125854285578365,0.018227303978683346,0
8.7599999999995948,8.7579999999995941,0.055824840524228266,0.0167841739880463,0
8.7799999999996015,8.7779999999996008,0.052434534739556921,0.015222925353195702,0
8.7999999999996081,8.7979999999996075,0.048671338122015899,0.013470972242507959,0
8.8199999999996148,8.8179999999996141,0.044279662992319689,0.011372465686494559,0
8.8399999999996215,8.8379999999996208,0.039982150448260839,0.011009281182681204,0
8.8599999999996282,8.8579999999996275,0.035877832167771587,0.010800433405362695,0
8.8799999999996349,8.8779999999996342,0.032195169337917447,0.010577048612708348,0
8.8999999999996415,8.8979999999996409,0.029229013159763596,0.010343860287119498,0
8.9199999999996482,8.9179999999996475,0.027410256190408114,0.010104310531972712,0
8.9399999999996549,8.9379999999996542,0.026916582426363096,0.0098535905227384937,0
8.9599999999996616,8.9579999999996609,0.027819755346393259,0.0095987661743361166,0
8.9799999999996682,8.9779999999996676,0.03002645247024565,0.0093399357105920042,0
8.9999999999996749,8.9979999999996743,0.032865299137020569,0.0094765188339020964,0
9.0199999999996816,9.0179999999996809,0.036236488159712303,0.011544589845292627,0
9.0399999999996883,9.0379999999996876,0.039921532406627519,0.013574933307471948,0
9.059999999999695,9.0579999999996943,0.043302852215349581,0.015249922403751058,0
9.0799999999997016,9.077999999999701,0.046514718502741664,0.016789870222608801,0
9.0999999999997083,9.0979999999997077,0.049346302948989257,0.018110347807972927,0
9.119999999999715,9.1179999999997143,0.051658152250968765,0.019168761853484009,0
9.1399999999997217,9.137999999999721,0.053342188550299478,0.019934300270458356,0
9.1599999999997284,9.1579999999997277,0.0543057341320674,0.020378409126130259,0
9.179999999999735,9.1779999999997344,0.054298831325581026,0.020363873193587432,0
9.1999999999997417,9.197999999999741,0.053729714577350915,0.020182606091085156,0
9.2199999999997484,9.2179999999997477,0.05210556707885855,0.019509416355471376,0
9.2399999999997551,9.2379999999997544,0.049256603916825618,0.01824133139602108,0
9.2599999999997618,9.2579999999997611,0.045828443834311443,0.016773522262785695,0
9.2799999999997684,9.2779999999997678,0.04129757942409458,0.014705434264824698,0
9.2999999999997751,9.2979999999997744,0.035967862630734801,0.012083141013337299,0
9.3199999999997818,9.3179999999997811,0.030371034021417383,0.0089001244449811254,0
9.3399999999997885,9.3379999999997878,0.025639322565410006,0.0085793082464722184,0
9.3599999999997952,9.3579999999997945,0.024671800498997771,0.0089311732199355218,0
9.3799999999998018,9.3779999999998012,0.19030215296051664,0.057610988250988072,0
9.3999999999998085,9.3979999999998078,0.15176624178190828,0.04455566298189316,0
9.4199999999998152,9.4179999999998145,0.12638553483068091,0.035485897316180064,0
9.4399999999998219,9.4379999999998212,0.10878693858287969,0.028905311351144609,0
9.4599999999998285,9.4579999999998279,0.094053959047420338,0.023161019391304681,0
9.4799999999998352,9.4779999999998346,0.08169975601430951,0.020678653112764584,0
9.4999999999998419,9.4979999999998412,0.072054284577198965,0.020003340779903463,0
9.5199999999998486,9.5179999999998479,0.063405711711564963,0.019204453543103704,0
9.5399999999998553,9.5379999999998546,0.057390518359720803,0.018735666458600163,0
9.5599999999998619,9.5579999999998613,0.052605998255100983,0.018144736264326746,0
9.5799999999998686,9.577999999999868,0.051878372817015808,0.018556684277765741,0
9.5999999999998753,9.5979999999998746,0.050091561474421467,0.017902721968838381,0
9.619999999999882,9.6179999999998813,0.050858529789421285,0.017737580138623747,0
9.6399999999998887,9.637999999999888,0.053270331032630631,0.018146610369244399,0
9.6599999999998953,9.6579999999998947,0.014122490038234745,0.0037011951297864863,0
9.679999999999902,9.6779999999999013,0.01812395086538509,0.0050848992865638286,0
9.6999999999999087,9.697999999999908,0.012511572826167647,0.0033219857091585057,0
9.7199999999999154,9.7179999999999147,0.047722996092567985,0.014679094807047917,0
9.7399999999999221,9.7379999999999214,0.088230808830968094,0.026910222222047194,0
9.7599999999999287,9.7579999999999281,0.025370939351747203,0.0089105776512674491,0
9.7799999999999354,9.7779999999999347,0.03131712923262743,0.010866103860209874,0
9.7999999999999421,9.7979999999999414,0.038744047808738129,0.013394345370467527,0
9.8199999999999488,9.8179999999999481,0.044967523884513451,0.015928824635097164,0
9.8399999999999554,9.8379999999999548,0.039165148436406415,0.01439741916563411,0
9.8599999999999621,9.8579999999999615,0.068136947955640223,0.020820759820667997,0
9.8799999999999688,9.8779999999999681,0.048108446857332218,0.018158073701982511,0
9.8999999999999755,9.8979999999999748,0.069314321384800148,0.024508342394460116,0
9.9199999999999822,9.9179999999999815,0.070103083843479935,0.025164783525211686,0
9.9399999999999888,9.9379999999999882,0.060188553672995256,0.022409467743232211,0
9.9599999999999955,9.9579999999999949,0.061007425238193851,0.017894005208423686,0
9.9800000000000022,9.9780000000000015,0.083840240523984616,0.031472764814324927,0
10.000000000000009,9.9980000000000082,0.086269460759396635,0.032005374110557143,0
10.020000000000016,10.018000000000015,0.056039410503450057,0.015602665952987219,0
10.040000000000022,10.038000000000022,0.0594385837612856,0.015587893116762723,0
10.060000000000029,10.058000000000028,0.045083089050495677,0.0123757289165489,0
10.080000000000036,10.078000000000035,0.067690101106527442,0.022429059047341226,0
10.100000000000042,10.098000000000042,0.034374226871182287,0.012042667105104642,0
10.120000000000049,10.118000000000048,0.080704427820291316,0.024594820496474563,0
10.140000000000056,10.138000000000055,0.092872321074648156,0.030972944057690639,0
10.160000000000062,10.158000000000062,0.091563394586742564,0.027446102629617115,0
10.180000000000069,10.178000000000068,0.10587123435885869,0.033381432544464157,0
10.200000000000076,10.198000000000075,0.072185642534461414,0.019479164145233163,0
10.220000000000082,10.218000000000082,0.076772582049319416,0.029737245182006922,0
10.240000000000089,10.238000000000088,0.087522259308382727,0.02767844544913942,0
10.260000000000096,10.258000000000095,0.1173764050547768,0.029896245394970933,0
10.280000000000102,10.278000000000102,0.12947773284112965,0.040281063248379434,0
10.300000000000109,10.298000000000108,0.052794319955091262,0.012254258144392634,0
10.320000000000116,10.318000000000115,0.134266370200436,0.030293388062799572,0
10.340000000000122,10.338000000000122,0.12137700847172578,0.04192508494497451,0
10.360000000000129,10.358000000000128,0.23500948279557107,0.090140829923670299,0
10.380000000000136,10.378000000000135,0.22831993068832981,0.085622468808917954,0
10.400000000000142,10.398000000000142,0.23780947632247734,0.078562261943879094,0
10.420000000000149,10.418000000000148,0.14194375022605976,0.048641056680956238,0
10.440000000000156,10.438000000000155,0.10254792933679209,0.044880115614012957,0
10.460000000000163,10.458000000000162,0.23876884840006427,0.080957346487219542,0
10.480000000000169,10.478000000000169,0.23618435302369969,0.080093659097361269,0
10.500000000000176,10.498000000000175,0.24413213462794667,0.082790269802947819,0
10.520000000000183,10.518000000000182,0.14311827361547572,0.045620365577186801,0
10.540000000000189,10.538000000000189,0.26934981566951643,0.091213097605134505,0
10.560000000000196,10.558000000000195,0.25528592074071504,0.086134914615895272,0
10.580000000000203,10.578000000000202,0.16004571828477093,0.049612594748808289,0
10.600000000000209,10.598000000000209,0.14624381316628723,0.043574707487835318,0
10.620000000000216,10.618000000000215,0.20590961149249831,0.066234714560269053,0
10.640000000000223,10.638000000000222,0.28367173104167126,0.095484581969838236,0
10.660000000000229,10.658000000000229,0.28651636032468608,0.096397632356916105,0
10.680000000000236,10.678000000000235,0.106642363711064,0.050053889713983162,0
10.700000000000243,10.698000000000242,0.34618408974494524,0.11910347823366171,0
10.720000000000249,10.718000000000249,0.33452230409071421,0.11543978287570439,0
10.740000000000256,10.738000000000255,0.087560622760414694,0.038687530674385406,0
10.760000000000263,10.758000000000262,0.25666572275777338,0.086100425947455164,0
10.780000000000269,10.778000000000269,0.23366645603234076,0.078907600387241844,0
10.800000000000276,10.798000000000275,0.55857223486424423,0.15438692853336225,0
10.820000000000283,10.818000000000282,0.43562626280017652,0.11620038405056721,0
10.840000000000289,10.838000000000289,0.3679157504029702,0.09935013083578946,0
10.860000000000296,10.858000000000295,0.37418002068995904,0.10052772574012354,0
10.880000000000303,10.878000000000302,0.30855873898130448,0.076977325232011326,0
10.900000000000309,10.898000000000309,0.27445384954952468,0.069784518672481088,0
10.920000000000316,10.918000000000315,0.30569046104210706,0.096404330431665547,0
10.940000000000323,10.938000000000322,0.28000958418847433,0.082835560972200004,0
10.960000000000329,10.958000000000329,0.48829129866856197,0.14921518141758849,0
10.980000000000336,10.978000000000335,0.47492146025232118,0.15502015345764295,0
11.000000000000343,10.998000000000342,0.33753695824479213,0.10764855818379371,0
11.02000000000035,11.018000000000349,0.1718977830292916,0.058072555146066948,0
11.040000000000356,11.038000000000356,0.12638699965555891,0.042880913350246179,0
11.060000000000363,11.058000000000362,0.0918456258004091,0.031644675684004635,0
11.08000000000037,11.078000000000369,0.066124711701789671,0.023252464588099927,0
11.100000000000376,11.098000000000376,0.047579863694570186,0.01702542609548582,0
11.120000000000383,11.118000000000382,0.034621164555565645,0.012332228051034583,0
11.14000000000039,11.138000000000389,0.034467697043241527,0.01188460374785545,0
11.160000000000396,11.158000000000396,0.042152135103333481,0.014355222867464238,0
11.180000000000403,11.178000000000402,0.049301658519143407,0.016698319603796034,0
11.20000000000041,11.198000000000409,0.055398071263698653,0.01878608589093619,0
11.220000000000416,11.218000000000416,0.059798766320203402,0.020286331021712529,0
11.240000000000423,11.238000000000422,0.063085320688990906,0.021377825088396866,0
11.26000000000043,11.258000000000429,0.065305590546202774,0.022092156043053146,0
11.280000000000436,11.278000000000436,0.066373145092794225,0.02240129163213796,0
11.300000000000443,11.298000000000442,0.066431129218935903,0.02232962329349257,0
11.32000000000045,11.318000000000449,0.065542758497430215,0.021899872167724828,0
11.340000000000456,11.338000000000456,0.063782798731576926,0.021133098949098695,0
11.360000000000463,11.358000000000462,0.061236627159631331,0.020053533064616855,0
11.38000000000047,11.378000000000469,0.058050252062625422,0.018756760675658856,0
11.400000000000476,11.398000000000476,0.053992259089312732,0.017060557204129714,0
11.420000000000483,11.418000000000482,0.049639752380293008,0.015185617036384576,0
11.44000000000049,11.438000000000489,0.044996260309958944,0.013130740153637389,0
11.460000000000496,11.458000000000496,0.040190633727028149,0.01090989785580654,0
11.480000000000503,11.478000000000502,0.035435769245949697,0.010344614194770185,0
11.50000000000051,11.498000000000509,0.030924251362711007,0.010240623250945638,0
11.520000000000516,11.518000000000516,0.076982847009997149,0.0355049031709887,0
11.540000000000523,11.538000000000523,0.025963765531512764,0.010732564935939146,0
11.56000000000053,11.558000000000529,0.025889761280617891,0.01060619012269691,0
11.580000000000537,11.578000000000536,0.026494589544368646,0.0099242302008258933,0
11.600000000000543,11.598000000000543,0.019087320336142102,0.0068404599148070913,0
11.62000000000055,11.618000000000549,0.02861952613559756,0.0094818797558343625,0
11.640000000000557,11.638000000000556,0.032773952641717383,0.011713171812883099,0
11.660000000000563,11.658000000000563,0.038485829816633114,0.014156718351752116,0
11.68000000000057,11.678000000000569,0.043270693793044025,0.016140169916088111,0
11.700000000000577,11.698000000000576,0.048058351224553077,0.018113124396631208,0
11.720000000000583,11.718000000000583,0.051912777361284933,0.019661623852728322,0
11.74000000000059,11.738000000000589,0.055206953229881596,0.020996107483278757,0
11.760000000000597,11.758000000000596,0.058129725617794809,0.022118989790948645,0
11.780000000000603,11.778000000000603,0.06005194085340794,0.022890770777915379,0
11.80000000000061,11.798000000000609,0.061062200400540535,0.02330454752117507,0
11.820000000000617,11.818000000000616,0.061970498746362943,0.023449663132747139,0
11.840000000000623,11.838000000000623,0.062943323119958247,0.02322721745802209,0
11.86000000000063,11.858000000000629,0.060599693583543827,0.022355747810554303,0
11.880000000000637,11.878000000000636,0.056936792059159379,0.020728810708747551,0
11.900000000000643,11.898000000000643,0.052813093355384109,0.019473703669162686,0
11.92000000000065,11.918000000000649,0.046071728419339229,0.016463212800587809,0
11.940000000000657,11.938000000000656,0.039136661328359204,0.013733057855013896,0
11.960000000000663,11.958000000000663,0.03061867724191783,0.010037470611487973,0
11.98000000000067,11.978000000000669,0.022161877216543481,0.0070095527452029771,0
12.000000000000677,11.998000000000676,0.016887114638446603,0.0068035548409662921,0
12.020000000000683,12.018000000000683,0.016888513679672312,0.0065627699885494476,0
12.04000000000069,12.038000000000689,0.015825500052184402,0.0062704727705188189,0
12.060000000000697,12.058000000000696,0.014850063808860156,0.0059761118524895972,0
12.080000000000704,12.078000000000703,0.013962004932982035,0.0056649932492667393,0
12.10000000000071,12.09800000000071,0.013063527009831684,0.0053257543598145109,0
12.120000000000717,12.118000000000716,0.012151897561192108,0.0049722999854355443,0
12.140000000000724,12.138000000000723,0.011218763288818736,0.0046061306910792294,0
12.16000000000073,12.15800000000073,0.010257880591532287,0.0042268715158169101,0
12.180000000000737,12.178000000000736,0.0092660408298041869,0.003834131828362551,0
12.200000000000744,12.198000000000743,0.00824249630626025,0.0034276312565545749,0
12.22000000000075,12.21800000000075,0.0072215939593055943,0.0030391508441911528,0
12.240000000000757,12.238000000000756,0.0062709563506933427,0.0026481556166572003,0
12.260000000000764,12.258000000000763,0.0051803037536262107,0.0022000798869698411,0
12.28000000000077,12.27800000000077,0.0040720420581320934,0.0017328189143129313,0
12.300000000000777,12.298000000000776,0.003044456770250462,0.0012806957738618571,0
12.320000000000784,12.318000000000783,0.0022737523153961892,0.00084269071476663444,0
12.34000000000079,12.33800000000079,0.0019389367955894605,0.0004654456151455907,0
12.360000000000797,12.358000000000796,0.0023384688434376602,0.00081615081912058383,0
12.380000000000804,12.378000000000803,0.0037158891066617111,0.0010222446350503941,0
12.40000000000081,12.39800000000081,0.0058636757093506967,0.001691416777176422,0
12.420000000000817,12.418000000000816,0.0080141069947892579,0.0025465044442735838,0
12.440000000000824,12.438000000000823,0.010117468431538617,0.0033201515731093993,0
12.46000000000083,12.45800000000083,0.012126914569015124,0.0040493108769044071,0
12.480000000000837,12.478000000000836,0.014106517509128443,0.0047469136178588996,0
12.500000000000844,12.498000000000843,0.015908809348324771,0.0053890025863211179,0
12.52000000000085,12.51800000000085,0.017637902349153741,0.0060024901898508686,0
12.540000000000857,12.538000000000856,0.019289119113106063,0.0065866193552864983,0
12.560000000000864,12.558000000000863,0.0208640560403681,0.0071424207326003467,0
12.58000000000087,12.57800000000087,0.022365809480411388,0.0076714084617789009,0
12.600000000000877,12.598000000000876,0.023797362250722816,0.0081749788337058052,0
12.620000000000884,12.618000000000883,0.025161224070628242,0.0086542699865629034,0
12.640000000000891,12.63800000000089,0.026459449973844935,0.0091101834757908451,0
12.660000000000897,12.658000000000897,0.02769373478705979,0.0095434376013932929,0
12.680000000000904,12.678000000000903,0.028865502858872859,0.0099546152140229695,0
12.700000000000911,12.69800000000091,0.029975979062013162,0.010344200339171276,0
12.720000000000917,12.718000000000917,0.031026242641384656,0.010712605322101958,0
12.740000000000924,12.738000000000923,0.032017267632108673,0.011060190885158753,0
12.760000000000931,12.75800000000093,0.032949953006464833,0.011387280942289101,0
12.780000000000937,12.778000000000937,0.033825145048737876,0.011694173527172459,0
12.800000000000944,12.798000000000943,0.034643653866333834,0.011981148832370784,0
12.820000000000951,12.81800000000095,0.035291259985824885,0.012209341893733679,0
12.840000000000957,12.838000000000957,0.036074514732394099,0.012495792831979614,0
12.860000000000964,12.858000000000963,0.036744928530595022,0.012734025952462898,0
12.880000000000971,12.87800000000097,0.037344431059385577,0.012944070450050315,0
12.900000000000977,12.898000000000977,0.037887574119819106,0.013133440259847719,0
12.920000000000984,12.918000000000983,0.038378861258057374,0.013304537025338081,0
12.940000000000991,12.93800000000099,0.038819583908381021,0.013457921025935848,0
12.960000000000997,12.958000000000997,0.039051434848995197,0.013537475676980396,0
12.980000000001004,12.978000000001003,0.039505022503070163,0.013705552750805513,0
13.000000000001011,12.99800000000101,0.039831322084852544,0.013824981580237096,0
13.020000000001017,13.018000000001017,0.040080626190997247,0.013912817130293045,0
13.040000000001024,13.038000000001023,0.04027391322667296,0.013978690103238732,0
13.060000000001031,13.05800000000103,0.040419345243968188,0.014027074541557258,0
13.080000000001037,13.078000000001037,0.040520039305891348,0.014059642063180208,0
13.100000000001044,13.098000000001043,0.040576348928406655,0.014076672423608294,0
13.120000000001051,13.11800000000105,0.040589397311564468,0.014078515388544438,0
13.140000000001058,13.138000000001057,0.04055967970051029,0.014065315314228088,0
13.160000000001064,13.158000000001064,0.040487626511530511,0.014037189394803494,0
13.180000000001071,13.17800000000107,0.040375022491150589,0.013994632889949973,0
13.200000000001078,13.198000000001077,0.04022191806552336,0.01393782980728862,0
13.220000000001084,13.218000000001084,0.040029072014493607,0.013866964422607375,0
13.240000000001091,13.23800000000109,0.039797250652444029,0.013782277270241354,0
13.260000000001098,13.258000000001097,0.039527287999843605,0.013684000865541947,0
13.280000000001104,13.278000000001104,0.039219969224127377,0.013572490608931172,0
13.300000000001111,13.29800000000111,0.038801585981058692,0.013437555273146315,0
13.320000000001118,13.318000000001117,0.038478913009893201,0.013309012072253728,0
13.340000000001124,13.338000000001124,0.038078262348701257,0.013165178786894006,0
13.360000000001131,13.35800000000113,0.037630999850709258,0.013005144571489158,0
13.380000000001138,13.378000000001137,0.037147272757788015,0.01283171379180139,0
13.400000000001144,13.398000000001144,0.036630530471910117,0.01264588655147229,0
13.420000000001151,13.41800000000115,0.036083473640086225,0.012449120456104983,0
13.440000000001158,13.438000000001157,0.035507193443752742,0.012241841975832989,0
13.460000000001164,13.458000000001164,0.034901224370927214,0.012024375969270321,0
13.480000000001171,13.47800000000117,0.034267519244948683,0.011797060177337388,0
13.500000000001178,13.498000000001177,0.033608509458786295,0.01156067853217323,0
13.520000000001184,13.518000000001184,0.032921336570401874,0.011314471408542245,0
13.540000000001191,13.53800000000119,0.032207721552404367,0.011058849944696181,0
13.560000000001198,13.558000000001197,0.031469281800738193,0.010794674343639024,0
13.580000000001204,13.578000000001204,0.030680262110045299,0.010601642196649535,0
13.600000000001211,13.59800000000121,0.030003373737065755,0.010170624663606876,0
13.620000000001218,13.618000000001217,0.029057433526058874,0.010031704207262543,0
13.640000000001224,13.638000000001224,0.028292843913563834,0.0096819995237279292,0
13.660000000001231,13.65800000000123,0.027430511483054552,0.0093554848122004777,0
13.680000000001238,13.678000000001237,0.02660610374372567,0.009017872514225575,0
13.700000000001245,13.698000000001244,0.025629011459253188,0.008713571070684923,0
13.720000000001251,13.718000000001251,0.024720458998078447,0.0083966949381917028,0
13.740000000001258,13.738000000001257,0.02432660011323879,0.0079645612308795882,0
13.760000000001265,13.758000000001264,0.048148158883675782,0.019402367981232689,0
13.780000000001271,13.778000000001271,0.035776851817565875,0.013396634469118566,0
13.800000000001278,13.798000000001277,0.032251801940158482,0.011717023081285813,0
13.820000000001285,13.818000000001284,0.02908224717060158,0.010175595558911366,0
13.840000000001291,13.838000000001291,0.026605801591039441,0.0090309165519631331,0
13.860000000001298,13.858000000001297,0.022752747451224437,0.0072224803087275625,0
13.880000000001305,13.878000000001304,0.020617309918494128,0.0062745235769215701,0
13.900000000001311,13.898000000001311,0.019216406263269117,0.0057508112055967391,0
13.920000000001318,13.918000000001317,0.016903685733201002,0.0046871425229919449,0
13.940000000001325,13.938000000001324,0.015430516394374155,0.0041507090604332841,0
13.960000000001331,13.958000000001331,0.01379962428019758,0.0036637022296376427,0
13.980000000001338,13.978000000001337,0.012341541610742286,0.0032444128431624105,0
14.000000000001345,13.998000000001344,0.011748147900526664,0.0032152282967146143,0
14.020000000001351,14.018000000001351,0.0099862731144731518,0.003094380763962143,0
14.040000000001358,14.038000000001357,0.0086031758070579875,0.0024670909552447625,0
14.060000000001365,14.058000000001364,0.0088215083244151862,0.0027206867383716528,0
14.080000000001371,14.078000000001371,0.0066577381751950849,0.0015893851982219571,0
14.100000000001378,14.098000000001377,0.0065412788503103458,0.001800395907537289,0
14.120000000001385,14.118000000001384,0.0056443644139091333,0.0013986665450559886,0
14.140000000001391,14.138000000001391,0.0050614185327629803,0.0011595870804419752,0
14.160000000001398,14.158000000001397,0.0048408261877418276,0.0011507621618345987,0
14.180000000001405,14.178000000001404,0.0047656124633715519,0.001142730282458215,0
14.200000000001411,14.198000000001411,0.0050185523063689137,0.0011369562391654524,0
14.220000000001418,14.218000000001418,0.0055003025714782088,0.0015428130982633611,0
14.240000000001425,14.238000000001424,0.0060864189328215731,0.0019032546312666434,0
14.260000000001432,14.258000000001431,0.00700181852344719,0.0023824510161398228,0
14.280000000001438,14.278000000001438,0.0075285717284881409,0.0025589300265995781,0
14.300000000001445,14.298000000001444,0.0082780740329155035,0.0028438037954366343,0
14.320000000001452,14.318000000001451,0.0091353534353701919,0.0031859445357072099,0
14.340000000001458,14.338000000001458,0.010047610270809991,0.0035472439026384378,0
14.360000000001465,14.358000000001464,0.010985448953952728,0.0039115455695906435,0
14.380000000001472,14.378000000001471,0.011933133469582555,0.0042726627429020584,0
14.400000000001478,14.398000000001478,0.012882732239280112,0.0046284818482220397,0
14.420000000001485,14.418000000001484,0.013830039357183185,0.0049784543888876411,0
14.440000000001492,14.438000000001491,0.014772518466606757,0.005322562854485317,0
14.460000000001498,14.458000000001498,0.015708392303721983,0.0056609211964669887,0
14.480000000001505,14.478000000001504,0.016636253325432698,0.0059936334439690863,0
14.500000000001512,14.498000000001511,0.017554893488518769,0.006320752240909033,0
14.520000000001518,14.518000000001518,0.018463225746340069,0.0066422740173500104,0
14.540000000001525,14.538000000001524,0.019360245420798582,0.0069581463266609606,0
14.560000000001532,14.558000000001531,0.020245009868058907,0.0072682781182164535,0
14.580000000001538,14.578000000001538,0.021116626331609024,0.0075725495447791337,0
14.600000000001545,14.598000000001544,0.021974246748094572,0.0078708202845212388,0
14.620000000001552,14.618000000001551,0.022817059234378653,0.0081629359778232595,0
14.640000000001558,14.638000000001558,0.023644285939061743,0.0084487332093666507,0
14.660000000001565,14.658000000001564,0.024455179052698072,0.0087280430868125133,0
14.680000000001572,14.678000000001571,0.025249017442086647,0.0090006937802536886,0
14.700000000001578,14.698000000001578,0.026172488500569534,0.009368742648400959,0
14.720000000001585,14.718000000001584,0.026589142969835004,0.0094270629673159252,0
14.740000000001592,14.738000000001591,0.027598936546558268,0.0098386746395464093,0
14.760000000001599,14.758000000001598,0.028167807186150574,0.010009772842347024,0
14.780000000001605,14.778000000001605,0.028832148723248983,0.010227113098821725,0
14.800000000001612,14.798000000001611,0.02950784439865688,0.010466696151041916,0
14.820000000001619,14.818000000001618,0.030142954133285191,0.010673222425332196,0
14.840000000001625,14.838000000001625,0.030777259081907149,0.010886364059439298,0
14.860000000001632,14.858000000001631,0.031392764812877207,0.011094039213367135,0
14.880000000001639,14.878000000001638,0.031984630361349929,0.011293230073576431,0
14.900000000001645,14.898000000001645,0.032551468071445128,0.011483250303165009,0
14.920000000001652,14.918000000001651,0.033092755134348624,0.011663963283951433,0
14.940000000001659,14.938000000001658,0.033608150998455946,0.011835339679649113,0
14.960000000001665,14.958000000001665,0.034097318717568152,0.011997349994660147,0
14.980000000001672,14.978000000001671,0.034559883552513979,0.012149941361742923,0
15.000000000001679,14.998000000001678,0.034995429655434757,0.012293036151171678,0
15.020000000001685,15.018000000001685,0.035373585807183312,0.012448528195667946,0
15.040000000001692,15.038000000001691,0.035711720446562845,0.012537057289626482,0
15.060000000001699,15.058000000001698,0.036047812148829628,0.012641023032185554,0
15.080000000001705,15.078000000001705,0.036368249310336734,0.012744161108197727,0
15.100000000001712,15.098000000001711,0.036663080087659873,0.012839437467828695,0
15.120000000001719,15.118000000001718,0.036928202543274093,0.012924505393525186,0
15.140000000001725,15.138000000001725,0.037162199293841618,0.012998731527899786,0
15.160000000001732,15.158000000001731,0.037364483809413998,0.013061961765238213,0
15.180000000001739,15.178000000001738,0.037534632711473927,0.013114126698053719,0
15.200000000001745,15.198000000001745,0.03767221242917676,0.013155145716823403,0
15.220000000001752,15.218000000001751,0.037776753367612395,0.013184914354577148,0
15.240000000001759,15.238000000001758,0.037847754986618118,0.013203308174125619,0
15.260000000001765,15.258000000001765,0.037884692955352663,0.013210187402545686,0
15.280000000001772,15.278000000001771,0.037887024197664106,0.013205400177593996,0
15.300000000001779,15.298000000001778,0.037854190316087125,0.01318878476539106,0
15.320000000001786,15.318000000001785,0.037785620089767546,0.013160171176890849,0
15.340000000001792,15.338000000001792,0.037680731375521671,0.013119382386034958,0
15.360000000001799,15.358000000001798,0.037396202877284006,0.013042408103518257,0
15.380000000001806,15.378000000001805,0.037200343231651778,0.012967018578436578,0
15.400000000001812,15.398000000001812,0.036980580577236966,0.012886707247420089,0
15.420000000001819,15.418000000001818,0.036724465847058262,0.012795114840172773,0
15.440000000001826,15.438000000001825,0.036428974392472009,0.012690487870610993,0
15.460000000001832,15.458000000001832,0.036093230061690788,0.012572360900232265,0
15.480000000001839,15.478000000001838,0.035716680886696432,0.012440538190674068,0
15.500000000001846,15.498000000001845,0.1078982032242774,0.047755587984185513,0
15.520000000001852,15.518000000001852,0.036951965425233532,0.012413192319914992,0
15.540000000001859,15.538000000001858,0.034435224222086044,0.011823928450106897,0
15.560000000001866,15.558000000001865,0.033461481265810805,0.011547092789164687,0
15.580000000001872,15.578000000001872,0.032823145278328539,0.011340316077766784,0
15.600000000001879,15.598000000001878,0.032219058578041991,0.011134596346562409,0
15.620000000001886,15.618000000001885,0.061989377880749805,0.026557570512766821,0
15.640000000001892,15.638000000001892,0.032244715921346818,0.010921653008185369,0
15.660000000001899,15.658000000001898,0.03027179554962274,0.010379287576376142,0
15.680000000001906,15.678000000001905,0.029195967072531342,0.010041186332430559,0
15.700000000001912,15.698000000001912,0.028306177477212896,0.0097446105247689443,0
15.720000000001919,15.718000000001918,0.027415661596912694,0.0094425703862227803,0
15.740000000001926,15.738000000001925,0.026615936718079172,0.0091718623183998198,0
15.760000000001932,15.758000000001932,0.025578974096634993,0.0088058934711809141,0
15.780000000001939,15.778000000001938,0.024517967232269254,0.0084424555286795686,0
15.800000000001946,15.798000000001945,0.0234127650657311,0.008067417418779364,0
15.820000000001953,15.818000000001952,0.022255521226477549,0.0076754969933171659,0
15.840000000001959,15.838000000001959,0.021043798981635796,0.0072650449192842182,0
15.860000000001966,15.858000000001965,0.01977694102497338,0.0068355999280696597,0
15.880000000001973,15.878000000001972,0.018454722530302173,0.0063869923319469909,0
15.900000000001979,15.898000000001979,0.017076997491814336,0.0059190800772991005,0
15.920000000001986,15.918000000001985,0.015643688266514067,0.0054316933829791428,0
15.940000000001993,15.938000000001992,0.014154891638897788,0.0049246338144284677,0
15.960000000001999,15.958000000001999,0.012611069495585138,0.0043976823786019414,0
15.980000000002006,15.978000000002005,0.011115512778188178,0.0038794311790194993,0
16.000000000002011,15.99800000000201,0.0094537902628838693,0.0033010452221174666,0
16.020000000002,16.018000000002001,0.0077526638174952129,0.0027095556187530416,0
16.040000000001989,16.03800000000199,0.0060242681864028048,0.0021006186756719028,0
16.060000000001978,16.058000000001979,0.0043033819945852902,0.0014717297896410062,0
16.080000000001966,16.078000000001968,0.0027296256127199415,0.00082167929287325437,0
16.100000000001955,16.098000000001957,0.0019580474386451498,0.00046349124027452067,0
16.120000000001944,16.118000000001945,0.0028358355525308575,0.0006646929506292288,0
16.140000000001933,16.138000000001934,0.0054048583580860784,0.0016571982669343114,0
16.160000000001922,16.158000000001923,0.0085391529816105701,0.0027079076157768942,0
16.180000000001911,16.178000000001912,0.011814013929485813,0.0038556593221344662,0
16.2000000000019,16.198000000001901,0.014864180120068652,0.0049290274757104778,0
16.220000000001889,16.21800000000189,0.017610352533975717,0.0058740013899059368,0
16.240000000001878,16.238000000001879,0.020060428513458652,0.0066524506335017075,0
16.260000000001867,16.258000000001868,0.022507272067981365,0.0074525415303068705,0
16.280000000001856,16.278000000001857,0.024857866852283098,0.0082273221363340105,0
16.300000000001845,16.298000000001846,0.027204415575947508,0.0090644958391905839,0
16.320000000001833,16.318000000001835,0.029160736421006601,0.0096842552412227979,0
16.340000000001822,16.338000000001824,0.031134643987464263,0.010332209296269669,0
16.360000000001811,16.358000000001812,0.033026419896056973,0.010957924666809586,0
16.3800000000018,16.378000000001801,0.034813991171382744,0.011549712615400727,0
16.400000000001789,16.39800000000179,0.03649620264423175,0.012106437940950317,0
16.420000000001778,16.418000000001779,0.038135381089233082,0.012679620231049104,0
16.440000000001767,16.438000000001768,0.039573799097396348,0.013169914247104116,0
16.460000000001756,16.458000000001757,0.040871801431166102,0.013584195407770762,0
16.480000000001745,16.478000000001746,0.042152134462839323,0.014006016392891401,0
16.500000000001734,16.498000000001735,0.043349506776673583,0.014402254002615498,0
16.520000000001723,16.518000000001724,0.044452969924731404,0.014767101766790502,0
16.540000000001712,16.538000000001713,0.04546330264315751,0.015100662517446701,0
16.5600000000017,16.558000000001702,0.046254653805507667,0.015298778548365543,0
16.580000000001689,16.57800000000169,0.047266013303261571,0.015662728613019254,0
16.600000000001678,16.598000000001679,0.048033926621388404,0.015919697555597252,0
16.620000000001667,16.618000000001668,0.04868392227312146,0.016132065383430753,0
16.640000000001656,16.638000000001657,0.04924751299379488,0.016315246177988768,0
16.660000000001645,16.658000000001646,0.049730578636507955,0.016471946963187347,0
16.680000000001634,16.678000000001635,0.049906243410895626,0.016449538947575271,0
16.700000000001623,16.698000000001624,0.050510479435379403,0.01669219635482061,0
16.720000000001612,16.718000000001613,0.050808837343429371,0.016796410312313097,0
16.740000000001601,16.738000000001602,0.050973719721754102,0.016847165353778122,0
16.76000000000159,16.758000000001591,0.051056225974760561,0.016869336756116356,0
16.780000000001579,16.77800000000158,0.051068012663835025,0.016868435807359795,0
16.800000000001567,16.798000000001569,0.051011135221067087,0.016845246015867916,0
16.820000000001556,16.818000000001557,0.050532376959216814,0.016587649395211238,0
16.840000000001545,16.838000000001546,0.050729265782242385,0.016709968048168228,0
16.860000000001534,16.858000000001535,0.050565779733337896,0.016667315818776059,0
16.880000000001523,16.878000000001524,0.05024442369991363,0.016557961163374747,0
16.900000000001512,16.898000000001513,0.0498389446865952,0.01641753348805464,0
16.920000000001501,16.918000000001502,0.04937160182096767,0.016256674368561371,0
16.94000000000149,16.938000000001491,0.048847999032784632,0.016077893421457021,0
16.960000000001479,16.95800000000148,0.047766683721469375,0.01560459235118538,0
16.980000000001468,16.978000000001469,0.048174589725341922,0.015917553987473517,0
17.000000000001457,16.998000000001458,0.046593181609800853,0.015231762447021442,0
17.020000000001446,17.018000000001447,0.04622105997889956,0.0151545775844914,0
17.040000000001434,17.038000000001436,0.045550438345123484,0.014947837122721535,0
17.060000000001423,17.058000000001424,0.044729932801067115,0.014677175851454559,0
17.080000000001412,17.078000000001413,0.043827163409174197,0.014374202957953199,0
17.100000000001401,17.098000000001402,0.042870114831185059,0.014052236135890506,0
17.12000000000139,17.118000000001391,0.041869551379768902,0.013716293770130884,0
17.140000000001379,17.13800000000138,0.040210026036032041,0.013069459676788556,0
17.160000000001368,17.158000000001369,0.039674663163905624,0.012925202185741053,0
17.180000000001357,17.178000000001358,0.038782052748247434,0.012658775295822634,0
17.200000000001346,17.198000000001347,0.037706348896828529,0.012315206862489497,0
17.220000000001335,17.218000000001336,0.036525648557160895,0.011926174588401487,0
17.240000000001324,17.238000000001325,0.035280270818849095,0.011510867960439307,0
17.260000000001313,17.258000000001314,0.033992285570095093,0.011079996354188623,0
17.280000000001301,17.278000000001303,0.032386766220457296,0.010511212698894823,0
17.30000000000129,17.298000000001291,0.031280540473200093,0.010143912246813517,0
17.320000000001279,17.31800000000128,0.030036149895442895,0.0097426150323895646,0
17.340000000001268,17.338000000001269,0.028700468590865169,0.0093086709742598393,0
17.360000000001257,17.358000000001258,0.027306428981839635,0.0088507446219262265,0
17.380000000001246,17.378000000001247,0.025872531539501576,0.008376702715076189,0
17.400000000001235,17.398000000001236,0.024410452778601811,0.007892076512333486,0
17.420000000001224,17.418000000001225,0.022927884784875431,0.0074004142506373331,0
17.440000000001213,17.438000000001214,0.021429865664529327,0.0069038763835435508,0
17.460000000001202,17.458000000001203,0.019919689079969882,0.0064037179787697377,0
17.480000000001191,17.478000000001192,0.018399608736269422,0.0059006380140854591,0
17.50000000000118,17.498000000001181,0.016871379009807362,0.0053950234098701332,0
17.520000000001168,17.51800000000117,0.015336667101659854,0.0048871127007562359,0
17.540000000001157,17.538000000001158,0.013797389310068393,0.0043770991273949875,0
17.560000000001146,17.558000000001147,0.012256046330684656,0.0038651896531578414,0
17.580000000001135,17.578000000001136,0.010716176401920538,0.0033516336038536274,0
17.600000000001124,17.598000000001125,0.0091831556261634147,0.0028367317786682608,0
17.620000000001113,17.618000000001114,0.0076658796898122624,0.0023208341568581045,0
17.640000000001102,17.638000000001103,0.0061807802935679645,0.0018043318851197871,0
17.660000000001091,17.658000000001092,0.0047627076927693286,0.0012876472608887842,0
17.68000000000108,17.678000000001081,0.0034981476735981192,0.0009557407049632584,0
17.700000000001069,17.69800000000107,0.0026215968417518929,0.00069486520610841497,0
17.720000000001058,17.718000000001059,0.0025656148029395004,0.00055361101637370737,0
17.740000000001046,17.738000000001048,0.0033674258916512067,0.0007718881380018352,0
17.760000000001035,17.758000000001037,0.004593471060393612,0.0012826636333008639,0
17.780000000001024,17.778000000001025,0.005983437678844343,0.0017908762334321038,0
17.800000000001013,17.798000000001014,0.007895155647932698,0.0025101306522292248,0
17.820000000001002,17.818000000001003,0.0086554917680538163,0.0026639693413367475,0
17.840000000000991,17.838000000000992,0.010747803223293733,0.0034250493815162707,0
17.86000000000098,17.858000000000981,0.011995885587640956,0.0038161981556068683,0
17.880000000000969,17.87800000000097,0.013384237400641813,0.0042505358119313691,0
17.900000000000958,17.898000000000959,0.014834074495968234,0.0047132455618296223,0
17.920000000000947,17.918000000000948,0.016305389337894358,0.0051881478533028517,0
17.940000000000936,17.938000000000937,0.017776683445031898,0.0056647796321877344,0
17.960000000000925,17.958000000000926,0.019236193434284232,0.0061373946689971771,0
17.980000000000913,17.978000000000915,0.020677470050954546,0.0066030826432859025,0
18.000000000000902,17.998000000000903,0.022096962358492598,0.0070604534689609547,0
18.020000000000891,18.018000000000892,0.023492636573135009,0.0075088744121554543,0
18.04000000000088,18.038000000000881,0.025371867732444171,0.0081656428479925328,0
18.060000000000869,18.05800000000087,0.025822865093303969,0.0082050753160086681,0
18.080000000000858,18.078000000000859,0.027876932890308206,0.0089351827807526898,0
18.100000000000847,18.098000000000848,0.028379433529490475,0.0090123568341711358,0
18.120000000000836,18.118000000000837,0.030438944994964082,0.0097477159164282619,0
18.140000000000825,18.138000000000826,0.031361469361400274,0.010014047217648762,0
18.160000000000814,18.158000000000815,0.032464848228812085,0.010348096439559185,0
18.180000000000803,18.178000000000804,0.033611505352304082,0.010705956183508997,0
18.200000000000792,18.198000000000793,0.034750763415318381,0.011066063344607219,0
18.22000000000078,18.218000000000782,0.035862421773884268,0.011418663877202532,0
18.240000000000769,18.23800000000077,0.03693820368590079,0.011759696331710418,0
18.260000000000758,18.258000000000759,0.037974643337741712,0.012087600112655276,0
18.280000000000747,18.278000000000748,0.039341448815451222,0.012553593318107455,0
18.300000000000736,18.298000000000737,0.039618693491253562,0.012569240341051105,0
18.320000000000725,18.318000000000726,0.041089896360511725,0.013082594326931532,0
18.340000000000714,18.338000000000715,0.041721922491111306,0.013257064467857954,0
18.360000000000703,18.358000000000704,0.042479302440162493,0.013483132535254254,0
18.380000000000692,18.378000000000693,0.043251174955721637,0.01372208700622962,0
18.400000000000681,18.398000000000682,0.043993415720664376,0.013954693062150081,0
18.42000000000067,18.418000000000671,0.044690260897418101,0.014173403840480577,0
18.440000000000659,18.43800000000066,0.045336492091399734,0.014375746869020071,0
18.460000000000647,18.458000000000649,0.045930337653184453,0.014561032637061816,0
18.480000000000636,18.478000000000637,0.046470941931548104,0.014729065719422946,0
18.500000000000625,18.498000000000626,0.046957575227975126,0.014879719399895549,0
18.520000000000614,18.518000000000615,0.047389417684928159,0.015012835495403708,0
18.540000000000603,18.538000000000604,0.048014498919846271,0.015117883019548965,0
18.560000000000592,18.558000000000593,0.048185055710704569,0.01516937147571976,0
18.580000000000581,18.578000000000582,0.048419728596367624,0.015236052653893687,0
18.60000000000057,18.598000000000571,0.048622749524308388,0.015294663178530558,0
18.620000000000559,18.61800000000056,0.048770142572245261,0.015337084418065328,0
18.640000000000548,18.638000000000549,0.048855651447377732,0.015360538592062288,0
18.660000000000537,18.658000000000538,0.048877087068941491,0.015364016715453536,0
18.680000000000526,18.678000000000527,0.048833155445637801,0.015347043784710149,0
18.700000000000514,18.698000000000516,0.04893646067093544,0.015394598589279768,0
18.720000000000503,18.718000000000504,0.048355355878905056,0.015162480759417493,0
18.740000000000492,18.738000000000493,0.048450180874989444,0.01522502397746445,0
18.760000000000481,18.758000000000482,0.047987754651994778,0.015056855612815343,0
18.78000000000047,18.778000000000471,0.047567363462880076,0.014916911764931795,0
18.800000000000459,18.79800000000046,0.047106992040220314,0.014769971834611005,0
18.820000000000448,18.818000000000449,0.046713542297643199,0.014653465349866364,0
18.840000000000437,18.838000000000438,0.045980815601363773,0.014401240413652185,0
18.860000000000426,18.858000000000427,0.045272897613353354,0.014173795716997294,0
18.880000000000415,18.878000000000416,0.04451237869794375,0.013934631507370305,0
18.900000000000404,18.898000000000405,0.043674893972657065,0.013672157130450611,0
18.920000000000393,18.918000000000394,0.042754057001936595,0.013383462883994831,0
18.940000000000381,18.938000000000383,0.04174811538698292,0.013067931053861545,0
18.96000000000037,18.958000000000371,0.040656064110143178,0.012725324956376771,0
18.980000000000359,18.97800000000036,0.039476818797038016,0.012355374211575411,0
19.000000000000348,18.998000000000349,0.038108037555238901,0.011923341012673568,0
19.020000000000337,19.018000000000338,0.036842570670357164,0.011541853984718948,0
19.040000000000326,19.038000000000327,0.035415478268025331,0.011098177154908823,0
19.060000000000315,19.058000000000316,0.033874013666621988,0.010614942579364418,0
19.080000000000304,19.078000000000305,0.032113640420918591,0.010059068385414656,0
19.100000000000293,19.098000000000294,0.030488735254071149,0.0095638288012434361,0
19.120000000000282,19.118000000000283,0.0286854091897891,0.0090029015283589961,0
19.140000000000271,19.138000000000272,0.026757723039875756,0.0083988569853559528,0
19.160000000000259,19.158000000000261,0.024724015407632048,0.0077603528126151903,0
19.180000000000248,19.17800000000025,0.022482771535771023,0.007055526471966128,0
19.200000000000237,19.198000000000238,0.020338467289215074,0.0063937595380988317,0
19.220000000000226,19.218000000000227,0.018029892050677395,0.005674269413986046,0
19.240000000000215,19.238000000000216,0.015470085694509013,0.0048741764254271866,0
19.260000000000204,19.258000000000205,0.013029314018469485,0.0041122301477071006,0
19.280000000000193,19.278000000000194,0.01030947168062628,0.003265578619637232,0
19.300000000000182,19.298000000000183,0.007636384815142565,0.002422994830542302,0
19.320000000000171,19.318000000000172,0.0048421168967483861,0.0015359323210640725,0
19.34000000000016,19.338000000000161,0.0020317801177351432,0.00058243654032877367,0
19.360000000000149,19.35800000000015,0.0019469249590367325,0.00048627280169511524,0
19.380000000000138,19.378000000000139,0.004665948021937075,0.0017032616201641008,0
19.400000000000126,19.398000000000128,0.0082886715890488731,0.0032199013582391162,0
19.420000000000115,19.418000000000117,0.011665884088808332,0.0045847635518850988,0
19.440000000000104,19.438000000000105,0.014994717563875239,0.0059082343061464667,0
19.460000000000093,19.458000000000094,0.017871319731983994,0.0070456096724543366,0
19.480000000000082,19.478000000000083,0.020685904305440931,0.0081556522142277408,0
19.500000000000071,19.498000000000072,0.023347411299498456,0.009203201284782735,0
19.52000000000006,19.518000000000061,0.025848735515043249,0.010186171553618137,0
19.540000000000049,19.53800000000005,0.028294014572067545,0.011138475590532309,0
19.560000000000038,19.558000000000039,0.030297843929747718,0.011922658846155886,0
19.580000000000027,19.578000000000028,0.032335359046778901,0.012721558474004337,0
19.600000000000016,19.598000000000017,0.034262344096951468,0.013477493429462402,0
19.620000000000005,19.618000000000006,0.036057442917469228,0.01418175345750174,0
19.639999999999993,19.637999999999995,0.037721731487731912,0.014834878881531408,0
19.659999999999982,19.657999999999983,0.039247556404488126,0.015429571330120949,0
19.679999999999971,19.677999999999972,0.040625642496283837,0.015970939388233379,0
19.69999999999996,19.697999999999961,0.041923362227975255,0.016485441585377673,0
19.719999999999949,19.71799999999995,0.043132302816644749,0.0169616647198302,0
19.739999999999938,19.737999999999939,0.044197021223494906,0.017381472220786863,0
19.759999999999927,19.757999999999928,0.045141436575820391,0.017754447936528712,0
19.779999999999916,19.777999999999917,0.045973367383228568,0.01808371121976397,0
19.799999999999905,19.797999999999906,0.046626946916962349,0.018345132285430246,0
19.819999999999894,19.817999999999895,0.047368554088303504,0.018642803851429926,0
19.839999999999883,19.837999999999884,0.047893009258243663,0.018852823149059124,0
19.859999999999872,19.857999999999873,0.048298121299609177,0.019016035049547294,0
19.87999999999986,19.877999999999862,0.048475457643085702,0.019090001123137548,0
19.899999999999849,19.89799999999985,0.048873275226193939,0.019256270267424682,0
19.919999999999838,19.917999999999839,0.04900639559766333,0.019314209984562694,0
19.939999999999827,19.937999999999828,0.049020588953191481,0.019325153532874739,0
19.959999999999816,19.957999999999817,0.048943306681115212,0.019300518587260708,0
19.979999999999805,19.977999999999806,0.048779208018862062,0.019242129520719648,0
19.999999999999794,19.997999999999795,0.048530228997549767,0.019150687706566621,0
20.019999999999783,20.017999999999784,0.048198317381570939,0.019026915076918581,0
20.039999999999772,20.037999999999773,0.047785528454580652,0.018871584180604584,0
20.059999999999761,20.057999999999762,0.047293968162000377,0.018685489683186677,0
20.07999999999975,20.077999999999751,0.046725784824091107,0.018469443461036607,0
20.099999999999739,20.09799999999974,0.046083172341128874,0.018224275622759734,0
20.119999999999727,20.117999999999729,0.045201008521662256,0.017884546041572962,0
20.139999999999716,20.137999999999717,0.044685874144103785,0.017699034123294564,0
20.159999999999705,20.157999999999706,0.043890625996024293,0.017395162052215633,0
20.179999999999694,20.177999999999695,0.042977688204434365,0.017043781958880122,0
20.199999999999683,20.197999999999684,0.041988315874441025,0.016662173541261885,0
20.219999999999672,20.217999999999673,0.04048010852979661,0.016056177978996288,0
20.239999999999661,20.237999999999662,0.039949049492857235,0.015881598324005541,0
20.25999999999965,20.257999999999651,0.038840897504482386,0.015454444641043241,0
20.279999999999639,20.27799999999964,0.037595556925238756,0.014970691221011563,0
20.299999999999628,20.297999999999629,0.036301511066494062,0.01446776244844793,0
20.319999999999617,20.317999999999618,0.034967758508671468,0.013949292837389602,0
20.339999999999606,20.337999999999607,0.033594097928014321,0.013415025453240666,0
20.359999999999594,20.357999999999596,0.032181277025471654,0.012865123650613836,0
20.379999999999583,20.377999999999584,0.030730898939233732,0.012300114231589169,0
20.399999999999572,20.397999999999573,0.029244850696625833,0.011720634588672936,0
20.419999999999561,20.417999999999562,0.027725138894428035,0.011127356518386342,0
20.43999999999955,20.437999999999551,0.026173894873665938,0.010520981780386102,0
20.459999999999539,20.45799999999954,0.024593408644515185,0.0099022477168204531,0
20.479999999999528,20.477999999999529,0.022986160075449336,0.0092719280116678651,0
20.499999999999517,20.497999999999518,0.021354853163871857,0.008630828847722356,0
20.519999999999506,20.517999999999507,0.019702467917058233,0.0079797829560341715,0
20.539999999999495,20.537999999999496,0.017528884376770523,0.0071054417743950807,0
20.559999999999484,20.557999999999485,0.017166980342990447,0.0069513457759999399,0
20.579999999999472,20.577999999999474,0.014302446323079228,0.0058309528952089767,0
20.599999999999461,20.597999999999463,0.013142553696794589,0.005373592693146789,0
20.61999999999945,20.617999999999451,0.011495585795680724,0.0046989222272488347,0
20.639999999999439,20.63799999999944,0.0097671665907187854,0.0039815655404607971,0
20.659999999999428,20.657999999999429,0.0080824367192464785,0.0032635422887721784,0
20.679999999999417,20.677999999999418,0.0064928089408134663,0.0025503900989890193,0
20.699999999999406,20.697999999999407,0.0050747361573435842,0.0018409809048704003,0
20.719999999999395,20.717999999999396,0.0040010566970314432,0.0011381657894985477,0
20.739999999999384,20.737999999999385,0.0035857163608398199,0.00086056223870618995,0
20.759999999999373,20.757999999999374,0.004030712112575662,0.0012522826833942105,0
20.779999999999362,20.777999999999363,0.0051104835944973132,0.0016424153327253581,0
20.799999999999351,20.797999999999352,0.0065109154856760288,0.0020306785098088485,0
20.819999999999339,20.817999999999341,0.0080604592595423363,0.0024167143605228767,0
20.839999999999328,20.83799999999933,0.0096811904698865161,0.0030589338814063899,0
20.859999999999317,20.857999999999318,0.011335646232169263,0.0037450946842686808,0
20.879999999999306,20.877999999999307,0.013908477505278552,0.0047957620316152437,0
20.899999999999295,20.897999999999296,0.014787844330551169,0.0051501350363367879,0
20.919999999999284,20.917999999999285,0.016286748439797081,0.005748655004413075,0
20.939999999999273,20.937999999999274,0.017906070670470717,0.0063948787366279675,0
20.959999999999262,20.957999999999263,0.019541473213867205,0.0070450076946607437,0
20.979999999999251,20.977999999999252,0.02116736925372021,0.0076895393695196402,0
20.99999999999924,20.997999999999241,0.022773261795361641,0.0083249150320412538,0
21.019999999999229,21.01799999999923,0.024352290457929273,0.0089487701106355528,0
21.039999999999218,21.037999999999219,0.025899585680943839,0.0095594012880725644,0
21.059999999999206,21.057999999999208,0.027411706247625022,0.010155613848892298,0
21.079999999999195,21.077999999999196,0.028886122692210463,0.010736543934264216,0
21.099999999999184,21.097999999999185,0.030320801167633759,0.011301503724740135,0
21.119999999999173,21.117999999999174,0.031713926256346947,0.011849876263304512,0
21.139999999999162,21.137999999999163,0.033063739494480979,0.012381054308264319,0
21.159999999999151,21.157999999999152,0.034368456659558344,0.012894409622856358,0
21.17999999999914,21.177999999999141,0.035626233162766953,0.013389280920895681,0
21.199999999999129,21.19799999999913,0.036835156366716831,0.013864972244348968,0
21.219999999999118,21.217999999999119,0.038625172197748303,0.014591699032706693,0
21.239999999999107,21.237999999999108,0.039069874411512932,0.014744836511376458,0
21.259999999999096,21.257999999999097,0.04005874223971384,0.015131535580613618,0
21.279999999999085,21.277999999999086,0.041074722875907334,0.015533115553998214,0
21.299999999999073,21.297999999999075,0.04203267793533267,0.015912032515038199,0
21.319999999999062,21.317999999999063,0.042923860637732771,0.016264663156149575,0
21.339999999999051,21.337999999999052,0.04374761242129438,0.01659088592764834,0
21.35999999999904,21.357999999999041,0.04450270541949651,0.016890298791317575,0
21.379999999999029,21.37799999999903,0.045187492512925795,0.017162304558888692,0
21.399999999999018,21.397999999999019,0.045800270595137443,0.017406277642622144,0
21.419999999999007,21.417999999999008,0.046339325580517822,0.017621586451662785,0
21.439999999998996,21.437999999998997,0.047116072139778732,0.017943826845058387,0
21.459999999998985,21.457999999998986,0.047168336227174944,0.017956193202669196,0
21.479999999998974,21.477999999998975,0.047461293766151554,0.018075405291136253,0
21.499999999998963,21.497999999998964,0.047706888781797317,0.018177771225501297,0
21.519999999998952,21.517999999998953,0.04786350429390325,0.018245415453627383,0
21.53999999999894,21.537999999998942,0.047929462058068924,0.018277731377854219,0
21.559999999998929,21.55799999999893,0.047905124281722861,0.018274978900979628,0
21.579999999998918,21.577999999998919,0.047789438044997537,0.018236807116493441,0
21.599999999998907,21.597999999998908,0.047662766452915853,0.018200175421517528,0
21.619999999998896,21.617999999998897,0.047291968915095614,0.018059407287511375,0
21.639999999998885,21.637999999998886,0.046893609503274848,0.01791197568637316,0
21.659999999998874,21.657999999998875,0.046399623904989057,0.017727682737977299,0
21.679999999998863,21.677999999998864,0.045801241219531746,0.017502813317744184,0
21.699999999998852,21.697999999998853,0.045097689457667824,0.017237158517274191,0
21.719999999998841,21.717999999998842,0.044287725501664633,0.016930292299551664,0
21.73999999999883,21.737999999998831,0.043369411903729692,0.016581481107361219,0
21.759999999998819,21.75799999999882,0.042398984823235016,0.016216075686487478,0
21.779999999998807,21.777999999998809,0.04123622505813232,0.015773748555852334,0
21.799999999998796,21.797999999998797,0.039998015564881577,0.015302022771990853,0
21.819999999998785,21.817999999998786,0.038612431848338125,0.01477038565153257,0
21.839999999998774,21.837999999998775,0.03705091894877828,0.014168561201076376,0
21.859999999998763,21.857999999998764,0.035464697881028996,0.013562007830049176,0
21.879999999998752,21.877999999998753,0.033719824238597394,0.012892711124552812,0
21.899999999998741,21.897999999998742,0.031848330397528532,0.012174494681117629,0
21.91999999999873,21.917999999998731,0.029849836250553992,0.011407146986695094,0
21.939999999998719,21.93799999999872,0.027720490054824708,0.010589047740844402,0
21.959999999998708,21.957999999998709,0.025457196711124362,0.0097189173186277046,0
21.979999999998697,21.977999999998698,0.023057432346535681,0.0087957095723608311,0
21.999999999998685,21.997999999998687,0.02051891537111928,0.0078184519430728912,0
22.019999999998674,22.017999999998676,0.017795676304803928,0.0067651241548006185,0
22.039999999998663,22.037999999998664,0.014995251975547977,0.0056870585461090938,0
22.059999999998652,22.057999999998653,0.011939980055313529,0.0044998215009984842,0
22.079999999998641,22.077999999998642,0.008913557944803913,0.0033344648549414957,0
22.09999999999863,22.097999999998631,0.0055810157653982638,0.0020269107469375195,0
22.119999999998619,22.11799999999862,0.0022736295467624657,0.00069933777500850579,0
22.139999999998608,22.137999999998609,0.0016279168050225899,0.00054546635998291943,0
22.159999999998597,22.157999999998598,0.0039429025275504242,0.0015014477635912136,0
22.179999999998586,22.177999999998587,0.0058168903890359804,0.0019087805388958352,0
22.199999999998575,22.197999999998576,0.0079736435077911103,0.0023499175662692767,0
22.219999999998564,22.217999999998565,0.010112301287350025,0.002895566435662696,0
22.239999999998552,22.237999999998554,0.012335576017258572,0.0035907108162904532,0
22.259999999998541,22.257999999998543,0.014095254851770381,0.0041769701368620949,0
22.27999999999853,22.277999999998531,0.015951274626161173,0.004761439847660252,0
22.299999999998519,22.29799999999852,0.017743960961914673,0.0053184385842446552,0
22.319999999998508,22.317999999998509,0.019451990246779117,0.0058457425233933817,0
22.339999999998497,22.337999999998498,0.021077329337755742,0.0063451483327415905,0
22.359999999998486,22.357999999998487,0.022759468185237622,0.0068399769746023851,0
22.379999999998475,22.377999999998476,0.024042772092773723,0.0072562548575690706,0
22.399999999998464,22.397999999998465,0.025429569956470294,0.0076815128275636085,0
22.419999999998453,22.417999999998454,0.02676175749298354,0.0080866808348257508,0
22.439999999998442,22.437999999998443,0.028020027674229887,0.0084690675007855157,0
22.459999999998431,22.457999999998432,0.029206314680399029,0.0088297732200879279,0
22.479999999998419,22.477999999998421,0.030323360687846478,0.0091697962850602888,0
22.499999999998408,22.497999999998409,0.031373000851586119,0.0094898156708062825,0
22.519999999998397,22.517999999998398,0.032356630266077047,0.0097903497996441775,0
22.539999999998386,22.537999999998387,0.033275487246540975,0.010071844286121274,0
22.559999999998375,22.557999999998376,0.034130743155275381,0.010334704926640102,0
22.579999999998364,22.577999999998365,0.034923526725014989,0.010579310493274935,0
22.599999999998353,22.597999999998354,0.035654933236802695,0.010806019250455261,0
22.619999999998342,22.617999999998343,0.036326030831773451,0.011015173240769885,0
22.639999999998331,22.637999999998332,0.036937865843029508,0.011207101411142719,0
22.65999999999832,22.657999999998321,0.037491467228043023,0.011382121944377765,0
22.679999999998309,22.67799999999831,0.037987850096544151,0.011540543994145726,0
22.699999999998298,22.697999999998299,0.038428018441203096,0.011682668972810293,0
22.719999999998286,22.717999999998288,0.038812967226086646,0.01180879151477421,0
22.739999999998275,22.737999999998276,0.039143683964297418,0.011919200198185226,0
22.759999999998264,22.757999999998265,0.039421149912087859,0.012014178097342242,0
22.779999999998253,22.777999999998254,0.039646340976030238,0.012094003212656097,0
22.799999999998242,22.797999999998243,0.039820228407525859,0.01215894881551368,0
22.819999999998231,22.817999999998232,0.039677643887551212,0.012144882053574037,0
22.83999999999822,22.837999999998221,0.040093264187984416,0.012257041606601725,0
22.859999999998209,22.85799999999821,0.040139376410855854,0.012285190067448569,0
22.879999999998198,22.877999999998199,0.040099466558227832,0.012290303741568505,0
22.899999999998187,22.897999999998188,0.040017406850978744,0.012282179188706171,0
22.919999999998176,22.917999999998177,0.039894760491204287,0.012261520673405411,0
22.939999999998165,22.937999999998166,0.039730172778952758,0.012228250688926984,0
22.959999999998153,22.957999999998155,0.039523503653456714,0.012182455602105848,0
22.979999999998142,22.977999999998143,0.03927525003856696,0.012124310887207416,0
22.999999999998131,22.997999999998132,0.038986101399310136,0.012054010888314032,0
23.01999999999812,23.017999999998121,0.038656806542673498,0.011971751867917595,0
23.039999999998109,23.03799999999811,0.038288148707596045,0.011877732041866488,0
23.059999999998098,23.057999999998099,0.037880941841513735,0.01177215332318703,0
23.079999999998087,23.077999999998088,0.037436027558758238,0.011655221877706174,0
23.099999999998076,23.097999999998077,0.036954270919256682,0.01152714778399957,0
23.119999999998065,23.117999999998066,0.036436556023607458,0.011388144342072457,0
23.139999999998054,23.137999999998055,0.03588378215761729,0.011238427362565201,0
23.159999999998043,23.157999999998044,0.035296860696471324,0.011078214554883415,0
23.179999999998032,23.177999999998033,0.034676712809554401,0.010907725072273253,0
23.19999999999802,23.197999999998022,0.034024267849021531,0.010727179197901535,0
23.219999999998009,23.21799999999801,0.033340462335109726,0.010536798158416903,0
23.239999999997998,23.237999999997999,0.032626239434283041,0.010336804039769797,0
23.259999999997987,23.257999999997988,0.031882548856261024,0.010127419783675302,0
23.279999999997976,23.277999999997977,0.031110347110395162,0.0099088692417217926,0
23.299999999997965,23.297999999997966,0.030310598093649971,0.0096813772728489532,0
23.319999999997954,23.317999999997955,0.029484274010457959,0.0094451698734334781,0
23.339999999997943,23.337999999997944,0.028632356621916051,0.0092004743263782336,0
23.359999999997932,23.357999999997933,0.027755838882224403,0.0089475193637492886,0
23.379999999997921,23.377999999997922,0.026419947039125646,0.0085008564300228847,0
23.39999999999791,23.397999999997911,0.026490613470330344,0.0085988754604818911,0
23.419999999997898,23.4179999999979,0.024627460709101559,0.0079917445566585112,0
23.439999999997887,23.437999999997889,0.024067655457904687,0.0078450458101239264,0
23.459999999997876,23.457999999997877,0.023151976950477299,0.0075923608244686108,0
23.479999999997865,23.477999999997866,0.022144512322585679,0.0073043163253728735,0
23.499999999997854,23.497999999997855,0.021111569765771998,0.0070004190124967457,0
23.519999999997843,23.517999999997844,0.020063676840616822,0.0066865197926485693,0
23.539999999997832,23.537999999997833,0.019002790849435357,0.0063651813127615156,0
23.559999999997821,23.557999999997822,0.017930413090462245,0.0060378881763689845,0
23.57999999999781,23.577999999997811,0.016848167798690743,0.0057055327459533071,0
23.599999999997799,23.5979999999978,0.015757710813586876,0.0053686281494962733,0
23.619999999997788,23.617999999997789,0.014660799739318676,0.0050274636894991976,0
23.639999999997777,23.637999999997778,0.013559459024600089,0.0046822159941994502,0
23.659999999997765,23.657999999997767,0.012456187096831757,0.0043330199899796109,0
23.679999999997754,23.677999999997756,0.011354223379075212,0.0039800094758156374,0
23.699999999997743,23.697999999997744,0.010257939023907293,0.0036233374335094331,0
23.719999999997732,23.717999999997733,0.008685285273087406,0.0030070119269017493,0
23.739999999997721,23.737999999997722,0.0086041635218475025,0.003111043009298071,0
23.75999999999771,23.757999999997711,0.006794467070194858,0.0023660659839313748,0
23.779999999997699,23.7779999999977,0.0061198966615897731,0.0021318419231766235,0
23.799999999997688,23.797999999997689,0.0056612431436862528,0.0020571502897687205,0
23.819999999997677,23.817999999997678,0.0043860415234862581,0.001323097755271104,0
23.839999999997666,23.837999999997667,0.0039898280458290957,0.0010197000671226734,0
23.859999999997655,23.857999999997656,0.0038488575650669939,0.0010909924625213882,0
23.879999999997644,23.877999999997645,0.0043161567488971377,0.0013294201879284397,0
23.899999999997632,23.897999999997634,0.0044567204675858398,0.0013082445125379414,0
23.919999999997621,23.917999999997622,0.0053023967928760409,0.0014870357253661303,0
23.93999999999761,23.937999999997611,0.0062256813618986563,0.001635432318814817,0
23.959999999997599,23.9579999999976,0.0076296544475462523,0.0019097580065112999,0
23.979999999997588,23.977999999997589,0.007902522984549713,0.0017919552693556546,0
23.999999999997577,23.997999999997578,0.0098017934146716335,0.0023949644357538309,0
24.019999999997566,24.017999999997567,0.010427865894869914,0.0024515995309297984,0
24.039999999997555,24.037999999997556,0.011498561375621604,0.0027520645315126102,0
24.059999999997544,24.057999999997545,0.012630428662949431,0.0031468044866866047,0
24.079999999997533,24.077999999997534,0.013756141545122688,0.0035270482042873402,0
24.099999999997522,24.097999999997523,0.014869781599017085,0.0038974722734482982,0
24.119999999997511,24.117999999997512,0.015972775719150737,0.0042618595106665097,0
24.139999999997499,24.137999999997501,0.017065519312578235,0.0046221868997696593,0
24.159999999997488,24.157999999997489,0.01814733780852994,0.0049792354896239233,0
24.179999999997477,24.177999999997478,0.019217066012822609,0.0053331085621212485,0
24.199999999997466,24.197999999997467,0.020273344373775811,0.0056835433777497916,0
24.219999999997455,24.217999999997456,0.021314743212126886,0.006030092089689295,0
24.239999999997444,24.237999999997445,0.022339820139655745,0.0063722268480413064,0
24.259999999997433,24.257999999997434,0.023347150102179085,0.0067093989933770274,0
24.279999999997422,24.277999999997423,0.024335340577124838,0.0070410696699711034,0
24.299999999997411,24.297999999997412,0.025303037218796516,0.0073667229702960536,0
24.3199999999974,24.317999999997401,0.026248923457434389,0.0076858690137957394,0
24.339999999997389,24.33799999999739,0.02717171669247442,0.0079980417866597452,0
24.359999999997378,24.357999999997379,0.028572751581904605,0.0084315587247064255,0
24.379999999997366,24.377999999997368,0.02892810846201813,0.0086080912731992254,0
24.399999999997355,24.397999999997356,0.029734860536376403,0.0088815412386063653,0
24.419999999997344,24.417999999997345,0.030575439985625671,0.0091625153554767188,0
24.439999999997333,24.437999999997334,0.031382627759581123,0.0094353634827164731,0
24.459999999997322,24.457999999997323,0.032152931659943505,0.0096983290025255946,0
24.479999999997311,24.477999999997312,0.032888178597352651,0.0099511300851171155,0
24.4999999999973,24.497999999997301,0.033588629136004501,0.010193397107679291,0
24.519999999997289,24.51799999999729,0.034253677153897287,0.010424707261969325,0
24.539999999997278,24.537999999997279,0.034882477004075194,0.010644653039320221,0
24.559999999997267,24.557999999997268,0.035863400680410489,0.010998421673777648,0
24.579999999997256,24.577999999997257,0.036027029123445145,0.011059779746013146,0
24.599999999997245,24.597999999997246,0.036504026106642745,0.011217491216752522,0
24.619999999997233,24.617999999997235,0.03699111776143129,0.01138636692428039,0
24.639999999997222,24.637999999997223,0.03743773808477098,0.011546971797087418,0
24.659999999997211,24.657999999997212,0.037838937632563109,0.011694630572139448,0
24.6799999999972,24.677999999997201,0.038194487514769622,0.011827854544278314,0
24.699999999997189,24.69799999999719,0.038675882682209804,0.012043750661636394,0
24.719999999997178,24.717999999997179,0.038793117609694422,0.012060031473675899,0
24.739999999997167,24.737999999997168,0.038983501068830029,0.012125679176663485,0
24.759999999997156,24.757999999997157,0.039151324807714369,0.012194501755555427,0
24.779999999997145,24.777999999997146,0.039273319938102888,0.012251744547399088,0
24.799999999997134,24.797999999997135,0.039500489651765926,0.012376985331539594,0
24.819999999997123,24.817999999997124,0.039384396647966551,0.012322428733233545,0
24.839999999997112,24.837999999997113,0.039331215627344131,0.012312380987903746,0
24.8599999999971,24.857999999997102,0.039328231937470801,0.012356904355388783,0
24.879999999997089,24.87799999999709,0.039135987108831004,0.012277787228495813,0
24.899999999997078,24.897999999997079,0.038929457845611005,0.012220952062466262,0
24.919999999997067,24.917999999997068,0.038676386834803143,0.012155480734913092,0
24.939999999997056,24.937999999997057,0.038366447278763538,0.012072022836055112,0
24.959999999997045,24.957999999997046,0.0379967378028594,0.011968353585974678,0
24.979999999997034,24.977999999997035,0.037566209704769794,0.011844063568250109,0
24.999999999997023,24.997999999997024,0.037074095892257138,0.011699035300278948,0
25.019999999997012,25.017999999997013,0.036662403689456093,0.011618523378995819,0
25.039999999997001,25.037999999997002,0.03581236993293109,0.011269441659516018,0
25.05999999999699,25.057999999996991,0.035203855158355044,0.011123030984622084,0
25.079999999996978,25.07799999999698,0.034474584833929664,0.010909156270793917,0
25.099999999996967,25.097999999996969,0.03366376246731289,0.010659815370035698,0
25.119999999996956,25.117999999996957,0.032782718218312114,0.01038531999788941,0
25.139999999996945,25.137999999996946,0.031833399596882771,0.010088104485833343,0
25.159999999996934,25.157999999996935,0.030815274165517464,0.009768343199485021,0
25.179999999996923,25.177999999996924,0.02972731789725272,0.0094257230358596768,0
25.199999999996912,25.197999999996913,0.028568468055436436,0.0090598800061327048,0
25.219999999996901,25.217999999996902,0.02733768909890846,0.0086704693446206654,0
25.23999999999689,25.237999999996891,0.02603396804685109,0.0082571626157677634,0
25.259999999996879,25.25799999999688,0.024656307218296002,0.0078196397535090258,0
25.279999999996868,25.277999999996869,0.02320372243484119,0.0073575850192445658,0
25.299999999996857,25.297999999996858,0.021675245253687869,0.0068706853365288287,0
25.319999999996845,25.317999999996847,0.019917993860430319,0.0062749454525425847,0
25.339999999996834,25.337999999996835,0.018344440047971838,0.0058134238492619644,0
25.359999999996823,25.357999999996824,0.016603817857764817,0.0052689276436245725,0
25.379999999996812,25.377999999996813,0.014761655466306664,0.0046802726209069206,0
25.399999999996801,25.397999999996802,0.012835349639773987,0.004060710333415268,0
25.41999999999679,25.417999999996791,0.010754972835569381,0.0033760183312809451,0
25.439999999996779,25.43799999999678,0.0086070350034905402,0.0026885587172857548,0
25.459999999996768,25.457999999996769,0.0065787913621889261,0.0020513028936056709,0
25.479999999996757,25.477999999996758,0.0042657350854256211,0.0012955509830547391,0
25.499999999996746,25.497999999996747,0.0020313965757270003,0.00054603527688595888,0
25.519999999996735,25.517999999996736,0.0009956358811203951,0.00046782051424953421,0
25.539999999996724,25.537999999996725,0.0019993182091580285,0.00059044701654116212,0
25.559999999996712,25.557999999996714,0.0017490551315570131,0.0004902823962470498,0
25.579999999996701,25.577999999996702,0.001461067591506972,0.00048074852282458514,0
25.59999999999669,25.597999999996691,0.0012144326946117541,0.00048617313926867955,0
25.619999999996679,25.61799999999668,0.0011474709695266491,0.00047018267128781839,0
25.639999999996668,25.637999999996669,0.0010929553601337807,0.00047297087250471308,0
25.659999999996657,25.657999999996658,0.001041765444484788,0.00047435959866033375,0
25.679999999996646,25.677999999996647,0.00097298076905696755,0.00046681013122907113,0
25.699999999996635,25.697999999996636,0.00097865749114603158,0.00046822836555908621,0
25.719999999996624,25.717999999996625,0.00097871697005989214,0.00046790198212076357,0
25.739999999996613,25.737999999996614,0.00097692473553242609,0.00046762272933109677,0
25.759999999996602,25.757999999996603,0.00097449932810250218,0.00046774667580104241,0
25.779999999996591,25.777999999996592,0.00097175629814168077,0.00046818890241898733,0
25.799999999996579,25.797999999996581,0.00096884272694025162,0.00046878672851984125,0
25.819999999996568,25.817999999996569,0.00096589547576832419,0.00046940315723138049,0
25.839999999996557,25.837999999996558,0.00096304724828466829,0.00046994479774686008,0
25.859999999996546,25.857999999996547,0.00096041229640970408,0.00047035715522449013,0
25.879999999996535,25.877999999996536,0.00095807806529086788,0.00047061594636204376,0
25.899999999996524,25.897999999996525,0.00095610372265827147,0.00047071887720390789,0
25.919999999996513,25.917999999996514,0.0009545223838729449,0.00047067861478033312,0
25.939999999996502,25.937999999996503,0.0009533444618734766,0.00047051698604115891,0
25.959999999996491,25.957999999996492,0.00095256095987008671,0.00047026037871838604,0
25.97999999999648,25.977999999996481,0.00095214650890137944,0.00046993627333430035,0
25.999999999996469,25.99799999999647,0.0009520624088469739,0.00046957081460527293,0
26.019999999996458,26.017999999996459,0.0009522599083392247,0.00046918726170319468,0
26.039999999996446,26.037999999996448,0.00095268378112584734,0.00046880515462586521,0
26.059999999996435,26.057999999996436,0.00095327602159128494,0.00046844003315392495,0
26.079999999996424,26.077999999996425,0.00095397937670118715,0.0004681035318748876,0
26.099999999996413,26.097999999996414,0.00095474040922025993,0.00046780372308321384,0
26.119999999996402,26.117999999996403,0.00095551186175097671,0.00046754559563285297,0
26.139999999996391,26.137999999996392,0.00095625421293156422,0.00046733158228004051,0
26.15999999999638,26.157999999996381,0.0009569364242548329,0.00046716207767551741,0
26.179999999996369,26.17799999999637,0.00095753597597222169,0.00046703592408087896,0
26.199999999996358,26.197999999996359,0.00095803833952968977,0.00046695082662493668,0
26.219999999996347,26.217999999996348,0.00095843606089842921,0.00046690369294472055,0
26.239999999996336,26.237999999996337,0.00095872761864201829,0.00046689092017336895,0
26.259999999996325,26.257999999996326,0.00095891620376523177,0.00046690860561569944,0
26.279999999996313,26.277999999996315,0.00095900852155392366,0.00046695271121939037,0
26.299999999996302,26.297999999996303,0.00095901370752389016,0.00046701918310885625,0
26.319999999996291,26.317999999996292,0.00095894238404634589,0.00046710404469591123,0
26.33999999999628,26.337999999996281,0.0009588058922652933,0.00046720345887691375,0
26.359999999996269,26.35799999999627,0.0009586156890400749,0.00046731377794553315,0
26.379999999996258,26.377999999996259,0.000958382900888451,0.00046743158484840037,0
26.399999999996247,26.397999999996248,0.00095811801356102621,0.00046755371827997489,0
26.419999999996236,26.417999999996237,0.00095783066883658422,0.0004676773008909942,0
26.439999999996225,26.437999999996226,0.00095752955143333924,0.00046779976063550654,0
26.459999999996214,26.457999999996215,0.00095722233418699728,0.00046791884555298169,0
26.479999999996203,26.477999999996204,0.000956915674855892,0.00046803263061456345,0
26.499999999996191,26.497999999996193,0.00095661523515028278,0.00046813953292094399,0
26.51999999999618,26.517999999996182,0.00095632572109907905,0.00046823830646351759,0
26.539999999996169,26.53799999999617,0.00095605093447928449,0.00046832804080628029,0
26.559999999996158,26.557999999996159,0.00095579382476049517,0.00046840814795023916,0
26.579999999996147,26.577999999996148,0.00095555654971222451,0.0004684783467638656,0
26.599999999996136,26.597999999996137,0.00095534052885032665,0.00046853864368453683,0
26.619999999996125,26.617999999996126,0.00095514650496675334,0.00046858930246243536,0
26.639999999996114,26.637999999996115,0.00095497460196106718,0.0004686308140972861,0
26.659999999996103,26.657999999996104,0.00095482438915376515,0.00046866386351163976,0
26.679999999996092,26.677999999996093,0.00095469494262628992,0.00046868929140017488,0
26.699999999996081,26.697999999996082,0.00095458491678082191,0.0004687080589135975,0
26.71999999999607,26.717999999996071,0.00095449260797661971,0.000468721213801299,0
26.739999999996058,26.73799999999606,0.00095441603313524219,0.00046872984593910645,0
26.759999999996047,26.757999999996049,0.00095435299690156889,0.00046873506355695448,0
26.779999999996036,26.777999999996037,0.00095430116715746415,0.00046873795383851424,0
26.799999999996025,26.797999999996026,0.00095425814494627431,0.00046873956158135349,0
26.819999999996014,26.817999999996015,0.00095422153104274168,0.00046874086254196774,0
26.839999999996003,26.837999999996004,0.00095418898833683091,0.00046874274143628923,0
26.859999999995992,26.857999999995993,0.00095415829833951909,0.00046874598309863127,0
26.879999999995981,26.877999999995982,0.00095412740814440806,0.00046875125541592831,0
26.89999999999597,26.897999999995971,0.00095409447063046424,0.00046875910961687625,0
26.919999999995959,26.91799999999596,0.0009540578758464299,0.00046876996702903742,0
26.939999999995948,26.937999999995949,0.00095401626998822093,0.00046878413200290327,0
26.959999999995937,26.957999999995938,0.0009539685703008902,0.0004688017878921399,0
26.979999999995925,26.977999999995927,0.00095391396622404644,0.00046882300589549687,0
26.999999999995914,26.997999999995915,0.0009538519158774169,0.00046884775754218219,0
