time_s,fresh_state_index,base_translation_drift_m,robot_target_minimum_m,robot_target_minimum_censored,continuum_sphere_minimum_m,continuum_actual_minus_task_base_m,continuum_orientation_to_Task_deg,rigid_position_to_terminal_Task_grasp_m,rigid_orientation_to_terminal_Task_grasp_deg,base_orientation_drift_deg,rigid_actual_x_m,rigid_actual_y_m,rigid_actual_z_m,continuum_actual_x_m,continuum_actual_y_m,continuum_actual_z_m,continuum_Task_base_x_m,continuum_Task_base_y_m,continuum_Task_base_z_m
0,0,0,0.38088294669604594,0,0.087099597992335631,0,0,0.36809455434513894,5.2630142203192084e-06,0,1.1944940203126171,-0.56820370359434225,0.095991255573481288,1.9300000000000013,0.62599999999999989,5.3857741901253149e-09,1.9300000000000013,0.62599999999999989,5.3857741901253149e-09
0.02,10,1.5356588863522482e-05,0.37995938967498594,0,0.087075977275297117,6.7831938370059385e-05,0.0018714379462708344,0.36715914251623316,0.00527461994540786,0.0076109997331237373,1.1943690384659444,-0.56726120698975779,0.095800998743200735,1.9300662998942009,0.6259862925116042,-3.3276051566022035e-07,1.9299998788978392,0.6260000514636882,5.3857731542258737e-09
0.040000000000000001,20,5.6575124115213976e-05,0.37749053458271581,0,0.087031861530652704,0.00024652094015107723,0.0066434391597916548,0.3646620287613262,0.011617517912844518,0.027903128966270598,1.1941086866555668,-0.56477424970431378,0.095364591304831312,1.9302435439485988,0.62596902007264954,-1.9900082657091608e-06,1.9299990376500789,0.62600040896112497,5.3857659582512541e-09
0.059999999999999998,30,0.00012157630179027103,0.37360966404859175,0,0.086995012041330311,0.0005275703117302384,0.013475896569026466,0.3607508190096701,0.01100701939928374,0.059613539276861478,1.1937696843642793,-0.5608717795141096,0.094859003299751554,1.9305231455889942,0.6259664249034711,-6.4725129892530662e-06,1.9299967738183768,0.62600137100116715,5.3857465935928994e-09
0.080000000000000002,40,0.00019927081053006554,0.36895388919839617,0,0.08697209307931783,0.00086908931641602389,0.019115338397842484,0.35607033889544948,0.0086656228448642927,0.096941301839369082,1.1936132766865291,-0.55619351641453185,0.09437455178398961,1.9308608513057142,0.62597166324173004,-1.0921701218813119e-05,1.929992404123769,0.62600322795068353,5.3857092155302492e-09
0.10000000000000001,50,0.00027656798740018052,0.36419723372033358,0,0.086961534560457049,0.0012129481316950838,0.021253899026642514,0.35129016439472832,0.0079018084485542855,0.13361775081535221,1.1936189056341135,-0.55141520493683649,0.093893252782206102,1.9311977935016225,0.62597830492379358,-1.5305931893862987e-05,1.9299852642732838,0.6260062621082384,5.3856481417475893e-09
0.12,60,0.00035006129913521842,0.35947280285341687,0,0.086957794477335898,0.001537309704235364,0.019417819143201561,0.34654003574507813,0.0070881378247474765,0.1682025527085679,1.1936117726233253,-0.54666912232258635,0.093393086056478003,1.9315117235534194,0.62598667864221191,-1.8089085468452319e-05,1.9299747087865522,0.62601074777777421,5.3855578508509032e-09
0.14000000000000001,70,0.00042196795334983558,0.35475688607916683,0,0.086947231367743349,0.001843184723571055,0.014232224644935343,0.34179603479491705,0.0058223157524573445,0.20181820743923234,1.193599491793665,-0.54193133581417197,0.092873178930204428,1.9318031213584161,0.62599699056485658,-1.5604123885791672e-05,1.9299601108224211,0.62601695134229485,5.385432980884726e-09
0.16,80,0.00049557285961159177,0.35004212656964029,0,0.086916810402124539,0.0021372164279069281,0.0084753849774530481,0.33705239893521688,0.0048166528424498012,0.23629193923251343,1.193585379377873,-0.53719484999847389,0.092344589334589514,1.9320779933617995,0.62600848275509513,-9.2924971402827114e-06,1.9299408620055651,0.626025131337549,5.3852683278489885e-09
0.17999999999999999,90,0.00057209733626306777,0.34532733238171753,0,0.086858368014603782,0.0024189181424334005,0.0040414206817841114,0.33230913703282428,0.0046765898634096624,0.27235703972450526,1.1935708855814591,-0.532458779291759,0.091815528340633321,1.9323352445481421,0.62602079716645787,-2.1141409210271689e-06,1.9299163722530983,0.62603553852571314,5.385058844215873e-09
0.20000000000000001,100,0.00065076415413224198,0.34061354023653662,0,0.086768449509842305,0.0026777598169405426,0.0010954897377842879,0.32756738459790363,0.0054170520282554148,0.30958142866566413,1.1935567018719353,-0.52772416557071855,0.091286937433986318,1.9325637702759713,0.62603142322902905,5.2950217370349762e-06,1.9298860696011855,0.62604841596907457,5.3847996374466621e-09
0.22,110,0.00073061198852258696,0.33590031364969575,0,0.086653153372241748,0.0028994921519228107,0.00067860881240094288,0.32282662914854432,0.0067211937690038097,0.34740894213176332,1.1935434570539243,-0.52299042853101763,0.090759434020645346,1.9327488028628297,0.6260445440955742,1.1814884817681903e-05,1.9298494000316553,0.62606399910371469,5.3844859685085912e-09
0.23999999999999999,120,0.00081062952211433104,0.33118619067568522,0,0.086520478238102383,0.0030669779948805627,0.0009267271482099786,0.31808520940941726,0.0080736396979571544,0.38526292453332467,1.1935315275964753,-0.51825582266425874,0.090233714116568317,1.9328727007163986,0.62606336728309564,1.6582300239015278e-05,1.9298058272986116,0.62608251581319219,5.3841132503916958e-09
0.26000000000000001,130,0.00088986666909825879,0.32646946611202809,0,0.086377163094048276,0.0031607773738794205,0.00051959825200826606,0.31334114759757697,0.0090265751718420547,0.42261488143265863,1.1935211056504871,-0.51351841898698725,0.08970923577258752,1.9329154985276433,0.62608598181048136,1.9346282231723446e-05,1.9297548327550458,0.62610418650222621,5.3836770466256656e-09
0.28000000000000003,140,0.0009677758685631456,0.32174861961687862,0,0.086230192509801518,0.0031595485980017175,0.0012239076751419198,0.3085927300350888,0.0093506870774697909,0.45916784131639893,1.1935126945007473,-0.5087765800066959,0.08918523919749459,1.9328553516973705,0.62611178794303091,2.0110365792430521e-05,1.9296959151794477,0.62612922417037942,5.3831730697966926e-09
0.29999999999999999,150,0.0010442966135727429,0.31702344287247985,0,0.086088109983203487,0.0030518118482938928,0.0024240045707064864,0.30383973668638592,0.0090490042670846524,0.49489366157597398,1.1935065056604801,-0.50403011409784326,0.08866146996114406,1.9326802526277653,0.62613471280471822,1.9494567085503098e-05,1.9296285906024189,0.62615783448574103,5.3825971800643251e-09
0.32000000000000001,160,0.001119714893601088,0.31229332032440382,0,0.08596428339627224,0.002838541375819543,0.0033258528567094237,0.29908159315596822,0.0082612650437801152,0.52994546691885602,1.1935032468901399,-0.49927847091283173,0.088137723172118723,1.9323906953586596,0.62615826357047033,1.8198631850737985e-05,1.9295523921332836,0.62619021585861012,5.3819453836783143e-09
0.34000000000000002,170,0.0011944720363677248,0.3075567879021468,0,0.085868471302587068,0.0025247552754740984,0.0037772356824245547,0.29431690415098011,0.0071736129651055964,0.56455230807147783,1.1935040651756375,-0.49452027739338889,0.087613795408149939,1.9319913610612522,0.62619407188533349,1.6665503009411183e-05,1.9294668697867015,0.62622655951517903,5.3812138314954675e-09
0.35999999999999999,180,0.0012690039875086776,0.30281353337131561,0,0.085794661269626121,0.0021147447181813629,0.0039350154132725326,0.28954543963069479,0.0059762707490998435,0.59894676166283933,1.1935091608829105,-0.48975531677745843,0.087089580071172651,1.9314860929815174,0.62623882088878302,1.5065714379248504e-05,1.9293715903092787,0.62626704957121571,5.3803988174965001e-09
0.38,190,0.0013437375150313418,0.29806344778170429,0,0.085732543178783926,0.0016145623050274273,0.0039625124085313108,0.28476719259023292,0.0048509897946014341,0.63336433812357318,1.1935184791877347,-0.48498356992605451,0.086565199569950152,1.9308804571960112,0.62628693776719591,1.2673805578195682e-05,1.9292661370061808,0.62631186310574805,5.3794967773028821e-09
0.40000000000000002,200,0.0014190870599751733,0.29330788035194766,0,0.085681827504572455,0.0010869019971711984,0.0037983809019582477,0.27998355990168777,0.0039354031053154635,0.66801270542306423,1.1935312109665979,-0.48020645397301359,0.086040510612784532,1.9302367092673307,0.62633790028034053,1.07549614784141e-05,1.9291501095677437,0.62636117023474569,5.3785042866936928e-09
0.41999999999999998,210,0.0014952913081617599,0.28854852503936257,0,0.085639680349235692,0.00059754458863806915,0.0033862481825235272,0.27519625561172539,0.0032853815624468083,0.70300387402024755,1.1935464251285994,-0.47542569090196213,0.08551548716663912,1.9296201388161403,0.62639201159692415,9.9082342662856973e-06,1.9290231238960867,0.62641513418480443,5.3774180601224706e-09
0.44,220,0.0015724103170301372,0.28378642390484676,0,0.085605148576181567,0.00017387797521235167,0.0029423881498688545,0.270406331220086,0.0029046644270896791,0.73836866644383026,1.1935636232450635,-0.47064232576812337,0.084990220554253509,1.9290571537260572,0.62645145970272653,5.2759519924338065e-06,1.9288848119317235,0.6264739113668284,5.3762349492340606e-09
0.46000000000000002,230,0.0016503988399570544,0.27902299977268225,0,0.085575830514158818,0.00016722538641039377,0.0025611592860564488,0.26561519113033988,0.0027526165507644066,0.77407985684503122,1.1935821316632507,-0.46585776295414255,0.084464748814046822,1.9285689542316979,0.62651648172277619,-2.0509334829434073e-06,1.9287348214801743,0.62653765144971385,5.3749519413814709e-09
0.47999999999999998,240,0.0017242514871038295,0.27451326783002622,0,0.085548601258746748,0.00041930393910564068,0.0022503915352531179,0.2610782099165212,0.0027409059595225327,0.80790533603482717,1.193533594289949,-0.46132701218199096,0.083951775606705623,1.9281541338189288,0.62658521079670082,-8.2330346336155477e-06,1.9285728160385787,0.62660649743403185,5.3735661581427185e-09
0.5,250,0.0017884552957740827,0.27053393261733288,0,0.085525326559946435,0.00059221014310439327,0.0019942427212244055,0.25707247586098797,0.0027706663633679371,0.83741095479511907,1.1933369350555447,-0.45732677918569764,0.083463018528880453,1.9278068026496358,0.62665907943656518,-1.3208631092391431e-05,1.9283984746223057,0.62668058572571184,5.3720748538376821e-09
0.52000000000000002,260,0.0018429304209023581,0.26707667926055378,0,0.085505311211454049,0.0006723310874623533,0.0017472502180947899,0.25358998709396136,0.0028077342973877564,0.86258059550880739,1.1929796682352467,-0.45384874452273466,0.082995626354473009,1.9275396717048472,0.62673936260233309,-1.6098025421409475e-05,1.9282114915915685,0.62676004620972448,5.3704754140449524e-09
0.54000000000000004,270,0.0018893615175853327,0.26404032421165408,0,0.085487782856828509,0.00064816210116561222,0.0014955409447024472,0.2505307952241404,0.0028547285100074715,0.88416139787344827,1.1924756546136954,-0.45079173271739764,0.082549388955340836,1.9273638758890603,0.62682517887896105,-1.431550648637022e-05,1.928011576478033,0.62684500232376494,5.3687653541186824e-09
0.56000000000000005,280,0.0019289201915907491,0.26134950565708914,0,0.085479313996528195,0.00053218158367378536,0.0012656427614138772,0.24782108933545771,0.0029057520975195633,0.90266801175463496,1.1918343156883309,-0.44808038151289203,0.082126327217998132,1.9272667100032537,0.62691664207277642,-1.0360499341369679e-05,1.927798453811433,0.6269355711319361,5.3669423177054403e-09
0.57999999999999996,290,0.0019625304551831543,0.25894118462451665,0,0.085480378898138393,0.00039196829514150626,0.0010766515604403492,0.2453992118820898,0.0029611755216674041,0.91852495412706225,1.1910631629943655,-0.44565164997755136,0.081725878250647449,1.9271803777340719,0.62701387540194897,-7.4044311728419361e-06,1.92757186294618,0.62703186339843131,5.365004075261057e-09
0.59999999999999998,300,0.0019910504146508209,0.25676161641863438,0,0.085487391480486979,0.00026992512987817664,0.00091783645204868071,0.24321294519855521,0.0030350744103420399,0.93212354450979662,1.1901682324715197,-0.44345180093685399,0.081347716949288995,1.9270622453341582,0.62711660884534859,-5.3275414450908897e-06,1.9273315578879762,0.62713398366121809,5.362948522567478e-09
0.62,310,0.0020152865972012822,0.25476367907503716,0,0.085499705370614465,0.00017040271051154193,0.00078175740911584374,0.24121660526821814,0.0031298051639934259,0.94381887050365676,1.1891543843518648,-0.44143372565430916,0.080989541206112153,1.9269078086159539,0.62722491210368148,-3.7772164678467582e-06,1.9270773071204252,0.62724203030572112,5.3607736792496166e-09
0.64000000000000001,320,0.0020360620428023458,0.25290235838194242,0,0.085517041378133429,9.5894335279770825e-05,0.0006630122712219114,0.23936551887292801,0.0032333802357032769,0.95398434247228525,1.1880258958188994,-0.43955241101784587,0.080637531022905606,1.9267145822754217,0.62733894588822192,-2.6433044972480026e-06,1.9268088934316463,0.62735609563850503,5.3584776872921996e-09
0.66000000000000003,330,0.0020541598767234415,0.25113723720035913,0,0.085539364936395634,4.2762636556842598e-05,0.00056078827176013208,0.23762004049297364,0.0033382014595615545,0.96297248893029141,1.1867873616433149,-0.43776743649067096,0.08028093962508126,1.9264870680063961,0.62745892055948771,-1.7865009243961392e-06,1.9265261137408838,0.62747626596095796,5.3560588095566234e-09
0.68000000000000005,340,0.0020702625993414435,0.24943320956989656,0,0.085566743122946542,1.7719608243565087e-05,0.00047459371747075836,0.23594677358445185,0.0034405662731924851,0.97108067618119775,1.1854439854582874,-0.43604370567590794,0.079917202920124178,1.9262304189677801,0.6275850137283332,-1.1154133487980843e-06,1.9262287789251207,0.62760262164297453,5.3535154282977997e-09
0.70000000000000007,350,0.002085007169532891,0.24775801656588303,0,0.085599217703901331,3.6239789338878673e-05,0.00040293593743225556,0.23431519528426797,0.0035356316073455727,0.978584524428049,1.184001422886376,-0.43434896133401701,0.079543663490450181,1.9259482325205151,0.62771736189972138,-5.9182683603192757e-07,1.9259167136456898,0.62773523719663904,5.3508460436810109e-09
0.71999999999999997,360,0.0020989932232065543,0.24608187631052839,0,0.085636802439811338,5.6220585095502471e-05,0.00034414597957052823,0.23269728590679198,0.0036183813532935562,0.98574148598188494,1.1824660087166419,-0.43265341688614062,0.079157895384407109,1.9256429782116786,0.62785606694607843,-1.8794454468282025e-07,1.9255897561748863,0.62787418134990869,5.3480492722987579e-09
0.73999999999999999,370,0.0021127743183012334,0.24437751135948943,0,0.085679487584118169,7.1304209259332471e-05,0.00029742709480027799,0.23106787025807854,0.0036857082981738383,0.99278343022079374,1.1808448770513706,-0.43092979901945255,0.078761062515372737,1.925316671457018,0.62800120757099198,1.3488866160994898e-07,1.9252477582225791,0.62801951712029658,5.3451238456876103e-09
0.76000000000000001,380,0.0021268074852846958,0.24262108162915072,0,0.085727239940829703,8.2241934926863264e-05,0.00026342479901720792,0.22940636233948969,0.0037387205177853481,0.99988358216779238,1.1791457038134103,-0.4291542632839771,0.078366616555190005,1.9249707259722948,0.62815283728097826,4.3039731878872034e-07,1.924890584762823,0.62817130188855475,5.34206860884506e-09
0.78000000000000003,390,0.0021415619147860045,0.24078971223154122,0,0.08578010622195395,8.9875997006649876e-05,0.0002403854245790406,0.22769241079380056,0.0037772929969315844,1.0072257193719705,1.1773774865028106,-0.42730392416571467,0.077982757551544352,1.9246060486805956,0.62831102011968887,6.5005781842027394e-07,1.9245181138604712,0.62832958747235768,5.338882518746369e-09
0.80000000000000004,400,0.002157552327753348,0.23886077087227403,0,0.085838092367619551,9.5122274636142863e-05,0.00022636758095023377,0.22590468558354976,0.0037993817481630772,1.0150256355996434,1.1755510148778152,-0.42535614410742317,0.077608088117746069,1.9242235162530428,0.62847580546339443,7.9652001143971034e-07,1.9241302364977859,0.62849442019998525,5.335564642861423e-09
0.82000000000000006,410,0.0021752795315616077,0.23681310765853136,0,0.085901169140440325,9.8453395831930981e-05,0.00022038608481879287,0.2240230406478862,0.0038040666387600995,1.0234933520500393,1.1736787732248848,-0.42328976525308781,0.077241566551845914,1.9238235286032104,0.62864722008947993,9.1018996041747817e-07,1.9237268564010519,0.62866584098400591,5.3321141576715784e-09
0.83999999999999997,420,0.0021933767810385081,0.23474548998403549,0,0.085969906532228552,9.9746407985777598e-05,0.00021194232175539298,0.22214435642836181,0.0038431945245454833,1.032036448859706,1.1717857549157951,-0.42120356314621904,0.076881785969256128,1.9234057926347328,0.62882482221286784,9.9986433023372386e-07,1.9233078898671869,0.62884388539495983,5.3285303471865157e-09
0.85999999999999999,430,0.002210676914885057,0.23274056088571302,0,0.086045368404783606,9.8842946071912366e-05,0.00020536406570687915,0.22034865680945434,0.0039514811937424038,1.0401616039487651,1.1698903915341294,-0.41918018735824014,0.076522392608272399,1.9229701718025825,0.62900914101604188,1.0516028889237209e-06,1.9228732655903551,0.62902858373504178,5.32481260146109e-09
0.88,440,0.0022279409562060829,0.23075488111690065,0,0.086127649868137091,9.841404173481715e-05,0.00020637317961379938,0.2185923482134115,0.0041002157370275735,1.0482161435311037,1.1679921345634992,-0.41717618920447191,0.076151348311951028,1.9225194141735127,0.62920062481902028,1.0879538166965552e-06,1.922422924488578,0.62921996111178502,5.3209604151121811e-09
0.90000000000000002,450,0.0022472197317180693,0.2286622556060319,0,0.086215964969795555,9.8821041289840316e-05,0.00021885268008431456,0.21675191891773163,0.0042227844790743438,1.0570911752978798,1.1660835047896969,-0.41506534795625694,0.075761610133896096,1.9220538390522885,0.62939929048424303,1.1713030780538152e-06,1.9219568195303462,0.62941803751174341,5.3169733858355448e-09
0.92000000000000004,460,0.0022677481509137142,0.22651336738080136,0,0.086310266764031751,9.8518935912270637e-05,0.00022189903922007146,0.21487736534493329,0.0043469636823618629,1.0664595136096966,1.1641730932128573,-0.41289835329391511,0.075353540295968732,1.9215716049013327,0.62960397387124611,1.301004903555236e-06,1.921474915561233,0.62962282787417556,5.3128512129226621e-09
0.94000000000000006,470,0.0022883538315337255,0.22438408566949716,0,0.086411672290116176,9.8080321697894936e-05,0.00022185304501515821,0.21304266291382398,0.004512764187272705,1.0758235059601542,1.1622707556243828,-0.4107510861817118,0.074927185498220042,1.9210733774779569,0.62981522333862217,1.4272111673319607e-06,1.9209771891305036,0.62983434216472733,5.3085936957775922e-09
0.95999999999999996,480,0.002311218300371184,0.22214386325373364,0,0.086519893339620707,9.7554658952401089e-05,0.00023451904833947,0.21111975264878111,0.0046512279686727999,1.0861203430103417,1.1603773624154146,-0.40849296133229451,0.07448152822360754,1.920559353173225,0.63003384352038272,1.555669056441078e-06,1.9204636283177301,0.63005258544911513,5.3042007324338206e-09
0.97999999999999998,490,0.0023379070273723923,0.21970474836442841,0,0.086634081722267997,9.6585479248622569e-05,0.0002495765983108388,0.20902138116227031,0.0047182700418452886,1.0980219408538261,1.1585044986591759,-0.40603598981087807,0.074016793298863903,1.9200290345477213,0.63025916092805379,1.7043515262241447e-06,1.9199342325594009,0.63027755796680929,5.299672318071113e-09
1,500,0.0023686381877790815,0.21706390324855712,0,0.08675423720622788,9.5224915045248444e-05,0.00026134121484890581,0.20674219284593923,0.0047224402237425389,1.1116263801942372,1.1566725484276374,-0.40337731324637943,0.07353393802051976,1.919482431155096,0.6304908905249148,1.8689715235424312e-06,1.9193890124755346,0.6305092552047169,5.295008543532364e-09
1.02,510,0.0024037117414441797,0.21421415963508753,0,0.086880587424885386,9.3443457712020595e-05,0.00027245949069785796,0.20427149520836083,0.0046719160161611401,1.1270676947352762,1.1549040807631958,-0.40050973751020413,0.073034267834988204,1.9189195628287739,0.63072917817880292,2.0470506821949009e-06,1.9188279896962903,0.63074766797086512,5.2902095938404454e-09
1.04,520,0.0024434216585570096,0.21114944531007754,0,0.087013344971353851,9.1378307441996034e-05,0.00028542611973037018,0.20159839788623149,0.0045729836453916751,1.1444776249061783,1.1532241581552234,-0.39742715787633848,0.072519613613944739,1.918340625327478,0.63097414042982403,2.2386740478545574e-06,1.9182511966885805,0.63099278246808432,5.2852757467150632e-09
1.0600000000000001,530,0.0024880292363987531,0.20786625825576682,0,0.087152683284229898,8.9174078897384825e-05,0.00030094037486438473,0.19871314697573744,0.0044308364887363115,1.1639733024910195,1.1516600895433813,-0.39412603374754962,0.071992373545949478,1.9177458160915632,0.63122579803888812,2.4438174998826514e-06,1.9176586765826835,0.63124458036769127,5.2802073710896016e-09
1.0800000000000001,540,0.0025377452843753168,0.20436458516166736,0,0.087298786763623709,8.6621441403874236e-05,0.00031882930541478419,0.19560794028397699,0.0042498941462812351,1.1856484850674689,1.1502411519328319,-0.3906063142458952,0.071455550679116242,1.9171349691413313,0.63148410959660883,2.6600726142021509e-06,1.9170504829988537,0.63150303888317216,5.2750049256279802e-09
1.1000000000000001,550,0.0025927174159809394,0.20064867464582858,0,0.087451854978103316,8.3856454688791451e-05,0.00033870396067117731,0.19227763052597172,0.0040340122672500121,1.2095670799233438,1.1489981826997033,-0.3868721933598761,0.070912782927371951,1.9165082796480781,0.63174902346004191,2.8844598716516291e-06,1.9164266798739353,0.63176813084386585,5.2696689572414978e-09
1.1200000000000001,560,0.0026479712150327445,0.19697296614464346,0,0.087570827896535947,7.5212563828133105e-05,0.00036628581011298998,0.18894925318776606,0.0037829269947409487,1.2332527451233128,1.1479962573447093,-0.38317801266139678,0.070381881647675906,1.9158595475788285,0.63201909242759291,3.659214528161687e-06,1.9157873412879736,0.63203982476864684,5.2642000996056889e-09
1.1400000000000001,570,0.0027026554161216679,0.19330683495221113,0,0.087684718117701066,6.4291590868992648e-05,0.00041221797298473612,0.18560732706213945,0.0034622589936720693,1.256057002019384,1.1471562559044257,-0.37949325600125827,0.069853699331581809,1.9151930893756546,0.63229675951325603,3.7167451762279178e-06,1.9151325512908259,0.63231808493960895,5.2585990716771701e-09
1.1599999999999999,580,0.0027593285949859283,0.18948058599781933,0,0.08780747849819151,5.6544286423173725e-05,0.00046998979098421858,0.1821041627492983,0.0038913802107378073,1.2790754268228586,1.146407775554388,-0.37564870488401936,0.069313841298698678,1.9145149208634966,0.63258211781417062,2.9194283845096203e-06,1.9144624037287756,0.63260287147574767,5.2528666762104962e-09
1.1799999999999999,590,0.0028184039233881434,0.18550063466126873,0,0.087938288135643639,5.0579871861188264e-05,0.0005417945578906761,0.17843340936765539,0.0058198200654163753,1.3025069161827132,1.1457956844332398,-0.37165103070709932,0.068766259865391782,1.9138234778648138,0.63287426507260458,1.8204981974238139e-06,1.913777002071142,0.63289414040664393,5.2470037982750035e-09
1.2,600,0.0028803139370112384,0.18137208126581666,0,0.088077066217920968,4.5721793871659272e-05,0.00062946456058973993,0.17458582750886875,0.0089570824402262633,1.3265525372578189,1.1453635247203882,-0.36750511201937752,0.068215849774190623,1.9131180936348287,0.63317295723002298,6.0428371406047686e-07,1.9130764592368941,0.63319184374614712,5.2410114037716672e-09
1.22,610,0.0029451992229754149,0.17710816234909479,0,0.088224144517460634,4.1341854555694507e-05,0.00073180305527655596,0.17056417531159415,0.01294633374992483,1.3512648047636808,1.145139148637369,-0.36322395368158955,0.067681460770032592,1.9123982145755933,0.63347815153022513,-7.1613362953985256e-07,1.9123608974212607,0.63349592956605805,5.2348905379499489e-09
1.24,620,0.003013643676157393,0.17272722077452421,0,0.08838018740694692,3.7420810222477818e-05,0.00082498482372628246,0.16637739790303988,0.017267445397882403,1.3771322640926034,1.1451424652618494,-0.35882560845857286,0.067180612926163147,1.9116639616051538,0.63378987025411859,-2.409184327653514e-06,1.911630447922344,0.63380634206981212,5.2286423239246468e-09
1.26,630,0.0030865035198046321,0.16824975646722418,0,0.088545094917934636,3.4585895932375376e-05,0.00088962148765276382,0.16203310483276137,0.02087138269775567,1.4049415934878557,1.1453982251933466,-0.35432996856208387,0.066717243023053679,1.9109158901475751,0.63410754405367398,-4.2218769198928998e-06,1.9108852509677305,0.63412302166616275,5.2222679611927502e-09
1.28,640,0.003162596448458566,0.16373113240121567,0,0.088718805409976176,3.323295199647017e-05,0.00090604734540518643,0.15762331492891571,0.022917141000847036,1.434571268416692,1.1457668351183312,-0.34979219288849273,0.066277606839785425,1.910154185057573,0.63443018420459507,-5.642724205306458e-06,1.9101254555411036,0.63444590504286424,5.2157687241502833e-09
1.3,650,0.0032401206254417374,0.15921680813097017,0,0.08890151656129433,3.2493164918526896e-05,0.00088504088616802755,0.15324031149061129,0.023213232404901616,1.4653756821890056,1.1460909578026865,-0.34525791719777388,0.065847128974126465,1.9093784262216122,0.63475807937994588,-5.6340470384292351e-06,1.9093512192088549,0.63477492524035517,5.2091459606091653e-09
1.3200000000000001,660,0.0033185931837427687,0.15471419776297254,0,0.089094125964534643,3.1731951328377929e-05,0.00084328809643021015,0.1488979316284306,0.022243241383409093,1.4971027019800582,1.1463552924837985,-0.34073483249476522,0.065422371624161563,1.9085884668125808,0.63509203779364776,-4.504269782171609e-06,1.9085627079466969,0.63511001172544113,5.2024010903140505e-09
1.3400000000000001,670,0.0033980978511801018,0.15022339495316886,0,0.089296131416184588,3.1026074553214572e-05,0.00078502803813881926,0.14458802752075878,0.020419968831917396,1.5297818954697828,1.1465879912322783,-0.33622320213148316,0.064989949006925882,1.9077845516782077,0.63543223573826835,-3.0005883368872401e-06,1.9077600959662739,0.63545109046497827,5.1955356034591881e-09
1.3600000000000001,680,0.0034786380423654983,0.14574572884952752,0,0.089505735459131042,3.0604468890237307e-05,0.00071615376223943419,0.14030813109457274,0.01802480014110576,1.5634052073625138,1.146803095696441,-0.33172447965728136,0.064540190811219117,1.9069670607590079,0.63577852702752491,-1.455334714523967e-06,1.9069435655417755,0.63579808399955651,5.1885510592052689e-09
1.3800000000000001,690,0.0035598979429511506,0.1412832090442589,0,0.089722761579248272,3.0302496046489518e-05,0.00065156523269055324,0.13606118843809203,0.015361225130303508,1.5976982619318763,1.1470026434597256,-0.32724081872884275,0.06407366089249053,1.9061359214603477,0.63613074285784199,2.1787230348881262e-07,1.9061133068365466,0.63615091151718217,5.1814490841962738e-09
1.4000000000000001,700,0.0036415279778553859,0.13683773329598989,0,0.089947386858038492,2.9894380491044527e-05,0.00059670044070267078,0.13185078188550037,0.012779352981709957,1.6323520475195141,1.1471873371121986,-0.32277427292025018,0.063593100569877631,1.9052910883069407,0.63648886866250964,1.7909167758922523e-06,1.9052695177297014,0.63650948892696169,5.1742313710763311e-09
1.4199999999999999,710,0.0037237202520695226,0.1324115370056155,0,0.090180007846708904,2.9346062800005467e-05,0.00054002651056397248,0.12768232952613939,0.010354907652028402,1.6675597134960465,1.1473553064612694,-0.31832715601493095,0.063108508420236104,1.9044329864220777,0.63685301062174637,2.8847821646340427e-06,1.9044124036427337,0.63687372893278427,5.1668996770065589e-09
1.4399999999999999,720,0.0038067186914597243,0.12800752917320007,0,0.090420197419225329,2.8702572476822766e-05,0.00050037837199104962,0.1235597125332344,0.0081516444297335729,1.7035362452509784,1.1475091081236535,-0.31390235743343986,0.06262161226875447,1.9035618259836202,0.63722300987703817,4.0348112409254707e-06,1.9035421773661294,0.63724354110700565,5.1594558221819232e-09
1.46,730,0.0038903329359641623,0.12362797253611761,0,0.090667546024452261,2.8011987689457992e-05,0.00049910646380779548,0.11948500059523991,0.0068096238902023501,1.7400864646413197,1.1476537901939952,-0.30950243199963356,0.062125143361669431,1.9026776720850742,0.63759864513108577,5.5469968464869772e-06,1.9026590588859793,0.63761883196413049,5.1519016883480846e-09
1.48,740,0.0039743433914638899,0.11927472253231461,0,0.090921794012784468,2.7261066512695527e-05,0.00052541704661206938,0.11546136018487278,0.0069701681034392091,1.7770016432716194,1.1477915863052732,-0.3051294975233998,0.061616790078415244,1.9017807546166123,0.6379798215207193,7.0900152955593856e-06,1.9017632752105895,0.63799950503449643,5.1442392173182493e-09
1.5,750,0.0040586306562145373,0.11495161243982106,0,0.091190736553251273,4.6529332540574898e-05,0.00056726818186679951,0.11149413584728964,0.0083963134701096568,1.8141632433519088,1.1479238041238307,-0.30078729446905245,0.061097529350815784,1.9008995453652646,0.63837500868393471,8.7686395035155128e-06,1.9008550601970944,0.63838546093795601,5.1364704094900213e-09
1.52,760,0.0041430398087972777,0.11066453172831138,0,0.091493920469517681,0.00015781236452730478,0.00063177980687203236,0.10759052470384452,0.010375968849005291,1.8514250400154995,1.1480515748760327,-0.29648142278662631,0.06056830353365926,1.9000897027907306,0.63880397801751365,1.0730661932273058e-05,1.8999346543780684,0.63877659745756132,5.1285973223622511e-09
1.54,770,0.00422734837169364,0.10641762330542945,0,0.091832897696229321,0.00036902962217648898,0.00079096864057896007,0.10375639693281161,0.012415228227667625,1.888623588895316,1.148175827229998,-0.29221578706191637,0.06003005509742286,1.8993580219661226,0.63926930912376401,1.8335308840093846e-05,1.8990023047881379,0.63917280961324585,5.120622069051888e-09
1.5600000000000001,780,0.0043113031549508454,0.10221370917365612,0,0.092200538381479485,0.00064505946706383966,0.0012565564284799443,0.099996686012977135,0.014280660186512499,1.9256013509106353,1.1482974771994821,-0.28799309252361083,0.059483113396071985,1.8986748014015118,0.63976093981590298,3.2160841210046794e-05,1.898058264790593,0.63957398973550816,5.1125468168108316e-09
1.5800000000000001,790,0.0043946534929281151,0.098055944167964204,0,0.092590473024750902,0.00096063771008377571,0.0021853009862167483,0.096316848896218624,0.015864926105188699,1.9622078387167456,1.1484174380310295,-0.28381645229556057,0.058927400467743002,1.8980187234509425,0.64026563184784058,4.8255015238579907e-05,1.8971027939039997,0.63998002753909544,5.1043737855427802e-09
1.6000000000000001,800,0.0044771409900324606,0.093947964009330392,0,0.092999123306013315,0.0012934960060057713,0.0036168080756013299,0.092722994824724736,0.017117196304699864,1.9982932906311994,1.148536513666105,-0.27968945951351548,0.05836287567452985,1.8973681048658531,0.64077935733614588,6.685599824833917e-05,1.896136157628812,0.64039081019668587,5.0961052463200813e-09
1.6200000000000001,810,0.0045584969282279914,0.089893663070658991,0,0.093423301463396391,0.0016225147033663047,0.0055422889712108334,0.08922161753539945,0.018015816502263731,2.0337061895263626,1.1486555584184877,-0.2756160009169385,0.057789295132519791,1.8967018918895546,0.64129919884412179,8.8675978694047368e-05,1.8951586272739833,0.64080622241257212,5.0877435199005866e-09
1.6400000000000001,820,0.00463884396780085,0.085883545460546135,0,0.093857240829932131,0.0019286791372953654,0.0079402326207264843,0.085795097623936251,0.018530819828014248,2.0684369667602258,1.1487990303873523,-0.27158651576094761,0.057210177405702993,1.8960027828332731,0.64181742448087942,0.00011340302338153542,1.8941704797835788,0.64122614649634468,5.0792909752444964e-09
1.6600000000000001,830,0.0047206198684970084,0.081836806824149053,0,0.094297502615198342,0.002203111984570716,0.010804297545466168,0.082277963835197004,0.018476319778623587,2.1032983046870828,1.1491444162071882,-0.26751972071931512,0.056656671451259535,1.8952625775698098,0.64233109284908385,0.00014114292843968654,1.8931719975633872,0.64165046243657498,5.0707500280312163e-09
1.6799999999999999,840,0.0048049034018559532,0.077717813500992439,0,0.09473842873296176,0.0024300808328498861,0.014143256738123097,0.078566629767411841,0.017723805458439799,2.1385391232208799,1.1498095375455155,-0.26337964831108368,0.056151327108548213,1.8944670159791279,0.64283379137635821,0.00017124575887405384,1.8921634683075332,0.64207904797449811,5.0621231391762032e-09
1.7,850,0.0048909012551189924,0.073560191291558052,0,0.095171763690965833,0.0025935827980064141,0.017684368485535697,0.074677947465259964,0.016369129181824309,2.1737793112843371,1.1507945104119763,-0.25919997169429604,0.055696778807517562,1.8936034946129585,0.64331357695062574,0.0002012617216365878,1.8911451848250884,0.64251177867769649,5.0534128133478197e-09
1.72,860,0.0049780940368351909,0.069397276449054593,0,0.095597138201812148,0.0027182362958106296,0.020713014575508736,0.070622211858609049,0.014638482100240068,2.2087967310459318,1.1521077332371237,-0.25501414154050567,0.055297702861588291,1.8926951076994045,0.64378024869538697,0.00022957766595822207,1.8901174448666844,0.64294852801378266,5.0446215974841814e-09
1.74,870,0.0050659330032917713,0.065264227968946084,0,0.096019003637595024,0.0028213807073403465,0.022849381692554339,0.066409818460744494,0.012759865938293565,2.2433625894123326,1.1537568742656907,-0.2508573596341267,0.054959621679973585,1.8917566923613465,0.64424572648556766,0.00025449044286262348,1.8890805509511239,0.64338916742408259,5.0357520793100117e-09
1.76,880,0.005153843602004749,0.061197343995755868,0,0.096437339318470067,0.0028927401554669223,0.024256641481968148,0.062052635700650761,0.010984431236646859,2.2772476295272255,1.1557463508719661,-0.24676597175432868,0.054688161960774313,1.8907786324423699,0.64470736496414949,0.00027543401945512449,1.8880348101919928,0.64383356639731881,5.0268068858534875e-09
1.78,890,0.0052411925141782837,0.057234026611650168,0,0.096850609774080221,0.0029228364019454485,0.025116044899210977,0.05756712830317981,0.0096653067125573849,2.310199381938066,1.1580736145489048,-0.24277748356341727,0.054490195132427283,1.8897525868259104,0.6451609723155648,0.00029221670133889851,1.8869805341242731,0.64428159254329365,5.0177886819630946e-09
1.8,900,0.0053273269346047203,0.053406968334994358,0,0.097257990426217356,0.0029035602946510478,0.025535732387103213,0.05297718057634223,0.0092871451966195836,2.3419617221407174,1.1607203116812552,-0.23892461566518419,0.054373771565557963,1.8886713834141715,0.64560327384516625,0.00030426167941529172,1.8859180385309533,0.64473311166657221,5.008700168824475e-09
1.8200000000000001,910,0.0054125225960779122,0.049685012620626474,0,0.097659624567004333,0.002833342271787481,0.025602853082283803,0.048333606739669854,0.010091805023760718,2.3728828815467864,1.1635662404082407,-0.2351765089396422,0.054315145905407383,1.8875339144130161,0.64603354262797064,0.00031115267218227244,1.884847643269641,0.64518798784016551,4.9995440824772792e-09
1.8400000000000001,920,0.0054961714218970939,0.046121826180229336,0,0.098053758095432514,0.0027037033373321457,0.025367017042607982,0.043645707885598038,0.011721774536263583,2.4027215962512369,1.1666448227578483,-0.23158663018051501,0.054312754322705138,1.8863326788471413,0.64644800160515192,0.00031295141621259337,1.8837696720991759,0.64564608347921393,4.9903231923320192e-09
1.8600000000000001,930,0.005573676097844437,0.04288971352000754,0,0.098438988405140593,0.0024899455667306129,0.024850310936046602,0.039167799853024328,0.01396861651779879,2.4297893824321597,1.1697623486920561,-0.22832773064352105,0.054355598448568104,1.8850449278262462,0.64683801018957776,0.00030658041040956639,1.8826844525062396,0.64610725941467007,4.9810402996869118e-09
1.8800000000000001,940,0.0056427156801768475,0.04001532904137791,0,0.098815283429060458,0.0021821298079577594,0.024062717635865913,0.035128634808413564,0.016054036463501627,2.4535511075560517,1.1726185283634778,-0.2254270551376753,0.054401642164446276,1.8836613639139597,0.64720074886732837,0.000290896335140639,1.8815923155319698,0.64657137496698169,4.9716982362447395e-09
1.9000000000000001,950,0.0057049718427164909,0.037433548786121484,0,0.099184820801560908,0.0017908104586823721,0.023147051046110326,0.031507825338445081,0.017250023466766323,2.4750133385449171,1.1751760984304609,-0.22281936529673849,0.054435820456171652,1.8821921744236336,0.64753908448403685,0.00026652883619728343,1.8804935955985707,0.64703828801977559,4.9622998626296919e-09
1.9199999999999999,960,0.0057617937774732441,0.035109864706906767,0,0.099554032175512369,0.0013512257185101435,0.022211890114426095,0.028254280305895343,0.017221453871090017,2.4948718928808797,1.1774725724764095,-0.22046991644994754,0.05445952074871109,1.8806712233893021,0.64786183609795167,0.0002355117474602151,1.8793886303359253,0.64750785509354014,4.9528480669042226e-09
1.9399999999999999,970,0.0058137607573434747,0.033021478526040524,0,0.099934369947867085,0.00096211806593314217,0.021071959859887416,0.025331343975571383,0.016276380122917593,2.5133188230984382,1.1795370578359439,-0.21835594729349281,0.054475645575060419,1.8791912221973557,0.64820286045147202,0.00020387102483093662,1.8782777604082077,0.64797993141930843,4.9433457630858974e-09
1.96,980,0.005861228143745319,0.031148003716604304,0,0.10033253803515862,0.00067975920416069675,0.019587059391610012,0.022707967527994696,0.014801399181900616,2.5304203989462613,1.1813931765392933,-0.21645716216554459,0.054486429533993908,1.8778052293724117,0.64858346449287174,0.00017550478514564351,1.8771613293404952,0.64845437101234182,4.9337958896642442e-09
1.98,990,0.0059043100576570791,0.029468394504995995,0,0.10074579754363627,0.00048316171286762779,0.017849137060825197,0.020354335494825078,0.013150907775460701,2.5460824559008897,1.1830621195319624,-0.21475259898108287,0.054493262690748327,1.8764940442817595,0.64899680066894816,0.00015058769648359691,1.8760396833453792,0.64893102674581282,4.9242014081176077e-09
2,1000,0.0059432298984906625,0.027963397223526643,0,0.10117227307777754,0.00035007404536848281,0.016026904860459299,0.018243549228098069,0.01156562120220502,2.560304541622719,1.1845626748766995,-0.21322302060346751,0.054497293976572055,1.8752375838735411,0.64943623096274306,0.00012887307535549691,1.8749131711495783,0.64940975042448834,4.9145653014299935e-09
2.02,1010,0.0059783355133212184,0.026614972785287332,0,0.101608477369524,0.00025978799870231658,0.014277841256180993,0.016350910717053479,0.01009977604992178,2.573188524507851,1.1859116933122111,-0.21185036440564325,0.054499024667826329,1.8740173347368563,0.64989325233177198,0.00011030839789447643,1.87378214382055,0.64989039285841255,4.9048905726079246e-09
2.04,1020,0.0060099606133350719,0.025406714720900073,0,0.10205065805883798,0.00019598503962919281,0.012711884500196375,0.014653963804662265,0.0087754589277920566,2.5848378131743712,1.1871244861971879,-0.21061819591213288,0.054498832280538465,1.87281797576148,0.65036003308218593,9.4866905504485408e-05,1.8726469545931017,0.65037280393659036,4.8951802431972912e-09
2.0600000000000001,1030,0.0060384518392251315,0.024324090198532339,0,0.10249796979089407,0.00015094115574136675,0.011331487515101414,0.013132663992775391,0.0075872452123385437,2.5953785847700428,1.1882148293956882,-0.20951195180207374,0.054497002158562236,1.871632495289135,0.65083379856203838,8.2122471406013059e-05,1.8715079586960039,0.65085683270067063,4.8854373518001981e-09
2.0800000000000001,1040,0.0060641176274241855,0.023354064645110809,0,0.10294996060089659,0.00011935155667594308,0.010116815106703472,0.011768965236313525,0.0065275403607338578,2.6049198350215135,1.1891951756017973,-0.20851856981562533,0.054493782531293042,1.8704563520307784,0.65131286794041932,7.15956303744565e-05,1.8703655131786021,0.65134232741862896,4.8756649525918199e-09
2.1000000000000001,1050,0.0060872311565863023,0.0224849539572494,0,0.10340750620735312,9.7279381885497293e-05,0.009052787881978273,0.010546638625145575,0.005591271767196886,2.6135552652811254,1.1900767627825635,-0.20762634139150599,0.054489404015551558,1.8692863681905272,0.65179595687230329,6.2890645220720049e-05,1.8692199767374271,0.65182913565845124,4.8658661138372475e-09
2.1200000000000001,1060,0.0061080391203153324,0.021706278507904794,0,0.10387654525971984,8.1788624344845081e-05,0.0081261737976518131,0.009451098044751716,0.0047718993957773046,2.6213690991752578,1.1908697131557777,-0.20682476444559497,0.054484063026339999,1.8681203135412512,0.65228206931605637,5.5678691696575482e-05,1.8680717095428092,0.65231710436181622,4.8560439164083415e-09
2.1400000000000001,1070,0.0061267485599537253,0.021008626093824961,0,0.10435691270237268,7.0719217384740225e-05,0.0073289851406482167,0.0084692285955860081,0.0040622453199656208,2.6284259530230942,1.1915831383812425,-0.20610440622323747,0.05447792408032523,1.8669563995303395,0.65277028808745696,4.9726003376164268e-05,1.8669210730654884,0.6528060799177795,4.8462014523005817e-09
2.1600000000000001,1080,0.0061435525844815196,0.020383538828448688,0,0.10484773728683056,6.2628037253988791e-05,0.0066564156704492982,0.0075892394757860436,0.0034543609986812168,2.6347886950664337,1.192225234478937,-0.20545679034563497,0.054471121466478145,1.8657930081561054,0.65325974274373999,4.4840510446040895e-05,1.8657684299032278,0.653295908236456,4.83634182314992e-09
2.1800000000000002,1090,0.0061586441307206734,0.019823483962397307,0,0.10528690195484366,5.6878420169506833e-05,0.0060918380033561717,0.0068005989174909735,0.0029356835192882388,2.6405274842132029,1.19280334556389,-0.20487436836330394,0.054463757183124288,1.8646301442867701,0.65375022014224626,4.0841450481966919e-05,1.8646141436074237,0.65378643482270304,4.8264681387496265e-09
2.2000000000000002,1100,0.0061721997176269298,0.01932172695085313,0,0.10567911534380481,5.2790433895580213e-05,0.0056150207430341629,0.0060938700262768994,0.002493376027727976,2.64570738937143,1.1933240625373776,-0.20435038661235594,0.054455913417165901,1.8634682422456152,0.65424168774414893,3.7562466428652284e-05,1.8634585785097197,0.6542775048498044,4.816583515567146e-09
2.2200000000000002,1110,0.0061843774570103814,0.018872199892497575,0,0.1060823059685671,4.970759668715903e-05,0.0052103376331141694,0.0054605606860163285,0.0021164926428561392,2.6503864160064801,1.193793311451721,-0.20387876254683221,0.054447654853231151,1.8623070937334296,0.65473386744765649,3.485002339156407e-05,1.8623020995486168,0.65476896323315226,4.8066910752609441e-09
2.2400000000000002,1120,0.0061953194037807462,0.018469465272194605,0,0.10649623581146356,4.7233470558962794e-05,0.0048655612549856038,0.004893054876751398,0.0017957066141215143,2.6546165703968723,1.1942164115243623,-0.20345404557111224,0.054439037164341043,1.861146576351703,0.65522649009784528,3.2585736729492456e-05,1.8611450720960867,0.65526065470393113,4.7967939431973605e-09
2.2600000000000002,1130,0.006205152381789758,0.018108631542527509,0,0.10691919758344129,4.524135624434376e-05,0.0045709900846084795,0.0043845059024888106,0.0015229799912443746,2.6584439080989877,1.1945981414354925,-0.20307133243155862,0.054430103752196084,1.8599863156186986,0.65571917933714174,3.0650991734252059e-05,1.859987861784183,0.65575242388280097,4.7868952469674573e-09
2.2800000000000002,1140,0.0062139906898048946,0.017785339900699706,0,0.10734413740229881,4.3616924895101645e-05,0.0043187125315148666,0.003928799679779384,0.0012913861937647424,2.6619100118305257,1.194942780919843,-0.20272625679002804,0.054420897451712871,1.8588266042212285,0.65621180257345058,2.8994888129665968e-05,1.8588308343316529,0.65624411535357985,4.7769981149038737e-09
2.3000000000000003,1150,0.0062219376870565482,0.017495700198712633,0,0.10777007984055653,4.2161075492187478e-05,0.0041004487977731588,0.0035204650617570777,0.001094756230905748,2.6650526826960879,1.1952541658133711,-0.20241491752877375,0.054411457125642854,1.8576679981865001,0.65670432334175299,2.7582934177452172e-05,1.8576743553705499,0.6567355737369277,4.7671056745976717e-09
2.3199999999999998,1160,0.0062290860541904395,0.017236208148710765,0,0.10819689785970293,4.0819600085589011e-05,0.0039099637748658544,0.0031545813323903401,0.00092784261002471099,2.6679057290696808,1.1955357416691286,-0.20213380164426675,0.054401812373323602,1.8565106980448332,0.65719654423292351,2.6363319855652928e-05,1.8565187902728459,0.65722664376402906,4.7572210514151912e-09
2.3399999999999999,1170,0.0062355188469391653,0.017003721390675481,0,0.10862444570086033,3.9620235733963589e-05,0.0037425333100638762,0.0028267350515919069,0.00078620547160421705,2.6704993988205366,1.1957905991801023,-0.20187975861082125,0.054391987858544641,1.8553548171262459,0.65768825420455235,2.5298709428228569e-05,1.8553645039770419,0.65771717035027621,4.7473473670148977e-09
2.3599999999999999,1180,0.0062413107148257142,0.016795427380987944,0,0.10905258313735308,3.8560912266634803e-05,0.0035942128448156769,0.0025329735569109245,0.00066601239915067747,2.6728608416975237,1.1960215091666011,-0.20164996960092099,0.054382005800459321,1.8542006834532856,0.65817926642334468,2.4354955112460425e-05,1.8542118608147813,0.6582069986689526,4.737487737864236e-09
2.3799999999999999,1190,0.0062465287415354037,0.016608811835326472,0,0.10948118350894978,3.7591315814846612e-05,0.0034615072992939455,0.0022697569878042207,0.00056401814693138937,2.6750144451199716,1.196230955281911,-0.20144191235764014,0.054371886259595471,1.8530487342843613,0.65866942365373082,2.3503084354202817e-05,1.8530612243374605,0.65869597422491588,4.7276452737564763e-09
2.3999999999999999,1200,0.0062512331256746653,0.016441621736935967,0,0.1099100196201426,3.6648213299153017e-05,0.0033416334053108648,0.0020339141903810737,0.000477426680849709,2.6769820866766749,1.1964211637239979,-0.20125332856093575,0.054361647027453032,1.8518993902233625,0.65915858915428638,2.2725113463956448e-05,1.8519129571428425,0.65918394292828086,4.7178230763275702e-09
2.4199999999999999,1210,0.0062554778137377011,0.016291833751081182,0,0.110338126758699,3.5741486179492975e-05,0.003232378455818237,0.0018225992657501069,0.0004038845696302377,2.678783364464647,1.1965941313607216,-0.20108219052450957,0.054351302481269202,1.8507529306017365,0.65964659805923875,2.2007393553333888e-05,1.8507674207016676,0.65967075116810314,4.7080242375729978e-09
2.4399999999999999,1220,0.0062593111201144063,0.016157631697516838,0,0.11076518845186781,3.4934621802463205e-05,0.0031320872109968211,0.0016332591436641439,0.00034143688002892921,2.6804358022193546,1.1967516490300421,-0.20092667863818819,0.054340864351852772,1.8496095709248854,0.66013326874048506,2.1339818935487308e-05,1.8496249751842657,0.66015624588606148,4.6982518383646196e-09
2.46,1230,0.0062627764274204812,0.016037395082811764,0,0.11119128733836556,3.4198128733978528e-05,0.003039312827616106,0.0014636109349852988,0.00028838851099891163,2.6819551029270685,1.196895320599388,-0.2007851683784927,0.054330344330818646,1.8484697070691525,0.66061846151160319,2.071492551532819e-05,1.848485979287168,0.66064027465014175,4.6885089469675266e-09
2.48,1240,0.0062659126673013273,0.015929672647323388,0,0.11161711288379755,3.3493939417934894e-05,0.002952775878167677,0.0013116090816159517,0.00024335394663934742,2.6833553514166919,1.1970265836407483,-0.20065620454649091,0.054319752747920606,1.847333740735337,0.66110203835464187,2.0125575300365971e-05,1.8473507900597197,0.66112268572831967,4.6787986175568924e-09
2.5,1250,0.0062687546706678855,0.01583315850785446,0,0.11204259270102179,3.2890308838312751e-05,0.0028715011072218892,0.0011754152873332362,0.0002049981463799566,2.6846491401011638,1.1971467281741286,-0.20053847750728954,0.054309097094178714,1.8462019123094786,0.66158382096405266,1.9564937443652172e-05,1.8462197627306913,0.66160332816224376,4.6691238887348242e-09
2.52,1260,0.0062713336636281737,0.015746686242219345,0,0.11246758335847498,3.2392315070496376e-05,0.0027947445370488295,0.0010533854933028229,0.00017243268778920301,2.6858477256475122,1.1972569094609538,-0.20043081753815045,0.054298384837754642,1.8450745674451883,0.66206366026125352,1.902974903309975e-05,1.8450932505348905,0.66208205184091917,4.6594877820472108e-09
2.54,1270,0.006273677669242971,0.015669212667105605,0,0.11289195063703833,3.1957119813398914e-05,0.0027217752153863043,0.00094404858633890339,0.00014466866299772012,2.686961195012703,1.1973581622861382,-0.20033217900536754,0.054287623178048576,1.843952114695899,0.66254142490318202,1.85171529219423e-05,1.8439716045397745,0.66255870757439028,4.6498933005005735e-09
2.5600000000000001,1280,0.0062758118031342224,0.015599801562645536,0,0.11331555874081065,3.1557842096027467e-05,0.0026510236770375178,0.00084608495925873916,0.00012110351073921987,2.6879988524855616,1.1974514143719708,-0.20024162347209112,0.054276818044380622,1.8428349177237053,0.66301698669096676,1.8016887758904913e-05,1.842855173472062,0.66303314716742368,4.6403434270789203e-09
2.5800000000000001,1290,0.0062777585493416915,0.015537612498073361,0,0.11373827856625413,3.1178941711786471e-05,0.0025796157194604378,0.00075831070327289109,0.00010096933759477949,2.6889691980785235,1.1975374975340205,-0.20015830850097954,0.054265974452967269,1.8417233102010533,0.66349022432860771,1.7509801662934286e-05,1.8417443035443444,0.66350522349319208,4.6308411232605943e-09
2.6000000000000001,1300,0.0062795379589172841,0.015481893428773121,0,0.11415996926150462,3.0821243714387086e-05,0.0025064962181510983,0.00067966573051775282,8.3809093030114506e-05,2.6898794867356899,1.1976171570757983,-0.20008148024231295,0.054255097060773437,1.8406176313620011,0.66396099852724821,1.6991037786361205e-05,1.840639338281699,0.66397479056695652,4.6213893275351259e-09
2.6200000000000001,1310,0.0062811679160254038,0.015431970531929939,0,0.1145804642921463,3.0521377737622202e-05,0.0024328528362452338,0.00060920006598930122,6.9066013704552147e-05,2.6907359689701082,1.1976910609862448,-0.20001046324820157,0.054244189646087716,1.8395181994543623,0.66442913946240945,1.6469412139544451e-05,1.8395406183482998,0.66444170361975041,4.6119909539200782e-09
2.6400000000000001,1320,0.0062826645962745188,0.015387192840465231,0,0.1149993418451653,3.0870465756306116e-05,0.0023595084724374617,0.00054601824052926838,5.6632936810205469e-05,2.6915443406791897,1.1977598229921027,-0.19994460503704142,0.054233242600472333,1.8384247544609504,0.66489406086585556,1.5871596279646215e-05,1.8384484813740301,0.66490581917206204,4.6026488904779059e-09
2.6600000000000001,1330,0.0062840421487229889,0.015347036626047271,0,0.11541655437143719,3.1626133047109895e-05,0.0022874633923846074,0.00048937356604931905,4.6119584810583162e-05,2.6923094583391238,1.1978239740535046,-0.19988338057259417,0.054222263133823612,1.8373379096126685,0.66535580380290549,1.5243837071547207e-05,1.8373632617810938,0.66536699510751818,4.5933659978327986e-09
2.6800000000000002,1340,0.0062853132020362036,0.015311059839642616,0,0.11583219942530867,3.2229876477502338e-05,0.0022168640044768033,0.00043862249462637816,3.7468895094184944e-05,2.6930356502933841,1.1978839811863193,-0.19982634664511756,0.054211265412328402,1.8362585604412198,0.66581463472033953,1.4665228628668333e-05,1.8362852906106286,0.66582509074656648,4.5841451076875385e-09
2.7000000000000002,1350,0.0062864893489563371,0.015278825022326695,0,0.11624609974513483,3.2727491131226901e-05,0.0021477232265698222,0.00039314957822949925,2.9821031431209501e-05,2.6937269699366424,1.1979402761895375,-0.19977306470640879,0.054200250922435307,1.8351869764145068,0.66627036216811386,1.4124436637679722e-05,1.8352148953493164,0.66627996692015989,4.5749890213403427e-09
2.7200000000000002,1360,0.0062875808948547798,0.015249945198296113,0,0.11665809939843186,3.3151700978465481e-05,0.0020802383674523063,0.00035240818497315405,2.3814010656927559e-05,2.6943870042132145,1.1979932442387757,-0.19972314688623047,0.05418922228156977,1.8341234386961629,0.66672283345961125,1.3621653848800749e-05,1.8341523997559965,0.66673148604343846,4.5659005082017239e-09
2.7400000000000002,1370,0.0062885971386151037,0.01522406941380759,0,0.1170678492888125,3.3554630377586899e-05,0.0020144745310570981,0.00031590442237529331,1.8783020217535152e-05,2.695018981836756,1.1980432319660501,-0.19967624136759415,0.054178180580301778,1.833068212475738,0.66717186283176122,1.3146851649899519e-05,1.8330981236882766,0.66717951218941329,4.5568823043113303e-09
2.7600000000000002,1380,0.0062895464084736057,0.015200884478129681,0,0.11747530812435233,3.3963777745398526e-05,0.0019504578073883676,0.00028319679557432722,1.5835142153691226e-05,2.6956257813831499,1.1980905495983281,-0.19963203402434818,0.054167127088102833,1.832021582732378,0.66761728921880947,1.269454153791322e-05,1.8320523829291457,0.66762391116264952,4.547937110854806e-09
2.7800000000000002,1390,0.0062904361979500114,0.015180107440410257,0,0.11788026997762624,3.4412158989379288e-05,0.0018881381292308551,0.00025388759925823196,1.2547858734911261e-05,2.6962099842076461,1.1981354758807956,-0.19959024118248053,0.054156062242880269,1.8309838247499057,0.66805893881604872,1.2255223800781169e-05,1.8310154890135852,0.66806455057294944,4.5390675926806363e-09
2.8000000000000003,1400,0.0062912731990482649,0.015161486913622034,0,0.11828266980661847,3.4906163632670369e-05,0.0018274912717255328,0.00022762251540443766,1.2013660097101191e-05,2.6967738820175793,1.1981782598444601,-0.19955061080387465,0.054144987036909682,1.8299552336389797,0.6684966707345309,1.1826489174840812e-05,1.8299877490551812,0.66850129990903562,4.530276376816998e-09
2.8199999999999998,1410,0.0062920633539584004,0.015144802560318894,0,0.118682387100354,3.5417171151713451e-05,0.0017684412025537805,0.00020408875308724721,1.1952831047522336e-05,2.6973194964292095,1.1982191229285606,-0.19951292196777093,0.054133903817575157,1.8289361350523052,0.66893039616303629,1.1416935824420952e-05,1.8289694655727364,0.668934030612234,4.5215660509886145e-09
2.8399999999999999,1420,0.0062928120208700124,0.015129854253915644,0,0.11907928155319855,3.5942028429809345e-05,0.0017109082798825094,0.00018300346575918501,1.289169934879393e-05,2.6978486446289742,1.1982582644791744,-0.19947697401726253,0.054122813894522351,1.8279268268496573,0.66935999502939947,1.1027370066026671e-05,1.8279609363168825,0.66936261615015713,4.5129391621336015e-09
2.8599999999999999,1430,0.0062935240122270822,0.015116461845981862,0,0.119473206389758,3.6483097421525155e-05,0.0016548124402546314,0.00016411241498354951,1.3281600966983096e-05,2.6983629498294466,1.1982958634104932,-0.19944258632368331,0.054111718175381227,1.8269275968750083,0.66978533768959281,1.0655719359145613e-05,1.8269624540966909,0.66978693209038731,4.5043982149203213e-09
2.8799999999999999,1440,0.0062942037246914179,0.01510445729606971,0,0.11986397545666755,3.7075281501580882e-05,0.0016000793285014588,0.00014718145264222901,1.4388049231413678e-05,2.6988638919409573,1.1983320823457888,-0.19940959040505549,0.05410061535731981,1.8259386908831561,0.67020623392277645,1.0286011765101015e-05,1.8259743066062863,0.67020685617416009,4.4959456702642304e-09
2.8999999999999999,1450,0.0062948549728645267,0.015093699397531623,0,0.12025129900115777,3.7695840466331843e-05,0.0015466830096968441,0.00013200974230228528,1.5367925632528735e-05,2.6993527356485658,1.1983670637243982,-0.19937784466667838,0.054089507201484699,1.8249604111616153,0.6706226004933894,9.926500312987023e-06,1.8249967762514576,0.67062226839004624,4.4875839438447364e-09
2.9199999999999999,1460,0.006295481233393168,0.015084057693889583,0,0.12063453994892417,3.8343100215641072e-05,0.0014945087587686695,0.00011841355670356413,1.6511196510205469e-05,2.6998306301990982,1.1984009365564212,-0.19934721829641186,0.054078394026142861,1.8239930319387565,0.67103431319471141,9.5749479982430792e-06,1.8240301399762699,0.67103305104763666,4.4793154046220383e-09
2.9399999999999999,1470,0.0062960855859444239,0.015075417607037988,0,0.12101479490878353,3.9006264397980518e-05,0.0014435360816105346,0.00010623049211101815,1.7704227144513012e-05,2.7002985819662308,1.198433815622002,-0.19931759639774277,0.0540672768775841,1.823036833621402,0.67144127307305834,9.234594526471253e-06,1.8230746690896769,0.67143908885122383,4.4711423733539861e-09
2.96,1480,0.0062966708308547443,0.01506767367630274,0,0.12139608637788787,3.9687415267160117e-05,0.0013936923176544327,9.5312346297103296e-05,1.8271553931657168e-05,2.7007575021047141,1.1984658047500465,-0.19928887321874744,0.054056155753394133,1.82209207486757,0.67184335226415026,8.9014298372975997e-06,1.8221306290921317,0.67184026897348637,4.4630671211129289e-09
2.98,1490,0.0062972403537939247,0.015060709602761787,0,0.12177859285308118,4.0792490776036616e-05,0.0013462957354973513,8.5506618634058644e-05,1.8744172150678372e-05,2.7012084335660753,1.1984970029000226,-0.19926093217887833,0.054045023457955706,1.8211585724247055,0.67224026132915748,8.5534543617877223e-06,1.8211982795022013,0.67223648112917078,4.4550918678025666e-09
3,1500,0.0062977968639099293,0.01505445184923652,0,0.12216197084682545,4.2141914959678235e-05,0.0013032065372252837,7.6704667133904044e-05,1.9090959104164312e-05,2.7016521050666773,1.1985274899981855,-0.19923369951427755,0.054033883329674334,1.8202367691507246,0.67263196005963066,8.220399777745619e-06,1.8202778736831753,0.67262761764877599,4.4472187806747972e-09
3.02,1510,0.0062983422794175223,0.015048844725583488,0,0.12248123265358238,4.3338091462605899e-05,0.0012634603855311542,6.881814108410557e-05,2.0240018397643986e-05,2.7020890730953981,1.1985573352069507,-0.1992071193370186,0.054022742139123066,1.8193273350578509,0.67301849549598869,7.9212900260423473e-06,1.8193696586696801,0.67301357355223568,4.4394499728465685e-09
3.04,1520,0.0062988760908547674,0.015043881906322127,0,0.12278202318405013,4.3539610528770597e-05,0.0012191786028559306,6.1808498484117091e-05,2.0347774359157065e-05,2.7025197814894306,1.1985865868766075,-0.19918118518296096,0.054011620806019955,1.8184314543512594,0.67340037490528115,7.6615122517576099e-06,1.8184738749942904,0.6733942466226015,4.4317875018167331e-09
3.0600000000000001,1530,0.0062994012017159994,0.015039419737929032,0,0.12308425455290117,4.410746331294031e-05,0.0011656752657616721,5.5513839780724867e-05,2.0738089811501742e-05,2.7029453227873663,1.1986153296505724,-0.19915575315845901,0.054000492236704861,1.8175478726499843,0.67377682276039685,7.3097100257809075e-06,1.8175907565141403,0.67376953747972645,4.4242333679828953e-09
3.0800000000000001,1540,0.0062999205604658088,0.015035372803514462,0,0.1233855696662213,4.5350410779673478e-05,0.0011171849187715868,4.98288468000673e-05,2.1497471115166028e-05,2.7033660472490175,1.1986436266767586,-0.19913073765148648,0.053989344932191187,1.8166764187376367,0.6741472723976405,6.9373430767583677e-06,1.816720530237536,0.67413934965394784,4.4167895131582588e-09
3.1000000000000001,1550,0.0063004349227335568,0.01503174837685939,0,0.12368271659114458,4.6406770562078333e-05,0.0010743566784067631,4.4736635830926477e-05,2.1395506250453509e-05,2.7037819935607916,1.1986715093213127,-0.19910614584045241,0.05397819788286877,1.8158182805600014,0.67451211279822132,6.6167410534147144e-06,1.8158634161505682,0.67450358965977042,4.4094578190884867e-09
3.1200000000000001,1560,0.0063009454729557601,0.015028501275714654,0,0.123975532667535,4.732821135943022e-05,0.0010351758127682981,4.0174549526079987e-05,2.183391520383078e-05,2.704193568491601,1.1986990208691206,-0.19908193241378772,0.053967050793865948,1.8149736204945204,0.67487129413192781,6.3332057044547738e-06,1.8150196270437231,0.67486216706954993,4.402240105968544e-09
3.1400000000000001,1570,0.0063014532478162365,0.01502559161370177,0,0.1242639310970898,4.8160614531898791e-05,0.00099869622581399671,3.6086845248959691e-05,2.2033315828455735e-05,2.7046011143456066,1.1987262001447938,-0.19905805736951923,0.053955903507298793,1.814142592500732,0.67522472150518209,6.0750507720011378e-06,1.8141893683384942,0.6752149945871756,4.3951381309595497e-09
3.1600000000000001,1580,0.0063019591764116433,0.015022984067343866,0,0.12454782642945106,4.8927904485803645e-05,0.00096438712618117546,3.2423967739142657e-05,2.2394272795856101e-05,2.7050049263782898,1.198753081800604,-0.19903448527991,0.053944755972282835,1.8133253669220264,0.6755723050005914,5.8359205311261837e-06,1.8133728379139957,0.67556198812175383,4.3881535867056296e-09
3.1800000000000002,1590,0.0063024640903065945,0.015020647140671426,0,0.12482713775579665,4.9643084224185805e-05,0.00093186254850408372,2.9141664394054127e-05,2.2426798989897964e-05,2.7054052618366353,1.1987796968284983,-0.19901118455449623,0.053933608182247704,1.8125221187750138,0.67591396158845152,5.6117003220466572e-06,1.812570225933573,0.67590306686129098,4.3812880998507672e-09
3.2000000000000002,1600,0.0063029687321017863,0.015018552659728936,0,0.12510178765949106,5.0314487224694238e-05,0.00090081899768239585,2.6200330757513578e-05,2.2845425764212974e-05,2.7058023457344262,1.1988060729786387,-0.19898812693376539,0.053922460144488808,1.8117330205348114,0.67624961299450015,5.3992934537814887e-06,1.8117817146714146,0.67623815334637694,4.3745432295556524e-09
3.2200000000000002,1610,0.0063034737643826062,0.015016675392374008,0,0.12537170164954434,5.0947997797706877e-05,0.00087100981469206442,2.3564493295532474e-05,2.2556434745889217e-05,2.706196375115709,1.1988322351097469,-0.19896528710824343,0.05391131186891391,1.8109582393995272,0.67657918475704093,5.1962905836158937e-06,1.8110074783391661,0.67656717354386786,4.3679204660145344e-09
3.2400000000000002,1620,0.006303979765012113,0.015014994451395125,0,0.12563681491671086,5.1493668727009494e-05,0.00084218441309039105,2.1203829103805142e-05,2.2685329707937426e-05,2.7065875056256083,1.1988582051585266,-0.19894264412200885,0.053900163983906464,1.8101979944440585,0.67690261436917509,5.000810513363865e-06,1.8102476829125391,0.67689005692056936,4.3614212289720675e-09
3.2600000000000002,1630,0.006304487242814313,0.015013489050663813,0,0.12589705637498264,5.1977905490985734e-05,0.00081415811932042078,1.9089408561354798e-05,2.265317472408141e-05,2.7069758874596777,1.1988840031852679,-0.19892017712546137,0.053889016320647617,1.8094524148521309,0.67721983157228183,4.8112822150074899e-06,1.8095024859579256,0.67720673651692009,4.3550468662401701e-09
3.2800000000000002,1640,0.0063049768788466156,0.015012145271609736,0,0.12615261144698545,5.2217719395224901e-05,0.00077224569635727812,1.7199562205313356e-05,2.3099271619960363e-05,2.7073541644003907,1.1989096459235029,-0.19889787213851423,0.053877868368788703,1.8087219046512268,0.67753103513244151,4.5505524147794622e-06,1.808772036459009,0.67751714902067417,4.3487986522148688e-09
3.3000000000000003,1650,0.0063054571513719128,0.01501095767705145,0,0.12640351412604098,5.2190595883325932e-05,0.000708564232706387,1.5520121305381881e-05,2.3381554252771861e-05,2.7077254389396797,1.1989351478819179,-0.19887572373125637,0.053866729642661482,1.8080066696579034,0.67783626320934642,4.1840380179073834e-06,1.8080564746433756,0.67782123484058499,4.3426777863931505e-09
3.3200000000000003,1660,0.0063059428544415116,0.015009879498823554,0,0.12664914942758032,5.2715485986463128e-05,0.000653230022411296,1.4003369212029053e-05,2.2909150924997221e-05,2.7080953439873943,1.1989605296046897,-0.19885368502552284,0.05385558534296337,1.8073058282983412,0.67813486621428343,3.8589957275899814e-06,1.8073559318091277,0.67811893818008817,4.3366853918898151e-09
3.3399999999999999,1670,0.0063064319647974558,0.015008895836377831,0,0.12688945039602845,5.3705140435504576e-05,0.00060792520677225301,1.262964163038293e-05,2.2909150924997221e-05,2.7084631123099738,1.1989858039991204,-0.19883174106201626,0.053844432993927563,1.8066195751426146,0.67842678918634547,3.5909665744021705e-06,1.806670530151494,0.67841020711098443,4.3308225139543224e-09
3.3599999999999999,1680,0.0063069245940234261,0.015008013634742917,0,0.12712450828364374,5.4530558258808777e-05,0.00056861581228493828,1.1398261062458914e-05,2.3004407680670755e-05,2.7088286142386728,1.1990109790314836,-0.19880989876584548,0.053833280070347142,1.8059487288468343,0.67871214663356605,3.3580863441162685e-06,1.8060003825894437,0.67869499364712316,4.3250901184876484e-09
3.3799999999999999,1690,0.0063074209126224787,0.01500722378844861,0,0.12735430814283139,5.5172445917209109e-05,0.0005334753235942594,1.0295625684622991e-05,2.2781522350186147e-05,2.7091918902603389,1.1990360647956069,-0.1987881490029961,0.053822127602383259,1.8052934228852116,0.67899092948631423,3.1493479244589113e-06,1.8053455925922961,0.67897325381808527,4.3194890905591288e-09
3.3999999999999999,1700,0.0063079211317966623,0.015006517434319407,0,0.12757881510528912,5.5657221660204608e-05,0.00050172115652111649,9.30896022552471e-06,2.3225154141253322e-05,2.7095530004857591,1.1990610704602405,-0.19876648288230067,0.053810975958412229,1.8046537258921753,0.67926310778059951,2.9600838660154261e-06,1.8047062540063341,0.67924494774286626,4.3140202329233199e-09
3.4199999999999999,1710,0.0063084254380248953,0.015005885441334408,0,0.12779799045932069,5.6035402447062595e-05,0.00047281950612922379,8.4258237943699014e-06,2.3036072399968081e-05,2.7099120023859791,1.1990860044565521,-0.19874489124547021,0.053799824916957645,1.8040296683703274,0.67952864701257643,2.7865562933366616e-06,1.8040824508814159,0.67951003970355994,4.3086842645368367e-09
3.4399999999999999,1720,0.0063089340023591289,0.015005318512528483,0,0.1280117949879323,5.63739395668414e-05,0.00044628766499040353,7.6341395018594999e-06,2.3350358035739973e-05,2.7102689544192375,1.1991108745466139,-0.19872336476983848,0.053788673812669129,1.803421251412505,0.67978751205014976,2.6256458061927896e-06,1.8034742572975864,0.67976849821904073,4.303481819075217e-09
3.46,1730,0.006309446977962643,0.015004809826476583,0,0.12822019963570322,5.6677808177964167e-05,0.00042177455084216494,6.9243611922482247e-06,2.2813496432377448e-05,2.710623895355126,1.1991356873941044,-0.19870189661147941,0.053777522599040277,1.8028285345122954,0.6800396802361367,2.4750947123771458e-06,1.8028817371916892,0.68002029611864767,4.2984134434497554e-09
3.48,1740,0.0063099644970439793,0.015004353344351833,0,0.12842317894025457,5.69456680058392e-05,0.00039893801273069231,6.2879974486757957e-06,2.3193747562800386e-05,2.7109768571609019,1.199160448955628,-0.19868048071120908,0.053766371268812015,1.8022515737094187,0.68028513314465633,2.3331146307472661e-06,1.8023049441839794,0.68026541061586698,4.2934795963243723e-09
3.5,1750,0.006310486670610526,0.015003943642729804,0,0.12862071028387562,5.7177064615758475e-05,0.000377474175495751,5.7174298092047106e-06,2.3036072399968081e-05,2.7113278667242602,1.1991851645706937,-0.19865911162723518,0.05375521981457497,1.8016904133515825,0.68052385563403506,2.198336290671974e-06,1.801743921404735,0.6805038233820152,4.2886806466324546e-09
3.52,1760,0.0063110135910248166,0.015003575855574283,0,0.12881277419318404,5.7372022111264519e-05,0.00035727749389829517,5.2058271375657526e-06,2.3319120084582497e-05,2.7116769467595856,1.1992098390246901,-0.19863778447697944,0.053744068228926752,1.8011450863820726,0.68075583615985813,2.0697370366977717e-06,1.8011987013208686,0.68073552061992282,4.2840168720937031e-09
3.54,1770,0.0063115453341925929,0.015003245622885891,0,0.12899935466514506,5.7530502529474982e-05,0.00033809005190051181,4.7470692851942968e-06,2.3162298399097643e-05,2.7120241165242174,1.1992344766051906,-0.198616494885551,0.053732916506298967,1.8006156148032324,0.68098106711681139,1.9465632970261003e-06,1.8006693055625398,0.68096049313761686,4.2794884577309979e-09
3.5600000000000001,1780,0.0063120819612258669,0.015002949040305576,0,0.12918043941219115,5.7652270462149004e-05,0.00031977897880341186,4.3356748992758494e-06,2.3381554252771861e-05,2.7123693924233865,1.1992590811533086,-0.19859523893517539,0.053721764643343994,1.8001020096897873,0.68119954509033331,1.8282654776903413e-06,1.800155744749766,0.68117873642200477,4.2750954943872256e-09
3.5800000000000001,1790,0.0063126235197903842,0.015002682611053248,0,0.1293560200519184,5.7736917821625834e-05,0.00030232750490077979,3.9667342080905445e-06,2.3350358035739973e-05,2.7127127885442492,1.199283656110365,-0.19857401311698056,0.053710612638338415,1.7996042710181652,0.68141127105086718,1.7144479858890296e-06,1.7996580183190367,0.68139025071255654,4.2708379772421556e-09
3.6000000000000001,1800,0.0063131700452474038,0.015002443203330914,0,0.12952609226839965,5.7783909704336524e-05,0.00028552825460794335,3.6358492510798248e-06,2.3505925099591037e-05,2.7130543171180097,1.1993082045595014,-0.19855281428826344,0.053699460490737087,1.7991223874677538,0.68161625051990704,1.6048289068144178e-06,1.7991761143499232,0.68159504107498869,4.2667158043292729e-09
3.6200000000000001,1810,0.006313721561657543,0.015002228012506579,0,0.12969065595203247,5.7792620070086719e-05,0.00026947346941150847,3.3390806416518383e-06,2.3225154141253322e-05,2.713393988931704,1.1993327292628286,-0.19853163963455836,0.053688308200912839,1.798656336228919,0.68181449371573422,1.4992083296460977e-06,1.7987100093916917,0.68179311747494709,4.2627287750526375e-09
3.6400000000000001,1820,0.0063142780950976455,0.015002032887904112,0,0.12984970880640906,5.7811389385111224e-05,0.00025401164978326556,3.0715686517249415e-06,2.3225154141253322e-05,2.7137318328544895,1.1993572330061641,-0.19851048499530766,0.053677155145134596,1.7982060267305535,0.68200600763226538,1.3971421830392324e-06,1.7982596682899143,0.68198449485169033,4.2588765887037261e-09
3.6600000000000001,1830,0.0063148396656230602,0.015001856089249014,0,0.13000326202815932,5.7818353993840833e-05,0.0002391511272094457,2.8305887334327023e-06,2.3193747562800386e-05,2.7140678598734,1.1993817179084847,-0.19848934862266929,0.053666001506692027,1.7977714365184594,0.68219081546885474,1.2987483175949445e-06,1.7978250440130827,0.68216919319177238,4.2551588429783021e-09
3.6800000000000002,1840,0.0063154062731150176,0.015001697057567771,0,0.13015133514770497,5.7765360094053737e-05,0.00022489117412202299,2.6144945935625632e-06,2.3412708902503816e-05,2.7144020681310317,1.1994061856799265,-0.19846822995128655,0.0536548478499978,1.7973525614471242,0.68236895007047549,1.2042015581141925e-06,1.797406077479218,0.68234723760272609,4.2515750324932401e-09
3.7000000000000002,1850,0.0063159779029299933,0.015001553996118812,0,0.13029394585920687,5.7653146561726621e-05,0.00021112909097479159,2.420751263992771e-06,2.3319120084582497e-05,2.7147344658437027,1.1994306380988111,-0.19844712717785726,0.053643694185633466,1.7969493292929186,0.68254044145572723,1.1134056572349351e-06,1.7970026973824837,0.68251865838674686,4.2481245473033947e-09
3.7200000000000002,1860,0.0063165545310877773,0.01500142523042974,0,0.13043111594505477,5.748642747185188e-05,0.00019787297917678735,2.2470350050912264e-06,2.347489416183844e-05,2.715065061694784,1.1994550767702621,-0.19842603862198843,0.053632540493402478,1.7965616508261351,0.68270532415389973,1.0262887165847333e-06,1.7966148200197984,0.68268349111437454,4.2448066714184479e-09
3.7400000000000002,1870,0.0063171361273159426,0.015001309273310684,0,0.13056287218181709,5.7268080917117646e-05,0.00018514884190539414,2.0912732429737562e-06,2.3067693653563172e-05,2.7153938645762059,1.1994795031297825,-0.19840496279116909,0.053621386759317491,1.7961894263168059,0.68286363829410812,9.4279776226240364e-07,1.7962423491174466,0.68284177669817736,4.2416205813197578e-09
3.7600000000000002,1880,0.0063177226552005626,0.015001204801508248,0,0.13068924636006574,5.6999630446392331e-05,0.00017293922309174727,1.9516145384325129e-06,2.3130806476445511e-05,2.7157208837950888,1.1995039184617602,-0.19838389835734349,0.053610232974970501,1.7958325448270447,0.68301542962268447,8.6288798253690513e-07,1.7958851756576906,0.68299356146643553,4.2385653444772074e-09
3.7800000000000002,1890,0.0063183140722035819,0.015001110633236446,0,0.13081027526687042,5.6681873746185079e-05,0.00016118920846302281,1.8264008994163264e-06,2.3099271619960363e-05,2.716046129270556,1.1995283239162193,-0.19836284413439004,0.053599079134895762,1.7954908833244518,0.68316074948081629,7.8651873326100038e-07,1.7955431777053834,0.68313889723682342,4.2356399178660598e-09
3.8000000000000003,1900,0.0063189103427515247,0.015001023929402515,0,0.13092599349642814,5.6368132647826886e-05,0.00014998254061254635,1.7128012127747945e-06,2.3256518306983181e-05,2.7163696327756206,1.1995527208598162,-0.19834179727827478,0.053587924541065646,1.7951642450237735,0.68329964599821602,7.133904013844486e-07,1.7952162202345798,0.68327784139009307,4.232843146483806e-09
3.8200000000000003,1910,0.0063195114293629982,0.015000944293609953,0,0.13103645081883311,5.603579778220806e-05,0.00013925150245934563,1.6099475681877019e-06,2.3287840231354886e-05,2.7166914081267608,1.1995771101100416,-0.19832075738952504,0.053576769392495928,1.794852507347483,0.68343218541409156,6.4363021776630244e-07,1.794904154955149,0.68341045694375757,4.2301737618670181e-09
3.8399999999999999,1920,0.0063201172771825999,0.015000872467245322,0,0.13114170628675734,5.5633300918673572e-05,0.00012899612875690993,1.5178484347181673e-06,2.3099271619960363e-05,2.7170114564299372,1.19960149219393,-0.19829972520720082,0.053565614314341439,1.7945555679483132,0.68355844474407135,5.7741113468147169e-07,1.7946068201393859,0.68353681262577415,4.2276303806081943e-09
3.8599999999999999,1930,0.0063207278193453138,0.015000807708524737,0,0.1312418169600072,5.5161642481583644e-05,0.0001191618457073505,1.4354320107170815e-06,2.3412708902503816e-05,2.717329791262189,1.1996258678492073,-0.19827869998659675,0.053554459317427326,1.794273250227715,0.68367849805255232,5.1466345106385686e-07,1.7943240404486236,0.68365698294822708,4.225211502872619e-09
3.8799999999999999,1940,0.0063213429819823147,0.015000749275313875,0,0.13133684443938337,5.4626272431819672e-05,0.00010986842817844653,1.3616790306048736e-06,2.3004407680670755e-05,2.7176464279887198,1.1996502377509357,-0.19825768098294172,0.053543304376008148,1.7940053586308262,0.68379242446777022,4.5531544015346009e-07,1.7940556267598442,0.6837710482810111,4.2229155109151994e-09
3.8999999999999999,1950,0.0063219626871299766,0.015000696515342351,0,0.13142685585215258,5.4030635824059137e-05,0.00010096211802181293,1.2956837721300017e-06,2.3130806476445511e-05,2.7179613832700453,1.1996746025013829,-0.19823666754160446,0.053532149471072703,1.7937516859470617,0.68390030937637103,3.9929952818123701e-07,1.7938013759922935,0.68387909492551402,4.2207406675973389e-09
3.9199999999999999,1960,0.0063225868525597726,0.015000648854310171,0,0.13151192385516736,5.3376638810392495e-05,9.2491707176923986e-05,1.2366395672131929e-06,2.2813496432377448e-05,2.7182746751514495,1.1996989626382093,-0.19821565908615585,0.053520994590257095,1.7935120126082043,0.68400224443086743,3.4654764224277411e-07,1.7935610709340895,0.68398121518830091,4.2186851149037599e-09
3.9399999999999999,1970,0.0063232153914852852,0.015000605782098284,0,0.13159212659503869,5.2665338378683138e-05,8.4502028287940104e-05,1.1838243729262508e-06,2.3162298399097643e-05,2.7185863231631191,1.1997233186422691,-0.19819465510455042,0.053509839724943602,1.7932861057211065,0.68409832750840305,2.9698972937031088e-07,1.7933344800688367,0.68407750745479601,4.2167468724593774e-09
3.96,1980,0.0063238482124514965,0.015000566843464956,0,0.13166754771704803,5.1897269646924616e-05,7.7000727640077194e-05,1.1365904160902842e-06,2.3067693653563172e-05,2.7188963483998458,1.1997476709439834,-0.19817365513980764,0.053498684868593917,1.7930737185177812,0.68418866272944701,2.5055313380982651e-07,1.7931213574022367,0.68416807626296705,4.2149238360461361e-09
3.98,1990,0.0063244852328374259,0.015000529805899663,0,0.13173826892585541,5.1126558949237289e-05,6.9780001811020314e-05,1.0931789898935138e-06,2.3036072399968081e-05,2.7192047958073031,1.199772020272827,-0.19815265695669912,0.053487529295431394,1.7928745272097897,0.68427335131786715,2.0680415113099549e-07,1.792921442288701,0.68425303237700774,4.2132137761198637e-09
4,2000,0.0063251263689801576,0.015000494870924471,0,0.13180438802664604,5.0330008587655958e-05,6.3156170643833675e-05,1.053506197292075e-06,2.2972699315936647e-05,2.7195116923049327,1.1997963668661449,-0.19813166075583563,0.053476373212301601,1.7926882830237867,0.68435251382585782,1.6585508330776874e-07,1.7927344592579639,0.68433249286102016,4.2116143363271373e-09
4.0200000000000005,2010,0.0063257715201412157,0.0150004633551653,0,0.13186601272894116,4.9454564336233327e-05,5.6966603045806464e-05,1.0181650654405836e-06,2.2972699315936647e-05,2.719817051877131,1.1998207107242882,-0.19811066785354173,0.053465217272835104,1.7925147570900655,0.68442628244287118,1.2794869462840078e-07,1.7925601178416912,0.68440658115270026,4.2101230320220992e-09
4.04,2020,0.0063264205742004156,0.015000434997267897,0,0.13192324897058738,4.8500825091187918e-05,5.1155221494304046e-05,9.8673304085253338e-07,2.3036072399968081e-05,2.7201209020602994,1.1998450521188961,-0.19808967798726299,0.053454061492351712,1.7923536429780109,0.68449478669937569,9.297431532051339e-08,1.7923981124000954,0.68447542713701826,4.2087372487833468e-09
4.0600000000000005,2030,0.006327073412441135,0.015000409473949605,0,0.13197620765835835,4.7474312820437556e-05,4.5770549568287739e-05,9.5877760290816172e-07,2.3162298399097643e-05,2.7204232728515225,1.1998693913095086,-0.19806869083261883,0.053442905844092788,1.7922046131674674,0.68455816177554607,6.0800349486442032e-08,1.7922481219485462,0.68453916721990371,4.2074542409307563e-09
4.0800000000000001,2040,0.0063277299123846035,0.015000386506562826,0,0.13202500570461251,4.6378595705361798e-05,4.0767132852299058e-05,9.3391961180152044e-07,2.3036072399968081e-05,2.7207241960648347,1.1998937285263949,-0.19804770610999328,0.053431750307562378,1.7920673268878817,0.68461654977572017,3.1304216841271478e-08,1.792109809984183,0.68459794440192767,4.206271130042348e-09
4.0999999999999996,2050,0.0063283899613736415,0.015000363960951658,0,0.13206975837910809,4.5271553878093524e-05,3.6101604354825752e-05,9.1077129085955238e-07,2.3287840231354886e-05,2.7210237285230838,1.1999180643295899,-0.19802672168332075,0.053420594116622797,1.7919413643418041,0.68467009033257831,3.9822088978335578e-09,1.7919828243125258,0.68465190835198642,4.2051849034711241e-09
4.1200000000000001,2060,0.0063290534459252519,0.015000342215008679,0,0.13211059773447106,4.4130391304227552e-05,3.2195304973023749e-05,8.8944273352800224e-07,2.3004407680670755e-05,2.7213219083204119,1.1999423987897662,-0.19800573793017151,0.053409437483020884,1.7918263838151094,0.68471894329699334,-2.1096563442815868e-08,1.7918667968740889,0.68470121548098417,4.2041924128619348e-09
4.1399999999999997,2070,0.0063297202352284292,0.015000322805981823,0,0.13214766621707644,4.2900515232535814e-05,2.8572731261078417e-05,8.7062692655480322e-07,2.3225154141253322e-05,2.7216187600360957,1.1999667317470761,-0.1979847563879592,0.053398281093158334,1.7917220647431154,0.68476328084424876,-4.3685406067209001e-08,1.7917613435709909,0.6847460290155164,4.203290372668316e-09
4.1600000000000001,2080,0.0063303901869128576,0.015000305616413847,0,0.13218110463369342,4.1582771378163977e-05,2.5441881649397974e-05,8.5408779218009316e-07,2.2749503328951236e-05,2.7219143225450315,1.1999910633385718,-0.19796377693854111,0.053387124966712281,1.7916280057517762,0.68480327272355968,-6.3914879406346518e-08,1.7916660640935682,0.68478651907155319,4.2024753586693486e-09
4.1799999999999997,2090,0.0063310631517391209,0.015000290434317769,0,0.1322110589957454,4.018347735415471e-05,2.2556434745889217e-05,8.3956142389493976e-07,2.3443822150653013e-05,2.7222086375039827,1.2000153937064475,-0.19794279936929263,0.053375969073395479,1.7915437826964362,0.68483909469144955,-8.1946238265441916e-08,1.7915805417469861,0.68482286272812198,4.2017438064865034e-09
4.2000000000000002,2100,0.0063317389905326966,0.015000275170290617,0,0.1322376737800465,3.876303483146989e-05,2.013168567464644e-05,8.2589373387459385e-07,2.3067693653563172e-05,2.7225017720751725,1.2000397233361397,-0.19792182158900917,0.053364812625085918,1.7914688916049561,0.68487092023726159,-9.8316929993690773e-08,1.7915043432778508,0.68485524410099108,4.2010920101004926e-09
4.2199999999999998,2110,0.0063324175634770167,0.015000260267059603,0,0.13226111092768808,3.7299831167172906e-05,1.8627141836043019e-05,8.1324810534940195e-07,2.2972699315936647e-05,2.7227937744991859,1.200064052224797,-0.19790084404046981,0.053353655830561307,1.7914029075665669,0.68489894395551987,-1.129859130577205e-07,1.7914370187008219,0.68488385441635269,4.2005161203681251e-09
4.2400000000000002,2120,0.00633309871323015,0.015000247353857942,0,0.13228154324474584,3.5739196592895498e-05,1.7075472925031942e-05,8.0229840338907385e-07,2.2940947124789083e-05,2.7230846791527683,1.2000883801394331,-0.19787986835354543,0.053342499390779209,1.7913454275229586,0.68492337341772602,-1.2570865734441204e-07,1.7913781011252241,0.68490889208450578,4.2000121435391529e-09
4.2599999999999998,2130,0.0063337822705864201,0.015000236385791822,0,0.13229914195360368,3.4082085587731567e-05,1.6555285230907042e-05,7.9289699637129347e-07,2.3036072399968081e-05,2.7233745349413887,1.2001127071547586,-0.19785889448289423,0.05333134333032262,1.7912959663375256,0.68494441390786776,-1.3662387958762461e-07,1.7913271065816576,0.68493056277354003,4.1995759397731195e-09
4.2800000000000002,2140,0.0063344680734518126,0.015000225317491508,0,0.13231407613599605,3.2390628594718832e-05,1.63782182658682e-05,7.8404255682206827e-07,2.3225154141253322e-05,2.7236634172975385,1.2001370337135919,-0.19783792038173106,0.053320186864352692,1.7912539500546509,0.68496226770836843,-1.4635836066185471e-07,1.7912835338486144,0.68494907948301742,4.1992032216562265e-09
4.2999999999999998,2150,0.0063351559586323014,0.015000214600047723,0,0.13232653212734752,3.0645738882597327e-05,1.6018213462801612e-05,7.7589635041283682e-07,2.3162298399097643e-05,2.7239513828991617,1.2001613597825564,-0.1978169465012273,0.053309030189389407,1.7912188821457755,0.68497715806584036,-1.5486676091574123e-07,1.791246864279084,0.68496466261765765,4.1988895527181532e-09
4.3200000000000003,2160,0.0063358457596000657,0.015000203877850008,0,0.13233669914315835,2.8853017508863201e-05,1.6199215970291549e-05,7.6825902555448199e-07,2.3443822150653013e-05,2.7242384988724897,1.2001856854797042,-0.19779597248491898,0.053297873192754294,1.7911902195899341,0.68498931146628206,-1.6226961509314654e-07,1.7912165616271716,0.68497754006101896,4.1986303459489455e-09
4.3399999999999999,2170,0.0063365373019205473,0.015000193776441012,0,0.13234477707169159,2.69884094925251e-05,1.6018213462801612e-05,7.6135043556286304e-07,2.2781522350186147e-05,2.7245248248317946,1.2002100107275873,-0.19777499895864914,0.053286716144790393,1.7911674364284689,0.68499896719499354,-1.6851532817863969e-07,1.7911920718747045,0.68498794724918299,4.19842086231583e-09
4.3600000000000003,2180,0.0063372303908361379,0.015000186069325917,0,0.13235097636291474,2.4998825732774525e-05,1.6333651602943885e-05,7.5579788214497008e-07,2.3036072399968081e-05,2.7248104066369789,1.2002343352285043,-0.19775402769685632,0.053275559791414955,1.7911500228942012,0.68500637723481261,-1.7334886080739212e-07,1.7911728230578485,0.68499612724443726,4.1982562092800909e-09
4.3799999999999999,2190,0.0063379248346718793,0.015000178921247541,0,0.13235549873126118,2.2942091588587614e-05,1.7329712313881724e-05,7.5080256747149758e-07,2.3162298399097643e-05,2.7250953289292319,1.2002586593628295,-0.19773305686311549,0.05326440342322665,1.7911373211949018,0.68501178245348449,-1.77451269544364e-07,1.7911582250937175,0.68500233080895789,4.1981313393139137e-09
4.4000000000000004,2200,0.0063386204517937132,0.015000170766840494,0,0.13235855379167827,2.0863032399747375e-05,1.7621689505503623e-05,7.4575161051946893e-07,2.2972699315936647e-05,2.7253796836803694,1.2002829834605777,-0.19771208489066827,0.053253246411213997,1.7911286700690559,0.68501543328109105,-1.812537205162939e-07,1.7911476696069859,0.68500681647849371,4.1980410484172284e-09
4.4199999999999999,2210,0.0063393170463005169,0.015000163926730028,0,0.13236037419705562,1.8686885968396791e-05,1.8070981951380476e-05,7.4148938408896699e-07,2.3193747562800386e-05,2.7256635262465334,1.2003073071069725,-0.19769111410138049,0.053242089699750972,1.7911235302841566,0.68501760835323877,-1.8414008168851116e-07,1.7911405297565004,0.68500985063604858,4.1979799746345686e-09
4.4400000000000004,2220,0.006340014413951588,0.015000158704971542,0,0.13236119096579887,1.6404246310983976e-05,1.7663006536443448e-05,7.3805286239671908e-07,2.3225154141253322e-05,2.7259469317278127,1.2003316302696569,-0.19767014479978648,0.053230933447534663,1.7911212677325894,0.68501858373982649,-1.863998500797438e-07,1.7911361600618929,0.68501170758556496,4.1979425965719175e-09
4.46,2230,0.0063407123533201588,0.015000154128128306,0,0.13236123583321704,1.4045540671405196e-05,1.8899085298673496e-05,7.3504887880840254e-07,2.3536915126363769e-05,2.7262299941473302,1.2003559531649743,-0.19764917601113699,0.053219777266509699,1.7911211824972222,0.68501863629232462,-1.8840277779398717e-07,1.791133896230191,0.68501266962560703,4.1979232319135645e-09
4.4800000000000004,2240,0.0063414106788549224,0.015000149026652157,0,0.13236074893382641,1.164004333924525e-05,1.924308070525986e-05,7.3202767599690448e-07,2.3036072399968081e-05,2.7265128212298917,1.2003802760754481,-0.19762820656460434,0.053208620687599746,1.7911225573400453,0.68501805224067647,-1.9152143989463876e-07,1.7911330549824307,0.68501302712304379,4.1979160359389457e-09
4.5,2250,0.0063421092171795316,0.015000143343443104,0,0.13235998350739298,9.1783523968945301e-06,1.9090959104164312e-05,7.2896455915698803e-07,2.3036072399968081e-05,2.7267955218805127,1.2004045990436436,-0.19760723640328559,0.053197463684093414,1.7911247021831993,0.68501713329606129,-1.9741642225742697e-07,1.7911329338802684,0.68501307858673222,4.1979150000395028e-09
4.5200000000000005,2260,0.0063428077623116884,0.015000140888363439,0,0.13235916602638911,6.6860646966723443e-06,1.939400914049012e-05,7.2765081010787696e-07,2.3099271619960363e-05,2.727078173607389,1.2004289205497924,-0.19758626934580201,0.053186307763532725,1.7911270132107533,0.6850161614834116,-1.8902581745614465e-07,1.7911328825400135,0.68501299042463892,2.5686814310925617e-07
4.54,2270,0.0063435062147852734,0.015000145925707319,0,0.13235821150719504,4.7780334042861509e-06,1.9469034601067135e-05,7.3179914820334181e-07,2.265317472408141e-05,2.7273608002130012,1.2004532410365469,-0.19756530965567529,0.053175149524806974,1.7911291873918211,0.68501532324540759,2.7328406272307898e-07,1.7911325265758566,0.68501237915877722,2.0087399401186185e-06
4.5600000000000005,2280,0.0063442038476502743,0.015000160636248564,0,0.13235584779982321,5.3159828818036323e-06,1.9167170820781278e-05,7.3799610376903648e-07,2.3004407680670755e-05,2.7276431165787733,1.2004775601015945,-0.19754435950641605,0.053163996815050886,1.791130688853366,0.68501406018579147,2.6579760055470244e-06,1.791131570710927,0.68501073773621013,6.7130136158787813e-06
4.5800000000000001,2290,0.0063449000407937682,0.015000178928574139,0,0.13235045835306661,8.2021818779453644e-06,1.8627141836043019e-05,7.4343135721433182e-07,2.2717439178655149e-05,2.7279248749107246,1.2005018781255961,-0.19752341280558317,0.053152849855917936,1.79113097448543,0.68501159935043898,8.7345670099576388e-06,1.791129729761183,0.68500757643552712,1.5773217784057403e-05
4.6000000000000005,2300,0.0063455945516196809,0.015000195143803944,0,0.13234073920490591,1.2010577554361011e-05,1.8627141836043019e-05,7.4873504466602316e-07,2.2813496432377448e-05,2.7282059506372955,1.2005261964649754,-0.19750246389386292,0.053141701765531284,1.7911297962479802,0.68500739541478706,2.0050210199636772e-05,1.7911267285210879,0.68500242267052514,3.0543772007200174e-05
4.6200000000000001,2310,0.0063462870311692321,0.015000209093407782,0,0.13232543979652608,1.6185664719567128e-05,1.8587967992817196e-05,7.536704396480971e-07,2.3162298399097643e-05,2.7284861635856958,1.2005505151927969,-0.1974815125824444,0.053130552410520504,1.7911269465231354,0.68500091513462202,3.8073624795322487e-05,1.7911223016492868,0.68499482079388907,5.2330549441786402e-05
4.6399999999999997,2320,0.006346977155758513,0.015000221731612345,0,0.13230339147410061,2.0540298349598234e-05,1.8899085298673496e-05,7.5845763015469644e-07,2.3412708902503816e-05,2.7287653442185809,1.2005748341614941,-0.19746055982608629,0.053119402223987949,1.7911222478335518,0.68499166427772573,6.4184687754928008e-05,1.791116193554281,0.68498433190087349,8.2391439483292129e-05
4.6600000000000001,2330,0.0063476646053657665,0.015000232983175819,0,0.1322734923942181,2.4970971294900063e-05,1.9014441926092368e-05,7.629246944456371e-07,2.3036072399968081e-05,2.7290433370140939,1.2005991533768938,-0.19743960554968243,0.053108251291147462,1.7911154831586864,0.68497917514637696,9.9683375693439277e-05,1.7911081582801045,0.68497053363298321,0.0001219369104112488
4.6799999999999997,2340,0.0063483490762203118,0.015000243057195245,0,0.13223470316343336,2.9411185389221414e-05,1.8821788102366937e-05,7.6709961804344106e-07,2.3381554252771861e-05,2.7293199950808371,1.2006234728113496,-0.19741864996267261,0.053097099682512347,1.7911064457105335,0.68496300859696901,0.00014580135275558124,1.7910979593919991,0.68495301998165425,0.00017213057203429544
4.7000000000000002,2350,0.0063490302902253441,0.015000252626616336,0,0.13218604309981813,3.3818635521424264e-05,1.943155808007896e-05,7.712621369719431e-07,2.3099271619960363e-05,2.7295951832593834,1.2006477923599046,-0.19739769373853672,0.053085947624776739,1.7910949474930755,0.68494275247051117,0.00020370692579797382,1.7910853698620908,0.68493140109193518,0.00023408973833525141
4.7199999999999998,2360,0.0063497079785370036,0.015000261747840648,0,0.13212658221681139,3.8156947863222927e-05,1.9129102916627893e-05,7.7541239582077512e-07,2.347489416183844e-05,2.7298687773262529,1.200672112018883,-0.19737673693380792,0.053074795138123555,1.791080782338792,0.68491801397200036,0.00027450859492216104,1.7910701719550652,0.68490530306616781,0.00030888599011615715
4.7400000000000002,2370,0.0063503818648705662,0.015000269509989004,0,0.13205543544501308,4.2387661544950601e-05,1.943155808007896e-05,7.7909467673918135e-07,2.3004407680670755e-05,2.7301406567103865,1.2006964319734141,-0.19735577863720929,0.053063641796173747,1.7910637148624411,0.68488841568212011,0.00035926012156950373,1.7910521571138436,0.68487436776766808,0.0003975457376433557
4.7599999999999998,2380,0.0063510516954644013,0.015000276091768737,0,0.13197177109844879,4.6495081025125758e-05,2.0276000680978352e-05,7.8234799478953766e-07,2.3193747562800386e-05,2.7304107019701753,1.2007207521924668,-0.19733481902765654,0.053052487683792907,1.7910435598164041,0.6848536063644699,0.0004589621674070195,1.7910311258452574,0.68483825262440767,0.00050105078329252476
4.7800000000000002,2390,0.0063517172427781255,0.015000282260357066,0,0.13187480551217312,5.0475552106738644e-05,2.0773209379101241e-05,7.8550944244127927e-07,2.3067693653563172e-05,2.730678802720484,1.2007450725299751,-0.19731385887272274,0.053041333165821568,1.7910201599357041,0.68481325617371303,0.00057456540548616924,1.7910068876057255,0.68479663043269423,0.00062033888419376802
4.7999999999999998,2400,0.0063523782687674333,0.015000287161586027,0,0.13176379148443901,5.4310977023735191e-05,2.1429548445808714e-05,7.8810103501339283e-07,2.3350358035739973e-05,2.7309448556408418,1.200769393138984,-0.19729289731756755,0.053030177950338146,1.7909933061997174,0.68476704379997144,0.0007069726044081373,1.7909792606869295,0.68474918916085303,0.00075630431487663677
4.8200000000000003,2410,0.0063530345544209645,0.015000291004271867,0,0.13163802799824095,5.7997153080805092e-05,2.2426798989897964e-05,7.9021307677662224e-07,2.3225154141253322e-05,2.7312087576531661,1.2007937139866813,-0.19727193457122597,0.053019022108493123,1.7909628355328762,0.68471466968644934,0.00085704174365081986,1.7909480721014885,0.6846956317529076,0.00090979842991523098
4.8399999999999999,2420,0.0063536859059012355,0.015000294562033356,0,0.13149685755382906,6.1537213209179265e-05,2.3162298399097643e-05,7.9224689383458249e-07,2.3225154141253322e-05,2.7314704142349675,1.2008180349406952,-0.19725097140785652,0.053007865922508293,1.7909286118622487,0.68465585284311947,0.0010255866489230279,1.7909131574686368,0.6846356759322606,0.0010816302265732117
4.8600000000000003,2430,0.0063543321374466008,0.015000297872612593,0,0.13133966073526068,6.4928257903265705e-05,2.4744711127599622e-05,7.9421282136266719e-07,2.3350358035739973e-05,2.731729740733833,1.2008423559963031,-0.19723000786518574,0.052996709416393693,1.7908904795621285,0.6845903238895007,0.0012133768793064987,1.7908743608998967,0.68456905400537527,0.001272566907448913
4.8799999999999999,2440,0.0063549730736788025,0.015000300924699322,0,0.13116585810720824,6.8167926596881742e-05,2.6287356432399194e-05,7.9609743064800263e-07,2.3099271619960363e-05,2.7319866575802489,1.2008666771572512,-0.19720904393187078,0.052985552592492373,1.7908482883447434,0.68451782806132189,0.0014211395003808202,1.7908315348847574,0.68449551266545616,0.0014833344431203408
4.9000000000000004,2450,0.0063556085509601148,0.015000303712096215,0,0.1309749101570031,7.1255086277597e-05,2.7875415369281657e-05,7.9789100425511933e-07,2.3536915126363769e-05,2.7322410899659269,1.2008909984261218,-0.19718807960169454,0.052974395454274147,1.7908018969639381,0.68443812537416593,0.001649560061115046,1.7907845401763487,0.68441481279613026,0.0017146181347902994
4.9199999999999999,2460,0.0063562384172371859,0.015000306234024293,0,0.1307663169148503,7.4189535914950997e-05,3.0064472461725659e-05,7.9958725362609326e-07,2.2909150924997221e-05,2.7324929677875391,1.2009153198042704,-0.19716711487386157,0.052963238007488429,1.790751173040448,0.68435099028973645,0.0018992833860388776,1.790733245677117,0.68432672927512772,0.0019670631769313773
4.9400000000000004,2470,0.0063568625317629622,0.015000308492092248,0,0.13053961760089475,7.697171800334125e-05,3.2510731868091709e-05,8.0118171574245742e-07,2.3443822150653013e-05,2.7327422255921285,1.2009396412923636,-0.19714614974996192,0.052952080258989259,1.7906959926372028,0.68425621137994841,0.0021709143029629207,1.7906775283245018,0.68423105077796309,0.0022412752199310851
4.96,2480,0.0063574807648879251,0.015000310488709112,0,0.13029439032779025,7.9602529166372519e-05,3.4952621358355786e-05,8.0267095356147002e-07,2.3225154141253322e-05,2.7329888025194027,1.200963962890677,-0.19712518423238753,0.052940922215954575,1.7906362399911093,0.68415359103869633,0.0024650183289973205,1.7906172729766103,0.6841275795816163,0.002537820932736828
4.9800000000000004,2490,0.0063580929978889825,0.015000312226548412,0,0.13003025183937561,8.2083195135315479e-05,3.764357620473439e-05,8.0405227182994769e-07,2.3099271619960363e-05,2.7332326422355666,1.2009882845992135,-0.19710421832379399,0.052929763885572648,1.7905718073315693,0.68404294522499021,0.0027821223242527515,1.7905523722978944,0.68401613136821371,0.0028572285655010599
5,2500,0.0063586991406052911,0.015000314912451582,0,0.12974686119944578,8.4425305870172444e-05,4.0998918112699998e-05,8.0599731170185105e-07,2.2940947124789083e-05,2.7334736937089388,1.2010126062075082,-0.19708325323193682,0.052918605699481099,1.7905026352466322,0.68392410872138221,0.0031227164518310277,1.7904827266448253,0.68389653502870884,0.0031999885122262406
5.0200000000000005,2510,0.0063592991239630713,0.015000319673799709,0,0.12944391746600159,8.6642159443776461e-05,4.4346946078767742e-05,8.0906822747599531e-07,2.3381554252771861e-05,2.7337119177548814,1.2010369274824155,-0.19706229008450316,0.052907448260058706,1.7904286676116508,0.68379692980893958,0.0034872506684529665,1.7904082439515701,0.68376863246656383,0.0035665538734100063
5.04,2520,0.0063598928831352739,0.015000327005748066,0,0.12912115160531229,8.8736074818077703e-05,4.7857040207728578e-05,8.135917558314777e-07,2.3004407680670755e-05,2.7339472834523106,1.2010612483652849,-0.19704132937692712,0.052896291666611965,1.7903498270691967,0.68366126433017294,0.0038761410574625352,1.7903288396156667,0.68363227840143004,0.0039573410186901047
5.0600000000000005,2530,0.006360480341568193,0.015000335192673091,0,0.12877832345781043,9.0688530064277678e-05,5.1792473735518297e-05,8.1867727245984543e-07,2.2972699315936647e-05,2.7341797704018131,1.2010855691789595,-0.1970203693926072,0.052885135175736404,1.7902659647948869,0.68351696943967277,0.0042897660395184983,1.7902444363837,0.68348734017282908,0.0043727301494895848
5.0800000000000001,2540,0.0063610614279132156,0.015000342512191322,0,0.12841523350785647,9.2486267878876303e-05,5.5763903978453549e-05,8.2333592203099091e-07,2.3287840231354886e-05,2.7344093557022076,1.2011098902089714,-0.19699940840807803,0.052873978195092514,1.7901769502369698,0.68336391718962708,0.0047284662247909035,1.7901549642369781,0.68333369754383411,0.0048130658616617281
5.1000000000000005,2550,0.0063616361144323164,0.015000351035458997,0,0.12803173876704024,9.4158551138138656e-05,6.0503583718882237e-05,8.2863404552262371e-07,2.3225154141253322e-05,2.7346360036784434,1.2011342110533467,-0.19697844849545534,0.052862821801516226,1.7900828064406069,0.68320201444878215,0.0051925467915128051,1.7900603602772065,0.68317124250475059,0.0052786577081352284
5.1200000000000001,2560,0.0063622043899648614,0.015000363223845507,0,0.12762772778872097,9.5728230733821849e-05,6.5200586565193118e-05,8.3610494120089838e-07,2.3505925099591037e-05,2.7348596872709301,1.2011585314025714,-0.1969574921172548,0.052851666655591836,1.7899835656878049,0.68303117802618274,0.0056822855934705345,1.789960568612166,0.68299987907679727,0.0057697807615591313
5.1399999999999997,2570,0.0063627662103943787,0.015000376780945112,0,0.12720310341532051,9.7166917551663214e-05,7.00510741072238e-05,8.4455409923563469e-07,2.2940947124789083e-05,2.7350804065175764,1.201182851650705,-0.1969365369759046,0.052840511734558344,1.7898790782565464,0.68285130797469717,0.0061979231800809416,1.789855540241386,0.68281952311578731,0.0062866761769480037
5.1600000000000001,2580,0.0063633215358604731,0.015000389024624035,0,0.12675780874015549,9.8450147926472972e-05,7.5316192777923895e-05,8.5235937572384111e-07,2.3536915126363769e-05,2.7352981611678699,1.2012071721723827,-0.19691558038804735,0.052829356183788097,1.7897692005463606,0.68266231763907104,0.0067396621241106042,1.7897452329418226,0.68263010211580932,0.0068295517543269513
5.1799999999999997,2590,0.006363870354821664,0.015000399606827067,0,0.1262918343410154,9.9579919133103913e-05,8.0897024071630846e-05,8.5926410029743295e-07,2.3225154141253322e-05,2.7355129395067479,1.2012314930363359,-0.19689462200553509,0.052818199850685331,1.789653896678387,0.6824641468529854,0.0073076751554827114,1.7896296111535324,0.6824315550129082,0.0073985825013765981
5.2000000000000002,2600,0.0063644126678557228,0.015000408601928441,0,0.12580520869663109,0.00010056318317036407,8.6875401649470421e-05,8.6526715879125951e-07,2.3004407680670755e-05,2.7357247307825716,1.2012558142333944,-0.19687366190280603,0.052807042763588226,1.7895331552983311,0.68225674921797719,0.0079021032578303636,1.7895086458653493,0.68222383198876624,0.0079939111960783144
5.2199999999999998,2610,0.0063649485904679675,0.015000421894963527,0,0.12529804659828594,0.00010150061020581226,9.2869225918218576e-05,8.7371102281589883e-07,2.3381554252771861e-05,2.7359335131394875,1.201280135366495,-0.19685270596460477,0.052795887153620429,1.789407252465693,0.68204014372493582,0.0085230479460967866,1.7893823145005601,0.68200689427438399,0.0086156489493590775
5.2400000000000002,2620,0.0063654781151206083,0.015000439621872365,0,0.12477043122989456,0.00010237398432263217,9.8993572409384559e-05,8.8489932841289393e-07,2.2781522350186147e-05,2.7361392926561043,1.201304456174459,-0.19683175432756644,0.052784733218072893,1.789276121977831,0.68181428939168043,0.0091705923702405032,1.7892506008025797,0.68178071395376161,0.0092638757677367366
5.2599999999999998,2630,0.0063660011754319203,0.015000456759371483,0,0.12422244652171113,0.00010309467780325319,0.00010552310699881134,8.959823673976832e-07,2.3319120084582497e-05,2.7363420973970722,1.2013287769828971,-0.19681080196892509,0.052773579040201905,1.7891394825368288,0.68157911721643394,0.0098447914118093872,1.7891134947206273,0.68154527376757945,0.0099386411159648625
5.2800000000000002,2640,0.0063665178008834407,0.015000471644150101,0,0.12365425580916631,0.00010365146750746465,0.00011244558706095737,9.0581947923536897e-07,2.2813496432377448e-05,2.736541944036599,1.2013530981250833,-0.19678984722457757,0.052762423883374453,1.7889972821728901,0.68133461526922101,0.010545660827781956,1.7889709922954022,0.68130056691687924,0.01063996447967802
5.2999999999999998,2650,0.0063670280430036157,0.015000483956934259,0,0.12306606512489784,0.00010405229148423161,0.00011980850768396071,9.1410379734023246e-07,2.3036072399968081e-05,2.7367388437230971,1.2013774196879325,-0.19676888977503351,0.052751267598461875,1.7888495391258541,0.68108079171497893,0.011273187479891518,1.7888230955447593,0.68104659686674518,0.011367835928036597
5.3200000000000003,2660,0.0063675319583982211,0.015000493825996082,0,0.12245811509364354,0.00010430785368995419,0.00012739264119506239,9.2084406397548719e-07,2.2845425764212974e-05,2.7369328073503794,1.2014017416618232,-0.19674792974857827,0.052740110238822538,1.7886962882545141,0.6808176656507553,0.012027330146749218,1.7886698123493845,0.68078337714998471,0.012122216676372123
5.3399999999999999,2670,0.0063680296068460637,0.015000501476179914,0,0.12183067934457961,0.0001044276724427862,0.00013541937389908215,9.2613946166020798e-07,2.347489416183844e-05,2.737123848059841,1.2014260640133536,-0.19672696737014472,0.052728951900280673,1.7885375667000003,0.68054526515312785,0.012808019602347577,1.7885111563384712,0.68051093117080985,0.012903039648832038
5.3600000000000003,2680,0.0063685210521049421,0.01500050712261846,0,0.12118406418868732,0.00010441955600950079,0.00014373856831060764,9.301029212106751e-07,2.2781522350186147e-05,2.7373119820579377,1.2014503867086463,-0.196706002854977,0.052717792672891423,1.7883734117159245,0.68026362698687837,0.0136151589713982,1.7883471467753955,0.68022929200851778,0.013710210041025066
5.3799999999999999,2690,0.0063690063627308722,0.015000510950669232,0,0.12051860846087453,0.0001042898625437562,0.00015235972865387435,9.3284151658633741e-07,2.3350358035739973e-05,2.7374972287708057,1.2014747097183596,-0.19668503638853665,0.052706632632679364,1.7882038614226421,0.67997279661127874,0.014448624239656316,1.7881778084433919,0.67993850222117225,0.014543605882665947
5.4000000000000004,2700,0.0063694856125866995,0.01500051311865771,0,0.11983468332853184,0.00010404384699763904,0.00016128866612460206,9.3445396671295895e-07,2.2717439178655149e-05,2.7376796107885126,1.2014990330176119,-0.19666406812923967,0.052695471843622534,1.7880289558761173,0.67967282818622921,0.01530826480840543,1.7880031715312295,0.67963861364928424,0.015403078600220825
5.4199999999999999,2710,0.006369958881120962,0.015000513763776806,0,0.11913269204490612,0.00010368594956968877,0.00017040860011234061,9.350317867028357e-07,2.262097403300073e-05,2.7378591537790129,1.2015233565850167,-0.19664309821435053,0.052684310360687214,1.7878487379093391,0.67936378453238866,0.016193904056291387,1.7878232715188866,0.67932968721949327,0.016288453579551988
5.4400000000000004,2720,0.0063704266312976697,0.015000511063701654,0,0.11841320949458231,0.00010340425191917649,0.00017890174344907747,9.3185153358981982e-07,2.2940947124789083e-05,2.7380359668285044,1.2015476842330783,-0.19662212480088789,0.052673146391381022,1.7876636193355364,0.67904586474551631,0.017105282102336288,1.787638149063228,0.67901179274824819,0.017199530728563214
5.46,2730,0.0063708888338512163,0.015000509450473928,0,0.11767661202806651,0.00010315138458601426,0.00018710698302827625,9.2846688726392608e-07,2.2524095754713237e-05,2.7382100449552569,1.2015720139594106,-0.19660115232915368,0.052661982284058606,1.7874736085215543,0.67871910760630128,0.018042202302304085,1.7874478498836799,0.67868500874548798,0.018136085039844593
5.4800000000000004,2740,0.0063713452508039805,0.015000510907040198,0,0.11692118005361865,0.00010275077770595178,0.00019585500453077266,9.2752312143801601e-07,2.2972699315936647e-05,2.7383813646420427,1.2015963423354836,-0.19658018280084388,0.052650819762863982,1.7872783994538506,0.67838347747220473,0.019004468697986034,1.7872524246479051,0.67834942221832351,0.019097867153317793
5.5,2750,0.0063717959900483241,0.015000511931260084,0,0.11614603145190031,0.00010217844619199322,0.00020507991313976543,9.2660673521176885e-07,2.3036072399968081e-05,2.7385499917247316,1.201620670100765,-0.19655921271175719,0.052639657222581529,1.7870779361631159,0.67803905941500175,0.01999179903640599,1.7870519288574795,0.67800512847471761,0.020084603918880884
5.5200000000000005,2760,0.0063722411927218644,0.015000510928115069,0,0.11535227851465699,0.00010144305585628543,0.00021469988324558935,9.2457741593800643e-07,2.3036072399968081e-05,2.7387159828039227,1.2016449976938934,-0.19653824046526464,0.052628493906149959,1.7868722691831647,0.67768596506073486,0.021003886729370994,1.7868464227335681,0.67765223092716675,0.021095998959053713
5.54,2770,0.0063726810005191809,0.015000507494133808,0,0.11454288969407897,0.0001005598699722542,0.00022462847911353161,9.2113760993287202e-07,2.2717439178655149e-05,2.7388793867229042,1.2016693252713766,-0.19651726565719918,0.052617329608523292,1.786661488838494,0.67732431549218164,0.022040406433585548,1.7866359711025996,0.6772908408963817,0.022131733231622569
5.5600000000000005,2780,0.0063731155531334995,0.01500050172151661,0,0.11371863415207259,9.9544315398546331e-05,0.00023485449280965948,9.1635221929815001e-07,2.3036072399968081e-05,2.7390402499978248,1.2016936528681386,-0.19649628837950739,0.052606164352641843,1.7864456972641771,0.6769542384475391,0.023101012761366845,1.7864206432819429,0.67692107741496854,0.023191465592285666
5.5800000000000001,2790,0.0063735449892477992,0.015000493860215939,0,0.11288014677301811,9.8409991023252691e-05,0.00024531993874448061,9.1040903051431368e-07,2.2813496432377448e-05,2.7391986196478482,1.2017179804775884,-0.19647530888207043,0.05259499823279927,1.7862249980533274,0.67657586772137257,0.024185339661823541,1.7862005129655829,0.67654306703110989,0.024274833357297777
5.6000000000000005,2800,0.0063739694476535307,0.015000484181140843,0,0.11202808894164892,9.7168162680543694e-05,0.00025599545364517423,9.0351870369798817e-07,2.2685329707937426e-05,2.7393545443456091,1.2017423080836349,-0.19645432743578312,0.052583831352549341,1.7859994933149539,0.67618934298944999,0.025293000533243452,1.7859756581097956,0.67615694361224565,0.025381452866115727
5.6200000000000001,2810,0.0063743890681313932,0.01500047292965764,0,0.11116254624996663,9.5827900118864822e-05,0.00026683397412261152,8.9587910205665938e-07,2.2940947124789083e-05,2.7395080747929157,1.2017666356715695,-0.19643334428600412,0.052572663804414978,1.7857692835820669,0.67579480979538631,0.026423588621257103,1.7857461608188248,0.67576284814875431,0.026510920044043013
5.6399999999999997,2820,0.0063748039921066799,0.015000460315162363,0,0.11028398278550058,9.4396456233883621e-05,0.00027782954129680003,8.8766610617338856e-07,2.2717439178655149e-05,2.7396592637924644,1.2017909632307344,-0.19641235964211196,0.052561495665774463,1.7855344686446517,0.67539241959539398,0.027576677506510026,1.7855121072305566,0.67536092855763352,0.027662810964875252
5.6600000000000001,2830,0.0063752143631120176,0.015000446513387975,0,0.10939420084855114,9.2879685326846233e-05,0.00028891377246993385,8.7903414915293007e-07,2.262097403300073e-05,2.7398081662019438,1.2018152907543467,-0.19639137367980497,0.052550327000176311,1.7852951485388442,0.67498232979774075,0.028751821622113857,1.7852735874021963,0.67495133948618147,0.028836682413545027
5.6799999999999997,2840,0.0063756203270850173,0.015000431672216851,0,0.10849398331060797,9.1282412843317053e-05,0.00030012056397842409,8.7011962591055584e-07,2.262097403300073e-05,2.7399548388471917,1.2018396182385502,-0.19637038654692071,0.052539157859995758,1.7850514244143165,0.67456470376751343,0.029948556784561993,1.7850306951959434,0.67453424211567781,0.030032072448766867
5.7000000000000002,2850,0.006376022032528135,0.015000415917674719,0,0.1075841379538178,8.9608730444297997e-05,0.00031136880240236397,8.610445867096325e-07,2.2165253030559974e-05,2.740099340414647,1.2018639456814413,-0.19634939836943124,0.052527988289047305,1.7848033992040786,0.67413971078928037,0.031166400732857948,1.7847835281646673,0.67410980396506437,0.03124850096568264
5.7199999999999998,2860,0.0063764196305583281,0.015000399359035467,0,0.10666549683435728,8.7862218081563706e-05,0.00032261574493838154,8.5191985353505607e-07,2.2394272795856101e-05,2.7402417313582097,1.2018882730822471,-0.1963284092565529,0.052516818324757637,1.7845511781001639,0.67370752599071504,0.032404853673332137,1.7845321874375839,0.67367819869462664,0.032485470258506198
5.7400000000000002,2870,0.0063768132748725026,0.015000382092859615,0,0.10573891556809667,8.6046104923512379e-05,0.00033388553830374231,8.4284735298064968e-07,2.2426798989897964e-05,2.7403820737907125,1.2019126004407124,-0.19630741930478951,0.052505647999863236,1.7842948688657287,0.67326833023398414,0.033663398828560155,1.7842767776059298,0.67323960590967435,0.033742465583168797
5.7599999999999998,2880,0.0063772031216514282,0.01500036420604744,0,0.10480527254114064,8.4163382969583143e-05,0.00034514849030926762,8.3392168618010225e-07,2.262097403300073e-05,2.7405204313908529,1.2019369277567016,-0.19628642860098416,0.052494477343686057,1.7840345820195329,0.67282230998208181,0.034941502989289629,1.7840174066086398,0.67279421096422265,0.035018955719963822
5.7800000000000002,2890,0.0063775905297936983,0.015000307990787774,0,0.10386586185633215,8.2587383964156003e-05,0.00035377561346493501,8.0655486785037058e-07,2.2491710265994076e-05,2.7406573472831561,1.2019612732725076,-0.1962653993559843,0.052483282429874378,1.7837706132465017,0.6723699790492822,0.036238371183380746,1.7837541856180208,0.67234220476467321,0.036314393536192251
5.7999999999999998,2900,0.006377975305103898,0.01500022704886962,0,0.10292042754047184,8.1176613280853899e-05,0.00036080397519631924,7.7563841302627363e-07,2.2459278078588273e-05,2.7407927385778614,1.2019856310662131,-0.19624434519637718,0.05247207211255811,1.7835030786327684,0.67191140733239407,0.037553548233804857,1.7834872289254291,0.67188378357349499,0.037628216548807235
5.8200000000000003,2910,0.0063783565217853996,0.015000156079988929,0,0.10196486449796821,7.9565254338584456e-05,0.00036867602937838624,7.5831726641740382e-07,2.2230927998283902e-05,2.7409262493153324,1.202009984494832,-0.1962233008973141,0.052460868180808237,1.7832319111727599,0.67144647905958976,0.038886697635981009,1.7832166538269452,0.67141914881290543,0.038959847487059641
5.8399999999999999,2920,0.006378734312083776,0.01500009386687929,0,0.10100497824125151,7.7741110800540577e-05,0.00037736408839494326,7.5146308561665497e-07,2.2198114802541581e-05,2.741057957852135,1.2020343334729182,-0.19620226524361947,0.052449669653565685,1.7829571379274258,0.67097539273315998,0.040237218200471443,1.78294258050905,0.67094850686855145,0.040308694855142629
5.8600000000000003,2930,0.0063791089066683668,0.015000037403667401,0,0.10004228663212758,7.5740645318134273e-05,0.00038655303091308636,7.5213684339661279e-07,2.265317472408141e-05,2.7411879709117795,1.2020586789773728,-0.19618123522514974,0.052438474818434409,1.7826788498179269,0.67049839055437654,0.041604471107002161,1.7826651319343001,0.67047206889319011,0.041674153494837218
5.8799999999999999,2940,0.0063794805295117494,0.014999984830432895,0,0.099077807360729853,7.3597097399035052e-05,0.00039608288492226564,7.5850925551628387e-07,2.2000207897163392e-05,2.7413163842177162,1.2020830216920073,-0.19616020897875341,0.052427282631103571,1.7823971752182473,0.67001571409671246,0.042987814495296574,1.7823844337270038,0.66999005061037031,0.043055605148156859
5.9000000000000004,2950,0.006379849391682452,0.014999935212041352,0,0.098112815029504113,7.1337612125760343e-05,0.00040582727275880587,7.693338308627184e-07,2.2491710265994076e-05,2.7414432842037115,1.2021073620317879,-0.19613918556722004,0.052416092535300357,1.7821122620021639,0.66952760288546032,0.044386602326358791,1.7821006140588971,0.66950267211811287,0.044452419019992903
5.9199999999999999,2960,0.0063802156951225418,0.014999888131666063,0,0.097148767306882294,6.8984855149299289e-05,0.00041570974418081376,7.8362479406847748e-07,2.206637408534863e-05,2.7415687523034507,1.2021317002615211,-0.19611816457231235,0.052404904241323429,1.7818242665715036,0.66903429648114487,0.045800181234523667,1.7818138035348183,0.66901015769259253,0.045863952340759309
5.9400000000000004,2970,0.0063805796353186266,0.01499984342960785,0,0.0961859251149072,6.6557718726147696e-05,0.00042560766125443971,8.0053227643428648e-07,2.1733528855063329e-05,2.7416928675695877,1.2021560365696908,-0.19609714583326668,0.052393717592514454,1.7815333476351631,0.66853603539272699,0.047227889125648466,1.7815241350783853,0.66851273559181823,0.047289550929038048
5.96,2980,0.0063809414027674351,0.014999801060876373,0,0.095219195876450613,6.4071673171099068e-05,0.00043545803962167281,8.1930754543168906e-07,2.2132342465963256e-05,2.74181570803654,1.2021803711055179,-0.19607612930421714,0.052382532494755524,1.7812396630427925,0.6680330613838763,0.048669054790381271,1.7812317438176704,0.66801063785931414,0.048728549754223763
5.9800000000000004,2990,0.0063813017643426402,0.014999839042400633,0,0.094255724554183545,6.1534790359244696e-05,0.00044789684820866269,8.0702702626288986e-07,2.1867274910380131e-05,2.7419370784813228,1.202204677331834,-0.1960551931192534,0.052371388170216401,1.7809444962296153,0.66752573212331845,0.050123187198239695,1.7809367669708756,0.66750410012780104,0.050180273499169301
6,3000,0.0063816675168221256,0.014999914203942486,0,0.093297083544928716,5.8766411865601709e-05,0.00046565193493939709,7.8345855895917875e-07,2.1900583802360337e-05,2.7420591067549105,1.2022289701628261,-0.19603429402154898,0.052360266891099599,1.7806472001419449,0.66701396661785373,0.05158956516741775,1.7806393437320096,0.66699336142287735,0.051644037122830347
6.0200000000000005,3010,0.0063820398304658818,0.01499997679658145,0,0.092344627738827983,5.6070105044071826e-05,0.00048720486710251363,7.7021382453952601e-07,2.1800504449438904e-05,2.7421823083337786,1.2022532704396711,-0.19601338215750672,0.052349139188763778,1.7803478472128265,0.66649819361816964,0.053067236090193912,1.7803396151565625,0.66647866396669941,0.053119146422910733
6.04,3020,0.0063824168318856915,0.01500004945116162,0,0.091399708271359709,5.3641844640673996e-05,0.00050908969731180964,7.6474225452968086e-07,2.183391520383078e-05,2.7423061073101103,1.2022775715802423,-0.19599248020173349,0.052338013914632768,1.7800469986159706,0.66597893033930522,0.054555476071439603,1.7800377240471819,0.6659602529816635,0.054604898598507333
6.0600000000000005,3030,0.0063827975470814539,0.015000100054924255,0,0.090462996437834647,5.0891606469055772e-05,0.00053199621750232981,7.6576817591874922e-07,2.206637408534863e-05,2.7424305726817111,1.2023018764469973,-0.19597155603872246,0.052326879631698707,1.7797428492268026,0.66545597355784614,0.056053692741318627,1.7797338148393482,0.66543837649408599,0.056100582812755415
6.0800000000000001,3040,0.0063831816461863682,0.015000163722741959,0,0.089536032855153852,4.8232043685627606e-05,0.00055357461275777902,7.7716221708996919e-07,2.1900583802360337e-05,2.7425554162611614,1.2023261758355552,-0.1959506448366912,0.052315748737414354,1.7794367015039572,0.66493003229583336,0.057561087870664204,1.7794280334870516,0.66491328513788484,0.057605480755473192
6.1000000000000005,3050,0.0063835688346348986,0.01500020905869376,0,0.08861955053714457,4.543112126231368e-05,0.00057533195484694175,7.8934464682287659e-07,2.183391520383078e-05,2.7426806652044404,1.2023504806040051,-0.19592971514380358,0.05230460990017969,1.779128384335295,0.66440098720212737,0.059076986102338205,1.7791205273484658,0.66438523195826027,0.059118867205807502
6.1200000000000001,3060,0.0063839589614286228,0.015000247995023393,0,0.087714065376274242,4.2612101915943503e-05,0.00059637173968637579,8.0277099639788472e-07,2.2132342465963256e-05,2.7428062318407904,1.2023747874299646,-0.19590877891334593,0.052293467833884423,1.7788184131068208,0.66386923384589058,0.060600649040287856,1.7788114450716257,0.6638544722153763,0.06064001059487828
6.1400000000000006,3070,0.0063843515529957654,0.015000273411961805,0,0.08680921040363071,3.9713089914622342e-05,0.00061684422150382035,8.1287064514220837e-07,2.1598954627055457e-05,2.7429320347695558,1.202399098342003,-0.19588782901313645,0.052282319794228878,1.778506778385599,0.6633349417563259,0.062131351042432538,1.7785009364801017,0.66332126318804085,0.062168173568424086
6.1600000000000001,3080,0.0063847465458464481,0.015000294536418813,0,0.085907029767074067,3.6828831599870875e-05,0.00063597369104364935,8.2228547201985517e-07,2.2296409518597789e-05,2.7430580344001743,1.202423410756075,-0.1958668746862362,0.052271169429032129,1.7781938975659861,0.66279848606650382,0.063668342137745804,1.7781891524586764,0.66278586397738781,0.063702613549446785
6.1799999999999997,3090,0.0063851414113167589,0.015000417727157796,0,0.085019936171443128,3.4216064746328442e-05,0.0006590291992947967,8.9414776220602835e-07,2.1699963539503996e-05,2.743183387419899,1.2024476846558645,-0.19584602250541414,0.052260059667456026,1.7778799488031805,0.66226112507358259,0.065210983971699804,1.7778762448390195,0.66224853531055716,0.065242583300856971
6.2000000000000002,3100,0.0063855395280898748,0.015000493432010702,0,0.084147810917589994,3.1489732593491529e-05,0.00067854973143456664,9.4580370804490039e-07,2.2263692832568247e-05,2.7433093183704189,1.2024719773261943,-0.19582512260697113,0.052248931081665929,1.7775651955260998,0.66172157375206575,0.06675836993278704,1.7775623662853643,0.66170953934437637,0.066787331488118828
6.2199999999999998,3110,0.0063859404984709092,0.015000482839428859,0,0.083291514047595244,2.85505881977162e-05,0.00069508396722401809,9.4002652059391574e-07,2.206637408534863e-05,2.7434359671012731,1.2024962987478289,-0.19580413613911321,0.052237766534206261,1.7772489415823269,0.66117987951938906,0.068309680317349061,1.7772476701801829,0.66116913946904154,0.06833610324189493
6.2400000000000002,3120,0.0063863433029996775,0.015000476718716863,0,0.082452777731506027,2.5695886517107032e-05,0.00070848810174470192,9.3762456808510384e-07,2.1767042412140833e-05,2.7435627587970646,1.2025206190689171,-0.19578315402117191,0.052226602924120062,1.7769322700824286,0.66063713013883785,0.069864277453226306,1.7769323105098622,0.66062760011179789,0.069888140720692021
6.2599999999999998,3130,0.0063867478180067465,0.015000460277550368,0,0.081632512788153228,2.290573559005384e-05,0.00072110876557509847,9.2927988778616943e-07,2.1666346224911465e-05,2.7436897930107453,1.202544941856126,-0.19576216144584149,0.052215433923377422,1.7766148930098955,0.66009350194143357,0.07142139686455759,1.7766164417503794,0.66008518654062154,0.071442683673505161
6.2800000000000002,3140,0.0063871540646076334,0.015000434642861386,0,0.080831556613128797,2.0139674368716967e-05,0.00073174029997177359,9.1421624512417442e-07,2.1933842111273517e-05,2.7438170341223955,1.2025692687576479,-0.19574115952388885,0.052204261798038935,1.7762972546616373,0.65954917459108919,0.072980323779707257,1.7763002187529777,0.6595421646678995,0.072998970002463581
6.2999999999999998,3150,0.0063875617096295495,0.015000416064195235,0,0.080051086971541952,1.7619193107090409e-05,0.00074193273726391436,9.0587658961742272e-07,2.1733528855063329e-05,2.743944444246059,1.2025935917979971,-0.19572016455642338,0.052193090870215522,1.7759793041233922,0.65900466237808686,0.074540239579298978,1.7759837966298424,0.65899880085411167,0.074556236325475256
6.3200000000000003,3160,0.0063879712082224455,0.01500039404211654,0,0.079291819968076355,1.5261212909562419e-05,0.00075017024389485004,8.9508571973998893e-07,2.1800504449438904e-05,2.7440721295028863,1.2026179174273812,-0.19569916600230564,0.052181918294441847,1.7756616337657063,0.65846009713363118,0.076100375899603806,1.7756673306397763,0.6584553617115112,0.076113718538872208
6.3399999999999999,3170,0.0063883824481697086,0.015000360654559678,0,0.078554516993331075,1.3269561539540461e-05,0.00075709361949151757,8.7885272422771188e-07,2.1767042412140833e-05,2.7442001768753261,1.2026422462763353,-0.19567815593972579,0.052170740253611854,1.7753439618323374,0.65791564402186475,0.077659955652806964,1.7753509760738755,0.65791211390780568,0.077670652380055411
6.3600000000000003,3180,0.0063887946856587118,0.015000350499617164,0,0.077840385977900328,1.2150590858488783e-05,0.00076228743842593743,8.8132651465675893e-07,2.2198114802541581e-05,2.7443284215749006,1.2026665638063927,-0.19565716905281252,0.052159567211224514,1.775026168846497,0.65737197450031792,0.079218237483051582,1.775034888141205,0.65736932396983816,0.079226273990139914
6.3799999999999999,3190,0.0063892092329636075,0.01500032807859358,0,0.077147928123173504,1.1462300953881082e-05,0.00076505169635325023,8.7535658773128153e-07,2.2000207897163392e-05,2.744457179855357,1.2026908879068179,-0.19563616972809586,0.052148390145725136,1.7747092587504842,0.65682897819719632,0.080774420279949397,1.7747192218544749,0.65682725808726838,0.080779820476599845
6.4000000000000004,3200,0.0063896260486402175,0.015000265801450354,0,0.076461418605836162,1.1790334114370547e-05,0.00076790188250237042,8.5011001263574981e-07,2.1967050066869309e-05,2.744586627710031,1.2027152251549167,-0.19561513035427924,0.052137197812622119,1.7743926858714241,0.65628656656830409,0.082327728317565158,1.7744041319157153,0.6562861819162531,0.082330530475913752
6.4199999999999999,3210,0.0063900445836634909,0.015000191596040701,0,0.075780229934772819,1.338879831141966e-05,0.00077036218936177108,8.2807325602821036e-07,2.206637408534863e-05,2.7447166324661691,1.2027395642698167,-0.19559407892474279,0.052125998557139452,1.774076427211511,0.65574530229132022,0.083877442439406175,1.7740897726019529,0.65574636038312795,0.083877644716209218
6.4400000000000004,3220,0.006390465042240571,0.015000118749716865,0,0.075121213550097737,1.5576895184507377e-05,0.00077156294854889367,8.1543336390615094e-07,2.1598954627055457e-05,2.7448471943739867,1.2027639024917702,-0.19557302873274313,0.052114798704075371,1.773761097496092,0.65520564602191067,0.085422810699017762,1.7737762976508864,0.65520805748808764,0.085420406579908195
6.46,3230,0.0063908876425496641,0.015000056229115709,0,0.074487944534465445,1.7655124119202014e-05,0.00076931780458774283,8.1132007533084741e-07,2.2132342465963256e-05,2.744978310622288,1.2027882395732075,-0.19555198872960092,0.05210360298671507,1.7734473281044965,0.65466794102863246,0.086963109486254256,1.7734638601465615,0.65467153610886775,0.086958062666371946
6.4800000000000004,3240,0.0063913123292903525,0.015000003047328616,0,0.073880841260014596,1.9802727285841622e-05,0.0007670385306035684,8.1325866566592978e-07,2.2000207897163392e-05,2.745110035215649,1.2028125741657569,-0.19553095794630057,0.052092411587857733,1.7731349936032412,0.65413233801096904,0.088497573696988602,1.7731526124050483,0.65413705780442477,0.088489863354546394
6.5,3250,0.006391739170796152,0.014999953617653225,0,0.073300305615754846,2.2217654864159343e-05,0.00076590396381589186,8.200216834977105e-07,2.1632676668865267e-05,2.7452424785517877,1.2028369066787221,-0.1955099308027449,0.052081221705640307,1.7728239481458277,0.65359902775060463,0.090025431242097387,1.7728427058601148,0.65360488261861827,0.090015063365606662
6.5200000000000005,3260,0.0063921683927114538,0.014999908095787481,0,0.072746749659235832,2.4706227058283925e-05,0.00076378439604640822,8.302731372313089e-07,2.2033315828455735e-05,2.745375719378484,1.2028612382255122,-0.1954889074400166,0.052070033116408822,1.7725144788817873,0.65306831739460902,0.091545943709889707,1.7725342909489048,0.65307526888389089,0.091532922325602714
6.54,3270,0.0063926001189058999,0.014999867499618791,0,0.07222047965207351,2.7202180101461371e-05,0.00076062272000837797,8.4267646421589923e-07,2.1463536648682345e-05,2.745509815777238,1.2028855686819451,-0.19546788887489494,0.052058846458441846,1.7722067756591513,0.6525404655754321,0.09305837811449709,1.7722275169976125,0.65254847302494978,0.093042705328103714
6.5600000000000005,3280,0.0063930344585062752,0.014999832173039714,0,0.071721728417390773,2.9688927335977479e-05,0.00075656678480385371,8.560532752558037e-07,2.2329078268013787e-05,2.7456448292281967,1.2029098979843007,-0.19544687545101583,0.052047662006566471,1.7719009853640422,0.65201572071019998,0.094562004351247259,1.7719225321071577,0.65202474936244759,0.094543683496843944
6.5800000000000001,3290,0.0063934715204271124,0.014999801964524957,0,0.071250659520170123,3.2166269129172646e-05,0.0007516641800955191,8.6953551914495178e-07,2.1565179853261896e-05,2.7457808247248812,1.2029342261715175,-0.19542586701644277,0.052036479749364345,1.7715972384173704,0.65149432888936643,0.096056097007579805,1.7716194830388632,0.65150434991666351,0.096035134548367124
6.6000000000000005,3300,0.0063939114147086151,0.014999776490752233,0,0.070807366160072188,3.4637477886974412e-05,0.00074598420431327029,8.8255110120364535e-07,2.206637408534863e-05,2.7459178685791343,1.2029585533339695,-0.19540486318733952,0.052025299539263076,1.7712956607898149,0.65097653487957852,0.097539937209069269,1.7713185151001285,0.650987524211184,0.097516343354671853
6.6200000000000001,3310,0.006394354251603826,0.014999755298725735,0,0.070391869941315799,3.7104879280341113e-05,0.00073957892627324773,8.947519701260594e-07,2.1933842111273517e-05,2.7460560269031129,1.202982879577656,-0.19538386351018944,0.052014121184856106,1.7709963788227419,0.65046258193445705,0.099012813849839496,1.7710197720301075,0.65047451907658427,0.098986602505856586
6.6400000000000006,3320,0.0063948001405633942,0.014999737944718568,0,0.07000412022291308,3.9568815915022982e-05,0.00073247310581144758,9.0594300065741689e-07,2.1531352099333316e-05,2.7461953648158901,1.2030072050064755,-0.1953628675407815,0.052002944495414045,1.7706995206495324,0.64995271143734867,0.10047402440145908,1.7707233958853825,0.64996557845410885,0.10044521287276463
6.6600000000000001,3330,0.0063952491894393379,0.014999724025671566,0,0.069636564716292287,4.2027838427582111e-05,0.00072468536429949029,9.1602835526940936e-07,2.1933842111273517e-05,2.746335946075527,1.2030315297151795,-0.19534187487562737,0.051991769298572826,1.7704052161167569,0.64944716252050139,0.10192287551660084,1.7704295269256412,0.64946094319935266,0.10189148416962929
6.6799999999999997,3340,0.0063957015016570034,0.014999713266256235,0,0.06927399792784944,4.4480353244416974e-05,0.00071628606912591127,9.2493836423995381e-07,2.1900583802360337e-05,2.7464778319054037,1.2030558537608103,-0.19532088523912186,0.051980595489115461,1.7701135962521588,0.64894617049803527,0.10335868459581966,1.7701383034993519,0.64896085088594213,0.10332473551671885
6.7000000000000002,3350,0.0063961571052249186,0.014999706899809078,0,0.068924159871274371,4.695565164145873e-05,0.00070738225160002911,9.3228697855798734e-07,2.1395506250453509e-05,2.7466210478058106,1.2030801765449268,-0.19529989986829016,0.051969423493261085,1.7698248003961361,0.64844988147180882,0.10478078847825585,1.7698498619294387,0.64846553560921627,0.10474429600298184
6.7199999999999998,3360,0.0063966161216820116,0.014999704442458753,0,0.068601023149235302,4.9437025558227485e-05,0.00069796922454991588,9.3817469700378505e-07,2.2132342465963256e-05,2.7467656635182971,1.2031044982247898,-0.19527891827867269,0.051958253093956339,1.7695389566839215,0.64795856098044924,0.10618851943871464,1.7695643363989586,0.64797522778990757,0.10614950524869154
6.7400000000000002,3370,0.0063970787196449726,0.014999704205001763,0,0.068304575104024157,5.1887298513143667e-05,0.00068794874427242133,9.4305900381599794e-07,2.1800504449438904e-05,2.7469117702402555,1.2031288194853613,-0.195257938776982,0.051947083653325885,1.7692561873395556,0.64747251961964458,0.10758121451494521,1.7692818588367756,0.64749015397782284,0.10753971396809198
6.7599999999999998,3380,0.0063975452771495057,0.014999703140012977,0,0.068034531474644111,5.4094443856504591e-05,0.00067580808774932416,9.4455940692690757e-07,2.206637408534863e-05,2.7470594760389591,1.2031531432017872,-0.19523695828472465,0.051935916857828827,1.7689769148670778,0.64699215357575912,0.10895822380573549,1.7690025588032379,0.64701053665552433,0.10891428453204205
6.7800000000000002,3390,0.0063980154557232629,0.014999707986659457,0,0.067790223409756878,5.6315243742566893e-05,0.00066376494719315817,9.4402161050006043e-07,2.206637408534863e-05,2.7472087239358345,1.2031774652440861,-0.19521598357998515,0.051924752309756253,1.7687009617679967,0.64651743894773828,0.1103189493424773,1.7687265633758524,0.64653659404201114,0.1102725915306611
6.7999999999999998,3400,0.0063984891903172319,0.014999717218753622,0,0.067571043749391435,5.8692984410545368e-05,0.00065267072470085136,9.4470182726910914e-07,2.1867274910380131e-05,2.7473595629378043,1.2032017845726581,-0.19519501315474019,0.051913587170002579,1.7684281865496176,0.64604847737740834,0.11166276841886306,1.7684539970349615,0.64606853989639934,0.11161402233597362
6.8200000000000003,3410,0.0063989671685089318,0.014999720735980512,0,0.067375306773570065,6.0873623336551048e-05,0.00063964913026724659,9.4389379566405416e-07,2.1497471115166028e-05,2.7475121942824194,1.2032261073827664,-0.19517403684859722,0.051902422655008343,1.7681591642588015,0.64558581420473526,0.11298904339971907,1.7681849815494177,0.64560658332160403,0.11293797766455499
6.8399999999999999,3420,0.006399449341872347,0.014999723565249657,0,0.067203233550711644,6.2879762286923165e-05,0.00062534825420187913,9.398687995968084e-07,2.206637408534863e-05,2.7476666029083456,1.2032504321250401,-0.1951530596966598,0.051891260812872743,1.7678940610620386,0.64512960510251838,0.11429721165571446,1.7679196358622602,0.64515092856801926,0.11424387214017562
6.8600000000000003,3430,0.0063999354708548064,0.014999730215851721,0,0.06704750809524615,6.4887476126282298e-05,0.00061109679983926805,9.3425488424667878e-07,2.2033315828455735e-05,2.7478227585503148,1.2032747558767654,-0.19513208623743675,0.05188010079475678,1.7676327522668627,0.64467987426634932,0.11558671776110462,1.7676580759763907,0.64470177483719993,0.11553113485644682
6.8799999999999999,3440,0.006400425633071128,0.014999738480322997,0,0.066910329464087565,6.6912934003383762e-05,0.00059689586474967016,9.2829845005135302e-07,2.2491710265994076e-05,2.7479807255187092,1.2032990790559648,-0.19511111426322966,0.051868941292384903,1.7673752793629596,0.64423680887668311,0.11685699379592877,1.7674004148402482,0.64425931608554221,0.11679920993946535
6.9000000000000004,3450,0.0064009199251162672,0.014999747164613549,0,0.066795034202111053,6.8941838655340936e-05,0.0005826215419739969,9.2251664746725936e-07,2.1867274910380131e-05,2.7481405616494863,1.2033234019771102,-0.19509014257865481,0.051857781718250319,1.7671217459237722,0.64380061063099681,0.11810749170275486,1.7671467622334855,0.64382374082796501,0.1180475571104586
6.9199999999999999,3460,0.0064014184330789163,0.014999755849977049,0,0.066700776217275159,7.0957789819155775e-05,0.00056822468709361994,9.1704691271510406e-07,2.1900583802360337e-05,2.7483023155565593,1.2033477247773736,-0.19506917076414682,0.051846621895616174,1.7668722726230774,0.64337147318969989,0.11933768390055274,1.7668972246526449,0.64339523194159043,0.1192756522484299
6.9400000000000004,3470,0.0064019212314187285,0.014999764495105452,0,0.066618614624407352,7.2947735883286766e-05,0.0005537181218884179,9.118652014838342e-07,2.2524095754713237e-05,2.7484660299040029,1.2033720474908161,-0.19504819877802204,0.051835461840231314,1.7666269801230838,0.6429495805884593,0.12054706167345811,1.7666519051968335,0.64297396646942528,0.12048298795280302
6.96,3480,0.0064024283857202534,0.014999773203133471,0,0.066553258440288643,7.4901926424817862e-05,0.00053905242403758655,9.068993491038236e-07,2.206637408534863e-05,2.7486317438125432,1.2033963701054662,-0.19502722672329165,0.051824301637270885,1.7663859834349083,0.6425351083641696,0.12173513421670305,1.766410903453399,0.64256011542404168,0.12166907410606793
6.9800000000000004,3490,0.006402939957378409,0.014999782028303986,0,0.066506498583743051,7.6811957397585019e-05,0.00052426985554888505,9.021019391810633e-07,2.2394272795856101e-05,2.7487994952249126,1.2034206926293238,-0.19500625465400695,0.051813141340480852,1.7661493902963494,0.64212822580437234,0.1229014277430812,1.7661743153836063,0.64215384359125849,0.12283343843642534
7,3500,0.0064034560032329504,0.014999790986456946,0,0.066477405041103887,7.86708728193247e-05,0.0005093373435110949,8.9744457365357304e-07,2.2556434745889217e-05,2.7489693206242909,1.2034450150814267,-0.19498528258578821,0.051801980979843495,1.7659173013812577,0.6417290952325575,0.1240454864471969,1.7659422332083117,0.64175530933382186,0.1239756270804319
7.0200000000000005,3510,0.0064039765742046305,0.01499980011475434,0,0.066465027046384934,8.0473536171550978e-05,0.00049430176233538714,8.9289845169836548e-07,2.2394272795856101e-05,2.7491412542230527,1.2034693374666832,-0.19496431055567137,0.051790820594086934,1.7656898110342931,0.64133787093078076,0.12516687370922305,1.7657147452936397,0.64136466439508644,0.12509520514564534
7.04,3520,0.0064045017167787864,0.014999809437413138,0,0.066463147777293924,8.2215716357316427e-05,0.00047913971758364681,8.8844464368536219e-07,2.2000207897163392e-05,2.7493153284622283,1.2034936597910781,-0.19494333858775983,0.051779660212457203,1.7654670077399717,0.64095469980789166,0.12626517231586579,1.765491936036659,0.64098205370269656,0.12619175727326948
7.0600000000000005,3530,0.0064050314713768701,0.014999819032973703,0,0.066466418869983696,8.3894556470686757e-05,0.00046388437951412468,8.8405776516234703e-07,2.2165253030559974e-05,2.7494915731230622,1.2035179820337709,-0.1949223667606409,0.051768499889301045,1.7652489747415334,0.64057972028766019,0.12733998556175646,1.765273885751057,0.64060761517226672,0.1272648882007994
7.0800000000000001,3540,0.0064055658765613975,0.01499982890313384,0,0.066483503371611657,8.5506656046336306e-05,0.00044858148114130446,8.7973696761144669e-07,2.206637408534863e-05,2.74967001714848,1.2035423042040692,-0.19490139507591053,0.051757339637360393,1.7650357899088878,0.64021306465709826,0.12839093667330922,1.7650606705528165,0.64024147951106336,0.12831422332466597
7.1000000000000005,3550,0.0064061049688029443,0.014999838981142323,0,0.066513744398075725,8.7048225253287591e-05,0.00043319233001721115,8.7549774771498697e-07,2.2132342465963256e-05,2.7498506884602083,1.2035666263377958,-0.19488042346657949,0.051746179433030927,1.7648275258663921,0.63985485858949354,0.12941766957761278,1.7648523622458909,0.63988377002168495,0.12933940926288187
7.1200000000000001,3560,0.0064066487793162366,0.014999849241487666,0,0.066556165565864106,8.8516379907943663e-05,0.00041778591395014619,8.7134690672393802e-07,2.2717439178655149e-05,2.7500336124229592,1.2035909484509284,-0.19485945190701698,0.051735019272362237,1.7646242504531722,0.63950521904642654,0.13041985042322168,1.7646490282078806,0.63953460240574389,0.13034011441768564
7.1400000000000006,3570,0.0064071973350400191,0.014999859673154653,0,0.066609793973606057,8.9908608998658638e-05,0.00040235843807767126,8.6728988794807497e-07,2.2394272795856101e-05,2.7502188122336619,1.203615270551933,-0.19483848038614227,0.051723859157028589,1.7644260267580776,0.63916425474591587,0.13139716785541322,1.7644507312757078,0.63919408456754667,0.13131602953818761
7.1600000000000001,3580,0.0064077506591836194,0.014999870263666497,0,0.066673664194040333,9.1222466174662784e-05,0.00038695824757573055,8.6333373260072426e-07,2.2132342465963256e-05,2.7504063091303186,1.2036395926489178,-0.19481750889142097,0.051712699086498892,1.7642329130505487,0.63883206637190437,0.13234933340905058,1.7642575296312932,0.6388623164177758,0.13226686828301409
7.1799999999999997,3590,0.0064083087712390558,0.014999880998611499,0,0.066746821783172677,9.2455536320353398e-05,0.00037158873491925122,8.5948671406643615e-07,2.2230927998283902e-05,2.7505961223734068,1.2036639147499559,-0.19479653740839367,0.051701539058012717,1.7640449627158437,0.63850874641164479,0.13327608206895694,1.7640694766872309,0.63853938967716972,0.13319236778295343
7.2000000000000002,3600,0.006408871686946452,0.014999891862182617,0,0.066828326567525992,9.3605430843871114e-05,0.00035627228502682114,8.557578991444785e-07,2.2426798989897964e-05,2.7507882692050489,1.2036882368629607,-0.19477556592121129,0.051690379066966802,1.763862224182678,0.63819437895583153,0.13417717284362751,1.7638866209724646,0.63822538768020476,0.1340922892036
7.2199999999999998,3610,0.0064094394182565954,0.014999902837592349,0,0.066917255734667197,9.4669781629560837e-05,0.0003410331475325133,8.5215676187857723e-07,2.2813496432377448e-05,2.7509827648050438,1.2037125589956423,-0.19475459441305176,0.051679219107225845,1.763684740840666,0.63788903950335296,0.13505238933426364,1.763709006017963,0.6379203851787757,0.13496641830799999
7.2400000000000002,3620,0.0064100119732904536,0.014999913907340809,0,0.067012706719211307,9.5646235067316929e-05,0.00032594255632196638,8.4869286426025381e-07,2.2198114802541581e-05,2.7511796222586007,1.2037368811554883,-0.19473362286638821,0.051668059171358055,1.7635125509487439,0.63759279476841357,0.13590154030084847,1.7635366702423958,0.63762444814587682,0.13581456601929665
7.2599999999999998,3630,0.0064105895071435107,0.014999922754293198,0,0.067113848381676056,9.6478841281874683e-05,0.00031044271106380145,8.4397731380366238e-07,2.3036072399968081e-05,2.7513788863555222,1.2037612060711385,-0.19471264894384993,0.051656898729735348,1.7633458177635173,0.63730578405416427,0.1367244663654924,1.7633696468378095,0.63733763357928264,0.13663656898337437
7.2800000000000002,3640,0.0064111719282368886,0.014999931190108107,0,0.067219655136353362,9.7188659580702737e-05,0.00029482276375533028,8.3811612027909481e-07,2.2329078268013787e-05,2.7515805337782822,1.203785532626966,-0.19469167446345298,0.051645738595217074,1.763184540818671,0.63702802073371234,0.13752103142240302,1.7632079636553029,0.63705998930522978,0.13743229013150443
7.2999999999999998,3650,0.0064117590728342928,0.014999941139707018,0,0.067324531243293434,9.7825477217770244e-05,0.000279521893080495,8.3241402711586481e-07,2.2685329707937426e-05,2.7517845332989488,1.2038098584661066,-0.19467070136791903,0.051634579135939926,1.763028612228591,0.63675946552663398,0.13829111643425734,1.7630516430907026,0.63679155378209673,0.1382016192429906
7.3200000000000003,3660,0.0064123509454176442,0.014999951478808744,0,0.067425966683645283,9.8386597986788019e-05,0.00026450453220801869,8.2714607818081544e-07,2.2524095754713237e-05,2.7519909002980292,1.2038341838728606,-0.19464972853250995,0.051623419673957109,1.7628780222019298,0.63650015022872719,0.13903463084388407,1.7629007019702394,0.63653235590408597,0.1389444735078125
7.3399999999999999,3670,0.0064129475510159364,0.014999961761634468,0,0.067523939081770984,9.8863826500705161e-05,0.00024973134553945691,8.2234583686800356e-07,2.2588727439225648e-05,2.752199642889773,1.2038585090225931,-0.1946287555107068,0.051612259972912376,1.7627327870048024,0.63625010318490016,0.13975151659681295,1.7627551514362232,0.63628241480490422,0.13966079808927287
7.3600000000000003,3680,0.0064135488848377376,0.014999971886060639,0,0.067619191627081687,9.9250142795888585e-05,0.00023529791034441132,8.1798181964357717e-07,2.2685329707937426e-05,2.752410763060011,1.2038828339860794,-0.19460778219996813,0.051601099998666057,1.7625929233494491,0.63600934044885837,0.140441745868503,1.7626149968327198,0.63604173966144395,0.14035056668664039
7.3799999999999999,3690,0.0064141549342370202,0.014999981845708627,0,0.067715660647865356,9.953983249546293e-05,0.00022118505426508675,8.1401289808583265e-07,2.2361699290911531e-05,2.7526242590933188,1.2039071587997998,-0.19458680859364913,0.051589939770172788,1.7624584409587021,0.63577786612806841,0.14110532014841701,1.7624802375912252,0.63581032949746386,0.14101378209779666
7.4000000000000004,3700,0.0064147656802360561,0.014999991643893196,0,0.067813351269691069,9.9728102433640717e-05,0.00020737738315486489,8.1040149839754383e-07,2.3004407680670755e-05,2.7528401265039593,1.2039314834927504,-0.19456583469485711,0.051578779309158967,1.7623293411335532,0.63555567289031345,0.14174227041007806,1.7623508671163426,0.63558817298727044,0.14165047678188006
7.4199999999999999,3710,0.006415381097604359,0.015000001296395536,0,0.06791163401017436,9.9811001602205914e-05,0.00019383482402703342,8.0711861890513597e-07,2.2813496432377448e-05,2.7530583579718537,1.2039558080845605,-0.19454486051923917,0.051567618637156823,1.7622056170225713,0.63534274179295824,0.14235265776961409,1.7622268726714576,0.63537524825939862,0.14226071342193128
7.4400000000000004,3720,0.0064160011554073044,0.015000010822319393,0,0.068009915289933554,9.9785148677573082e-05,0.00018071788673646789,8.0414202268877641e-07,2.2459278078588273e-05,2.7532789434570808,1.2039801325899329,-0.19452388608580243,0.051556457772817595,1.7620872539940771,0.63513904242812258,0.14293657404177934,1.7621082352644137,0.63517152270029276,0.14284458548753798
7.46,3730,0.00641662581753285,0.015000020232673465,0,0.0681076384580869,9.9647479360929684e-05,0.00016791798164795627,8.0145268672632998e-07,2.3162298399097643e-05,2.753501870334476,1.204004457023824,-0.1945029114054625,0.051545296728892881,1.7619742298807251,0.63494453306934839,0.14349414226821275,1.7619949295331889,0.63497695275798782,0.14340221779748061
7.4800000000000004,3740,0.0064172550427751707,0.015000029532137792,0,0.068204284466064219,9.9395157442440263e-05,0.00015550872345112431,7.9903373980510046e-07,2.2556434745889217e-05,2.7537271233455325,1.2040287814012112,-0.19448193648280834,0.051534135513538033,1.7618665151773794,0.63475916057468063,0.14402551731360289,1.7618869236315697,0.63479148374579031,0.14393376708237712
7.5,3750,0.0064178887848581924,0.015000038720989935,0,0.068299372358640115,9.9025517164526178e-05,0.00014345938024991402,7.9686982746830119e-07,2.2426798989897964e-05,2.7539546845424216,1.2040531057367005,-0.19446096131802987,0.051522974131497777,1.7617640731709896,0.63458286025428778,0.1445308864589854,1.761784179114829,0.63461504964595916,0.144439422547327
7.5200000000000005,3760,0.0064185269924311138,0.015000047796492449,0,0.068392459607070244,9.8536018851108913e-05,0.00013176911336800965,7.9494666922852811e-07,2.2781522350186147e-05,2.754184533231538,1.2040774300442829,-0.19443998590830605,0.051511812584970382,1.7616668600099072,0.6344155557269624,0.14501046998602943,1.7616866508254003,0.63444757291338705,0.14491940643455797
7.54,3770,0.006419169609039402,0.015000056753864031,0,0.068483142290373,9.7924215481607553e-05,0.00012045169801431999,7.9325072789820483e-07,2.2394272795856101e-05,2.7544166459155237,1.2041017543372237,-0.19441901024877919,0.051500650874234721,1.7615748247249046,0.63425715876574629,0.14546452175474092,1.7615942867785537,0.63428896427928105,0.14537397458607046
7.5600000000000005,3780,0.006419816622627402,0.015000065192000884,0,0.068571075678990318,9.7158179015412757e-05,0.00010957611838246257,7.9000000073232473e-07,2.2813496432377448e-05,2.7546509936915986,1.204126079697122,-0.19439803392523516,0.051489490360039178,1.7614880153529409,0.63410761674468419,0.14589333704353538,1.761507028048072,0.6341391225548435,0.14580341700628202
7.5800000000000001,3790,0.0064204678440072504,0.015000074583847405,0,0.068655900894456029,9.6277429536119482e-05,9.9148083263427206e-05,7.8755833809687712e-07,2.2685329707937426e-05,2.7548875249484266,1.2041504045102793,-0.19437705842780392,0.051478329829995756,1.761406240193391,0.63396675024183491,0.14629723298318131,1.7614248086519266,0.633997934434954,0.14620805842467272
7.6000000000000005,3800,0.0064211232380427816,0.015000083578192113,0,0.068737341836023397,9.5268043045600175e-05,8.9185638074399613e-05,7.8517642371512381e-07,2.265317472408141e-05,2.7551262201552817,1.2041747294851703,-0.19435608239978122,0.051467169116304813,1.7613294388053045,0.63383445358393531,0.14667656441315208,1.7613475554379521,0.63386527430184891,0.14658825885843133
7.6200000000000001,3810,0.0064217827493017743,0.015000091737277888,0,0.068815159635703976,9.4112253756206026e-05,7.9579764804415997e-05,7.8182455833332484e-07,2.3036072399968081e-05,2.7553670419179537,1.204199055270212,-0.19433510539575216,0.051456008864321216,1.7612575849645467,0.63371061541094931,0.14703172844900483,1.7612751879695234,0.6337410040288034,0.14694441417509857
7.6400000000000006,3820,0.0064224462159778103,0.015000100082278546,0,0.068889122065901781,9.2831678600455931e-05,7.0445380408812747e-05,7.7901900802346027e-07,2.2394272795856101e-05,2.7556099354169317,1.2042233808299569,-0.19431412844806409,0.051444848339729017,1.7611905205474567,0.63359504593590354,0.14736315275361947,1.7612076184112302,0.63362497278381236,0.14727695665521354
7.6600000000000001,3830,0.0064231135548444927,0.015000108249933789,0,0.068959054488291011,9.142345293444228e-05,6.1708406149507986e-05,7.7670470617002909e-07,2.2749503328951236e-05,2.7558548629442203,1.2042477062626442,-0.19429315119324483,0.051433687333813205,1.7611281437893238,0.63348758277320072,0.14767130301306183,1.7611447514145542,0.63351701683327122,0.14758635555495725
7.6799999999999997,3840,0.0064237846795595962,0.015000116137091145,0,0.069024819029541357,8.9882809095781846e-05,5.3236056004961448e-05,7.7479923201453408e-07,2.2394272795856101e-05,2.7561017817052647,1.2042720316276048,-0.19427217352771919,0.051422525831253653,1.7610703590219869,0.63338805376180041,0.14795668423844779,1.761086484003543,0.63341695934565656,0.14787311766879999
7.7000000000000002,3850,0.0064244594950923573,0.01500012375003716,0,0.069086312279202228,8.8205815823186106e-05,4.5499006657903374e-05,7.7324994975789024e-07,2.2685329707937426e-05,2.7563506442965267,1.2042963569479601,-0.19425119545751812,0.051411363865532328,1.7610170633056763,0.63329627221185258,0.14821983999533092,1.7610327054604871,0.63332461019520769,0.14813778789214474
7.7199999999999998,3860,0.006425137898639772,0.015000131115196474,0,0.069143464927100884,8.6389172053634214e-05,3.8239148195295097e-05,7.7201926988000031e-07,2.2361699290911531e-05,2.7566013995557328,1.2043206822362464,-0.19423021700889573,0.051400201472593263,1.7609681440945273,0.63321203699277673,0.14846135244094558,1.7609832972115957,0.63323976576560792,0.14838094978397146
7.7400000000000002,3870,0.0064258197445516575,0.015000139151180661,0,0.069196224837539733,8.4450075245790358e-05,3.1346401449249455e-05,7.7257600754714233e-07,2.2781522350186147e-05,2.7568539919044328,1.2043450065355357,-0.19420923911116214,0.051389037909528403,1.7609234122348609,0.63313509716926686,0.14868183964443987,1.7609381327126716,0.63316220875366436,0.14860322612948537
7.7599999999999998,3880,0.0064265049794018985,0.015000146954669573,0,0.069244597986590689,8.2376240510007498e-05,2.4803557134904816e-05,7.7425321409724431e-07,2.2781522350186147e-05,2.7571083847419744,1.2043693303365652,-0.19418826085703006,0.051377873101095171,1.7608827520929475,0.63306523926838687,0.14888196092243292,1.7608970773347876,0.63309170797299008,0.14880527950275765
7.7800000000000002,3890,0.0064271935478854214,0.015000153760972107,0,0.069288627836296662,8.0145510422467719e-05,1.9618224787422011e-05,7.7565422185921953e-07,2.2588727439225648e-05,2.7573645291679716,1.2043936545118448,-0.19416728147192486,0.051366707781403169,1.7608460911870334,0.63300225401584365,0.14906242102917847,1.7608599882499614,0.63302801815768484,0.14898781282937415
7.7999999999999998,3900,0.0064278853117914949,0.015000160183596815,0,0.069328369876594742,7.7756481286536767e-05,1.5556496191598024e-05,7.7689410398137229e-07,2.2426798989897964e-05,2.7576223534028643,1.2044179789187355,-0.19414630156962179,0.051355542306440252,1.7608132938361882,0.63294588167361643,0.14922396509019845,1.7608267143168328,0.63297087976601563,0.1491515699490788
7.8200000000000003,3910,0.0064285801251872266,0.015000166457033271,0,0.069363909011617847,7.5209169529627117e-05,1.2835032264144346e-05,7.7805592260764026e-07,2.2781522350186147e-05,2.7578817850849178,1.204442303484869,-0.19412532138497868,0.051344376775564735,1.7607841992508904,0.63289584532016996,0.14936737714895545,1.7607970959663377,0.63292001878409798,0.14929733617841873
7.8399999999999999,3920,0.0064292778384865551,0.015000172624132686,0,0.069395359266843148,7.2502893895537497e-05,1.2313298636799924e-05,7.7916730441526073e-07,2.2685329707937426e-05,2.7581427501122007,1.2044666281917324,-0.19410434096100476,0.051333211190327056,1.7607586347056019,0.63285185450114578,0.14949348228698303,1.7607709650873851,0.63287514652957721,0.14942593887338956
7.8600000000000003,3930,0.0064299782970565801,0.015000178670570539,0,0.06942286177111065,6.9636500312160782e-05,1.3976876963794299e-05,7.802335313443796e-07,2.2329078268013787e-05,2.7584051712098239,1.2044909530385921,-0.19408336028343476,0.051322045527035738,1.7607364192353163,0.63281360471257542,0.14960314803943664,1.7607481449125322,0.63283595945530924,0.14953824799208026
7.8799999999999999,3940,0.0064306813401955572,0.015000184573320889,0,0.069446583090494285,6.6608582067918139e-05,1.7704227144513012e-05,7.8125290528586958e-07,2.2556434745889217e-05,2.7586689673214217,1.20451527802847,-0.19406237932926518,0.051310879760797262,1.7607173642474716,0.63278077684224399,0.14969728520467157,1.7607284499036604,0.63280213895304116,0.14963517665731896
7.9000000000000004,3950,0.0064313868005896908,0.015000190313348882,0,0.069466713800433955,6.3417576592575748e-05,2.0667671646167049e-05,7.8222212636870392e-07,2.3162298399097643e-05,2.7589340533814868,1.2045396031641473,-0.19404139807947318,0.05129971387093215,1.7607012733110092,0.63275303681355921,0.14977684843226902,1.7607116856376508,0.63277335115709288,0.14971768171931671
7.9199999999999999,3960,0.00643209450398592,0.015000195877114472,0,0.069483467134606625,6.0061815180416482e-05,2.3844600278602423e-05,7.8313783127977274e-07,2.265317472408141e-05,2.759200340210425,1.2045639284474843,-0.19402041652052882,0.051288547840983467,1.7606879418053731,0.63273003531223804,0.14984283676010202,1.7606976486920602,0.63274924674803801,0.14978676431831361
7.9400000000000004,3970,0.0064328042689457523,0.015000201255528183,0,0.069497077662231427,5.6539560394167975e-05,2.7320756680051265e-05,7.8399690399625328e-07,2.2394272795856101e-05,2.7594677344382084,1.2045882538795594,-0.19399943464335304,0.051277381657764617,1.7606771565946597,0.63271140753931954,0.14989629414918509,1.7606861265307963,0.63272946075638414,0.14984347044722385
7.96,3980,0.0064335159066321018,0.015000206442754151,0,0.069507799994596886,5.2849041286613033e-05,3.030595804759414e-05,7.8479644752677521e-07,2.2749503328951236e-05,2.7597361384296524,1.2046125794609366,-0.19397845244212039,0.051266215310539202,1.7606686957494257,0.6326967729756463,0.14993831002481997,1.7606768973897944,0.63271361236625545,0.14988889151427898
7.9800000000000004,3990,0.0064342292206148403,0.015000211435285602,0,0.069515907534997395,4.8988491085794641e-05,3.3286224588128327e-05,7.8553371286814549e-07,2.262097403300073e-05,2.7600054502139546,1.2046369051918637,-0.19395746991333682,0.051255048790441793,1.7606623283087675,0.63268573515459592,0.14997001982339953,1.7606697301626917,0.6327013047190716,0.1499241649056765
8,4000,0.0064349439780787511,0.015000217200955969,0,0.069521680380888351,4.4962385127909531e-05,3.5654634224387812e-05,7.8701246998552025e-07,2.265317472408141e-05,2.7602755558450425,1.2046612301684139,-0.19393648803174185,0.051243882649327818,1.7606577909222509,0.63267786380829916,0.14999260256859517,1.7606643842865048,0.63269212471723046,0.14995047454822086
8.0199999999999996,4010,0.0064356600058101971,0.015000222980838218,0,0.069525433146034932,4.0764935502977362e-05,3.7293395791700551e-05,7.8877658514863051e-07,2.2491710265994076e-05,2.7605463588197283,1.2046855548791455,-0.19391550603519137,0.051232716432453002,1.7606548391269767,0.63267273978114602,0.15000728748483846,1.7606606096273036,0.63268564282778816,0.14996905147197245
8.0400000000000009,4020,0.0064363770618736521,0.01500023046392201,0,0.069527482931825757,3.6409795264838761e-05,3.9624664183797728e-05,7.9221441432130754e-07,2.2717439178655149e-05,2.7608177349355305,1.2047098792183655,-0.19389452561552389,0.05122154933567994,1.7606532114728368,0.63266990296795289,0.15001536270138147,1.7606581463658886,0.63268141288614044,0.14998117437288896
8.0600000000000005,4030,0.0064370949777019957,0.015000238104530458,0,0.069528177602826036,3.1881812785226637e-05,4.1738966916907753e-05,7.9613842595245206e-07,2.2717439178655149e-05,2.7610895857170319,1.2047342037095916,-0.1938735452223076,0.051210381397461674,1.7606526501638418,0.63266891013968518,0.15001814696035343,1.7606567248834653,0.63267897189970401,0.1499881701754727
8.0800000000000001,4040,0.0064378135203830731,0.015000245969786314,0,0.069527866918596276,2.7177408980764888e-05,4.3265353337731307e-05,7.9982719197407202e-07,2.2426798989897964e-05,2.7613617853536563,1.2047585275731316,-0.1938525649238893,0.051199215124185675,1.7606528762677973,0.63266928154853397,0.15001701136993645,1.7606560656473207,0.63267783985159654,0.14999141459541596
8.0999999999999996,4050,0.0064385325270155296,0.015000251917213955,0,0.069526928672657223,2.2282004469070406e-05,4.4066631656912283e-05,8.0219483524539754e-07,2.2394272795856101e-05,2.7616342365459405,1.2047828520845549,-0.19383158257053187,0.051188048688137339,1.7606536117973821,0.63267054315921523,0.15001337260925171,1.7606558790964992,0.63267751950431839,0.14999233270224444
8.120000000000001,4060,0.0064392518127520055,0.015000254307254062,0,0.069525761789338031,1.7227517247341109e-05,4.4902325422715391e-05,8.0154468791904967e-07,2.2524095754713237e-05,2.7619068373376088,1.2048071787993686,-0.1938105965086942,0.051176881459726854,1.7606545231100768,0.63267218990349838,0.15000871558056444,1.7606558727372605,0.63267748726412076,0.14999237838902463
8.1400000000000006,4070,0.0064399712941354808,0.015000246295320725,0,0.069524682702870377,1.2484334345969968e-05,4.5961261017512308e-05,7.9524031102163273e-07,2.3036072399968081e-05,2.7621795158838633,1.2048315089433543,-0.19378959989472996,0.051165709297145069,1.7606553713735933,0.63267370469464845,0.15000442436735201,1.7606559742633456,0.63267692320244751,0.14999237711307745
8.1600000000000001,4080,0.0064406903565280707,0.0150002355046992,0,0.069523165638836093,8.7906663476593817e-06,4.6872095421986632e-05,7.8752168883239662e-07,2.2845425764212974e-05,2.7624519450826552,1.204855840630604,-0.19376860036047006,0.051154534886499146,1.7606562188205048,0.63267408977377237,0.15000114089865377,1.7606563765036307,0.63267468842378882,0.14999237205785093
8.1799999999999997,4090,0.0064414083207513274,0.015000226337234236,0,0.069520020220208839,6.809790977392229e-06,4.7612714219996612e-05,7.8017197489470485e-07,2.3036072399968081e-05,2.7627237700666551,1.2048801726762055,-0.19374760231084293,0.051143361125589822,1.7606572629796184,0.6326720509980861,0.1499987359427159,1.7606572820270909,0.63266965748934911,0.14999236067752333
8.1999999999999993,4100,0.0064421246687645806,0.015000217786171284,0,0.069514020276627231,7.2598765670196155e-06,4.8236322096484938e-05,7.7367451281647536e-07,2.2588727439225648e-05,2.7629946996019701,1.2049045042494502,-0.19372660475117354,0.05113218705556466,1.7606587615853351,0.63266634720121451,0.14999694782898945,1.7606588874455673,0.63266073805715672,0.14999234050114033
8.2200000000000006,4110,0.00644283893041312,0.015000209500724487,0,0.069504060587290944,9.5521298313651829e-06,4.8477505210612105e-05,7.6793471243697934e-07,2.2230927998283902e-05,2.7632644603506078,1.2049288354176164,-0.19370560733140507,0.051121012408491595,1.7606609652631953,0.6326558269821182,0.1499956031871934,1.7606613834716198,0.63264687056064128,0.14999230913188774
8.2400000000000002,4120,0.006443550736752483,0.015000198586000286,0,0.069489135951143338,1.2636364100448693e-05,4.9193960377186252e-05,7.6117856401485375e-07,2.2556434745889217e-05,2.7635328259702332,1.2049531673820029,-0.19368460714820857,0.051109836197201802,1.760664091091465,0.63263942098811976,0.149994575620505,1.7606649549763811,0.63262702788721181,0.14999226424636472
8.2599999999999998,4130,0.0064442596649588882,0.015000185191728781,0,0.06946828068612354,1.6009695886826409e-05,4.9709866207067379e-05,7.5358886232443047e-07,2.2361699290911531e-05,2.7637995473485337,1.2049775000949101,-0.19366360435127139,0.051098658504667167,1.760668357879895,0.63261608343371301,0.14999377825948318,1.760669781047409,0.63260021505683384,0.14999220359385637
8.2799999999999994,4140,0.0064449653057779485,0.015000169693121393,0,0.069440578789603913,1.9478722325876466e-05,5.0379879979170776e-05,7.454617893841398e-07,2.2361699290911531e-05,2.7640643832075016,1.2050018334394894,-0.19364259931606853,0.051087479537083105,1.7606739744846109,0.63258481138998435,0.14999314617761092,1.7606760350465405,0.63256546890060739,0.14999212499560691
8.3000000000000007,4150,0.0064456672666926189,0.015000152448272403,0,0.069405160962353107,2.2959287304824061e-05,5.1283305432020621e-05,7.3707390750305499e-07,2.2588727439225648e-05,2.7643271023133429,1.2050261673119158,-0.19362159240088839,0.051076299501671162,1.7606811367406718,0.63254464399401555,0.14999262997344256,1.7606838846677444,0.632521857739344,0.14999202634409251
8.3200000000000003,4160,0.0064463651709589656,0.015000133766965533,0,0.069361200425019559,2.6408176576039203e-05,5.2324554207474369e-05,7.286714996603965e-07,2.2459278078588273e-05,2.7645874831166481,1.2050505016250632,-0.19360058391568916,0.051065118578994789,1.7606900277639583,0.63249465946558558,0.1499921921103092,1.7606934919949744,0.63246848106214504,0.14999190560229414
8.3399999999999999,4170,0.0064470584970028706,0.015000120842826337,0,0.069307870488396761,2.9750856134088327e-05,5.3400112036401238e-05,7.2359153680156776e-07,2.2556434745889217e-05,2.7648452325733013,1.2050748335992079,-0.19357958107357998,0.051053939679510489,1.7607008912652165,0.63243393301224882,0.14999182551306853,1.7607050135600222,0.63240446920497873,0.14999176080297061
8.3599999999999994,4180,0.0064477469137150939,0.015000112797341422,0,0.069244432592724225,3.2986659338505789e-05,5.4561413370751557e-05,7.2090841237619991e-07,2.2198114802541581e-05,2.7651001561705715,1.2050991637124739,-0.19355858299148232,0.051042762638571056,1.7607138802665148,0.63236163012138513,0.14999150398785194,1.7607186004003716,0.63232898302925811,0.14999159004793139
8.3800000000000008,4190,0.0064484301025754453,0.015000108664843418,0,0.06917018210285128,3.6120538745874606e-05,5.5737754432359878e-05,7.1983317057198559e-07,2.2845425764212974e-05,2.7653520664835596,1.2051234925292018,-0.19353758869699966,0.05103158715986237,1.7607291419721225,0.63227694919326538,0.14999120803075033,1.7607343981170505,0.63224121360041818,0.14999139150730958
8.4000000000000004,4200,0.0064491077505612858,0.015000107270442689,0,0.069084443019398395,3.9156164932506159e-05,5.7081648473752883e-05,7.1982189843229957e-07,2.262097403300073e-05,2.7656007852634348,1.2051478204588495,-0.19351659701290924,0.05102041275494687,1.7607467942471193,0.6321791123690117,0.14999091839220902,1.7607525469324845,0.63214038186649413,0.14999116341883489
8.4199999999999999,4210,0.0064497796173964726,0.015000104914854099,0,0.068986580693855964,4.2112611414464128e-05,5.8594007013083028e-05,7.1941381173989436e-07,2.265317472408141e-05,2.7658461720789242,1.2051721487867126,-0.19349560423287585,0.051009237868354963,1.7607669189367996,0.63206738162383924,0.14999061105514852,1.7607731817483505,0.63202573833669839,0.14999090408710641
8.4399999999999995,4220,0.0064504454121374465,0.015000101389499487,0,0.068875971111325485,4.4984921030367088e-05,6.0250050675400827e-05,7.1861969889716859e-07,2.262097403300073e-05,2.7660880568085227,1.2051964775356874,-0.19347461014862313,0.050998062339429877,1.7607896417636444,0.631941030969697,0.14999027815567734,1.7607964322034293,0.63189656275999839,0.14999061188286561
8.4600000000000009,4230,0.0064511048551595994,0.01500009680607476,0,0.068752018854459251,4.7767719472635547e-05,6.2155659652836197e-05,7.1751548462405879e-07,2.2972699315936647e-05,2.7663262734356451,1.2052208066578725,-0.19345361487222687,0.050986886204420996,1.7608150941540539,0.63179936454956565,0.14998991569385395,1.7608224227314588,0.63175216380369437,0.14999028524226934
8.4800000000000004,4240,0.0064517576797223008,0.015000091299974627,0,0.068614158789508689,5.045749097470342e-05,6.4061476268974585e-05,7.1616598971097436e-07,2.265317472408141e-05,2.7665606630517909,1.2052451361111785,-0.19343261853930913,0.050975709530704127,1.7608434026227706,0.63164171707082961,0.14998952074905908,1.760851272618988,0.63159187873199651,0.14998992266616262
8.5,4250,0.0064524032208958682,0.015000089612535052,0,0.068459867138923353,5.3221346059867785e-05,6.6265156309630404e-05,7.1507468502351365e-07,2.2459278078588273e-05,2.7667910850061195,1.2052694647502009,-0.1934116258875001,0.05096453569719394,1.7608748072975129,0.63146746655132735,0.14998519459228185,1.7608830960632289,0.63141507308460298,0.14998952271935162
8.5199999999999996,4260,0.0064530400505117035,0.015000101694666944,0,0.068282768381164011,6.0361959447150919e-05,6.9129309285611914e-05,7.1573422718970123e-07,2.2556434745889217e-05,2.7670174634666309,1.205293790207896,-0.19339064686607119,0.050953371273399134,1.7609096623282161,0.63127604307240504,0.14996542596909307,1.7609180022299105,0.63122114035527743,0.14998908402987654
8.5400000000000009,4270,0.0064536665697251276,0.015000129458195035,0,0.068075461908454371,9.24244409682648e-05,7.4007944201283536e-05,7.2060168990749704e-07,2.262097403300073e-05,2.7672398267404743,1.2053181119017309,-0.19336968340105495,0.050942216084598015,1.7609480416546608,0.63106688758764495,0.14991660339656843,1.7609560953111318,0.63100950167042624,0.14998860528828462
8.5600000000000005,4280,0.0064542815454580356,0.015000157226685223,0,0.067831994220604236,0.00017128048756572263,8.0942064453758288e-05,7.277238625954345e-07,2.2524095754713237e-05,2.7674583153345322,1.2053424332914462,-0.19334871981792393,0.050931060016719362,1.7609895630501884,0.63083945025417509,0.14982779483984487,1.7609974745832153,0.63077960546767653,0.14998808524690299
8.5800000000000001,4290,0.0064548840144133786,0.015000180376723378,0,0.067547694348579296,0.00030341843995297072,9.0120651405300141e-05,7.3496789153133937e-07,2.2394272795856101e-05,2.7676729618920612,1.2053667556938115,-0.1933277514876332,0.050919900735721932,1.7610342376698349,0.63059323731253558,0.14969067890888496,1.7610422344645595,0.63053092717445358,0.14998752271911153
8.5999999999999996,4300,0.006455473208721166,0.015000203567551711,0,0.067218963234387169,0.00049220544810406016,0.00010148061447720642,7.431449410628185e-07,2.2230927998283902e-05,2.7678837160912484,1.2053910782627602,-0.19330678306724669,0.050908741367156514,1.7610823259910879,0.63032778080018959,0.14949906477481564,1.7610904645734922,0.63026296888655853,0.14998691657861599
8.620000000000001,4310,0.0064560485515893946,0.015000222765070481,0,0.066843202224700249,0.00074086695181069175,0.00011468566954039736,7.5044367364450734e-07,2.2426798989897964e-05,2.7680905774846991,1.2054154018601562,-0.19328581051830765,0.050897579736772787,1.7611338127505147,0.6300426130671426,0.14924851506054967,1.7611422497861242,0.62997525904674567,0.14998626575872065
8.6400000000000006,4320,0.0064566096164932057,0.015000242195747499,0,0.066418690782196754,0.0010516862865474728,0.00012952058566085038,7.5827420739697008e-07,2.2296409518597789e-05,2.7682934725515769,1.2054397255499627,-0.19326483806751471,0.050886418508509258,1.7611889052964878,0.62973730094943403,0.14893624833698593,1.7611976702942025,0.62966735212330038,0.14998556925160147
8.6600000000000001,4330,0.0064571561449667629,0.015000269831592517,0,0.06594452664111794,0.0014257468797942781,0.00014576794279897427,7.7047819232562239e-07,2.2524095754713237e-05,2.7684922993792931,1.2054640476095639,-0.19324387368863333,0.050875262548973565,1.7612478975542381,0.62941143932775634,0.14856095725157911,1.7612568016629622,0.62933882828861665,0.14998482610757885
8.6799999999999997,4340,0.006457688062598734,0.015000300417216025,0,0.06542059889232793,0.0018630015467444114,0.00016290752903521172,7.8526930367097996e-07,2.2426798989897964e-05,2.7686870534090553,1.205488369178751,-0.19322291212350179,0.050864108769334615,1.7613106902772628,0.62906462455334633,0.14812257942057869,1.7613197148889816,0.62898929309777452,0.14998403543439068
8.7000000000000011,4350,0.0064582054012235542,0.015000331516220291,0,0.064847469698058463,0.00236225427005189,0.0001803585460862518,8.0149058740012579e-07,2.2296409518597789e-05,2.7688776911805011,1.2055126907044735,-0.19320195093177867,0.050852956185917432,1.7613772801846608,0.62869648395012168,0.14762225167127918,1.761386476458034,0.62861837716711766,0.1499831963964651
8.7200000000000006,4360,0.006458708284148326,0.015000365889020218,0,0.064226298874135501,0.0029212266464715337,0.00019836967217000894,8.2102365893508966e-07,2.2263692832568247e-05,2.769064117386252,1.2055370118415663,-0.19318099287886131,0.050841805739414762,1.7614478093848573,0.62830667092120673,0.14706221790437374,1.7614571484029411,0.62822573585283137,0.14998230821419356
8.7400000000000002,4370,0.0064591969715108782,0.015000398003764397,0,0.063558799254611831,0.0035367491260994018,0.00021690555943324738,8.4058463400505679e-07,2.2198114802541581e-05,2.7692462979236083,1.2055613337981246,-0.19316003243364291,0.050830653792117181,1.7615221791124362,0.62789484615605118,0.14644562695022509,1.7615317883614263,0.62781104892951956,0.1499813701632037
8.7599999999999998,4380,0.0064596718224218712,0.015000425991361232,0,0.062847131557247193,0.0042048033921148606,0.00023456877408576746,8.5813942141166473e-07,2.2329078268013787e-05,2.7694241589772308,1.2055856568451946,-0.19313906771721689,0.050819500831214059,1.7616004461191292,0.62746071762600486,0.14577648396970777,1.7616104496339686,0.62737402026878275,0.14998038157363228
8.7799999999999994,4390,0.0064601332463941688,0.015000447653773043,0,0.062093839931452878,0.0049206182344402804,0.00025145047134950501,8.7177900475029885e-07,2.2198114802541581e-05,2.7695976194707548,1.2056099815053893,-0.19311809653362674,0.05080834504708831,1.7616826131454673,0.627003993919241,0.1450595510792704,1.7616931812416541,0.62691437751779566,0.14997934182939801
8.8000000000000007,4400,0.0064605817693427691,0.015000460350064367,0,0.061301792582649305,0.0056787635269863234,0.00026906199316738911,8.7862668455271575e-07,2.1800504449438904e-05,2.7697666025501757,1.2056343094188271,-0.19309711624175388,0.050797183420354691,1.7617687158126545,0.6265244258542767,0.14430025239520022,1.761780027984031,0.62643187177788451,0.14997825036747461
8.8200000000000003,4410,0.0064610179227904676,0.015000461899792965,0,0.060474069533425732,0.0064732821387376285,0.00028673069868765229,8.7663025058192597e-07,2.2263692832568247e-05,2.7699310101556538,1.2056586407661212,-0.19307612466098112,0.050786014976028145,1.7618587578098062,0.6260217646868107,0.14350454047938835,1.7618710304969614,0.62592627728310513,0.14997710667716363
8.8399999999999999,4420,0.0064614424685091243,0.015000443024088714,0,0.059613961966601535,0.0072977883744205869,0.0003026166936652701,8.5719850606819971e-07,2.2263692832568247e-05,2.7700908143600302,1.2056829780823859,-0.19305511248295928,0.050774838842088506,1.7619527260812116,0.62549585232825045,0.1426787986576972,1.7619662253104753,0.62539739107881986,0.14997591029936735
8.8599999999999994,4430,0.0064618559911407119,0.015000402832613976,0,0.058724794500904821,0.0081454874281589734,0.00031713065534984183,8.2046903138133722e-07,2.1733528855063329e-05,2.7702458903376028,1.2057073214759586,-0.19303407882434892,0.050763652947956782,1.7620506236331612,0.6249464625606217,0.14182981879012727,1.7620656449066234,0.62484503270027592,0.14997466082586189
8.8800000000000008,4440,0.0064622589724153768,0.015000344966224679,0,0.057809887411077156,0.0090092961426017446,0.00033127297641931738,7.7221897126736054e-07,2.1733528855063329e-05,2.7703960550609095,1.2057316691921036,-0.19301302735316866,0.050752455615765225,1.7621524560664363,0.62437334727535021,0.14096468133297427,1.7621693177773303,0.62426904385118198,0.14997335789856986
8.9000000000000004,4450,0.0064626521801123887,0.015000263393752489,0,0.056872699428289535,0.0098819498520160455,0.00034495836424667213,7.1120080330971592e-07,2.1395506250453509e-05,2.7705412466592123,1.2057560232577555,-0.1929919520237601,0.050741244841350813,1.7622581474352685,0.62377645782006896,0.14009065100197277,1.7622772684822481,0.62366928808228717,0.14997200120883347
8.9199999999999999,4460,0.0064630358228719587,0.015000180696072101,0,0.055916273772228568,0.010756043053481806,0.00035831650209565505,6.6028970977013717e-07,2.1900583802360337e-05,2.770681065030407,1.205780375404832,-0.19297087547650635,0.050730029319161228,1.7623680875248122,0.62315549380278445,0.13921512968099489,1.7623895177066087,0.62304565046995719,0.14997059049668734
8.9399999999999995,4470,0.0064634102368630866,0.015000118187615845,0,0.05494354436850029,0.011624175376047305,0.00037048661121326365,6.3223189808689652e-07,2.183391520383078e-05,2.7708151322816237,1.2058047192888812,-0.19294981905556347,0.050718819834896907,1.7624827913921559,0.62251025130584869,0.13834551515053792,1.7625060823190777,0.62239803729475307,0.14996912555013156
8.9600000000000009,4480,0.0064637762470347894,0.015000071175499965,0,0.053957607384965349,0.012479070750012452,0.00038127278970332708,6.1751756384254832e-07,2.1497471115166028e-05,2.7709433758950062,1.2058290581628361,-0.19292877802892955,0.050707617435279441,1.7626022992331678,0.6218408229391299,0.13748908466925527,1.7626269754296073,0.62172637572000788,0.14996760620440441
8.9800000000000004,4490,0.0064641346324735135,0.015000028185441536,0,0.052961302127519656,0.013313681703697578,0.00039088849488596027,6.082302747528202e-07,2.1531352099333316e-05,2.7710657700319881,1.205853396046205,-0.19290774089606966,0.050696417161465376,1.7627263748120257,0.62114720763286968,0.13665288624293337,1.76275220644729,0.621030613470405,0.14996603234125552
9,4500,0.0064644860444808896,0.014999982627029878,0,0.051957155165205986,0.014121211263285303,0.00039914990872023411,6.0253101475908838e-07,2.1565179853261896e-05,2.7711822296399578,1.2058777348043919,-0.19288670105840044,0.050685215414589931,1.7628548558057877,0.62042933919238508,0.13584371652171076,1.7628817811382107,0.62031071851055541,0.14996440388821852
9.0199999999999996,4510,0.0064648308040127188,0.014999951672444422,0,0.050947317221822615,0.01489511085134182,0.00040592604936508399,6.0234293521516441e-07,2.1598954627055457e-05,2.7712924274666069,1.205902069793866,-0.19286567570866259,0.050674020918801577,1.7629881441579509,0.61968713264924513,0.13506812251150652,1.7630157016833008,0.61956667872357518,0.14996272081788417
9.0400000000000009,4520,0.0064651694315065143,0.014999932921829497,0,0.049933853724380924,0.01562933444794589,0.00041112370457684777,6.0443291875943107e-07,2.1666346224911465e-05,2.7713962512101169,1.2059264017419531,-0.19284466244253035,0.050662832574036726,1.7631261360347892,0.6189205980453657,0.13433215039506691,1.7631539667361911,0.6187985015896631,0.14996098314717327
9.0600000000000005,4530,0.0064655025597251678,0.014999912521582323,0,0.048918664492678336,0.016318396934035171,0.00041474597874218327,6.0732239918247624e-07,2.1598954627055457e-05,2.7714937211181105,1.2059507343525724,-0.19282364739116262,0.050651643167993969,1.7632684473348346,0.61812979534306112,0.13364128619527299,1.7632965714810644,0.6180062138646788,0.14995919093660937
9.0800000000000001,4540,0.0064658306290235248,0.014999889727311224,0,0.047903295201924968,0.016957376864859305,0.00041674824741272663,6.1142195378156693e-07,2.1086653546985296e-05,2.7715847329773711,1.2059750677686909,-0.19280262981080545,0.050640452184779049,1.763415042785254,0.61731475806410985,0.13300045127601082,1.7634435076905104,0.61718986125871955,0.14995734428959198
9.0999999999999996,4550,0.006466154020714719,0.01499986511725983,0,0.046889040284843995,0.017542044301642804,0.00041706121668258202,6.1704232516264175e-07,2.1867274910380131e-05,2.7716691840544931,1.2059994018316091,-0.19278161028096913,0.050629259897050687,1.7635659396790071,0.61647553729979421,0.1324138754600494,1.7635947637833764,0.61634950811469824,0.1499554433516693
9.120000000000001,4560,0.006466473051419429,0.014999839338935939,0,0.045876967016175614,0.018068956510750845,0.00041560452340439315,6.2433414996592259e-07,2.1598954627055457e-05,2.7717469894388502,1.2060237363794291,-0.1927605894501877,0.050618066644109387,1.7637211477768164,0.61561220648662063,0.13188500146515694,1.7637503248826225,0.61548523708692082,0.14995348830981114
9.1400000000000006,4570,0.0064667879669810368,0.014999812973239839,0,0.044867921670001067,0.018535546342092691,0.0004123717873158124,6.3330871249626229e-07,2.1666346224911465e-05,2.7718180859503132,1.2060480712702637,-0.19273956790024982,0.050606872735444938,1.763880664763958,0.61472486057267783,0.13141639651677964,1.7639101728731741,0.61459714881966454,0.14995147939168199
9.1600000000000001,4580,0.0064670989367293773,0.014999786557854316,0,0.043862529041477395,0.018940209615041798,0.00040731356511265168,6.438468644249642e-07,2.1800504449438904e-05,2.7718824345085058,1.2060724063736117,-0.19271854616962997,0.05059567846124393,1.7640444795230781,0.6138136151801602,0.13100966494378158,1.7640742864597743,0.61368536162575438,0.14994941686491373
9.1799999999999997,4590,0.0064674060474006955,0.014999760615790086,0,0.04286118417414108,0.019282392603853421,0.00040053541963066327,6.5570481360683157e-07,2.1565179853261896e-05,2.7719400225356803,1.2060967415625998,-0.19269752478201604,0.050584484110715734,1.7642125746765482,0.61287860609540201,0.13066536068080958,1.7642426412248384,0.61275001116514161,0.14994730103637874
9.2000000000000011,4600,0.0064677092968317964,0.014999735670207693,0,0.04186403294797534,0.01956267965787082,0.00039215450969140337,6.6852477463736488e-07,2.2000207897163392e-05,2.7719908664843294,1.2061210767099058,-0.1926765042611,0.050573289982943796,1.7643849280909634,0.611919988908044,0.1303828996399532,1.7644152096863066,0.61179125012348101,0.14994513225146269
9.2200000000000006,4610,0.0064680085874957412,0.014999712250777574,0,0.040870938180048659,0.019782880887503886,0.00038235907452260632,6.8185135504446311e-07,2.206637408534863e-05,2.7720350143892021,1.2061454116857295,-0.19265548513690953,0.050562096392424115,1.7645615138728263,0.61093793870958368,0.13016047201859055,1.7645919613554968,0.61080924789070867,0.14994291089333758
9.2400000000000002,4620,0.006468303719868394,0.014999690896742681,0,0.039881428302531809,0.019946119881558536,0.00037146905460256951,6.9515147391335337e-07,2.2198114802541581e-05,2.772072548389124,1.2061697463565266,-0.19263446794884279,0.050550903672324253,1.7647423031200247,0.60993264982703244,0.12999495457692109,1.7647728627949577,0.60980419023961896,0.14994063738223448
9.2599999999999998,4630,0.0064685943856829251,0.014999672164931383,0,0.038894626216384405,0.020056921385686932,0.00035990382231468706,7.0783129077003546e-07,2.2000207897163392e-05,2.7721035871140858,1.2061940805829749,-0.19261345325365967,0.050539712181162336,1.7649272649044612,0.60890433560890478,0.12988182295461936,1.7649578776763226,0.60877627900444309,0.14993831217471665
9.2799999999999994,4640,0.0064688804120007657,0.014999638973246557,0,0.037909297726904025,0.020121354631040561,0.00034813660799822981,7.2849948322465391e-07,2.2361699290911531e-05,2.7721284886749409,1.2062184188912299,-0.19259242394863124,0.050528513334385579,1.7651159347781482,0.60785328159919416,0.12981500933702145,1.7651469668381625,0.6077257317594259,0.14993593576295233
9.3000000000000007,4650,0.0064691612470862995,0.014999596387550877,0,0.036923403076508633,0.02014698976502214,0.00033685022220279921,7.5620132343704379e-07,2.2588727439225648e-05,2.7721474167685254,1.2062427598843493,-0.19257138510616861,0.050517309646336349,1.7653084320705466,0.60677971600387781,0.12978694365403123,1.7653400883438386,0.60665278149740365,0.14993350867398772
9.3200000000000003,4660,0.0064694360320252187,0.014999561990582043,0,0.035934063142428599,0.0201430229574729,0.0003267065009423596,7.8070173005453508e-07,2.2524095754713237e-05,2.7721604385634619,1.2062670989631448,-0.19255035432703727,0.050506110276747673,1.7655051745644237,0.60568385449057383,0.12978842916790947,1.7655371975393561,0.6055576763083822,0.14993103146901982
9.3399999999999999,4670,0.0064697039237941525,0.014999538913016575,0,0.034937633109601386,0.020120455061597507,0.00031850677840426745,7.984156573274552e-07,2.2459278078588273e-05,2.7721678191943693,1.2062914353973422,-0.19252933474183667,0.050494917141565059,1.7657061780551258,0.60456598427137265,0.12980846542697888,1.7657382471112175,0.60444067905811361,0.1499285047426695
9.3599999999999994,4680,0.0064699641024675838,0.014999519043929875,0,0.033929508940214667,0.020092161953729738,0.00031293570332685034,8.1319197486274414e-07,2.2263692832568247e-05,2.7721700026393852,1.2063157717516537,-0.19250831822075568,0.050483726792644172,1.765911183123406,0.60342646406652356,0.129834177752501,1.7659431871442748,0.60330206706667433,0.14992592912225425
9.3800000000000008,4690,0.0064702160811620302,0.01499949068799211,0,0.032906087037995906,0.020068217896073881,0.00031086272467412086,8.3265758270310718e-07,2.2329078268013787e-05,2.7721674246243309,1.2063401117891899,-0.19248729305168144,0.050472533562173606,1.7661198899948627,0.60226567977972767,0.12985549331357887,1.7661519651795836,0.60214213178704279,0.14992330526706121
9.4000000000000004,4700,0.0064704681615399698,0.014999515820513036,0,0.031896189793211828,0.020036861720737792,0.0003099351211705101,8.141036966569285e-07,2.265317472408141e-05,2.7721650945464575,1.2063644385793533,-0.19246632132846497,0.050461367502737532,1.7663254261919668,0.60110847366687992,0.12988435170428711,1.7663645262722567,0.60096117848367714,0.14992063386762006
9.4199999999999999,4710,0.0064707480380033749,0.014999595446686673,0,0.030991043234147593,0.019954177337632301,0.00030257815113264662,7.6392694666196146e-07,2.262097403300073e-05,2.7721797123956669,1.2063887520875392,-0.1924454040889538,0.05045022550951038,1.7665023888868756,0.60002945758081472,0.1299657182781167,1.7665808130493155,0.59975952591109216,0.14991791564497595
9.4399999999999995,4720,0.0064710654239797417,0.014999671281247075,0,0.030223747871961401,0.019804561556769427,0.00028445144680909885,7.1986630021526477e-07,2.265317472408141e-05,2.7722172965347456,1.2064130659916841,-0.19242448282364388,0.050439085776912598,1.7666402198252373,0.59905356507602248,0.13011796552776717,1.7668007657675449,0.59853750599243749,0.14991515134996239
9.4600000000000009,4730,0.0064714108980966434,0.014999735700801538,0,0.029568137601181564,0.019601328411554462,0.00026129658405086887,6.8465583712139854e-07,2.3099271619960363e-05,2.772272220570398,1.2064373816499985,-0.19240354989996214,0.050427945470624368,1.7667458263809039,0.59815607081546596,0.13033189563563188,1.767024322371346,0.59729546349807505,0.14991234176247417
9.4800000000000004,4740,0.0064717778039234371,0.014999793770469491,0,0.029006905481669149,0.019354816532174701,0.00023953790873902108,6.5733014065883779e-07,2.2940947124789083e-05,2.7723404688446407,1.2064616984767138,-0.19238261046218061,0.050416803367168653,1.7668240305985479,0.59731977841717865,0.13060217280322614,1.7672514185505883,0.59603375572415662,0.14990948769074031
9.5,4750,0.0064721607689093895,0.014999848010170683,0,0.02852665746781996,0.019074268588170129,0.00022455383068356388,6.3802091074333071e-07,2.2877310533063834e-05,2.772418797982716,1.2064860161496187,-0.19236166707568081,0.05040565836464788,1.766878585718255,0.59653076894738444,0.13092495978647259,1.7674819877984647,0.59475275217120138,0.14990658997059703
9.5199999999999996,4760,0.0064725550935268734,0.014999899131530926,0,0.028116073861620565,0.018768309526846549,0.00022108286818527836,6.263711894310711e-07,2.3225154141253322e-05,2.7725043690189231,1.2065103345854875,-0.19234072046332543,0.050394510153653586,1.7669126963544135,0.59577681707328467,0.13129710998637487,1.767715961469343,0.5934528342226737,0.14990364946476048
9.5400000000000009,4770,0.0064729565560828501,0.014999947121991958,0,0.027764095173385663,0.01844492514100567,0.0002319311899745428,6.214825220097787e-07,2.3162298399097643e-05,2.7725946312090444,1.2065346537907753,-0.19231977060920025,0.050383358816253075,1.7669291798763971,0.59504691863099457,0.13171595616723053,1.7679532688366197,0.59213439482356012,0.1499006670620999
9.5600000000000005,4780,0.0064733638675798432,0.014999993530035557,0,0.027457165649044685,0.018116574855117307,0.00025566493826323182,6.2191187833036903e-07,2.2813496432377448e-05,2.7726889967234229,1.2065589734993347,-0.19229881905483698,0.050372205918694214,1.7669294780661902,0.59433814584747247,0.13217540053284479,1.7681938371505739,0.59079783815894804,0.14989764367691039
9.5800000000000001,4790,0.0064737788696834289,0.015000040530697971,0,0.027192693127173685,0.017802429209820503,0.00028941793257920877,6.268737522804064e-07,2.2749503328951236e-05,2.7727889998941597,1.2065832932539369,-0.19227786796438279,0.050361053533222344,1.7669136319873577,0.59365623504926912,0.13266502528036178,1.7684375916962192,0.58944357933260227,0.14989458024818586
9.5999999999999996,4800,0.0064742011542045837,0.015000073356671525,0,0.026966591276962319,0.017518171564237604,0.00033269139114342958,6.3809480665594875e-07,2.2940947124789083e-05,2.7728948092685801,1.2066076142598856,-0.19225690260174494,0.050349887024511,1.7668818992722701,0.59300085244316736,0.13317789127417765,1.7686844558511572,0.58807204404554303,0.14989147773889197
9.620000000000001,4810,0.0064746286429626428,0.015000103377237631,0,0.026777537734673146,0.017273577407287959,0.00038600012053989892,6.5077057021186967e-07,2.2781522350186147e-05,2.7730051386558077,1.2066319358493496,-0.19223593430148828,0.050338718242163842,1.7668360089378978,0.59236685426706603,0.13371197062698534,1.7689343511434319,0.5866836682746237,0.149888337135239
9.6400000000000006,4820,0.0064750529849917681,0.015000128466080216,0,0.026621974018779533,0.017058312611424882,0.00044811487335829058,6.633693933530642e-07,2.2909150924997221e-05,2.7731144346847176,1.2066562588182543,-0.19221496093253254,0.05032754606488056,1.7667791510609809,0.5917315472738246,0.13427904977273039,1.7691871973093811,0.58527889795110821,0.14988515944595487
9.6600000000000001,4830,0.0064754657937756525,0.01500014009677089,0,0.026490381911484423,0.016859065737461171,0.00051467186314304247,6.7461467757022338e-07,2.3036072399968081e-05,2.7732172312310155,1.2066805839467216,-0.19219397399418436,0.050316362885716642,1.7667141163918789,0.59107239966950087,0.13489071728752089,1.7694429123514905,0.58385818863924865,0.14988194570155794
9.6799999999999997,4840,0.0064758640501477917,0.015000146181791321,0,0.026379321378860836,0.016676539582506429,0.00058265407018486383,6.8378163465112799e-07,2.2877310533063834e-05,2.7733116255691588,1.2067049104241367,-0.19217298138064715,0.050305176941924157,1.7666426795016472,0.59038173294039642,0.13554712834310181,1.7697014125962471,0.58242200521486298,0.14987869695363001
9.7000000000000011,4850,0.0064762457448135583,0.015000153542275975,0,0.026286211118152721,0.016513760228000621,0.00065071219750822507,6.9165879032955341e-07,2.3193747562800386e-05,2.7733964076071032,1.2067292374368952,-0.19215198990044655,0.050293993785275111,1.766566419720289,0.58965441046349087,0.1362458349249282,1.7699626127519921,0.58097082154391222,0.14987541427408926
9.7200000000000006,4860,0.006476608699396395,0.015000167375848604,0,0.026208735689009791,0.016371891075658378,0.00071815813639986026,6.9906409011985916e-07,2.3036072399968081e-05,2.7734702566182032,1.2067535642393863,-0.19213100474144149,0.050282817719097067,1.7664868624730625,0.58888471640217799,0.13698498671864651,1.7702264259667733,0.5795051201610788,0.149872098754463
9.7400000000000002,4870,0.0064769505691269344,0.015000187499545981,0,0.026144887572395546,0.01625052370995652,0.00078477543478961981,7.0678773704060447e-07,2.2940947124789083e-05,2.7735317885941035,1.2067778905983098,-0.19211002572075039,0.050271648313943242,1.7664053695584823,0.58806649078265716,0.13776300647822648,1.7704927638861994,0.57802539194834335,0.14986875150516088
9.7599999999999998,4880,0.006477268900840885,0.015000207035048813,0,0.026080678739774925,0.016147969520347596,0.00085010135204123365,7.143561632491882e-07,2.265317472408141e-05,2.7735795830948398,1.2068022174577806,-0.19208904597378684,0.050260479163955013,1.7663232360000503,0.58719318380823016,0.13857819233778207,1.7707615367112934,0.57653213581356288,0.14986537365474753
9.7799999999999994,4890,0.0064775814319974496,0.015000216355309471,0,0.026022579355532559,0.016122107653348663,0.00091886354922676651,7.1960740829099345e-07,2.2845425764212974e-05,2.7736255173888571,1.2068265459704641,-0.19206805590232306,0.050249301823616331,1.7662357057185416,0.58631227062893476,0.13939637760296661,1.7710326532563441,0.57502585836904807,0.14986196634921561
9.8000000000000007,4900,0.0064778946002352839,0.015000278521248359,0,0.02598671824361861,0.016195500309483166,0.00098356058061666767,7.7443993708302953e-07,2.2588727439225648e-05,2.7736729582238007,1.2068508493802967,-0.19204711884165693,0.050238120880102814,1.7661471944684366,0.58543893228047528,0.14019874360592732,1.7713060210067608,0.57350707361014064,0.14985853075125879
9.8200000000000003,4910,0.0064781988523946168,0.015000293386091774,0,0.025958141915904731,0.016332100299761395,0.0010360225709756122,8.0466931062015671e-07,2.2524095754713237e-05,2.7737148057235679,1.2068751661669985,-0.19202613427604279,0.050226914661629998,1.7660636832731473,0.58453994724511005,0.14099812035696371,1.7715815461769262,0.57197630259379195,0.14985506803954451
9.8399999999999999,4920,0.0064784889958560419,0.015000227588666643,0,0.025933911298018038,0.016511634675743903,0.0010763360164750687,7.8448051318841338e-07,2.2588727439225648e-05,2.7737477467254195,1.2068995112888694,-0.19200506868500744,0.05021568285941394,1.7659859743219426,0.58360054955875496,0.14180273005555027,1.7718591337680489,0.57043407311713934,0.14985157940798702
9.8599999999999994,4930,0.0064787647412803614,0.015000166615672789,0,0.025897703364035941,0.016732794013020857,0.0011059213166583867,7.7272875759091057e-07,2.2556434745889217e-05,2.7737717882442969,1.2069238558030768,-0.19198400778722738,0.050204455789773617,1.7659145857762888,0.58262383648420357,0.14261071975884784,1.7721386876260175,0.56888091939608421,0.14984806606502027
9.8800000000000008,4940,0.0064790467981867871,0.015000240492483271,0,0.02587192713049475,0.017052683812494286,0.0011303659995743796,8.2121662819144188e-07,2.2909150924997221e-05,2.7738000430097167,1.2069481587212598,-0.19196308190698669,0.05019328501251908,1.7658452112401035,0.58166844698121356,0.14339381985370631,1.772420110499253,0.5673173817438697,0.14984452923287084
9.9000000000000004,4950,0.0064793248776962306,0.015000267076811969,0,0.025862220449454909,0.017432745856452606,0.0011532860877928371,8.4901273935075051e-07,2.2877310533063834e-05,2.7738263063744082,1.2069724763676821,-0.19194210845748719,0.050182095110163229,1.7657774130867268,0.58070207997632295,0.14416746221934615,1.7727033040965621,0.56574400624965893,0.14984097014683082
9.9199999999999999,4960,0.0064795838317932052,0.015000221739475045,0,0.025855154739551134,0.01780919900863992,0.0011692977903082166,8.2985187297859273e-07,2.2909150924997221e-05,2.7738388310074438,1.2069968210542732,-0.1919210626795339,0.050170892126824025,1.7657164163570918,0.57966912248692781,0.14495907053865759,1.7729881691449911,0.56416134445711097,0.14983739005453073
9.9399999999999995,4970,0.0064798378985382668,0.015000207751144475,0,0.025852021183496596,0.018177339861012675,0.0011770377523533531,8.170634796392428e-07,2.2845425764212974e-05,2.7738408059458211,1.2070211590514852,-0.19190004810907135,0.0501597136447565,1.7656646682450239,0.57856856209312291,0.14576573802104736,1.7732746054476785,0.56256995304295976,0.14983379021521254
9.9600000000000009,4980,0.0064800838080621434,0.015000195808340385,0,0.025852127891589659,0.018531734562458175,0.0011786610345228495,8.0572062737738573e-07,2.2556434745889217e-05,2.7738311769911266,1.2070454962075854,-0.1918790354323045,0.050148535370240069,1.7656230649085543,0.57739731789653681,0.14658263107142522,1.7735625119417076,0.5609703934955913,0.14983017189900247
9.9800000000000004,4990,0.0064803199847417369,0.015000188915525025,0,0.025832680830288703,0.018870086352750594,0.0011755015262882691,7.9601709178291725e-07,2.2230927998283902e-05,2.7738096862986801,1.2070698321510387,-0.19185802767672691,0.050137359606715101,1.7655928438045727,0.5761562108825935,0.14740457982106248,1.7738517867559607,0.55936323179362157,0.14982653638618396
10,5000,0.0064805682389730349,0.015000234917797515,0,0.025801878413179456,0.01926455200354571,0.0011738415846301181,8.1728908642285071e-07,2.2459278078588273e-05,2.7737923351024047,1.2070941498628494,-0.19183707288692678,0.05012619524104589,1.765566367760582,0.57492359517094849,0.14820718966995597,1.774142327268972,0.5577490380844734,0.14982288496647056
10.02,5010,0.0064808354172076121,0.015000291347736741,0,0.02579851736088163,0.019748085397983225,0.0011802394697167694,8.516309342062214e-07,2.2394272795856101e-05,2.7737864863094663,1.2071184622348476,-0.19181612844474011,0.050115028413250953,1.7655381795819747,0.57373934831733142,0.14897973201143833,1.7744340301667807,0.55612838636295459,0.1498192189382789
10.040000000000001,5020,0.0064810985524155224,0.015000292272554748,0,0.025809476320055744,0.020229952260127863,0.0011885761911804517,8.5078807863279314e-07,2.2685329707937426e-05,2.7737744331303582,1.2071427932693755,-0.19179512813720598,0.05010384959088398,1.7655169241800162,0.57251365313345048,0.14974913362369072,1.7747267915007834,0.55450185414983522,0.14981553960800165
10.06,5030,0.0064813422013388156,0.015000265969058141,0,0.02582087591254606,0.020655578834560751,0.001189503108388047,8.3089759399843608e-07,2.2426798989897964e-05,2.7737446459805151,1.2071671343047405,-0.19177410037182152,0.050092666179402785,1.7655097296316202,0.57119170866911084,0.15052868824566856,1.7750205067455889,0.55287002217042602,0.14981184828928024
10.08,5040,0.0064815661653630369,0.015000242746566847,0,0.025834718612472073,0.021024333402147748,0.0011821938271470071,8.1318662547196282e-07,2.2198114802541581e-05,2.7736971761217339,1.2071914749088672,-0.1917530755855176,0.050081483158687101,1.7655187568338613,0.56977519635131579,0.15131126307867196,1.7753150708568699,0.5512334740331547,0.14980814630227798
10.1,5050,0.0064817697299518464,0.015000222078504929,0,0.025851097542604555,0.021331685025970559,0.0011678362723721715,7.973287294034041e-07,2.2556434745889217e-05,2.7736315834521101,1.2072158151226151,-0.19173205324053763,0.0500703003122836,1.7655464979783664,0.5682619543470443,0.15208952173590959,1.775610378329217,0.54959279590814458,0.14980443497295298
10.120000000000001,5060,0.0064819521030526905,0.015000200300517793,0,0.025858777608703795,0.021571706821389994,0.0011476699609210173,7.8175645288678968e-07,2.206637408534863e-05,2.7735472736753781,1.2072401558002492,-0.19171102966186049,0.050059116093655889,1.7655956413023894,0.56664866158553029,0.15285606825868789,1.7759063232539913,0.54794857620579129,0.14980071563233091
10.140000000000001,5070,0.0064821282857166172,0.015000129771456976,0,0.025832799867369485,0.021795253415456819,0.0011278178594089036,7.6566403171076927e-07,2.2198114802541581e-05,2.7734558069359196,1.207264507227338,-0.19168995728682184,0.050047888810918553,1.7656594377497139,0.56499342516945339,0.15360211623219228,1.7762027993771783,0.54630140525534165,0.14979698961577806
10.16,5080,0.0064823245251728352,0.015000079131663088,0,0.02583326110630188,0.022074593752442771,0.0011155224937341617,7.7049106298356412e-07,2.1800504449438904e-05,2.773374047912823,1.2072888515817839,-0.19166890478738097,0.050036660969369311,1.7657287183957109,0.56337965665606937,0.15432578899594099,1.7764997001572405,0.54465187498347001,0.14979325826227419
10.18,5090,0.0064825142461707539,0.015000059327485367,0,0.025859156467080327,0.022331448628409713,0.0011061131025229577,7.6606160873306067e-07,2.1800504449438904e-05,2.7732846105581306,1.2073131889555309,-0.1916478828000715,0.050025471030715314,1.7658145942984367,0.56172551520328295,0.15502964646343387,1.7767969188229704,0.54300057859285622,0.1497895229136855
10.200000000000001,5100,0.0064826774541272983,0.015000048806636345,0,0.025881026053799057,0.022491489002146991,0.0010868535163553053,7.5634262949479611e-07,2.2165253030559974e-05,2.7731725578965429,1.2073375281959124,-0.19162686989984876,0.050014291258345361,1.7659285978095087,0.55995181951048068,0.15570989598596316,1.7770943484313446,0.54134811024076357,0.14978578491403749
10.220000000000001,5110,0.006482815943125388,0.015000033564903155,0,0.025896662267793386,0.022562827706507131,0.0010600011567895088,7.4738607998970478e-07,2.1666346224911465e-05,2.7730399905516485,1.2073618685719636,-0.1916058521911648,0.050003107823244589,1.7660707392597739,0.55807060989979163,0.15635869081105014,1.777391881925376,0.53969506471761619,0.14978204560878797
10.24,5120,0.00648294258190967,0.015000003303091583,0,0.02590759976305182,0.02259000989011184,0.0010320212985101408,7.397126877030571e-07,2.122447627911835e-05,2.7728965844635969,1.2073862114754874,-0.19158481939914968,0.049991915956016299,1.7662358496957689,0.55613417245520891,0.15697546496367204,1.7776894121919675,0.5380420371255763,0.14977830634409989
10.26,5130,0.0064830611308593052,0.01499997639363054,0,0.025925878315998942,0.022551409346313021,0.0010033573172774026,7.3080469441692744e-07,2.1666346224911465e-05,2.7727410591569681,1.2074105531459918,-0.19156378978099381,0.04998072923187602,1.7664295349476422,0.55412435324357756,0.15755108909291898,1.7779868321197652,0.53638962255712241,0.14977456846611426
10.279999999999999,5140,0.0064832260661378252,0.015000013059353088,0,0.02594708141841142,0.022443179582906422,0.00096082428316646748,7.1893496447304831e-07,2.1190104635059971e-05,2.7725881035400222,1.2074348807999142,-0.19154282371070727,0.049969576859461511,1.7666539084218573,0.55203998359525597,0.15808300658950319,1.7782840346570108,0.53473841577362635,0.14977083332022317
10.300000000000001,5150,0.0064834873450694171,0.015000078320042319,0,0.025959986064751646,0.0222590013505252,0.00087497095940821041,7.1691009944406578e-07,2.0311919222296604e-05,2.772451717969699,1.2074592017115318,-0.1915218861504481,0.049958434583042492,1.7669098896590119,0.54987895064614511,0.15856188940675342,1.7785809128693961,0.53308901088393079,0.14976710225034259
10.32,5160,0.0064838402561904242,0.015000130540928251,0,0.025989869752281292,0.021993361011836521,0.00073878805172203983,7.2303976965373945e-07,1.9986328642111702e-05,2.7723306861535448,1.207483529024217,-0.19150093547048089,0.049947277822979141,1.7671982619224091,0.54763824709079612,0.15898228163342484,1.7788773599979151,0.53144200102292838,0.14976337659818539
10.34,5170,0.0064842757832296117,0.0150001713050434,0,0.02603294292497188,0.021622796573313282,0.00056625985977997828,7.285722824444396e-07,1.870524340221744e-05,2.7722211585809773,1.2075078629984355,-0.19147997327008232,0.049936114021621056,1.7675247889207153,0.54530031974396498,0.15932708331463785,1.7791732695167177,0.52979797803013651,0.14975965770253419
10.359999999999999,5180,0.0064847857206625148,0.01500025584530665,0,0.026014032859161228,0.021136496869752532,0.00038229234469061931,7.657699756738187e-07,1.7990127040434818e-05,2.772120672014974,1.2075321855570389,-0.19145905506608255,0.049924954522008597,1.767894123129568,0.54286193250170289,0.15958270094123425,1.7794685351909627,0.52815753212827776,0.14975594689851429
10.380000000000001,5190,0.0064853565478903081,0.015000290675267839,0,0.026018468218654459,0.020655502632554217,0.00034563811077842718,7.9462894805539274e-07,1.7745352001653249e-05,2.7720377189383489,1.2075565237317751,-0.19143808718943478,0.049913752333348542,1.7682864201663759,0.54044320478255359,0.15980788822409714,1.7797630511346707,0.52652125160185537,0.14975224551686661
10.4,5200,0.0064859849461277909,0.015000350600066145,0,0.026073533935102346,0.020124258580320461,0.0005027008788967797,8.3112950894999443e-07,1.668685248064749e-05,2.7719667331189397,1.2075808524225575,-0.19141714415241909,0.049902575267521114,1.7687136490355841,0.5379974374910278,0.15997149555859194,1.7800567118685777,0.5248897224757324,0.14974855488322064
10.42,5210,0.0064866717376330704,0.015000516662455003,0,0.026126323687122303,0.019443975761343955,0.00071139789314725982,9.4281509710772409e-07,1.5556496191598024e-05,2.7718998762270215,1.2076051510699151,-0.19139630746670355,0.049891439505339356,1.7691922661745245,0.53543647778815373,0.16001159829535738,1.7803494123779886,0.52326352819370814,0.14974487631736727
10.44,5220,0.0064874142788380936,0.015000712560568303,0,0.026167693444209009,0.018615869514884927,0.00095274406419607461,1.1015236720170248e-06,1.4886052178675807e-05,2.7718384726510079,1.2076294426781997,-0.19137550081800209,0.0498802995999474,1.7697228110348027,0.53277099963073382,0.15991548595451827,1.7806410481706294,0.52164324929709638,0.1497412111325318
10.460000000000001,5230,0.0064882034173637049,0.015000975109464002,0,0.026140723743220448,0.017698200376463601,0.0012276451605902465,1.3435722300636477e-06,1.578904266095767e-05,2.7717852268207119,1.2076537097710398,-0.19135476116518002,0.049869155784759978,1.7702990490930581,0.53006032991008201,0.15971546969890915,1.7809315153345009,0.52002946310330267,0.1497375606346468
10.48,5240,0.006489031452835619,0.015001226903518527,0,0.026172231209199391,0.016755279965596125,0.0015073856700236505,1.5909469143354094e-06,1.7245382313122805e-05,2.7717427226878626,1.2076779741976833,-0.19133401062344038,0.049857994531558814,1.7709115985852097,0.5273612175714989,0.1594583950267438,1.7812207105957321,0.51842274338440242,0.14973392612162506
10.5,5250,0.0064899036418222178,0.015001396652810792,0,0.026234491849494758,0.015712990612409588,0.0017734849561201653,1.7560649173104798e-06,1.870524340221744e-05,2.7717090120163088,1.2077022679487732,-0.1913131773003352,0.049846834517177502,1.7715727079680841,0.52461892916302244,0.15907970814528963,1.7815085313764329,0.51682366004571767,0.14973030888263253
10.52,5260,0.0064908185060264141,0.01500157259807762,0,0.026264788447924861,0.014537622950216251,0.0020456780021611523,1.9279654777033906e-06,2.0203972031729294e-05,2.7716830350722121,1.2077265631774179,-0.19129235007050147,0.049835677809800652,1.7722880811003501,0.52181374533168989,0.1585388730504223,1.7817948758525477,0.51523277880439533,0.14972671019736117
10.540000000000001,5270,0.0064917712388038963,0.015001766000521418,0,0.026284119877122814,0.013255211139516559,0.0023312251499986738,2.1213679835091889e-06,2.1463536648682345e-05,2.7716661434195888,1.2077508508498835,-0.19127154031305144,0.049824515377592561,1.7730550777813392,0.5189718758856402,0.15784363104233035,1.7820796430117085,0.5136506608679845,0.14972313133530193
10.56,5280,0.0064927577527612206,0.01500192102401671,0,0.026318849544614921,0.011903289029282961,0.0026268585329668392,2.2799614707700588e-06,2.3536915126363769e-05,2.7716593497856832,1.2077751468676703,-0.19125069206672768,0.049813326543261885,1.773869515222334,0.51611973010985823,0.15701456180321499,1.7823627327110876,0.51207786261301447,0.14971957355501767
10.58,5290,0.0064937750616052342,0.015002013067385991,0,0.026371190696959181,0.010507528760712606,0.0029171912560555422,2.3760907979881325e-06,2.5066654672035824e-05,2.7716634576488897,1.2077994594536667,-0.19122978046731104,0.049802118868522219,1.7747302846955528,0.5132736711517506,0.15605401279278036,1.7826440457352515,0.5105149352635715,0.14971603810341602
10.6,5300,0.0064948236114512232,0.015002105989606282,0,0.026438393016225956,0.0090577778130969053,0.0032250311505914097,2.4701130290823579e-06,2.6563201933966371e-05,2.7716799128050083,1.2078237733237733,-0.19120886934224313,0.049790932591079452,1.7756433016741859,0.51042028774109671,0.15490067822840406,1.7829234838540133,0.50896242456987728,0.1497125262150224
10.620000000000001,5310,0.0064958979905865117,0.015002312455948746,0,0.026402056947011476,0.007625644487851157,0.0035813186063349605,2.6828724711583591e-06,2.763906749706611e-05,2.7717098907812643,1.207848045726688,-0.19118807204289409,0.049779767045791144,1.7766070165525318,0.50757306610192043,0.15353622262122146,1.7832009498802868,0.50742087048686568,0.14970903911125286
10.640000000000001,5320,0.0064969929613700591,0.015002493823350045,0,0.026416056619278525,0.0064325545847663508,0.0039176815765013953,2.8736039860984601e-06,2.8902476314888416e-05,2.7717532005525438,1.2078723307080266,-0.19116724952185465,0.04976854483993564,1.7776062303509768,0.50478303830639637,0.15209143828779509,1.7834763477279387,0.50589080685276167,0.14970557799968695
10.66,5330,0.0064981075362060044,0.015002656192684415,0,0.026492075312057724,0.0056688774835878001,0.0041992755904374391,3.0435584653918848e-06,2.9028303972554502e-05,2.7718127278262332,1.2078966136800693,-0.19114640733755633,0.049757354795715573,1.7786414280644929,0.50205031173998838,0.15050784849649529,1.7837495824696425,0.50437276106765694,0.14970214407334084
10.68,5340,0.0064992397331532442,0.015002858582766853,0,0.026493733089101398,0.0056410922205864288,0.0045406882051181015,3.2554650602942574e-06,2.8547208494697696e-05,2.7718933123585714,1.2079208723800468,-0.19112560505160414,0.049746207608970659,1.7797114258625526,0.49937177634866142,0.14868142901571116,1.7840205603947314,0.50286725377208963,0.14969873850994003
10.700000000000001,5350,0.006500383509966054,0.015003023695571792,0,0.026514897250358958,0.0064814457208591586,0.0048911202664612997,3.4313054512060726e-06,2.8342198958711723e-05,2.7719933759295814,1.2079451421167635,-0.19110476534283066,0.049735033729393391,1.7808009363292008,0.49678538688952928,0.1467325036652691,1.7842891890670514,0.50137479852561995,0.14969536247119236
10.720000000000001,5360,0.0065015638249049977,0.015003098718939744,0,0.026528391029980836,0.0078054519681102982,0.0051307251493217442,3.5119112768571499e-06,2.8470502914517292e-05,2.7721463373421247,1.2079694436435131,-0.19108383491689576,0.049723854080420779,1.7818258968010652,0.49447865340431141,0.14477994631590899,1.7845553773828147,0.49989590148540958,0.14969201710206095
10.74,5370,0.0065027824247485969,0.015003091069447713,0,0.026513790286699153,0.0092028293390433533,0.0051906022502915808,3.5064579197499648e-06,2.763906749706611e-05,2.7723657494042593,1.2079937688510336,-0.19106282106088507,0.04971267212919174,1.7827295879211627,0.49255139529506559,0.14292439969866519,1.7848190356284523,0.49843106108479773,0.14968870353003708
10.76,5380,0.0065039911209350655,0.015003053648154133,0,0.026449418143730384,0.010541563257406475,0.0050659476427818671,3.4709585539244028e-06,2.5384515439650176e-05,2.7726291688674785,1.2080180960204077,-0.19104177675384795,0.049701504078394958,1.7835106152461966,0.49094194589699997,0.14118871871580252,1.7850800755384686,0.49698076771187977,0.14968542286441305
10.779999999999999,5390,0.0065052263678986432,0.01500292220706673,0,0.026375111473196121,0.011754000521839931,0.0048249639662764476,3.3349403077823593e-06,2.3905662095044801e-05,2.772936478622106,1.2080424596037167,-0.19102063791711335,0.049690331280487679,1.784167866330999,0.48957985486952449,0.1396224847135917,1.7853384103532923,0.49554550338808434,0.14968217619555532
10.800000000000001,5400,0.0065065220359033947,0.015002735369076944,0,0.02632789732262452,0.012842684484400879,0.0045353925107643536,3.1385857249456858e-06,2.2099382890764463e-05,2.7732907056085807,1.2080668468437061,-0.1909994433851569,0.049679162142138848,1.7847180106290748,0.48841738507224647,0.13820804771967138,1.7855939548771318,0.49412574144675087,0.14967896459417718
10.82,5410,0.0065078639450348351,0.015002568258286945,0,0.026256500208253715,0.013855503870220744,0.0042548085281019629,2.9639061707776311e-06,2.0203972031729294e-05,2.773683361388219,1.2080912263610695,-0.19097826864751002,0.049667988410678564,1.7851879303858049,0.48742193909787163,0.13689099217087414,1.7858466255358272,0.4927219462117079,0.14967578911061175
10.84,5420,0.0065092442432702503,0.015002408887649549,0,0.026190588859739516,0.014787263606323351,0.0039728538186140977,2.7990967918176518e-06,1.9052738927482492e-05,2.7741046742721305,1.2081156022191721,-0.19095710176598962,0.049656798421319613,1.7855978953046556,0.48656019699874958,0.13568622684553405,1.7860963404347034,0.49133457267584957,0.14967265077408501
10.859999999999999,5430,0.006510567587301906,0.01500221531584397,0,0.026135507144815016,0.015646716336612444,0.0036666193673382079,2.6007944571127514e-06,1.870524340221744e-05,2.7745209434924045,1.2081399859554971,-0.19093590039023639,0.049645593887057679,1.7859642688566184,0.48580798612919268,0.13458965408221363,1.7863430194164243,0.48996406617971389,0.14966955059198853
10.880000000000001,5440,0.0065118570116403512,0.015002047579477241,0,0.026086545367915104,0.016457108424648915,0.0033365834570776229,2.4302419377879207e-06,1.7413633929712628e-05,2.7749369736667799,1.208164359978626,-0.19091472491621284,0.049634395772997227,1.7862987928222473,0.48515035117239719,0.1335798970554333,1.7865865841188442,0.48861086209006055,0.1496664895491526
10.9,5450,0.0065130835692777172,0.015001892592531665,0,0.026039851509588874,0.017231739526375404,0.0030121119723261385,2.2747558884337286e-06,1.7032730748045993e-05,2.7753405991853977,1.208188727430515,-0.19089356209894584,0.049623195272143511,1.7866076675748452,0.48457422580320386,0.13264616872703494,1.7868269580328631,0.48727538547844784,0.14966346860711893
10.92,5460,0.0065141371588786868,0.015001720724718327,0,0.026130757872858797,0.017916060868555475,0.0026662928595486269,2.1052365866588452e-06,1.7245382313122805e-05,2.7756776658020939,1.2082130971636518,-0.19087238223751857,0.04961198212320881,1.7868979360457031,0.48395494792496679,0.1318575334270923,1.7870640665602782,0.48595805079981075,0.14966048870341381
10.94,5470,0.0065149874883375829,0.015001518934153022,0,0.026461311575068452,0.018453611376594445,0.0022956190483798557,1.9049125544158857e-06,1.7908907090463366e-05,2.7759227931881161,1.2082374796141901,-0.19085117219383463,0.049600770719644305,1.7871730653282387,0.4831903830748755,0.13126291564125861,1.7872978370716379,0.48465926157103822,0.14965755075082074
10.960000000000001,5480,0.0065157090767050709,0.015001353236800066,0,0.026985384235297234,0.018857306162870961,0.0019370097674056034,1.7408459967948029e-06,1.7663006536443448e-05,2.7761040415304818,1.2082618528021771,-0.1908299983564796,0.049589572846514128,1.7874347583096934,0.48229850179763967,0.13082858589506111,1.7875281989640948,0.48337941004955098,0.14965465563665364
10.98,5490,0.0065163848987502427,0.015001221092621107,0,0.027643596561213159,0.019158307145484561,0.0016238200173068196,1.6130350695712965e-06,1.7663006536443448e-05,2.7762562967910798,1.2082862145685429,-0.1908088581777409,0.049578375304799478,1.7876841684119424,0.48132109049362315,0.13051024627784025,1.7877550837192586,0.48211887691187927,0.14965180422202962
11,5500,0.0065170368308338552,0.015001083089691961,0,0.028394201007346569,0.019381873771877167,0.0013611508432757268,1.4823114949090664e-06,1.8151476701449225e-05,2.7763914921975612,1.2083105786270734,-0.19078771200022265,0.049567170298611192,1.787923574066689,0.4802880163178504,0.13027618378597713,1.7879784249610498,0.48087803093223996,0.14964899734114187
11.02,5510,0.0065176714346409518,0.015000950146479407,0,0.029214788799447153,0.019547138140476983,0.0011458132192540501,1.3598850985145668e-06,1.8469947955199932e-05,2.7765147165666453,1.2083349415290119,-0.19076657078246381,0.049555961900046998,1.7881549598248969,0.47921953873053502,0.13010404628960892,1.788198158513552,0.47965722866111471,0.14964623580053266
11.040000000000001,5520,0.0065182948234746244,0.015000826473575101,0,0.030085324955864252,0.019668737061259371,0.00097472910896907131,1.2500201767880998e-06,1.9090959104164312e-05,2.7766302001444942,1.2083593022739565,-0.19074543877289785,0.049544752068436948,1.7883795478349618,0.47813042819847634,0.12997752212004729,1.7884142224588668,0.47845681410382668,0.14964352037836623
11.06,5530,0.0065189119108296925,0.015000714691846627,0,0.030988766671250792,0.019757854577605961,0.00084453103702972481,1.154930040334821e-06,1.9167170820781278e-05,2.7767412420606217,1.208383660176263,-0.19072431860564562,0.049533542814634089,1.7885981586546729,0.47703175780797924,0.1298845412062547,1.7886265571949649,0.47727711839911952,0.14964085182370171
11.08,5540,0.0065195266129056111,0.015000613754794164,0,0.031912278754762789,0.019822973065720194,0.00075075302873323427,1.0733301609737316e-06,2.0738089811501742e-05,2.7768504187572316,1.2084080155694017,-0.190703209225044,0.049522334740543246,1.7888113300925763,0.47593187846144941,0.12981615015238185,1.7888351054935401,0.47611845949773346,0.14963823085576605
11.1,5550,0.006520141902132035,0.01500052580435616,0,0.032846337628610327,0.019870413970578024,0.00068697643202280355,1.0079656630784856e-06,2.084327099243578e-05,2.7769596861113208,1.2084323670619965,-0.1906821127931852,0.049511126225009659,1.7890193464832507,0.4748369379915961,0.1297657779987228,1.7890398125578635,0.47498114184098428,0.14963565816322691
11.120000000000001,5560,0.0065207596031547962,0.01500046421963909,0,0.033783925219577383,0.019904787766322013,0.00064611658150237595,9.6838857343990494e-07,2.1699963539503996e-05,2.7770703106033956,1.208456708749023,-0.19066104273834455,0.049499922015753907,1.7892225562756228,0.47375142501383438,0.12972868147378952,1.7892406260806348,0.47386545603933927,0.14963313440346562
11.140000000000001,5570,0.0065213818177178836,0.01500041138217788,0,0.034721573542361397,0.019924534487208302,0.00062231958736754574,9.3698130834146412e-07,2.2198114802541581e-05,2.7771832177064781,1.208481048305633,-0.19063998134468627,0.049488720733151498,1.7894212679619037,0.4726792335230684,0.1297063467860822,1.7894374963018369,0.47277167855099711,0.14963066020185006
11.16,5580,0.0065220104775556304,0.015000347198140413,0,0.035660606750212064,0.019919937380904709,0.0006101047598946409,9.0369216169697128e-07,2.2165253030559974e-05,2.7772987459685865,1.2085053922269762,-0.19061890848220919,0.049477510019640368,1.7896152018896487,0.47162301951763819,0.12970845357144525,1.789630376066589,0.47170007136046266,0.14962823615100762
11.18,5590,0.0065226469314870012,0.015000268587935335,0,0.036603460888252275,0.019879635332464955,0.00060718254453133436,8.6752157584113598e-07,2.2426798989897964e-05,2.7774167470413107,1.2085297417269378,-0.19059782103289744,0.049466292912292244,1.7898045385824961,0.47058477552482314,0.12974634281184075,1.7898192208829984,0.47065088165712687,0.14962586281009807
11.200000000000001,5600,0.0065232919815964114,0.015000179615792152,0,0.037551858199257056,0.019794519969426029,0.00061308914252076563,8.3207824575732666e-07,2.2972699315936647e-05,2.777536962959033,1.2085540959682752,-0.19057672304258511,0.049455074435906923,1.7899895438887223,0.46956596950587021,0.12982911207206918,1.7900039889800157,0.46962434151384336,0.14962354070408654
11.220000000000001,5610,0.0065239459344017649,0.0150000932550561,0,0.038507033333914815,0.019657533126268351,0.0006281685656037893,8.0645901916384584e-07,2.3225154141253322e-05,2.7776590702199684,1.2085784501222445,-0.19055562752755512,0.049443857673792495,1.7901703871506638,0.46856755557133112,0.1299638141156691,1.790184641365286,0.46862066756550647,0.14962127032301642
11.24,5620,0.0065246091389475963,0.015000013162600415,0,0.039469622186702698,0.01946342550769516,0.00065273773172248948,7.914106636961211e-07,2.3350358035739973e-05,2.7777829017517317,1.2086028029132876,-0.19053453815885821,0.049432643632833874,1.7903471046329993,0.46759034290501722,0.13015569517569589,1.7903611418830037,0.46764006068762792,0.14961905212128221
11.26,5630,0.0065252817535605369,0.014999944475836899,0,0.040439879332936239,0.019208517925180257,0.00068647542473443087,7.8632461856666265e-07,2.3099271619960363e-05,2.7779083103583448,1.2086271529970751,-0.19051346009950168,0.049421432927446586,1.7905197451807526,0.46663495895970009,0.13040843282818212,1.7905334572717646,0.46668270567491577,0.14961688651690255
11.279999999999999,5640,0.0065259639414915671,0.014999887057817473,0,0.041417699273806306,0.018890613528424,0.00072903571177488377,7.8799911832660351e-07,2.3287840231354886e-05,2.7780352644397439,1.2086515003022114,-0.19049239321255468,0.049410225485847031,1.7906882674281848,0.46570192522666642,0.13072422312215018,1.7907015572224199,0.46574877091985034,0.14961477389079308
11.300000000000001,5650,0.0065266559087814313,0.014999835889910749,0,0.042402700407566475,0.018508863433179323,0.00077961455898555943,7.9449170924705682e-07,2.3567864403541509e-05,2.7781638574481002,1.2086758460086549,-0.19047133246752462,0.049399019280598991,1.7908525222534908,0.46479165882002177,0.13110391468206525,1.7908654144359284,0.46483840809126364,0.14961271458603939
11.32,5660,0.006527357718484718,0.014999790832445219,0,0.04339427566996306,0.018063621233284616,0.00083691158952758297,8.0435717509044454e-07,2.3598773091450889e-05,2.7782941786424189,1.2087001901267003,-0.19045027772417383,0.049387814263579563,1.7910124928797606,0.46390449173620185,0.13154715383073087,1.7910250046812106,0.4639517518129157,0.14961070890716985
11.34,5670,0.0065280693588005137,0.014999752577864513,0,0.044391605315025361,0.017556349637836935,0.00089935723231121924,8.1601462009352143e-07,2.3567864403541509e-05,2.7784263560771536,1.2087245324401836,-0.19042922967543929,0.049376610827615547,1.791168188299713,0.46304068712230606,0.13205247791796859,1.7911803068530014,0.46308891934207241,0.14960875711942867
11.359999999999999,5680,0.0065287907640254146,0.014999721863682347,0,0.045393659588461539,0.016989520492462121,0.00096521895535096826,8.2790694700419509e-07,2.3814010656927559e-05,2.7785605640256388,1.2087488727191673,-0.19040818905894766,0.04936540942771761,1.7913196167742163,0.46220045454933079,0.13261741524795956,1.7913313030297031,0.4622500102480836,0.14960685944804875
11.380000000000001,5690,0.0065295218269605928,0.014999699288609558,0,0.04639919590177468,0.016366514627062224,0.001032724546053395,8.3867401395761466e-07,2.4027320194202514e-05,2.7786970219651508,1.2087732107726394,-0.19038715647300514,0.049354210477027205,1.7914667827277388,0.46138396035135248,0.1332385851958342,1.7914779785312394,0.46143510609096022,0.14960501607752449
11.4,5700,0.0065302624072131402,0.014999685297425614,0,0.047406751922480971,0.015691523830170445,0.0011001422556878415,8.4724974382001359e-07,2.3905662095044801e-05,2.7788359908437772,1.2087975464534302,-0.19036613236155542,0.04934301433004834,1.7916096884146886,0.46059133454343321,0.13391179621336313,1.7916203219769071,0.46064427009995113,0.14960322715088498
11.42,5710,0.00653101233743663,0.014999680200042328,0,0.048414636803199275,0.014969455202998005,0.0011658428416334227,8.529057554821764e-07,2.3905662095044801e-05,2.7789777684924712,1.2088218796527728,-0.19034511703335416,0.049331821285297783,1.7917483355943402,0.45982267556312562,0.13463214146635086,1.7917583253432314,0.45987754685212279,0.14960149276896664
11.44,5720,0.0065317714284702086,0.014999684190227331,0,0.049420923081848415,0.014205837497055191,0.0012283165222009647,8.5526922970524934e-07,2.4118161048241934e-05,2.7791226847339385,1.2088462102949336,-0.19032411068078103,0.049320631589621279,1.7918827266221822,0.45907805358477494,0.13539409249647824,1.7918919840218168,0.45913496195093495,0.14959981298968633
11.460000000000001,5730,0.006532539473811631,0.014999697363513519,0,0.050423441550776459,0.013406728941769414,0.0012862025597966962,8.5432792249445748e-07,2.4298823955437425e-05,2.7792710962954366,1.208870538333368,-0.19030311339779568,0.049309445445767257,1.7920128653416367,0.45835751294217336,0.13619159139894285,1.792021296877202,0.45841652170481872,0.1495981878273141
11.48,5740,0.0065333162535297891,0.014999719726227663,0,0.05141978125404336,0.012578626265214396,0.0013383080965080119,8.5044030498508908e-07,2.4507914186315659e-05,2.779423381659329,1.2088948637486234,-0.19028212518901133,0.049298263014579097,1.7921387574493242,0.45766107369859532,0.13701814181365735,1.7921462663047119,0.45772221280575498,0.14959661725174633
11.5,5750,0.0065341015378479351,0.014999751197819712,0,0.05240729600408247,0.011728374581472877,0.0013835822759397634,8.4434935305453505e-07,2.4448356591142834e-05,2.7795799358902449,1.2089191865485489,-0.19026114597204377,0.049287084415386699,1.792260410625736,0.45698873271014956,0.13786689905661012,1.7922668982883116,0.45705200200785073,0.14959510118777847
11.52,5760,0.006534895090280205,0.014999791606201759,0,0.053383118657958771,0.010863077980603394,0.0014211502814890421,8.3720070888992228e-07,2.4537638774785971e-05,2.7797411654577928,1.2089435067685781,-0.19024017557290493,0.049275909718848737,1.7923778342077636,0.45634046406606038,0.1387307595587593,1.7923832024584594,0.45640583580591731,0.14959363951437801
11.540000000000001,5770,0.0065356967077152177,0.014999839603695202,0,0.054344184943795622,0.0099900099400753329,0.0014502948161052387,8.3050873106297991e-07,2.4507914186315659e-05,2.7799074957347165,1.2089678248192748,-0.1902192126380369,0.049264738725639003,1.7924910371653311,0.455716218022932,0.13960245050475723,1.7924951921499597,0.45578364011404848,0.14959223206395741
11.56,5780,0.0065365061557237161,0.014999895221961913,0,0.055287259947455432,0.0091165265053507749,0.0014704827825617105,8.2598247265217763e-07,2.4148365394514843e-05,2.7800793411885616,1.2089921406609589,-0.19019825719874039,0.049253571459271644,1.7926000312752512,0.45511592484851282,0.14047461668471278,1.7926028844598159,0.45518531994419731,0.14959087862164702
11.58,5790,0.0065373231819146243,0.014999958965074226,0,0.056208979116609915,0.0082499769045147886,0.0014813172057402608,8.2577182398495602e-07,2.4178532008893128e-05,2.7802571053822791,1.209016454104646,-0.1901773097607854,0.049242408007312478,1.7927048313081799,0.45453949282226191,0.14133990996836704,1.7927063003050847,0.45461075908475357,0.14958957892456801
11.6,5800,0.0065381475589687257,0.015000030234677466,0,0.057105897227574566,0.0073976143092084126,0.0014825660753281654,8.3214654571102837e-07,2.426880686682541e-05,2.7804411907950999,1.2090407653205728,-0.19015636972368691,0.0492312482140774,1.7928054527696282,0.45398680578867873,0.14219107868244082,1.7928054644807279,0.45405981977912235,0.1495883326611053
11.620000000000001,5810,0.0065389790657095857,0.015000108316533908,0,0.057974539711806876,0.0065665088398642116,0.0014741543661541583,8.4720734765851537e-07,2.4478153502373191e-05,2.7806319856682467,1.2090650745160634,-0.19013543637104174,0.04922009185905795,1.7929019123409198,0.45345772462542899,0.14302105477219051,1.7929004057174669,0.45353234240430007,0.1495871394701804
11.640000000000001,5820,0.0065398176336634766,0.015000181295378339,0,0.058811370130706218,0.0057635042650317015,0.0014566259176948713,8.6804243055685149e-07,2.426880686682541e-05,2.7808299573178745,1.2090893856621037,-0.19011449775385747,0.049208934705672079,1.7929940648413234,0.45295216640691982,0.14382299623475842,1.7929911567396346,0.45302814514945389,0.14958599894052441
11.66,5830,0.0065406630613932693,0.015000240267080467,0,0.059612997828741375,0.0049950710035370771,0.0014292782849637858,8.8900480785681454e-07,2.4027320194202514e-05,2.7810354818754797,1.2091137015792923,-0.19009354494333158,0.049197772892430054,1.7930818023547459,0.45246997350279428,0.14459043554126008,1.7930777543230296,0.45254702369449806,0.14958491060995094
11.68,5840,0.0065415148947278083,0.015000294252737115,0,0.060376338086881524,0.0042671531747541548,0.0013921663549303729,9.1164916734453725e-07,2.4178532008893128e-05,2.7812487276896372,1.2091380191114356,-0.19007258698988622,0.049186609489654927,1.7931653224917092,0.45201084492690946,0.14531743504679193,1.7931602393527686,0.45208875088867262,0.14958387396462899
11.700000000000001,5850,0.0065422727885233473,0.015000293511402129,0,0.061098092202257377,0.0035855094153672681,0.0013111094747153952,9.0818113342364872e-07,2.4418523320004626e-05,2.781432317564037,1.2091623512094147,-0.19005157389324381,0.049175427704172679,1.7932444116699968,0.45157476596542756,0.14599823892670641,1.7932386568811405,0.45165307642911906,0.1495828884383559
11.720000000000001,5860,0.0065429662794517212,0.015000312209073273,0,0.061775770778732329,0.0029548644845691944,0.0011702692529545254,9.1438280408274143e-07,2.4448356591142834e-05,2.7815973409812385,1.2091866790054013,-0.19003058027765202,0.049164252663768698,1.7933204327348988,0.45116135640851257,0.14662813760320875,1.7933130561854584,0.45123972653945921,0.14958195341183023
11.74,5870,0.0065436720574729617,0.015000358326511485,0,0.062407560528121249,0.0023789533478439195,0.0010420299482953902,9.3602563330308399e-07,2.3752713230536933e-05,2.78177307667413,1.2092109993640294,-0.19000961405791156,0.049153088685163743,1.7933927635982316,0.45077002852928927,0.14720342433875536,1.7933834908259136,0.45084840364837409,0.14958106821192471
11.76,5880,0.0065443852706752181,0.015000392485835966,0,0.062991500665838029,0.0018612267747954968,0.00093215271010082515,9.5268776447973911e-07,2.3567864403541509e-05,2.7819580702673585,1.2092353227597048,-0.18998863566476371,0.049141920897512903,1.7934607069078616,0.45040055847924604,0.1477206807366134,1.7934500187034286,0.45047878606817937,0.14958023211095919
11.779999999999999,5890,0.0065451033530537477,0.015000390468166409,0,0.063526108060774661,0.0014043148814225084,0.00083266176177712169,9.487062164844856e-07,2.3505925099591037e-05,2.7821516180008485,1.2092596562297269,-0.1899676208452164,0.049130737970310118,1.7935238913310021,0.45005270937880321,0.14817733184806317,1.7935127021175106,0.45013052767340223,0.1495794443259735
11.800000000000001,5900,0.0065458080529471113,0.015000362898444341,0,0.064010650026953914,0.0010097940701754582,0.0007362242181818226,9.2967693494908162e-07,2.3844600278602423e-05,2.7823472385954986,1.2092839967173987,-0.18994658025435004,0.049119544651764629,1.7935828123955306,0.44972610137951774,0.14857192427914692,1.7935716078241035,0.44980325757936385,0.14957870401800044
11.82,5910,0.0065464993659549798,0.015000342337412686,0,0.064445124444439117,0.00067826660271637167,0.00063993623923710205,9.1505806542600258e-07,2.347489416183844e-05,2.7825447774357852,1.2093083353973419,-0.18992554658393895,0.04910835403087898,1.7936382290688253,0.4494202641225935,0.14890414751817654,1.7936268070934427,0.4494965798207502,0.14957801029133858
11.84,5920,0.006547192388343788,0.015000329196198975,0,0.064830138555789896,0.00040972691246675435,0.00055074025536423765,9.0483914507482744e-07,2.3598773091450889e-05,2.7827494739786092,1.2093326721981013,-0.18990452024602625,0.049097166080892318,1.793690103777781,0.44913475935774388,0.14917478742048371,1.7936783757679069,0.44921007303019495,0.14957736219282528
11.859999999999999,5930,0.0065478905628642455,0.015000320790639295,0,0.065167001918645884,0.0002051694310461845,0.00047078785132116853,8.9725223914957727e-07,2.3412708902503816e-05,2.7829623618736181,1.2093570076506797,-0.18988349852303671,0.049085980163157052,1.7937384206369786,0.44886914222108421,0.14938583476634243,1.793726394319872,0.44894329011685469,0.14957675871110965
11.880000000000001,5940,0.0065485935034621757,0.015000315740335104,0,0.065457788052262295,8.1978547118347379e-05,0.00039896176529453172,8.9150946721901095e-07,2.3505925099591037e-05,2.7831830453344049,1.2093813421224848,-0.18986248002762343,0.049074795690434297,1.7937832323354614,0.44862294713831802,0.1495405875206795,1.7937709479095643,0.44869575794498728,0.14957619877592532
11.9,5950,0.0065493011854724659,0.015000314043518061,0,0.065705395348960222,9.937544866855419e-05,0.00033432842840630409,8.8768135393763678e-07,2.3536915126363769e-05,2.7834111513759718,1.2094056756714138,-0.1898414647638571,0.049063612457091718,1.7938246236797875,0.44839567343594683,0.14964376281753403,1.7938121264429132,0.44846697701252847,0.14957568125736351
11.92,5960,0.0065500136706287864,0.015000315069264795,0,0.065913573712220314,0.00014484403588195072,0.00027657522544933302,8.8551786202292402e-07,2.3225154141253322e-05,2.7836462362703482,1.2094300085187486,-0.18982045210369278,0.049052430011291601,1.793862674175891,0.44818678823736074,0.14970158156113095,1.7938500246294049,0.44825642112967101,0.14957520496514587
11.94,5970,0.0065507310017796083,0.015000335561909153,0,0.066087032675153812,0.00016257613920948351,0.00022580335781736762,8.9468977505378845e-07,2.3256518306983181e-05,2.783887638243729,1.2094543357688101,-0.18979945882941524,0.049041255663352823,1.7938978266104124,0.44799567067233614,0.14972192143719912,1.7938847420399351,0.44806353709744023,0.1495747686478974
11.960000000000001,5980,0.0065514535513538381,0.015000366677957986,0,0.066231256446640047,0.00015524752774692983,0.00018202806536560682,9.1122530227831623e-07,2.2845425764212974e-05,2.7841348392783938,1.2094786600145173,-0.18977847607734022,0.049030085475981484,1.7939299732697107,0.44782175359277077,0.14971423635299524,1.7939163831646627,0.44788774438627488,0.14957437099241938
11.98,5990,0.0065521815924496872,0.015000396027701014,0,0.06635264930118373,0.00013297136521007514,0.00014543752769451381,9.2823125799263733e-07,2.2909150924997221e-05,2.7843871829906863,1.2095029847850378,-0.18975749143337861,0.049018913664231403,1.7939589572647929,0.44766443873841577,0.14968973737841473,1.7939450574708626,0.44772843481460006,0.14957401062296233
12,6000,0.0065529152841906071,0.015000421084813765,0,0.066458581610095435,0.00010831750990624196,0.00011628885996929637,9.43792840451681e-07,2.2781522350186147e-05,2.7846437893107829,1.2095273107733546,-0.18973650236695991,0.049007738957080375,1.7939848658725841,0.44752306426399036,0.14966146119549967,1.7939708794607787,0.44758497222740945,0.14957368610049887
12.02,6010,0.0065536546574755184,0.015000439612650568,0,0.06655421479862933,8.9258639817921034e-05,9.4364198863966411e-05,9.5564894598236001e-07,2.2845425764212974e-05,2.7849040032122998,1.2095516386186711,-0.18971550662704351,0.048996561116407662,1.7940078162870208,0.44739694923748702,0.14963825061626521,1.7939939687294777,0.44745669217484008,0.14957339592199667
12.040000000000001,6020,0.0065543993898482316,0.015000459088058402,0,0.066640719618794697,7.6222448399056129e-05,7.8547175455152786e-05,9.6867595479120707e-07,2.2685329707937426e-05,2.7851675091516306,1.2095759660234777,-0.18969451170370885,0.048985383761699162,1.7940281107729765,0.44728536985512835,0.14962123576429145,1.7940144500227015,0.44734290159075096,0.14957313851969137
12.06,6030,0.0065551492306031387,0.01500047664303541,0,0.066717735595546224,6.7144699578188801e-05,6.7421094486925517e-05,9.8063203693940691e-07,2.2781522350186147e-05,2.7854342577462838,1.2096002941480708,-0.18967351472259383,0.048974205557272707,1.7940458662214844,0.44718764975970787,0.14960866549088533,1.7940324532947214,0.4472428784712994,0.14957291226035949
12.08,6040,0.0065559038418748026,0.015000493597387823,0,0.066785243583007831,6.0588235510407044e-05,5.9568687321583433e-05,9.9269568097250864e-07,2.2909150924997221e-05,2.7857041150146182,1.2096246225369134,-0.18965251701606931,0.048963026295854098,1.7940612449975275,0.44710303411306845,0.14959929946107095,1.7940481137661899,0.44715587155352154,0.14957271544459133
12.1,6050,0.0065566629105246335,0.015000511192519699,0,0.06684346627165097,5.5599009914576864e-05,5.4118744313202536e-05,1.0057674827496948e-06,2.2717439178655149e-05,2.7859769230081377,1.2096489508547543,-0.18963151983006962,0.048951846375382121,1.7940744215450486,0.44703075148670507,0.14959232423455601,1.7940615719819952,0.44708109999390622,0.14957254630606401
12.120000000000001,6060,0.0065574261694445399,0.015000526213263332,0,0.066892759084656001,5.1508684793199653e-05,5.0596444439176428e-05,1.0171993535812936e-06,2.2749503328951236e-05,2.7862525445499249,1.209673280147723,-0.18961051993848985,0.048940664620122441,1.7940854851352352,0.44697000932669306,0.14958713902122231,1.7940729738691135,0.4470177530469755,0.1495724030108142
12.140000000000001,6070,0.0065581932757621652,0.015000538436515871,0,0.066933614671818187,4.7916376976403239e-05,4.8069806757850578e-05,1.0267786641598183e-06,2.2781522350186147e-05,2.7865307887061266,1.2096976103657606,-0.18958951711797017,0.04892948090490476,1.7940945704120945,0.44691995421424718,0.14958330089337782,1.7940824707944629,0.44696498974386034,0.14957228365651115
12.16,6080,0.006558963889597833,0.015000547666695712,0,0.066966594344956581,4.4567329500699188e-05,4.6340329383740037e-05,1.0342114683382858e-06,2.2524095754713237e-05,2.7868114525813641,1.2097219415596265,-0.18956851117047563,0.048918295304031925,1.7941018370999255,0.44687971659924813,0.14958046794997712,1.7940902196227557,0.44692193857087947,0.14957218627172963
12.18,6090,0.0065597376155096393,0.015000557366530626,0,0.066992355183564473,4.1345868255762783e-05,4.4918556157177413e-05,1.0423062007124439e-06,2.2491710265994076e-05,2.7870942863257153,1.2097462725549424,-0.18954750556794303,0.048907109242364195,1.7941075079395086,0.4468483753422961,0.14957839428330724,1.7940963827743523,0.44688769714811716,0.14957210881522279
12.200000000000001,6100,0.0065605140683653021,0.015000570778615958,0,0.0670116135420325,3.8194210798471601e-05,4.4000415794327597e-05,1.0538475394939713e-06,2.2459278078588273e-05,2.7873790374348508,1.2097706021966368,-0.18952650356343512,0.048895923937250264,1.7941117982649224,0.44682498025547557,0.14957689753425996,1.7941011282831141,0.44686133190799793,0.14957204917519509
12.220000000000001,6110,0.0065612929806166415,0.015000583527662264,0,0.067025076226646968,3.5005073826621765e-05,4.323164444804989e-05,1.0650473847328024e-06,2.2394272795856101e-05,2.7876655239288528,1.209794932040247,-0.18950550076525635,0.048884737956673571,1.7941148118248016,0.44680860322296806,0.14957581133879497,1.7941046298542562,0.4468418777738693,0.14957200516857527
12.24,6120,0.0065620740539614093,0.015000591046848925,0,0.067033502949612245,3.1697648920677418e-05,4.2927073297365442e-05,1.0718865679476949e-06,2.2556434745889217e-05,2.7879535470089016,1.2098192636769574,-0.18948449259044026,0.048873549718942123,1.7941166571142027,0.44679827841026981,0.14957500767966816,1.7941070669222019,0.44682833783857434,0.14957197454028923
12.26,6130,0.0065628568987155722,0.015000592591480056,0,0.067037733502448016,2.8253462296144622e-05,4.2242387086369542e-05,1.0737104052151694e-06,2.2588727439225648e-05,2.7882428506444921,1.2098435973029946,-0.18946347829291782,0.048862358887359778,1.7941175112798604,0.44679297574226357,0.14957440589412563,1.7941086247084346,0.4468196830430321,0.14957195496253292
12.280000000000001,6140,0.0065636410061595402,0.015000594524944923,0,0.067038716344464483,2.4749715208150414e-05,4.1878445891833914e-05,1.0763721096029199e-06,2.2394272795856101e-05,2.788533099664666,1.2098679304016109,-0.18944246426471456,0.048851167195546462,1.7941176416588758,0.44679157024669197,0.14957397758587068,1.7941094942793512,0.44681485185481384,0.14957194403404533
12.300000000000001,6150,0.0065644260569976175,0.015000594325073963,0,0.067037327662824081,2.1143467987159961e-05,4.1441015411830468e-05,1.0774103960953732e-06,2.2588727439225648e-05,2.7888240563683615,1.2098922640821801,-0.18942144796938346,0.048839974205968924,1.7941172324733285,0.44679300409004002,0.14957366546232589,1.7941098726041158,0.44681274994672282,0.14957193927938139
12.32,6160,0.0065652116978095875,0.015000589660616022,0,0.067034511270998298,1.7413553366599763e-05,4.0998918112699998e-05,1.075006473164192e-06,2.2426798989897964e-05,2.789115470344647,1.2099165990316714,-0.18940042707171909,0.048828778614576913,1.7941164303736872,0.4467961509207577,0.14957342931104942,1.7941099626125128,0.44681224987536827,0.14957193814818481
12.34,6170,0.0065659976726267421,0.015000575303429738,0,0.067031206436429153,1.3523675480889539e-05,4.0516035056555758e-05,1.0650342922462141e-06,2.2588727439225648e-05,2.7894071305918104,1.2099409366838607,-0.18937939633255679,0.04881757833493941,1.7941153605196112,0.44679988565999351,0.1495732222370969,1.7941099649752124,0.44681221374376834,0.14957188199473315
12.359999999999999,6180,0.0065667834753995258,0.015000550217227265,0,0.067028206347620939,9.8535291524977899e-06,4.0263371349293496e-05,1.0453828181441581e-06,2.2459278078588273e-05,2.7896987242232787,1.2099652787341288,-0.18935835468048523,0.048806375443306543,1.7941143390623606,0.44680316121486296,0.1495728440841709,1.7941099729846732,0.4468117913822216,0.14957096004230599
12.380000000000001,6190,0.0065675683584189796,0.01500052543420748,0,0.067025766254817126,7.2742844981766642e-06,3.9826504483038502e-05,1.0253758950063473e-06,2.1967050066869309e-05,2.7899899240222985,1.2099896215786863,-0.18933731318051067,0.048795174072972923,1.7941136108808722,0.44680509952609565,0.14957133311609674,1.7941100000131627,0.44681036609344466,0.14956784884892799
12.4,6200,0.0065683519737920713,0.015000505005933609,0,0.067023594963443872,7.0124207567831992e-06,4.0063732037247415e-05,1.0090242475700548e-06,2.2263692832568247e-05,2.790280656754808,1.210013963154748,-0.18931627591302724,0.048783974572286171,1.7941131447978582,0.44680510697446868,0.14956714087237832,1.7941100572860715,0.4468073459308024,0.14956125628315112
12.42,6210,0.00656913410317199,0.015000488856822432,0,0.067021339818166353,9.2539808715801807e-06,4.0190889973958502e-05,9.9612588919639187e-07,2.2263692832568247e-05,2.7905709055137082,1.2100383034922053,-0.18929524280251916,0.04877277685438651,1.7941128983883763,0.44680268444876114,0.14955875575383312,1.794110155655176,0.44680215864941369,0.14954993321952548
12.44,6220,0.0065699144777759486,0.015000477462324583,0,0.067018719628119672,1.2761202354291061e-05,4.0605891088540251e-05,9.8694319648791048e-07,2.2459278078588273e-05,2.7908606242298553,1.210062642431412,-0.1892742143260486,0.048761581055599225,1.7941128522638754,0.44679732744808381,0.14954479335160439,1.7941103056027301,0.44679425149033847,0.14953267306751172
12.460000000000001,6230,0.006570692860397318,0.015000470158175089,0,0.067015493169687468,1.6751233302395377e-05,4.1511314046604696e-05,9.8086681539115686e-07,2.2459278078588273e-05,2.7911497759175692,1.2100869801828673,-0.18925318981725231,0.048750386918323924,1.794112977101554,0.44678854120065442,0.14952395891536735,1.7941105172455585,0.44678309096476454,0.14950831130039327
12.48,6240,0.0065714690239434097,0.015000466204866076,0,0.067011452277401878,2.0921464620568244e-05,4.2722819608969793e-05,9.7728382709123946e-07,2.2556434745889217e-05,2.7914383224137218,1.2101113169725166,-0.18923216853441857,0.0487391941542131,1.7941132485163513,0.44677584063689824,0.14949503204108952,1.7941108003391495,0.4467681626381948,0.14947572498418879
12.5,6250,0.0065722427488401555,0.015000464952190524,0,0.067006416640459809,2.5140209672739291e-05,4.4198765781529747e-05,9.7568476017576719e-07,2.2132342465963256e-05,2.7917262235332516,1.2101356529964145,-0.18921114982547066,0.048728002508003208,1.7941136500328536,0.44675875239567808,0.14945685781008575,1.7941111642817462,0.44674897091463417,0.14943383230656446
12.52,6260,0.0065730138225997227,0.015000465862302317,0,0.06700023060843513,2.9338043743857155e-05,4.6450308282507592e-05,9.7566522235846083e-07,2.2556434745889217e-05,2.7920134375766548,1.2101599884162153,-0.18919013315106778,0.048716811766650776,1.7941141721700995,0.44673681628378942,0.14940834073180115,1.7941116181184409,0.44672503882077647,0.14938159210574634
12.540000000000001,6270,0.0065737820398903976,0.015000468497385844,0,0.066992761059762568,3.347319553251725e-05,4.9149487901278976e-05,9.7690647653407704e-07,2.2198114802541581e-05,2.7922999220851787,1.2101843233635514,-0.189169118072224,0.048705621754551828,1.7941148107354983,0.44670958632448071,0.14934843992213817,1.7941121705452661,0.44669590779019175,0.14931800339943269
12.56,6280,0.006574547202739903,0.01500047250061007,0,0.066983895988671299,3.7518639496640262e-05,5.2310621427515626e-05,9.7915495328055684e-07,2.2556434745889217e-05,2.7925856345495887,1.2102086579458509,-0.18914810423119746,0.048694432326396475,1.7941155652669099,0.44667663154851572,0.14927616513954767,1.7941128299132882,0.4466611374475129,0.1492421049137064
12.58,6290,0.0065753091207396246,0.015000477578802174,0,0.066973543690039661,4.1456290371841505e-05,5.6050743815186581e-05,9.8220558967236982e-07,2.2198114802541581e-05,2.7928705329869401,1.2102329922515078,-0.18912709133410169,0.048683243360830616,1.7941164378172667,0.44663753657920297,0.14919057356165255,1.7941136042326995,0.44662030539262304,0.14915297461194724
12.6,6300,0.0065760676112073483,0.015000483488529361,0,0.066961632448551245,4.527392497553248e-05,6.0455373684359277e-05,9.8588931270763625e-07,2.2524095754713237e-05,2.7931545763917116,1.2102573263540242,-0.18910607913694175,0.048672054755430447,1.7941174320618491,0.44659190203910609,0.14909076719543549,1.7941145011769106,0.44657300698484226,0.14904972922374421
12.620000000000001,6310,0.0065768224993015883,0.015000490025363926,0,0.066948110633595598,4.8963337700356318e-05,6.5446079972468423e-05,9.9006391482123065e-07,2.2459278078588273e-05,2.7934377250676614,1.2102816603151962,-0.18908506743484021,0.048660866422812823,1.7941185526629835,0.44653934480721635,0.14897589080420282,1.7941155280866439,0.4465188551271147,0.14893152377380797
12.640000000000001,6320,0.0065775736180920096,0.015000497015669604,0,0.066932947104731966,5.2519143564425948e-05,7.0847781314498377e-05,9.946074213276261e-07,2.2524095754713237e-05,2.793719940871279,1.2103059941875787,-0.18906405605379806,0.048649678287629929,1.7941198048281326,0.44647949815617249,0.14884513024064852,1.7941166919740248,0.44645748005019559,0.14879755111088311
12.66,6330,0.0065783208085928389,0.01500050431035921,0,0.06691613184374956,5.5937963793091881e-05,7.6773194827541963e-05,9.9941332275101748e-07,2.265317472408141e-05,2.7940011873909061,1.2103303280163404,-0.18904304484443107,0.048638490284237286,1.7941211940088706,0.44641201179653589,0.14869771109120578,1.7941179995266756,0.44638852909683835,0.14864704143666049
12.68,6340,0.0065790639197658932,0.015000511780135051,0,0.066897676743280954,5.921785666143758e-05,8.3399308793665624e-05,1.0043871235886909e-06,2.265317472408141e-05,2.7942814300641836,1.2103546618407048,-0.18902203367719578,0.048627302354884563,1.7941227257002155,0.44633655185070181,0.14853289755502175,1.7941194571118073,0.44631166650598142,0.14847926183468968
12.700000000000001,6350,0.0065798028084990412,0.015000519311861905,0,0.066877616495210734,6.2357913902913537e-05,9.0419425944893847e-05,1.0094438754490609e-06,2.1900583802360337e-05,2.7945606362641282,1.2103789956950224,-0.18900102243875194,0.048616114448316802,1.7941244053100835,0.44625280077447838,0.14834999149772635,1.7941210707803121,0.44622657319693526,0.14829351579929112
12.720000000000001,6360,0.0065805373365994523,0.015000523280731596,0,0.066856006472455209,6.5342086554901076e-05,9.7897723489455914e-05,1.0119819047344822e-06,2.1900583802360337e-05,2.7948387989581858,1.2104033304510198,-0.18898000750203328,0.048604924426574971,1.7941261439186962,0.4461604544618743,0.1481483207060921,1.7941228462708565,0.44613294655356966,0.14808914276446875
12.74,6370,0.0065812673517695579,0.015000527070479663,0,0.066832929175420275,6.8190243854423371e-05,0.00010583350017927056,1.0142932860882943e-06,2.2263692832568247e-05,2.7951158552999544,1.2104276653676518,-0.18895899225113119,0.048593734468261346,1.7941280578323164,0.44605923504857542,0.14792727144363096,1.7941247890139738,0.44603050020850032,0.14786551763282202
12.76,6380,0.0065819927233480742,0.015000530153739854,0,0.066808498537662991,7.0898757133776245e-05,0.00011421436530030783,1.0160865719853848e-06,2.2198114802541581e-05,2.7953917799433308,1.210452000502598,-0.18893797616016705,0.048582544086035712,1.794130129750346,0.44594886688795132,0.14768625338957506,1.7941269041361561,0.4459189638272763,0.14762205030445855
12.780000000000001,6390,0.0065827133266938703,0.015000530603279456,0,0.066782848830861691,7.3460665511864074e-05,0.00012308561841613795,1.015968442398746e-06,2.1933842111273517e-05,2.7956665576115549,1.2104763363103459,-0.18891695730129335,0.048571352098796858,1.7941323145104089,0.4458290944523719,0.1474247061072993,1.7941291964639472,0.44579808289256656,0.14735818520590621
12.800000000000001,6400,0.0065834290325151763,0.015000530685976062,0,0.066756141911315625,7.5889124042359762e-05,0.00013226604453455757,1.0155040232747969e-06,2.2033315828455735e-05,2.7959401411961071,1.2105006722979745,-0.18889593794128057,0.04856015998813501,1.7941346872583843,0.44569968484661254,0.14714211622598461,1.7941316705280357,0.44566761848834741,0.14707340081902567
12.82,6410,0.0065841397404501822,0.015000530782057861,0,0.06672856593763371,7.8187162675730663e-05,0.00014188577535202099,1.0149742695229242e-06,2.2394272795856101e-05,2.7962125067377253,1.210525008374139,-0.1888749184607241,0.04854896796185236,1.7941372638694553,0.44556041859645923,0.14683799694343333,1.7941343305673467,0.44552734708408925,0.14676720920992262
12.84,6420,0.0065848453676027787,0.015000534245125333,0,0.066700336610787919,8.0370591459383428e-05,0.00015189974477657154,1.016784402395368e-06,2.2329078268013787e-05,2.7964836142569434,1.2105493437738251,-0.18885390221405854,0.048537778117968292,1.7941401401221104,0.44541109738986756,0.14651190272692916,1.7941371805331352,0.4453770603189437,0.14643915555786016
12.859999999999999,6430,0.0065855458505425365,0.015000541221677674,0,0.066671714801349924,8.2436605799844189e-05,0.00016231582068440889,1.0212032008508442e-06,2.2132342465963256e-05,2.7967534544912751,1.2105736783790335,-0.1888328893500888,0.048526590320381972,1.7941432963137507,0.44525151660385992,0.14616341477432462,1.7941402240930777,0.44521656478593047,0.14608881768417117
12.880000000000001,6440,0.0065862411415332205,0.015000548793549517,0,0.066642985227022833,8.4371633049700248e-05,0.00017307826041000477,1.0261741895777954e-06,2.2296409518597789e-05,2.7970220434559541,1.2105980128511105,-0.18881187695014015,0.048515402715178339,1.7941466382814308,0.44508148811642756,0.14579213650080824,1.7941434646353656,0.44504568181612453,0.14571580558117056
12.9,6450,0.0065869311909619935,0.015000555832244876,0,0.066614452416931397,8.6174110677199697e-05,0.00018412237873384767,1.0307821513880003e-06,2.2132342465963256e-05,2.7972893813049398,1.2106223475174958,-0.1887908638833744,0.048504214788265519,1.7941501446252879,0.44490085263529788,0.14539770663148038,1.7941469052727976,0.44486424726284313,0.14531976094106777
12.92,6460,0.0065876159465183687,0.015000561954962926,0,0.066586454826822072,8.7845803845402958e-05,0.00019554585271201519,1.0346916054958579e-06,2.2263692832568247e-05,2.7975554613563425,1.2106466824960438,-0.18876984976606195,0.048493026380854745,1.7941538169884419,0.44470946355716462,0.14497979856508245,1.7941505488468719,0.44467211128583256,0.14490035668487899
12.94,6470,0.006588295357306013,0.015000567075745921,0,0.066559364122170811,8.9389230978520375e-05,0.00020725080488275335,1.0378104889479084e-06,2.2394272795856101e-05,2.7978202752917616,1.2106710178156059,-0.18874883451201402,0.048481837461812213,1.7941576626139781,0.44450718663555588,0.14453811782581155,1.7941543979318793,0.44446913813545552,0.14445729649133954
12.960000000000001,6480,0.0065889693769751448,0.015000571203267034,0,0.066533583776441418,9.0806947737152481e-05,0.00021923204941839007,1.0401285398363663e-06,2.2000207897163392e-05,2.798083815609711,1.210695353475755,-0.18872781812991837,0.048470648038138289,1.7941616889361773,0.44429390085484854,0.14407240053474304,1.7941584548389955,0.44425520593687773,0.14399031432581616
12.98,6490,0.0065896379649868471,0.015000574367223138,0,0.066509548475929825,9.2101342322330142e-05,0.00023149391892435429,1.0416572737802582e-06,2.2099382890764463e-05,2.7983460764682166,1.2107196894683403,-0.1887068006495719,0.048459458121998804,1.7941659021693224,0.44406949862192618,0.14358241259305113,1.7941627216203735,0.4440302064742554,0.14349917396921955
13,6500,0.0065903010869288285,0.01500057659727963,0,0.066487723825768119,9.3274580455668125e-05,0.00024399410883227022,1.0424127195921826e-06,2.1733528855063329e-05,2.7986070538840608,1.2107440257831368,-0.18868578210079523,0.048448267720372015,1.7941703071013886,0.44383388560294057,0.14306794913836143,1.7941672000732365,0.44379404497492181,0.14298366854691646
13.02,6510,0.0065909587150130306,0.015000577913234923,0,0.06646860557399964,9.4328837676760038e-05,0.00025674039672995269,1.0424020152283442e-06,2.206637408534863e-05,2.7988667458517087,1.2107683624149657,-0.18866476250345676,0.048437076840805879,1.7941749076364497,0.4435869809771108,0.14252883408811329,1.7941718917439704,0.44354663989357457,0.14244362005764222
13.040000000000001,6520,0.0065916108279839812,0.015000578328558965,0,0.066452719098749724,9.5266346129383245e-05,0.0002697114055763041,1.0416255570916051e-06,2.2033315828455735e-05,2.7991251522605975,1.2107926993631972,-0.18864374187100058,0.048425885494584972,1.7941797070929626,0.44332871722905182,0.14196491970435837,1.7941767979322161,0.44328792269646244,0.14187887890241296
13.06,6530,0.0065922574105032215,0.015000577859037547,0,0.06644061918797356,9.6089187955887312e-05,0.00028285560844449595,1.0400889198923534e-06,2.2198114802541581e-05,2.7993822746755086,1.2108170366249043,-0.18862272021922849,0.048414693690510109,1.7941847079830087,0.44305903943061964,0.14137608613815758,1.7941819196949624,0.44301783764557273,0.14128932341343814
13.08,6540,0.0065928984531118829,0.015000576520453113,0,0.066432889178146215,9.6799314995174224e-05,0.00029623854074773212,1.0378006388960302e-06,2.1867274910380131e-05,2.7996381163180959,1.2108413741956052,-0.1886016975639751,0.048403501434000712,1.7941899120873437,0.44277790505437115,0.14076224096143156,1.7941872578506386,0.44273634158281783,0.14067485938303265
13.1,6550,0.0065935339523112606,0.015000574326294364,0,0.066430139792182069,9.7398643571123888e-05,0.00030977985836562369,1.0347685952363878e-06,2.206637408534863e-05,2.7998926820671812,1.2108657120713366,-0.18858067391877437,0.048392308729416945,1.7941953206858006,0.44248528393746966,0.14012331870571004,1.7941928129832068,0.44244340371422242,0.14003541959252933
13.120000000000001,6560,0.0065941639104456166,0.015000571289186653,0,0.06643300796062665,9.7889073150727769e-05,0.00032348220459760643,1.0310011079750404e-06,2.2000207897163392e-05,2.8001459783965776,1.2108900502482791,-0.18855964929629232,0.04838111558080864,1.7942009346712424,0.44218115807459774,0.1394592804024648,1.7941985854462545,0.44213900539411061,0.13937096334119115
13.140000000000001,6570,0.0065947883354407809,0.015000567423465705,0,0.066442155599846703,9.8272427234639319e-05,0.00033730866914478687,1.0265104383422269e-06,2.1867274910380131e-05,2.8003980132775563,1.2109143887207601,-0.18853862371094163,0.04836992198998194,1.7942067545060068,0.44186552126403328,0.1387701131122534,1.7942045753670877,0.44182313990929267,0.13868147597512392
13.16,6580,0.006595407241013952,0.015000562740867862,0,0.066458267808643084,9.8550614086125236e-05,0.00035128609792203102,1.021305993212958e-06,2.1632676668865267e-05,2.8006487962245368,1.2109387274853407,-0.18851759717448424,0.048358727961509834,1.7942127805114227,0.44153837920769196,0.13805582947251124,1.7942107826508222,0.44149581226325241,0.13796696841618816
13.18,6590,0.0065960206464078536,0.015000557254128693,0,0.066482051283630966,9.8725574853648245e-05,0.00036536325216088652,1.0153983789332962e-06,2.1565179853261896e-05,2.8008983381877224,1.2109630665388516,-0.18849656969966222,0.048347533502127504,1.7942190128463897,0.44119974917002247,0.13731646722962962,1.794217206984478,0.44115703896033381,0.13722747669091179
13.200000000000001,6600,0.0065966286373223028,0.015000551128777004,0,0.06651419078838075,9.8816683805421314e-05,0.00037993790615064584,1.0083833074574813e-06,2.1800504449438904e-05,2.8011466657101805,1.2109874067432866,-0.18847554144244966,0.048336338358455008,1.7942255024719234,0.44084970364658094,0.13655208603323213,1.7942238478410704,0.44080684778992824,0.13646306145940218
13.220000000000001,6610,0.0065972312371663944,0.015000544748257044,0,0.066554583760399605,9.8819754033917963e-05,0.00039483500511971478,1.0007379948128767e-06,2.1867274910380131e-05,2.8013937880718665,1.2110117477203963,-0.18845451278933395,0.048325142857329424,1.7942322376469115,0.4404882638902447,0.13576277480208729,1.7942307044837029,0.44044527761066143,0.13567380754425898
13.24,6620,0.0065978284438487113,0.015000537916184496,0,0.066597507052499699,9.871971322821927e-05,0.00040975087010552567,9.9277113341848303e-07,2.2099382890764463e-05,2.8016397126187362,1.2110360887389229,-0.18843348355211031,0.048313947179211808,1.7942391660299748,0.44011543876369652,0.13494864593261238,1.7942377759696606,0.44007237813458044,0.13485982345948586
13.26,6630,0.0065984203055523194,0.015000530136183032,0,0.066641748131741063,9.8517309291669782e-05,0.00042461314530898241,9.8407437629338578e-07,2.1121193543184415e-05,2.8018844614101228,1.2110604299377117,-0.18841245323381337,0.048302751044163761,1.7942462753065604,0.43973129077087481,0.13410983105383084,1.7942450611545013,0.43968820971134087,0.13402124093940332
13.280000000000001,6640,0.0065990068739855594,0.015000521217235619,0,0.066687765183067627,9.8215737310453381e-05,0.00043949195739511097,9.7447797465642521e-07,2.1121193543184415e-05,2.8021280547900274,1.211084771396578,-0.18839142164288494,0.048291554344651294,1.7942535655736207,0.43933589596063938,0.13324648546795778,1.7942525586961497,0.43929284311239336,0.13315821446756071
13.300000000000001,6650,0.0065995881656499208,0.01500051185906413,0,0.066742952917340753,9.7810625406682849e-05,0.00045431027780841964,9.6468160992432803e-07,2.1598954627055457e-05,2.8023704960169344,1.2111091128495732,-0.18837038948338375,0.048280357078279809,1.7942610297504473,0.43892929945233627,0.1323587984556201,1.7942602670589887,0.43888635931517139,0.13227092080564898
13.32,6660,0.0066001642494792684,0.015000501868309491,0,0.066810448772804537,9.7307833645671085e-05,0.00046912822549069992,9.5449918546043487e-07,2.1327258847706145e-05,2.8026118107817197,1.2111334543782719,-0.18834935656084037,0.048269159231327019,1.7942686738166342,0.43851161129652361,0.13144696553380669,1.7942681845179522,0.43846884928727753,0.13135955852241257
13.34,6670,0.0066007352182113647,0.015000490646760319,0,0.066891035757844663,9.6717044231214234e-05,0.00048387654354769427,9.4333914449223779e-07,2.1293053117836167e-05,2.8028520341949661,1.2111577962314013,-0.18832832227308691,0.048257960800296713,1.7942765088019177,0.43808297124819606,0.13051119801418795,1.7942763091626186,0.43804041377067082,0.13042434752256205
13.359999999999999,6680,0.0066013011337907263,0.015000478269776012,0,0.066985539061211435,9.6040396315752482e-05,0.0004986096571429129,9.3127591963362732e-07,2.1666346224911465e-05,2.8030911867030928,1.2111821383948753,-0.18830728669552435,0.048246761819620482,1.7942845358411914,0.43764348911194112,0.12955173909085535,1.7942846389013023,0.43760116306585378,0.1294655285756863
13.380000000000001,6690,0.0066018622226630356,0.015000459962894839,0,0.067094703484649382,9.5302372810796479e-05,0.00051257429831129658,9.1328404716393555e-07,2.1395506250453509e-05,2.8033293451904711,1.2112064822380264,-0.18828624501016178,0.048235565853291959,1.7942927833059137,0.43719336229806716,0.12856883886485526,1.7942931714651464,0.43715121681605923,0.12848336284516496
13.4,6700,0.0066024183553238247,0.015000442392962039,0,0.06721946367147269,9.447299681485791e-05,0.00052677764786371848,8.9633000456407566e-07,2.0913097891518843e-05,2.8035664585941023,1.2112308258885027,-0.18826520394140411,0.048224368317487429,1.7943012138758647,0.4367326032778352,0.12756280197469308,1.7943019044122162,0.43669070379143771,0.12747813141708092
13.42,6710,0.0066029695143545626,0.015000428220194546,0,0.067360671497750962,9.3542053236247733e-05,0.00054154560202027927,8.832355768529201e-07,2.1155677147440178e-05,2.8038025201287864,1.2112551685625406,-0.18824416617423118,0.048213167269860364,1.7943098075258554,0.43626130747207215,0.1265339382082398,1.7943108351315902,0.436219761673244,0.12645013482913228
13.44,6720,0.0066035159113559819,0.015000413006699397,0,0.067519043500736481,9.2533740878608696e-05,0.00055615997533264351,8.6940073176790079e-07,2.1327258847706145e-05,2.8040376039842272,1.2112795115129864,-0.18822312723176343,0.048201965822468551,1.7943185872964893,0.43577970131688459,0.12548255448607246,1.7943199608474547,0.43573853683802427,0.12539969259954498
13.460000000000001,6730,0.0066040576329646867,0.015000396781951359,0,0.06769507879074238,9.1451689835252576e-05,0.00057060574176561916,8.5484160764563075e-07,2.122447627911835e-05,2.8042717365406857,1.2113038547550612,-0.18820208714257519,0.048190764079925896,1.79432755565286,0.43528794484491662,0.12440899022405004,1.7943292786231944,0.4352471841418033,0.124327142755985
13.48,6740,0.0066045947606586221,0.015000379744549869,0,0.067884165380977385,9.0296896246192174e-05,0.00058487670008814101,8.3976515145941298e-07,2.1190104635059971e-05,2.8045049416700913,1.2113281982336457,-0.18818104610619635,0.048179562032219542,1.7943367107350392,0.43478619776126015,0.12331360417288172,1.7943387853654862,0.4347458667042714,0.12323284136447107
13.5,6750,0.0066051273810194292,0.015000362031597858,0,0.068091704813614873,8.9070538663395883e-05,0.00059895126965699218,8.2432336982745299e-07,2.084327099243578e-05,2.804737244738865,1.2113525419054614,-0.18816000426038179,0.048168359686511793,1.7943460497954096,0.43427462903871922,0.12219677224489894,1.7943484778283911,0.43423475569297121,0.12211716205828638
13.52,6760,0.0066056561019477173,0.015000329449207754,0,0.068319051639515682,8.7852686956799766e-05,0.00061378071861528779,7.939404448576144e-07,2.1258792350482307e-05,2.8049688922487142,1.2113768953673165,-0.18813894728934058,0.048157150536549981,1.7943555560763431,0.43375366451934677,0.12105884980965947,1.7943583526174476,0.43371403010748499,0.12098049556689144
13.540000000000001,6770,0.0066061803907149245,0.015000299763095581,0,0.068563805402117789,8.653431509084756e-05,0.00062806295994495282,7.6757015161678917e-07,2.1258792350482307e-05,2.8051996358437421,1.2114012462462862,-0.18811789311598662,0.048145942896503591,1.794365228498382,0.43322314148648738,0.11990029699478794,1.7943684061937633,0.4331838765636214,0.11982324924483614
13.56,6780,0.0066067005760423658,0.01500026635040461,0,0.068823419811662095,8.5156844121048948e-05,0.00064228296802368941,7.3872360378075662e-07,2.0947924057011411e-05,2.8054296061635386,1.2114255988527536,-0.18809683506402999,0.048134733754745182,1.7943750467682562,0.43268337334432866,0.11872152240505897,1.7943786348781079,0.43264448907760278,0.1186458466006725
13.58,6790,0.0066072171056119041,0.015000219238694198,0,0.06910480062390939,8.3773904996292125e-05,0.000656950943577849,6.9876914048270709e-07,2.1017403266208992e-05,2.8056589801967831,1.2114499593570802,-0.1880757630812416,0.048123518991966999,1.7943849827989056,0.43213471706437651,0.11752294248152384,1.794389034855006,0.43209606885025181,0.11744872682586643
13.6,6800,0.0066077296798639678,0.015000170340789284,0,0.069408770644141582,8.2314996920347663e-05,0.00067126157816494727,6.6030005554141334e-07,2.1258792350482307e-05,2.8058876067234189,1.2114743196403839,-0.18805468918465321,0.048112304012208659,1.7943950438372704,0.4315771583055556,0.11630504552865124,1.7943996021768296,0.43153882405117883,0.11623234432371049
13.620000000000001,6810,0.0066082383635958772,0.015000121528809359,0,0.06973088033391972,8.0776494473401258e-05,0.00068513938739102028,6.2532066739065464e-07,2.0982692419620152e-05,2.8061154924551754,1.2114986789694371,-0.18803361525669796,0.04810108917831387,1.794405248789819,0.4310108937415017,0.11506830722152156,1.7944103327678904,0.43097296960296866,0.11499716823823597
13.640000000000001,6820,0.0066087432677322273,0.015000073388452122,0,0.070071844356152019,7.9164565988300623e-05,0.00069861642617622083,5.9455061442635254e-07,2.0702910668595484e-05,2.8063426654732893,1.211523037271298,-0.18801254188348754,0.048089874607245897,1.7944156091833106,0.43043615895722487,0.11381321158812829,1.7944212224285323,0.43039872696536774,0.11374368198312579
13.66,6830,0.0066092444063879305,0.015000028477526076,0,0.070436727517433073,7.744150935435613e-05,0.00071162123043778491,5.6981745901494732e-07,2.0808269673042189e-05,2.8065691066888796,1.2115473937629417,-0.18799147163450253,0.048078660493597283,1.7944261278011888,0.4298530758018711,0.11254027090451649,1.7944322668392245,0.42981632391947105,0.11247238277062602
13.68,6840,0.0066097419185778524,0.014999987076078684,0,0.070825100392976903,7.5627569976028289e-05,0.00072418528110385267,5.5098219413438611e-07,2.0561592220437957e-05,2.8067948583559534,1.211571748332912,-0.18797040479091401,0.048067446984542801,1.794436811188292,0.42926193422469289,0.11124999010797092,1.7944434615646536,0.42922599435190911,0.11118378114045885
13.700000000000001,6850,0.0066102360230722397,0.014999947226546285,0,0.071234079115079674,7.3768040989130373e-05,0.00073637469673183925,5.3659435891517129e-07,2.0913097891518843e-05,2.8070200002991741,1.2115961017186887,-0.1879493393831978,0.04805623400595381,1.7944476577646931,0.42866309652627049,0.10994287819652131,1.7944548020578164,0.42862797803903502,0.10987840048873455
13.720000000000001,6860,0.0066107268611666475,0.014999908181886026,0,0.071662634338099135,7.1867735584388426e-05,0.00074823214308132049,5.2616517002828032e-07,2.0913097891518843e-05,2.8072445732224667,1.2116204543085516,-0.18792827465844802,0.048045021428281473,1.794458656408277,0.42805681558578523,0.10861947140328686,1.7944662836641125,0.42802252043111161,0.10855677659686433
13.74,6870,0.0066112145601518449,0.014999869690846242,0,0.072114618747154524,6.992771964721203e-05,0.00075972327235992705,5.1954688055200065e-07,2.0773209379101241e-05,2.8074686100264121,1.2116448062629606,-0.18790721036309024,0.048033809177435279,1.7944697988130525,0.42744333723745392,0.10728032042939117,1.7944779016254366,0.42740987243649814,0.1072194571604721
13.76,6880,0.0066116992466459228,0.014999831673052107,0,0.072592202141624873,6.7949334869634852e-05,0.00077085879297655402,5.1664260461342552e-07,2.0702910668595484e-05,2.8076921423430523,1.2116691576586878,-0.18788614641564713,0.048022597216344394,1.7944810789878263,0.42682291386202315,0.1059259871499011,1.7944896510842714,0.42679029020583747,0.10586700131830706
13.780000000000001,6890,0.0066121810473108063,0.014999794157266025,0,0.073095560530359038,6.593363979293927e-05,0.00078163152172809126,5.1732990716446634e-07,2.084327099243578e-05,2.8079152010328579,1.2116935085162746,-0.18786508284461456,0.048011385528851841,1.7944924920387353,0.42619580358612813,0.10455704374423028,1.79450152708778,0.42616403491624327,0.10449997918115606
13.800000000000001,6900,0.0066126600905062416,0.014999757203859069,0,0.073624810968054594,6.3881961404159659e-05,0.00079201668781826912,5.2140727851941557e-07,2.084327099243578e-05,2.8081378168979589,1.2117178588416244,-0.18784401971027465,0.048000174110758791,1.7945040336386053,0.42556227021373177,0.10317407273563384,1.7945135245918982,0.42553137255548673,0.10311897136075618
13.82,6910,0.0066131364254181655,0.014999722700881917,0,0.074179354748575149,6.1767640773065921e-05,0.00080192209436615578,5.2895555899437176e-07,2.0702910668595484e-05,2.8083599891688471,1.2117422077800595,-0.18782295891606263,0.047988962764054822,1.7945156730389462,0.42492251043633733,0.10177766957128903,1.7945256384654282,0.42489257370618366,0.10172456849870656
13.84,6920,0.0066136204256703685,0.014999706694593561,0,0.074751667774199893,5.9689391749428358e-05,0.00081580294540545815,5.3188227377041067e-07,2.0738089811501742e-05,2.8085852408779171,1.2117665452983168,-0.18780191662297241,0.047977763824199667,1.7945277800497008,0.42427706662827991,0.10036847101880722,1.7945378634941294,0.42424791332998152,0.10031737079538111
13.859999999999999,6930,0.0066141305833142651,0.01499966431626608,0,0.075349188110045179,5.7776675229060508e-05,0.00084848951070076435,5.3717450287837556e-07,1.9986328642111702e-05,2.8088200961000567,1.2117908903861012,-0.18778084771180553,0.047966565118103453,1.7945397466103419,0.42362636740253706,0.098947033221258751,1.7945501943848123,0.42359767055174652,0.098897987538840784
13.880000000000001,6940,0.0066146672059574276,0.014999654189346305,0,0.07597043011501356,5.569052664399178e-05,0.000904828488595656,5.3781778638192271e-07,2.0454962674260058e-05,2.8090644422004236,1.2118152264982112,-0.18775981103081033,0.0479553699817672,1.7945519311148754,0.42296996759778688,0.097514068969689643,1.7945626257694314,0.42294212844375029,0.097467036633745729
13.9,6950,0.0066152254570859973,0.014999653234905409,0,0.076599494446152744,5.3695696821482806e-05,0.00097650507752134797,5.3688891641730616e-07,2.0311919222296604e-05,2.80931670683497,1.2118395581084143,-0.18773878343922951,0.047944176942891811,1.7945642198378955,0.42230873522268936,0.096070154893073578,1.7945751522091757,0.42228157380985759,0.096025144130268247
13.92,6960,0.0066158021792517511,0.014999656780179744,0,0.07724750552900278,5.1682771006296131e-05,0.0010557683577881178,5.3432761792409381e-07,2.0383566426149207e-05,2.8095757777521269,1.2118638900156427,-0.18771776021031644,0.047932984248979106,1.7945765706833576,0.42164273727484597,0.094615916241139686,1.7945877681985636,0.42161629696971242,0.09457294375300429
13.94,6970,0.006616394641317816,0.014999672331067365,0,0.077920832716344673,4.9631227450851041e-05,0.001138023585663801,5.2931772500633844e-07,2.063237243740307e-05,2.8098406794289161,1.2118882187995159,-0.18769674890741841,0.047921793243661151,1.7945890504057527,0.42097224859807875,0.093151998415778731,1.7946004681695344,0.42094659154292574,0.093111076429886336
13.960000000000001,6980,0.0066170010195803477,0.014999684728501357,0,0.078619000784845711,4.7641798114969743e-05,0.0012210754143786341,5.2574158991131691e-07,2.0311919222296604e-05,2.8101108195534747,1.211912548290341,-0.18767573431763229,0.047910601584518271,1.7946015542329654,0.42029774957584348,0.09167902620574607,1.7946132464955411,0.42027275423326205,0.091640189821095522
13.98,6990,0.0066176188671161189,0.014999712683278231,0,0.079338486835200839,4.5641483292224104e-05,0.001301833764671399,5.217856329446248e-07,2.016786123962658e-05,2.8103852915619756,1.2119368731689584,-0.18765473523042137,0.047899411094834088,1.7946141854779896,0.41961941891111437,0.090197667818834981,1.7946260974956421,0.4195950846128268,0.090160937847974493
14,7000,0.0066182466662929864,0.01499975360838747,0,0.080081770555068155,4.3709085736566532e-05,0.0013788309580271771,5.2136068340208643e-07,2.0311919222296604e-05,2.8106635829435298,1.2119611936908248,-0.18763374905909011,0.04788822053782358,1.7946268855442757,0.41893769344213094,0.088708570733051814,1.7946390154385956,0.41891388490625286,0.088673980221938828
14.02,7010,0.0066188829939682189,0.0149998085909779,0,0.080847988513130187,4.190886935515568e-05,0.0014508787287841199,5.2934980237208144e-07,2.0203972031729294e-05,2.8109451995681924,1.2119855087984444,-0.18761277691211325,0.04787702904577832,1.794639613324627,0.41825297190597949,0.087212389354585668,1.7946519945469503,0.41822945977488812,0.087179981973390192
14.040000000000001,7020,0.0066195265664022469,0.014999876181429731,0,0.081636254982326406,4.025998751381155e-05,0.001517349621801923,5.500288426359905e-07,1.9913252241518953e-05,2.8112296760081277,1.2120098188696335,-0.18759181733366492,0.047865836341988169,1.7946523642100274,0.41756555876254198,0.085709794287420246,1.7946650290011394,0.41754211610098196,0.085679612980628081
14.06,7030,0.0066201763062194736,0.014999947995628145,0,0.082447319482607889,3.8605571712731004e-05,0.0015782296251914772,5.816206289179072e-07,2.0419295754930057e-05,2.8115165814749754,1.2120341277152571,-0.18757086186860245,0.047854643301355894,1.7946651912361959,0.41687547396484659,0.08420147612078227,1.794678112943572,0.41685216277187281,0.084173547498763046
14.08,7040,0.0066208313198683234,0.015000022400651156,0,0.083280592259236313,3.6944812468420704e-05,0.0016333687305428617,6.2320373350139174e-07,1.943155808007896e-05,2.8118055852422867,1.2120584358657915,-0.1875499088756446,0.047843449798159417,1.7946780854527882,0.41618301762945126,0.082688113703608651,1.7946912404827269,0.41615991046417455,0.082662463688627882
14.1,7050,0.0066214879355880251,0.015000173004252578,0,0.084129933393087497,3.6507703288658303e-05,0.0016752701148779472,7.3584276296099489e-07,1.9913252241518953e-05,2.8120955983275726,1.2120827129365044,-0.18752903254309533,0.047832246265630436,1.7946905696704927,0.41549018192879611,0.081170294212593863,1.7947044056972437,0.41546567142796414,0.08114704314569092
14.120000000000001,7060,0.0066221498501794086,0.015000279601037661,0,0.084999260640998775,3.5493429322319436e-05,0.0017145458471569742,8.2629161202497317e-07,1.9692396034153755e-05,2.8123875389723998,1.2121070074707987,-0.18750811176758272,0.047821043557003576,1.7947032376984855,0.41479461799493889,0.079648838486433546,1.7947176026400167,0.41476975927096799,0.079627970428967576
14.140000000000001,7070,0.0066228157365349786,0.015000343827020786,0,0.085889668793264151,3.3954408947380503e-05,0.0017521623608177,8.8514919917523181e-07,1.9729377092144139e-05,2.8126809721647144,1.2121313188440461,-0.18748714820403067,0.047809839027263268,1.7947159034159024,0.4140967462195726,0.07812442077043176,1.7947308253422869,0.41407248874274966,0.078105932589933799
14.16,7080,0.0066234826707156714,0.015000470649798807,0,0.086797711000347222,3.3763545844016838e-05,0.0017794641915922749,1.0068007214130696e-06,1.9949823901789886e-05,2.8129750902413391,1.212155603653766,-0.18746624760607186,0.047798627824480536,1.7947283796739995,0.41339942233497945,0.076597632990424019,1.7947440678177349,0.41337417551889616,0.076581618701437176
14.18,7090,0.0066241526155675981,0.015000577903534935,0,0.087722707713205311,3.3908386061207953e-05,0.0018027058035024425,1.1167604006802841e-06,1.9543772052848047e-05,2.8132704230804051,1.2121798941445565,-0.18744532723641777,0.047787411632509956,1.7947407162932774,0.41270143414872712,0.075069223723204487,1.7947573240665724,0.41267513598520567,0.07505571938661007
14.200000000000001,7100,0.0066248254485291504,0.015000625587894367,0,0.088652951323395318,3.3377519535313136e-05,0.0018241512823384549,1.172497138427257e-06,2.0022766828502049e-05,2.8135667754796447,1.2122042078997926,-0.18742434678180719,0.047776191791293492,1.7947529844217414,0.41200182088984655,0.073539935025442052,1.7947705880796363,0.41197568702187382,0.07352892634778159
14.220000000000001,7110,0.0066255006119145506,0.015000625678493411,0,0.089593165329643343,3.2248185436808263e-05,0.0018468353472864028,1.1833984628736036e-06,1.9729377092144139e-05,2.8138639210556442,1.2122285413761711,-0.18740331827511225,0.047764968967211108,1.7947652789620727,0.41130108877990534,0.072010462218990198,1.7947838538424805,0.41127614578768135,0.072001931895390447
14.24,7120,0.0066261777235977343,0.015000586403207603,0,0.090550474040141882,3.0729424445119923e-05,0.001869097131322813,1.157603084662212e-06,2.005913882365416e-05,2.8141617100109206,1.2122528912165049,-0.18738224999084155,0.047753745062589392,1.7947776677603999,0.41059983437559266,0.070481500139473463,1.794797115339468,0.41057682950418084,0.07047542847689664
14.26,7130,0.0066268567492970805,0.015000500996405382,0,0.091523277677660025,2.9130783398958558e-05,0.0018836591853021866,1.0917676575191346e-06,2.0311919222296604e-05,2.8144601517012213,1.2122772584732844,-0.18736113513716129,0.04774252137815993,1.7947900552825196,0.40989861921366838,0.068953738304516787,1.7948103665578647,0.40987805523988347,0.068950108205694111
14.280000000000001,7140,0.0066275373466328866,0.015000373894517957,0,0.092509083357931648,2.7583379642429649e-05,0.0018925660328124037,9.9499323002805522e-07,1.9618224787422011e-05,2.8147591007166493,1.2123016417200851,-0.18733997817400205,0.047731297860041384,1.7948024597588037,0.40919781496573537,0.067427868515122058,1.7948236014919305,0.40918013969444644,0.067426662390022984
14.300000000000001,7150,0.0066282184196080557,0.015000254632737377,0,0.093508994034298826,2.597219252810552e-05,0.0019037291530807567,9.0956346976808247e-07,1.9876613291913992e-05,2.8150580474111826,1.2123260240658111,-0.18731882889249024,0.047720080762143319,1.7948153437346612,0.40849796556814455,0.065904601752220349,1.7948368141470137,0.40848339898285996,0.065905781061882523
14.32,7160,0.0066288997822126269,0.015000159082167824,0,0.09452168128767699,2.4557526742728813e-05,0.001914634182702441,8.4565204668724877e-07,2.0022766828502049e-05,2.8153569431347458,1.2123503987334121,-0.18729770327644124,0.047708871187684736,1.7948286708389558,0.40779979669713851,0.06438461431943715,1.7948499985436412,0.4077881484196339,0.064388152505942459
14.34,7170,0.0066295817785839784,0.015000077731219721,0,0.095544493942983422,2.3676097086645186e-05,0.0019212229165527727,7.9595661114395286e-07,1.9986328642111702e-05,2.8156559785238153,1.2123747682457482,-0.18727659179302827,0.047697665287079909,1.7948421073641585,0.40710381524812389,0.062868565918048472,1.7948631487216136,0.40709470230298511,0.062874462788455904
14.359999999999999,7180,0.0066302645550775953,0.015000007898884593,0,0.096577212736051327,2.3380286766417937e-05,0.0019239728027007426,7.5802566660288451e-07,2.0347774359157065e-05,2.8159552065256968,1.212399133539481,-0.18725549175748923,0.047686460932584711,1.7948555142401514,0.40641030279233331,0.061357131447397024,1.7948762587440958,0.40640337369902424,0.061365395286171756
14.380000000000001,7190,0.0066309482689034995,0.014999946116986957,0,0.097619842005571916,2.3614276426855074e-05,0.001923573056687866,7.2904216681578918e-07,1.9839906680179331e-05,2.8162546589555015,1.2124234957570805,-0.18723439968793473,0.047675257222942878,1.7948688435927909,0.40571948281260417,0.059850992818541227,1.7948893227017106,0.40571447422594298,0.059861630215246861
14.4,7200,0.0066316330529919663,0.01499989084665955,0,0.098671480193629424,2.4292638542559808e-05,0.0019205554200075927,7.0733227920637617e-07,2.0240018397643986e-05,2.8165543518738896,1.2124478554324989,-0.1872133140383668,0.04766405385145444,1.7948820862977819,0.40503159713629333,0.058350830560537199,1.7949023347166311,0.40502831383820093,0.058363844160158523
14.42,7210,0.0066323190330661889,0.014999841373134343,0,0.099731201824365207,2.5326833092469458e-05,0.0019153322862510095,6.9160219870673211e-07,2.0311919222296604e-05,2.8168542977543836,1.212472212838005,-0.18719223408990104,0.047652850744756059,1.794895245317639,0.40434690443646543,0.05685732134776296,1.7949152889466731,0.4043452006107125,0.056872709602616645
14.44,7220,0.0066330063343055584,0.014999797260227625,0,0.10079806544884445,2.6637840231818092e-05,0.0019081835264579659,6.806852763437669e-07,2.063237243740307e-05,2.8171545097839985,1.2124965681549102,-0.18717115940336604,0.047641647902257445,1.7949083253338598,0.4036656741351769,0.05537113695923962,1.7949281795893877,0.4036654405230341,0.055388894450476192
14.460000000000001,7230,0.0066336950829854668,0.014999758156930238,0,0.10186630602108132,2.8160700062326283e-05,0.0018993767816273207,6.7351212781038642e-07,1.9839906680179331e-05,2.8174550029309535,1.2125209215342845,-0.18715008962519389,0.047630445337042047,1.7949213295335362,0.40298818264536823,0.053892943668716588,1.7949410008861537,0.40298933724355113,0.053913061566649392
14.48,7240,0.0066343854064254779,0.014999723738397601,0,0.10293683540132953,2.9844359450135361e-05,0.0018891115147461641,6.6913255295307428e-07,2.016786123962658e-05,2.8177557939173155,1.2125452731155661,-0.18712902442819074,0.047619243058320694,1.7949342589997008,0.40231471093544791,0.052423401801610425,1.7949537471262711,0.40231719191366494,0.052445868298018561
14.5,7250,0.0066350774324238212,0.014999693692529228,0,0.10401180702083135,3.164952077187481e-05,0.001877541621295418,6.6673452293969124e-07,1.9986328642111702e-05,2.8180569008579526,1.2125696230309719,-0.18710796349806327,0.047608041068230161,1.7949471129198413,0.4016455426578196,0.050963165341483596,1.7949664126510525,0.40164930293197981,0.050987966004347837
14.52,7260,0.0066357712886289987,0.014999667719701928,0,0.10509025864662652,3.3546078880027131e-05,0.0018648112959256202,6.6564887216888171e-07,2.0490567510038361e-05,2.8183583428598791,1.2125939714057277,-0.18708690653314297,0.047596839362682331,1.7949598889857943,0.40098096261946325,0.049512881539977356,1.794978991857916,0.40098596573848988,0.049539999587195627
14.540000000000001,7270,0.0066364671019963264,0.014999645535064953,0,0.10617122998072714,3.5510837043743024e-05,0.0018510163136480123,6.6534181584451934e-07,2.005913882365416e-05,2.8186601396704782,1.2126183183575823,-0.1870658532466819,0.047585637932918555,1.7949725837834982,0.40032125553145381,0.048073190515167619,1.7949914792044783,0.40032747259876639,0.048102607018827348
14.56,7280,0.0066371649983559457,0.014999626870433217,0,0.10725376488352431,3.7525696724043473e-05,0.0018362497869308565,6.6540035258812538e-07,1.9949823901789886e-05,2.818962311413356,1.2126426639963883,-0.18704480336874529,0.047574436766886781,1.7949851931169341,0.3996667049953217,0.046644724835488129,1.7950038692126469,0.39967411238814465,0.046676418871127612
14.58,7290,0.0066378651020731578,0.014999611475436903,0,0.10833407420534691,3.9576302501547373e-05,0.0018205881725335397,6.6551462366462802e-07,2.0561592220437957e-05,2.8192648783683203,1.2126670084237647,-0.18702375664736265,0.0475632358506018,1.7949977122593943,0.39901759268329623,0.045228109090423602,1.7950161564727123,0.39902617037591093,0.045262057844512413
14.6,7300,0.0066385675357982692,0.014999599117535485,0,0.10940858429877029,4.1651055932647889e-05,0.0018040893727645077,6.6546051022845e-07,2.084327099243578e-05,2.8195678608394128,1.2126913517335431,-0.18700271284853059,0.047552035168592896,1.7950101361406148,0.39837419767145199,0.043823959450352667,1.7950283356474415,0.3983839280094893,0.043860138296841322
14.620000000000001,7310,0.0066392724202721095,0.01499958958148901,0,0.11048194452910814,4.3740406410347024e-05,0.0017868028127755004,6.650837702995696e-07,2.0702910668595484e-05,2.819871279041628,1.2127156940122867,-0.18698167175567365,0.047540834704223441,1.7950224594821529,0.39773679589033362,0.042432883217945042,1.7950404014761692,0.3977476626986291,0.042471265772330222
14.640000000000001,7320,0.0066399798741636267,0.01499958266870023,0,0.11155331083901313,4.583634217228714e-05,0.0017687762792840476,6.6428612796173784e-07,2.0773209379101241e-05,2.820175153028039,1.2127400353395357,-0.18696063316897857,0.047529634440341036,1.7950346768931635,0.39710565966425942,0.041055478373146236,1.7950523487788921,0.39711764759959173,0.041096036530463856
14.66,7330,0.0066406900139409884,0.014999578196206851,0,0.11262177217067884,4.7932023112438695e-05,0.0017500531328305262,6.6301379010872239e-07,2.0773209379101241e-05,2.8204795026355716,1.2127643757882485,-0.1869395969043797,0.047518434359623947,1.7950467829370909,0.39648105731673405,0.039692333113487986,1.79506417246036,0.39649415139933741,0.039735037074907276
14.68,7340,0.0066414029537654089,0.014999575995508451,0,0.11368643044170892,5.0021513457171706e-05,0.0017306621493641296,6.6124816985110013e-07,2.0808269673042189e-05,2.8207843474525274,1.2127887154253492,-0.18691856279237415,0.047507234444761917,1.7950587721775892,0.39586325282465901,0.038344025390980863,1.7950758675141691,0.39587743809971254,0.038388843682418863
14.700000000000001,7350,0.0066421188053995559,0.014999575911329657,0,0.11474420256387285,5.2099584742633285e-05,0.0017106351611695426,6.589985110153771e-07,2.0702910668595484e-05,2.8210897067902558,1.2128130543122764,-0.1868975306767737,0.047496034678568735,1.7950706392100155,0.39525250550834173,0.037011122446607231,1.7950874290268546,0.3952677668016365,0.03705802193176258
14.720000000000001,7360,0.0066428376781255891,0.014999577800371427,0,0.1157916100896893,5.4161568625451553e-05,0.0016900047668068892,6.5629609819539716e-07,2.084327099243578e-05,2.8213955996698363,1.2128373925054938,-0.18687650041345047,0.047484835044048095,1.7950823786831596,0.39464906974759306,0.03569418034310462,1.7950988521819828,0.39466539148928892,0.03574312623262052
14.74,7370,0.0066435595210785955,0.014999586950761966,0,0.11683262617021886,5.6146736691826575e-05,0.0016661532158486372,6.5030374130196805e-07,2.0738089811501742e-05,2.8217019556966769,1.2128617284478147,-0.18685547730562552,0.047473638091970423,1.795094127601274,0.39405319644495329,0.034393760317591199,1.7951101322642442,0.39407056081429631,0.034444699354504643
14.76,7380,0.0066442843799282411,0.014999603162729427,0,0.11786661191878645,5.8074612867904565e-05,0.00164018961601844,6.4160250434019639e-07,2.0667671646167049e-05,2.8220087803360179,1.2128860622295556,-0.18683446115289259,0.047462443515959199,1.7951058505809341,0.39346512170611775,0.033110388617022334,1.7951212646635455,0.39348351787991925,0.033163271955669496
14.780000000000001,7390,0.0066450124367745085,0.014999621397217066,0,0.11889275086113874,5.9997156809714934e-05,0.001614580098703685,6.3309500634365197e-07,2.0982692419620152e-05,2.8223161549719782,1.2129103953753302,-0.18681344690082297,0.047451248955550626,1.7951174009739101,0.39288508352224777,0.031844568711733877,1.7951322448791027,0.39290450002523969,0.031899362112024862
14.800000000000001,7400,0.0066457438252731553,0.014999639872814226,0,0.11991023237473894,6.1914192745002607e-05,0.0015892138156842022,6.2554451014107564e-07,2.1361409804484527e-05,2.8226241179579823,1.2129347284304355,-0.18679243276167873,0.047440053851679549,1.7951287443601514,0.39231332162092708,0.03059680622871384,1.7951430685235339,0.39233373860934739,0.030653474846047427
14.82,7410,0.0066464786352593997,0.014999657481720656,0,0.12091828173230906,6.3812824830591027e-05,0.0015639273615008756,6.1903798189877909e-07,2.0878213633885978e-05,2.8229326808288562,1.2129590618796404,-0.18677141762005336,0.047428858090277679,1.7951398939810199,0.39175004721781115,0.029367602520570697,1.7951537313269508,0.39177145879552738,0.029426101655693801
14.84,7420,0.0066472169359911128,0.014999674637887907,0,0.12191612833694379,6.5685602520193642e-05,0.0015385697564769187,6.1344303168804397e-07,2.1190104635059971e-05,2.8232418517370719,1.2129833955504985,-0.18675040189248449,0.047417661780935913,1.7951508552539188,0.39119548635568929,0.02815743495411957,1.7951642291410521,0.39121787933544672,0.028217720043312258
14.859999999999999,7430,0.0066479588103329846,0.014999691959090464,0,0.12290301570154238,6.7528701852813858e-05,0.0015130704610362721,6.0876932428715275e-07,2.1463536648682345e-05,2.8235516468721067,1.2130077291327683,-0.18672938620189644,0.047406464983291846,1.7951616213954451,0.39064986724739614,0.026966762589663736,1.7951745579432161,0.39067321235334174,0.027028793044555535
14.880000000000001,7440,0.0066487043477307618,0.0149997093072467,0,0.12387822070902044,6.9336555058484528e-05,0.0014874011152559124,6.0503859289823063e-07,2.1121193543184415e-05,2.8238620822775542,1.2130320626776905,-0.18670837040946942,0.047395267685735001,1.79517219287276,0.39011339490623365,0.025796036218216002,1.7951847138405932,0.3901376631302047,0.0258597687572929
14.9,7450,0.0066494536314310017,0.014999726663486836,0,0.12484104275540653,7.1104020374300976e-05,0.0014615268248293679,6.0223322235492814e-07,2.0982692419620152e-05,2.8241731719931522,1.2130563961998511,-0.18668735449602752,0.047384069915013996,1.7951825717439494,0.38958626615667419,0.024645691479400399,1.795194693074198,0.38961142988797132,0.02471107987052297
14.92,7460,0.0066502067404740255,0.014999744062872871,0,0.12579080296763337,7.2826710353377259e-05,0.0014354563116481824,6.0032981759459209e-07,2.1190104635059971e-05,2.8244849295208341,1.2130807296944359,-0.1866663384965975,0.047372871709571128,1.7951927593872621,0.38906867119741434,0.023516147742812656,1.7952044920230024,0.38909470357370723,0.02358314319328525
14.94,7470,0.0066509637505515577,0.014999761546229517,0,0.12672684484553831,7.4500889043760616e-05,0.0014091802369127692,5.9931010697150385e-07,2.1327258847706145e-05,2.824797368255457,1.2131050631535976,-0.18664532245202031,0.047361673105886355,1.7952027560088482,0.38856079324025861,0.022407807749014384,1.7952141072080277,0.38858766764379526,0.022476359183573019
14.960000000000001,7480,0.0066517247341882956,0.014999779145121172,0,0.12764853491880118,7.6123308466756332e-05,0.0013826926804276641,5.991613818502376e-07,2.1121193543184415e-05,2.8251105015188926,1.2131293965717453,-0.18662430639385358,0.047350474134859641,1.7952125607794043,0.38806280810638438,0.021321057239184815,1.7952235352964381,0.3880904978481225,0.021391111477245595
14.98,7490,0.0066524897606982745,0.014999796879633365,0,0.12855526332047071,7.7691070159749116e-05,0.0013560118899975705,5.9987427644217432e-07,2.1632676668865267e-05,2.8254243424944998,1.213153729946477,-0.18660329034213832,0.047339274821769077,1.795222172105027,0.38757488390958933,0.020256264537786312,1.7952327731056319,0.38760336201426737,0.020327766416941256
15,7500,0.0066532588960758112,0.014999814759737424,0,0.12944644431098121,7.9201522763739445e-05,0.0013291322614671622,6.0144043651365445e-07,2.1867274910380131e-05,2.825738904135322,1.2131780632782654,-0.18658227430676827,0.047328075187085497,1.7952315878758889,0.38709718078121186,0.019213780114093162,1.7952418176073357,0.38712641983168605,0.019286672580987818
15.02,7510,0.0066540322028721659,0.014999832787172136,0,0.13032151677158282,8.0652189530519859e-05,0.0013020873860499259,6.0385067132467657e-07,2.0982692419620152e-05,2.82605419909041,1.2132023965699019,-0.18656125828937722,0.047316875247311554,1.7952408056611862,0.38662985061296617,0.018193936134431609,1.7952506659316951,0.38665982263590037,0.018268160312317178
15.040000000000001,7520,0.0066548096092131689,0.014999853616826934,0,0.13117996381940847,8.2044596186205658e-05,0.0012762810912376771,6.0723128635503351e-07,2.1565179853261896e-05,2.8263701802471233,1.213226729315771,-0.18654024494691335,0.047305675721407939,1.7952498747986319,0.38617301645839697,0.017197043553015125,1.7952593153713692,0.38620371319268421,0.017272541247376261
15.06,7530,0.0066555911294050498,0.014999876796981965,0,0.13202126770892486,8.3375377588474953e-05,0.0012510508120687474,6.1183912884184992e-07,2.1733528855063329e-05,2.8266868501044895,1.2132510615558738,-0.1865192338284774,0.047294476554047477,1.7952587783176965,0.38572682055008745,0.016223397660721017,1.7952677633856216,0.38575822548225069,0.016300107845039824
15.08,7540,0.006656376873611718,0.014999899792308058,0,0.1328449250536721,8.463892361067359e-05,0.001225120261772757,6.1755986172588776e-07,2.1565179853261896e-05,2.8270042555081143,1.2132753938021488,-0.18649822239585429,0.04728327708963008,1.7952674603688072,0.38529140884420587,0.015273275060933091,1.7952760076044139,0.38532348448343906,0.015351132915522342
15.1,7550,0.0066571669008384984,0.014999922066988273,0,0.13365047715656198,8.5833507305708905e-05,0.0011985887362013191,6.2420162210518513e-07,2.1463536648682345e-05,2.827322413559505,1.2132997262308822,-0.18647721011087853,0.04727207716004498,1.7952759098809821,0.38486689879325603,0.01434692968735918,1.7952840458324977,0.38489960595790207,0.01442586914929142
15.120000000000001,7560,0.0066579612556271579,0.014999943560141943,0,0.13443749452521775,8.6957098419121324e-05,0.0011716425056714115,6.3161517874066829e-07,2.1733528855063329e-05,2.8276413339490305,1.2133240588753396,-0.18645619691198465,0.047260876748214387,1.7952841279704832,0.38445339560660485,0.013444595082140439,1.7952918760535077,0.38448669623429266,0.013524548645979184
15.140000000000001,7570,0.0066587599758191176,0.014999964336438597,0,0.13520557459993479,8.800745541186493e-05,0.0011443726660384911,6.3968944332107347e-07,2.1733528855063329e-05,2.8279610243951869,1.2133483917247474,-0.18643518286380206,0.047249675879981336,1.7952921175300787,0.38405099502466189,0.012566483928373937,1.7952994964340543,0.38408485199245068,0.012647382443294414
15.16,7580,0.0066595630946946656,0.014999984475556616,0,0.13595434195515826,8.8982365813968455e-05,0.0011168586362165973,6.4833633786534495e-07,2.1666346224911465e-05,2.8282814920396233,1.2133727247611634,-0.18641416804611052,0.047238474586303647,1.7952998807340124,0.38365978338431805,0.011712787425028988,1.7953069053278154,0.38369416004759072,0.011794560045935931
15.18,7590,0.0066603706414024222,0.015000004044434998,0,0.13668344878706687,8.9879700455233554e-05,0.0010891903312924224,6.5748115355728297e-07,2.2000207897163392e-05,2.8286027436690957,1.2133970579694353,-0.18639315252593747,0.047227272893695882,1.7953074188159037,0.38327983730197074,0.010883674761748235,1.7953141012796296,0.3833146971344884,0.010966248954504293
15.200000000000001,7600,0.0066611826408923651,0.015000023094883517,0,0.13739257537145824,9.0697397140741858e-05,0.0010614030735335773,6.6705785945201559e-07,2.2198114802541581e-05,2.8289247856440074,1.2134213913384853,-0.18637213635514249,0.047216070823566783,1.7953147323113323,0.38291122335602368,0.010079292640472319,1.7953210830295889,0.38294652969166781,0.010162594194414093
15.220000000000001,7610,0.0066619991137469945,0.015000041666388195,0,0.13808143048078647,9.1433436467428555e-05,0.0010335662599286124,6.7700681011647102e-07,2.1900583802360337e-05,2.8292476237816535,1.2134457248606398,-0.18635111957322387,0.047204868393329137,1.7953218213089657,0.3825539978005284,0.0092997648078023201,1.795327849517131,0.38258971364558814,0.0093837178448065162
15.24,7620,0.006662820076013925,0.015000059788808549,0,0.13874975177458562,9.2085824470760012e-05,0.0010057178138348263,6.8727336642270842e-07,2.2230927998283902e-05,2.8295712632550036,1.2134700585308791,-0.18633010221002214,0.047193665617401834,1.7953286856394484,0.38220820630003655,0.0085451915876622927,1.7953343998851314,0.38224429419483114,0.0086297185674618082
15.26,7630,0.0066636455390541929,0.015000077484251867,0,0.13939730617151835,9.2652581979224368e-05,0.00097789848492025786,6.9780688847623021e-07,2.2165253030559974e-05,2.829895708511136,1.2134943923462937,-0.18630908428760329,0.04718246250787074,1.7953353250120623,0.38187388367775837,0.0078156494127508084,1.7953407334839973,0.38191030559428757,0.0079006711357108017
15.280000000000001,7640,0.0066644755094014945,0.015000094768369625,0,0.14002389020707684,9.3131738371397417e-05,0.00095015302616736593,7.0855995258595206e-07,2.1666346224911465e-05,2.8302209631969437,1.2135187263056875,-0.18628806582155755,0.047171259074926759,1.7953417391153033,0.38155105367279446,0.0071111903551003778,1.7953468498757585,0.38158777093934476,0.0071966259633484686
15.300000000000001,7650,0.0066653099886271258,0.015000111651342215,0,0.14062933037916367,9.3521327983479475e-05,0.00092252128978933168,7.1948771617992692e-07,2.2000207897163392e-05,2.8305470300982827,1.2135430604093076,-0.18626704682198708,0.047160055327181712,1.795347927692091,0.38123972870411321,0.0064318416560922012,1.7953527488381615,0.38127670195007346,0.0065176086335457795
15.32,7660,0.0066661489732078461,0.015000128138687317,0,0.14121296023466584,9.3819388076332114e-05,0.00089502358184271702,7.3054745099483861e-07,2.2329078268013787e-05,2.8308739110760803,1.2135673946586036,-0.18624602729431874,0.047148851271923142,1.7953538905964117,0.38093990963969526,0.0057776052561497463,1.7953584303687611,0.38097709875541452,0.0058636194277614795
15.34,7670,0.0066669924543954094,0.015000144231942689,0,0.14177421174516844,9.4023957748916827e-05,0.00086769868766766898,7.4169818110153775e-07,2.1733528855063329e-05,2.8312016070163968,1.213591729056039,-0.18622500723998797,0.047137646915327291,1.7953596278359922,0.38065158556961659,0.0051484573242059966,1.7953638946890129,0.38068894967736616,0.0052346328546548915
15.359999999999999,7680,0.0066678402759158071,0.015000159925792589,0,0.14231312643531613,9.4130338532967225e-05,0.00084032668422329496,7.5269337686655951e-07,2.2361699290911531e-05,2.8315300671830825,1.2136160637512994,-0.1862039866497687,0.04712644246941864,1.7953651499421497,0.38037473635838531,0.0045443490901163081,1.7953691422483673,0.3804122310151713,0.0046305971789988853
15.380000000000001,7690,0.0066686923163883959,0.015000175153988486,0,0.142829774428365,9.4138390163511185e-05,0.00081297095903965736,7.63532765845191e-07,2.2588727439225648e-05,2.8318592566958101,1.2136403987221966,-0.18618296545844534,0.047115237845288392,1.7953704525185874,0.38010932554367627,0.0039652026566428539,1.7953741737283599,0.38014690682950381,0.0040514339505909047
15.4,7700,0.0066695485598760569,0.015000189788245067,0,0.1433242510482603,9.4048795752655113e-05,0.00078586698943898753,7.7428125138398662e-07,2.183391520383078e-05,2.8321891788189633,1.2136647338841926,-0.1861619435402424,0.047104032831342131,1.7953755247264387,0.37985530324782085,0.0034109126768219443,1.7953789900467059,0.37989292872665636,0.0034970375331664916
15.42,7710,0.0066704089796605177,0.015000203775719508,0,0.14379667315417125,9.3859158970059918e-05,0.00075906575290535304,7.8486169701968935e-07,2.1933842111273517e-05,2.8325198314440576,1.213689069258757,-0.18614092084181982,0.047092827425908,1.7953803673295037,0.37961260961271009,0.0028813477879305492,1.7953835923613914,0.37965023564272682,0.002967274633311201
15.44,7720,0.0066712735400687832,0.015000217132560251,0,0.14424718282818855,9.3567068081724063e-05,0.00073259749050677992,7.9523995210499863e-07,2.2394272795856101e-05,2.8328512096827327,1.2137134048472276,-0.18611989737910822,0.047081621650503093,1.7953849832809046,0.37938117172082031,0.0023763485344746589,1.7953879820747674,0.37941875362780514,0.0024619838293720442
15.460000000000001,7730,0.0066721421986352877,0.015000229891137709,0,0.14467595418464929,9.3170303131350307e-05,0.00070647073727825597,8.0540050194129381e-07,2.2000207897163392e-05,2.8331833071060455,1.2137377406437493,-0.18609887318443599,0.047070415526789151,1.7953893755979782,0.37916090337823588,0.0018957267639008381,1.7953921608376402,0.37919839563016156,0.0019809751003723175
15.48,7740,0.0066730149067629283,0.015000242081744827,0,0.14508350188150204,9.2666746772456518e-05,0.00068072481652626171,8.1533280210756718e-07,2.2459278078588273e-05,2.833516116042285,1.2137620766421835,-0.18607784828809865,0.047059209073293119,1.7953935471327431,0.37895170503746906,0.001439265193820612,1.7953961305533666,0.37898906128043175,0.001524029354920603
15.5,7750,0.0066738426593310916,0.015000247612597902,0,0.14547023157321234,9.2125619983029558e-05,0.00064459175251230423,8.2015485088127893e-07,2.2717439178655149e-05,2.833832845740559,1.21378641387874,-0.18605681646684286,0.04704800406007182,1.7953976679163848,0.37875342777024174,0.0010066502627858864,1.7953998933819444,0.37879063667580543,0.001090897960125653
15.52,7760,0.0066746402032099878,0.015000260681894455,0,0.14583635649091053,9.158997600515672e-05,0.00059228019946578822,8.3076105080911319e-07,2.2426798989897964e-05,2.8341385008512576,1.213810749598355,-0.1860357921956643,0.047036797943085615,1.7954018900069126,0.37856591707742165,0.0005975671266518597,1.7954034517441062,0.37860299416421267,0.00068130227050827719
15.540000000000001,7770,0.0066754450193192939,0.01500027847178852,0,0.14618194609503846,9.0911167936559838e-05,0.00054564085265052464,8.4499608343355131e-07,2.2361699290911531e-05,2.8344460151805131,1.2138350841764045,-0.18601477257369897,0.047025591783910324,1.7954058654954173,0.37838910606314941,0.00021184663749242898,1.7954068083254109,0.37842599212851086,0.00029493315691250799
15.56,7780,0.0066762545992018031,0.015000294217229785,0,0.14650721554442656,9.006831498659382e-05,0.00050650872613039,8.5779203686722249e-07,2.2491710265994076e-05,2.8347545739869613,1.2138594191345933,-0.18599375072740387,0.047014385989426984,1.7954095095613103,0.3782228576746624,-0.00015083725975501659,1.7954099660803373,0.37825947477067212,-6.8549464580291986e-05
15.58,7790,0.0066770682611145497,0.015000307375547155,0,0.14681245065589618,8.907684961381272e-05,0.00047231665583803809,8.6877382231463871e-07,2.2556434745889217e-05,2.8350639506761457,1.2138837547284287,-0.18597272612306623,0.047003180088772488,1.7954128512096392,0.37806699603259197,-0.00049087274853714736,1.7954129282363762,0.37810327189596971,-0.0004095171037409584
15.6,7800,0.0066778858021636894,0.015000318840208275,0,0.1470979671473103,8.7945384361413952e-05,0.00044174680787280356,8.7861412447303353e-07,2.2426798989897964e-05,2.8353740802302587,1.2139080908262458,-0.18595169967790226,0.04699197380891422,1.7954159232221236,0.37792133070610595,-0.00080867153125327548,1.7954156982981231,0.37795719869716565,-0.00072837316727858425
15.620000000000001,7810,0.006678677520500804,0.015000321852947448,0,0.14736412876212074,8.6707488571086483e-05,0.00040919189613739697,8.8204376920774631e-07,2.2588727439225648e-05,2.8356748115391794,1.2139324291406448,-0.18593066455185464,0.046980767031435784,1.7954187558572594,0.37778565645136253,-0.0011047043414773071,1.7954182800513705,0.37782105553869733,-0.0010255534299290214
15.640000000000001,7820,0.0066794522285303446,0.015000329454497608,0,0.14761134893113004,8.5394845982560551e-05,0.00037158481158563702,8.8919985999731079e-07,2.2491710265994076e-05,2.8359691162325218,1.2139567666275897,-0.18590963397771723,0.046969559253403674,1.7954215274526539,0.37765972613412924,-0.0013794587534405993,1.7954206775672008,0.37769462774086449,-0.0013015265055428271
15.66,7830,0.0066802325646272307,0.015000342553681082,0,0.14783998566700338,8.393881847113346e-05,0.00033856835035930876,9.0053900484111275e-07,2.2556434745889217e-05,2.8362647902637557,1.2139811026441532,-0.18588860882190528,0.046958352045113685,1.7954241361586543,0.37754333170577692,-0.0016333711518007584,1.7954228952060789,0.37757768536401654,-0.0015567943181721
15.68,7840,0.0066810170046480112,0.015000354480827005,0,0.14805046437541189,8.2324783077118089e-05,0.0003106234569156918,9.1098361800532711e-07,2.2198114802541581e-05,2.8365613600762249,1.2140054389245565,-0.18586758233633632,0.046947144979947515,1.7954264901912977,0.37743624765717371,-0.0018669717751470293,1.795424937621944,0.37746998299273965,-0.0017918925731577329
15.700000000000001,7850,0.0066818050737839779,0.015000364593666854,0,0.14824327073111235,8.0560158366963655e-05,0.00028627782779952092,9.2007437575488762e-07,2.2717439178655149e-05,2.8368586785664687,1.214029775717463,-0.18584655388198967,0.046935937692554282,1.795428599391343,0.37733821212326474,-0.0020808392092972576,1.7954268097663038,0.37737125952004325,-0.0020073912282188577
15.720000000000001,7860,0.0066825965761566474,0.015000373363770848,0,0.14841892544634314,7.8649747319007497e-05,0.00026471939965003031,9.2818754939211506e-07,2.2459278078588273e-05,2.8371566904520042,1.2140541129593181,-0.18582552394386381,0.046924730008679458,1.7954304864772446,0.37724894512945684,-0.002275582330383902,1.795428516892325,0.37728123793154711,-0.0022038949645392381
15.74,7870,0.0066833914039958016,0.015000383813035451,0,0.14857799218520321,7.6601354888824105e-05,0.00024552190686230959,9.3772529777716015e-07,2.2588727439225648e-05,2.8374553605083013,1.2140784496032806,-0.18580449556551037,0.046913522525851542,1.7954322112018133,0.37716814037993979,-0.0024518424583339009,1.7954300645589276,0.3771996250896692,-0.0023820436578543824
15.76,7880,0.0066841894962888409,0.01500039563012291,0,0.14872105618808298,7.4413957459888561e-05,0.0002283042453998955,9.4842441825311161e-07,2.2972699315936647e-05,2.8377546872903854,1.2141027858136926,-0.1857834684343562,0.046902315169740826,1.7954337775595504,0.37709549082334487,-0.0026102950944404853,1.795431458634877,0.37712611151781134,-0.0025425128495411564
15.780000000000001,7890,0.0066849907584990683,0.015000406456210374,0,0.14884873164361484,7.2081905001134379e-05,0.0002127250327894361,9.5838857532400065e-07,2.2459278078588273e-05,2.8380546683691175,1.214127122458365,-0.18576244017843113,0.046891107372232767,1.7954351571098719,0.37703068085110542,-0.0027516516595426943,1.7954327053028756,0.37706037118454716,-0.0026860142177037305
15.800000000000001,7900,0.0066857950430900459,0.015000415901624766,0,0.14896167710418351,6.9604270379967486e-05,0.00019856065949350714,9.6730338841327208e-07,2.2717439178655149e-05,2.8383552741494227,1.2141514596511802,-0.18574141040565995,0.046879899038922271,1.7954363546409822,0.37697336847196411,-0.0028766601310551221,1.7954338110636567,0.37700206128780939,-0.0028132960482606384
15.82,7910,0.0066866021841882946,0.01500042394055554,0,0.14906058865838615,6.6980774550485204e-05,0.0001856049710777294,9.7512961896216766e-07,2.2749503328951236e-05,2.8386564673182608,1.2141757973903162,-0.18572037908937283,0.046868690185761987,1.795437383351334,0.37692319301187777,-0.0029861051515284467,1.7954347827400767,0.37695082203907548,-0.0029251437060355823
15.84,7920,0.006687412003804653,0.015000430635431619,0,0.14914619861335379,6.4210929159838381e-05,0.00017372562992769996,9.8189738237106407e-07,2.2909150924997221e-05,2.8389582070431305,1.2142001356493688,-0.185699346291579,0.046857480855470278,1.7954382571304104,0.37687977670417583,-0.0030808086260126484,1.7954356274812069,0.37690627644755614,-0.0030223801058412991
15.860000000000001,7930,0.006688224314048247,0.015000436058811671,0,0.14921927548745528,6.1293933237531738e-05,0.00016278667275502156,9.8764877802265664e-07,2.3099271619960363e-05,2.8392604502028611,1.2142244744005857,-0.18567831208459326,0.046846271091028888,1.7954389888540119,0.37684272474458297,-0.0031616302944247154,1.7954363527664272,0.37686803010438141,-0.0031058661835697554
15.880000000000001,7940,0.0066890389179473262,0.015000440274485851,0,0.14928062425441069,5.8228718995841345e-05,0.00015270858068092071,9.9242318801925291e-07,2.2781522350186147e-05,2.8395631516918529,1.2142488136200988,-0.18565727653205139,0.046835060929606945,1.795439590372329,0.37681162502896071,-0.0032294682570220105,1.7954369664095182,0.37683567096678805,-0.0031765013672788167
15.9,7950,0.0066898556097140472,0.015000443335989015,0,0.14933108661116032,5.5014013785451871e-05,0.00014338314370426666,9.9625534290950998e-07,2.2524095754713237e-05,2.8398662644550918,1.2142731532880489,-0.18563623968738804,0.046823850402733458,1.7954400728188371,0.37678604785474623,-0.0032852594783154736,1.7954374765627532,0.37680876914230604,-0.003235224048280777
15.92,7960,0.0066906741747976579,0.015000445288530184,0,0.14937154123338928,5.1648393908144307e-05,0.0001349070429362488,9.9917608058288101e-07,2.2491710265994076e-05,2.840169739442032,1.2142974933877961,-0.1856152015957464,0.046812639537607545,1.7954404468975929,0.37676554563738468,-0.0033299802817843109,1.7954378917209917,0.3767868766729468,-0.0032830120522277795
15.94,7970,0.0066914943898545402,0.015000446170724109,0,0.14940290402031906,4.8130328871652921e-05,0.00012701443360776512,1.0012131474920169e-06,2.265317472408141e-05,2.8404735255533198,1.2143218339052364,-0.18559416229569359,0.046801428358202023,1.7954407230992566,0.37674965264456795,-0.0033646468393052969,1.7954382207257717,0.37676952731938879,-0.0033208831102022884
15.960000000000001,7980,0.0066923160226806996,0.015000446015748735,0,0.14942612833542271,4.4458218993040499e-05,0.00011985108896294664,1.0023917143141988e-06,2.2426798989897964e-05,2.8407775695885662,1.2143461748283424,-0.18557312182036934,0.046790216886014625,1.7954409118578134,0.37673788474396125,-0.0033903156565836981,1.7954384727694017,0.37675623634516503,-0.0033498953298035927
15.98,7990,0.0066931388733639493,0.015000446461839522,0,0.14944221340469957,4.0635814309366248e-05,0.00011336236593406588,1.0043123563131671e-06,2.2361699290911531e-05,2.8410818263881166,1.2143705152479916,-0.185552081823677,0.046779005400732016,1.7954410354484724,0.37672973036912216,-0.0034080852307900645,1.7954386573990542,0.37674650030085099,-0.0033711476662336426
16,8000,0.0066939627691797159,0.015000446759702794,0,0.14945218328969301,3.6658221339303291e-05,0.0001076025799394018,1.0062276428795123e-06,2.2813496432377448e-05,2.8413862683663829,1.214394855591084,-0.18553104154860425,0.046767793797607073,1.7954410972056061,0.37672467313417968,-0.0034190933212638812,1.7954387845208573,0.37673979680824993,-0.0033857803933884933
16.02,8010,0.0066947874908172781,0.015000445095406864,0,0.14945709601127002,3.2517602020158429e-05,0.00010235318215764335,1.0064130694274887e-06,2.3225154141253322e-05,2.8416908556803282,1.2144191968136906,-0.18550999916474162,0.046756581758688451,1.7954410909471472,0.37672218231674903,-0.0034245191460994615,1.7954388644039883,0.37673558434458115,-0.0033949755749427823
16.039999999999999,8020,0.0066956127723523124,0.015000441251791416,0,0.14945805743525595,2.8212315889032421e-05,9.7793426364582465e-05,1.0047287391312872e-06,2.2813496432377448e-05,2.8419955281944222,1.2144435389656096,-0.18548895445429983,0.0467453692217603,1.7954410241261176,0.37672169784160559,-0.0034255856124809961,1.7954389076847652,0.37673330202666672,-0.0033999575354385914
16.059999999999999,8030,0.0066964383345282244,0.015000435241684529,0,0.14945621329909289,2.3741722636916183e-05,9.374419084398111e-05,1.00122028987065e-06,2.2909150924997221e-05,2.8423002206635788,1.2144678820213801,-0.18546790743053904,0.046734156189595186,1.7954409095025623,0.37672263880376833,-0.0034235583077621072,1.7954389253707406,0.37673236939511834,-0.0034019933313730322
16.080000000000002,8040,0.006697263887639273,0.015000427141372079,0,0.1494527483117899,1.9105667160944702e-05,9.0241895441566644e-05,9.9598024931842372e-07,2.3067693653563172e-05,2.8426048648039739,1.2144922259439037,-0.18544685817023407,0.046722942688486729,1.7954407613940944,0.37672440463367729,-0.0034197459030370662,1.7954389288447925,0.37673218619852433,-0.0034023932222858877
16.100000000000001,8050,0.0066980892703330189,0.015000414425452909,0,0.14944887851074695,1.4344568233607669e-05,8.7485765184147388e-05,9.871009408112175e-07,2.3130806476445511e-05,2.8429094512909763,1.2145165716070088,-0.18542580413542664,0.046711728034531989,1.79544055004817,0.37672638455010121,-0.0034155012667330927,1.7954389064244689,0.37673228361529082,-0.0034025295217145366
16.120000000000001,8060,0.0066989143759300235,0.015000398956424963,0,0.1494455728403177,9.8495693723712858e-06,8.5283397813877099e-05,9.7604352694127296e-07,2.2909150924997221e-05,2.843214027243548,1.2145409186082685,-0.18540474719508082,0.04670051245240546,1.7954402708866048,0.37672830646561817,-0.0034122636939421767,1.7954386719375321,0.37673331143575434,-0.0034039325684107661
16.140000000000001,8070,0.0066997393147893766,0.015000393974159542,0,0.14944295586615824,6.7327384856893701e-06,8.3704657982656923e-05,9.7324992432247254e-07,2.3225154141253322e-05,2.8435188437628942,1.2145652622486407,-0.18538370066428159,0.046689298608311294,1.7954399091017414,0.37673096443906656,-0.0034116140122135582,1.7954379667843177,0.37673640231541433,-0.0034081518349551973
16.16,8080,0.0067005645377095592,0.015000410760990929,0,0.14944062433791772,7.5597577936171013e-06,8.297871703704468e-05,9.8742212412158932e-07,2.2909150924997221e-05,2.8438243763476909,1.2145895984517445,-0.18536267588789321,0.046678089130600162,1.7954393090950795,0.3767357802350989,-0.0034151560699728334,1.7954365417606402,0.37674264858446582,-0.0034166784283316772
16.18,8090,0.006701390807112931,0.015000440440629479,0,0.14943815074441674,1.1743515809726724e-05,8.2873235574442919e-05,1.0108995611146431e-06,2.2685329707937426e-05,2.8441312685426863,1.2146139304047583,-0.18534166392058385,0.046666884886909565,1.7954380463719271,0.37674415335968597,-0.0034244077495339405,1.795434157354262,0.37675310009064106,-0.0034309454639963382
16.199999999999999,8100,0.006702218881402427,0.015000468357755366,0,0.14943518005238954,1.6970755013688927e-05,8.3311860611082929e-05,1.0325619124340946e-06,2.2717439178655149e-05,2.8444401724657635,1.2146382631001786,-0.18532065003058998,0.046655682408273592,1.7954355887979339,0.37675735335498756,-0.0034408077367158708,1.7954305836213835,0.37676876474058957,-0.00345232880489885
16.219999999999999,8110,0.0067030492868968422,0.015000488551910163,0,0.14943144765313141,2.2456734162315156e-05,8.4303392758419072e-05,1.0484051521480938e-06,2.2909150924997221e-05,2.8447516001059694,1.2146625983759289,-0.18529962824450488,0.046644478072112874,1.7954315611311973,0.37677650366342674,-0.0034657219400086995,1.7954256000631321,0.37679060904125788,-0.0034821478005036665
16.240000000000002,8120,0.0067038823791799387,0.015000505455528938,0,0.14942675426332536,2.8005881685588251e-05,8.6057673106958971e-05,1.0618704452533861e-06,2.2459278078588273e-05,2.8450659224511372,1.2146869347295217,-0.18527860301951543,0.046633272710042625,1.79542583563965,0.37680261228479861,-0.0035004442697811025,1.7954189955020521,0.37681955864126909,-0.0035216660258112834
16.260000000000002,8130,0.0067047185282640229,0.015000524098569962,0,0.14942092700460793,3.3542853207118114e-05,8.8348041478998569e-05,1.0768942713478791e-06,2.3036072399968081e-05,2.8453834979233701,1.2147112705481939,-0.18525757940864807,0.046622067741958595,1.7954183064449261,0.37683662267943713,-0.00354620426675479,1.7954105679585948,0.37685649887230305,-0.0035720920203794579
16.280000000000001,8140,0.0067055581680293694,0.015000544875176739,0,0.14941380151965394,3.9001008780118276e-05,9.1421578131000651e-05,1.0938203561551921e-06,2.3067693653563172e-05,2.8457047202436829,1.2147356057135836,-0.1852365578075168,0.046610863326030247,1.7954087810901069,0.37687943879045016,-0.0036041721849660387,1.7954001245276068,0.3769022752904761,-0.0036345800273444983
16.300000000000001,8150,0.0067064017795226884,0.01500056097882606,0,0.14940521460100797,4.4292771497350782e-05,9.5156510506003852e-05,1.1070952750848599e-06,2.2717439178655149e-05,2.8460300245017849,1.2147599424000024,-0.18521553137859634,0.046599657592200056,1.7953969436276611,0.37693193669306851,-0.0036754620248024071,1.7953874812548216,0.37695769421772057,-0.0037102307324424883
16.32,8160,0.0067072496881905594,0.015000572958748853,0,0.14939504936410142,4.9398518904704636e-05,9.9558939889812583e-05,1.1170727895523906e-06,2.2749503328951236e-05,2.8463597381024113,1.2147842804284414,-0.18519450067414536,0.046588450662760572,1.7953826355346347,0.37699491180385108,-0.0037611289855383513,1.795372463013347,0.37702352328316502,-0.0038000920030305421
16.34,8170,0.0067081021623320554,0.015000585856177405,0,0.1493832227399344,5.4333102292832208e-05,0.00010463517656261609,1.1278727760767079e-06,2.2781522350186147e-05,2.8466941344371306,1.214808618194249,-0.18517347075840507,0.046577243942005103,1.795365787542389,0.37706909623764795,-0.0038621720783081383,1.7953549033801566,0.37710049196451384,-0.0039051596271080517
16.359999999999999,8180,0.0067089595449734835,0.015000599985904771,0,0.14936965575936598,5.9084389141102695e-05,0.00011022611255876783,1.13976943407699e-06,2.265317472408141e-05,2.8470335284540318,1.2148329556005122,-0.18515244194756927,0.046566037526728894,1.795346244323863,0.37715519725786228,-0.0039795384414160629,1.7953346445125782,0.37718929212942709,-0.0040263780523379384
16.379999999999999,8190,0.0067098221687509575,0.015000615142382549,0,0.14935428686768559,6.3640328921340787e-05,0.00011657684358975314,1.1526107985541598e-06,2.2459278078588273e-05,2.8473782246463686,1.2148572927134587,-0.18513141403520769,0.046554831356689454,1.7953238449882669,0.37725388306571889,-0.004114123356320094,1.7953115370247841,0.37729057857690029,-0.0041646411250679007
16.399999999999999,8200,0.0067106903473442125,0.015000631100283577,0,0.14933707466417259,6.7992903860172508e-05,0.00012347586058349886,1.1662242826547848e-06,2.2813496432377448e-05,2.8477285102822161,1.2148816296052318,-0.1851103867950798,0.046543625362297447,1.7952984389274373,0.3773657813710482,-0.004266771132619869,1.7952854398642804,0.37740496957864433,-0.0043207928293516615
16.420000000000002,8210,0.0067115644088532921,0.015000644361259639,0,0.14931798845252231,7.2118198924771732e-05,0.00013090329733361438,1.1776152094641933e-06,2.2459278078588273e-05,2.8480846843716336,1.214905967385105,-0.18508935671241949,0.046532418602786028,1.7952698276244861,0.37749149296435175,-0.0044382773548639542,1.7952562201883968,0.37753304742046523,-0.0044956280259702535
16.440000000000001,8220,0.0067124446115883083,0.0150006526973398,0,0.14929702355712357,7.6005330294964368e-05,0.00013881109750818682,1.1848318927876931e-06,2.2459278078588273e-05,2.8484470039996306,1.2149303067695605,-0.18506832155015565,0.046521210392932118,1.795237851139768,0.37763157410889558,-0.00462938742541947,1.795223753240776,0.3776753589436439,-0.0046898931914531386
16.460000000000001,8230,0.0067133311177020151,0.015000659477726948,0,0.14927421338743982,7.9677312150609644e-05,0.00014707722472489477,1.1907351472441543e-06,2.2940947124789083e-05,2.8488156532221582,1.2149546466905941,-0.18504728469338783,0.046510001642608281,1.7952024630871131,0.37778652396371037,-0.0048407973896832787,1.7951879222278635,0.37783241608631596,-0.0049042871570996426
16.48,8240,0.0067142241170358554,0.015000667191267969,0,0.14924960864472855,8.3149396529203623e-05,0.00015579439162229328,1.1974580426888811e-06,2.2588727439225648e-05,2.8491908224656868,1.214978986354712,-0.18502624864175113,0.046498793086067171,1.7951636020264097,0.37795681158907779,-0.0050731568749266794,1.7951486181953973,0.37800469642485174,-0.005139461848000083
16.5,8250,0.006715123832866975,0.015000675819607449,0,0.1492232733886496,8.6421303270538366e-05,0.00016486013182037324,1.2049915932915612e-06,2.2717439178655149e-05,2.8495727194232638,1.2150033257697201,-0.18500521337677564,0.046487584719387604,1.7951211611658879,0.37814288177056293,-0.0053270695940727452,1.7951057399048971,0.37819264371523598,-0.0053960230220570539
16.52,8260,0.0067160304748108256,0.015000685171909094,0,0.14919529343815582,8.9492152238748927e-05,0.00017423258999975464,1.2131791807500601e-06,2.2491710265994076e-05,2.8499615392157445,1.2150276649971852,-0.18498417870681605,0.046476376482792812,1.7950750373384345,0.3783451462352373,-0.0056030937096190067,1.7950591937101545,0.37839666843444741,-0.0056745310090066618
16.539999999999999,8270,0.0067169442353899713,0.015000695092350519,0,0.14916577787813468,9.2362321606794602e-05,0.00018384107911527137,1.2218926204047429e-06,2.2749503328951236e-05,2.8503574616333509,1.2150520040875712,-0.18496314447542797,0.046465168325585296,1.7950251376750341,0.37856398302453281,-0.0059017425568291884,1.7950088934337223,0.37861714832183901,-0.0059755014494397903
16.559999999999999,8280,0.0067178652086093346,0.015000712466185144,0,0.1491348797124688,9.5070891515726473e-05,0.00019362788220526802,1.2372216621190314e-06,2.2426798989897964e-05,2.8507605852577802,1.2150763408454601,-0.18494211759979173,0.046453962138550742,1.7949715043049013,0.37879971221656328,-0.0062234837503582861,1.7949547602434039,0.37885442892051757,-0.0062994060338233343
16.580000000000002,8290,0.0067187936322110255,0.015000735667346526,0,0.14910274803603898,9.7606963528336328e-05,0.00020368899285667404,1.2578386831769154e-06,2.2909150924997221e-05,2.851171097711497,1.2151006757947453,-0.18492109644605648,0.046442757491861712,1.7949140201262177,0.37905265544526612,-0.006568743833895844,1.7948967225287435,0.37910882411872343,-0.0066466732415215272
16.600000000000001,8300,0.006719729774338371,0.015000758437670516,0,0.14906954299290268,9.9936193978861484e-05,0.0002139209905142351,1.2782414074108788e-06,2.2394272795856101e-05,2.8515892127735469,1.2151250109288712,-0.18490007472737047,0.046431552634534808,1.7948524969402198,0.37932311860170687,-0.006937907861329788,1.7948347157775153,0.37938061669121048,-0.0070176890798169262
16.620000000000001,8310,0.0067206737716046594,0.015000780166320515,0,0.14903546739909887,0.00010205913187764362,0.00022422248163174761,1.2978637708238596e-06,2.2813496432377448e-05,2.8520150580041204,1.2151493464415557,-0.18487905183034173,0.046420347378265961,1.7947868691276703,0.37961135371427268,-0.0073313176451260901,1.7947686824522131,0.37967005884062588,-0.007412797822932039
16.640000000000001,8320,0.0067216257331413681,0.015000800882473376,0,0.149000750672481,0.00010398182823164549,0.00023463402313505028,1.3167048182252768e-06,2.2198114802541581e-05,2.8524487387048736,1.2151736823252652,-0.18485802778445315,0.046409141725635386,1.7947170958821814,0.37991757916141666,-0.0077492737829737536,1.79469857186654,0.37997737273888993,-0.0078323027510503306
16.66,8330,0.0067225857523615347,0.015000820656713321,0,0.14896564557963535,0.00010570998519085162,0.0002450850903140133,1.3348042040026482e-06,2.265317472408141e-05,2.852890347143064,1.2151980185595479,-0.1848370026607089,0.046397935694594418,1.7946431417834336,0.3802419840796275,-0.008192036626454369,1.7946243400618984,0.38030275106857581,-0.0082764668893375234
16.68,8340,0.0067235537327159445,0.015000850675688192,0,0.14893046019340681,0.00010730838471296484,0.00025557083424007084,1.3624983949709037e-06,2.2296409518597789e-05,2.8533398424241407,1.2152223515578475,-0.18481598769860821,0.046386732308522659,1.7945651738809456,0.38058468937490941,-0.0086598250423663408,1.7945459496838789,0.38064635756428949,-0.0087455137469628595
16.699999999999999,8350,0.0067245298262197497,0.015000888870556249,0,0.14889548263643068,0.00010876333180427975,0.00026611180921232212,1.398056048864582e-06,2.2556434745889217e-05,2.8537973369730851,1.2152466819934864,-0.18479498081904294,0.046375531046139354,1.7944831048312997,0.38094584018127614,-0.0091528218268073103,1.7944633698587507,0.38100832755404945,-0.0092396280561203373
16.719999999999999,8360,0.0067255142898105143,0.01500092529609622,0,0.14886100194960486,0.00011001981324716333,0.00027662793154327502,1.4322788932523405e-06,2.2165253030559974e-05,2.8542630134112774,1.2152710130499531,-0.18477397203013599,0.046364329182219673,1.794396717942303,0.38132558060226218,-0.0096711729489195319,1.7943765760699504,0.38138876850066655,-0.0097589565110499706
16.740000000000002,8370,0.0067265071857467778,0.015000958655820615,0,0.14882735821736393,0.00011107571633407379,0.00028708892641778717,1.4638766125066845e-06,2.2033315828455735e-05,2.8547369299985683,1.2152953451375339,-0.18475296002967853,0.046353126333307237,1.7943059784443729,0.38172399197967022,-0.010214985343342243,1.7942855500345722,0.38178776054312397,-0.010303608507059126
16.760000000000002,8380,0.0067275085354281889,0.015000988996047267,0,0.1487949184653351,0.0001119394667947637,0.00029749080834903704,1.4928136989809612e-06,2.1867274910380131e-05,2.855219114398484,1.2153196782420745,-0.18473194486439223,0.046341922506797639,1.7942108920112587,0.3821411221378469,-0.010784329115069352,1.7941902795798577,0.38220535703795661,-0.010873656879543388
16.780000000000001,8390,0.0067285183425831816,0.015001016565047832,0,0.14876407034084596,0.0001126196209809459,0.00030777089326930256,1.5192620210806507e-06,2.2263692832568247e-05,2.8557095808560788,1.215344012285986,-0.18471092678377737,0.046330717772933357,1.7941114703444478,0.38257699272290524,-0.011379238564673901,1.7940907585196846,0.3826415851006314,-0.0114691386430084
16.800000000000001,8400,0.006729536598175925,0.01500104158308609,0,0.14873522052489824,0.00011312337203089073,0.00031792036112315603,1.5433826241645334e-06,2.1565179853261896e-05,2.8562083333216952,1.2153683472000762,-0.18468990600916121,0.046319512193782164,1.7940077263498149,0.38303160063122454,-0.011999712958875482,1.7939869865310576,0.38309644614692695,-0.012090055730090692
16.82,8410,0.0067305629799963556,0.015001080872406465,0,0.14870884245072402,0.00011354530536622585,0.00032803578998062243,1.581557009338071e-06,2.1933842111273517e-05,2.8567151727550568,1.2153926775015662,-0.18466889944642409,0.04630831004556954,1.7938999653468362,0.38350485868291112,-0.012645716036902193,1.7938789690305965,0.38356991643431315,-0.012736375730579074
16.84,8420,0.0067315975433703797,0.01500113226758654,0,0.14868536491296611,0.00011386849687035546,0.00033807280328808787,1.63185950181138e-06,2.1900583802360337e-05,2.8572301297347025,1.2154170039271954,-0.18464790491792621,0.04629711088770283,1.7937881324435303,0.38399673136078227,-0.013317179687438755,1.7937667170510272,0.38406194760333134,-0.013408032630435846
16.859999999999999,8430,0.0067326405579367374,0.015001180931472347,0,0.14866519815914625,0.00011400923460812652,0.00034795858923710539,1.6798107610683176e-06,2.1666346224911465e-05,2.8577533687308345,1.2154413313026884,-0.1846269075130495,0.046285910902281402,1.7936719603888855,0.38450720256525206,-0.014014003602357435,1.793650247117671,0.38457246721897381,-0.014104927550818071
16.879999999999999,8440,0.0067336920259268808,0.015001224077559305,0,0.14864880884770709,0.00011395705229337959,0.00035769345934385496,1.7225775475690594e-06,2.2132342465963256e-05,2.8582848868304365,1.2154656605105822,-0.18460590443258074,0.046274709287448167,1.793551428033211,0.38503618241709242,-0.014736054368104655,1.7935295811249334,0.38510137931206379,-0.014826929487098805
16.899999999999999,8450,0.0067347518850363287,0.015001261471562463,0,0.14863668749786885,0.00011372090431888314,0.00036720406518964512,1.7598240611915463e-06,2.1767042412140833e-05,2.8588246352733382,1.2154899916224011,-0.18458489544142409,0.04626350596626326,1.7934265824395201,0.38558354578392467,-0.015483166979196753,1.7934047462127947,0.38564856492063532,-0.015573876047888374
16.920000000000002,8460,0.0067358200478659872,0.01500129352527679,0,0.14862933807322914,0.00011331243367404951,0.00037652095391797855,1.7918766582362728e-06,2.2198114802541581e-05,2.859372547866863,1.2155143245063598,-0.18456388095340287,0.046252301053930814,1.7932974837422568,0.38614914375435916,-0.016255145766786803,1.793275774643299,0.38621388263131301,-0.016345574194055718
16.940000000000001,8470,0.0067368964139263802,0.015001320729219466,0,0.14862727450552168,0.00011274195619954842,0.00038563359349837412,1.819164620296774e-06,2.1666346224911465e-05,2.8599285487501693,1.215538659005529,-0.18454286146136628,0.04624109468868097,1.7931641923206769,0.38673280653807413,-0.017051765180194155,1.7931427036770442,0.3867971691206914,-0.017141800977749137
16.960000000000001,8480,0.006737980391133872,0.015001367986034783,0,0.14863109370631072,0.00011214271265754196,0.00039471313961145503,1.867047137342688e-06,2.1699963539503996e-05,2.8604922661547416,1.2155629866512794,-0.18452186201015511,0.046229891696215303,1.7930271607333854,0.38733425316553938,-0.017872773351806225,1.7930055754496717,0.38739823969671572,-0.017962304281418328
16.98,8490,0.0067390724549236279,0.015001407748234961,0,0.14863974955736517,0.00011136542594123792,0.00040348731904760632,1.9073941720267944e-06,2.0982692419620152e-05,2.861063956796007,1.2155873169362286,-0.18450085488883072,0.046218687246543322,1.7928859626508307,0.3879533901889331,-0.018717883259783109,1.7928644368483555,0.38801688884006097,-0.018806803556835103
17,8500,0.0067401723641785788,0.015001445773215593,0,0.1486502799047672,0.00011044498473358004,0.00041208355945962044,1.946137286906655e-06,2.1395506250453509e-05,2.8616434545419622,1.2156116477719159,-0.18447984589392735,0.046207481917078318,1.7927407444184347,0.38858996370409887,-0.019586785650439954,1.7927193393882919,0.38865289074551196,-0.019674990564114772
17.02,8510,0.0067412796856850974,0.015001497635119491,0,0.14866761130909098,0.00010946494614963492,0.00042057863860799711,1.9992408966655472e-06,2.084327099243578e-05,2.8622304718275311,1.2156359739071116,-0.18445885068666654,0.046196278910918723,1.7925918171972908,0.38924366924601966,-0.020479144989280534,1.7925703390891898,0.38930599986334308,-0.020566530110737388
17.039999999999999,8520,0.0067423946555000662,0.01500154582314658,0,0.1486926945427888,0.00010833552278557308,0.00042883920766828131,2.0486914894882886e-06,2.1632676668865267e-05,2.8628251108676244,1.2156603013641298,-0.18443785165243184,0.046185075130261696,1.7924389526168285,0.38991430925062598,-0.021394594296540316,1.7924174963517598,0.3899759514406983,-0.021481060790569013
17.059999999999999,8530,0.0067435172052287091,0.015001586307698571,0,0.14872606132309515,0.00010703770025751885,0.00043682350551972702,2.090340305689454e-06,2.084327099243578e-05,2.8634272993355139,1.2156846314249077,-0.18441684474259576,0.046173869445113272,1.7922821428042464,0.39060161166924101,-0.022332743895257193,1.7922608758342038,0.39066246206297062,-0.022418195722882932
17.080000000000002,8540,0.0067446471907558463,0.015001618236090062,0,0.14876825442548458,0.00010557685243653502,0.00044453002090694203,2.1232670199385218e-06,2.1395506250453509e-05,2.864036911786767,1.2157089643467485,-0.18439582910108648,0.046162661567219418,1.7921214625509441,0.39130527051988467,-0.023293179822423352,1.7921005463287047,0.39136523019518243,-0.023377523291381111
17.100000000000001,8550,0.0067457844344518134,0.015001641942941048,0,0.14881981544747738,0.00010396506484987785,0.00045198747803718199,2.1477734593047387e-06,2.122447627911835e-05,2.8646537997391706,1.2157333000142205,-0.18437480506445514,0.046151451563594452,1.7919570122147674,0.39202495872730508,-0.024275464144079422,1.7919365806379157,0.39208393672336456,-0.024358607883214731
17.120000000000001,8560,0.0067469287423193892,0.015001658136999663,0,0.14888127976089016,0.00010221481057797446,0.00045918578744872621,2.1645597875643653e-06,2.1052056881276945e-05,2.8652778032907129,1.2157576381946305,-0.18435377334500624,0.046140239614258949,1.7917888971801943,0.39276033232478574,-0.025279135647038913,1.7917690554514512,0.3928182454959368,-0.025360990628006494
17.140000000000001,8570,0.0067480791437511461,0.015001703990932475,0,0.14895330590840355,0.00010049554855900693,0.00046646679301777316,2.2126415229955977e-06,2.1293053117836167e-05,2.8659083520061568,1.2157819656256883,-0.18433277140043164,0.046129024537288482,1.7916176559113526,0.39351087492302705,-0.026303728301159443,1.7915980512223741,0.39356780386508761,-0.026384190136871169
17.16,8580,0.0067492355230634798,0.015001777976552709,0,0.14903527736704683,9.8796342800365101e-05,0.00047374514093762645,2.29024130287592e-06,2.1086653546985296e-05,2.8665453051455549,1.2158062832080523,-0.18431179766063518,0.046117809812828661,1.7914433741690026,0.39427625123882426,-0.027348730763606041,1.7914236520436879,0.39433224322815347,-0.027427703241436983
17.18,8590,0.0067503983668080227,0.015001849152141351,0,0.14912476082651002,9.697015577790036e-05,0.00048070716587993574,2.3648294136156063e-06,2.0808269673042189e-05,2.8671888522832156,1.2158306020588769,-0.18429082094077254,0.04610659701108407,1.7912657306935775,0.39505622498086812,-0.028413599328400804,1.7912459455248251,0.39511117956899916,-0.028491005732866941
17.199999999999999,8600,0.0067515676479949875,0.015001908793184946,0,0.14922603375903776,9.4971697583401955e-05,0.00048738138031319164,2.4273915154834708e-06,2.1052056881276945e-05,2.8678389269372921,1.2158549250007316,-0.18426983247480111,0.046095383529435846,1.7910846523710209,0.39585042144815163,-0.029497785960660865,1.7910650226681362,0.39590421399939751,-0.029573553100880029
17.219999999999999,8610,0.0067527432187583945,0.015001953492352662,0,0.14933957719387331,9.2795140225757203e-05,0.00049372778445646985,2.4744067607029123e-06,2.0597012732861101e-05,2.8684953810983052,1.215879253073689,-0.18424882884263627,0.046084168008906572,1.7909001956505164,0.39665842336816459,-0.030600725096882719,1.7908809777453809,0.39671093330040896,-0.030674781272772466
17.240000000000002,8620,0.0067539248692410096,0.015001982544315087,0,0.14946585367674806,9.0452186990345673e-05,0.00049980116350473939,2.5051380510651758e-06,2.0947924057011411e-05,2.8691580245933892,1.2159035864681704,-0.18422780933775609,0.046072950010751054,1.7907124782056794,0.39747979223538576,-0.031721832330540253,1.7906939081742161,0.39753091046376182,-0.031794107352439142
17.260000000000002,8630,0.0067551123543469404,0.015001996652756424,0,0.14960530635525096,8.7961473435104427e-05,0.00050560558949607176,2.5203144489842351e-06,2.0561592220437957e-05,2.8698266443108849,1.2159279249347414,-0.18420677466866614,0.046061729562806325,1.790521642400116,0.39831407444827976,-0.032860505052738805,1.7905039143946873,0.39836370523323128,-0.032930930359394074
17.280000000000001,8640,0.0067563048197466953,0.01500201700487557,0,0.1497584597617333,8.5423576466900228e-05,0.0005087000907157285,2.5468922366963868e-06,2.0773209379101241e-05,2.8705007096130459,1.2159522510162331,-0.18418574622818773,0.046050529247988983,1.790328035703151,0.39916068903026264,-0.034016152256866765,1.7903110997457161,0.39920886464602029,-0.034084631967792926
17.300000000000001,8650,0.0067575020977396275,0.015002044147552821,0,0.14992565759626411,8.2844010722318129e-05,0.00051020530165212679,2.583938773912827e-06,2.0913097891518843e-05,2.8711800355785675,1.2159765682825661,-0.18416472453687818,0.046039342163472434,1.7901318077079054,0.40001919369397881,-0.035188125786868758,1.7901155703415919,0.40006592357413862,-0.035254577245453285
17.32,8660,0.0067587044567957444,0.015002061911540103,0,0.15010103084189724,8.0156150984418391e-05,0.00051234386709617975,2.6100994010576474e-06,2.0526110585337575e-05,2.8718646678701059,1.2160008914772564,-0.18414369325283511,0.046028148810124105,1.7899329048465207,0.40088921702096608,-0.036375743711796908,1.7899174349484599,0.40093440526578294,-0.036440115392876379
17.34,8670,0.0067599117369645211,0.015002065778000017,0,0.15028800405266046,7.7343722016320315e-05,0.00051494230527006151,2.6206345473929136e-06,2.0383566426149207e-05,2.8725544381886605,1.2160252218597991,-0.18412264783086724,0.046016949093819148,1.7897313646734929,0.40177028085937522,-0.03757833707194954,1.7897168048608114,0.40181382188671666,-0.037640580482267975
17.359999999999999,8680,0.0067611237024698366,0.015002054307662979,0,0.1504898459948415,7.4410497809268255e-05,0.00051779664773763995,2.6141916445773411e-06,2.0419295754930057e-05,2.8732491320045419,1.2160495594476266,-0.18410158682965228,0.046005743320647018,1.7895272823589412,0.40266187768767525,-0.038795225900714748,1.7895137937779741,0.40270367506164961,-0.038855292196559969
17.379999999999999,8690,0.00676234008576983,0.015002027549376427,0,0.15070684491720437,7.1369137270966255e-05,0.00052077673028517438,2.590932189455773e-06,2.013168567464644e-05,2.8739485124017685,1.2160739039383677,-0.18408051030244291,0.045994531820828619,1.7893207857597249,0.40356348738061387,-0.040025716061602358,1.7893085176806003,0.4036034564156179,-0.040083556568431412
17.400000000000002,8700,0.0067635605998979378,0.015001986398184119,0,0.15093925579600467,6.8236019808246693e-05,0.00052378717472514771,2.551891985559847e-06,2.0597012732861101e-05,2.8746523285787249,1.2160982548440287,-0.18405941915168092,0.045983315031926791,1.7891120190415262,0.40447458043922691,-0.041269099954520674,1.7891010947071573,0.40451264811536403,-0.041324666719330112
17.420000000000002,8710,0.0067647849459174089,0.015001932197914071,0,0.15118729860590521,6.5028279757253863e-05,0.00052678179910230953,2.4985845777639432e-06,2.0597012732861101e-05,2.8753603211075673,1.2161226115708805,-0.18403831473015134,0.045972093471255665,1.7889011326762958,0.40539461922765285,-0.04252465747460369,1.7888916450304175,0.40543072341071595,-0.042577903598492874
17.440000000000001,8720,0.0067660128183455702,0.015001866474923919,0,0.15145115684477395,6.1762155338288994e-05,0.00052971271093161935,2.4327273828323395e-06,2.0702910668595484e-05,2.8760722254557036,1.2161469734857671,-0.18401719857371271,0.045960867685830506,1.788688277776334,0.40632305893299642,-0.043791656837170061,1.788680290733947,0.40635714717596771,-0.043842536721968167
17.460000000000001,8730,0.0067672439088974461,0.015001790767525846,0,0.15173097631509294,5.8452306613221156e-05,0.00053252758114625805,2.356062779046699e-06,2.0490567510038361e-05,2.8767877742268109,1.216171339964381,-0.18399607223000705,0.045949638212701038,1.7884736032630355,0.4072593483094003,-0.045069355343231851,1.7884671556885956,0.40729137645125896,-0.045117824911636469
17.48,8740,0.0067684779088357386,0.015001706526710472,0,0.15202561370264858,5.5111812317686879e-05,0.00053523232630230588,2.2702534721995278e-06,2.0773209379101241e-05,2.8775066984366426,1.2161957104211167,-0.18397493715873647,0.045938405554456462,1.7882572548112887,0.40820293021342513,-0.046357000137626732,1.7882523654289872,0.40823286098395467,-0.046403017034231761
17.5,8750,0.0067697145102859216,0.015001615067191382,0,0.15232842962664242,5.1752594943835518e-05,0.00053776897051091533,2.1768319588160148e-06,2.0276000680978352e-05,2.8782287281388244,1.2162200843240345,-0.18395379468249135,0.04592717016716618,1.7880393748293415,0.40915324199902559,-0.047653828972553443,1.7880360470300083,0.40918104377002501,-0.0476973527403627
17.52,8760,0.0067709534068558178,0.015001517551486668,0,0.15264686980263975,4.8386095849218645e-05,0.00054011424063708606,2.0771865272202376e-06,2.0773209379101241e-05,2.8789535926559759,1.2162444611994285,-0.18393264597076645,0.045915932456879215,1.7878201029686356,0.41010971584589778,-0.048959070975261663,1.7878183289832978,0.41013536159542524,-0.049000063203533936
17.539999999999999,8770,0.0067721942938317884,0.015001414993858694,0,0.15298144327601151,4.5024106240500265e-05,0.0005422638985848185,1.9725701958730025e-06,2.0383566426149207e-05,2.8796810205925345,1.2162688406299722,-0.18391149204393917,0.045904692781337915,1.7875995768349222,0.41107177907474857,-0.050271947416306098,1.7875993410737374,0.41109524557747529,-0.050310371859167334
17.559999999999999,8780,0.0067734368681491583,0.015001308274708492,0,0.1533321061507554,4.1679740769347439e-05,0.00054422160175018658,1.8641230236925668e-06,2.0773209379101241e-05,2.8804107397617642,1.2162932222494536,-0.18389033378774769,0.045893451454433798,1.7873779327029113,0.41203885448096317,-0.051591672475639672,1.7873792142559406,0.41206012170623996,-0.05162749514362322
17.580000000000002,8790,0.0067746808282695631,0.015001198159155942,0,0.15369877402357171,3.836861669236564e-05,0.00054595336710992499,1.7529018137538518e-06,2.0203972031729294e-05,2.8811424771055472,1.2163176057361214,-0.18386917197198185,0.045882208751733565,1.78715530612955,0.4130103607015661,-0.052917454004984522,1.7871580805307421,0.4130294113859086,-0.052950643233221913
17.600000000000001,8800,0.0067759258740471605,0.015001085315973151,0,0.15408132199145771,3.5110379962778777e-05,0.00054745734434122773,1.6399141889729151e-06,2.0738089811501742e-05,2.881875958638338,1.2163419908059232,-0.18384800726952144,0.045870964916057695,1.7869318324230048,0.41398571261958866,-0.054248494285853023,1.7869360728216881,0.41400253197617437,-0.054279020783263965
17.620000000000001,8810,0.0067771717066288173,0.015000970334749951,0,0.15447958478338367,3.1930809531079996e-05,0.00054874071991288032,1.5261563875006824e-06,2.0913097891518843e-05,2.8826109094486054,1.216366377206344,-0.18382684027360274,0.045859720162546379,1.7867076469624328,0.41496432180372061,-0.055583990783228364,1.7867133248515257,0.41497889733361498,-0.055611827667052839
17.640000000000001,8820,0.0067784180284084072,0.015000853740373764,0,0.15489335701967349,2.8864832565174151e-05,0.00054976924097390704,1.4126561687040644e-06,2.084327099243578e-05,2.8833470537541346,1.2163907647111343,-0.18380567151238072,0.045848474682977501,1.7864828853844432,0.41594559697806638,-0.056923136895322676,1.7864899710186919,0.41595791835307194,-0.056948259714915267
17.66,8830,0.0067796645430395078,0.015000736004634906,0,0.15532239360237135,2.5960852837708656e-05,0.00055058140707191965,1.3005239276109117e-06,2.0667671646167049e-05,2.8840841150085468,1.2164151531160223,-0.18378450146060121,0.045837228649292149,1.7862576836610722,0.41692894451576901,-0.058265122699988403,1.7862661462738043,0.41693900350903057,-0.058287509453222648
17.68,8840,0.0067809109555019564,0.015000617555176579,0,0.15576641023868901,2.3286644574586574e-05,0.00055114378871260361,1.1910166069093199e-06,2.0913097891518843e-05,2.8848218160508639,1.216439542235326,-0.183763330548605,0.04582598221639065,1.7860321780958965,0.41791376895046484,-0.05960913569849019,1.7860419859961496,0.41792155939699965,-0.059628766843412409
17.699999999999999,8850,0.0067821569722134271,0.015000498782225632,0,0.15622165234897056,2.0936130339337167e-05,0.00055146904638473878,1.0856196899574377e-06,2.0808269673042189e-05,2.885559879287932,1.2164639318993271,-0.18374215916910028,0.04581473552430966,1.7858065052623899,0.41889947350032064,-0.060954361557262859,1.7858176258701741,0.41890499127489134,-0.06097122002100909
17.719999999999999,8860,0.0067834023011760581,0.015000380043552718,0,0.15668012797796224,1.9033439717572015e-05,0.00055155892117180318,9.8615056725632076e-07,2.0597012732861101e-05,2.8862980269050906,1.2164883219522644,-0.1837209876821515,0.045803488699915219,1.7855808019044686,0.41988546060044157,-0.062299984848247079,1.7855932017619731,0.41988870360440106,-0.062314056034645807
17.740000000000002,8870,0.0067846466521486581,0.015000261668124458,0,0.15715137218652961,1.7724863362866952e-05,0.00055138576696463031,8.9487719687621034e-07,2.0982692419620152e-05,2.8870359810888817,1.2165127122507751,-0.18369981641885633,0.045792241858224114,1.7853552048143762,0.42087113244049856,-0.063645189788263459,1.7853688495957798,0.42087210059238733,-0.063656461585085589
17.760000000000002,8880,0.0067858897368364346,0.015000143958816109,0,0.15763618244301211,1.7145795391130586e-05,0.00055096256603346912,8.1461902363284074e-07,2.0667671646167049e-05,2.8877734642678252,1.216537102662709,-0.18367864568407719,0.045780995103455457,1.7851298506987356,0.42185589150530911,-0.064989160977808019,1.7851447052304563,0.42185458673225107,-0.064997623764241633
17.780000000000001,8890,0.0067871312690918556,0.01500002719448626,0,0.15813410283144316,1.7365564384190099e-05,0.00055031125974503239,7.4874033977384277e-07,2.1017403266208992e-05,2.8885101993525666,1.2165614930661537,-0.18365747575852592,0.045769748529888389,1.784904876039938,0.42283914111688414,-0.066331084139518964,1.7849209043359819,0.42283556734531624,-0.066336730794200174
17.800000000000001,8900,0.0067883703239962614,0.014999938586237969,0,0.15864474448512036,1.79453631733984e-05,0.00055149415993206762,7.1060892397990414e-07,2.0808269673042189e-05,2.8892455670650756,1.2165858728516532,-0.18363633404062216,0.045758508112122294,1.7846808022748408,0.42382016768458702,-0.067670186035521593,1.7846975822699438,0.42381444912220917,-0.067672972766240583
17.82,8910,0.006789607201064151,0.014999854580830928,0,0.15916746763813017,1.9148813758965666e-05,0.00055146904638473878,6.8477381900565627e-07,2.0702910668595484e-05,2.8899796063041032,1.2166102518681274,-0.18361519679920543,0.045747268897869765,1.7844574186184481,0.42479851363436877,-0.069005610714266558,1.7844748739540253,0.42479064066423849,-0.069005542379857079
17.84,8920,0.0067908414670392395,0.014999780381396453,0,0.15970175564452085,2.0824364438193767e-05,0.0005513170189188004,6.7153344059269851e-07,2.0808269673042189e-05,2.890711975011695,1.216634626697225,-0.18359406929418384,0.045736033150900371,1.784234880995212,0.42577354705824877,-0.070336567095432789,1.784252913750497,0.42576355302477475,-0.070333635681779583
17.859999999999999,8930,0.0067920724996845946,0.014999730473989233,0,0.16024707870141178,2.267441105027739e-05,0.00055226947371787242,6.6767003432998383e-07,2.0490567510038361e-05,2.8914422212661846,1.2166589914797787,-0.18357296611546717,0.045724804237220661,1.7840135106432311,0.42674461852420437,-0.071662274793706182,1.7840318353387057,0.42673260025063064,-0.071656452804995441
17.879999999999999,8940,0.0067933004584940296,0.014999687332011492,0,0.16080274472797726,2.4856046270632735e-05,0.00055237769327573245,6.6713087366193328e-07,2.0203972031729294e-05,2.8921703054985817,1.2166833538392126,-0.18355186960258779,0.045713577699682782,1.7837931985683924,0.42771123928706367,-0.072981902851354169,1.783811771591564,0.42769719992344041,-0.072973198707770401
17.900000000000002,8950,0.0067945251906255336,0.014999645725106632,0,0.16136810408589336,2.7357430709291206e-05,0.0005516778505824133,6.692535587826797e-07,2.063237243740307e-05,2.892896028308293,1.2167077155566135,-0.18353077449554911,0.045702352223594124,1.7835739798832955,0.42867284601547251,-0.074294653717271245,1.7835928544520399,0.42865677370103999,-0.074283083912670064
17.920000000000002,8960,0.0067957464794789106,0.014999603445290799,0,0.16194249719456161,3.0111558808871382e-05,0.00055032715443516114,6.7426901118040359e-07,2.0773209379101241e-05,2.893619148125707,1.2167320773389867,-0.18350967857542921,0.045691127199105799,1.7833559609623963,0.42962886304341269,-0.07559974174404932,1.7833752148096462,0.42961074785884629,-0.075585325245580426
17.940000000000001,8970,0.0067969640817240069,0.01499955976931306,0,0.16252524504068527,3.3046337296955349e-05,0.00054842048986237428,6.8251342771085835e-07,2.0490567510038361e-05,2.8943394060739958,1.2167564394267607,-0.18348858111569116,0.045679902380655092,1.7831392789106419,0.43057871612522935,-0.076896389420374855,1.7831589823769314,0.43055855383123781,-0.076879146574730245
17.960000000000001,8980,0.0067981777426779537,0.014999514712888892,0,0.16311564860712671,3.6101233993174201e-05,0.00054602012051074551,6.9418088410530786e-07,2.0561592220437957e-05,2.8950565371868127,1.216780801829082,-0.18346748213247346,0.045668677708686753,1.7829240808692612,0.43152183597827382,-0.078183827204675843,1.782944285565967,0.43149962875293396,-0.078163779549711612
17.98,8990,0.0067993872048974129,0.0149994686113189,0,0.16371299001863707,3.9229915365400035e-05,0.00054319867957088811,7.0925882783425881e-07,2.0597012732861101e-05,2.8957702763151238,1.2168051644527378,-0.18344638196312968,0.045657453204933189,1.7827105141832793,0.43245765982373507,-0.079461293983279876,1.7827312513648392,0.43243341600037477,-0.079438464340501211
18,9000,0.0068005922128734526,0.014999421900008914,0,0.1643165341913721,4.2398250094959651e-05,0.00053997251574202992,7.2754359372408365e-07,2.0490567510038361e-05,2.8964803611452004,1.2168295271706833,-0.18342528104564307,0.045646228917931318,1.7824987222030149,0.43338563234040955,-0.080728037685624074,1.7825200052141381,0.43335936573310108,-0.080702450376481757
18.02,9010,0.0068017925154398246,0.014999375009666263,0,0.16492554464361472,4.5581403771248894e-05,0.00053637373790827456,7.486897643877152e-07,2.0702910668595484e-05,2.8971865336423095,1.2168538898554802,-0.18340417981328205,0.045635004897669085,1.7822888428839689,0.43430520631700154,-0.081983315984576782,1.7823106708834464,0.43427693543513407,-0.081954997085463208
18.039999999999999,9020,0.0068029872574297476,0.014999355612724918,0,0.16553948976618474,4.8550246227369055e-05,0.00053088521334233309,7.6007424132727308e-07,2.0667671646167049e-05,2.8978882210391381,1.2168782428536702,-0.18338310615543527,0.04562378075957059,1.7820813747651048,0.43521574812841463,-0.083226420333940357,1.78210337034783,0.43518559045635519,-0.083195374632703753
18.059999999999999,9030,0.0068041768054650257,0.014999336589164041,0,0.16615755710330107,5.1532027283686799e-05,0.00052569166716661092,7.6994745411543101e-07,2.0773209379101241e-05,2.8985854971367537,1.2169025958308484,-0.18336203271871712,0.045612559161490318,1.7818760726031462,0.43611684139250018,-0.084456606641144197,1.7818982236643266,0.43608480455388599,-0.084422864659931526
18.080000000000002,9040,0.0068053607961990068,0.014999323675404129,0,0.16677618834482918,5.4487045596126188e-05,0.000520103040450791,7.7736841912766773e-07,2.1327258847706145e-05,2.8992780653070453,1.2169269466617505,-0.18334096530657867,0.045601337406299229,1.7816730872420024,0.43700793803949567,-0.085673169358941509,1.7816953488484368,0.43697406043346798,-0.08563676102436571
18.100000000000001,9050,0.0068065392817486655,0.014999304514539827,0,0.16738802364843558,5.7491067626260171e-05,0.00051479506644248657,7.8736779474550444e-07,2.1052056881276945e-05,2.8999658330809037,1.2169512996692042,-0.18331989145742861,0.045590116678835717,1.7814723778304955,0.43788857589738256,-0.086875401003149069,1.7814948617506126,0.43785285029084198,-0.086836370537736976
18.120000000000001,9060,0.0068077118053468744,0.01499928973105388,0,0.1679943757182204,6.0453508985313043e-05,0.00050897800238963102,7.9612629225507261e-07,2.0702910668595484e-05,2.9006484455487973,1.2169756510804683,-0.18329882189456392,0.045578894972843773,1.7812741985958656,0.43875820547833855,-0.088062630167216466,1.781296875932747,0.43872067635312878,-0.088021013705310236
18.140000000000001,9070,0.0068088777772326633,0.014999296248060293,0,0.16860149904326202,6.326453715061588e-05,0.00050190563553162426,7.9486370881511523e-07,2.0561592220437957e-05,2.9013254806245885,1.2169999950438002,-0.18327777367508374,0.04556767192467151,1.7810788846522501,0.43961628124244184,-0.089234205252717039,1.7811015025446644,0.43957705142020831,-0.089190025464904718
18.16,9080,0.0068100374070775875,0.014999305143614566,0,0.16920912868870744,6.6045628798940537e-05,0.00049490305987145446,7.9158640212122321e-07,2.1155677147440178e-05,2.9019969328379744,1.2170243382582877,-0.18325672770854121,0.045556450117723156,1.7808863114842459,0.44046240325093161,-0.090389456106066371,1.7809088502006094,0.4404214994060997,-0.090342755925915744
18.18,9090,0.006811190573559194,0.014999312685675939,0,0.16981645404792531,6.8817839737714615e-05,0.00048800763595041179,7.8877711767339953e-07,2.1121193543184415e-05,2.9026626363414922,1.217048681959978,-0.18323568024186063,0.045545228671153438,1.7806965118983493,0.44129611660984874,-0.091527740673308419,1.7807190248557367,0.44125355588034099,-0.09147857110833571
18.199999999999999,9100,0.0068123371035999783,0.014999317844896866,0,0.17042267735992242,7.1573503822349523e-05,0.00048108307840755008,7.8719665997837177e-07,2.1531352099333316e-05,2.9033223920232869,1.2170730264716281,-0.18321463024170515,0.04553400715084148,1.7805095807228726,0.4421169652210773,-0.092648438276162412,1.7805321296826013,0.44207276860936906,-0.092596853681775421
18.219999999999999,9110,0.0068134768102888132,0.014999320581739712,0,0.1710270073166468,7.4298913058925504e-05,0.00047412042365654753,7.8689843292989613e-07,2.0982692419620152e-05,2.9039759934026117,1.2170973717991225,-0.18319357766929853,0.045522785445768238,1.7803256312194211,0.44292450373230968,-0.093750947070014634,1.7803482649476472,0.44287869809789943,-0.093697003704485596
18.240000000000002,9120,0.0068146095059617049,0.014999321215483929,0,0.17162865896106672,7.698090849020197e-05,0.00046707739381136474,7.8769433587962771e-07,2.1190104635059971e-05,2.9046232362811275,1.2171217178349862,-0.1831725228462992,0.04551156357006076,1.7801447776033841,0.44371830032014942,-0.094834683588048196,1.7801675278876976,0.44367091813030596,-0.094778439362377745
18.260000000000002,9130,0.0068157350079221697,0.014999320149998992,0,0.17222685509749838,7.96084052971882e-05,0.00045993761805609919,7.8934903808543356e-07,2.1190104635059971e-05,2.9052639226348402,1.2171460644451244,-0.18315146617929165,0.045500341571428377,1.7799671290013261,0.4444979376665677,-0.095899083097617605,1.7799900125864441,0.44444901631200057,-0.095840597708045261
18.280000000000001,9140,0.0068168526560106364,0.014999337787986535,0,0.17282088892208744,8.2073274191528598e-05,0.00045349768679680554,7.7967042426308875e-07,2.1293053117836167e-05,2.9058976034086306,1.2171704028242867,-0.18313042822946526,0.045489124244921783,1.7797930722721915,0.44526293894877444,-0.096943635255506935,1.7798158098509367,0.44521259461081358,-0.096882935399785458
18.300000000000001,9150,0.0068179627976561142,0.014999353185146625,0,0.1734099266419106,8.4486590801067848e-05,0.00044655218402873801,7.7128209467833806e-07,2.1017403266208992e-05,2.9065243779079046,1.2171947426613154,-0.18310938787780107,0.045477906524500768,1.7796223878477588,0.44601301177993363,-0.097967771557749703,1.7796450070880736,0.44596126989837293,-0.097904929440620125
18.32,9160,0.0068190651620101969,0.014999370559348225,0,0.17399324420189374,8.6825116738906163e-05,0.00043950190871969429,7.6199264450107406e-07,2.0702910668595484e-05,2.9071440193444285,1.2172190814702026,-0.18308834938802868,0.045466689438055291,1.7794552001753225,0.4467477622853202,-0.098970997688103482,1.7794776881810903,0.44669467449148437,-0.098906077917317092
18.34,9170,0.0068201593334231841,0.014999400920609095,0,0.17457014605120838,8.9036583411912292e-05,0.00043281019029179052,7.4627989249387904e-07,2.1293053117836167e-05,2.9077562229401472,1.2172434144488815,-0.183067323857351,0.045455475597130403,1.779291741881847,0.44746679629764968,-0.099952850411827235,1.7793139333660493,0.44741245669351104,-0.099885900739411129
18.359999999999999,9180,0.0068212455069582749,0.01499943039360775,0,0.17513987350634053,9.1182116925562178e-05,0.00042571383412911884,7.320146790798294e-07,2.1052056881276945e-05,2.9083610128015716,1.2172677480172422,-0.18304629729438499,0.045444261604113606,1.779131897462795,0.44816983491685386,-0.10091284189875319,1.7791538191083298,0.44811428133575354,-0.10084394037822568
18.379999999999999,9190,0.006822323600400808,0.014999456697564053,0,0.17570172974725468,9.3266766618351263e-05,0.00041827067153132468,7.2024952684874605e-07,2.1733528855063329e-05,2.9089582704326902,1.217292082906354,-0.18302526740577288,0.045433046919369634,1.7789756981134448,0.44885656335764457,-0.10185053194598807,1.7789974179791179,0.44879983031882942,-0.10177976260589378
18.400000000000002,9200,0.0068233934960363766,0.014999479575453466,0,0.17625504561013647,9.5281770534152039e-05,0.00041048669786944436,7.1083417762625839e-07,2.1258792350482307e-05,2.9095478559978569,1.2173164191430899,-0.18300423393444412,0.045421831467262384,1.7788232197173555,0.44952667529591428,-0.10276550918649401,1.7788447985318954,0.44946880315405346,-0.10269295723437956
18.420000000000002,9210,0.0068244550732214802,0.014999499347755822,0,0.17679917386773247,9.721681044988167e-05,0.0004024634995962141,7.0335053755295862e-07,2.1497471115166028e-05,2.9101296310479836,1.2173407565926466,-0.18298319720358047,0.045410615303485474,1.7786745444110497,0.45017988214997917,-0.10365738746031877,1.7786960251789292,0.4501209175048167,-0.10358313885449875
18.440000000000001,9220,0.0068255082176152133,0.014999516455810718,0,0.17733348960595025,9.9062839477334633e-05,0.00039420496114389564,6.973885677655359e-07,2.1632676668865267e-05,2.9107034652212107,1.2173650950924952,-0.1829621576576454,0.045399398510983305,1.7785297487562344,0.45081591491735717,-0.10452580576363228,1.7785511580677624,0.45075590972796725,-0.10444994757494123
18.460000000000001,9230,0.0068265528241759016,0.014999531316056126,0,0.17785739163878123,0.00010081233752886325,0.00038575076887144391,6.9261327463023203e-07,2.1361409804484527e-05,2.9112692381804841,1.2173894344923035,-0.18294111571595034,0.045388181166946297,1.7783889012122833,0.45143452470676276,-0.10537042893600201,1.7784102529577026,0.45137353541518932,-0.10529304976129103
18.48,9240,0.006827588798182585,0.01499954428694928,0,0.17837030400515885,0.00010245900974898054,0.00037710322759372669,6.8875230649298278e-07,2.1733528855063329e-05,2.9118268400760612,1.2174137746851494,-0.18292007173954403,0.04537696333519789,1.7782520622774594,0.4520354831015424,-0.10619094847449335,1.7782733610963115,0.45197356993438348,-0.10611213877504845
18.5,9250,0.0068286160548756405,0.014999555675736189,0,0.17887167739904053,0.00010399745482111087,0.00036831601149339493,6.8560987115991375e-07,2.1463536648682345e-05,2.9123761714516703,1.2174381155509864,-0.18289902603777985,0.045365745070130303,1.7781192851378758,0.45261858253183912,-0.10698708335717243,1.7781405290958952,0.45255580897104641,-0.10690693571265093
18.52,9260,0.0068296345196700217,0.014999565745811842,0,0.17936099050892224,0.00010542290317375354,0.00035936467669368024,6.8304379429078472e-07,2.183391520383078e-05,2.9129171432838139,1.2174624569729735,-0.18287797887580837,0.045354526417788261,1.7779906162576882,0.45318363668064182,-0.1077585808492722,1.7780117988099935,0.45312006906965041,-0.1076771901444942
18.539999999999999,9270,0.0068306441285090995,0.01499957472240223,0,0.17983775127316129,0.00010673102714183249,0.00035029699080540543,6.8093570587426976e-07,2.2033315828455735e-05,2.9134496770975087,1.217486798868568,-0.18285693048047408,0.045343307416051644,1.7778660958105805,0.45373048092045781,-0.10850521729353831,1.7778872072098699,0.45366618817502358,-0.10842268085395358
18.559999999999999,9280,0.0068316445464021462,0.014999587450326037,0,0.18030151443121573,0.00010787952914786981,0.00034099253422509057,6.7838604779937044e-07,2.2033315828455735e-05,2.9139735877540089,1.2175111392912321,-0.18283588573497939,0.045332088783411627,1.7777458301257956,0.45425893023235903,-0.10922680064414481,1.7777667862610005,0.45419402617372945,-0.10914321657640551
18.580000000000002,9290,0.0068326356337527856,0.014999603713008298,0,0.18075184471300709,0.00010887885764623845,0.00033139617529912116,6.755737216836187e-07,2.206637408534863e-05,2.9144887948296159,1.2175354784167662,-0.18281484441920201,0.045320870557802109,1.7776298355184925,0.45476888134345267,-0.10992316924348504,1.7776505627995636,0.45470346543544693,-0.10983863673824867
18.600000000000001,9300,0.0068336174725155191,0.014999619613023868,0,0.18118832896150855,0.00010976203222543629,0.00032159059191832519,6.7323153478453823e-07,2.2394272795856101e-05,2.914995316695145,1.2175598178154847,-0.18279380260448735,0.045309652164429719,1.7775180644833093,0.45526027801564528,-0.11059418950942576,1.7775385584089309,0.45519441135434979,-0.1105088121959247
18.620000000000001,9310,0.0068345900610218627,0.014999634368855902,0,0.18161060199566512,0.0001105266825845607,0.00031166831254697026,6.7148717144908278e-07,2.1967050066869309e-05,2.9154931296951831,1.2175841577328339,-0.18277275950484401,0.045298433424866412,1.7774105178041264,0.45573304707456375,-0.11123975983716033,1.7774307892961547,0.45566679289048706,-0.11115364597494044
18.640000000000001,9320,0.0068355533911079996,0.014999647908627395,0,0.18201833540827866,0.00011116607736933872,0.00030163715384614307,6.7028446889133367e-07,2.2263692832568247e-05,2.9159822101525941,1.2176084981753887,-0.18275171504838139,0.045287214309451651,1.7773072080970813,0.45618713579477316,-0.11185981297548998,1.7773272661684594,0.45612056311116222,-0.11177307400888836
18.66,9330,0.0068365074618928134,0.014999660370656573,0,0.18241123613437052,0.0001116739667048079,0.00029152838457838622,6.695299776733947e-07,2.2033315828455735e-05,2.9164625435089828,1.2176328390870799,-0.18273066937455176,0.04527599483883455,1.7772081460816782,0.45662251711916885,-0.11245431590675393,1.7772279941097304,0.45655569973231358,-0.11236706587846822
18.68,9340,0.0068374522835099915,0.014999671933359084,0,0.1827890469555723,0.00011204487349110827,0.00028137509145510721,6.6914044594525123e-07,2.1900583802360337e-05,2.9169341268703262,1.2176571804016869,-0.18270962266308804,0.045264775043950344,1.777113336391742,0.45703919006743021,-0.11302327010403895,1.7771329724570037,0.45697220565989355,-0.11293562555050803
18.699999999999999,9350,0.0068383876220273606,0.014999693751908291,0,0.18315156728319701,0.00011224077637393982,0.00027093831048315923,6.6963075820574048e-07,2.2394272795856101e-05,2.9173968329939126,1.2176815181990026,-0.18268858615771166,0.045253555322996707,1.7770229385799077,0.45743715167070703,-0.11356672701417916,1.7770421946769557,0.45737010953124907,-0.11347879211698583
18.719999999999999,9360,0.0068393137825416561,0.014999713665591954,0,0.18349858907011474,0.00011229920931245008,0.00026060662634278675,6.7050379964784859e-07,2.206637408534863e-05,2.9178508354779416,1.2177058568041359,-0.18266754759618564,0.045242335728365175,1.776936750460302,0.45781649015987386,-0.11408474151373191,1.7769556482423927,0.45774946625650076,-0.11399664053405015
18.740000000000002,9370,0.0068402307576950925,0.014999734021882446,0,0.18382997156895692,0.00011220833411118083,0.00025025910053758018,6.7227496396107537e-07,2.1933842111273517e-05,2.9182961424509908,1.2177301953233775,-0.18264650935036397,0.045231115806534453,1.7768547818881151,0.4581772765329114,-0.11457742487785964,1.7768733145087408,0.45811035755992324,-0.11448928236104193
18.760000000000002,9380,0.0068411384646235116,0.014999760882660867,0,0.18414561892601447,0.000111947444692565,0.00023981466777694835,6.760197070818744e-07,2.2296409518597789e-05,2.9187327269398473,1.2177545316309921,-0.18262547753072467,0.045219895754300861,1.7767770962918632,0.45851960218828319,-0.11504493149101712,1.7767951685905345,0.45845289252132465,-0.11495686649951534
18.780000000000001,9390,0.0068420371455436124,0.014999786501951185,0,0.18444544901439233,0.00011153631531979897,0.00022950477394740313,6.8062462295284467e-07,2.2588727439225648e-05,2.9191607432639155,1.2177788684731723,-0.1826044443263298,0.045208675619744718,1.7767035494159202,0.45884362359211833,-0.11548743506149622,1.7767211792379083,0.45877720811742656,-0.1153995799322592
18.800000000000001,9400,0.0068429269082622025,0.014999809931498605,0,0.18472943243756043,0.00011097328294853252,0.00021931183302608445,6.8581899033680478e-07,2.2329078268013787e-05,2.9195802786172367,1.2178032061531836,-0.18258340878361884,0.045197455172358111,1.7766340870509933,0.4591495056982281,-0.11590515697147087,1.7766513087130842,0.45908346976324427,-0.11581764846231882
18.82,9410,0.0068438076858019182,0.014999837830223243,0,0.18499759805458701,0.00011023820223286695,0.0002094409601348823,6.9266528594559086e-07,2.2329078268013787e-05,2.919991328508643,1.2178275420797162,-0.18256237760805027,0.04518623590684958,1.7765687814557487,0.45943742400722648,-0.11629837447255005,1.7765855126668626,0.45937187185346545,-0.11621133745201576
18.84,9420,0.0068446796022048392,0.014999869115027152,0,0.18524999470282374,0.00010933074788966753,0.00019970274777392135,7.0145920298815912e-07,2.2329078268013787e-05,2.9203940060680749,1.2178518767414876,-0.18254134970845876,0.045175017525332692,1.7765075596608426,0.45970760385294135,-0.11666738684914123,1.7765237400151113,0.45964263830383123,-0.11658095256197071
18.859999999999999,9430,0.0068455429113374478,0.014999898098019255,0,0.1854867021667545,0.00010826005697687447,0.00019001403362449941,7.1097889281702779e-07,2.2588727439225648e-05,2.9207885013622894,1.2178762123419893,-0.18252031935802218,0.045163798669422411,1.7764502655983083,0.45996031072564159,-0.11701252525234407,1.7764659328152559,0.45989602309251526,-0.11692684049012365
18.879999999999999,9440,0.0068463977655473822,0.01499992428021475,0,0.18570785535905154,0.00010702258336650714,0.00018047167421768041,7.2074096370795943e-07,2.2491710265994076e-05,2.9211749497876629,1.2179005490268318,-0.18249928605518037,0.045152579215064798,1.776396830264485,0.46019582723614039,-0.11733417521166632,1.7764120261427687,0.46013231080150374,-0.11724938971075563
18.900000000000002,9450,0.0068472443155774528,0.014999947917281979,0,0.18591363262752389,0.00010561263417021237,0.00017110441838062793,7.3048557125115332e-07,2.2198114802541581e-05,2.9215534904204925,1.2179248866927357,-0.18247825005753607,0.045141359208259894,1.7763471958059251,0.4604144650761558,-0.11763276675296708,1.7763619479676582,0.46035181715797518,-0.11754903121350976
18.920000000000002,9460,0.0068480827245419066,0.014999969362194322,0,0.18610425361586477,0.00010402483874599715,0.00016187962605986104,7.4006790580304754e-07,2.2685329707937426e-05,2.9219242764038769,1.2179492252119466,-0.18245721172045481,0.045130138716339349,1.7763012964690417,0.4606165679044763,-0.11790877296311567,1.7763156190309592,0.46055488957568008,-0.11782623924241223
18.940000000000001,9470,0.0068489131708746815,0.014999988932773867,0,0.18627997922809592,0.00010225441517179728,0.00015279447658009932,7.4940771252966156e-07,2.2685329707937426e-05,2.9222874769189713,1.2179735644711238,-0.18243617136388413,0.045118917798787732,1.7762590558081071,0.46080251210383733,-0.11816271052353322,1.7762729527212229,0.46074190769632151,-0.1180815320348947
18.960000000000001,9480,0.0068497358488501343,0.015000006900231466,0,0.1864411118664,0.00010029702938319826,0.00014389062438645989,7.5846534135982116e-07,2.2524095754713237e-05,2.9226432773738078,1.21799790437329,-0.18241512926084819,0.045107696505310123,1.776220387205808,0.4609727071984242,-0.11839514055453322,1.7762338549510048,0.460913283930934,-0.11831547256081432
18.98,9490,0.0068505509686591047,0.015000023499858042,0,0.18658799561067652,9.8148653248727555e-05,0.00013520928344967564,7.6722949338180824e-07,2.2556434745889217e-05,2.9229918793740204,1.2180222448338351,-0.18239408564821125,0.045096474878714266,1.7761851945792744,0.46112759628031519,-0.11860666945117443,1.7761982240333565,0.46106946400126358,-0.11852866926147512
19,9500,0.0068513588871608163,0.015000034036401618,0,0.18672100499228325,9.5814020533123773e-05,0.00012675591779158987,7.7332385777342749e-07,2.2781522350186147e-05,2.9233335705841261,1.2180465877124118,-0.18237303579755146,0.045085251787577413,1.7761532929795629,0.46126766738340641,-0.11879793908721381,1.7761659505583134,0.46121092748114767,-0.11872177678864972
19.02,9510,0.0068521598414129524,0.015000039618177589,0,0.18684057159421891,9.3286954944981788e-05,0.00011848704990755264,7.7710166804092393e-07,2.2972699315936647e-05,2.923668576254733,1.2180709325163193,-0.18235198082572901,0.045074027505080175,1.7761245913717403,0.46139342855007981,-0.11896965230420081,1.7761369172693857,0.46133818833789531,-0.11889549674360046
19.039999999999999,9520,0.0068529539901469854,0.015000044916624046,0,0.18694717623673804,9.0555194561488776e-05,0.000110490317426193,7.807633798474276e-07,2.2459278078588273e-05,2.9239970877205499,1.2180952774177602,-0.18233092543690393,0.04506280313964884,1.7760990479688763,0.46150541552657293,-0.11912256666150509,1.776110998940047,0.46145179547366622,-0.11905057841610052
19.059999999999999,9530,0.0068537415936535707,0.015000050806934522,0,0.18704133110285628,8.7613901180007777e-05,0.00010286466709719444,7.8470783164762626e-07,2.265317472408141e-05,2.9243193637507461,1.218119622134485,-0.18230987051152592,0.045051578871887515,1.7760765431424064,0.46160420947102387,-0.11925747844446111,1.7760880622502251,0.4615523332668513,-0.11918781952345535
19.080000000000002,9540,0.0068545230982666999,0.015000051315405742,0,0.187123576764163,8.4474415538054085e-05,9.5447158831710706e-05,7.8530605990436054e-07,2.2909150924997221e-05,2.9246357700425927,1.2181439687735469,-0.18228881002480213,0.045040354794513494,1.7760568441210791,0.4616904461210769,-0.11937522226838684,1.77606796566279,0.46164042211345202,-0.11930806694952367
19.100000000000001,9550,0.0068552988068564039,0.015000047584495796,0,0.18719451029072756,8.1129590040126e-05,8.849642870184128e-05,7.8341056259178558e-07,2.2717439178655149e-05,2.9249466015379681,1.2181683169064415,-0.18226774513165669,0.045029130612488956,1.7760398170083342,0.46176477542805289,-0.11947669376030831,1.7760505593000455,0.46171671896846028,-0.11941221748373861
19.120000000000001,9560,0.0068560689259372712,0.015000045288645314,0,0.18725477859650624,7.7562356481721719e-05,8.171287329148453e-05,7.8241978865918075e-07,2.265317472408141e-05,2.9252521103447977,1.2181926645466206,-0.18224668155436316,0.045017906289360803,1.7760253886010167,0.46182787354696125,-0.11956284634893231,1.7760356848202168,0.46178191788723877,-0.11950121856013009
19.140000000000001,9570,0.0068568337809816063,0.015000045447287608,0,0.18730506017679791,7.3768105217189496e-05,7.5325870412757008e-05,7.827617634784231e-07,2.2524095754713237e-05,2.9255526224655992,1.2182170113623387,-0.18222562031811759,0.045006682085772041,1.7760134064610384,0.46188046934759269,-0.1196346776259623,1.7760231752939417,0.46183675056689955,-0.1195760689963439
19.16,9580,0.0068575937338133152,0.015000048196731284,0,0.18734607259588199,6.9744905109781817e-05,6.9224144142115629e-05,7.8446617785312681e-07,2.3099271619960363e-05,2.9258484941708343,1.2182413573133843,-0.18220456155942805,0.044995458086189412,1.7760036889145074,0.46192333243251604,-0.11969323524590515,1.7760128550807592,0.46188198688768523,-0.11963781973266509
19.18,9590,0.0068583493416072873,0.015000047318990338,0,0.1873785577515846,6.5501666665998307e-05,6.3639075757524052e-05,7.8422131308081654e-07,2.262097403300073e-05,2.9261401906944648,1.218265705672575,-0.18218349900243602,0.044984232046300907,1.7759959595454058,0.46195728926646562,-0.11973960562398712,1.7760045397056001,0.46191843545434802,-0.11968757457103801
19.199999999999999,9600,0.0068591009917851739,0.015000043789502492,0,0.18740332167109058,6.1033553147467117e-05,5.8294674240239108e-05,7.8266754996750894e-07,2.265317472408141e-05,2.9264280949519059,1.218290055590517,-0.18216243363642867,0.044973004621983517,1.7759900354454285,0.46198318013551309,-0.11977494751758426,1.7759980357352756,0.46194694413753007,-0.11972649091408853
19.219999999999999,9610,0.006859848963849796,0.015000043294406264,0,0.18742122232486397,5.6327072985408161e-05,5.3345482751475153e-05,7.8279237514032257e-07,2.2588727439225648e-05,2.9267125415006183,1.2183144040454736,-0.18214137120060034,0.044961777940756946,1.7759857954126341,0.46200187310785251,-0.11980048373442871,1.7759931406549672,0.46196840061514222,-0.11975578050414351
19.240000000000002,9620,0.0068605938664584093,0.0150000389078172,0,0.18743312594771994,5.1394317230915659e-05,4.8866889017766239e-05,7.7886135002265226e-07,2.2588727439225648e-05,2.9269940357712443,1.2183387532327903,-0.18212030469057799,0.044950555329111221,1.7759829656959403,0.46201431979523444,-0.11981746841962652,1.775989642744717,0.46198373291374517,-0.11977671016225423
19.260000000000002,9630,0.0068613361275857397,0.015000032847420667,0,0.18743996098374147,4.6226315558408852e-05,4.4853597979796782e-05,7.7311303473336209e-07,2.2877310533063834e-05,2.9272730139884424,1.2183631025691888,-0.18209923635287648,0.044939334851784314,1.7759813359961745,0.46202147685204753,-0.11982722381084346,1.7759873209559165,0.46199390994992828,-0.11979060252721577
19.280000000000001,9640,0.0068620763124335373,0.015000024964721954,0,0.18744267715629356,4.0816060935328828e-05,4.1300059168711002e-05,7.6809662649685665e-07,2.2588727439225648e-05,2.9275499893765837,1.2183874556389829,-0.18207816603259258,0.044928106839974072,1.7759806740727742,0.4620243617667712,-0.11983111447860825,1.7759859447877968,0.46199994207169021,-0.11979883679459007
19.300000000000001,9650,0.0068628148292709306,0.015000018476667982,0,0.18744229628750411,3.5155660762495356e-05,3.7913702717811554e-05,7.650075990495146e-07,2.265317472408141e-05,2.9278254026453672,1.2184118094116041,-0.18205709698568717,0.044916875328474978,1.7759807697554617,0.46202400677498628,-0.11983058675484072,1.7759852741639173,0.46200288159981784,-0.11980284945572535
19.32,9660,0.0068635519469898215,0.015000021971020829,0,0.18743989681911874,2.9229184391703869e-05,3.5201989238641046e-05,7.6719138452939053e-07,2.2459278078588273e-05,2.92809963654727,1.218436157467351,-0.18203603789441,0.044905647467675475,1.7759814587063445,0.4620214689988737,-0.11982715704014409,1.775985059308657,0.46200382336926676,-0.11980413503677848
19.34,9670,0.0068642882809288935,0.015000033032018422,0,0.18743655536208575,2.3046290223618293e-05,3.3132578154813813e-05,7.7166503698843374e-07,2.2361699290911531e-05,2.9283732494320622,1.218460500694813,-0.18201498630016644,0.044894426074894751,1.7759824634296864,0.46201790399855197,-0.11982237115405575,1.7759850419053402,0.46200391015912579,-0.11980424229820416
19.359999999999999,9680,0.0068650242831341853,0.015000059335707961,0,0.18743339617443397,1.6708424703406395e-05,3.0830569058971685e-05,7.8359841758870355e-07,2.2749503328951236e-05,2.9286467540410075,1.218484838091711,-0.18199394992445242,0.04488320857624583,1.7759835025633934,0.46201449301502229,-0.11981783462123538,1.7759850877157366,0.46200482445806479,-0.119804300303577
19.379999999999999,9690,0.0068657608481401547,0.015000105096222053,0,0.18743059253738401,1.0693997567544929e-05,2.9128574751183651e-05,8.1311676561805044e-07,2.3004407680670755e-05,2.9289207944401037,1.2185091650602824,-0.18197293314100416,0.044871988356793124,1.7759845726268817,0.4620132120122275,-0.11981443507570996,1.7759853039085323,0.46200913930489701,-0.11980457404806968
19.400000000000002,9700,0.006866499718950073,0.015000158941284689,0,0.18742725650451589,7.4560039638454942e-06,2.769176357445497e-05,8.533590757351825e-07,2.3067693653563172e-05,2.9291963147742521,1.2185334872195996,-0.18195192444890695,0.044860764902032405,1.775985794285204,0.46201691248234278,-0.11981224893164162,1.7759858188477795,0.46201941663154122,-0.11980522606694261
19.420000000000002,9710,0.0068672424868221104,0.0150002179575792,0,0.18742237654495431,1.0811062474161475e-05,2.7187027258974601e-05,9.0030750783914231e-07,2.2813496432377448e-05,2.9294741897062209,1.2185578074860923,-0.18193092085188925,0.044849540075437469,1.7759872646750459,0.4620284306853778,-0.11981121473142521,1.7759867551047919,0.46203810275654017,-0.1198064115606593
19.440000000000001,9720,0.0068679908069859772,0.015000270933783937,0,0.18741503176053326,1.7398784514754309e-05,2.680903629165514e-05,9.4293032250088498e-07,2.2845425764212974e-05,2.9297552977537649,1.2185821311019793,-0.18190991098631792,0.044838317395327398,1.7759890840401358,0.46205041699280092,-0.11981129992333509,1.7759882295442557,0.46206753010368412,-0.11980827850392015
19.460000000000001,9730,0.0068687459904839309,0.015000316502627746,0,0.1874044462305286,2.472003701943338e-05,2.6120450894569068e-05,9.7974588250144807e-07,2.2813496432377448e-05,2.9300403653921068,1.2186064585350533,-0.18188889347817386,0.044827096250298556,1.7759913862317251,0.46208527024982599,-0.11981253508925649,1.7759903534103394,0.46210991892063402,-0.11981096775469605
19.48,9740,0.0068695090472750174,0.015000362343325269,0,0.18738995361475086,3.2215893966976796e-05,2.6120450894569068e-05,1.0186975102034748e-06,2.2588727439225648e-05,2.9303299852970075,1.2186307853176213,-0.18186787613151831,0.04481587425794796,1.7759943279426869,0.46213518395640918,-0.11981499126988435,1.7759932324128052,0.46216737899754523,-0.11981461316326217
19.5,9750,0.006870281112429895,0.015000408530981543,0,0.18737091920243301,3.9671557218857698e-05,2.6287356432399194e-05,1.0595633348880037e-06,2.2845425764212974e-05,2.9306247864177579,1.2186551115311064,-0.18184685901936049,0.044804651525536726,1.7759980472569306,0.46220225918862706,-0.11981873475343767,1.7759969668131188,0.46224191138569093,-0.11981934168123161
19.52,9760,0.006871063256259859,0.015000454821631041,0,0.1873467641093233,4.6975464811705377e-05,2.6287356432399194e-05,1.1018478896563685e-06,2.2781522350186147e-05,2.9309253644630839,1.2186794374028265,-0.18182584189184003,0.044793428183008674,1.776002664567252,0.46228846751373615,-0.11982383816744853,1.7760016515105612,0.46233541011608531,-0.11982527347058908
19.539999999999999,9770,0.0068718568717096437,0.015000484018780409,0,0.1873169118399472,5.3986087034225971e-05,2.6890481652835544e-05,1.1269233969311178e-06,2.2717439178655149e-05,2.9312324476763685,1.2187037732381527,-0.18180480729612944,0.044782205665493062,1.7760082090274996,0.46239572808169438,-0.11983034728913675,1.7760073761283379,0.46244966391810738,-0.11983252201272464
19.559999999999999,9780,0.0068726627649886712,0.015000499277741088,0,0.18728090796694397,6.0687390628585356e-05,2.8213311528866332e-05,1.1379293634526767e-06,2.2845425764212974e-05,2.9315465104481224,1.2187281169164494,-0.18178375844133257,0.044770983467922881,1.7760147882854438,0.46252573973818434,-0.11983835238017686,1.7760142250996904,0.46258635793812403,-0.11984119421746736
19.580000000000002,9790,0.0068734814452700186,0.015000514425861762,0,0.18723837695789788,6.711801253433478e-05,2.9674008194930117e-05,1.1495212728209973e-06,2.2909150924997221e-05,2.9318678891509591,1.2187524602168389,-0.18176270935928932,0.044759760505240109,1.7760225620311012,0.46268004561786519,-0.11984796309731537,1.7760222777540062,0.46274707545811383,-0.11985139053211906
19.600000000000001,9800,0.0068743137077031851,0.015000530120947755,0,0.1871889429452103,7.3258509109264683e-05,3.0783246592000122e-05,1.162128899745203e-06,2.2972699315936647e-05,2.9321970324853002,1.2187768029920054,-0.18174166070998371,0.0447485369822112,1.7760316255311033,0.46286014742163345,-0.11985925972755354,1.7760316084029302,0.46293329961429014,-0.11986320505048792
19.620000000000001,9810,0.0068751603089938253,0.015000546195944035,0,0.18713227183325773,7.9091219933700191e-05,3.2533145336364595e-05,1.1754827593806187e-06,2.2781522350186147e-05,2.9325343695547086,1.2188011454180514,-0.18172061232144932,0.044737312993991134,1.7760420504256116,0.46306744720874743,-0.11987231710269261,1.7760422864264744,0.46314641511572485,-0.11987672562192232
19.640000000000001,9820,0.0068760219485964743,0.015000562478028993,0,0.18706806445670951,8.4605444132220442e-05,3.4001207188974163e-05,1.1893755510469071e-06,2.2972699315936647e-05,2.9328802989284024,1.218825487609561,-0.1816995640179089,0.044726088567069895,1.7760538992784021,0.46330324366133052,-0.1198872072163194,1.776054376359129,0.46338770996297152,-0.11989203396034438
19.66,9830,0.0068768993459466373,0.01500057476679471,0,0.18699585484407719,8.9786730698337365e-05,3.6282868779838532e-05,1.1995167945868937e-06,2.2845425764212974e-05,2.9332352265792019,1.2188498318572487,-0.18167851154507009,0.044714863497645772,1.7760671941362709,0.46356874500115652,-0.11990399244205854,1.776067937975973,0.46365837716668912,-0.11990920575328377
19.68,9840,0.0068777930527764344,0.015000583869404291,0,0.18691528236302585,9.4635959130935703e-05,3.8637384631224192e-05,1.2067385943387298e-06,2.3162298399097643e-05,2.9335994738621358,1.2188741776559961,-0.18165745572230396,0.04470363778594328,1.7760819973839372,0.46386505026019303,-0.1199227392504236,1.7760830263787841,0.46395951646626532,-0.11992831077091137
19.699999999999999,9850,0.0068787034461829629,0.015000597397916749,0,0.18682608496321351,9.9169899894352705e-05,4.0641777875119189e-05,1.2188110466922967e-06,2.3193747562800386e-05,2.93397327053879,1.2188985208395662,-0.18163640425978128,0.044692411824599217,1.7760984271737943,0.46419314948752782,-0.11994351977469192,1.7760996920821506,0.46429213604843977,-0.11994941297507293
19.719999999999999,9860,0.0068796310497759219,0.015000614609204699,0,0.18672800845773582,0.00010338678900218657,4.241459484110813e-05,1.2348585954507813e-06,2.2940947124789083e-05,2.9343569112848269,1.2189228619714114,-0.18161535640011239,0.044681185700273768,1.776116524278585,0.46455396281561606,-0.11996638755503493,1.7761179810995809,0.46465715426592802,-0.11997257062832284
19.740000000000002,9870,0.0068805763909135136,0.015000631768886717,0,0.18662081783155898,0.00010728022444391414,4.4527385665137327e-05,1.2510317915557779e-06,2.2909150924997221e-05,2.9347506919188175,1.2189472031197739,-0.18159430835989179,0.044669959249641879,1.7761362926812712,0.46494832779949707,-0.11999138638458848,1.7761379350296143,0.4650554013560444,-0.11999783640295776
19.760000000000002,9880,0.0068815398684218083,0.015000648456670122,0,0.18650430983021782,0.0001108530353758186,4.6653866988223742e-05,1.266960202861021e-06,2.3067693653563172e-05,2.935154843696147,1.2189715444322591,-0.18157325971580188,0.044658732400944812,1.7761577602864271,0.46537698573557318,-0.12001856074223838,1.7761595911419319,0.46548762115932568,-0.12002525749005036
19.780000000000001,9890,0.0068825218274497892,0.015000664583124405,0,0.18637830598194605,0.00011410982909156727,4.9282784934098208e-05,1.2825606985528461e-06,2.2813496432377448e-05,2.935569566775813,1.2189958859313474,-0.18155221037804253,0.044647505138395049,1.776180958835428,0.46584059128419253,-0.12004795113686911,1.776182982463467,0.46595447283815467,-0.120054875708483
19.800000000000001,9900,0.0068835223627817929,0.015000688891931641,0,0.18624272334500994,0.00011710047263701462,5.2338483278453835e-05,1.3076076189217966e-06,2.2588727439225648e-05,2.9359949479757046,1.2190202227071403,-0.18153116921966322,0.044636275977885921,1.7762059583276684,0.46633966883058059,-0.12007961208258829,1.7762081378645158,0.46645653259538361,-0.12008672761398144
19.82,9910,0.006884541805919746,0.015000719148412984,0,0.18609828593050901,0.00011981143569992062,5.5633033335757549e-05,1.3394932661440384e-06,2.3130806476445511e-05,2.93643116671472,1.2190445561515315,-0.18151013396854132,0.044625045517832432,1.776232776576472,0.46687472741528174,-0.12011356702657733,1.7762350821448474,0.46699429539295728,-0.12012084460814848
19.84,9920,0.0068855805643615649,0.015000747633996168,0,0.18594540322669842,0.00012220584592919213,5.918813127643476e-05,1.3696026453745022e-06,2.3287840231354886e-05,2.9368784313759244,1.219068890570981,-0.18148909679291322,0.044613815029785397,1.7762613934620493,0.46744622133001734,-0.12014982357099871,1.7762638361198155,0.46756817667053696,-0.12015725304749776
19.859999999999999,9930,0.0068866388131449069,0.015000773847663594,0,0.18578426777421819,0.00012429074213239107,6.2646277620925377e-05,1.3975115205665147e-06,2.2972699315936647e-05,2.9373368472168981,1.2190932261004579,-0.18146805718951972,0.044602584362199167,1.7762918157329173,0.46805448146081935,-0.12018840224353163,1.776294416706468,0.46817851406412336,-0.12019597435248738
19.879999999999999,9940,0.006887716228116245,0.015000815386407402,0,0.18561517007453296,0.00012614774965658403,6.5601824731143578e-05,1.4438023436221768e-06,2.2877310533063834e-05,2.9378063096976579,1.2191175511765386,-0.18144703304890769,0.044591351971242019,1.776324103348105,0.46869968459676764,-0.12022935260261791,1.7763268370096581,0.46882556912468049,-0.1202370251165536
19.900000000000002,9950,0.0068888130416079373,0.01500086754872634,0,0.18543836683176826,0.00012775545614017398,6.8365894736227274e-05,1.5028414857539049e-06,2.2909150924997221e-05,2.9382869278382446,1.2191418691573197,-0.18142601958399573,0.0445801184441059,1.7763582635157016,0.46938204008636458,-0.12027267498914535,1.7763611064081546,0.46950952903675897,-0.12028041721514457
19.920000000000002,9960,0.0068899297055899384,0.015000914992494103,0,0.18525412638120189,0.0001290537312693478,7.1655976502691985e-05,1.5567032693995867e-06,2.2588727439225648e-05,2.9387788961246386,1.2191661900536248,-0.18140500119879416,0.044568885027156224,1.7763942577779783,0.47010172553636143,-0.12031834652112115,1.7763972306407529,0.47023050833711905,-0.120326157914754
19.940000000000001,9970,0.0068910662331821302,0.015000957127660332,0,0.18506280744954628,0.00013005199462332934,7.5306513899418598e-05,1.604887207639574e-06,2.2717439178655149e-05,2.9392822290568317,1.2191905139578678,-0.18138397730217198,0.044557651529423453,1.7764320749529785,0.47085877550258509,-0.12036636985819978,1.776435211892385,0.47098855063335471,-0.12037424998195488
19.960000000000001,9980,0.0068922225784251801,0.01500099424369845,0,0.1848648110737687,0.00013076445922926696,7.9543117432081414e-05,1.6477716341979901e-06,2.2813496432377448e-05,2.9397969076945429,1.2192148405770475,-0.18136294819156118,0.044546417833408992,1.7764717145989728,0.4716531500758383,-0.12041674625326119,1.7764750488802308,0.4717836303225168,-0.12042469179243316
19.98,9990,0.0068933986604345389,0.015001026654081222,0,0.18466057352759019,0.00013120279073604559,8.3896022929046341e-05,1.6856942870389427e-06,2.2685329707937426e-05,2.940322891803151,1.2192391696976841,-0.18134191418583595,0.044535183902463554,1.7765131772648699,0.472484744364005,-0.12046947199688951,1.7765167369398278,0.47261565430973634,-0.12047747744002144
20,10000,0.0068945943641083463,0.015001054649965664,0,0.18445056512838376,0.00013137688875122981,8.8463475273515025e-05,1.7189500825729028e-06,2.2845425764212974e-05,2.9408601213230412,1.2192635011534858,-0.18132087558011253,0.044523949732801743,1.776556460597561,0.47335338949775158,-0.1205245385453742,1.7765602681111825,0.47348446372684833,-0.1205325968457327
20.02,10010,0.0068958095403661409,0.015001078498985868,0,0.18423528902690486,0.00013129566614234335,9.3385822310464324e-05,1.7478090582408829e-06,2.2459278078588273e-05,2.9414085169100943,1.219287834800961,-0.18129983264532648,0.044512715330676099,1.7766015582276213,0.47425885357661701,-0.1205819328533078,1.776605631224881,0.47438983565101472,-0.12059003586679394
20.039999999999999,10020,0.0068970440068188473,0.015001098447129085,0,0.18401527959855218,0.00013096739038284737,9.8535983924309776e-05,1.7725232988531458e-06,2.2524095754713237e-05,2.9419679803924343,1.2193121705101804,-0.18127878563040953,0.044501480704509551,1.7766484596943843,0.47520084304281457,-0.12064163760593839,1.776652811988199,0.47533148482334825,-0.12064977640567998
20.059999999999999,10030,0.0068982975486047444,0.015001114721362998,0,0.18379110059542728,0.00013039985202693369,0.00010378179701260483,1.7933297562042175e-06,2.2491710265994076e-05,2.9425383952073938,1.2193365081613445,-0.18125773476502313,0.044490245862961124,1.7766971506826796,0.4761790042260009,-0.12070363140432692,1.7767017930712121,0.4763090653675357,-0.12071179651914699
20.080000000000002,10040,0.0068995699192762605,0.01500112753236231,0,0.18356334313665065,0.00012960047946495817,0.00010930303520839049,1.8104519505894505e-06,2.2556434745889217e-05,2.9431196268464177,1.2193608476432514,-0.18123668026232695,0.044479010814853573,1.776747613313725,0.47719292494173637,-0.12076788893291777,1.7767525541929079,0.47732217250846148,-0.12077607052726638
20.100000000000001,10050,0.0069008608417083853,0.015001137077031195,0,0.18333262355964167,0.00012857642934249424,0.00011499668639988972,1.8241014413574473e-06,2.2296409518597789e-05,2.9437115233182323,1.219385188852282,-0.18121562232152344,0.044467775569514971,1.7767998264126863,0.47824213611491551,-0.12083438111598979,1.7768050722072952,0.47837034429083053,-0.12084256912245833
20.120000000000001,10060,0.0069021693515119243,0.015001172481894582,0,0.1830996533243209,0.00012741331559189986,0.0001214701185680105,1.867737071907664e-06,2.2972699315936647e-05,2.9443136237751415,1.2194095153805331,-0.18119459051256867,0.044456534865896867,1.776853962815401,0.47932602254650336,-0.12090313000567568,1.776859321189515,0.47945306329779269,-0.12091125947852563
20.140000000000001,10070,0.0069034953016324473,0.015001228265645169,0,0.18286506609408054,0.00012608527828663843,0.00012835032264147002,1.934057435488769e-06,2.2524095754713237e-05,2.9449258130101041,1.219433831280933,-0.18117357923534749,0.044445291368003154,1.7769099792257081,0.48044404000301116,-0.1209740822227412,1.776915272521951,0.48056975836956534,-0.12098210535968723
20.16,10080,0.0069048389502849262,0.01500127902976825,0,0.18262946954270709,0.00012452214331251508,0.00013512839245622549,1.9938533181476594e-06,2.2524095754713237e-05,2.9455481670827672,1.2194581508840217,-0.18115256270314295,0.044434049757825389,1.7769676504460847,0.48159564716365905,-0.12104714495586005,1.7769728949803409,0.48171980632205735,-0.12105506722961208
20.18,10090,0.0069061999794078665,0.015001321299728417,0,0.18239355241042376,0.00012272921754568499,0.00014192173286495149,2.0441057999755338e-06,2.2685329707937426e-05,2.9461805162043264,1.2194824752012923,-0.18113153742337892,0.044422809091425451,1.7770268730621483,0.48278016857997075,-0.12112226975424942,1.777032154819886,0.48290253366549207,-0.12113010236045271
20.199999999999999,10100,0.0069075779842649775,0.015001354364905628,0,0.18215802545061094,0.0001207200694810845,0.00014864000570884376,2.0844248519658737e-06,2.2717439178655149e-05,2.9468226367426977,1.2195068041939947,-0.18111050269040174,0.044411568792153737,1.7770876002528992,0.48399686916918461,-0.12119941332728033,1.7770930158613618,0.48411721832303128,-0.12120716494187904
20.219999999999999,10110,0.0069089710079459771,0.01500143418269563,0,0.18192379975975356,0.00011875854816153502,0.00015543370717881354,2.18363985101891e-06,2.2749503328951236e-05,2.9474737227305479,1.2195310985655383,-0.18108951549572455,0.044400320880947995,1.7771497947090762,0.4852447072660272,-0.12127866052715909,1.7771554395772298,0.48536309134939809,-0.12128620619011193
20.240000000000002,10120,0.006910379079281697,0.015001544214669538,0,0.18169151648298129,0.00011674675218199441,0.00016245048910605122,2.3214649958557255e-06,2.265317472408141e-05,2.9481336930412629,1.2195553700605901,-0.18106855899764507,0.044389067392826762,1.7772134443611487,0.48652296988975324,-0.12135990654130313,1.7772193851777467,0.48663933864950104,-0.12136717445695704
20.260000000000002,10130,0.0069118030990811801,0.015001634294392427,0,0.18146172016619999,0.00011444954712713592,0.00016954663475797924,2.4362470653031726e-06,2.2588727439225648e-05,2.9488027855004,1.2195796537613062,-0.18104758210638011,0.044377815299566754,1.7772785238006246,0.48783104316574843,-0.12144297192622736,1.7772848096970759,0.48794510269705643,-0.1214500153388384
20.280000000000001,10140,0.0069132425805520153,0.015001703253883199,0,0.18123514732143267,0.00011188271709061447,0.0001766259384456054,2.5265727753286002e-06,2.2685329707937426e-05,2.9494807232139895,1.2196039503124496,-0.1810265836344202,0.044366564869619998,1.7773449842274811,0.48916801271851224,-0.12152780407452787,1.7773516680793975,0.48927948425321316,-0.12153467178583216
20.300000000000001,10150,0.0069146969220424074,0.015001753305309114,0,0.18101254862378646,0.00010908400520087897,0.00018363081399844024,2.595151318895285e-06,2.2459278078588273e-05,2.9501671795840241,1.219628258161924,-0.18100556583403998,0.044355315790840705,1.7774127838005724,0.49053290124384297,-0.12161435933489345,1.7774199132650192,0.49064154408517524,-0.12162108421070029
20.32,10160,0.0069161655144089661,0.015001786438537364,0,0.18079466284105719,0.00010608190933569309,0.00019045085688006863,2.6443409910290596e-06,2.2165253030559974e-05,2.9508618197900685,1.2196525760552928,-0.18098453072717491,0.044344067858490752,1.7774818849891896,0.49192470243635672,-0.12170258719635343,1.7774894962764871,0.49203030468482556,-0.1217091905979243
20.34,10170,0.0069176477412436852,0.015001804357327219,0,0.18058221541506198,0.0001028976984660536,0.00019710525422133901,2.6761080893259536e-06,2.2198114802541581e-05,2.9515643021608073,1.2196769030040959,-0.18096348004216478,0.044332820979249475,1.777552249946754,0.49334238074335779,-0.12179243126924966,1.7775603663046957,0.49344475198734911,-0.12179892661273886
20.359999999999999,10180,0.0069191429746441845,0.015001808594042603,0,0.18037591773472442,9.9548535453894687e-05,0.00020367825665576578,2.6921994050253764e-06,2.1900583802360337e-05,2.952274277350321,1.2197012381592678,-0.18094241533205613,0.044321575114600185,1.7776238380723939,0.49478486996055043,-0.12188383084282432,1.7776324707949989,0.49488383708985673,-0.12189022571016557
20.379999999999999,10190,0.0069206505739963101,0.015001800555300324,0,0.18017646520869418,9.6048966030049573e-05,0.00020998666535301344,2.694215084820977e-06,2.2165253030559974e-05,2.9529913882822156,1.2197255807554723,-0.18092133802193361,0.044310330247167337,1.7776966051718315,0.49625107348711511,-0.12197672167277167,1.7777057555333207,0.49634647797000819,-0.1219830192440466
20.400000000000002,10200,0.0069221698862530741,0.015001781532062495,0,0.1799845348251001,9.2411650489051682e-05,0.00021612112482230765,2.6836280831494288e-06,2.206637408534863e-05,2.9537152704525682,1.2197499300932866,-0.18090024941958666,0.044299086366330245,1.7777705034293836,0.49773986534581838,-0.1220710364270178,1.7777801647322653,0.49783156120463634,-0.12207723657607847
20.420000000000002,10210,0.0069237002466084755,0.015001752702848228,0,0.17980078258539933,8.8647851822098664e-05,0.00022209604935584753,2.661790011676396e-06,2.1900583802360337e-05,2.9544455522904922,1.2197742855332809,-0.18087915071891528,0.044287843463138327,1.7778454817323937,0.49925009144513849,-0.12216670502977973,1.7778556411172282,0.49933794368836898,-0.12217280518484562
20.440000000000001,10220,0.0069252409791989069,0.015001715139427061,0,0.17962584092837725,8.4767828643873526e-05,0.00022782802175058068,2.6299375544330402e-06,2.2033315828455735e-05,2.9551818554987204,1.2197986464921049,-0.18085804300572705,0.044276601528986471,1.777921486113814,0.50078057093552941,-0.12226365496570338,1.7779321260125067,0.50086445435225424,-0.12226965077485424
20.460000000000001,10230,0.0069267913977726896,0.015001669815669985,0,0.17946031617642089,8.0781164370392417e-05,0.0002332943323250022,2.5892017566918037e-06,2.1900583802360337e-05,2.9559237953820867,1.2198230124380993,-0.18083692726669348,0.044265360555640149,1.7779984601976799,0.50233009763320291,-0.12236181155136615,1.7780095594274097,0.50240989588238305,-0.12236769738556588
20.48,10240,0.0069283508063492207,0.015001617617956474,0,0.17930478602310068,7.6697045321373215e-05,0.00023857436223868007,2.5406190224563467e-06,2.1900583802360337e-05,2.9566709811850793,1.2198473828863892,-0.18081580439986994,0.044254120535639825,1.7780763455954596,0.50389744150570615,-0.12246109817430192,1.7780878801423698,0.50397304643851226,-0.1224668675004312
20.5,10250,0.0069299184998944793,0.015001559355652569,0,0.17915447775744661,7.2524503780391073e-05,0.00024354258037202626,2.4851423778644903e-06,2.1598954627055457e-05,2.9574230164645448,1.2198717573939049,-0.18079467522529186,0.044242881462710791,1.7781550822356116,0.50548135021207297,-0.122561436502014,1.7781670257950528,0.50555266137268895,-0.12256708215592362
20.52,10260,0.006931493765028429,0.015001495770737658,0,0.1790028758482845,6.8272646905546085e-05,0.00024827350084869653,2.4236520475941356e-06,2.1733528855063329e-05,2.9581794994890624,1.2198961355547018,-0.18077354049471067,0.044231643332028468,1.7782346086271241,0.50708055068820157,-0.12266274666550812,1.7782469329664683,0.50714747494787304,-0.12266826105057303
20.539999999999999,10270,0.0069330747051119307,0.015001467795770315,0,0.17885797563530123,6.4331347216485698e-05,0.00025416943259154971,2.4149667189338118e-06,2.2000207897163392e-05,2.9589396888365727,1.2199204858537578,-0.18075244216771857,0.044220377813166865,1.7783145678473262,0.50869341239702892,-0.12276505245080199,1.7783275372670804,0.50875620205656125,-0.12277032265399954
20.559999999999999,10280,0.0069346611476102339,0.01500145635634917,0,0.17872490966514351,6.0575239454761705e-05,0.00026060382927902423,2.4365853357792897e-06,2.1900583802360337e-05,2.9597033886999196,1.219944819009809,-0.1807313608385146,0.044209092768577339,1.7783948657231019,0.51031879320988605,-0.12286820864604373,1.7784087734229188,0.51037753993941049,-0.12287318431594706
20.580000000000002,10290,0.006936253645057359,0.015001417740439667,0,0.17860392756438251,5.6649034179799181e-05,0.00026607071826693788,2.4289171613627148e-06,2.1531352099333316e-05,2.9604705831714475,1.2199691666715582,-0.1807102517814147,0.044197814460567288,1.7784756681950395,0.51195572413713464,-0.1229720139080344,1.7784905753616891,0.51201016990386128,-0.12297676237531714
20.600000000000001,10300,0.006937851497612264,0.015001351848994543,0,0.17849542068213742,5.2560427254032926e-05,0.0002705479228346583,2.3902042098136737e-06,2.1155677147440178e-05,2.9612408356065747,1.2199935310371472,-0.18068911482315186,0.044186545009479938,1.7785570161317934,0.51360285846860809,-0.12307639118720144,1.7785728762988828,0.51365275904276031,-0.12308097226920255
20.620000000000001,10310,0.0069394538233119359,0.015001264392047445,0,0.17839975963798435,4.8367356672413561e-05,0.00027421954877591119,2.3265344569328562e-06,2.1933842111273517e-05,2.9620136552888057,1.2200179096906474,-0.18066795573565461,0.044175284058729641,1.778638898050094,0.51525879173766675,-0.12318127859936913,1.778655608823889,0.51530396195298545,-0.12318572864192102
20.640000000000001,10320,0.0069410597497103887,0.015001160492742383,0,0.17831726241896975,4.4123413799135423e-05,0.00027715444121558918,2.2436310861108147e-06,2.2099382890764463e-05,2.9627885628102262,1.2200423001276972,-0.18064677970764043,0.044164031113315468,1.7787212731143374,0.51692212123559367,-0.12328660756499286,1.7787387049861036,0.51696242245406843,-0.12329094545404901
20.66,10330,0.0069426684361327531,0.015001043950236099,0,0.17824819255537561,3.9879998313305451e-05,0.00027946712449743372,2.1459169745837747e-06,2.2132342465963256e-05,2.9635650954944799,1.2200667003988293,-0.18062559058973088,0.044152785719421966,1.7788040814357238,0.51859144895076459,-0.12339230234859005,1.7788220963810415,0.51862677530681811,-0.12339653609145523
20.68,10340,0.0069442790668247665,0.015000917514497404,0,0.17819276103286905,3.5696052434139033e-05,0.00028119628345478335,2.0368470802451604e-06,2.206637408534863e-05,2.964342802938837,1.2200911090194864,-0.18060439117177612,0.044141547427591458,1.7788872509481819,0.52026537831888231,-0.12349828241260881,1.7789057142364455,0.52029564793194383,-0.12350241347433455
20.699999999999999,10350,0.0069458908432561703,0.015000783212313648,0,0.17815112752272524,3.1648874202780389e-05,0.00028232940338792029,1.919309602302023e-06,2.1967050066869309e-05,2.9651212427866809,1.2201155248214912,-0.18058318351277039,0.04413031577357171,1.7789707026291486,0.52194251265051061,-0.1236044641843833,1.7789894894983986,0.5219676621286794,-0.12360849016624151
20.719999999999999,10360,0.0069475029791258181,0.015000642582370107,0,0.17812340096802015,2.7848070906969923e-05,0.00028301791522415085,1.795932037234239e-06,2.1867274910380131e-05,2.9658999779452975,1.2201399468506979,-0.18056196917847084,0.04411909028337907,1.7790543543398143,0.52362145501197666,-0.12371076217425524,1.7790733529174334,0.52364143579340616,-0.12371467848312412
20.740000000000002,10370,0.0069491146973545762,0.015000496835038525,0,0.17810963992241619,2.4454617408896178e-05,0.00028318270304879376,1.6693233991711042e-06,2.1900583802360337e-05,2.9666785748743485,1.2201643743028097,-0.18054074940268006,0.044107870487021389,1.7791381234414392,0.5253008088209703,-0.12381708971845479,1.7791572351346425,0.52531558463827677,-0.1238208906023576
20.760000000000002,10380,0.006950725228289204,0.015000346962484881,0,0.17810985285285513,2.1700743073636197e-05,0.00028287364713004373,1.5422953960701717e-06,2.2132342465963256e-05,2.9674566026335349,1.2201888064813011,-0.18051952519828779,0.0440966559315197,1.7792219284063227,0.52697917880132428,-0.12392335950424452,1.7792410667677907,0.52698872390983742,-0.12392703867177787
20.780000000000001,10390,0.0069523338087028059,0.015000193814668796,0,0.17812399850008243,1.988630517035013e-05,0.00028208660599688193,1.4180900421766768e-06,2.2165253030559974e-05,2.9682336324292229,1.2202132427684957,-0.18049829743390416,0.044085446189974363,1.7793056896679591,0.52865517216021263,-0.12402948395112766,1.7793247784974233,0.52865947010765346,-0.12403303491871552
20.800000000000001,10400,0.0069539396813753339,0.015000038150234318,0,0.17815198634705176,1.9300106569088283e-05,0.00028090839697900941,1.3006212802109256e-06,2.1933842111273517e-05,2.9690092375525534,1.2202376826054189,-0.18047706688520054,0.044074240866412054,1.7793893299394383,0.53032739992513811,-0.12413537548971702,1.7794083011529791,0.53032644270293072,-0.12413879175902932
20.82,10410,0.0069555420951120921,0.014999880668620702,0,0.17819367722918619,2.0061073227872035e-05,0.00027922183822245218,1.1946979552389695e-06,2.2394272795856101e-05,2.9697829935689017,1.2202621254781152,-0.18045583426733741,0.044063039597202848,1.7794727741930316,0.53199447839931846,-0.12424094676832881,1.7794915657988986,0.53198826585714043,-0.12424422190613998
20.84,10420,0.0069571403050870386,0.014999722028439104,0,0.17824888411125983,2.2031600791100761e-05,0.00027722281402574968,1.1061081039700712e-06,2.2198114802541581e-05,2.9705544787037619,1.2202865709087185,-0.18043460025356134,0.044051842050095387,1.779555949450913,0.53365503070258768,-0.12434611081100423,1.7795745038207367,0.53364357014064168,-0.12434923848006384
20.859999999999999,10430,0.0069587335734138415,0.014999562856426809,0,0.17831737304773077,2.4921028047110466e-05,0.00027473475490591014,1.0413073467540476e-06,2.2263692832568247e-05,2.9713232743290208,1.220311018449816,-0.18041336548431014,0.044040647921632481,1.7796387844957122,0.53530768837180798,-0.12445078114519521,1.7796570470112718,0.53529099425130533,-0.12445375511644656
20.879999999999999,10440,0.0069603195899150504,0.014999466178469518,0,0.17839901658697377,2.7950764445944861e-05,0.0002722400221189643,1.0129677214935979e-06,2.2033315828455735e-05,2.9720882808714095,1.22033543457746,-0.18039219398683931,0.044029440609164139,1.779721587555545,0.53695078570423949,-0.12455502627582607,1.7797391276566175,0.53692918673313761,-0.12455768607559685
20.900000000000002,10450,0.0069618977082856115,0.014999430625282856,0,0.17849345577011727,3.1009797578896117e-05,0.00026974653744461774,9.9512338182408642e-07,2.1800504449438904e-05,2.9728491077518884,1.2203598207942297,-0.1803710843231722,0.044018224044689774,1.7798043126096277,0.53858305392111261,-0.12465873348373929,1.7798206786223321,0.53855680769490333,-0.1246609463515201
20.920000000000002,10460,0.006963468445094362,0.014999408015642823,0,0.17860018764699848,3.443087396826349e-05,0.00026699509999225229,9.7401654578580676e-07,2.2132342465963256e-05,2.9736058958901501,1.220384202489933,-0.18034998755405965,0.044007010776968405,1.7798865490337326,0.54020343055309528,-0.12476168139135854,1.7799016334395301,0.54017253052874836,-0.12476345178095213
20.940000000000001,10470,0.0069650313294644176,0.014999388306007526,0,0.17871878491400822,3.8202381060039986e-05,0.00026397212124600348,9.5185350236785798e-07,2.1933842111273517e-05,2.9743583785647298,1.2204085836879495,-0.18032889354429671,0.043995799425967048,1.779968063173387,0.54181061604507652,-0.12486376404414867,1.779981926390992,0.54177504362882545,-0.12486511915239289
20.960000000000001,10480,0.0069665857534400005,0.014999367606095031,0,0.17884879742932852,4.2231385776613565e-05,0.00026052549930151707,9.3078366322228005e-07,2.2165253030559974e-05,2.9751062096606233,1.2204329655027804,-0.18030779838560207,0.043984588732268029,1.7800487277379888,0.54340329651048269,-0.12496489856777844,1.780061492597276,0.5433630521099152,-0.12496586631514012
20.98,10490,0.006968131076841062,0.014999344313508129,0,0.17898336299598872,4.6426793799807122e-05,0.00025678865807114752,9.1218961243594725e-07,2.2230927998283902e-05,2.9758490174111776,1.2204573483232901,-0.18028670047087875,0.043973378094549112,1.7801284719781802,0.54498017866441129,-0.12506500730868517,1.7801402681028271,0.54493527952605114,-0.12506561228832308
21,10500,0.0069696666492354295,0.014999318047169261,0,0.17911671353822087,5.0716999408666305e-05,0.0002526708451492469,8.9690273385022553e-07,2.2329078268013787e-05,2.9765864211666608,1.220481732200831,-0.1802655994197187,0.043962167303516257,1.7802072517451788,0.5465399923168176,-0.1251640149133883,1.7802181899620895,0.54649046958914238,-0.12516427736993624
21.02,10510,0.00697119182035137,0.014999289088727708,0,0.17925638091029794,5.5049278915771963e-05,0.0002482500117878006,8.8537854761553432e-07,2.2524095754713237e-05,2.9773180401532136,1.220506116996702,-0.18024449551767721,0.043950956338858573,1.780285032784277,0.54808149076556933,-0.1252618475243886,1.7802951963256148,0.54802738788759697,-0.12526178324587295
21.039999999999999,10520,0.0069727059472826603,0.01499925803392492,0,0.179405657292389,5.9385506326186248e-05,0.00024348869993176187,8.7779328065766048e-07,2.2588727439225648e-05,2.9780434988342197,1.2205305024765021,-0.18022338936617063,0.043939745257521298,1.7803617820641549,0.54960345206804528,-0.12535843232632216,1.7803712265261755,0.54954482360494616,-0.1253580530989592
21.059999999999999,10530,0.0069742083994833847,0.014999225579688429,0,0.1795639558808427,6.3697997631799921e-05,0.00023843988870773648,8.7410323374502678e-07,2.2426798989897964e-05,2.978762430127849,1.220554888373184,-0.18020228166844365,0.043928534137627692,1.7804374638247844,0.55110468064964102,-0.1254536973524083,1.7804462211648728,0.55104159123846674,-0.12545301171798723
21.080000000000002,10540,0.0069756985620328402,0.01499919240471756,0,0.17973066369585419,6.7966266036921706e-05,0.00023315993987649654,8.7409396831949941e-07,2.2524095754713237e-05,2.9794744772171913,1.2205792744248176,-0.18018117310942006,0.043917323051992585,1.7805120383012021,0.55258400892066817,-0.12554757151233584,1.7805201221972495,0.55251653231780562,-0.12554658560674931
21.100000000000001,10550,0.0069771758376908494,0.01499915911128886,0,0.17990514444417502,7.2174677096348218e-05,0.00022761035365526374,8.7742799326001409e-07,2.2491710265994076e-05,2.9801792944931695,1.2206036603938546,-0.18016006429711645,0.04390611205692941,1.7805854618686419,0.5540402988496147,-0.12563998475958024,1.7805928730193985,0.55396851712360184,-0.12563870309307135
21.120000000000001,10560,0.0069786396481934763,0.014999126204286927,0,0.18008674150958887,7.6310816075772029e-05,0.00022188918412161638,8.8369007646579687e-07,2.2361699290911531e-05,2.9808765480216199,1.2206280460743877,-0.18013895574151728,0.043894901188919658,1.7806576878492215,0.55547244351884717,-0.12573086832417735,1.7806644185540754,0.55539644640611163,-0.12572929443784667
21.140000000000001,10570,0.0069800894351165609,0.014999094090997216,0,0.18027478101416095,8.0364375887044938e-05,0.00021595579526707313,8.9242665672997336e-07,2.2781522350186147e-05,2.9815659157764851,1.2206524312925302,-0.18011784785435475,0.043883690465189029,1.7807286675386562,0.55687936868950305,-0.12582015496248369,1.7807347053368077,0.55679925310383094,-0.12581829194406971
21.16,10580,0.0069815246605218787,0.01499906309106056,0,0.18046857491322221,8.4326411725772527e-05,0.00020979565626529203,9.0317681309488913e-07,2.2877310533063834e-05,2.9822470877999225,1.2206768159033199,-0.18009674095912581,0.043872479886020381,1.7807983512151022,0.55826003438912786,-0.1259077791976336,1.7808036816020054,0.5581759040621187,-0.12590563006586963
21.18,10590,0.0069829448075171023,0.01499903345021629,0,0.18066742410031397,8.8188848722237689e-05,0.00020355295913741841,9.1549415519553632e-07,2.2588727439225648e-05,2.9829197663554909,1.2207011997862764,-0.18007563530492407,0.043861269437615619,1.7808666890191458,0.55961343652575035,-0.12599367753914881,1.780871297369073,0.55952540175182086,-0.12599124551754415
21.199999999999999,10600,0.0069843493808033766,0.014999005354309213,0,0.18087062150614924,9.1944161425575258e-05,0.00019713853497366088,9.2896055221329398e-07,2.2296409518597789e-05,2.9835836661218833,1.2207255828408237,-0.18005453108054192,0.043850059094888684,1.7809336316687467,0.56093860852679422,-0.12607778867882344,1.7809375045285181,0.56084678598789339,-0.12607507738259302
21.219999999999999,10610,0.006985736237531924,0.014999040352444327,0,0.18107757652162842,9.5317001625534148e-05,0.00019124529676044582,8.9130872482149875e-07,2.2845425764212974e-05,2.9842378757167261,1.2207499239291333,-0.18003349098602281,0.043838839155293442,1.7809992130029819,0.56223435240417774,-0.12616020325000257,1.7810022569280635,0.56213913564802598,-0.12615706722275205
21.240000000000002,10620,0.0069871053719148335,0.014999122540564279,0,0.18128752478079635,9.8411242648392065e-05,0.00018551854999823391,8.1644078225203471e-07,2.3099271619960363e-05,2.9848823013738808,1.2207742341318217,-0.18001249880908196,0.043827612519378813,1.7810633813689776,0.56349989093833264,-0.12624080743054197,1.7810655104587572,0.56340157039126559,-0.12623715918702647
21.260000000000002,10630,0.0069884577931050035,0.014999198927687819,0,0.18149963939422623,0.00010147130175866197,0.00017952811500247614,7.4920427150389195e-07,2.2940947124789083e-05,2.9855172517429351,1.2207985486837312,-0.17999150057419733,0.043816387324916682,1.7811260032539458,0.56473463322349204,-0.12631940631693586,1.7811272231410831,0.56463325237663897,-0.12631530012072481
21.280000000000001,10640,0.0069897931327777881,0.014999267642908258,0,0.18171321352535572,0.000104481762748539,0.00017325084831121111,6.9088195617506192e-07,2.2717439178655149e-05,2.9861425177575138,1.2208228681673401,-0.17997049439813448,0.043805163144725073,1.7811869973410304,0.56593777176267557,-0.12639594932652787,1.7811873552110715,0.5658333879817774,-0.12639143967449257
21.300000000000001,10650,0.0069911109743155059,0.014999329610315968,0,0.1819275570709136,0.00010740898995095224,0.00016675491069314513,6.4047687701812547e-07,2.2459278078588273e-05,2.9867578674199708,1.2208471916506463,-0.17994948123334503,0.043793939482982325,1.7812463172685198,0.56710852707851434,-0.12647040120690223,1.7812458692064099,0.56700122952153953,-0.12646553041334596
21.32,10660,0.0069924109374008142,0.014999385646112256,0,0.18214198674505902,0.0001102288453591111,0.00016009109618102762,5.9703931541200176e-07,2.2781522350186147e-05,2.9873630836256351,1.2208715185070889,-0.17992846191440767,0.043782716106069507,1.7813039326532569,0.56824617660674381,-0.12654272613198941,1.781302730052553,0.5681360769666346,-0.12653752792570547
21.34,10670,0.0069936926753741578,0.014999436443447364,0,0.18235582955824531,0.00011292365606005755,0.00015332310461522815,5.5969257341294187e-07,2.2813496432377448e-05,2.9879579661296387,1.2208958482930423,-0.1799074371469645,0.043771492908291743,1.7813598192079152,0.56935005317078435,-0.12661288859082068,1.7813579051488342,0.56923727966224613,-0.12660739093242968
21.359999999999999,10680,0.0069949558721443244,0.014999482624774876,0,0.18256842648855487,0.00011547917049552832,0.00014652109008068929,5.2763002735250654e-07,2.2588727439225648e-05,2.988542331656681,1.2209201806433316,-0.17988640756348068,0.043760269829747553,1.781413954709764,0.57041954372111658,-0.12668085468204701,1.7814113644545753,0.57030423804665575,-0.1266750813958489
21.379999999999999,10690,0.0069962002417290892,0.01499952475243457,0,0.1827791355191094,0.00011788324418388955,0.00013974790707055933,5.0013309716821469e-07,2.2845425764212974e-05,2.9891160142572462,1.2209445152344844,-0.17986537373511058,0.043749046822265533,1.7814663177594388,0.57145408987174795,-0.12674659272254357,1.7814630805751981,0.57133640536986552,-0.1267405646287989
21.400000000000002,10700,0.006997425528742377,0.014999563327556002,0,0.18298733437953718,0.00012012523448844505,0.0001329147617250608,4.7658295498458471e-07,2.2972699315936647e-05,2.9896788656934814,1.2209688517748223,-0.17984433617097847,0.043737823837806951,1.7815168877075633,0.5724531891244794,-0.12681007360090329,1.7815130288483338,0.57233328941222295,-0.12680380940365463
21.420000000000002,10710,0.0069986315090662908,0.014999598790227733,0,0.18319242313221684,0.00012219562036884613,0.00012611597979527681,4.5646094852196123e-07,2.3287840231354886e-05,2.9902307557742902,1.2209931900018043,-0.17982329531844907,0.043726600825615927,1.7815656450096629,0.57341639628029495,-0.12687127107113347,1.7815611874299346,0.57329445420304259,-0.12686478806136378
21.440000000000001,10720,0.0069998172044456065,0.014999659832143629,0,0.18339386656160855,0.00012394272762544716,0.00011985717076788613,4.4818473651710044e-07,2.2524095754713237e-05,2.9907712977399736,1.2210175099891283,-0.17980228048867167,0.043715366410349163,1.7816125478758749,0.57434317911731092,-0.12693022551021046,1.7816075373803835,0.57421952173923108,-0.12692347662048067
21.460000000000001,10730,0.0070009827083052636,0.014999737300896919,0,0.18359109657687239,0.00012542125642154238,0.00011399716680294223,4.6127393130532845e-07,2.265317472408141e-05,2.9913004891839465,1.2210418179449596,-0.17978128233941806,0.04370412406201054,1.7816575817636928,0.57523327591033013,-0.12698688837791122,1.7816520627506054,0.57510817370390976,-0.12697985488619981
21.48,10740,0.0070021285769699829,0.014999806564385286,0,0.18378231050371241,0.00012675791202761884,0.00010806224878894574,4.8589912920807194e-07,2.2972699315936647e-05,2.9918184959545102,1.2210661308788695,-0.17976027571005099,0.043692883483980156,1.7817007502505875,0.57608655977004597,-0.12704118313408577,1.781694750668178,0.57596015318503868,-0.12703390655938968
21.5,10750,0.0070032547003602104,0.014999868468277562,0,0.18396524487383945,0.00012793759392752804,0.00010230331805786772,5.1654539618749506e-07,2.3036072399968081e-05,2.9923252557943423,1.221090448255215,-0.17973926146191288,0.043681644419469513,1.7817420450896,0.57690282187037178,-0.12709310122978648,1.7817355914234412,0.57677526639403898,-0.12708561934562632
21.52,10760,0.0070043609872652984,0.014999924288141859,0,0.18414094703007114,0.00012893839909601526,9.6525520406426666e-05,5.4996328219954755e-07,2.2845425764212974e-05,2.9928207203389992,1.2211147692363002,-0.17971824089557201,0.043670406464603163,1.7817814598952375,0.57768191118900725,-0.12714264133148964,1.7817745785556089,0.57755338438441783,-0.12713498506422716
21.539999999999999,10770,0.007005447395934469,0.014999974818836947,0,0.18431080009272852,0.0001297444770194406,9.103805644792395e-05,5.8406712872640436e-07,2.3004407680670755e-05,2.993304866687438,1.221139093308657,-0.17969721482105572,0.043659169391238518,1.7818189914267824,0.57842374943342578,-0.12718980352587611,1.781811708938879,0.57829444477039016,-0.12718199975728464
21.559999999999999,10780,0.0070065139277351177,0.015000020616680177,0,0.18447443726544993,0.00013034352357211418,8.5496809382758375e-05,6.1754489495068895e-07,2.262097403300073e-05,2.9937776952542534,1.2211634201156152,-0.17967618380511008,0.04364793304995962,1.7818546396019315,0.57912833021422039,-0.12723459055836611,1.7818469828685444,0.57899845344550394,-0.12722666379869987
21.580000000000002,10790,0.0070075606238775836,0.015000062129471628,0,0.18463151259752636,0.00013072498448579107,8.0372711094737112e-05,6.4961480160140748e-07,2.265317472408141e-05,2.9942392286922317,1.2211877493689267,-0.17965514830393489,0.043636697321319057,1.7818884075927313,0.57979571892913284,-0.12727700877497089,1.7818804041471026,0.57966548630126224,-0.12726898200321646
21.600000000000001,10800,0.0070085872694279879,0.015000109388602622,0,0.18478172850294153,0.0001308394127033904,7.4947516684642824e-05,6.9157528044642012e-07,2.2588727439225648e-05,2.9946894169486367,1.2212120724597884,-0.17963411859833231,0.043625459678806586,1.7819202599328903,0.58042601526771453,-0.12731708583818499,1.7819119801703678,0.58029569094574673,-0.12730896373545403
21.620000000000001,10810,0.0070095940841709359,0.015000158869413869,0,0.18492481019482052,0.00013069565559714301,6.9444921834845675e-05,7.3955348890869359e-07,2.2909150924997221e-05,2.99512836127793,1.2212363921879881,-0.17961309108506723,0.043614220708790369,1.7819502140956591,0.58101944959133101,-0.12735482722489591,1.78194172201358,0.58088928842224208,-0.12734662301894209
21.640000000000001,10820,0.0070105814795051969,0.015000202315350871,0,0.18506051957729827,0.00013032336229093299,6.4503714916313448e-05,7.8286512064100081e-07,2.3162298399097643e-05,2.9955562312818058,1.2212607157095561,-0.17959205730054276,0.043602982426458464,1.7819783232307007,0.58157634657667712,-0.12739023563366056,1.781969644517517,0.58144657492785856,-0.12738197864515366
21.66,10830,0.0070115496397631224,0.015000240699810563,0,0.18518867127720565,0.00012971290169430503,5.9568687321583433e-05,8.218086574884772e-07,2.2556434745889217e-05,2.9959731317099649,1.2212850424832733,-0.17957101823258559,0.043591744782710946,1.7820046130415292,0.58209706906002012,-0.12742333715540563,1.7819957663746036,0.58196792353215587,-0.12741505428253888
21.68,10840,0.0070124987917961215,0.015000274810789825,0,0.18530912142542666,0.00012885288247676733,5.507998116610668e-05,8.5687144324932221e-07,2.3004407680670755e-05,2.9963791936423307,1.2213093719802446,-0.17954997468413977,0.043580507650206393,1.782029104920003,0.58258205721867951,-0.12745416280689015,1.7820201102150233,0.58245378589576657,-0.12744587858555886
21.699999999999999,10850,0.0070134292124781278,0.015000305128025377,0,0.18542176756841786,0.00012773371389241788,5.0711567328482447e-05,8.8836312063192288e-07,2.2781522350186147e-05,2.9967745756130175,1.2213337038661263,-0.17952892714460611,0.043569270921831597,1.7820518227880731,0.58303183352688193,-0.12748274747289232,1.7820427026928278,0.5829046939890189,-0.12747448530371933
21.719999999999999,10860,0.0070143412250345772,0.015000332002104284,0,0.18552654946801109,0.00012634692051953842,4.6825417805008607e-05,9.1653082013809435e-07,2.2845425764212974e-05,2.9971594619385544,1.2213580378932241,-0.17950787597181311,0.043558034506541055,1.782072794905212,0.58344700363554836,-0.12750913064258235,1.7820635745720494,0.58332126181056132,-0.12750091339060421
21.740000000000002,10870,0.007015235197835634,0.015000355729424139,0,0.18562344951046761,0.00012468463353969609,4.311345578280787e-05,9.416087538269066e-07,2.2394272795856101e-05,2.997534062357663,1.2213823738522274,-0.17948682146830161,0.04354679832416701,1.7820920542483107,0.5838282575360717,-0.1275333568537427,1.7820827608128094,0.58370418710598515,-0.12752520711290954
21.760000000000002,10880,0.0070161114517414283,0.015000378929142494,0,0.18571249409991575,0.00012271293334793144,3.9661438822045743e-05,9.6773948449249157e-07,2.2588727439225648e-05,2.9978985905649647,1.2214067091520482,-0.17946576633902905,0.043535560311860177,1.7821096002273478,0.58417634700561527,-0.12755548194602254,1.7821003006574301,0.58405425308644809,-0.12754741615947696
21.780000000000001,10890,0.0070169704478941358,0.015000400806928544,0,0.18579374815716077,0.00012043408615075007,3.6920157786677237e-05,9.9431337705476437e-07,2.2877310533063834e-05,2.9982533139419916,1.2214310437995599,-0.17944470978966462,0.043524320588894695,1.7821254588257904,0.58449214656047566,-0.12757555611366217,1.7821162377165447,0.58437233014729772,-0.1275675957503275
21.800000000000001,10900,0.0070178127667506942,0.01500041919730517,0,0.18586732097643155,0.0001178675279141701,3.3786143632070123e-05,1.0175624891797561e-06,2.2940947124789083e-05,2.9985985332160423,1.2214553801492622,-0.17942364957684526,0.043513080990425529,1.7821397239537882,0.58477663199941454,-0.12759363463590034,1.7821306200552087,0.58465937758669506,-0.12758580674569528
21.82,10910,0.0070186389941962676,0.015000434330632841,0,0.18593336831724094,0.00011501011849631473,3.1323138810461523e-05,1.0364564509332617e-06,2.2845425764212974e-05,2.9989345577555326,1.2214797193785578,-0.17940258589160019,0.043501842291219846,1.782152504307758,0.58503084547716611,-0.12760978777128545,1.7821435002790096,0.58491644532423837,-0.12760211575506125
21.84,10920,0.0070194498027033895,0.015000445101379781,0,0.18599208378503798,0.00011187492162676202,2.9402556261217099e-05,1.0487327362535828e-06,2.2524095754713237e-05,2.9992617473777874,1.2215040628641816,-0.17938151757858914,0.043490606067441304,1.7821638836302476,0.58525594039728612,-0.12762408393419256,1.7821549356201782,0.58514467561958561,-0.12761659524618676
21.859999999999999,10930,0.0070202457984404124,0.015000453212141631,0,0.18604370251353147,0.00010844017573852844,2.6944641791599681e-05,1.0571421546360115e-06,2.2972699315936647e-05,2.9995804682342282,1.2215284087519387,-0.17936044639848406,0.043479371292219848,1.7821738857993785,0.58545313380455999,-0.12763660411799457,1.7821649880236985,0.58534530479107882,-0.12762932365414742
21.879999999999999,10940,0.0070210276222531405,0.015000460460331422,0,0.18608849992113888,0.00010467516753539742,2.4715235582738938e-05,1.0648065489003621e-06,2.3067693653563172e-05,2.9998911109895072,1.2215527550885519,-0.17933937421477289,0.043468136263929466,1.7821825357331316,0.58562372992308231,-0.12764743717776125,1.782173724233419,0.58551966493436725,-0.1276403854903666
21.900000000000002,10950,0.007021796039102933,0.01500046646404786,0,0.18612678958489681,0.00010057370406054553,2.2781522350186147e-05,1.0714286014669948e-06,2.2972699315936647e-05,3.0001941118882898,1.22157710199016,-0.17931830064331261,0.043456900884389547,1.7821898969873617,0.5857691529250032,-0.12765667221826732,1.7821812158781625,0.58566918564103021,-0.12764987145164935
21.920000000000002,10960,0.0070225518608813655,0.015000471144236084,0,0.1861589245818053,9.6131396577884117e-05,2.1258792350482307e-05,1.0769308722233187e-06,2.2556434745889217e-05,3.0004899325429855,1.2216014494851422,-0.17929722560442324,0.04344566514428902,1.7821960473558061,0.58589092720333202,-0.12766440523891726,1.7821875395578377,0.58579539571720196,-0.1276578785292159
21.940000000000001,10970,0.007023295948223927,0.015000474583762999,0,0.18618529619280139,9.1343190350379023e-05,1.9618224787422011e-05,1.0813954353351114e-06,2.2781522350186147e-05,3.0007790629161244,1.2216257975247706,-0.1792761491823866,0.043434429033306264,1.7822010714169427,0.58599067719233033,-0.12767073922176772,1.7821927769295487,0.58589992490219278,-0.12766451011773541
21.960000000000001,10980,0.0070240292141983659,0.015000476907233681,0,0.18620633266259384,8.6203611519968426e-05,1.7990127040434818e-05,1.0849500958946069e-06,2.2556434745889217e-05,3.0010620234587662,1.2216501460388363,-0.17925507150382131,0.043423192537257786,1.7822050586933516,0.58607012951602122,-0.12767578384103093,1.7821970147937063,0.58598450558711512,-0.12766987612435982
21.98,10990,0.0070247526263093009,0.015000478240385553,0,0.18622249815720535,8.0707006515231332e-05,1.6903855776160324e-05,1.0877270135038853e-06,2.2749503328951236e-05,3.0013393661591641,1.2216744949561817,-0.17923399269651691,0.043411955640159643,1.7822081034280042,0.58613111497792214,-0.12767965542074258,1.7822003451801387,0.58605097453350596,-0.12767409307775737
22,11000,0.0070254672077296812,0.015000478700760524,0,0.18623429181138612,7.4847648103543729e-05,1.5881107829924093e-05,1.0898520034337853e-06,2.2459278078588273e-05,3.0016116751973851,1.2216988442100125,-0.17921291287995286,0.043400718325777174,1.7822103047312108,0.58617557036824519,-0.12768247701204929,1.7822028654342015,0.58610127459194905,-0.1276772842371463
22.02,11010,0.0070261741475541083,0.015000475178444385,0,0.18624224404849926,6.8636133549753868e-05,1.5367925632528735e-05,1.086922702784438e-06,2.262097403300073e-05,3.0018795996723795,1.2217231967422695,-0.17919182885609186,0.043389481573942387,1.782211789991504,0.58620555465937185,-0.12768437267571139,1.7822046783028886,0.58613745642069959,-0.12767957970132868
22.039999999999999,11020,0.0070268745365685116,0.015000469660812912,0,0.18624692363565254,6.2057851671400713e-05,1.5415284529485704e-05,1.0815038472399136e-06,2.2685329707937426e-05,3.0021437748593556,1.2217475509274394,-0.1791707426596621,0.043378244960293293,1.7822126607970494,0.58622321304581637,-0.12768548344341088,1.7822058920209427,0.5861616802043077,-0.12768111651772393
22.059999999999999,11030,0.0070275696643962724,0.015000459054258748,0,0.18624892534884549,5.5128468740872124e-05,1.5320420339170408e-05,1.0696911216850603e-06,2.3036072399968081e-05,3.0024049179211847,1.2217719085026091,-0.17914965113178236,0.043367010609782382,1.7822130293819969,0.58623083256219088,-0.12768594442879636,1.7822066203969662,0.58617621737224213,-0.12768203879140269
22.080000000000002,11040,0.0070282606938689646,0.015000446949788424,0,0.18624888437320258,4.7818335854851351e-05,1.4787793334711022e-05,1.0562653130479728e-06,2.2394272795856101e-05,3.0026637182127267,1.2217962668201741,-0.17912855795023525,0.043355776722444672,1.782213001500339,0.58623076705263732,-0.12768591620431916,1.7822069828995313,0.58618345231751223,-0.12768249779412041
22.100000000000001,11050,0.0070289489819528794,0.015000432330907136,0,0.18624745824937172,4.0122664884284897e-05,1.3976876963794299e-05,1.0406550183641889e-06,2.2909150924997221e-05,3.0029209485883026,1.2218206265298621,-0.17910746209342734,0.043344541796329898,1.7822126930421063,0.58622550971597498,-0.12768555223272132,1.782207104743291,0.58618588411529315,-0.12768265207335111
22.120000000000001,11060,0.0070296359466547375,0.015000414387273116,0,0.18624534135120976,3.2056621093861298e-05,1.4388049231413678e-05,1.021463939600827e-06,2.2909150924997221e-05,3.0031774116929384,1.2218449878294171,-0.17908636272492895,0.043333308109945873,1.7822122307533252,0.58621768508819772,-0.12768501603571958,1.7822071169982419,0.58618612637801082,-0.12768266565782613
22.140000000000001,11070,0.0070303223002377603,0.015000420979612085,0,0.18624329666133022,2.390186710641598e-05,1.3226604453452851e-05,1.0307597398973786e-06,2.3193747562800386e-05,3.0034336801926429,1.2218693357727737,-0.17906528822547768,0.043322063584973577,1.7822117003430971,0.58620981942911909,-0.12768456176583928,1.7822071612297659,0.58618646477334768,-0.1276822692224617
22.16,11080,0.0070310094133062195,0.015000442089314401,0,0.18624116150799447,1.6697350385861448e-05,1.2313298636799924e-05,1.0603473004697451e-06,2.262097403300073e-05,3.0036904056857141,1.2218936714335591,-0.179044228508212,0.043310812035077154,1.7822112872824492,0.58620410417576652,-0.12768356815619031,1.7822073903751279,0.58618821786062314,-0.1276802154536382
22.18,11090,0.0070316983753141195,0.015000463786964287,0,0.18623774930324241,1.1251594011352696e-05,1.1643920115677386e-05,1.0933575100422121e-06,2.2717439178655149e-05,3.0039479390856947,1.221918003153212,-0.17902316935654711,0.043299559986379986,1.782211219713639,0.5862018519624399,-0.12768055094382544,1.7822079537783957,0.58619252820359313,-0.12767516582026606
22.199999999999999,11100,0.0070323895976430835,0.015000493341026917,0,0.18623169392102354,9.1955951655753021e-06,1.0386604689550578e-05,1.1352765745053029e-06,2.2845425764212974e-05,3.0042063467568405,1.2219423310204749,-0.17900211807006872,0.043288304349784423,1.7822116722538408,0.5862039098586439,-0.12767393904377231,1.7822089952991573,0.58620049640674254,-0.12766583094718995
22.219999999999999,11110,0.0070330836364278304,0.01500053103137052,0,0.18622174265254904,1.166508596135196e-05,1.0029569411827041e-05,1.1861684206858019e-06,2.2491710265994076e-05,3.0044657697001731,1.22196665497654,-0.17898107492548337,0.043277045721701948,1.7822127928675502,0.58621119091176632,-0.12766226310869422,1.7822106533790769,0.58621318162447711,-0.12765097001866263
22.240000000000002,11120,0.0070337815571360832,0.015000556207596419,0,0.18620673545999361,1.6348382575269695e-05,9.7345173005335319e-06,1.2202887339205076e-06,2.2749503328951236e-05,3.0047265396262719,1.2219909864152132,-0.1789600188378995,0.043265797342260146,1.7822147185143058,0.58622471700089807,-0.12764412512117357,1.7822130611084506,0.58623160207031488,-0.12762939018181896
22.260000000000002,11130,0.0070344838442993546,0.01500057070618129,0,0.18618562726604818,2.159660806531195e-05,9.5835854103906053e-06,1.240125531826835e-06,2.265317472408141e-05,3.0049888005010366,1.2220153241868641,-0.17893895168821589,0.043254557653736064,1.782217562474981,0.58624537330018545,-0.12761827172990109,1.7822163462927638,0.5862567355260786,-0.12759994595014976
22.280000000000001,11140,0.0070351906688422674,0.015000588606103269,0,0.18615745765336983,2.6965865368099045e-05,8.7068169648562888e-06,1.263558654171164e-06,2.3036072399968081e-05,3.0052525947082867,1.2220396603182286,-0.17891788786057033,0.04324331724357295,1.7822214290227012,0.58627396458753478,-0.12758355123196932,1.7822206315192461,0.58628951985108702,-0.12756153860697569
22.300000000000001,11150,0.0070359025533149782,0.015000609478965862,0,0.18612131095349524,3.228965836508443e-05,8.1891091329340797e-06,1.2902543247132154e-06,2.2588727439225648e-05,3.0055180869323923,1.2220639949616758,-0.17889682692327349,0.043232076023800317,1.7822264291542276,0.58631134776987182,-0.12753884483154321,1.7822260342234291,0.58633085349134706,-0.12751311560892128
22.32,11160,0.007036620014888962,0.015000632479679732,0,0.18607632806026492,3.7494411911907541e-05,8.099607985145754e-06,1.3193030959572215e-06,2.2781522350186147e-05,3.0057854425836403,1.2220883285651294,-0.17887576801739757,0.043220834186163071,1.7822326720346635,0.58635835661024449,-0.12748309382638598,1.7822326667557011,0.5863815959887454,-0.12745366998938867
22.34,11170,0.0070373435437143944,0.015000657043230354,0,0.18602170407259083,4.254455176236482e-05,6.3890569402603996e-06,1.3501052381140525e-06,2.3004407680670755e-05,3.0060548196945147,1.2221126614376099,-0.17885471056887264,0.043209591809596444,1.7822402632017271,0.58641579161870672,-0.12741529878081401,1.7822406364478647,0.58644256849024035,-0.12738223976203164
22.359999999999999,11180,0.0070380740101521986,0.015000668526712901,0,0.18595665921155691,4.7341627579228832e-05,6.1566493183999529e-06,1.3647148849398159e-06,2.265317472408141e-05,3.0063265224510496,1.2221370054396183,-0.17883363961305618,0.043198349106124675,1.7822492984306584,0.58648449470881148,-0.12733447363222181,1.7822500456796921,0.58651455425705401,-0.12729790732422952
22.379999999999999,11190,0.0070388117378766719,0.015000670138001677,0,0.18588049600047105,5.1905144267449392e-05,5.1226418775095649e-06,1.3671745698020129e-06,2.2394272795856101e-05,3.006600650951115,1.2221613577546699,-0.17881255843304286,0.043187106039976934,1.7822598727971777,0.58656517032245181,-0.1272397409525523,1.7822609919454819,0.58659829917386352,-0.12719979886056104
22.400000000000002,11200,0.0070395567978993158,0.015000673456491063,0,0.18579257633313528,5.6302203335577594e-05,4.9783130603797145e-06,1.3717632844233809e-06,2.2877310533063834e-05,3.0068772107390735,1.2221857088602586,-0.17879147886656865,0.043175862460025978,1.7822720837603314,0.58665844923284138,-0.1271302947817389,1.7822735679206154,0.58669451225799341,-0.12708708374627831
22.420000000000002,11210,0.0070403095881687401,0.015000678389522973,0,0.18569228246567121,6.0527766147768747e-05,5.6632936810203177e-06,1.3783270815653829e-06,2.265317472408141e-05,3.0071563320989747,1.2222100588763889,-0.17877040081777876,0.04316461839352001,1.7822860227659647,0.58676499862047948,-0.12700533711645295,1.7822878615281121,0.58680386616860702,-0.12695897395078065
22.440000000000001,11220,0.0070410704958577775,0.015000684512422891,0,0.18557903773917295,6.4573908456117617e-05,8.1891091329340797e-06,1.3863410467886334e-06,2.2685329707937426e-05,3.0074381436675957,1.222234408139254,-0.17874932385255704,0.043153373880575052,1.7823017738945734,0.58688545551771965,-0.12686411244611034,1.7823039560051874,0.58692699771589851,-0.12681472344108863
22.460000000000001,11230,0.0070418398815599572,0.015000691553067486,0,0.18545230810243482,6.8436502083271518e-05,1.059505231752994e-05,1.3954862274093237e-06,2.2588727439225648e-05,3.007722765699782,1.2222587568381156,-0.17872824769334406,0.043142128952007357,1.7823194153731794,0.58702042023418433,-0.12670591016249586,1.7823219299698077,0.58706450837028479,-0.12665362758531781
22.48,11240,0.0070426180822663418,0.01500069931753613,0,0.18531160122111198,7.2113803841023888e-05,1.2547858734911261e-05,1.4055452410707368e-06,2.2877310533063834e-05,3.008010310870088,1.2222831050934737,-0.17870717214272647,0.043130883631448985,1.782339020482494,0.58717045761636499,-0.12653006287429014,1.7823418574872463,0.58721696477159724,-0.12647502255615278
22.5,11250,0.0070434054132535364,0.01500070764578618,0,0.18515646576920297,7.5605382063485523e-05,1.4589290462454084e-05,1.4163426392529091e-06,2.2394272795856101e-05,3.0083008848404127,1.2223074529990958,-0.17868609703793928,0.043119637938776718,1.7823606579420603,0.58733609812805998,-0.12633594496076003,1.7823638081366413,0.58738489923827353,-0.12627828473432107
22.52,11260,0.0070442021689122863,0.015000716395156075,0,0.18498648969691117,7.8911644746559829e-05,1.7663006536443448e-05,1.427723034283618e-06,2.2459278078588273e-05,3.0085945864905592,1.2223318006370072,-0.17866502223393729,0.043108391891811149,1.7823843920732025,0.58751783848009509,-0.12612297150037655,1.7823878470775507,0.58756881027654917,-0.12606283011206695
22.539999999999999,11270,0.0070450086231848529,0.01500072543492309,0,0.18480130055831859,8.2033606751625036e-05,2.016786123962658e-05,1.4395441212302189e-06,2.2524095754713237e-05,3.0088915080256551,1.2223561480820817,-0.17864394759781643,0.043097145506943095,1.7824102828884245,0.58771614212408607,-0.12589059737954955,1.7824140351165088,0.58776916308964999,-0.1258281136966255
22.559999999999999,11280,0.0070458250298909026,0.015000734644542412,0,0.18460056693552471,8.4972738982750005e-05,2.3256518306983181e-05,1.4516745780767301e-06,2.3099271619960363e-05,3.0091917350617723,1.2223804954033335,-0.17862287300701463,0.043085898799343193,1.7824383861605717,0.5879314397344132,-0.12563831648903123,1.7824424287735823,0.58798639008698328,-0.12557362891369639
22.580000000000002,11290,0.0070466516230297408,0.015000743912981455,0,0.18438399702563313,8.7730855584655385e-05,2.6370413057785079e-05,1.4639934123582411e-06,2.2877310533063834e-05,3.0094953467081913,1.2224048426642324,-0.17860179834863668,0.043074651783075187,1.7824687534879149,0.58816412970153509,-0.12536566097439525,1.782473080348927,0.58822089139333023,-0.12529890701091778
22.600000000000001,11300,0.0070474886170817956,0.015000753138288516,0,0.1841513384068276,9.0310027297211835e-05,2.9796577936788606e-05,1.4763895546821575e-06,2.2717439178655149e-05,3.0098024156511483,1.2224291899229107,-0.17858072351901536,0.043063404471185195,1.7825014323592376,0.58841457863461655,-0.12507220052563978,1.7825060379893443,0.58847303535803719,-0.1250035164613405
22.620000000000001,11310,0.0070483362073136269,0.015000762227163867,0,0.18390237780560775,9.2712515554297241e-05,3.2867513271436206e-05,1.4887614562575613e-06,2.3225154141253322e-05,3.010113008246345,1.222453537232367,-0.17855964842327798,0.043052156875805402,1.7825364662197094,0.58868312186905558,-0.12475754169632243,1.7825413457548365,0.58874315906420771,-0.12468706236690157
22.640000000000001,11320,0.0070491945700861562,0.01500077109450843,0,0.18363694085547433,9.494072297120376e-05,3.6040980291304105e-05,1.5010166337696389e-06,2.262097403300073e-05,3.0104271846119746,1.2224778846407263,-0.1785385729748887,0.043040909008258778,1.7825738945375225,0.58897006397622242,-0.12442132724494259,1.7825790436851638,0.58903156883789465,-0.1243491858618983
22.66,11330,0.007050063863165236,0.015000779662970785,0,0.18335489184010501,9.69971564872234e-05,3.9643055767142999e-05,1.5130711837537165e-06,2.3036072399968081e-05,3.0107449987246961,1.2225022321915411,-0.17851749709518411,0.043029660879162449,1.7826137528710688,0.58927567927400748,-0.12406323549289505,1.7826191678664005,0.58933854075729142,-0.1239895635164623
22.68,11340,0.007050944226033788,0.015000787862489994,0,0.18305613341570665,9.8884400114312163e-05,4.302883655347645e-05,1.5248492923119221e-06,2.2909150924997221e-05,3.0110664985190354,1.2225265799240879,-0.17849642071290953,0.043018412498533595,1.7826560729364449,0.58960021233753956,-0.12368297969470066,1.7826617504974913,0.58966432116192458,-0.12360790674003319
22.699999999999999,11350,0.0070518357802051325,0.015000795629876539,0,0.18274060630842506,0.00010060509484790693,4.6575680462710742e-05,1.5362827710315159e-06,2.2749503328951236e-05,3.0113917259829508,1.2225509278736646,-0.17847534376379079,0.043007163875881355,1.782700882675105,0.58994387850980734,-0.12328030741723897,1.7827068199568072,0.59000912716184484,-0.12320396118483269
22.719999999999999,11360,0.00705273862953736,0.015000802908415038,0,0.1824082889836865,0.00010216192391951609,5.0292993084993917e-05,1.547310607155197e-06,2.3162298399097643e-05,3.0117207172607032,1.2225752760718773,-0.17845426619012886,0.042995915020298335,1.7827482063215263,0.59030686441206681,-0.12285499992559133,1.7827544008687017,0.59037314714681943,-0.12277750614933838
22.740000000000002,11370,0.0070536528605487257,0.015000809647507178,0,0.18205919728501974,0.0001035576019585192,5.4132211712767288e-05,1.5578785628576284e-06,2.3067693653563172e-05,3.0120535027528565,1.2225996245468918,-0.17843318794043439,0.04298466594054233,1.7827980644707575,0.59068932845403976,-0.12240687157368359,1.7828045141700681,0.5907565412955238,-0.12232835398175768
22.760000000000002,11380,0.0070545785427341655,0.015000815802337714,0,0.1816933840404763,0.00010479486703616561,5.7956076946837667e-05,1.5679387953033113e-06,2.2781522350186147e-05,3.0123901072172892,1.222623973323669,-0.17841210896908749,0.042973416645113484,1.7828504741457918,0.5910914013439077,-0.12193576919842884,1.7828571771768946,0.59115944208473326,-0.12185634948350194
22.780000000000001,11390,0.0070555157288830165,0.015000821333585001,0,0.18131092392075113,0.00010587647480821872,6.1826418126018849e-05,1.5774495131614933e-06,2.2588727439225648e-05,3.0127305498731407,1.2226483224241889,-0.17839102923604189,0.042962167142318104,1.7829054488647484,0.59151318659813834,-0.12144157151640431,1.7829124036508208,0.59158195479851505,-0.12136136931265995
22.800000000000001,11400,0.0070564644553980658,0.015000826207144758,0,0.18091193478978213,0.00010680519418375602,6.5823678001286417e-05,1.5863746534273226e-06,2.2972699315936647e-05,3.0130748445018947,1.2226726718676433,-0.17836994870654299,0.042950917440335391,1.7829629987077766,0.59195476105118838,-0.12092418852236618,1.7829702038656945,0.59202415803742015,-0.12084332138747222
22.82,11410,0.0070574240669862747,0.015000853413421266,0,0.18049662677884204,0.00010772317519445234,6.9612663436309575e-05,1.623543155935658e-06,2.2909150924997221e-05,3.0134227578528767,1.2226970018777721,-0.17834889092401363,0.042939666637489375,1.783023101694676,0.59241604506783618,-0.1203836304948655,1.7830305846741275,0.59248610422767478,-0.12030214428980468
22.84,11420,0.0070583948154754822,0.015000895261528122,0,0.18006517708238054,0.00010857264152866267,7.3165960666586802e-05,1.6796130795600822e-06,2.2909150924997221e-05,3.0137743873658218,1.2227213188417019,-0.17832784802286661,0.042928414789903474,1.7830857639350197,0.59289712047907606,-0.11981983691682344,1.7830935495740523,0.59296782013037286,-0.11973780666862269
22.859999999999999,11430,0.0070593773061666696,0.015000931314561816,0,0.17961778015772895,0.000109224065509345,7.6887045401449348e-05,1.7290355518029233e-06,2.3099271619960363e-05,3.0141299548771743,1.22274564017182,-0.1783067990788347,0.042917162683170189,1.7831510091058003,0.59339811078502458,-0.11923274148303446,1.7831590987752775,0.59346930735066705,-0.11915030664346492
22.879999999999999,11440,0.0070603715009906415,0.015000961923509094,0,0.17915470192219365,0.00010968669013793406,8.0960073590582274e-05,1.7720958694745423e-06,2.265317472408141e-05,3.0144894472830748,1.2227699656403852,-0.17828574444713696,0.042905910470436848,1.7832188387783374,0.59391898517012565,-0.11862237712424342,1.7832272292660449,0.59399054284696118,-0.11853967120791728
22.900000000000002,11450,0.0070613773277994661,0.015000987996810456,0,0.17867577290817485,0.00010997821671260062,8.5078019074296654e-05,1.8098513737137696e-06,2.2588727439225648e-05,3.0148528403285542,1.2227942945344421,-0.17826468505561394,0.042894658163967869,1.7832892474702651,0.59445968079343292,-0.11798880906637148,1.7832979348795861,0.59453147944010187,-0.11790595563308667
22.920000000000002,11460,0.0070623947129734698,0.015001010058391398,0,0.17817952414087865,0.0001101108045215729,8.9340793355673144e-05,1.8429195467840827e-06,2.2940947124789083e-05,3.0152201103368563,1.2228186264419911,-0.17824362143950342,0.042883405759194956,1.7833622256578281,0.59502011636518248,-0.11733212723316462,1.7833712063606768,0.59509204632257018,-0.11724924287107541
22.940000000000001,11470,0.0070634235758714825,0.015001028431089669,0,0.17766692234255402,0.00011009313759370657,9.3736414792303015e-05,1.8716860081723829e-06,2.2685329707937426e-05,3.0155912318223681,1.2228429611056428,-0.17822255392861011,0.042872153254515023,1.7834377605664535,0.59560019072546555,-0.11665244679303755,1.783447031432196,0.59567214956767378,-0.11656964295845446
22.960000000000001,11480,0.0070644638251415124,0.015001043357110331,0,0.17713985787508027,0.00010993216930106937,9.8202527861653157e-05,1.8964450164004086e-06,2.2556434745889217e-05,3.015966175945056,1.2228672983297704,-0.17820148277033809,0.042860900651357642,1.7835158364989112,0.59619978172763877,-0.11594990849837658,1.7835253948616794,0.59627167263873859,-0.11586729241973769
22.98,11490,0.0070655153574578971,0.01500105504633543,0,0.17659876832735116,0.00010963381644099895,0.00010288592378771181,1.9174550096258803e-06,2.3193747562800386e-05,3.0163449099623292,1.2228916379446702,-0.17818040817903119,0.042849647952870433,1.7835964350100244,0.59681874610075225,-0.11522467846388194,1.7836062785278777,0.59689047689830044,-0.11514235367085583
23,11500,0.0070665780572890515,0.015001063692729594,0,0.17604411156875266,0.00010920324712722118,0.00010758903053684989,1.9349566896673879e-06,2.2845425764212974e-05,3.0167273971052477,1.2229159797948979,-0.17815933035271597,0.042838395163373254,1.7836795350058963,0.59745691968928183,-0.11447694772503104,1.7836896614873121,0.59752840211729719,-0.1143950144226303
23.02,11510,0.0070676517970157809,0.015001069479277594,0,0.17547636920719809,0.00010864505309254908,0.00011227042290726216,1.9491779303894798e-06,2.3225154141253322e-05,3.0171135965945592,1.2229403237359089,-0.17813824947813803,0.042827142288226365,1.7837651128056664,0.59811411780001311,-0.11370693173169955,1.7837755200408305,0.59818526698426044,-0.11362548708424705
23.039999999999999,11520,0.0070687364371583806,0.015001072579399352,0,0.17489605042906806,0.00010796338205430491,0.00011708844900053714,1.9603348455773713e-06,2.3004407680670755e-05,3.0175034637104208,1.2229646696330803,-0.1781171657322056,0.042815889333802225,1.7838531421877859,0.59879013558619998,-0.11291486981890346,1.7838638278001635,0.59886086961450746,-0.11283400816673066
23.059999999999999,11530,0.0070698318266384378,0.015001073157543251,0,0.17430359840786869,0.00010716204416280964,0.00012197315217163278,1.9686321095304959e-06,2.2940947124789083e-05,3.0178969498703521,1.2229890173612046,-0.17809607928259358,0.042804636307458163,1.7839435944323316,0.59948474845618016,-0.11210102466338354,1.7839545557544816,0.59955498805933261,-0.11202083768641805
23.080000000000002,11540,0.0070709378030549387,0.01500107136967057,0,0.1736996386914316,0.00010624459591738768,0.00012690534671958497,1.9742633173352613e-06,2.2813496432377448e-05,3.0182940027197516,1.2230133668039551,-0.17807499028824453,0.042793383217493104,1.7840364383646441,0.60019771250333087,-0.11126568172846267,1.7840476723369507,0.60026738081519981,-0.11118625856843239
23.100000000000001,11550,0.0070720541929694342,0.015001067363848911,0,0.17308476957080821,0.0001052144047676028,0.00013188523144852432,1.9774115342659819e-06,2.2877310533063834e-05,3.0186945662209483,1.2230377178532823,-0.1780538988999753,0.042782130073088502,1.7841316404022245,0.60092876495433001,-0.11040914869911685,1.7841431434912884,0.60099778733293363,-0.11033057605015752
23.120000000000001,11560,0.0070731808121990468,0.01500106128089459,0,0.17245959953411674,0.00010407469801112667,0.00013687032762135142,1.9782499824881936e-06,2.2781522350186147e-05,3.0190985807490041,1.2230620704087252,-0.17803280526114176,0.042770876884248868,1.7842291646052153,0.60167762463228791,-0.10953175490918161,1.7842409327383209,0.60174592852691178,-0.10945411708471101
23.140000000000001,11570,0.0070743174661165153,0.015001053255038482,0,0.17182475940775985,0.00010282859939708235,0.00014187036219947408,1.9769427716581864e-06,2.265317472408141e-05,3.0195059831884574,1.2230864243767292,-0.17801170950831921,0.042759623661741727,1.784328972730127,0.60244399243152513,-0.10863385076244773,1.7843410012425382,0.6025115072842564,-0.10855722974441864
23.16,11580,0.0070754639499565801,0.015001043414588291,0,0.17118090116946827,0.00010147915633856325,0.00014692846649453308,1.9736456400603511e-06,2.2588727439225648e-05,3.0199167070295498,1.2231107796699776,-0.17799061177198772,0.042748370417037482,1.7844310242862236,0.60322755180126575,-0.10771580714909833,1.7844433078786515,0.60329420897402652,-0.10764028262428822
23.18,11590,0.0070766200491281126,0.015001031882555822,0,0.17052869671475099,0.00010002936010426084,0.00015187574911353435,1.9685066637416121e-06,2.265317472408141e-05,3.0203306824711831,1.2231351362067517,-0.17796951217717202,0.04273711716225663,1.7845352765939602,0.60402796923601243,-0.10677801485864725,1.7845478092981484,0.60409370195640921,-0.10670366424548343
23.199999999999999,11600,0.0070777855395311529,0.015001018777203952,0,0.16986883657719387,9.8482160795425284e-05,0.00015694579829942439,1.9616668713485363e-06,2.3004407680670755e-05,3.020747836520929,1.2231594939103694,-0.17794841084400928,0.042725863910114195,1.78464168484494,0.60484489477093306,-0.10582088399026474,1.7846544599958503,0.60490963809191167,-0.10574778245879776
23.219999999999999,11610,0.0070789601878781519,0.015001004212569367,0,0.1692020286030243,9.6840478547309934e-05,0.00016196065816452372,1.9532608350975934e-06,2.2524095754713237e-05,3.0211680930978928,1.2231838527086305,-0.17792730788828431,0.042714610673877523,1.7847502021630046,0.60567796248091088,-0.10484484336117547,1.7847632123764678,0.60574165325055329,-0.10477306384812843
23.240000000000002,11620,0.0070801437520187742,0.015000988298911297,0,0.16852899658041168,9.5107211994350117e-05,0.00016695586766768639,1.9434171390638306e-06,2.2717439178655149e-05,3.0215913731388953,1.2232082125333794,-0.17790620342189009,0.042703357467316003,1.7848607796660669,0.6065267909823322,-0.10385033991362953,1.7848740168211572,0.60658936782105721,-0.10377995313395012
23.260000000000002,11630,0.0070813359812676793,0.015000971143096087,0,0.16785047882404724,9.3285244861236863e-05,0.00017189921931053668,1.932258812252845e-06,2.2717439178655149e-05,3.0220175947012211,1.2232325733200493,-0.17788509755322851,0.042692104304661513,1.7849733665285179,0.6073909839368149,-0.10283783812084203,1.7849868217540767,0.60745238722004191,-0.10276891257678959
23.280000000000001,11640,0.0070825366167347591,0.01500095284892732,0,0.16716722671568171,9.1377451258839462e-05,0.00017686101913039163,1.9199036525996647e-06,2.2940947124789083e-05,3.0224466730686714,1.223256935007315,-0.17786399038754599,0.042680851200562434,1.7850879100439827,0.60827013055640289,-0.10180781939217137,1.7851015737089431,0.60833030240121355,-0.10174042138069853
23.300000000000001,11650,0.007083745391657373,0.01500093351743759,0,0.16648000320144321,8.9386700169651493e-05,0.00018168335288966796,1.9064645130164337e-06,2.2459278078588273e-05,3.0228785208590025,1.2232812975367551,-0.17784288202723939,0.042669598170046924,1.7852043556883708,0.60916380610979992,-0.10076078147774001,1.7852182173955877,0.60922269036455767,-0.10069497509672817
23.32,11660,0.0070849620317341268,0.015000913247110531,0,0.16578958124697818,8.7315859543803199e-05,0.00018652951504785853,1.8920495141867755e-06,2.2685329707937426e-05,3.0233130481307917,1.2233056608525523,-0.17782177257208243,0.042658345228479798,1.7853226471830588,0.61007157242933541,-0.099697237872672304,1.7853366957665122,0.61012911466553088,-0.099633085026403029
23.34,11670,0.0070861862554599505,0.015000892134083513,0,0.16509674225167659,8.51678002605043e-05,0.00019129865017109758,1.8767621916395318e-06,2.2685329707937426e-05,3.0237501624883047,1.2233300249012666,-0.17780066211943746,0.042647092391524644,1.7854427265582637,0.61099297841850231,-0.09861771722105056,1.7854569500834456,0.61104912592425265,-0.098555277625194809
23.359999999999999,11680,0.0070874177744620704,0.015000870272291659,0,0.16440227442346339,8.2945400278060941e-05,0.00019595174694444242,1.8607016135640931e-06,2.2459278078588273e-05,3.0241897691862678,1.2233543896315917,-0.1777795507644068,0.042635839675102989,1.7855645342164703,0.61192756055985076,-0.097522762719660289,1.7855789199839009,0.61198226233469699,-0.097462093905996333
23.379999999999999,11690,0.0070886554882503838,0.015000878800074747,0,0.16370697174150856,8.0882894687854079e-05,0.00020055868045238282,1.8898021420032588e-06,2.3162298399097643e-05,3.0246315704524043,1.2233787355576968,-0.17775847050317722,0.042624556689624837,1.7856877963192626,0.61287463964533673,-0.096413011481248409,1.7857025435477294,0.61292805017388496,-0.096354088842595415
23.400000000000002,11700,0.0070899002648034922,0.015000873280978943,0,0.16301162165183963,7.8663769325227589e-05,0.0002050763587411666,1.9014600783630372e-06,2.2556434745889217e-05,3.025075793564024,1.2234030892260748,-0.17773737575251575,0.042613282843355194,1.7858126799098657,0.61383402079388139,-0.095288912932629907,1.7858277573636796,0.61388600431107576,-0.095231830773148646
23.420000000000002,11710,0.0070911514669094065,0.015000866663627089,0,0.16231590757559194,7.6383444646592905e-05,0.00020942355762385234,1.9136840078775538e-06,2.2588727439225648e-05,3.0255222413265654,1.223427443128343,-0.1777162797842877,0.042602007066134977,1.7859390727077913,0.61480512165572632,-0.094151087496398,1.7859544965959511,0.61485562871695854,-0.094095900803656013
23.440000000000001,11720,0.0070924083344313079,0.015000876073835894,0,0.16161339811975856,7.4186066899300726e-05,0.00021351853042529846,1.952720485080292e-06,2.2524095754713237e-05,3.0259707060749572,1.2234517859629412,-0.17769520021982083,0.042590712069491679,1.7860667714773939,0.61578731649219742,-0.093000175934404697,1.7860826950507527,0.61583641697284497,-0.092946892211433652
23.460000000000001,11730,0.007093671268019232,0.01500087435093315,0,0.16090384695466972,7.1881704450364427e-05,0.00021746270090939687,1.9797637035774018e-06,2.2717439178655149e-05,3.0264212807035489,1.2234761342045808,-0.17767410918382612,0.042579422374564579,1.7861958598892462,0.61678026035101841,-0.091836714311458442,1.7862122852428572,0.61682785277986041,-0.091785409848588614
23.48,11740,0.0070949399159033876,0.015000863494154488,0,0.1601949900880123,6.9461579631810314e-05,0.00022122789244501765,1.9957067562803088e-06,2.2877310533063834e-05,3.0268738288703676,1.2235004877937472,-0.17765300867119849,0.042568138577131154,1.7863263333625294,0.61778342782871432,-0.090661324761777032,1.7863431984621592,0.617829410468136,-0.090612069545492446
23.5,11750,0.007096213883348336,0.015000846341218859,0,0.15948970590291769,6.694082571701361e-05,0.00022481985522338659,2.0031645783643531e-06,2.2459278078588273e-05,3.0273282107416026,1.2235248455613303,-0.17763190155720321,0.042556860174022174,1.7864581444275878,0.61879626575128988,-0.089474645676084083,1.7864753648402294,0.61884055550600015,-0.089427497514255314
23.52,11760,0.0070974927948060443,0.015000824656526562,0,0.15878878552964873,6.4333097058598282e-05,0.00022830105257912769,2.0038441207892447e-06,2.2296409518597789e-05,3.0277842997029398,1.2235492066865168,-0.17761078963321181,0.042545586733472328,1.7865912240092183,0.61981821707124463,-0.088277321334665287,1.7866087134168731,0.61986074500917099,-0.088232329752199593
23.539999999999999,11770,0.0070987762889385781,0.015000799451960645,0,0.15809301032595,6.1649787921830217e-05,0.00023161983691833991,1.9987949633582186e-06,2.2296409518597789e-05,3.0282419773025855,1.2235735706514348,-0.17758967392895258,0.042534317877936628,1.786725492708036,0.62084872111677247,-0.087070002343747441,1.7867431722066844,0.62088942824994753,-0.087027211445334152
23.559999999999999,11780,0.0071000640109302286,0.01500077133384818,0,0.15740315075026431,5.8901120316433219e-05,0.00023476136186889921,1.988726213026257e-06,2.262097403300073e-05,3.0287011285694088,1.2235979371059995,-0.17756855506364849,0.04252305325196655,1.7868608669764223,0.62188721229524369,-0.085853346450250861,1.7868786682656044,0.62192604716640199,-0.085812796371827926
23.580000000000002,11790,0.007101355608067174,0.015000740707443906,0,0.15671996488618462,5.6096565644291964e-05,0.00023780623149782456,1.9741824545907781e-06,2.2230927998283902e-05,3.0291616393948635,1.2236223057856872,-0.17754743345291724,0.042511792517039931,1.7869972623782571,0.62293311968502119,-0.084628018674625161,1.7870151277574755,0.62297003687157138,-0.084589746305483909
23.600000000000001,11800,0.0071026507275938865,0.015000707883542375,0,0.15604419677197004,5.3244980412758797e-05,0.00024061577177063656,1.9556270795451869e-06,2.206637408534863e-05,3.0296233952589788,1.2236466764701102,-0.17752630941652942,0.042500535356032883,1.7871345951330673,0.62398586711770254,-0.083394691050140579,1.7871524760205992,0.62402082616264898,-0.083358730419213725
23.620000000000001,11810,0.0071039490157635745,0.015000673131503836,0,0.1553765746358742,5.0354748541683064e-05,0.00024333597389551327,1.9334792433676148e-06,2.2588727439225648e-05,3.0300862806893503,1.2236710489631588,-0.17750518323195252,0.042489281477846565,1.7872727826763413,0.62504487343203341,-0.082154042190596244,1.7872906376342916,0.62507783803017725,-0.082120424688510246
23.640000000000001,11820,0.0071052501174969215,0.015000636704220681,0,0.15471780909354199,4.7434006546016313e-05,0.00024582751313420153,1.9081292547081717e-06,2.2524095754713237e-05,3.0305501791049947,1.2236954230836266,-0.17748405515955606,0.042478030619556954,1.7874117436936174,0.62610955279263936,-0.080906756780821737,1.7874295364854405,0.62614049016723827,-0.080875511294922542
23.66,11830,0.0071065536763623479,0.015000598848440964,0,0.15406859134125686,4.4490956219822727e-05,0.00024818834242607696,1.8799441199661049e-06,2.2329078268013787e-05,3.0310149728575349,1.2237197986609554,-0.17746292545304468,0.042466782546219238,1.7875513979090376,0.6271793150476952,-0.079653525027777505,1.7875690958350599,0.62720819547864659,-0.079624678029529383
23.68,11840,0.0071078593347309073,0.015000559807606199,0,0.15342959136750886,4.1534268553245396e-05,0.00025029113817619963,1.8492687517627314e-06,2.2459278078588273e-05,3.0314805433656127,1.2237441755335219,-0.17744179436235497,0.042455537049132228,1.7876916657928035,0.62825356611847161,-0.078395042090051534,1.7877092383848485,0.62828036259014086,-0.078368617696413262
23.699999999999999,11850,0.0071091667340245539,0.015000519821114302,0,0.15280145619878516,3.857360432325316e-05,0.00025232153111494061,1.8164254886154368e-06,2.2685329707937426e-05,3.0319467712823172,1.2237685535481304,-0.17742066213294469,0.042444293943330914,1.7878324682762829,0.62933170841591657,-0.077132007495555877,1.7878498863437442,0.62935639635757523,-0.07710802751613427
23.719999999999999,11860,0.0071104752115530067,0.015000484752622356,0,0.15218479319520437,3.5925796542896955e-05,0.00025480530829408241,1.7934385111238196e-06,2.2685329707937426e-05,3.0324135289919787,1.2237929210082132,-0.17739953500656572,0.042433049628691849,1.7879733754490881,0.63041298937982593,-0.075865188504930986,1.7879909614944813,0.63043569837611135,-0.075843608529204021
23.740000000000002,11870,0.0071117849783983861,0.015000440357952432,0,0.15158020606435607,3.3271976655911147e-05,0.0002567858194198088,1.7630217420060162e-06,2.2099382890764463e-05,3.03288081567365,1.2238172948444024,-0.1773783982253479,0.042421805895264363,1.7881146455693706,0.63149701529090396,-0.074595191277257236,1.788132385260147,0.63151766748941096,-0.074576064999559294
23.760000000000002,11880,0.007113095678669322,0.015000386068425116,0,0.15098826210072122,3.0678372954138445e-05,0.00025867509888981391,1.7260421442423934e-06,2.2556434745889217e-05,3.0333485255271198,1.2238416743549021,-0.17735725124311691,0.042410562636774528,1.7882561566888386,0.63258316585577146,-0.073322730181687265,1.7882740787707361,0.63260170029882601,-0.073306103818036955
23.780000000000001,11890,0.0071144068231889148,0.015000323506259022,0,0.15040948941384957,2.8398636469870868e-05,0.00026087500483193833,1.6894007896284818e-06,2.2685329707937426e-05,3.0338165559165327,1.2238660535307571,-0.17733609588448884,0.042399317259455178,1.7883976124348231,0.6336707470746975,-0.072048551876340197,1.7884159629297092,0.63368719167259224,-0.072034433905846379
23.800000000000001,11900,0.007115718148711766,0.015000258221830877,0,0.149844436312318,2.5969755892352463e-05,0.00026189289153499433,1.6449895368881933e-06,2.2940947124789083e-05,3.0342846306988109,1.223890441397079,-0.17731493736211404,0.042388076696281696,1.788539565762679,0.63475930593395369,-0.070773326871111653,1.788557958480548,0.63477353525502023,-0.070761765618044342
23.82,11910,0.0071170292029141225,0.015000190811812681,0,0.14929356569638338,2.3607052100500363e-05,0.00026288188297627919,1.5974141261387994e-06,2.2556434745889217e-05,3.0347526591585354,1.2239148334801682,-0.17729377642704425,0.042376839050771838,1.7886817164724862,0.63584816937081878,-0.069497788009616507,1.7886999860733115,0.63586012397568703,-0.069488810147008723
23.84,11920,0.0071183397439213356,0.015000113109968929,0,0.14875729751982686,2.1676424888014014e-05,0.00026446043525740032,1.5489093224424865e-06,2.2717439178655149e-05,3.035220668106418,1.2239392292087827,-0.17727260497295841,0.042365600076006538,1.7888236459653999,0.63693667574541679,-0.068222653059772445,1.7888419663311925,0.63694635055862858,-0.068216278925912324
23.859999999999999,11930,0.0071196494461747018,0.015000026422718271,0,0.14823605173044607,2.0155484061598001e-05,0.00026565397149227256,1.4987027065578557e-06,2.265317472408141e-05,3.0356885009355734,1.2239636309435811,-0.17725142421563966,0.04235436157069266,1.7889654340431433,0.6380242483639933,-0.06694862982700038,1.788983819917074,0.63803160803153092,-0.066944883032196964
23.879999999999999,11940,0.0071209572523968116,0.014999960875274122,0,0.14773020638348575,1.8732811615214461e-05,0.00026550026830955388,1.4540370028084099e-06,2.2426798989897964e-05,3.0361556247916925,1.2239880260150295,-0.1772302645815734,0.042343130114553061,1.7891074714900972,0.63911022229605985,-0.065676504875997452,1.789125467600085,0.63911529023492242,-0.065675332591047117
23.900000000000002,11950,0.0071222632926504032,0.014999897442269115,0,0.14723186028079066,1.7692632769994889e-05,0.00026546732033511816,1.4087911211458794e-06,2.2909150924997221e-05,3.0366221883826578,1.2240124236958336,-0.17720910682329261,0.04233190141759019,1.7892494063235658,0.64019406998728623,-0.064406914078258659,1.7892668303221573,0.64019679233136551,-0.064408336178863823
23.920000000000002,11960,0.0071235677092239694,0.014999814836627171,0,0.14673527558310187,1.7510814191417401e-05,0.00026618575692918524,1.361090956790909e-06,2.265317472408141e-05,3.0370883680393392,1.2240368328720117,-0.17718792943544426,0.042320671310526428,1.7893908027745486,0.64127521313073721,-0.063140521214950687,1.7894078292645812,0.64127551131464811,-0.063144600226739497
23.940000000000001,11970,0.0071248698428242876,0.014999725026012337,0,0.14625088941969275,1.8116579975617605e-05,0.0002665797983163873,1.3162862257966187e-06,2.2749503328951236e-05,3.0375538868625727,1.2240612471557599,-0.17716674454425416,0.042309442218257921,1.7895317075398101,0.64235298426786702,-0.061878085107587064,1.7895483859145627,0.64235084651897623,-0.061884828423930255
23.960000000000001,11980,0.0071261681801076228,0.014999672595856424,0,0.14578299446840925,1.8993845246631861e-05,0.00026542887586247132,1.2793586851921307e-06,2.2845425764212974e-05,3.0380180593497199,1.2240856412671404,-0.17714559741630054,0.042298219789810916,1.7896724381744782,0.64342660266076457,-0.060620453059344728,1.7896884221317786,0.6434222001281652,-0.060629721121331109
23.98,11990,0.0071274634264670003,0.014999620454674284,0,0.14533177985780699,2.0374992513944521e-05,0.00026443287092899943,1.2426525488088087e-06,2.3162298399097643e-05,3.03848124139112,1.2241100385753236,-0.1771244503357266,0.042286998641039221,1.7898126906336884,0.64449570771884124,-0.059368153958027768,1.7898278602149333,0.64448897768483171,-0.059379974734949256
24,12000,0.0071287548011489807,0.0149995827658528,0,0.14489740798342787,2.2123834909057805e-05,0.00026307036853447232,1.20712152168176e-06,2.2972699315936647e-05,3.0389431502262556,1.2241344284215401,-0.17710331775560201,0.042275780703414735,1.7899523632295864,0.6455595867903644,-0.058121957864658527,1.7899666229683158,0.6455505885995857,-0.058136281149378286
24.02,12010,0.0071300413764833872,0.014999581252141653,0,0.14448000613642772,2.3975924700549442e-05,0.00026064018876663234,1.1708846324951514e-06,2.3162298399097643e-05,3.0394034046234242,1.224158797641814,-0.17708222176349314,0.04226456814435945,1.7900915012250205,0.64661755542518906,-0.056882624528307404,1.7901046337683544,0.64660644666022193,-0.056899327121271812
24.039999999999999,12020,0.0071313236556747074,0.014999585790546199,0,0.1440796545802572,2.6128908722228614e-05,0.00025821819000102858,1.1333979573510371e-06,2.2845425764212974e-05,3.0398622662755632,1.2241831649089556,-0.17706113173288976,0.042253356783115779,1.7902298451616057,0.64766920682292506,-0.055650709536261091,1.7902418166301741,0.64765597054091195,-0.055669793682817811
24.060000000000002,12030,0.0071326014356201837,0.014999590945378234,0,0.1436963982863064,2.856230498709464e-05,0.00025584164615555189,1.0948352330934312e-06,2.2813496432377448e-05,3.0403196919353639,1.2242075325815922,-0.17704004216108701,0.042242146294599735,1.7903672389859648,0.64871397023986166,-0.054426880029743496,1.7903780962741529,0.64869858431139615,-0.054448355545211852
24.080000000000002,12040,0.0071338744244770136,0.014999595009789868,0,0.1433302450161015,3.1207023833478723e-05,0.00025341405560658497,1.0556821027007389e-06,2.3099271619960363e-05,3.0407755887251851,1.2242319010743714,-0.17701895133303147,0.042230936264378967,1.7905035817095691,0.64975126207764089,-0.053211811726483704,1.7905133981924777,0.64973371794617496,-0.053235680502132149
24.100000000000001,12050,0.007135142315236531,0.014999597403562591,0,0.14298116533587568,3.3997818261100201e-05,0.00025082352765285929,1.0162664845339015e-06,2.265317472408141e-05,3.0412298500600241,1.2242562704504023,-0.17699785866951998,0.042219726419900072,1.7906388003166349,0.65078050912309537,-0.052006172087855705,1.7906476487157001,0.65076080783370138,-0.052032428833212116
24.120000000000001,12060,0.0071364047975411762,0.014999598078018268,0,0.14264909252225172,3.6883852188012722e-05,0.00024823826642387522,9.7675200902792307e-07,2.3412708902503816e-05,3.0416823642783348,1.2242806406521582,-0.17697676412489782,0.042208516646375101,1.7907728346991583,0.65180114863916205,-0.0508106190339499,1.7907807750792937,0.65177929728557249,-0.050839252707515062
24.140000000000001,12070,0.0071376615615042398,0.014999597262206536,0,0.14233392274198034,3.9827856469154641e-05,0.00024546549132336556,9.3721063877895527e-07,2.3036072399968081e-05,3.0421330184046615,1.224305011558003,-0.17695566793215242,0.04219730692438723,1.7909056294140908,0.65281262702804521,-0.049625800941570694,1.7909127054902099,0.65278863704572132,-0.049656795587008001
24.16,12080,0.0071389123002784764,0.014999595312164349,0,0.14203551560090644,4.2803046935616469e-05,0.00024260996340460655,8.9767360966059558e-07,2.3193747562800386e-05,3.0425817003399267,1.224329383014829,-0.17693457045172259,0.042186097278558404,1.7910371294445224,0.653814399445524,-0.048452356305565984,1.7910433691934338,0.65378828579960846,-0.048485691630035591
24.18,12090,0.0071401567119619069,0.01499959261743221,0,0.14175369498958076,4.5790166498106406e-05,0.00023956833745686072,8.5815753971295867e-07,2.2781522350186147e-05,3.0430283001508744,1.22435375486207,-0.1769134720776237,0.042174887747097621,1.7911672783221675,0.65480592995074571,-0.047290913233264238,1.7911726965385408,0.65477771068341417,-0.047326565094793854
24.199999999999999,12100,0.0071413945008841143,0.014999589547689427,0,0.14148322635320543,4.877515449242869e-05,0.00023643518917364431,8.1867676403002868e-07,2.3350358035739973e-05,3.043472710726939,1.2243781269471161,-0.17689237318378959,0.042163678365852865,1.7912960175983965,0.65578669185103355,-0.046142088914478609,1.7913006190462535,0.65575638779323031,-0.046180029742804274
24.219999999999999,12110,0.0071426253784005796,0.014999586426793374,0,0.1412244921893927,5.1747450893495763e-05,0.00023311616747647185,7.7924939707768354e-07,2.3225154141253322e-05,3.0439148280523707,1.2244024991333664,-0.17687127409795611,0.042152469160908812,1.7914232870304134,0.65675616811691451,-0.045006489098083094,1.7914270694749963,0.65672380269425168,-0.045046688242387528
24.240000000000002,12120,0.007143849063355032,0.014999583523976331,0,0.14098170150301764,5.4698816609794132e-05,0.00022972064702232896,7.3990081744918591e-07,2.3099271619960363e-05,3.0443545512491896,1.2244268713030593,-0.17685017509279971,0.042141260145971214,1.7915490250940462,0.65771385183023134,-0.043884707569823607,1.7915519818874539,0.65767945092996816,-0.043927131572137609
24.260000000000002,12130,0.007145065282343906,0.014999581054755526,0,0.14075455530550735,5.7622536704643996e-05,0.00022616784575801266,7.0066614702052058e-07,2.3162298399097643e-05,3.0447917825214543,1.2244512433570169,-0.17682907638685869,0.042130051322305274,1.7916731695963499,0.6586592466527057,-0.042777325623099452,1.791675291717125,0.6586228385313565,-0.042821938424395897
24.280000000000001,12140,0.0071462737698771914,0.014999579186594187,0,0.14054272540870347,6.0512893492019927e-05,0.00022249282249933743,6.6159249505880583e-07,2.3099271619960363e-05,3.0452264270636817,1.2244756152127925,-0.17680797815024082,0.04211884267991136,1.7917956582661194,0.65959186730812569,-0.041684911518540389,1.7917969358348811,0.65955348252607238,-0.041731674608724373
24.300000000000001,12150,0.0071474742684955418,0.014999578046300489,0,0.14034585607121794,6.3364823544161263e-05,0.00021868608240165578,6.2274140114838146e-07,2.2813496432377448e-05,3.0456583929774816,1.2244999868022479,-0.17678688051207558,0.04210763419915909,1.791916429266351,0.66051124007352058,-0.040608019931678271,1.7919168526155211,0.6604709114476417,-0.040656892455380081
24.32,12160,0.0071486665288785119,0.014999577727422777,0,0.14016356572488561,6.6173696872435495e-05,0.000214767774685196,5.8419192299739684e-07,2.3443822150653013e-05,3.0460875912102949,1.2245243580690603,-0.17676578356796865,0.042096425852461192,1.7920354216115022,0.66141690327597835,-0.039547191389804809,1.792034982004328,0.66137466584465265,-0.039598130218789232
24.34,12170,0.0071498503099621377,0.014999578296843457,0,0.1399954487726365,6.8935175591134369e-05,0.000210759346544556,5.4604476409578059e-07,2.2845425764212974e-05,3.0465139355248239,1.2245487289665355,-0.17674468738664789,0.042085217605765876,1.7921525754935492,0.66230840779301003,-0.038502951699877885,1.7921512655836256,0.66226429878994808,-0.038555911481020305
24.359999999999999,12180,0.0071510242031985983,0.014999625550954123,0,0.13984100055121307,7.1406605686491007e-05,0.00020744064332710915,5.3006780445467787e-07,2.3036072399968081e-05,3.0469369515273339,1.224573073334515,-0.1767236389116168,0.042073974851793025,1.7922677816555586,0.66318508400404019,-0.0374759252243312,1.7922656466393339,0.66313937638981646,-0.037530744555258899
24.379999999999999,12190,0.0071521883401759649,0.014999704937251964,0,0.13969979730976181,7.3677280274745706e-05,0.00020457813341509835,5.4159207798570472e-07,2.3162298399097643e-05,3.0473566835374624,1.2245973988510228,-0.1767026232633287,0.04206270721545563,1.7923809689928103,0.66404660225821233,-0.036466559793240337,1.792378070227526,0.66399947829318395,-0.036523121889281016
24.400000000000002,12200,0.0071533435243114453,0.014999776388250141,0,0.13957144394974338,7.5964025914571981e-05,0.00020141821382115301,5.6118748296304442e-07,2.3412708902503816e-05,3.0477733943926952,1.2246217281653105,-0.17668159938981312,0.042051443944662342,1.7924921155113733,0.66489277115083667,-0.035475227030563571,1.7924884832409849,0.66484419820080676,-0.035533519468927105
24.420000000000002,12210,0.007154489534949765,0.014999840625751812,0,0.13945447119549273,7.8255941921422806e-05,0.00019792822883931533,5.8449613815225337e-07,2.3536915126363769e-05,3.0481869986058068,1.224646061193283,-0.17666056801759877,0.042040184800584801,1.7926011869760239,0.66572319004991698,-0.034502392233744524,1.7925968344757579,0.66567314437446223,-0.03456239622157635
24.440000000000001,12220,0.0071556261238784457,0.014999899476834583,0,0.13934127377955732,8.0527063438942857e-05,0.00019418799587031537,6.0973002877190191e-07,2.3412708902503816e-05,3.0485974027138139,1.2246703970143504,-0.17663953101078453,0.042028928818706505,1.7927081417040391,0.66653745828561861,-0.033548510239596749,1.7927030746977151,0.66648594014614104,-0.033610193419620002
24.460000000000001,12230,0.0071567530730254564,0.014999953977538654,0,0.13923504493368688,8.275987325807433e-05,0.00019026322240865928,6.3573565314405442e-07,2.3350358035739973e-05,3.0490045255035367,1.2246947350833606,-0.17661848942675618,0.042017675477776295,1.7928129348763575,0.6673351988785694,-0.032614013337642432,1.7928071567091042,0.66728222442723906,-0.03267733408393568
24.48,12240,0.0071578701858557268,0.01500000473322185,0,0.13913991829329894,8.4942202914993714e-05,0.00018618922165796061,6.6170712220399778e-07,2.347489416183844e-05,3.0494082942247509,1.2247190750736949,-0.17659744388362739,0.042006424460768972,1.7929155212584407,0.66811605611984237,-0.031699312240932739,1.7929090354151074,0.66806165221774916,-0.031764222387361013
24.5,12250,0.0071589772809063715,0.015000052162993553,0,0.13905537337108023,8.7064498568853457e-05,0.00018195196416104527,6.8711479396059374e-07,2.3412708902503816e-05,3.0498086418004062,1.2247434167523674,-0.17657639480975029,0.041995175523468334,1.7930158566433985,0.66887969344886666,-0.030804796878973015,1.7930086678903971,0.66882389511545293,-0.030871243058167769
24.52,12260,0.0071600741892386445,0.015000096601337774,0,0.13898088335609182,8.9118753608943745e-05,0.00017765058117673064,7.1164412753115634e-07,2.3256518306983181e-05,3.0502055056906774,1.2247677599277293,-0.1765553425473857,0.041983928448728967,1.7931138985885045,0.66962579293169044,-0.029930836356526175,1.7931060134456929,0.66956864182511255,-0.029998760783535722
24.539999999999999,12270,0.0071611607536384578,0.01500013833513078,0,0.13891591703960326,9.1098084327345685e-05,0.00017319193519405374,7.3513555488178573e-07,2.3287840231354886e-05,3.0505988274959295,1.2247921044311345,-0.17653428739040936,0.041972683033618903,1.7932096068004453,0.67035405535571957,-0.02907777858303108,1.7932010336943174,0.67029559866766253,-0.029147119613026559
24.560000000000002,12280,0.007162236254925864,0.015000194244726857,0,0.13885989166336243,9.2839698654329305e-05,0.00016778335714695669,7.7971350941541482e-07,2.3381554252771861e-05,3.0509883771617297,1.2248164328717288,-0.1765132467764256,0.041961434965730335,1.793302809849185,0.671064064027039,-0.028246023443134403,1.7932936926187526,0.67100449008940188,-0.028316642362057581
24.580000000000002,12290,0.0071633007739766216,0.015000257044781,0,0.13881228886189137,9.4398076054757002e-05,0.00016173997560300389,8.3838767958296797e-07,2.3036072399968081e-05,3.0513741805609023,1.2248407512317694,-0.17649221324156944,0.041950184593133898,1.7933934793009505,0.67175561377230453,-0.027435842440398827,1.7933839566371959,0.67169505917118522,-0.027507630015376233
24.600000000000001,12300,0.0071643546855673411,0.015000312083155089,0,0.13877262164376136,9.5914450387710773e-05,0.00015592534274307826,8.9114179013405472e-07,2.347489416183844e-05,3.0517563403562904,1.2248650744213032,-0.17647117166011139,0.04193893519762399,1.7934817032296857,0.67242859093466312,-0.026647447841731758,1.7934717946701169,0.67236706813761538,-0.026720361130533388
24.620000000000001,12310,0.0071653978346067461,0.015000361553432774,0,0.13874036133072387,9.7382369797057705e-05,0.00015039023450461113,9.3884974656544812e-07,2.2972699315936647e-05,3.052134786274737,1.2248894014850322,-0.17645012425036705,0.041927687113164344,1.7935674896612748,0.67308277014522355,-0.02588110246412878,1.7935571782068134,0.67302029886623504,-0.025955091241356962
24.640000000000001,12320,0.0071664300832549443,0.015000406961707688,0,0.13871497970138683,9.8784530238333758e-05,0.00014505611737241291,9.826063180852875e-07,2.2909150924997221e-05,3.0525094633651082,1.2249137315032057,-0.17642907254612275,0.041916440292349387,1.7936508167864631,0.67371793789223811,-0.025137048661395524,1.7936400813719673,0.6736545533967182,-0.025212052261427115
24.66,12330,0.0071674513261697978,0.015000449001866978,0,0.13869595590862593,0.0001001080632490004,0.00013974269094204397,1.0229609707030048e-06,2.3099271619960363e-05,3.0528803318109379,1.2249380640000624,-0.17640801725674829,0.041905194597700646,1.793731655000091,0.67433390599011245,-0.024415501218089809,1.7937204809922016,0.67426965444006215,-0.024491451887548921
24.68,12340,0.0071684614794912957,0.01500048802446647,0,0.13868277804246892,0.0001013432059001943,0.00013460412377275452,1.0602136693570972e-06,2.3099271619960363e-05,3.0532473602972479,1.2249623986954221,-0.17638695874264643,0.041893949873679101,1.7938099754397339,0.67493051045956021,-0.023716648196687267,1.7937983566626359,0.67486544588777941,-0.023793473003226942
24.699999999999999,12350,0.0071694602877907729,0.015000529343668309,0,0.13867491922442052,0.00010242199473074885,0.000130233368179758,1.104639728036236e-06,2.2909150924997221e-05,3.0536104987658339,1.2249867298039867,-0.17636590257844675,0.041882698323302305,1.7938856157593921,0.67550756257432931,-0.023040668533321818,1.7938736908134434,0.67544179332108978,-0.023118273082138624
24.719999999999999,12360,0.0071704477807458073,0.015000569655415871,0,0.13867189753186218,0.00010335732588975922,0.00012637003660028625,1.1515674139275639e-06,2.2717439178655149e-05,3.0539697470705445,1.2250110595362742,-0.17634484537334966,0.041871441752077153,1.7939585762799948,0.67606496346648925,-0.022387689398658137,1.7939464687764066,0.67599858452011174,-0.022465983591608549
24.740000000000002,12370,0.0071714240743369602,0.015000604545996337,0,0.13867325958340138,0.00010419949723144666,0.00012240863347322888,1.192248282238033e-06,2.2972699315936647e-05,3.0543251023762306,1.2250353926293873,-0.17632378249902814,0.041860186627971779,1.7940289704100554,0.67660266442527583,-0.02175780292032347,1.794016678851474,0.67653572997305433,-0.021836709396082649
24.760000000000002,12380,0.0071723891084603045,0.015000635806013671,0,0.13867854348729655,0.00010494567735465458,0.00011826537141608445,1.2282803940436652e-06,2.2781522350186147e-05,3.054676531536856,1.2250597283359901,-0.1763027157672036,0.041848933097155476,1.7940968154180239,0.67712059521366252,-0.021151091282472917,1.7940843123733157,0.677053163385409,-0.021230528160601642
24.780000000000001,12390,0.0071733428509484169,0.015000664314983387,0,0.13868729991771556,0.00010558707013350484,0.00011412498068634755,1.2606513999007982e-06,2.2781522350186147e-05,3.0550240204386365,1.2250840661538023,-0.17628164607477426,0.041837680952935545,1.7941621011509288,0.67761870581955863,-0.02056760911598347,1.7941493637778805,0.67755084218914186,-0.020647489754274995
24.800000000000001,12400,0.0071742852547277049,0.015000689472332575,0,0.13869907865918579,0.00010606763386545061,0.00010943633164232077,1.2913112453678084e-06,2.3099271619960363e-05,3.0553675843222812,1.2251084038796436,-0.176260572911279,0.041826427473343343,1.7942246994368627,0.67809693666378612,-0.020007396884297431,1.7942118306689514,0.67802874805188496,-0.02008761565375479
24.82,12410,0.0071752163565053312,0.015000710532699984,0,0.13871347083814106,0.00010639796696054937,0.00010434916367795693,1.3190184877228205e-06,2.3287840231354886e-05,3.0557072269128867,1.2251327423719274,-0.17623949550437942,0.041815172945819268,1.7942846263576024,0.67855530339144476,-0.019470443106772206,1.7942717138847029,0.67848688738612806,-0.019550898346710074
24.84,12420,0.0071761362100503127,0.015000728413761469,0,0.13873009709686568,0.00010661819582082717,9.9493023785995679e-05,1.3426621677166745e-06,2.2813496432377448e-05,3.0560429330772436,1.2251570831929182,-0.17621841470760793,0.041803919415149222,1.7943419890635746,0.67899386712662901,-0.018956699169096914,1.7943290175642561,0.67892529185841144,-0.019037300735300106
24.859999999999999,12430,0.0071770448542889864,0.015000741980357014,0,0.13874857400277071,0.00010670803947242306,9.51488498763971e-05,1.3624244683120121e-06,2.2972699315936647e-05,3.0563747360661373,1.2251814257661171,-0.17619732942449273,0.04179266509015301,1.7943967164505703,0.6794126725508034,-0.018466101138048644,1.7943837492142354,0.67934401889851614,-0.018546755539648949
24.879999999999999,12440,0.0071779423329026712,0.015000751625804517,0,0.13876854577451334,0.00010666379625788804,9.1030049230665145e-05,1.37848295557209e-06,2.2972699315936647e-05,3.0567026416665177,1.2252057700702417,-0.17617624004465279,0.041781410256550175,1.7944488348487704,0.67981179986665519,-0.017998555363389252,1.7944359197753252,0.67974315220865722,-0.018079164701318831
24.900000000000002,12450,0.0071788286891470736,0.01500075948806754,0,0.13878968230415198,0.00010649405406402528,8.7026299884356988e-05,1.3918792575641561e-06,2.3256518306983181e-05,3.0570266378292925,1.2252301160078418,-0.17615514869044888,0.04177015643961219,1.7944984358866216,0.68019136305423866,-0.017553936410369588,1.7944855436888256,0.68012280227267474,-0.017634398786784439
24.920000000000002,12460,0.0071797039974350919,0.015000766245317002,0,0.13881166837581202,0.00010619441458412543,8.3005066458308036e-05,1.4032987175248837e-06,2.2845425764212974e-05,3.0573467473793912,1.2252544632527922,-0.17613405604980792,0.04175890365118505,1.7945455388903804,0.68055149640655221,-0.017132085941431622,1.794532638963209,0.68048310686522584,-0.017212296390906781
24.940000000000001,12470,0.007180568356898568,0.015000772050643733,0,0.13883420933864882,0.00010575863373572081,7.897290852168028e-05,1.4129997881571826e-06,2.3287840231354886e-05,3.0576630063182946,1.2252788116475677,-0.17611296228205645,0.041747651753069027,1.7945901525612269,0.68089236132023967,-0.01673281267565831,1.7945772272406761,0.6808242315609766,-0.016812663540406683
24.960000000000001,12480,0.0071814218851667527,0.01500077692803021,0,0.13885703245116954,0.00010518099865661067,7.4996130244067618e-05,1.4211116367229396e-06,2.2909150924997221e-05,3.0579754570971458,1.2253031610966072,-0.17609186741554139,0.041736400602000047,1.7946322902545726,0.68121414794799484,-0.016355892008737407,1.7946193338637124,0.68114637024379421,-0.016435273097338984
24.98,12490,0.0071822647162514347,0.015000780888748623,0,0.13887988715997066,0.00010445653407190338,7.0940318910261434e-05,1.4277376392850401e-06,2.2588727439225648e-05,3.0582841472223219,1.2253275115211579,-0.17607077146521347,0.041725150071245866,1.7946719721247897,0.68151707574727249,-0.016001065482927741,1.7946589879416444,0.68144974561593796,-0.016079864162566668
25,12500,0.0071830970002270036,0.015000783951506155,0,0.13890254512279579,0.00010358083424759556,6.699811553745593e-05,1.4329765566682361e-06,2.2909150924997221e-05,3.0585891292958634,1.2253518628486459,-0.17604967445311814,0.041713900049984147,1.7947092246144454,0.68180139387187511,-0.015668040215188587,1.7946962224171956,0.68173460970725142,-0.015746141479234838
25.02,12510,0.0071839189682508684,0.015000781172714242,0,0.13892478963162486,0.00010252246766977567,6.3109986966254135e-05,1.433385483735396e-06,2.2556434745889217e-05,3.0588905228350773,1.2253762161193098,-0.17602857142511844,0.041702648410231052,1.7947439507223191,0.6820673667940359,-0.015356490447369375,1.7947310741330436,0.68200124438435483,-0.015433774836243835
25.039999999999999,12520,0.007184730714264842,0.015000778210857805,0,0.1389461166201707,0.00010131371917026396,5.9360297407353201e-05,1.4329753375093672e-06,2.2909150924997221e-05,3.0591883087107798,1.2254005701011783,-0.17600746805456688,0.041691397460630386,1.7947763537214474,0.68231532416927976,-0.015066049471632315,1.7947635838983751,0.68224996185983611,-0.015142398471724036
25.060000000000002,12530,0.0071855323868196931,0.015000778856037492,0,0.13896594116070107,9.9969217502446749e-05,5.5541240407385902e-05,1.434592453055136e-06,2.2556434745889217e-05,3.0594825115211535,1.2254249238049797,-0.17598636814814031,0.041680148562924187,1.7948065654280783,0.68254561608330167,-0.014796316741965698,1.7947937965554435,0.68248110520144323,-0.014871610476509381
25.080000000000002,12540,0.0071863242619855904,0.015000779500129792,0,0.13898427782456815,9.8461233681002166e-05,5.1975114247678493e-05,1.4358202044559886e-06,2.262097403300073e-05,3.059773262309387,1.2254492779106454,-0.17596526809331078,0.041668900059478355,1.7948345206216203,0.68275860124044063,-0.014546858094151377,1.7948217610461239,0.68269504884127619,-0.014620972197610702
25.100000000000001,12550,0.007187106586957267,0.015000779401709298,0,0.13900115956258743,9.6782192447462381e-05,4.8281635701683142e-05,1.4361190536997656e-06,2.2459278078588273e-05,3.0600606543427342,1.2254736326039055,-0.17594416714602032,0.041657651644277288,1.7948602470906345,0.68295468180144547,-0.01431719973901067,1.7948475304784703,0.68289219908497756,-0.014390007641691585
25.120000000000001,12560,0.0071878796165112998,0.015000778427996415,0,0.13901662383016791,9.4928991309372652e-05,4.4951000044511084e-05,1.4354199188140312e-06,2.3036072399968081e-05,3.0603447767872858,1.2254979878966992,-0.17592306517418826,0.041646403216728335,1.7948838000836542,0.68313429456768471,-0.014106829818880801,1.7948711621932716,0.68307299462092597,-0.014178202878539659
25.140000000000001,12570,0.0071886436202978875,0.015000776599167825,0,0.13903071114949647,9.2899172057640223e-05,4.1581493833051634e-05,1.4337763358699818e-06,2.265317472408141e-05,3.0606257229561109,1.2255223437528668,-0.1759019621996723,0.041635154724397112,1.7949052431602885,0.68329790948230229,-0.013915198009878806,1.7948927178306078,0.68323790702942699,-0.013985005444542536
25.16,12580,0.0071893988854288939,0.015000773957918165,0,0.13904346488732794,9.0690219568914985e-05,3.8258205833256315e-05,1.4312585305558771e-06,2.2749503328951236e-05,3.0609035924751815,1.2255467001302351,-0.17588085826692282,0.041623906124272629,1.7949246440955395,0.68344602983578706,-0.013741714886675511,1.7949122633964061,0.68338744129190576,-0.013809823746160119
25.18,12590,0.0071901457173612349,0.015000770540751803,0,0.13905493128466725,8.8299520898722271e-05,3.491088687020789e-05,1.4279295514450985e-06,2.2781522350186147e-05,3.0611784917244571,1.2255710569904275,-0.17585975341406046,0.041612657374676988,1.7949420745373772,0.68357919277531387,-0.013585751302781038,1.7949298693289975,0.68352213630009695,-0.013652026463400774
25.199999999999999,12600,0.0071908844402530049,0.015000766376718133,0,0.13906515951678244,8.5724406966233914e-05,3.1739257785031096e-05,1.4238440849495268e-06,2.2685329707937426e-05,3.0614505339211129,1.2255954142994812,-0.1758386476715984,0.041601408435061119,1.794957610261428,0.68369796983850362,-0.013446637788624125,1.7949456105656729,0.68364256536523882,-0.013510941953292901
25.219999999999999,12610,0.0071916153972216334,0.015000761490289697,0,0.13907420174759749,8.2962180929995442e-05,2.880141839598209e-05,1.4190508938262594e-06,2.2813496432377448e-05,3.0617198391599341,1.2256197720269144,-0.17581754106534178,0.041590159266798578,1.7949713313914781,0.68380296747614178,-0.013323663954817808,1.7949595666092395,0.6837493367272639,-0.013385857653359839
25.240000000000002,12620,0.0071923389506110122,0.015000755903353898,0,0.13908211317838987,8.0010132617789906e-05,2.5698444928917023e-05,1.4135946806084579e-06,2.2781522350186147e-05,3.0619865344899218,1.2256441301449468,-0.17579643361840269,0.041578909833561002,1.7949833225450924,0.68389482756729281,-0.013216077896067749,1.7949718215945767,0.68384309406399146,-0.01327601948509341
25.260000000000002,12630,0.0071930554822768888,0.015000749636162013,0,0.13908895262793566,7.6865547178881974e-05,2.3162298399097643e-05,1.4075171432575019e-06,2.265317472408141e-05,3.0622507539970987,1.2256684886280234,-0.17577532535216095,0.041567660101317266,1.7949936729412461,0.68397422793133011,-0.013123085594867559,1.7949824643551926,0.68392451700031764,-0.013180631257429243
25.280000000000001,12640,0.0071937653938825737,0.015000742707751155,0,0.13909482181289445,7.3525712355431057e-05,2.0808269673042189e-05,1.4008576129278676e-06,2.2588727439225648e-05,3.0625126389068162,1.2256928474524968,-0.1757542162866999,0.041556410038165827,1.7950024764926276,0.68404188283884482,-0.013043850325010008,1.7949915884897809,0.6839943216174097,-0.013098854070218713
25.300000000000001,12650,0.0071944691071988897,0.015000735136158815,0,0.13909978850644347,6.9987926246152198e-05,1.8151476701449225e-05,1.3936535054959578e-06,2.2394272795856101e-05,3.0627723376774743,1.2257172065963968,-0.17573310644103166,0.041545159614116395,1.7950098318908656,0.68409854352205302,-0.0129774920550069,1.7949992924287757,0.68405326096189634,-0.013029805717703638
25.32,12660,0.0071951670664500839,0.015000729093146929,0,0.13910390990667126,6.6289541299396624e-05,1.5649929441225564e-05,1.3860554419788228e-06,2.2230927998283902e-05,3.0630299692757852,1.2257415669263501,-0.17571199793510536,0.041533911276254706,1.7950159604031386,0.68414502288797963,-0.012923078528117957,1.7950056795009091,0.68410212555505923,-0.012972560091991256
25.34,12670,0.0071958597203541684,0.015000725109376372,0,0.13910723355879837,6.2414291916027242e-05,1.3976876963794299e-05,1.379185907052463e-06,2.2491710265994076e-05,3.0632857005014626,1.2257659276147559,-0.17569089133109708,0.041522664406309064,1.7950209384002154,0.68418213712537634,-0.012879645867503335,1.795010857999767,0.68414174390202653,-0.012926146586525647
25.359999999999999,12680,0.0071965475640904481,0.015000721062953267,0,0.13910980719676494,5.8318736174986043e-05,1.1454575462498553e-05,1.3728632722983637e-06,2.2845425764212974e-05,3.0635397440487488,1.2257902878567135,-0.17566978455630422,0.041511416621205305,1.7950247558812753,0.68421072682386586,-0.01284618878184194,1.7950149412503453,0.68417298300096285,-0.012889549499564584
25.379999999999999,12690,0.007197231130307279,0.015000715610730814,0,0.13911170047729596,5.3996122995322859e-05,8.8726760008265974e-06,1.3659498266498905e-06,2.2588727439225648e-05,3.0637922957360213,1.2258146481170313,-0.17564867625712405,0.041500167550186914,1.7950275073569919,0.68423169556192309,-0.012821647192888164,1.7950180476756061,0.68419674885226212,-0.012861707437651235
25.400000000000002,12700,0.0071979109559670443,0.015000708398541181,0,0.13911299269051361,4.944678274101581e-05,8.1891091329340797e-06,1.3580945687786352e-06,2.2588727439225648e-05,3.0640435438662124,1.2258390085676167,-0.17562756607470506,0.041488917144152392,1.7950293226398761,0.68424598946708426,-0.012804914469107699,1.7950203008630343,0.68421398696773894,-0.012841512719089176
25.420000000000002,12710,0.0071985876370249443,0.015000698539935249,0,0.13911377848743287,4.4695667906404708e-05,7.0403978477281026e-06,1.347000432933755e-06,2.2459278078588273e-05,3.0642936787408526,1.2258633706483546,-0.17560645305106953,0.041477667812419704,1.7950303925649733,0.6842546097847898,-0.012794831798299367,1.7950218296311933,0.68422568287982066,-0.01282781077741614
25.440000000000001,12720,0.0071992618355090562,0.015000684281211348,0,0.13911416104750143,3.9780716915784098e-05,6.8301891700127552e-06,1.3293243321618304e-06,2.2000207897163392e-05,3.0645429209976314,1.2258877372631343,-0.17558533533984755,0.041466419984230007,1.7950308989689416,0.68425860849526743,-0.012790184058074949,1.7950227680962823,0.68423286265073979,-0.012819399564876807
25.460000000000001,12730,0.0071999340219989225,0.015000669344696781,0,0.13911421698585452,3.4652888984529531e-05,7.7312491876000801e-06,1.3111626488203384e-06,2.2296409518597789e-05,3.0647914550213344,1.225912104469008,-0.17556421681611614,0.041455170827174273,1.7950309190543952,0.68425901346218121,-0.012789741878177344,1.7950232557386909,0.68423659338172438,-0.012815028955898991
25.48,12740,0.0072006048530156982,0.015000651018545599,0,0.13911404710666544,2.9307040159902577e-05,6.8301891700127552e-06,1.2898381534898103e-06,2.2132342465963256e-05,3.0650395172110132,1.2259364718429602,-0.17554309473374297,0.041443924430764452,1.7950305676644502,0.68425693195097592,-0.012792209880401518,1.7950234374695573,0.6842379837221908,-0.01281340015056566
25.5,12750,0.0072012750400915751,0.015000628069568275,0,0.13911375936869858,2.3769918872674061e-05,7.8249647206127635e-06,1.2643128576778515e-06,2.2361699290911531e-05,3.065287365499064,1.2259608413653493,-0.17552196784271457,0.041432676702007766,1.7950299943749599,0.68425352941698547,-0.012796227277166932,1.795023463697323,0.68423818437893602,-0.01281316507808905
25.52,12760,0.0072019449549559139,0.015000610905199559,0,0.13911341764712579,1.8171584802509016e-05,8.0091067314007856e-06,1.248228598624039e-06,2.2459278078588273e-05,3.0655351412048724,1.2259852075325068,-0.1755008468364071,0.041421417965772936,1.7950293187303543,0.68424984926819121,-0.012800521682931843,1.795023463697323,0.68423818437893602,-0.01281316507808905
25.539999999999999,12770,0.0072026148002251747,0.015000607855891076,0,0.139113077146018,1.3507594452412933e-05,7.8249647206127635e-06,1.2530631439713883e-06,2.2394272795856101e-05,3.0657829239366743,1.2260095604088319,-0.1754797403009003,0.041410152398278575,1.7950285966537682,0.68424674196012258,-0.012804061470548207,1.795023463697323,0.68423818437893602,-0.01281316507808905
25.560000000000002,12780,0.0072032849804739918,0.015000607147862301,0,0.13911279656099595,1.0072910352757886e-05,8.4519278880801402e-06,1.2636613212750837e-06,2.2263692832568247e-05,3.0660308482665157,1.2260339077760198,-0.17545863614634752,0.04139888623759333,1.795027891922458,0.68424444349761926,-0.012806632254929238,1.795023463697323,0.68423818437893602,-0.01281316507808905
25.580000000000002,12790,0.0072039556824413896,0.015000598914859364,0,0.1391125933969414,7.5695418676597536e-06,8.1891091329340797e-06,1.2657524190565859e-06,2.2685329707937426e-05,3.0662789542594493,1.2260582599514551,-0.17543752417470343,0.041387621019445792,1.7950272805363416,0.68424276969803233,-0.012808506263564171,1.795023463697323,0.68423818437893602,-0.01281316507808905
25.600000000000001,12800,0.0072046266672347644,0.015000589754879693,0,0.13911242325960907,5.7018653985690474e-06,8.7068169648562888e-06,1.2673617248770092e-06,2.2329078268013787e-05,3.0665271533555769,1.2260826148947055,-0.17541641112842007,0.041376349710948439,1.7950267583641126,0.68424150072367662,-0.012809900373304491,1.795023463697323,0.68423818437893602,-0.01281316507808905
25.620000000000001,12810,0.0072052978292993205,0.015000581070738888,0,0.13911228191314798,4.3138459417784137e-06,8.2776426154534992e-06,1.2699028737140499e-06,2.1967050066869309e-05,3.0667754023096561,1.2261069705913556,-0.17539529843564783,0.041365075721220543,1.7950263154532324,0.6842405357527972,-0.012810940713908552,1.795023463697323,0.68423818437893602,-0.01281316507808905
25.640000000000001,12820,0.0072059691951603328,0.015000569936724689,0,0.13911218729750344,3.3406786078153798e-06,9.195423586105984e-06,1.2686907399968417e-06,2.2230927998283902e-05,3.0670236991913842,1.2261313276441432,-0.17537418307065547,0.041353806245225874,1.7950259651272509,0.68423984332862064,-0.012811698494364672,1.795023463697323,0.68423818437893602,-0.01281316507808905
25.66,12830,0.0072066407328983569,0.015000556638598086,0,0.13911213176302106,2.7003473531922679e-06,1.0173887179578492e-05,1.2635710786496012e-06,2.2230927998283902e-05,3.0672720294324307,1.2261556865363339,-0.17535306530734676,0.041342540919785474,1.7950257104335274,0.68423936315717215,-0.012812240667938908,1.795023463697323,0.68423818437893602,-0.01281316507808905
25.68,12840,0.0072073123477256733,0.015000543147849521,0,0.139112095003256,2.2470167805158898e-06,9.4302381498091919e-06,1.2579038344724599e-06,2.1900583802360337e-05,3.067520373508811,1.2261800457605936,-0.1753319472000564,0.041331276625476213,1.795025496562731,0.68423899851056336,-0.012812661359578158,1.795023463697323,0.68423818437893602,-0.01281316507808905
25.699999999999999,12850,0.0072079839926192726,0.015000530522227272,0,0.13911206397885303,1.9047150844011038e-06,1.0173887179578492e-05,1.2537357049826824e-06,2.1933842111273517e-05,3.0677687241017386,1.2262044044212999,-0.17531082985708907,0.041320011275482953,1.7950252889656471,0.68423870313660395,-0.012813000076331606,1.795023463697323,0.68423818437893602,-0.01281316507808905
25.719999999999999,12860,0.0072086556800844406,0.015000518327355782,0,0.13911203863432925,1.6615610282116174e-06,9.5072209630461516e-06,1.2502185655104934e-06,2.2588727439225648e-05,3.0680170821453725,1.2262287628562745,-0.17528971282100508,0.041308745786859655,1.7950250962314298,0.68423848145171284,-0.012813250898866934,1.795023463697323,0.68423818437893602,-0.01281316507808905
25.740000000000002,12870,0.007209327418881176,0.015000505984303168,0,0.13911202087880462,1.4890260588676484e-06,9.80911239371097e-06,1.2463213153967631e-06,2.2329078268013787e-05,3.0682654480228155,1.2262531213497996,-0.17526859548948887,0.041297481375193276,1.7950249230691722,0.68423832884102886,-0.012813423076371301,1.795023463697323,0.68423818437893602,-0.01281316507808905
25.760000000000002,12880,0.0072099992138024037,0.015000493042746591,0,0.13911201227814454,1.3600612152300395e-06,1.0029569411827041e-05,1.2412282968594522e-06,2.265317472408141e-05,3.0685138214703533,1.2262774801846241,-0.17524747739400462,0.041286218851368059,1.7950247726268698,0.68423823651724891,-0.012813530798675216,1.795023463697323,0.68423818437893602,-0.01281316507808905
25.780000000000001,12890,0.007210671064762076,0.015000479281081593,0,0.13911201315375873,1.2570072148344633e-06,1.0526028440638427e-05,1.2344757034614844e-06,2.2263692832568247e-05,3.0687622011044993,1.2263018395930123,-0.17522635830185357,0.041274958556580581,1.7950246470784579,0.68423819367735961,-0.012813588858417898,1.795023463697323,0.68423818437893602,-0.01281316507808905
25.800000000000001,12900,0.00721134296677495,0.015000464714837191,0,0.13911202259759742,1.172102214176975e-06,1.0663629423853027e-05,1.2259497117101844e-06,2.2556434745889217e-05,3.069010584285143,1.2263261997140313,-0.17520523822445183,0.041263700480849916,1.795024547737843,0.68423818893121013,-0.012813610789911018,1.795023463697323,0.68423818437893602,-0.01281316507808905
25.82,12910,0.0072120149108170634,0.015000449558013317,0,0.13911203886524109,1.1044946314367356e-06,1.0663629423853027e-05,1.2158213688020206e-06,2.2263692832568247e-05,3.06925896733126,1.2263505605795051,-0.17518411737754236,0.041252444396643377,1.7950244750779762,0.68423821135855434,-0.012813608123984356,1.795023463697323,0.68423818437893602,-0.01281316507808905
25.84,12920,0.0072126868851808829,0.015000434163409224,0,0.13911205983231775,1.0566607060006835e-06,1.059505231752994e-05,1.204459584673255e-06,2.2296409518597789e-05,3.0695073459602327,1.2263749221236611,-0.17516299612001288,0.041241189963683873,1.795024428760825,0.68423825123604531,-0.012813590183266211,1.795023463697323,0.68423818437893602,-0.01281316507808905
25.859999999999999,12930,0.0072133588769552146,0.015000418958254809,0,0.13911208337258979,1.0314440376172261e-06,1.1197136397927998e-05,1.1923443763970436e-06,2.2165253030559974e-05,3.0697557157725637,1.2263992842063305,-0.17514187488796368,0.041229936801855709,1.7950244077003934,0.68423830045728218,-0.012813564153048679,1.795023463697323,0.68423818437893602,-0.01281316507808905
25.879999999999999,12940,0.0072140308733734696,0.015000404385356681,0,0.13911210761402384,1.0301325428348556e-06,1.1197136397927998e-05,1.17999180600368e-06,2.2132342465963256e-05,3.0700040726974036,1.2264236466411369,-0.17512075413442607,0.041218684538598255,1.795024410156026,0.68423835269294209,-0.012813535293397687,1.795023463697323,0.68423818437893602,-0.01281316507808905
25.900000000000002,12950,0.0072147028628878635,0.01500039085534751,0,0.13911213107688641,1.0517600302220678e-06,1.1706354451251847e-05,1.167895649269967e-06,2.1800504449438904e-05,3.0702524133267435,1.2264480092228807,-0.17509963428042322,0.041207432837479914,1.7950244338468553,0.68423840335274821,-0.012813507217703525,1.795023463697323,0.68423818437893602,-0.01281316507808905
25.920000000000002,12960,0.0072153748359152677,0.015000378712400435,0,0.13911215271745694,1.0934892465790982e-06,1.1454575462498553e-05,1.1564869104404226e-06,2.2426798989897964e-05,3.0705007351335758,1.2264723717507968,-0.17507851567978081,0.041196181413188773,1.795024476077701,0.68423844941286427,-0.012813482192767921,1.795023463697323,0.68423818437893602,-0.01281316507808905
25.940000000000001,12970,0.0072160467852599103,0.015000368213397577,0,0.13911217190587341,1.1515146708153867e-06,1.1706354451251847e-05,1.1461098625114484e-06,2.2524095754713237e-05,3.0707490365712515,1.2264967340460837,-0.17505739859768341,0.041184930036916582,1.7950245338679667,0.68423848916570851,-0.012813461432359938,1.795023463697323,0.68423818437893602,-0.01281316507808905
25.960000000000001,12980,0.0072167187062536498,0.015000359519063609,0,0.13911218836444111,1.2218728839049978e-06,1.1768457563181822e-05,1.1370118491159905e-06,2.2132342465963256e-05,3.0709973170702329,1.2265210959634525,-0.17503628320145515,0.041173678535164696,1.7950246040767277,0.68423852193836787,-0.012813445366846872,1.795023463697323,0.68423818437893602,-0.01281316507808905
25.98,12990,0.0072173905966719356,0.015000352694870234,0,0.13911220208765654,1.3008856981066555e-06,1.2013660097101191e-05,1.1293436537188021e-06,2.2296409518597789e-05,3.0712455769607927,1.226545457397114,-0.17501516956133825,0.041162426784371285,1.7950246835189556,0.68423854781389426,-0.012813433878787205,1.795023463697323,0.68423818437893602,-0.01281316507808905
26,13000,0.0072180624564883453,0.015000347719130599,0,0.13911221325940651,1.3852890993686667e-06,1.2431131930566656e-05,1.1231671740418081e-06,2.2263692832568247e-05,3.0714938173444821,1.2265698182821274,-0.17499405765863335,0.041151174703222958,1.7950247690692924,0.68423856737847688,-0.012813426499706401,1.795023463697323,0.68423818437893602,-0.01281316507808905
26.02,13010,0.0072187342875272825,0.015000344495897107,0,0.13911222217744815,1.4722085749669618e-06,1.2489631698061449e-05,1.1184676377450843e-06,2.1933842111273517e-05,3.0717420399348065,1.2265941785921806,-0.17497294739876515,0.041139922244063619,1.7950248577511638,0.6842385815078097,-0.012813422567185571,1.795023463697323,0.68423818437893602,-0.01281316507808905
26.039999999999999,13020,0.0072194060930662086,0.015000342870453889,0,0.13911222919078645,1.5591015609268747e-06,1.1706354451251847e-05,1.115168075260356e-06,2.1800504449438904e-05,3.0719902468875402,1.2266185383349135,-0.17495183862702146,0.041128669384433263,1.7950249468100707,0.68423859119825881,-0.012813421344148901,1.795023463697323,0.68423818437893602,-0.01281316507808905
26.060000000000002,13030,0.0072200778774285908,0.015000342645641963,0,0.13911223465220532,1.6437198138969647e-06,1.2134403433412636e-05,1.1131443967752193e-06,2.2198114802541581e-05,3.0722384406358656,1.2266428975457824,-0.17493073114515922,0.041117416119412387,1.7950250337707898,0.68423859744279081,-0.012813422104133127,1.795023463697323,0.68423818437893602,-0.01281316507808905
26.080000000000002,13040,0.00722074964559794,0.015000343597663853,0,0.1391122388857941,1.7241000007997911e-06,1.2074182697257354e-05,1.1122399274037143e-06,2.1967050066869309e-05,3.0724866237331887,1.2266672562812944,-0.17490962472750082,0.041106162455171166,1.7950251164788897,0.68423860114779145,-0.012813424187383786,1.795023463697323,0.68423818437893602,-0.01281316507808905
26.100000000000001,13050,0.0072214214028733341,0.015000345490437661,0,0.13911224216785098,1.7985726055794828e-06,1.2013660097101191e-05,1.1122786461597997e-06,2.1867274910380131e-05,3.0727347987301932,1.2266916146122884,-0.17488851913555667,0.041094908403894896,1.7950251931274217,0.68423860308468043,-0.01281342703314417,1.795023463697323,0.68423818437893602,-0.01281316507808905
26.120000000000001,13060,0.007222093154578231,0.01500034808789793,0,0.13911224471871794,1.8657765509766502e-06,1.1706354451251847e-05,1.1130766939735568e-06,2.2165253030559974e-05,3.0729829680590695,1.2267159726177193,-0.17486741413056855,0.041083653980083019,1.7950252622700549,0.68423860386923785,-0.012813430193447072,1.795023463697323,0.68423818437893602,-0.01281316507808905
26.140000000000001,13070,0.0072227649058273042,0.015000351163987704,0,0.13911224670283706,1.9246701805213486e-06,1.225395709315776e-05,1.1144519329236411e-06,2.2230927998283902e-05,3.073231133957655,1.2267403303792654,-0.17484630948370139,0.041072399198103869,1.7950253228220889,0.68423860396147196,-0.012813433333385539,1.795023463697323,0.68423818437893602,-0.01281316507808905
26.16,13080,0.0072234366613509043,0.015000354510265374,0,0.139112248234396,1.9745336429965565e-06,1.2074182697257354e-05,1.116231523750285e-06,2.206637408534863e-05,3.073479298404997,1.2267646879768777,-0.17482520498380849,0.041061144070814612,1.795025374050971,0.68423860367942668,-0.012813436222230912,1.795023463697323,0.68423818437893602,-0.01281316507808905
26.18,13090,0.0072241084253730639,0.015000357941274391,0,0.1391122493862619,2.0149610819379856e-06,1.1891690845819462e-05,1.1182575559216346e-06,2.2491710265994076e-05,3.0737274630887228,1.2267890454853698,-0.17480410044291489,0.04104988860902032,1.7950254155579444,0.68423860322124597,-0.01281343871908733,1.795023463697323,0.68423818437893602,-0.01281316507808905
26.199999999999999,13100,0.0072247802015366824,0.015000361297878826,0,0.13911225020029144,2.0458431998226368e-06,1.1643920115677386e-05,1.1203908769214086e-06,2.2263692832568247e-05,3.0739756293842917,1.2268134029719917,-0.17478299569963193,0.041038632821549223,1.7950254472525122,0.68423860269094161,-0.012813440755936534,1.795023463697323,0.68423818437893602,-0.01281316507808905
26.219999999999999,13110,0.0072254519928685043,0.015000364448858629,0,0.13911225069759753,2.0673417655596405e-06,1.1131846416284069e-05,1.1225133652430245e-06,2.2198114802541581e-05,3.0742237983555913,1.2268377604948497,-0.17476189062079642,0.041027376715720792,1.7950254693212813,0.68423860212440202,-0.012813442320292507,1.795023463697323,0.68423818437893602,-0.01281316507808905
26.240000000000002,13120,0.0072261238017760927,0.015000367291086589,0,0.13911225088779308,2.0798581113812114e-06,1.1706354451251847e-05,1.1245288167313963e-06,2.2132342465963256e-05,3.0744719707626547,1.2268621181021324,-0.17474078510166566,0.041016120298025795,1.7950254821927834,0.6842386015132973,-0.012813443438942515,1.795023463697323,0.68423818437893602,-0.01281316507808905
26.260000000000002,13130,0.0072267956300694517,0.015000369748581054,0,0.13911225077660949,2.0839975373679868e-06,1.1581149199548762e-05,1.1263627487285147e-06,2.2588727439225648e-05,3.0747201470831191,1.2268864758319273,-0.17471967906496719,0.041004863574871653,1.7950254864996569,0.68423860082540866,-0.012813444163719864,1.795023463697323,0.68423818437893602,-0.01281316507808905
26.280000000000001,13140,0.0072274674790006026,0.015000371770725877,0,0.13911225037163566,2.0805314329924235e-06,1.1830234667768806e-05,1.127961332631253e-06,2.1900583802360337e-05,3.0749683275369986,1.2269108337125381,-0.17469857245910134,0.040993606553277474,1.7950254830395291,0.68423860002069936,-0.012813444559792983,1.795023463697323,0.68423818437893602,-0.01281316507808905
26.300000000000001,13150,0.0072281393493153247,0.015000373329913276,0,0.13911224968613642,2.0703586239798982e-06,1.1706354451251847e-05,1.1292897251996645e-06,2.1900583802360337e-05,3.0752165121199742,1.2269351917631295,-0.17467746525575564,0.040982349241441986,1.7950254727357671,0.68423859906298112,-0.012813444696587994,1.795023463697323,0.68423818437893602,-0.01281316507808905
26.32,13160,0.0072288112413123225,0.015000374418816713,0,0.13911224874113112,2.054467251663579e-06,1.1891690845819462e-05,1.1303299667815354e-06,2.2099382890764463e-05,3.0754647006343028,1.2269595499946282,-0.1746563574471468,0.040971091649144378,1.7950254565991588,0.68423859792749064,-0.012813444641237688,1.795023463697323,0.68423818437893602,-0.01281316507808905
26.34,13170,0.0072294831549059996,0.01500037504748401,0,0.13911224756597693,2.0338982477040303e-06,1.1830234667768806e-05,1.1310786378209784e-06,2.2000207897163392e-05,3.0757128927216022,1.2269839084107732,-0.17463524904307548,0.040959833787962412,1.7950254356914381,0.68423859660490094,-0.012813444454261656,1.795023463697323,0.68423818437893602,-0.01281316507808905
26.359999999999999,13180,0.0072301550896899233,0.015000375240362598,0,0.13911224619777413,2.0097112086772249e-06,1.2074182697257354e-05,1.1315444489303865e-06,2.1900583802360337e-05,3.0759610878998891,1.227008267009194,-0.17461414006791739,0.04094857567130445,1.7950254110913502,0.6842385951024369,-0.012813444187119978,1.795023463697323,0.68423818437893602,-0.01281316507808905
26.379999999999999,13190,0.0072308270449987846,0.015000375033391454,0,0.13911224467993849,1.9829534092279418e-06,1.1454575462498553e-05,1.131745825022464e-06,2.1463536648682345e-05,3.0762092855939636,1.2270326257825319,-0.17459303055768075,0.040937317314285626,1.7950253838639185,0.68423859344283822,-0.012813443881232147,1.795023463697323,0.68423818437893602,-0.01281316507808905
26.400000000000002,13200,0.0072314990199673522,0.015000374471225032,0,0.13911224306024034,1.9546324447638825e-06,1.2194326777763662e-05,1.1317086271439672e-06,2.1900583802360337e-05,3.0764574851643576,1.2270569847194941,-0.17457192055719895,0.040926058733463194,1.7950253550333488,0.68423859166183165,-0.012813443568079144,1.795023463697323,0.68423818437893602,-0.01281316507808905
26.420000000000002,13210,0.0072321710135853532,0.015000373604644736,0,0.13911224138860212,1.9256928892757016e-06,1.1952831047522336e-05,1.1314640121309964e-06,2.1800504449438904e-05,3.0767056859348445,1.2270813438058725,-0.17455081011751375,0.040914799946483539,1.7950253255598998,0.68423858980475305,-0.012813443270029768,1.795023463697323,0.68423818437893602,-0.01281316507808905
26.440000000000001,13220,0.0072328430247476259,0.015000372488188375,0,0.13911223971486106,1.8969971382991106e-06,1.1952831047522336e-05,1.1310465420672505e-06,2.1800504449438904e-05,3.0769538872180431,1.2271057030254289,-0.17452969929348061,0.040903540971651255,1.7950252963208573,0.68423858792279246,-0.012813443001604289,1.795023463697323,0.68423818437893602,-0.01281316507808905
26.460000000000001,13230,0.0072335150522991496,0.015000371178040888,0,0.13911223808669679,1.8693106210938181e-06,1.1706354451251847e-05,1.130492494643764e-06,2.1900583802360337e-05,3.0772020883357967,1.2271300623607229,-0.17450858814163842,0.040892281827480698,1.7950252680957646,0.68423858606929977,-0.012813442770930029,1.795023463697323,0.68423818437893602,-0.01281316507808905
26.48,13240,0.0072341870950747966,0.015000369730171357,0,0.13911223654782795,1.8432912344879252e-06,1.1830234667768806e-05,1.1298384282184181e-06,2.2000207897163392e-05,3.0774502886381208,1.2271544217938164,-0.17448747671832832,0.040881022532235634,1.7950252415557544,0.68423858429641082,-0.012813442581217901,1.795023463697323,0.68423818437893602,-0.01281316507808905
26.5,13250,0.0072348591519337249,0.015000368198742998,0,0.13911223513657417,1.8194829291479351e-06,1.1581149199548762e-05,1.1291199762600094e-06,2.1900583802360337e-05,3.0776984875178766,1.2271787813068882,-0.17446636507808927,0.040869763103500871,1.7950252172569205,0.68423858265221571,-0.012813442432126452,1.795023463697323,0.68423818437893602,-0.01281316507808905
26.52,13260,0.0072355312217884929,0.015000366634784148,0,0.13911223388479296,1.7983130865829916e-06,1.225395709315776e-05,1.1283708827861498e-06,2.1867274910380131e-05,3.077946684423071,1.2272031408827353,-0.17444525327231752,0.040858503557791491,1.7950251956374021,0.68423858117851843,-0.012813442320962851,1.795023463697323,0.68423818437893602,-0.01281316507808905
26.539999999999999,13270,0.007236203303629023,0.015000365085110982,0,0.13911223281722027,1.7800934050202246e-06,1.1830234667768806e-05,1.1276222370498944e-06,2.2198114802541581e-05,3.0781948788658342,1.2272275005051934,-0.17442414134817907,0.040847243910225629,1.795025177017938,0.68423857990927839,-0.012813442243652013,1.795023463697323,0.68423818437893602,-0.01281316507808905
26.560000000000002,13280,0.0072368753965415932,0.015000363591499777,0,0.13911223195119229,1.7650238451345631e-06,1.2489631698061449e-05,1.1269019041700356e-06,2.2263692832568247e-05,3.0784430704280759,1.2272518601594702,-0.17440302934777371,0.040835984174258849,1.7950251616054964,0.68423857886968442,-0.012813442195497465,1.795023463697323,0.68423818437893602,-0.01281316507808905
26.580000000000002,13290,0.0072375474997230724,0.015000362190091194,0,0.13911223129668063,1.7531991334198496e-06,1.1706354451251847e-05,1.1262341416973938e-06,2.206637408534863e-05,3.0786912587680892,1.2272762198323826,-0.17438191730753533,0.040824724361495333,1.7950251494995377,0.68423857807579025,-0.012813442171721718,1.795023463697323,0.68423818437893602,-0.01281316507808905
26.600000000000001,13300,0.0072382196124906924,0.015000360911009909,0,0.13911223085663421,1.7446173926993866e-06,1.1952831047522336e-05,1.1256393572692754e-06,2.1900583802360337e-05,3.0789394436167301,1.2273005795125336,-0.17436080525784545,0.040813464481566905,1.7950251407005118,0.68423857753466433,-0.012813442167831006,1.795023463697323,0.68423818437893602,-0.01281316507808905
26.620000000000001,13310,0.0072388917342876228,0.015000359778188872,0,0.13911223062753825,1.7391904009663046e-06,1.2134403433412636e-05,1.1251340090739534e-06,2.2459278078588273e-05,3.0791876247830712,1.2273249391904135,-0.174339693222856,0.04080220454208254,1.7950251351201272,0.6842385772449302,-0.012813442179823362,1.795023463697323,0.68423818437893602,-0.01281316507808905
26.640000000000001,13320,0.0072395638646847362,0.015000358809370154,0,0.13911223060015709,1.7367550023721592e-06,1.2134403433412636e-05,1.1247306055584102e-06,2.2459278078588273e-05,3.0794358021458477,1.2273492988584558,-0.17431858122048793,0.04079094454864296,1.7950251325929127,0.68423857719762537,-0.012813442204280811,1.795023463697323,0.68423818437893602,-0.01281316507808905
26.66,13330,0.0072402360033788837,0.015000358016274074,0,0.13911223076038123,1.7370852562855712e-06,1.1952831047522336e-05,1.1244378290829481e-06,2.2198114802541581e-05,3.0796839756529546,1.2273736585110091,-0.17429746926260045,0.040779684504910381,1.7950251328886495,0.6842385773772538,-0.012813442238377317,1.795023463697323,0.68423818437893602,-0.01281316507808905
26.68,13340,0.0072409081501881301,0.015000357404897456,0,0.13911223109016183,1.739904937992288e-06,1.2605816820395112e-05,1.1242607157333849e-06,2.1967050066869309e-05,3.079932145314793,1.2273980181442883,-0.17427635735528821,0.040768424412724061,1.7950251357252458,0.68423857776298858,-0.01281344227983125,1.795023463697323,0.68423818437893602,-0.01281316507808905
26.699999999999999,13350,0.0072415803050443475,0.015000356975940883,0,0.13911223156845645,1.7449000493101512e-06,1.2013660097101191e-05,1.124200913781292e-06,2.206637408534863e-05,3.0801803111985646,1.2274223777562716,-0.17425524549931287,0.040757164272261302,1.7950251407816817,0.68423857832991553,-0.012813442326824966,1.795023463697323,0.68423818437893602,-0.01281316507808905
26.719999999999999,13360,0.0072422524679836321,0.01500035672532502,0,0.13911223217217283,1.7517310019605502e-06,1.1830234667768806e-05,1.1242569895313102e-06,2.1933842111273517e-05,3.0804284734178329,1.2274467373465727,-0.17423413369061927,0.040745904082220619,1.7950251477106367,0.68423857905027752,-0.012813442377917325,1.795023463697323,0.68423818437893602,-0.01281316507808905
26.740000000000002,13370,0.0072429246391349858,0.015000356644774133,0,0.13911223287706076,1.7600442450235725e-06,1.1952831047522336e-05,1.1244247755150921e-06,2.1900583802360337e-05,3.0806766321282484,1.2274710969162732,-0.17421302192092264,0.040734643840030643,1.7950251561505401,0.68423857989466297,-0.012813442431946083,1.795023463697323,0.68423818437893602,-0.01281316507808905
26.760000000000002,13380,0.0072435968187077046,0.015000356722461458,0,0.13911223365854161,1.7694830525952197e-06,1.2431131930566656e-05,1.1246977477789863e-06,2.1800504449438904e-05,3.0809247875166457,1.227495456467746,-0.17419191017835725,0.040723383542070293,1.7950251657367284,0.68423858083309763,-0.012813442487954728,1.795023463697323,0.68423818437893602,-0.01281316507808905
26.780000000000001,13390,0.007244269006977967,0.015000356943674402,0,0.13911223449244919,1.7796973286467907e-06,1.2431131930566656e-05,1.1250674199678005e-06,2.2132342465963256e-05,3.0811729397953522,1.2275198160044576,-0.17417079844814556,0.040712123183894271,1.7950251761115521,0.68423858183602115,-0.012813442545123319,1.795023463697323,0.68423818437893602,-0.01281316507808905
26.800000000000001,13400,0.0072449412042749784,0.015000357291489408,0,0.13911223535568015,1.7903522554136644e-06,1.1454575462498553e-05,1.1255237409195748e-06,2.2099382890764463e-05,3.0814210891922422,1.2275441755307726,-0.17414968671327691,0.04070086276045233,1.7950251869332485,0.68423858287513661,-0.012813442602721485,1.795023463697323,0.68423818437893602,-0.01281316507808905
26.82,13410,0.0072456134109671298,0.015000357747436065,0,0.13911223622672614,1.8011356497930958e-06,1.1768457563181822e-05,1.1260555056176481e-06,2.206637408534863e-05,3.0816692359431581,1.227568535051732,-0.17412857495517603,0.040689602266306579,1.795025197883453,0.68423858392409731,-0.012813442660075954,1.795023463697323,0.68423818437893602,-0.01281316507808905
26.84,13420,0.0072462856274484967,0.015000358292144314,0,0.13911223708610923,1.8117640069276549e-06,1.2372355563799738e-05,1.1266507445326435e-06,2.2000207897163392e-05,3.0819173802862343,1.2275928945728627,-0.17410746315435477,0.040678341695827964,1.7950252086733287,0.68423858495906487,-0.012813442716553129,1.795023463697323,0.68423818437893602,-0.01281316507808905
26.859999999999999,13430,0.0072469578541260017,0.015000358905936408,0,0.13911223791671215,1.8219871566308912e-06,1.1830234667768806e-05,1.1272970935965546e-06,2.2198114802541581e-05,3.0821655224552682,1.2276172540999812,-0.17408635129100783,0.0406670810433825,1.7950252190482539,0.68423858595912224,-0.012813442771557814,1.795023463697323,0.68423818437893602,-0.01281316507808905
26.879999999999999,13440,0.0072476300914075375,0.015000359569376068,0,0.13911223870398881,1.8315915570732183e-06,1.1830234667768806e-05,1.1279821499037439e-06,2.2165253030559974e-05,3.0824136626716858,1.2276416136390071,-0.17406523934556661,0.040655820303490839,1.7950252287911099,0.68423858690653672,-0.012813442824531032,1.795023463697323,0.68423818437893602,-0.01281316507808905
26.900000000000002,13450,0.0072483023396912299,0.015000360263758077,0,0.1391122394361026,1.8404022857596417e-06,1.1891690845819462e-05,1.1286937918426376e-06,2.2329078268013787e-05,3.0826618011445426,1.2276659731957973,-0.17404412729919252,0.040644559470969954,1.7950252377242297,0.68423858778692193,-0.01281344287496558,1.795023463697323,0.68423818437893602,-0.01281316507808905
26.920000000000002,13460,0.0072489745993560501,0.015000360971523151,0,0.13911224010395176,1.8482837709520226e-06,1.2720940824698908e-05,1.1294204570656844e-06,2.1733528855063329e-05,3.0829099380601277,1.2276903327760011,-0.17402301513419502,0.040633298541048725,1.795025245710073,0.68423858858926312,-0.012813442922412667,1.795023463697323,0.68423818437893602,-0.01281316507808905
26.940000000000001,13470,0.0072496468707538781,0.015000361676604734,0,0.13911224070112993,1.8551394061699208e-06,1.2431131930566656e-05,1.1301513943486573e-06,2.206637408534863e-05,3.0831580735862256,1.227714692384924,-0.1740019028343813,0.040622037509457205,1.7950252526507708,0.6842385893058569,-0.012813442966495772,1.795023463697323,0.68423818437893602,-0.01281316507808905
26.960000000000001,13480,0.0072503191542030764,0.015000362364700034,0,0.13911224122381782,1.8609101394554853e-06,1.2431131930566656e-05,1.1308768521587394e-06,2.2165253030559974e-05,3.0834062078636126,1.2277390520274343,-0.17398079038533115,0.040610776372497742,1.7950252584866386,0.6842385899321668,-0.012813443006922927,1.795023463697323,0.68423818437893602,-0.01281316507808905
26.98,13490,0.0072509914499836068,0.015000363023463682,0,0.13911224167060626,1.8655721920466886e-06,1.2313298636799924e-05,1.1315882446745038e-06,2.206637408534863e-05,3.0836543410093804,1.2277634117078642,-0.17395967777459212,0.040599515127087753,1.7950252631938219,0.68423859046659663,-0.012813443043493383,1.795023463697323,0.68423818437893602,-0.01281316507808905
27,13500,0.007251663758333666,0.015000363642638076,0,0.1391122420422837,1.8691340665793194e-06,1.2194326777763662e-05,1.1322782572638505e-06,2.2099382890764463e-05,3.0839024731145788,1.2277877714299581,-0.17393856499181168,0.04058825377078084,1.7950252667812305,0.68423859091022166,-0.01281344307610183,1.795023463697323,0.68423818437893602,-0.01281316507808905
