applied_interval_end_time_s,applied_interval_start_time_s,actual_torque_L2_67channels_Nm,actual_torque_max_abs_67channels_Nm,actual_torque_saturation_count
0.020000000000000004,0.018000000000000002,20.32325479961203,18.281988625570808,0
0.040000000000000022,0.03800000000000002,18.047210824874938,16.627855693115286,0
0.060000000000000039,0.058000000000000038,17.345991945253392,16.255728382716608,0
0.080000000000000057,0.078000000000000055,6.0917945771778479,5.3502003040541224,0
0.10000000000000007,0.098000000000000073,2.6791912162793081,2.5821912120741422,0
0.12000000000000009,0.11800000000000009,2.5444245114846353,2.4881715824645569,0
0.1400000000000001,0.13800000000000009,0.67535786914691609,0.61996939590634426,0
0.16000000000000011,0.15800000000000011,2.4407094517893411,2.3835535428368546,0
0.18000000000000013,0.17800000000000013,2.3930168726126779,2.324528415808147,0
0.20000000000000015,0.19800000000000015,1.5866659740727531,1.5065801580374651,0
0.22000000000000017,0.21800000000000017,0.79807687829162599,0.65999704695381389,0
0.24000000000000019,0.23800000000000018,0.51846430262476562,0.30327024527623131,0
0.26000000000000018,0.25800000000000017,1.1283137590480301,1.0360671666665862,0
0.28000000000000019,0.27800000000000019,1.4231676308410062,1.3387890414701658,0
0.30000000000000021,0.29800000000000021,1.3674108269172158,1.3150559922672358,0
0.32000000000000023,0.31800000000000023,1.1560633093486636,1.1106384037669634,0
0.34000000000000025,0.33800000000000024,0.86141440348021292,0.80905645523593628,0
0.36000000000000026,0.35800000000000026,0.49688210115774833,0.44162183970255603,0
0.38000000000000028,0.37800000000000028,0.22239051666541593,0.21583114493974415,0
0.4000000000000003,0.3980000000000003,0.53047646213676292,0.20391690431620488,0
0.42000000000000032,0.41800000000000032,0.66199473568271994,0.37148104447169272,0
0.44000000000000034,0.43800000000000033,0.70218614699688608,0.43385157400530094,0
0.46000000000000035,0.45800000000000035,0.67226345287414457,0.39189321793785692,0
0.48000000000000037,0.47800000000000037,5.6958605089926975,5.574123837020962,0
0.50000000000000033,0.49800000000000033,7.634784325006474,7.4997539779302445,0
0.52000000000000035,0.51800000000000035,6.1945896765591222,6.0894579487616589,0
0.54000000000000037,0.53800000000000037,5.1669642205681443,5.0855171345088808,0
0.56000000000000039,0.55800000000000038,4.3102066941148784,4.2475268475047923,0
0.5800000000000004,0.5780000000000004,3.5439960291193144,3.5079700208459901,0
0.60000000000000042,0.59800000000000042,2.9055520167794713,2.8769837757031009,0
0.62000000000000044,0.61800000000000044,2.3413990900368731,2.3126487050860294,0
0.64000000000000046,0.63800000000000046,1.7676213437318382,1.7449861231552379,0
0.66000000000000048,0.65800000000000047,1.3074870353207115,1.2718221279983368,0
0.68000000000000049,0.67800000000000049,0.90655687158728404,0.83573106232681482,0
0.70000000000000051,0.69800000000000051,0.59338784886452456,0.43177904424014363,0
0.72000000000000053,0.71800000000000053,0.4633352613786389,0.4285217688557425,0
0.74000000000000055,0.73800000000000054,0.57056884596524993,0.47630940011173678,0
0.76000000000000056,0.75800000000000056,0.80037210228937217,0.59279213102847483,0
0.78000000000000058,0.77800000000000058,1.0731148619844573,0.91349719564297482,0
0.8000000000000006,0.7980000000000006,1.3504485625707894,1.2199198841345114,0
0.82000000000000062,0.81800000000000062,1.6226617499703226,1.5131842628454186,0
0.84000000000000064,0.83800000000000063,0.67681305032774097,0.65949486136693081,0
0.86000000000000065,0.85800000000000065,0.67941136700502547,0.65764962635831314,0
0.88000000000000067,0.87800000000000067,0.29117166573192083,0.20806577621016029,0
0.90000000000000069,0.89800000000000069,2.2470020037610992,2.1636740921848707,0
0.92000000000000071,0.9180000000000007,0.41099103506441964,0.33525027570196286,0
0.94000000000000072,0.93800000000000072,0.22318832705840472,0.19445659969945112,0
0.96000000000000074,0.95800000000000074,2.5417928580061546,2.4780846829017427,0
0.98000000000000076,0.97800000000000076,2.5880328569631508,2.5404338005173388,0
1.0000000000000007,0.99800000000000066,2.7310425544501724,2.6952785602818086,0
1.0200000000000007,1.0180000000000007,2.8704673646602861,2.8445454145728011,0
1.0400000000000007,1.0380000000000007,2.9883503142952605,2.9692306223819998,0
1.0600000000000007,1.0580000000000007,3.0734740948493648,3.0567016723459455,0
1.0800000000000007,1.0780000000000007,3.1175376968810276,3.096655452330364,0
1.1000000000000008,1.0980000000000008,3.1131861918730825,3.0789317253718949,0
1.1200000000000008,1.1180000000000008,3.9082653078806135,2.6879481391955133,0
1.1400000000000008,1.1380000000000008,3.0071860720087131,2.2673042104837244,0
1.1600000000000008,1.1580000000000008,2.951025333905263,2.2259042123524582,0
1.1800000000000008,1.1780000000000008,3.0097224095007968,2.2180349408495448,0
1.2000000000000008,1.1980000000000008,3.0422937281767584,2.2334149064410309,0
1.2200000000000009,1.2180000000000009,3.175883281666557,2.5005265177502118,0
1.2400000000000009,1.2380000000000009,2.2402801187818429,1.843561367041495,0
1.2600000000000009,1.2580000000000009,2.1824045305623385,1.7304502013050189,0
1.2800000000000009,1.2780000000000009,2.5270365422439105,2.4732816091025298,0
1.3000000000000009,1.2980000000000009,2.4161620239859247,2.4141162380487216,0
1.320000000000001,1.3180000000000009,2.3549777225293123,2.3518716419262526,0
1.340000000000001,1.338000000000001,2.5612603076237885,2.551203729858134,0
1.360000000000001,1.358000000000001,2.5218500392255154,2.5097114210184399,0
1.380000000000001,1.378000000000001,1.6388084378907972,1.6266407356865356,0
1.400000000000001,1.398000000000001,1.1846734973582662,1.1686636114941935,0
1.420000000000001,1.418000000000001,2.3045514739901272,2.2837823012000147,0
1.4400000000000011,1.4380000000000011,2.3294137036817633,2.3027377197870647,0
1.4600000000000011,1.4580000000000011,1.6154685779813058,1.5825050889498971,0
1.4800000000000011,1.4780000000000011,1.3687238490131028,1.3266102353596325,0
1.5000000000000011,1.4980000000000011,1.0920552381217281,1.0117786281585006,0
1.5200000000000011,1.5180000000000011,0.86050017057376449,0.60266028021635065,0
1.5400000000000011,1.5380000000000011,0.65683343025704799,0.43350305149250884,0
1.5600000000000012,1.5580000000000012,0.60731687484666508,0.48107766936951796,0
1.5800000000000012,1.5780000000000012,0.6805199420225726,0.53100895162668671,0
1.6000000000000012,1.5980000000000012,0.84428258389554145,0.59303838326045621,0
1.6200000000000012,1.6180000000000012,1.0466406673116484,0.75871182050867203,0
1.6400000000000012,1.6380000000000012,1.2400758328213073,1.1313543660941792,0
1.6600000000000013,1.6580000000000013,2.8593677832366988,2.2073758455082766,0
1.6800000000000013,1.6780000000000013,3.2207932840961626,2.8593745131976336,0
1.7000000000000013,1.6980000000000013,3.182614448254415,2.8526091285840742,0
1.7200000000000013,1.7180000000000013,3.2209660980199781,2.8881542386614161,0
1.7400000000000013,1.7380000000000013,3.3422162713691854,2.9364546017842446,0
1.7600000000000013,1.7580000000000013,3.5330645360328012,2.9976985044474991,0
1.7800000000000014,1.7780000000000014,3.786377907230901,3.0884026883187436,0
1.8000000000000014,1.7980000000000014,4.0010160912203334,3.1921771053769343,0
1.8200000000000014,1.8180000000000014,1.619204248410345,1.2072081722068571,0
1.8400000000000014,1.8380000000000014,4.2797087035337551,2.7166291241571319,0
1.8600000000000014,1.8580000000000014,5.3202132257478336,5.166981714764626,0
1.8800000000000014,1.8780000000000014,4.1808910071013097,4.0675005917579199,0
1.9000000000000015,1.8980000000000015,4.2492022862573453,3.5159710798371431,0
1.9200000000000015,1.9180000000000015,4.0341737392256576,3.1787898569704427,0
1.9400000000000015,1.9380000000000015,3.8234571713384864,2.9601152339700292,0
1.9600000000000015,1.9580000000000015,3.3663109053228184,2.6989453082250185,0
1.9800000000000015,1.9780000000000015,2.6598878829744605,2.4406731944627689,0
2.0000000000000013,1.9980000000000013,2.3920269922282111,2.2045782411929653,0
2.0199999999999991,2.0179999999999993,2.0762765531323759,1.9744287616124929,0
2.0399999999999969,2.0379999999999971,1.861961651548697,1.7736820560428082,0
2.0599999999999947,2.0579999999999949,1.6709455793718346,1.592770973940981,0
2.0799999999999925,2.0779999999999927,1.4943243544657661,1.4297796619203653,0
2.0999999999999903,2.0979999999999905,1.3357213386833908,1.2830554367943612,0
2.1199999999999881,2.1179999999999883,1.1937881399752481,1.1510206377150205,0
2.1399999999999859,2.1379999999999861,1.0600843420694512,1.031236976154875,0
2.1599999999999837,2.1579999999999839,0.94869083002702115,0.92414144642129481,0
2.1799999999999815,2.1779999999999817,0.85188551409433633,0.82962906743325249,0
2.1999999999999793,2.1979999999999795,0.76393437555561194,0.74396218586482832,0
2.2199999999999771,2.2179999999999773,0.6849016025569642,0.66699663156204569,0
2.2399999999999749,2.2379999999999751,0.61408071169596923,0.59798319500313757,0
2.2599999999999727,2.2579999999999729,0.54970213304039084,0.53551410068680672,0
2.2799999999999705,2.2779999999999707,0.49353852843323776,0.48056332218835285,0
2.2999999999999683,2.2979999999999685,0.44249396792530427,0.43074561090323071,0
2.3199999999999661,2.3179999999999663,0.39671079397938841,0.38605981609764078,0
2.3399999999999639,2.3379999999999641,0.35556530567835753,0.34591431349419749,0
2.3599999999999617,2.3579999999999619,0.31889140914245556,0.31006801078635432,0
2.3799999999999595,2.3779999999999597,0.28597450095883953,0.27789437914992809,0
2.3999999999999573,2.3979999999999575,0.25655833774757958,0.24911538499669003,0
2.4199999999999551,2.4179999999999553,0.23001072108010831,0.22316355074834604,0
2.4399999999999529,2.4379999999999531,0.20627478464911192,0.19994540836298502,0
2.4599999999999507,2.4579999999999509,0.18513696681049946,0.17923219862582818,0
2.4799999999999485,2.4779999999999487,0.16612868183441554,0.16060011013713191,0
2.4999999999999463,2.4979999999999465,0.14899047185740524,0.14381272234202366,0
2.5199999999999441,2.5179999999999443,0.13382872930002263,0.12891667203326637,0
2.5399999999999419,2.5379999999999421,0.1201913249790274,0.11550745457694563,0
2.5599999999999397,2.5579999999999399,0.10899539563965605,0.10359318359255254,0
2.5799999999999375,2.5779999999999377,0.099166884210804676,0.092860121671680243,0
2.5999999999999353,2.5979999999999355,0.089181962862047645,0.083205781323932346,0
2.619999999999933,2.6179999999999333,0.080266469648922881,0.074515239633057034,0
2.6399999999999308,2.6379999999999311,0.071125096117099343,0.065653517121508534,0
2.6599999999999286,2.6579999999999289,0.065410661003005341,0.059911563934596006,0
2.6799999999999264,2.6779999999999267,0.059193556076742045,0.053712904913903833,0
2.6999999999999242,2.6979999999999245,0.053450198467836101,0.048035984770435594,0
2.719999999999922,2.7179999999999223,0.048566500153389529,0.043148616277636526,0
2.7399999999999198,2.7379999999999201,0.043923837518151078,0.038510499000189699,0
2.7599999999999176,2.7579999999999179,0.040055549632699292,0.034577888191876696,0
2.7799999999999154,2.7779999999999156,0.036368372948761163,0.030826568878369088,0
2.7999999999999132,2.7979999999999134,0.033355297103469517,0.027689961149970788,0
2.819999999999911,2.8179999999999112,0.030624035556441272,0.024818378655335691,0
2.8399999999999088,2.837999999999909,0.028191828683664724,0.022231574646280946,0
2.8599999999999066,2.8579999999999068,0.026034227944342014,0.019903688074999905,0
2.8799999999999044,2.8779999999999046,0.023986232476533146,0.017669511343403273,0
2.8999999999999022,2.8979999999999024,0.022547617383886623,0.015997539026505733,0
2.9199999999999,2.9179999999999002,0.02092010714628836,0.014152531454757086,0
2.9399999999998978,2.937999999999898,0.019833670584601965,0.012822419829226021,0
2.9599999999998956,2.9579999999998958,0.01856751004634313,0.011313449343737006,0
2.9799999999998934,2.9779999999998936,0.013550959316318847,0.0095901520058638782,0
2.9999999999998912,2.9979999999998914,0.013614522953249575,0.0090661015223455037,0
3.019999999999889,3.0179999999998892,0.013033046886619116,0.0081235050027204849,0
3.0399999999998868,3.037999999999887,0.034861490779032112,0.02397919956131591,0
3.0599999999998846,3.0579999999998848,0.0093936661631972493,0.004826712180557434,0
3.0799999999998824,3.0779999999998826,0.011373533450811074,0.0057984512355779248,0
3.0999999999998802,3.0979999999998804,0.011140191905076398,0.0051659687541198073,0
3.119999999999878,3.1179999999998782,0.010870097638520778,0.0045952419521142242,0
3.1399999999998758,3.137999999999876,0.01065263124383589,0.0040881214133724935,0
3.1599999999998736,3.1579999999998738,0.01048523499028335,0.0037895009386665207,0
3.1799999999998714,3.1779999999998716,0.010357598854392041,0.0038064461695433978,0
3.1999999999998692,3.1979999999998694,0.010261666796209793,0.0038240788388324912,0
3.219999999999867,3.2179999999998672,0.010191193323248018,0.0038417130842202693,0
3.2399999999998648,3.237999999999865,0.010250669193727297,0.003911495404264529,0
3.2599999999998626,3.2579999999998628,0.010148271932156021,0.0038927614476391079,0
3.2799999999998604,3.2779999999998606,0.098692226096807778,0.040023617512997114,0
3.2999999999998582,3.2979999999998584,0.0095885066909921195,0.0042929560743408344,0
3.319999999999856,3.3179999999998562,0.0081317168823590892,0.0031695248374148249,0
3.3399999999998538,3.337999999999854,0.0091402144144033751,0.0036976354132951211,0
3.3599999999998515,3.3579999999998518,0.009713141691776811,0.0039708881921558126,0
3.3799999999998493,3.3779999999998496,0.0096449743619818808,0.0039362832409786863,0
3.3999999999998471,3.3979999999998474,0.0096984742834252523,0.0039676094660119326,0
3.4199999999998449,3.4179999999998452,0.0096175123340729411,0.0039236884115142609,0
3.4399999999998427,3.437999999999843,0.0096083870857156597,0.0039183444377304385,0
3.4599999999998405,3.4579999999998408,0.0096113610180676295,0.0039183901557361201,0
3.4799999999998383,3.4779999999998386,0.0096149122475106437,0.0039176254214105481,0
3.4999999999998361,3.4979999999998364,0.0096170623812435064,0.0039153116481523403,0
3.5199999999998339,3.5179999999998341,0.0096171059957684234,0.003911380011181847,0
3.5399999999998317,3.5379999999998319,0.009614377999068632,0.0039057277396649295,0
3.5599999999998295,3.5579999999998297,0.00960830329671695,0.0038982458807127569,0
3.5799999999998273,3.5779999999998275,0.0095984666456591337,0.0038888665774957981,0
3.5999999999998251,3.5979999999998253,0.0095844565732106923,0.0038775098331200707,0
3.6199999999998229,3.6179999999998231,0.0095659171927402163,0.0038641058726739145,0
3.6399999999998207,3.6379999999998209,0.0094727035823283807,0.0038078672448700339,0
3.6599999999998185,3.6579999999998187,0.0094941147885408989,0.0038230947754612867,0
3.6799999999998163,3.6779999999998165,0.0094643855555039853,0.0038057239880082295,0
3.6999999999998141,3.6979999999998143,0.0094224936770835547,0.0037818489768040881,0
3.7199999999998119,3.7179999999998121,0.0093751870740841972,0.0037559242156488312,0
3.7399999999998097,3.7379999999998099,0.0093225565253477593,0.0037281072085919081,0
3.7599999999998075,3.7579999999998077,0.0092640330122455497,0.0036981193910298501,0
3.7799999999998053,3.7779999999998055,0.0091991965097468972,0.00366577180865931,0
3.7999999999998031,3.7979999999998033,0.0090597465780143365,0.003588832459654709,0
3.8199999999998009,3.8179999999998011,0.0090322767933572398,0.0035869281488501367,0
3.8399999999997987,3.8379999999997989,0.008951306598763871,0.0035497312041549382,0
3.8599999999997965,3.8579999999997967,0.0088560273323410234,0.0035050814392944742,0
3.8799999999997943,3.8779999999997945,0.008753578406010076,0.0034578671712026136,0
3.8999999999997921,3.8979999999997923,0.0086441482942094597,0.0034082875901025648,0
3.9199999999997899,3.9179999999997901,0.0085271796508395569,0.0033560337452567444,0
3.9399999999997877,3.9379999999997879,0.008402255016189325,0.003300886382864506,0
3.9599999999997855,3.9579999999997857,0.0082690700489317353,0.0032426995122049034,0
3.9799999999997833,3.9779999999997835,0.0080627883894019373,0.0031393281453857965,0
3.9999999999997811,3.9979999999997813,0.0079623934109616431,0.0031111362555149491,0
4.0199999999997793,4.0179999999997795,0.0078076718743338774,0.0030463050441308023,0
4.0399999999997771,4.0379999999997773,0.0076365796376764499,0.0029729960554109791,0
4.0599999999997749,4.0579999999997751,0.0074564144656159952,0.0028963473664721491,0
4.0799999999997727,4.0779999999997729,0.0072674738069041693,0.0028166171424772631,0
4.0999999999997705,4.0979999999997707,0.007005440019959102,0.0026907676468914373,0
4.1199999999997683,4.1179999999997685,0.0068485518554047215,0.0026417712814471076,0
4.1399999999997661,4.1379999999997663,0.0066358382798422074,0.0025547678272867446,0
4.1599999999997639,4.1579999999997641,0.0064051867192653419,0.0024583613143178353,0
4.1799999999997617,4.1779999999997619,0.006164347118979327,0.0023580476815779068,0
4.1999999999997595,4.1979999999997597,0.0058518511350357655,0.002211560242547198,0
4.2199999999997573,4.2179999999997575,0.0056415522168564896,0.0021419199320322716,0
4.2399999999997551,4.2379999999997553,0.0053758641621996037,0.0020339927413651096,0
4.2599999999997529,4.2579999999997531,0.0050912498837077423,0.0019158708295752102,0
4.2799999999997507,4.2779999999997509,0.0047363453138594041,0.0017514041262033397,0
4.2999999999997485,4.2979999999997487,0.0044799972614336788,0.0016626043452096563,0
4.3199999999997463,4.3179999999997465,0.0041094640842704007,0.0014922208965376747,0
4.3399999999997441,4.3379999999997443,0.0038324539606412016,0.0013950975634279877,0
4.3599999999997419,4.3579999999997421,0.0035008927991456548,0.0012582839330817787,0
4.3799999999997397,4.3779999999997399,0.003097033564121188,0.0010691013317785988,0
4.3999999999997375,4.3979999999997377,0.0027304962841092281,0.00090969396661282108,0
4.4199999999997353,4.4179999999997355,0.002423900269901635,0.00079796469524073593,0
4.439999999999733,4.4379999999997333,0.0020219467491040233,0.00060191262149115674,0
4.4599999999997308,4.4579999999997311,0.0016658984401044521,0.00045661375060089955,0
4.4799999999997286,4.4779999999997289,0.0013242902467062541,0.00044781257239317177,0
4.4999999999997264,4.4979999999997267,0.001107159019797096,0.00044655449792611429,0
4.5199999999997242,4.5179999999997245,0.0010574432810475482,0.00044770358684508883,0
4.539999999999722,4.5379999999997223,0.0014722142545748526,0.00046756197045212921,0
4.5599999999997198,4.5579999999997201,0.0033430729679230506,0.00093657663921944251,0
4.5799999999997176,4.5779999999997179,0.0051657691340492393,0.0015922094200532563,0
4.5999999999997154,4.5979999999997156,0.006979310107549817,0.002242852898853843,0
4.6199999999997132,4.6179999999997134,0.0087033578632249448,0.0028587084672728855,0
4.639999999999711,4.6379999999997112,0.010315034736505201,0.0034382957396537823,0
4.6599999999997088,4.657999999999709,0.011834740106328442,0.0039651498320261314,0
4.6799999999997066,4.6779999999997068,0.013279600617458353,0.0044797618640153355,0
4.6999999999997044,4.6979999999997046,0.014639225399717714,0.0049552006204070338,0
4.7199999999997022,4.7179999999997024,0.015929258497247061,0.0054040123123540104,0
4.7399999999997,4.7379999999997002,0.017163969943144911,0.0058236394738428073,0
4.7599999999996978,4.757999999999698,0.018345758886092332,0.00624488745981159,0
4.7799999999996956,4.7779999999996958,0.019459660305645884,0.0066326351682019355,0
4.7999999999996934,4.7979999999996936,0.020522028377776912,0.0069918760121070889,0
4.8199999999996912,4.8179999999996914,0.021545349059737526,0.0073571679829710886,0
4.839999999999689,4.8379999999996892,0.022503015481732787,0.0076901026153346364,0
4.8599999999996868,4.857999999999687,0.023409544962022275,0.0080038918150395193,0
4.8799999999996846,4.8779999999996848,0.024268607396196573,0.0083014109596042888,0
4.8999999999996824,4.8979999999996826,0.025081405594969262,0.0085832435979818471,0
4.9199999999996802,4.9179999999996804,0.025848763467141489,0.0088496526435487416,0
4.939999999999678,4.9379999999996782,0.026571467435980524,0.0091009012422479402,0
4.9599999999996758,4.957999999999676,0.027250283557245247,0.0093372626178071308,0
4.9799999999996736,4.9779999999996738,0.027885949804976395,0.0095590055841032629,0
4.9999999999996714,4.9979999999996716,0.028482046785503635,0.0097791648454369703,0
5.0199999999996692,5.0179999999996694,0.029011930014600892,0.0099655278959503608,0
5.039999999999667,5.0379999999996672,0.029513444422080631,0.010141871888083649,0
5.0599999999996648,5.057999999999665,0.029942374612785379,0.01026945553123651,0
5.0799999999996626,5.0779999999996628,0.030369853112914708,0.010418753742452332,0
5.0999999999996604,5.0979999999996606,0.030780363065326787,0.010591414474099335,0
5.1199999999996582,5.1179999999996584,0.031142095348718347,0.010726886848925787,0
5.139999999999656,5.1379999999996562,0.031392220727985094,0.010780773218288688,0
5.1599999999996538,5.157999999999654,0.031661803800207292,0.010873704958364145,0
5.1799999999996515,5.1779999999996518,0.031907955437308858,0.010966548100711376,0
5.1999999999996493,5.1979999999996496,0.0321192978300796,0.011048407261798055,0
5.2199999999996471,5.2179999999996474,0.03238499322820796,0.011236212694030797,0
5.2399999999996449,5.2379999999996452,0.032409286384668473,0.011166760690362534,0
5.2599999999996427,5.257999999999643,0.032474997711307713,0.011173771711883865,0
5.2799999999996405,5.2779999999996408,0.032539849706036697,0.011202059154704356,0
5.2999999999996383,5.2979999999996386,0.032581404883767394,0.011227937281707441,0
5.3199999999996361,5.3179999999996364,0.032591558600174091,0.011243510676203407,0
5.3399999999996339,5.3379999999996341,0.032568551865240145,0.011246949832270314,0
5.3599999999996317,5.3579999999996319,0.032512728222811191,0.011238295665786373,0
5.3799999999996295,5.3779999999996297,0.03242493132913768,0.011218007972586777,0
5.3999999999996273,5.3979999999996275,0.032306036286021883,0.011186559880239184,0
5.4199999999996251,5.4179999999996253,0.032156853319552453,0.011144358572378383,0
5.4399999999996229,5.4379999999996231,0.032013418250207239,0.011216724832055935,0
5.4599999999996207,5.4579999999996209,0.031796956370595202,0.01105190124898104,0
5.4799999999996185,5.4779999999996187,0.031500596578060418,0.010920392374855776,0
5.4999999999996163,5.4979999999996165,0.031209337877808364,0.010818945508268167,0
5.5199999999996141,5.5179999999996143,0.030914887858699377,0.010727603753150971,0
5.5399999999996119,5.5379999999996121,0.030603582921256322,0.010633826139354079,0
5.5599999999996097,5.5579999999996099,0.030268656865208091,0.010532027665923682,0
5.5799999999996075,5.5779999999996077,0.029907887598488919,0.010420283147773133,0
5.5999999999996053,5.5979999999996055,0.029521069257709885,0.010298249725435259,0
5.6199999999996031,5.6179999999996033,0.029108753032649998,0.010166180426354384,0
5.6399999999996009,5.6379999999996011,0.028671726673975474,0.010024505782566131,0
5.6599999999995987,5.6579999999995989,0.028210815615488188,0.0098736697055238944,0
5.6799999999995965,5.6779999999995967,0.027726813746917427,0.0097140729923543469,0
5.6999999999995943,5.6979999999995945,0.027220465755661699,0.0095460608749992747,0
5.7199999999995921,5.7179999999995923,0.026692469463668583,0.0093699274516227671,0
5.7399999999995899,5.7379999999995901,0.02614348499509735,0.0091859254278438603,0
5.7599999999995877,5.7579999999995879,0.025574145255888445,0.0089942763651338197,0
5.7799999999995855,5.7779999999995857,0.024579891390553506,0.0086983415464726606,0
5.7999999999995833,5.7979999999995835,0.024465588736295729,0.0086286319492811826,0
5.8199999999995811,5.8179999999995813,0.023845916482194463,0.008393016330739609,0
5.8399999999995789,5.8379999999995791,0.023143143310101741,0.0081422471336970777,0
5.8599999999995767,5.8579999999995769,0.022443486020791409,0.0078998542327950241,0
5.8799999999995745,5.8779999999995747,0.021747474475970672,0.007662154820022072,0
5.8999999999995723,5.8979999999995725,0.021046705300991935,0.0074238035782641975,0
5.9199999999995701,5.9179999999995703,0.020335967961420058,0.0071815073027271751,0
5.9399999999995678,5.9379999999995681,0.01961283552699996,0.0069335853963502564,0
5.9599999999995656,5.9579999999995659,0.018876414158763486,0.0066793096880409901,0
5.9799999999995634,5.9779999999995637,0.015979809700715508,0.0050937086343690735,0
5.9999999999995612,5.9979999999995615,0.021605848099221302,0.01069407430372654,0
6.019999999999559,6.0179999999995593,0.013665146044581926,0.0041616532338550087,0
6.0399999999995568,6.0379999999995571,0.014322871699280329,0.0057598311627571489,0
6.0599999999995546,6.0579999999995549,0.011215186827094645,0.0039108446651123958,0
6.0799999999995524,6.0779999999995526,0.013187413470229515,0.0042001777117803658,0
6.0999999999995502,6.0979999999995504,0.010128747225043287,0.0025004568726305527,0
6.119999999999548,6.1179999999995482,0.011618217058127902,0.0031759102007402722,0
6.1399999999995458,6.137999999999546,0.009443529150980897,0.0023850952974363766,0
6.1599999999995436,6.1579999999995438,0.010242225696471506,0.0023943051913231242,0
6.1799999999995414,6.1779999999995416,0.010238226996694398,0.0030699618106079032,0
6.1999999999995392,6.1979999999995394,0.0079567565559757504,0.0029261743607049305,0
6.219999999999537,6.2179999999995372,0.0083045965901756558,0.0024981785176426772,0
6.2399999999995348,6.237999999999535,0.0081139989154678481,0.0022307278736503466,0
6.2599999999995326,6.2579999999995328,0.006797990679471351,0.0018861278044671552,0
6.2799999999995304,6.2779999999995306,0.0066806263752616918,0.0015638916948310965,0
6.2999999999995282,6.2979999999995284,0.0054120104067283343,0.0012719044762789236,0
6.319999999999526,6.3179999999995262,0.0055921505217234125,0.0013331910474939799,0
6.3399999999995238,6.337999999999524,0.0042384720379215228,0.0010494084193359387,0
6.3599999999995216,6.3579999999995218,0.0047761059225958254,0.0012371059561652872,0
6.3799999999995194,6.3779999999995196,0.0040870873977295989,0.0010871133624693996,0
6.3999999999995172,6.3979999999995174,0.0036840690992590744,0.0010951397552799497,0
6.419999999999515,6.4179999999995152,0.0040457662629922791,0.0011100086607630361,0
6.4399999999995128,6.437999999999513,0.004425042208284693,0.0011239245966708647,0
6.4599999999995106,6.4579999999995108,0.0049252373328807489,0.0013319141389219629,0
6.4799999999995084,6.4779999999995086,0.0055197098630661761,0.0013872691211502936,0
6.4999999999995062,6.4979999999995064,0.0062301191300458631,0.0016710261916445626,0
6.519999999999504,6.5179999999995042,0.0069762340057547998,0.0019907719073619127,0
6.5399999999995018,6.537999999999502,0.007763351401482395,0.0023278198509648108,0
6.5599999999994996,6.5579999999994998,0.0085818862416092989,0.0026718701852087097,0
6.5799999999994974,6.5779999999994976,0.0094209078463883128,0.0030173621258536474,0
6.5999999999994952,6.5979999999994954,0.010272005336674378,0.0033615078960951479,0
6.619999999999493,6.6179999999994932,0.011129303013209857,0.0037030218800706751,0
6.6399999999994908,6.637999999999491,0.011988711927434498,0.0040413571187238309,0
6.6599999999994886,6.6579999999994888,0.012847285666632237,0.0043762907367336347,0
6.6799999999994863,6.6779999999994866,0.013700317803169715,0.0047068684094878077,0
6.6999999999994841,6.6979999999994844,0.014508294205614638,0.0050322022084971453,0
6.7199999999994819,6.7179999999994822,0.015402830699562147,0.0053596232987451649,0
6.7399999999994797,6.73799999999948,0.016246411759513458,0.0056813530458514738,0
6.7599999999994775,6.7579999999994778,0.016976909860663178,0.0058461300776815467,0
6.7799999999994753,6.7779999999994756,0.01790023336632067,0.0064036687342402436,0
6.7999999999994731,6.7979999999994734,0.0187437973996257,0.006667381787935518,0
6.8199999999994709,6.8179999999994712,0.019422253968690104,0.0067949019758947087,0
6.8399999999994687,6.8379999999994689,0.020182792973621043,0.0071747950723228156,0
6.8599999999994665,6.8579999999994667,0.020988151498611253,0.0075054974321274361,0
6.8799999999994643,6.8779999999994645,0.021755698149022777,0.007801762431220406,0
6.8999999999994621,6.8979999999994623,0.022492629966533239,0.0080802555432124903,0
6.9199999999994599,6.9179999999994601,0.023204417113249304,0.008347967281479185,0
6.9399999999994577,6.9379999999994579,0.023896179996524956,0.0086083722248624546,0
6.9599999999994555,6.9579999999994557,0.024568232825885977,0.0088620703885458861,0
6.9799999999994533,6.9779999999994535,0.025222965443411832,0.0091098823633402569,0
6.9999999999994511,6.9979999999994513,0.025856066179157363,0.0093502612260454501,0
7.0199999999994489,7.0179999999994491,0.026467392650947833,0.0095829719120400746,0
7.0399999999994467,7.0379999999994469,0.02705597767899447,0.0098075385968003585,0
7.0599999999994445,7.0579999999994447,0.027619383556470797,0.010023019793117365,0
7.0799999999994423,7.0779999999994425,0.028160529923164371,0.010230259177127894,0
7.0999999999994401,7.0979999999994403,0.028675077039922631,0.010427770080862981,0
7.1199999999994379,7.1179999999994381,0.029162238693346401,0.010615184382939055,0
7.1399999999994357,7.1379999999994359,0.029621574962658676,0.010792277837520849,0
7.1599999999994335,7.1579999999994337,0.030052215900152359,0.010958705127729769,0
7.1799999999994313,7.1779999999994315,0.030453241313822477,0.011114108894144334,0
7.1999999999994291,7.1979999999994293,0.030823740592988119,0.011258137079809907,0
7.2199999999994269,7.2179999999994271,0.031162814568632079,0.011390443362094939,0
7.2399999999994247,7.2379999999994249,0.031469572505026237,0.011510685997009886,0
7.2599999999994225,7.2579999999994227,0.031651046259974287,0.011539715034176867,0
7.2799999999994203,7.2779999999994205,0.031937703190292072,0.011695877981833884,0
7.2999999999994181,7.2979999999994183,0.032168358772153433,0.011797663595144619,0
7.3199999999994159,7.3179999999994161,0.032342704006220427,0.011868757327453613,0
7.3399999999994137,7.3379999999994139,0.032472940195131993,0.01192108029110382,0
7.3599999999994115,7.3579999999994117,0.032564058675966283,0.011958641109061353,0
7.3799999999994093,7.3779999999994095,0.032617418320817673,0.011982444116212781,0
7.3999999999994071,7.3979999999994073,0.032632253405509778,0.011992243055236556,0
7.4199999999994048,7.4179999999994051,0.032607442173330441,0.011987540318811633,0
7.4399999999994026,7.4379999999994029,0.032542242092487815,0.011967971549689945,0
7.4599999999994004,7.4579999999994007,0.032435716488770465,0.011933125864418878,0
7.4799999999993982,7.4779999999993985,0.032286934889871194,0.011882609512979246,0
7.499999999999396,7.4979999999993963,0.032095000337199434,0.011816053641273758,0
7.5199999999993938,7.5179999999993941,0.031859045785810586,0.011733111149715043,0
7.5399999999993916,7.5379999999993919,0.031578228262960494,0.011633452594376524,0
7.5599999999993894,7.5579999999993897,0.031135676020944317,0.01143983350778165,0
7.5799999999993872,7.5779999999993874,0.030926221966538374,0.011431252109139051,0
7.599999999999385,7.5979999999993852,0.030371662633752957,0.011176040364538493,0
7.6199999999993828,7.617999999999383,0.029934038718357779,0.011041649025098736,0
7.6399999999993806,7.6379999999993808,0.029427158598147509,0.010861649567880429,0
7.6599999999993784,7.6579999999993786,0.028860658637539657,0.010654774715384445,0
7.6799999999993762,7.6779999999993764,0.028241406971649109,0.010427669701398436,0
7.699999999999374,7.6979999999993742,0.027571198069919332,0.010181849752741005,0
7.7199999999993718,7.717999999999372,0.02684972942639853,0.0099172702522183388,0
7.7399999999993696,7.7379999999993698,0.026166416746389129,0.0096889162494683545,0
7.7599999999993674,7.7579999999993676,0.02531189723866548,0.0093543522586110577,0
7.7799999999993652,7.7779999999993654,0.02441721577696282,0.0090210198745346529,0
7.799999999999363,7.7979999999993632,0.023479195528286673,0.0086765082383156982,0
7.8199999999993608,7.817999999999361,0.022490116954086412,0.0083142876982595752,0
7.8399999999993586,7.8379999999993588,0.021445830389504147,0.007931733318453392,0
7.8599999999993564,7.8579999999993566,0.020344553806112713,0.0075279197964707193,0
7.8799999999993542,7.8779999999993544,0.019185429865091745,0.0071025008216766784,0
7.899999999999352,7.8979999999993522,0.017967876930011964,0.0066552826957236091,0
7.9199999999993498,7.91799999999935,0.01669138632498475,0.0061860927818386093,0
7.9399999999993476,7.9379999999993478,0.015355488394180328,0.005694747826097463,0
7.9599999999993454,7.9579999999993456,0.013959777292119158,0.0051810499421059081,0
7.9799999999993432,7.9779999999993434,0.012503971141034549,0.004644788323858064,0
7.999999999999341,7.9979999999993412,0.011032709183638936,0.0041105396481734766,0
8.0199999999993477,8.017999999999347,0.0094418917031394572,0.0035143406104333991,0
8.0399999999993543,8.0379999999993537,0.0078181263124946325,0.0029210259815183395,0
8.059999999999361,8.0579999999993603,0.0061559285280452045,0.0022900889335111265,0
8.0799999999993677,8.077999999999367,0.0044447375113657456,0.00165297226010448,0
8.0999999999993744,8.0979999999993737,0.0027498544428154678,0.00097111840318170729,0
8.119999999999381,8.1179999999993804,0.0014009706413589838,0.00044712599930867735,0
8.1399999999993877,8.1379999999993871,0.0017762060943805754,0.00051628335603555269,0
8.1599999999993944,8.1579999999993937,0.0024751087099281551,0.00055844773180486638,0
8.1799999999994011,8.1779999999994004,0.003497747765081632,0.0010224695403415912,0
8.1999999999994078,8.1979999999994071,0.0048609832049698572,0.0015827365421195332,0
8.2199999999994144,8.2179999999994138,0.0060927217672646725,0.0020547694341915171,0
8.2399999999994211,8.2379999999994205,0.0073267475943585613,0.0025193261255112864,0
8.2599999999994278,8.2579999999994271,0.0085170679210062449,0.002964056382804062,0
8.2799999999994345,8.2779999999994338,0.0096585247560504479,0.0033894351255074596,0
8.2999999999994412,8.2979999999994405,0.01075338742734909,0.0037972884388514446,0
8.3199999999994478,8.3179999999994472,0.011804338255860566,0.0041889602225278827,0
8.3399999999994545,8.3379999999994538,0.01287765444127713,0.0045916192442014142,0
8.3599999999994612,8.3579999999994605,0.013797202349142789,0.0049373976208591346,0
8.3799999999994679,8.3779999999994672,0.014769533034949416,0.0053043475579192482,0
8.3999999999994746,8.3979999999994739,0.01565708910057987,0.0056395451122960181,0
8.4199999999994812,8.4179999999994806,0.01652339778350638,0.0059644155936926192,0
8.4399999999994879,8.4379999999994872,0.017349626181484844,0.0062733111720998241,0
8.4599999999994946,8.4579999999994939,0.018138471303999971,0.0065680264025516468,0
8.4799999999995013,8.4779999999995006,0.018892746186990866,0.0068498474862231174,0
8.4999999999995079,8.4979999999995073,0.019762840245124983,0.0071442873470277789,0
8.5199999999995146,8.517999999999514,0.020855724360268366,0.0074616452224460627,0
8.5399999999995213,8.5379999999995206,0.021954371589124673,0.0077661037868820126,0
8.559999999999528,8.5579999999995273,0.023009003103438157,0.0080523558840230516,0
8.5799999999995347,8.577999999999534,0.024009457530855829,0.0083206431916422845,0
8.5999999999995413,8.5979999999995407,0.024951685422172274,0.0085718109221044163,0
8.619999999999548,8.6179999999995474,0.025833052430563642,0.008806605755604895,0
8.6399999999995547,8.637999999999554,0.026652186044316392,0.0090256464000523558,0
8.6599999999995614,8.6579999999995607,0.027408773543908593,0.0092294569234522145,0
8.6799999999995681,8.6779999999995674,0.028103220068153599,0.0094184911311710733,0
8.6999999999995747,8.6979999999995741,0.028736367673428312,0.0095931486887667547,0
8.7199999999995814,8.7179999999995808,0.029309315627609078,0.0097537870735579252,0
8.7399999999995881,8.7379999999995874,0.029823317179990698,0.0099007311599218148,0
8.7599999999995948,8.7579999999995941,0.030256909670480621,0.010010392575552314,0
8.7799999999996015,8.7779999999996008,0.030674566728260626,0.010144119297691497,0
8.7999999999996081,8.7979999999996075,0.03100731621630342,0.010247450443554294,0
8.8199999999996148,8.8179999999996141,0.031293409737399754,0.010339809312979958,0
8.8399999999996215,8.8379999999996208,0.031533047626882471,0.010421787786236321,0
8.8599999999996282,8.8579999999996275,0.031652179729029027,0.01044163360147533,0
8.8799999999996349,8.8779999999996342,0.031884850540449643,0.010550062893372899,0
8.8999999999996415,8.8979999999996409,0.031961943790756682,0.010591452658911385,0
8.9199999999996482,8.9179999999996475,0.031996299678958152,0.010620563641052112,0
8.9399999999996549,8.9379999999996542,0.031997163588679295,0.010642378092353353,0
8.9599999999996616,8.9579999999996609,0.031960714543496513,0.010655178936803768,0
8.9799999999996682,8.9779999999996676,0.03188537523092147,0.010657908210764101,0
8.9999999999996749,8.9979999999996743,0.03177170945461491,0.01065032650743488,0
9.0199999999996816,9.0179999999996809,0.031646078390421842,0.010668184945611808,0
9.0399999999996883,9.0379999999996876,0.031449014320823795,0.010616044891797639,0
9.059999999999695,9.0579999999996943,0.031233426319697579,0.010578937251199278,0
9.0799999999997016,9.077999999999701,0.030985934665052766,0.01053411119557477,0
9.0999999999997083,9.0979999999997077,0.03067099927688104,0.010481879697568528,0
9.119999999999715,9.1179999999997143,0.03042524888925097,0.010431068793369131,0
9.1399999999997217,9.137999999999721,0.03010260126993184,0.010361368236373646,0
9.1599999999997284,9.1579999999997277,0.029744781368619858,0.010279677554335957,0
9.179999999999735,9.1779999999997344,0.029363137619094374,0.010188905988846749,0
9.1999999999997417,9.197999999999741,0.028960765553997833,0.01008979119941762,0
9.2199999999997484,9.2179999999997477,0.028539880118687324,0.0099828454073485461,0
9.2399999999997551,9.2379999999997544,0.028102624352473481,0.0098684969716004017,0
9.2599999999997618,9.2579999999997611,0.027649823343883377,0.0097465903957141345,0
9.2799999999997684,9.2779999999997678,0.027183672584615123,0.0096175358007035486,0
9.2999999999997751,9.2979999999997744,0.026705965145229969,0.0094815632179617807,0
9.3199999999997818,9.3179999999997811,0.02621784573506741,0.0093386305945865715,0
9.3399999999997885,9.3379999999997878,0.025673204461297304,0.0091775338759842763,0
9.3599999999997952,9.3579999999997945,0.025272786175989551,0.0090376293454196965,0
9.3799999999998018,9.3779999999998012,0.024651275336451086,0.008854900424524869,0
9.3999999999998085,9.3979999999998078,0.024242760637172196,0.0086994766452653943,0
9.4199999999998152,9.4179999999998145,0.023632379088527472,0.008517804624994324,0
9.4399999999998219,9.4379999999998212,0.023222759934155235,0.0083446507692954124,0
9.4599999999998285,9.4579999999998279,0.022620597838192834,0.0081604183818080669,0
9.4799999999998352,9.4779999999998346,0.02216685404011029,0.0079738893358886585,0
9.4999999999998419,9.4979999999998412,0.021713073810313441,0.0077620179275380962,0
9.5199999999998486,9.5179999999998479,0.021134341869051901,0.0075830246375237957,0
9.5399999999998553,9.5379999999998546,0.22244982531544943,0.059710471890503512,0
9.5599999999998619,9.5579999999998613,0.19200534025187929,0.051660852877369282,0
9.5799999999998686,9.577999999999868,0.161959803779536,0.044036759610428321,0
9.5999999999998753,9.5979999999998746,0.12842441980586466,0.038262069391675785,0
9.619999999999882,9.6179999999998813,0.11010242614330945,0.035023355128338006,0
9.6399999999998887,9.637999999999888,0.095391567775476124,0.032029058333148237,0
9.6599999999998953,9.6579999999998947,0.083147674977881517,0.029329379041787576,0
9.679999999999902,9.6779999999999013,0.073597348930945536,0.026949671303458125,0
9.6999999999999087,9.697999999999908,0.065025350219754474,0.023882793335360381,0
9.7199999999999154,9.7179999999999147,0.056446906027308057,0.016428807644502899,0
9.7399999999999221,9.7379999999999214,0.056919355776223375,0.020890353825440345,0
9.7599999999999287,9.7579999999999281,0.068140966427235689,0.022294112321769276,0
9.7799999999999354,9.7779999999999347,0.068666186757031455,0.020512026238130959,0
9.7999999999999421,9.7979999999999414,0.069863171076814751,0.021048906988134115,0
9.8199999999999488,9.8179999999999481,0.072757689497697856,0.023988003373779588,0
9.8399999999999554,9.8379999999999548,0.076839348301479454,0.026874393501199287,0
9.8599999999999621,9.8579999999999615,0.020331765810879227,0.0083343274261206742,0
9.8799999999999688,9.8779999999999681,0.053797271251427942,0.022008351146984611,0
9.8999999999999755,9.8979999999999748,0.031571920666103141,0.0083934243823618939,0
9.9199999999999822,9.9179999999999815,0.08245126086560943,0.025887897588969016,0
9.9399999999999888,9.9379999999999882,0.063525105631013323,0.021157143370581898,0
9.9599999999999955,9.9579999999999949,0.053789736935198236,0.012272363212203836,0
9.9800000000000022,9.9780000000000015,0.063880646400766711,0.016371662527311148,0
10.000000000000009,9.9980000000000082,0.069665123742115448,0.01698183102654904,0
10.020000000000016,10.018000000000015,0.044912706091839907,0.015028405323754308,0
10.040000000000022,10.038000000000022,0.088212356667024885,0.034350167148149501,0
10.060000000000029,10.058000000000028,0.10042517363432947,0.035730732291369784,0
10.080000000000036,10.078000000000035,0.084646521444071574,0.020589105319080106,0
10.100000000000042,10.098000000000042,0.09978703202693337,0.032071943296049496,0
10.120000000000049,10.118000000000048,0.10074884253548581,0.024436662869029152,0
10.140000000000056,10.138000000000055,0.025492535007898529,0.0073877736722021388,0
10.160000000000062,10.158000000000062,0.12738300957081075,0.035989887954600557,0
10.180000000000069,10.178000000000068,0.05295823816612303,0.011796967528306659,0
10.200000000000076,10.198000000000075,0.18060643914961588,0.068475048974666539,0
10.220000000000082,10.218000000000082,0.19597734159286334,0.069657509692270497,0
10.240000000000089,10.238000000000088,0.21719280106047448,0.074036557698871838,0
10.260000000000096,10.258000000000095,0.21112645021592033,0.071755597490040166,0
10.280000000000102,10.278000000000102,0.11100984520415087,0.048015705607529199,0
10.300000000000109,10.298000000000108,0.11247454214493691,0.036127485008883367,0
10.320000000000116,10.318000000000115,0.20589643797230894,0.072340885295110888,0
10.340000000000122,10.338000000000122,0.20498977880978006,0.072437694706055378,0
10.360000000000129,10.358000000000128,0.21178091766829862,0.075006554421236243,0
10.380000000000136,10.378000000000135,0.060849191659860927,0.025191165130850381,0
10.400000000000142,10.398000000000142,0.066612083321807139,0.021112294304246625,0
10.420000000000149,10.418000000000148,0.23085184963367467,0.082255650526205384,0
10.440000000000156,10.438000000000155,0.217503633929161,0.077462376547651521,0
10.460000000000163,10.458000000000162,0.11317742517426221,0.036752825938715233,0
10.480000000000169,10.478000000000169,0.094562500325316323,0.02879799125775084,0
10.500000000000176,10.498000000000175,0.2432865145318576,0.087535366373752047,0
10.520000000000183,10.518000000000182,0.11714748496447505,0.068087891487229019,0
10.540000000000189,10.538000000000189,0.1200519734952291,0.046541891246878568,0
10.560000000000196,10.558000000000195,0.12335402489027178,0.054370451263598352,0
10.580000000000203,10.578000000000202,0.26069453587523816,0.064349730721467296,0
10.600000000000209,10.598000000000209,0.13879194415316848,0.050699918116539081,0
10.620000000000216,10.618000000000215,0.12668567699116356,0.048652770721756375,0
10.640000000000223,10.638000000000222,0.12736296144168552,0.049473572335342664,0
10.660000000000229,10.658000000000229,0.14068859008243836,0.048074555509721062,0
10.680000000000236,10.678000000000235,0.16330031540182083,0.044179325796401769,0
10.700000000000243,10.698000000000242,0.10052394402125779,0.037069844146299789,0
10.720000000000249,10.718000000000249,0.1938844353676471,0.075732570245825248,0
10.740000000000256,10.738000000000255,0.20537191975883851,0.074761578366519851,0
10.760000000000263,10.758000000000262,0.18559624621949677,0.074437744645722059,0
10.780000000000269,10.778000000000269,0.39344436182378512,0.12331845290343511,0
10.800000000000276,10.798000000000275,0.34990689920088486,0.12623883325054325,0
10.820000000000283,10.818000000000282,0.26709488240079904,0.09644279775523458,0
10.840000000000289,10.838000000000289,0.1944047407327138,0.071377136626217572,0
10.860000000000296,10.858000000000295,0.12698033239005044,0.042650267064567003,0
10.880000000000303,10.878000000000302,0.097162541558722823,0.033276456608159977,0
10.900000000000309,10.898000000000309,0.076109484985562095,0.025078557013600341,0
10.920000000000316,10.918000000000315,0.060430821241790868,0.019002780247289845,0
10.940000000000323,10.938000000000322,0.049153463714407791,0.014422188511593615,0
10.960000000000329,10.958000000000329,0.040404838626196676,0.011872414328537813,0
10.980000000000336,10.978000000000335,0.034114714201711242,0.010913122750473722,0
11.000000000000343,10.998000000000342,0.029473461086674948,0.010008893922885367,0
11.02000000000035,11.018000000000349,0.024218939761754182,0.008475796910695459,0
11.040000000000356,11.038000000000356,0.021028397176861443,0.0075636338205482727,0
11.060000000000363,11.058000000000362,0.0199367705341351,0.0073726394460828862,0
11.08000000000037,11.078000000000369,0.02170680412740511,0.0087275662692699579,0
11.100000000000376,11.098000000000376,0.022011943683024417,0.0090915506367325837,0
11.120000000000383,11.118000000000382,0.022160562329159663,0.0092631265698927025,0
11.14000000000039,11.138000000000389,0.022264480741465451,0.0093836093733507629,0
11.160000000000396,11.158000000000396,0.022499224201287912,0.0095198015359540828,0
11.180000000000403,11.178000000000402,0.040107470132128897,0.01824892837115983,0
11.20000000000041,11.198000000000409,0.025012380052565689,0.01063317731606429,0
11.220000000000416,11.218000000000416,0.023727230386005591,0.0099721599597838006,0
11.240000000000423,11.238000000000422,0.023542978568618009,0.0098066748157877026,0
11.26000000000043,11.258000000000429,0.029982934709605918,0.014035409455772146,0
11.280000000000436,11.278000000000436,0.026109115348570012,0.010862344597645332,0
11.300000000000443,11.298000000000442,0.025064699268518002,0.010245499472103816,0
11.32000000000045,11.318000000000449,0.020719882041356864,0.0097041982195227409,0
11.340000000000456,11.338000000000456,0.026671748392190931,0.010843882343162879,0
11.360000000000463,11.358000000000462,0.025956328929673027,0.010341480305786832,0
11.38000000000047,11.378000000000469,0.024133369756367321,0.011038264659177266,0
11.400000000000476,11.398000000000476,0.013957040127037646,0.0038234063248567445,0
11.420000000000483,11.418000000000482,0.026995016742275328,0.01059942744628998,0
11.44000000000049,11.438000000000489,0.027013633348303728,0.010380772322640402,0
11.460000000000496,11.458000000000496,0.028449914580292099,0.012973621543559358,0
11.480000000000503,11.478000000000502,0.027608265831411755,0.010658104831427345,0
11.50000000000051,11.498000000000509,0.015074286016932482,0.0046340464236359269,0
11.520000000000516,11.518000000000516,0.016986338793927813,0.0051992961789348964,0
11.540000000000523,11.538000000000523,0.016424634950001689,0.0051982084943111252,0
11.56000000000053,11.558000000000529,0.016196957558405251,0.0049866040064383598,0
11.580000000000537,11.578000000000536,0.014315057509253206,0.0049613202677091942,0
11.600000000000543,11.598000000000543,0.01588812012390093,0.0051809588384947739,0
11.62000000000055,11.618000000000549,0.016091883261087025,0.0051043167069033737,0
11.640000000000557,11.638000000000556,0.015678025938456099,0.0052337445058532415,0
11.660000000000563,11.658000000000563,0.015744494576407995,0.0052588228531094084,0
11.68000000000057,11.678000000000569,0.015384913582684364,0.0052084532650167343,0
11.700000000000577,11.698000000000576,0.015187238312631943,0.0051484808101483629,0
11.720000000000583,11.718000000000583,0.014920819244257333,0.0050650270110943318,0
11.74000000000059,11.738000000000589,0.014016508078021917,0.0048956731468441797,0
11.760000000000597,11.758000000000596,0.014528935755847756,0.0047685841276410741,0
11.780000000000603,11.778000000000603,0.013810700642489019,0.0045898784509710213,0
11.80000000000061,11.798000000000609,0.025485890820879025,0.0093653574245886155,0
11.820000000000617,11.818000000000616,0.024565832065265403,0.0088607532090320962,0
11.840000000000623,11.838000000000623,0.023683615052292099,0.0086057739417162455,0
11.86000000000063,11.858000000000629,0.022877833128109665,0.0084063181532103379,0
11.880000000000637,11.878000000000636,0.022061151448734311,0.008208562985401003,0
11.900000000000643,11.898000000000643,0.021212573990051605,0.0080002320237478174,0
11.92000000000065,11.918000000000649,0.019802525827458631,0.009258647855676299,0
11.940000000000657,11.938000000000656,0.02074602303889915,0.008218892074568605,0
11.960000000000663,11.958000000000663,0.018947884632436008,0.0074582372276396063,0
11.98000000000067,11.978000000000669,0.017824335731621385,0.0070766411114867355,0
12.000000000000677,11.998000000000676,0.016922573617555066,0.0067873935736903913,0
12.020000000000683,12.018000000000683,0.01615840780189275,0.0065063390571915769,0
12.04000000000069,12.038000000000689,0.015448941326472648,0.006240093432973934,0
12.060000000000697,12.058000000000696,0.014704971711871791,0.0059419679659119054,0
12.080000000000704,12.078000000000703,0.013886958648386023,0.0056199555956313128,0
12.10000000000071,12.09800000000071,0.013026391912071061,0.0052830447647231023,0
12.120000000000717,12.118000000000716,0.012194034438876383,0.0049698551613502765,0
12.140000000000724,12.138000000000723,0.011268277642543493,0.0046010683183382289,0
12.16000000000073,12.15800000000073,0.010305717690175298,0.0042225271265788587,0
12.180000000000737,12.178000000000736,0.0093077301798170937,0.0038307795820922055,0
12.200000000000744,12.198000000000743,0.008332696902764232,0.0034698964733032621,0
12.22000000000075,12.21800000000075,0.00737454154090609,0.0030782062864181657,0
12.240000000000757,12.238000000000756,0.0062985182260482638,0.0026440243488254681,0
12.260000000000764,12.258000000000763,0.0051909587407667161,0.0021927653972181622,0
12.28000000000077,12.27800000000077,0.0041131947886964464,0.0017582081332713922,0
12.300000000000777,12.298000000000776,0.0031939091793267414,0.0013305361315680486,0
12.320000000000784,12.318000000000783,0.002318692695551895,0.00085859139252828149,0
12.34000000000079,12.33800000000079,0.0020037290652295215,0.00052989090059407727,0
12.360000000000797,12.358000000000796,0.0023590547240093618,0.000818114459367065,0
12.380000000000804,12.378000000000803,0.0036757199779138788,0.0010017085595010037,0
12.40000000000081,12.39800000000081,0.0057960555866832554,0.0016653061075827319,0
12.420000000000817,12.418000000000816,0.0079928299950112747,0.0025135611097990992,0
12.440000000000824,12.438000000000823,0.010106015037787144,0.0032971763923694934,0
12.46000000000083,12.45800000000083,0.012060275014576762,0.0040233052978223306,0
12.480000000000837,12.478000000000836,0.013986037724088608,0.0047143156890245017,0
12.500000000000844,12.498000000000843,0.015815561054582039,0.0053679232163742485,0
12.52000000000085,12.51800000000085,0.017555478101787182,0.0059862774645146836,0
12.540000000000857,12.538000000000856,0.01921190961113298,0.0065724980644597036,0
12.560000000000864,12.558000000000863,0.020790033371620581,0.0071292834275878403,0
12.58000000000087,12.57800000000087,0.022294059623083944,0.0076587460001335565,0
12.600000000000877,12.598000000000876,0.02372736018179018,0.0081625085028034904,0
12.620000000000884,12.618000000000883,0.025092630258780824,0.0086418197856663621,0
12.640000000000891,12.63800000000089,0.026392038624398872,0.0090976491971796278,0
12.660000000000897,12.658000000000897,0.027627354061157159,0.0095307590765913493,0
12.680000000000904,12.678000000000903,0.028800046969630389,0.0099417598446264188,0
12.700000000000911,12.69800000000091,0.029911368622850383,0.010331151550431286,0
12.720000000000917,12.718000000000917,0.030962411627392567,0.010699354896211386,0
12.740000000000924,12.738000000000923,0.032105656576993311,0.011105754888440678,0
12.760000000000931,12.75800000000093,0.032781414928601524,0.01131872447552832,0
12.780000000000937,12.778000000000937,0.033883741750694009,0.011721810733301292,0
12.800000000000944,12.798000000000943,0.03461750842603855,0.011965322292070561,0
12.820000000000951,12.81800000000095,0.035362038368297911,0.012223400321415875,0
12.840000000000957,12.838000000000957,0.036067986765896912,0.012468689773524149,0
12.860000000000964,12.858000000000963,0.036579232296348303,0.012644801017511205,0
12.880000000000971,12.87800000000097,0.037283430409386718,0.012906333993259337,0
12.900000000000977,12.898000000000977,0.03786540258848075,0.013116725270346474,0
12.920000000000984,12.918000000000983,0.038367492450769161,0.013293933998679314,0
12.940000000000991,12.93800000000099,0.038809132991927099,0.013447814214124252,0
12.960000000000997,12.958000000000997,0.039198122731208589,0.013582570591302833,0
12.980000000001004,12.978000000001003,0.039537539973775862,0.013699795992571352,0
13.000000000001011,12.99800000000101,0.03982880221998427,0.013800110336023821,0
13.020000000001017,13.018000000001017,0.040072016444876908,0.013883593270191013,0
13.040000000001024,13.038000000001023,0.040268112441335845,0.013950497999439525,0
13.060000000001031,13.05800000000103,0.04041820962197331,0.014001166999684794,0
13.080000000001037,13.078000000001037,0.040522791987768599,0.0140357763697295,0
13.100000000001044,13.098000000001043,0.040582536234900803,0.014054540366055635,0
13.120000000001051,13.11800000000105,0.040598188620310519,0.014057701042846413,0
13.140000000001058,13.138000000001057,0.040570718289446819,0.014045575240520572,0
13.160000000001064,13.158000000001064,0.040500361331049707,0.01401827353943156,0
13.180000000001071,13.17800000000107,0.040388471360105579,0.013976217439817926,0
13.200000000001078,13.198000000001077,0.040159177204795005,0.013901034351969628,0
13.220000000001084,13.218000000001084,0.04002282563852512,0.013846367367264328,0
13.240000000001091,13.23800000000109,0.039807796138663157,0.013769887546311877,0
13.260000000001098,13.258000000001097,0.039540026475600426,0.013673669936736039,0
13.280000000001104,13.278000000001104,0.039230093234876022,0.013561554645743492,0
13.300000000001111,13.29800000000111,0.038885133314793194,0.013426925056972117,0
13.320000000001118,13.318000000001117,0.038501415486456851,0.013299513905621636,0
13.340000000001124,13.338000000001124,0.038083792746961435,0.013149202805444441,0
13.360000000001131,13.35800000000113,0.037633417573371956,0.012986045798086923,0
13.380000000001138,13.378000000001137,0.037150152163709212,0.012811496051624505,0
13.400000000001144,13.398000000001144,0.036634067577645209,0.012625585220897548,0
13.420000000001151,13.41800000000115,0.036088040495546078,0.012429102528712163,0
13.440000000001158,13.438000000001157,0.035512290858410331,0.012222178227334891,0
13.460000000001164,13.458000000001164,0.034907347199222949,0.012004994813634795,0
13.480000000001171,13.47800000000117,0.034274068023708866,0.011777789991117024,0
13.500000000001178,13.498000000001177,0.033563008832762233,0.01160738939084914,0
13.520000000001184,13.518000000001184,0.032975205174522973,0.011229423564389152,0
13.540000000001191,13.53800000000119,0.032175071718010637,0.011110185559008022,0
13.560000000001198,13.558000000001197,0.031475067593825311,0.010794947182136611,0
13.580000000001204,13.578000000001204,0.030700776516845021,0.01050474288834412,0
13.600000000001211,13.59800000000121,0.029901134831029946,0.010217885066858806,0
13.620000000001218,13.618000000001217,0.029084636773153399,0.0099272292527096476,0
13.640000000001224,13.638000000001224,0.028252847679988494,0.0096310509921762339,0
13.660000000001231,13.65800000000123,0.027427117796052329,0.0093026010836565736,0
13.680000000001238,13.678000000001237,0.026523957533200693,0.0090184615323692027,0
13.700000000001245,13.698000000001244,0.025640276249955952,0.0087089929654039864,0
13.720000000001251,13.718000000001251,0.024740556371940524,0.0083879485957131517,0
13.740000000001258,13.738000000001257,0.023820394330894428,0.0080592947996621662,0
13.760000000001265,13.758000000001264,0.022885267555187098,0.007725234926567833,0
13.780000000001271,13.778000000001271,0.021935315396774985,0.0073859774905461742,0
13.800000000001278,13.798000000001277,0.027360893262120475,0.0087149248813446975,0
13.820000000001285,13.818000000001284,0.044407144300628948,0.018328887220598732,0
13.840000000001291,13.838000000001291,0.033900287618529298,0.013316652950929363,0
13.860000000001298,13.858000000001297,0.030063334418296731,0.011549785935414825,0
13.880000000001305,13.878000000001304,0.027718816855667936,0.010404336912703545,0
13.900000000001311,13.898000000001311,0.023663851978609998,0.0086060543939584788,0
13.920000000001318,13.918000000001317,0.020607927772035257,0.0072466803613436036,0
13.940000000001325,13.938000000001324,0.018742630519101675,0.0064763645599766207,0
13.960000000001331,13.958000000001331,0.016873959705474451,0.0057130454447224454,0
13.980000000001338,13.978000000001337,0.014462784054207695,0.0046528881588493312,0
14.000000000001345,13.998000000001344,0.013031405634366793,0.0041478867381882466,0
14.020000000001351,14.018000000001351,0.011209116700562136,0.0033946564896846546,0
14.040000000001358,14.038000000001357,0.010002544938978907,0.0030162268803510766,0
14.060000000001365,14.058000000001364,0.0090177452895411226,0.0024129126745930044,0
14.080000000001371,14.078000000001371,0.0084292064539647875,0.0028482121478243584,0
14.100000000001378,14.098000000001377,0.0060455037604480229,0.0012643977775112843,0
14.120000000001385,14.118000000001384,0.0075584329497413848,0.0028850174587993745,0
14.140000000001391,14.138000000001391,0.005373985722805741,0.0013665783525955055,0
14.160000000001398,14.158000000001397,0.0049916737044222786,0.0011592874237815623,0
14.180000000001405,14.178000000001404,0.0050245348818585122,0.0011538072035922806,0
14.200000000001411,14.198000000001411,0.0051081544227235959,0.0011452850993809252,0
14.220000000001418,14.218000000001418,0.0054426795862681414,0.0013464255631665686,0
14.240000000001425,14.238000000001424,0.0060900232075792437,0.0018570114060585858,0
14.260000000001432,14.258000000001431,0.0068117767345211308,0.0022590078889950906,0
14.280000000001438,14.278000000001438,0.0078370421991425833,0.0027547826590366502,0
14.300000000001445,14.298000000001444,0.0084133469338016562,0.0029273378085094919,0
14.320000000001452,14.318000000001451,0.0091883301994652982,0.0032089295343153794,0
14.340000000001458,14.338000000001458,0.010060864448301152,0.0035462887881939865,0
14.360000000001465,14.358000000001464,0.010983092406371193,0.0039024907800533394,0
14.380000000001472,14.378000000001471,0.011926707824887708,0.0042618149795309998,0
14.400000000001478,14.398000000001478,0.012876989407573067,0.0046181478945051266,0
14.420000000001485,14.418000000001484,0.013826744090524321,0.0049693393366820274,0
14.440000000001492,14.438000000001491,0.014772259695679685,0.0053147734098300675,0
14.460000000001498,14.458000000001498,0.015711320152159761,0.0056543639678680296,0
14.480000000001505,14.478000000001504,0.016642360729884304,0.0059881659855812522,0
14.500000000001512,14.498000000001511,0.017564122433654055,0.0063162370988143878,0
14.520000000001518,14.518000000001518,0.01847550745979247,0.0066385955658022702,0
14.540000000001525,14.538000000001524,0.019375515028715453,0.0069552135159776278,0
14.560000000001532,14.558000000001531,0.02026321071949902,0.007266022090819892,0
14.580000000001538,14.578000000001538,0.021137710602841222,0.0075709196976047706,0
14.600000000001545,14.598000000001544,0.0219981717980062,0.007869780167390393,0
14.620000000001552,14.618000000001551,0.022843788964409931,0.0081624597936436876,0
14.640000000001558,14.638000000001558,0.023673786787049924,0.0084488028139041577,0
14.660000000001565,14.658000000001564,0.02448741905243031,0.00872864571922107,0
14.680000000001572,14.678000000001571,0.025283965127734197,0.0090018203398343159,0
14.700000000001578,14.698000000001578,0.026062727255337838,0.0092681560567653108,0
14.720000000001585,14.718000000001584,0.026963158498230552,0.0096250330745676505,0
14.740000000001592,14.738000000001591,0.027500900493077129,0.0097744140498531411,0
14.760000000001599,14.758000000001598,0.028174131266077995,0.0099912095874254564,0
14.780000000001605,14.778000000001605,0.02887139215744524,0.010225291829398799,0
14.800000000001612,14.798000000001611,0.029558450684904414,0.010458476617314307,0
14.820000000001619,14.818000000001618,0.030224885975951351,0.010684674162166426,0
14.840000000001625,14.838000000001625,0.030867602339193091,0.010902090047153517,0
14.860000000001632,14.858000000001631,0.0314857056422536,0.011110318895595514,0
14.880000000001639,14.878000000001638,0.032078885038815536,0.01130933398580203,0
14.900000000001645,14.898000000001645,0.032644174561263971,0.011510090719851646,0
14.920000000001652,14.918000000001651,0.033162346101782876,0.01167423267150439,0
14.940000000001659,14.938000000001658,0.033674173934473792,0.011842447326569932,0
14.960000000001665,14.958000000001665,0.034164747612558916,0.012004556668902587,0
14.980000000001672,14.978000000001671,0.034629843633398306,0.012157945633726356,0
15.000000000001679,14.998000000001678,0.035068032988188606,0.012301911709099202,0
15.020000000001685,15.018000000001685,0.035478609052303683,0.012436211297333074,0
15.040000000001692,15.038000000001691,0.035825547262785841,0.012579211759109678,0
15.060000000001699,15.058000000001698,0.036143272734140322,0.012662333289822051,0
15.080000000001705,15.078000000001705,0.036454057645283193,0.012757930793931116,0
15.100000000001712,15.098000000001711,0.036746979762276991,0.012851529052797846,0
15.120000000001719,15.118000000001718,0.037013224863382634,0.012936816887164379,0
15.140000000001725,15.138000000001725,0.037249067718811119,0.013011682794643905,0
15.160000000001732,15.158000000001731,0.037453182777693016,0.013075551073965032,0
15.180000000001739,15.178000000001738,0.037624988954567819,0.013128272110191363,0
15.200000000001745,15.198000000001745,0.037764048475377836,0.013169768843392621,0
15.220000000001752,15.218000000001751,0.037869911539323328,0.013199951895210331,0
15.240000000001759,15.238000000001758,0.037942093958756584,0.013218709033899776,0
15.260000000001765,15.258000000001765,0.037980082215110844,0.013225909057940436,0
15.280000000001772,15.278000000001771,0.037983340209595498,0.013221406179381093,0
15.300000000001779,15.298000000001778,0.03795131390761608,0.013205043028399126,0
15.320000000001786,15.318000000001785,0.037883434525459246,0.013176652720189901,0
15.340000000001792,15.338000000001792,0.037779120837649068,0.013136060350872215,0
15.360000000001799,15.358000000001798,0.037493599277497097,0.013058380536150719,0
15.380000000001806,15.378000000001805,0.037301545932024567,0.012985411230091405,0
15.400000000001812,15.398000000001812,0.037082656573091045,0.012905638412135613,0
15.420000000001819,15.418000000001818,0.036826551831305329,0.012814087047923948,0
15.440000000001826,15.438000000001825,0.036530836543600391,0.012709409489435915,0
15.460000000001832,15.458000000001832,0.036194769634273212,0.012591226225769223,0
15.480000000001839,15.478000000001838,0.035817806375095046,0.012459347062043422,0
15.500000000001846,15.498000000001845,0.035399371311375279,0.012313593055547635,0
15.520000000001852,15.518000000001852,0.10342567009841806,0.04555620776380144,0
15.540000000001859,15.538000000001858,0.036439229024550324,0.012238218425524156,0
15.560000000001866,15.558000000001865,0.033980266753188215,0.011658691801872961,0
15.580000000001872,15.578000000001872,0.032982990983265244,0.011372486275186697,0
15.600000000001879,15.598000000001878,0.032301317932712494,0.011151000103988404,0
15.620000000001886,15.618000000001885,0.065835333929270254,0.028273444735245762,0
15.640000000001892,15.638000000001892,0.032379807925322135,0.010940343644945104,0
15.660000000001899,15.658000000001898,0.030355178751642967,0.010392579714126405,0
15.680000000001906,15.678000000001905,0.029270594710042157,0.01005412905127781,0
15.700000000001912,15.698000000001912,0.028380059466364429,0.0097580261323139666,0
15.720000000001919,15.718000000001918,0.027630912056851909,0.0095064451501949351,0
15.740000000001926,15.738000000001925,0.026645188434860231,0.0091568768765783286,0
15.760000000001932,15.758000000001932,0.025637931735539864,0.0088115342460648918,0
15.780000000001939,15.778000000001938,0.024585904809483118,0.0084548111322345423,0
15.800000000001946,15.798000000001945,0.023480979263553022,0.0080811231461178513,0
15.820000000001953,15.818000000001952,0.022321034334662544,0.0076888452395497044,0
15.840000000001959,15.838000000001959,0.021105715357743131,0.0072775957522022245,0
15.860000000001966,15.858000000001965,0.019834970811689612,0.0068472721750755233,0
15.880000000001973,15.878000000001972,0.018508702766705597,0.006397779018966791,0
15.900000000001979,15.898000000001979,0.017126767204359485,0.0059289770591926076,0
15.920000000001986,15.918000000001985,0.015689064450712165,0.0054406875254231395,0
15.940000000001993,15.938000000001992,0.01419566622743851,0.0049327037399721453,0
15.960000000001999,15.958000000001999,0.012647006571000454,0.0044048003983179554,0
15.980000000002006,15.978000000002005,0.011146952191368608,0.003885802238610167,0
16.000000000002011,15.99800000000201,0.00947881737903194,0.0033056450822893453,0
16.020000000002,16.018000000002001,0.0077714099453519668,0.0027128593807485371,0
16.040000000001989,16.03800000000199,0.0060364344546092732,0.0021027938252713217,0
16.060000000001978,16.058000000001979,0.0043080130219864564,0.0014727992040618394,0
16.080000000001966,16.078000000001968,0.0027247061795561997,0.00082160807826775777,0
16.100000000001955,16.098000000001957,0.0019444531609237746,0.00045520157232109825,0
16.120000000001944,16.118000000001945,0.0028284555197780952,0.00066307704264432447,0
16.140000000001933,16.138000000001934,0.0053988912670818474,0.0016604678980702335,0
16.160000000001922,16.158000000001923,0.0085322435242502978,0.0027112355104462029,0
16.180000000001911,16.178000000001912,0.011801419925622825,0.0038570936047428494,0
16.2000000000019,16.198000000001901,0.01484472804869161,0.004928860967808907,0
16.220000000001889,16.21800000000189,0.017480284041253177,0.0057774799387830533,0
16.240000000001878,16.238000000001879,0.020192616016247077,0.0067300021600533583,0
16.260000000001867,16.258000000001868,0.022510849751949977,0.0074670297437253383,0
16.280000000001856,16.278000000001857,0.024828184363956448,0.0082258816458505354,0
16.300000000001845,16.298000000001846,0.027163963210890586,0.0090591372632933733,0
16.320000000001833,16.318000000001835,0.029123272346046163,0.0096808058388299784,0
16.340000000001822,16.338000000001824,0.031098406058159285,0.010329954285978092,0
16.360000000001811,16.358000000001812,0.032990365114508619,0.01095634966823609,0
16.3800000000018,16.378000000001801,0.034777727296513725,0.01154858551851207,0
16.400000000001789,16.39800000000179,0.03645960311598536,0.012105653040047017,0
16.420000000001778,16.418000000001779,0.038038651537415785,0.01262841801046378,0
16.440000000001767,16.438000000001768,0.039622576602883257,0.013213021334560003,0
16.460000000001756,16.458000000001757,0.040841463793565111,0.013588441576027635,0
16.480000000001745,16.478000000001746,0.042108113041536811,0.014003754561432019,0
16.500000000001734,16.498000000001735,0.043305138227419666,0.014400103900184445,0
16.520000000001723,16.518000000001724,0.044409572196182696,0.014765703384146116,0
16.540000000001712,16.538000000001713,0.045420497898704525,0.015099798014679032,0
16.5600000000017,16.558000000001702,0.046217123630384979,0.01529996378640687,0
16.580000000001689,16.57800000000169,0.047225538260861913,0.015662910243980303,0
16.600000000001678,16.598000000001679,0.047992992037916155,0.015919829707662477,0
16.620000000001667,16.618000000001668,0.048643200715497811,0.016132391403118871,0
16.640000000001656,16.638000000001657,0.049207112994254329,0.016315780729367759,0
16.660000000001645,16.658000000001646,0.049690493053587984,0.016472656074331203,0
16.680000000001634,16.678000000001635,0.049872698483093017,0.01645259919492421,0
16.700000000001623,16.698000000001624,0.050472965313850107,0.016693661944634435,0
16.720000000001612,16.718000000001613,0.050770525030836684,0.016797498350253806,0
16.740000000001601,16.738000000001602,0.0509357137326042,0.016848299125377775,0
16.76000000000159,16.758000000001591,0.051018803282929397,0.016870609630427753,0
16.780000000001579,16.77800000000158,0.05103120599623738,0.016869838522990718,0
16.800000000001567,16.798000000001569,0.050974932993018626,0.016846749404694598,0
16.820000000001556,16.818000000001557,0.050504436897551352,0.016592074025042383,0
16.840000000001545,16.838000000001546,0.050696665231389271,0.016712305227764467,0
16.860000000001534,16.858000000001535,0.050531953582530861,0.016668931144943205,0
16.880000000001523,16.878000000001524,0.050210902098919714,0.016559450177721462,0
16.900000000001512,16.898000000001513,0.049806260805469078,0.016419098725738837,0
16.920000000001501,16.918000000001502,0.049339836769350581,0.016258346229313929,0
16.94000000000149,16.938000000001491,0.048816305826341562,0.016079567713758885,0
16.960000000001479,16.95800000000148,0.047743962241377773,0.0156099216477438,0
16.980000000001468,16.978000000001469,0.048138009721943223,0.015916790316359924,0
17.000000000001457,16.998000000001458,0.046569153934617843,0.01523628395550472,0
17.020000000001446,17.018000000001447,0.046195073902166955,0.015157582167371812,0
17.040000000001434,17.038000000001436,0.045523613279886854,0.014950113287672371,0
17.060000000001423,17.058000000001424,0.0447033663773867,0.014679165309996717,0
17.080000000001412,17.078000000001413,0.043801457178707162,0.014376124327279039,0
17.100000000001401,17.098000000001402,0.042845512890626693,0.014054173645304402,0
17.12000000000139,17.118000000001391,0.041846113704663145,0.013718261478758877,0
17.140000000001379,17.13800000000138,0.040194651825215769,0.013075683671353311,0
17.160000000001368,17.158000000001369,0.039658585437049483,0.012928712242214882,0
17.180000000001357,17.178000000001358,0.038763939534235028,0.012660897839977965,0
17.200000000001346,17.198000000001347,0.037687364847787126,0.012316625348843748,0
17.220000000001335,17.218000000001336,0.03650692739580351,0.011927297116988469,0
17.240000000001324,17.238000000001325,0.035262502980111118,0.011511931636265821,0
17.260000000001313,17.258000000001314,0.033975806047577529,0.01108111791561509,0
17.280000000001301,17.278000000001303,0.032373886891013455,0.010515511015279349,0
17.30000000000129,17.298000000001291,0.031270141087564332,0.010146158087653451,0
17.320000000001279,17.31800000000128,0.030025513819421142,0.0097440046324121926,0
17.340000000001268,17.338000000001269,0.028689673252664284,0.0093096364252396105,0
17.360000000001257,17.358000000001258,0.027296021519220341,0.0088515039603076079,0
17.380000000001246,17.378000000001247,0.025862939749728045,0.0083773866683538797,0
17.400000000001235,17.398000000001236,0.024401921529732699,0.0078927587509660113,0
17.420000000001224,17.418000000001225,0.022920519886501116,0.0074011259154420188,0
17.440000000001213,17.438000000001214,0.021423681929820769,0.0069046190545867126,0
17.460000000001202,17.458000000001203,0.019914646737905016,0.0064044753393994944,0
17.480000000001191,17.478000000001192,0.018395638925699221,0.0059013851573160494,0
17.50000000000118,17.498000000001181,0.016868400418566361,0.0053957334365458184,0
17.520000000001168,17.51800000000117,0.015334595449447382,0.0048877608506780728,0
17.540000000001157,17.538000000001158,0.013796141034971789,0.004377664949623326,0
17.560000000001146,17.558000000001147,0.012255537378847197,0.0038656577747832751,0
17.580000000001135,17.578000000001136,0.010929300260453752,0.0034786502310771754,0
17.600000000001124,17.598000000001125,0.0091425623033137074,0.0027470040565849264,0
17.620000000001113,17.618000000001114,0.0075744951585378266,0.0022743530997284809,0
17.640000000001102,17.638000000001103,0.0061260129732063177,0.0017816962173354232,0
17.660000000001091,17.658000000001092,0.0047395562030242925,0.0012790704585989709,0
17.68000000000108,17.678000000001081,0.0039959658073507502,0.0010481243518722073,0
17.700000000001069,17.69800000000107,0.0024203592901835829,0.00067272079485819806,0
17.720000000001058,17.718000000001059,0.0025511479591081975,0.00056716303392349832,0
17.740000000001046,17.738000000001048,0.0033843714894686567,0.00080422213291394488,0
17.760000000001035,17.758000000001037,0.0045941122052342619,0.001292264050065146,0
17.780000000001024,17.778000000001025,0.0059667273999566318,0.0017880680278583598,0
17.800000000001013,17.798000000001014,0.0078648346195716399,0.0024995401075245858,0
17.820000000001002,17.818000000001003,0.0086264441299975392,0.0026548365055306653,0
17.840000000000991,17.838000000000992,0.010714560291286443,0.0034138808742659684,0
17.86000000000098,17.858000000000981,0.011967137487923503,0.0038081241360353011,0
17.880000000000969,17.87800000000097,0.013360215014735537,0.0042453395695120745,0
17.900000000000958,17.898000000000959,0.014813735300291862,0.0047103241369045685,0
17.920000000000947,17.918000000000948,0.016287573003128036,0.0051868888605117666,0
17.940000000000936,17.938000000000937,0.017760433372303742,0.0056646736289666533,0
17.960000000000925,17.958000000000926,0.019220800651823501,0.0061380558373946657,0
17.980000000000913,17.978000000000915,0.020662441934632306,0.0066042361584618056,0
18.000000000000902,17.998000000000903,0.02208197516258497,0.0070619125335495614,0
18.020000000000891,18.018000000000892,0.023477489692250806,0.007510516912386008,0
18.04000000000088,18.038000000000881,0.024847769862680079,0.0079498046301866958,0
18.060000000000869,18.05800000000087,0.026708005585550604,0.0085981371567974644,0
18.080000000000858,18.078000000000859,0.027117152103622793,0.0086265877243758959,0
18.100000000000847,18.098000000000848,0.029154384362454783,0.0093471875990018063,0
18.120000000000836,18.118000000000837,0.029617873908225512,0.0094149750434993507,0
18.140000000000825,18.138000000000826,0.031656224087213483,0.010139285804817131,0
18.160000000000814,18.158000000000815,0.032542835880175154,0.010395705008434432,0
18.180000000000803,18.178000000000804,0.033613636220209929,0.010719167872576782,0
18.200000000000792,18.198000000000793,0.034727065326404093,0.011066073894944708,0
18.22000000000078,18.218000000000782,0.035831736656219658,0.011414836529673728,0
18.240000000000769,18.23800000000077,0.036907418123737545,0.011755687203925162,0
18.260000000000758,18.258000000000759,0.037945895063461278,0.01208457339898748,0
18.280000000000747,18.278000000000748,0.039312036567256813,0.012549859753380327,0
18.300000000000736,18.298000000000737,0.039596723778524197,0.012570028665751675,0
18.320000000000725,18.318000000000726,0.041066166410640828,0.013081522694295161,0
18.340000000000714,18.338000000000715,0.041700654031804833,0.013257704627584622,0
18.360000000000703,18.358000000000704,0.042459667731263077,0.013484552536890277,0
18.380000000000692,18.378000000000693,0.043232274007370605,0.013723827537990479,0
18.400000000000681,18.398000000000682,0.043974770143264362,0.013956542614228771,0
18.42000000000067,18.418000000000671,0.044671669061890733,0.014175268702264163,0
18.440000000000659,18.43800000000066,0.045317881737995294,0.014377585844940432,0
18.460000000000647,18.458000000000649,0.045911688780368227,0.014562827968507042,0
18.480000000000636,18.478000000000637,0.04645225950075705,0.014730805497224064,0
18.500000000000625,18.498000000000626,0.046938866517354357,0.014881401764281091,0
18.520000000000614,18.518000000000615,0.047370698199827109,0.015014456712275673,0
18.540000000000603,18.538000000000604,0.047997874509548517,0.01511849810094581,0
18.560000000000592,18.558000000000593,0.04816825537799356,0.01516998076077348,0
18.580000000000581,18.578000000000582,0.048403086192482722,0.01523664488147395,0
18.60000000000057,18.598000000000571,0.048606237451176891,0.015295212797139756,0
18.620000000000559,18.61800000000056,0.048753723875285655,0.015337575626912734,0
18.640000000000548,18.638000000000549,0.048839319100889907,0.01536096501345062,0
18.660000000000537,18.658000000000538,0.048860851567997785,0.015364377104774909,0
18.680000000000526,18.678000000000527,0.04881703408329259,0.015347338971127056,0
18.700000000000514,18.698000000000516,0.048706731676509442,0.015309506456824549,0
18.720000000000503,18.718000000000504,0.048736654116966052,0.015332640417178361,0
18.740000000000492,18.738000000000493,0.048098536513568643,0.015085384079748316,0
18.760000000000481,18.758000000000482,0.048113594657226283,0.015120506368385946,0
18.78000000000047,18.778000000000471,0.047584435659289569,0.014932524986079719,0
18.800000000000459,18.79800000000046,0.047092714518044705,0.014770467944968302,0
18.820000000000448,18.818000000000449,0.046691113020167402,0.014649553678714837,0
18.840000000000437,18.838000000000438,0.045961661830150394,0.014398565709450774,0
18.860000000000426,18.858000000000427,0.045256169100059557,0.014172037906172111,0
18.880000000000415,18.878000000000416,0.044497234894381378,0.013933418759482978,0
18.900000000000404,18.898000000000405,0.043660884522557883,0.013671271798694437,0
18.920000000000393,18.918000000000394,0.042740955405208135,0.013382785545309464,0
18.940000000000381,18.938000000000383,0.041735793698409351,0.013067387988205581,0
18.96000000000037,18.958000000000371,0.040644439724813408,0.012724864553505197,0
18.980000000000359,18.97800000000036,0.039362572625308193,0.012319652400378665,0
19.000000000000348,18.998000000000349,0.038188665201701298,0.011966868823507367,0
19.020000000000337,19.018000000000338,0.036853586827434233,0.011551855575528739,0
19.040000000000326,19.038000000000327,0.035405335307538248,0.011097570682618574,0
19.060000000000315,19.058000000000316,0.033735186092886442,0.01056933844313352,0
19.080000000000304,19.078000000000305,0.03220973153641421,0.010105221435492827,0
19.100000000000293,19.098000000000294,0.030504826422925929,0.0095750181038128275,0
19.120000000000282,19.118000000000283,0.028676405377699089,0.0090018607987895072,0
19.140000000000271,19.138000000000272,0.026743325151773946,0.0083946522460963211,0
19.160000000000259,19.158000000000261,0.02471027055825269,0.0077559629379019765,0
19.180000000000248,19.17800000000025,0.022472556330702827,0.0070527009413082556,0
19.200000000000237,19.198000000000238,0.020328346187461519,0.006390318948149642,0
19.220000000000226,19.218000000000227,0.018020760606689636,0.0056708998575597473,0
19.240000000000215,19.238000000000216,0.015463294729904114,0.004872061928809083,0
19.260000000000204,19.258000000000205,0.01302257315570398,0.0041092080687747416,0
19.280000000000193,19.278000000000194,0.010303837444680044,0.0032634287031173019,0
19.300000000000182,19.298000000000183,0.0076302234121811262,0.0024196187172832303,0
19.320000000000171,19.318000000000172,0.0048348487620083003,0.0015321433924304192,0
19.34000000000016,19.338000000000161,0.0020201733677627618,0.00057900860357220849,0
19.360000000000149,19.35800000000015,0.0019365810677866545,0.00048601748409797838,0
19.380000000000138,19.378000000000139,0.0046643684590856292,0.0017040434465429813,0
19.400000000000126,19.398000000000128,0.0082974387599188855,0.0032255373115093692,0
19.420000000000115,19.418000000000117,0.011681413761001872,0.0045937425198552245,0
19.440000000000104,19.438000000000105,0.01502192187225836,0.0059226319137884991,0
19.460000000000093,19.458000000000094,0.017903127702605173,0.0070627683268083717,0
19.480000000000082,19.478000000000083,0.020725121267288354,0.0081766296096514018,0
19.500000000000071,19.498000000000072,0.023393719328281631,0.0092278710049308859,0
19.52000000000006,19.518000000000061,0.025901449591704758,0.010214257482854386,0
19.540000000000049,19.53800000000005,0.028354909566169054,0.011170782160835505,0
19.560000000000038,19.558000000000039,0.030359380274325738,0.011956214381593958,0
19.580000000000027,19.578000000000028,0.032401859606959037,0.012757934933204578,0
19.600000000000016,19.598000000000017,0.034333674989783222,0.013516591604432408,0
19.620000000000005,19.618000000000006,0.036133087692528203,0.014223337398482794,0
19.639999999999993,19.637999999999995,0.037801296379458407,0.014878764217538811,0
19.659999999999982,19.657999999999983,0.039330173641066959,0.015475494601272734,0
19.679999999999971,19.677999999999972,0.040711259968193372,0.016018760318534591,0
19.69999999999996,19.697999999999961,0.04201269482641861,0.016535290433626573,0
19.719999999999949,19.71799999999995,0.043224975148866703,0.017013451370072531,0
19.739999999999938,19.737999999999939,0.044292186255125474,0.017434832946578421,0
19.759999999999927,19.757999999999928,0.045238930373729773,0.017809293047820873,0
19.779999999999916,19.777999999999917,0.046073046977745079,0.018139954790189799,0
19.799999999999905,19.797999999999906,0.046727187261168424,0.018402061906180996,0
19.819999999999894,19.817999999999895,0.047473404290103383,0.018701933891430322,0
19.839999999999883,19.837999999999884,0.047999365475982554,0.018912968008617973,0
19.859999999999872,19.857999999999873,0.048405683639080772,0.019077061221229919,0
19.87999999999986,19.877999999999862,0.048580271313457449,0.019150231630380699,0
19.899999999999849,19.89799999999985,0.048984967352475664,0.01931952904806989,0
19.919999999999838,19.917999999999839,0.049118966786695549,0.019378104168488248,0
19.939999999999827,19.937999999999828,0.049133447190908945,0.019389433430862753,0
19.959999999999816,19.957999999999817,0.049056531464125079,0.01936518987395491,0
19.979999999999805,19.977999999999806,0.04889279413582618,0.019307159760295529,0
19.999999999999794,19.997999999999795,0.048644085936314772,0.019216009129495989,0
20.019999999999783,20.017999999999784,0.048312321223534467,0.019092446412468454,0
20.039999999999772,20.037999999999773,0.047899545488186347,0.018937240476201433,0
20.059999999999761,20.057999999999762,0.047407862221248924,0.018751185352142007,0
20.07999999999975,20.077999999999751,0.046839419112498309,0.018535093029196252,0
20.099999999999739,20.09799999999974,0.046196409802845916,0.018289793865145294,0
20.119999999999727,20.117999999999729,0.045314346587839151,0.017950373160938948,0
20.139999999999716,20.137999999999717,0.044801539015976735,0.017765407042389096,0
20.159999999999705,20.157999999999706,0.044004630135630315,0.017460716788044155,0
20.179999999999694,20.177999999999695,0.043090007248609584,0.017108556419425519,0
20.199999999999683,20.197999999999684,0.042099247582980316,0.016726280960523823,0
20.219999999999672,20.217999999999673,0.040573668266805439,0.016113369642240184,0
20.239999999999661,20.237999999999662,0.040061127368892877,0.015945657392049617,0
20.25999999999965,20.257999999999651,0.038952881498360105,0.015518209717574895,0
20.279999999999639,20.27799999999964,0.037704482796218707,0.015033036215011274,0
20.299999999999628,20.297999999999629,0.036407533269631275,0.014528721099211292,0
20.319999999999617,20.317999999999618,0.035071180314683863,0.014008952336506066,0
20.339999999999606,20.337999999999607,0.033695029040148247,0.013473398037766829,0
20.359999999999594,20.357999999999596,0.032279705406787776,0.012922174504888634,0
20.379999999999583,20.377999999999584,0.030826755603420238,0.012355786866389907,0
20.399999999999572,20.397999999999573,0.02933803957767309,0.011774862742106623,0
20.419999999999561,20.417999999999562,0.027815549763527243,0.011180069358962437,0
20.43999999999955,20.437999999999551,0.026261409734403308,0.010572106458348648,0
20.459999999999539,20.45799999999954,0.024677905389433569,0.0099517107818533623,0
20.479999999999528,20.477999999999529,0.023067514715223992,0.0093196562538483303,0
20.499999999999517,20.497999999999518,0.021432941147278659,0.008676749802286261,0
20.519999999999506,20.517999999999507,0.019777164834411817,0.008023825225432971,0
20.539999999999495,20.537999999999496,0.017579580444863876,0.0071395939157635358,0
20.559999999999484,20.557999999999485,0.017258006337980279,0.0069998776892590316,0
20.579999999999472,20.577999999999474,0.014351223135649573,0.0058631704487989702,0
20.599999999999461,20.597999999999463,0.013203307587348539,0.0054095753255278588,0
20.61999999999945,20.617999999999451,0.011555652881030103,0.0047339835428614006,0
20.639999999999439,20.63799999999944,0.0098229152580646666,0.0040143649954530961,0
20.659999999999428,20.657999999999429,0.0081329520246477601,0.0032937841949445381,0
20.679999999999417,20.677999999999418,0.0065375285098522584,0.0025780216825644865,0
20.699999999999406,20.697999999999407,0.0051124125483374061,0.0018659827427453144,0
20.719999999999395,20.717999999999396,0.0040286878799706827,0.001159579651540192,0
20.739999999999384,20.737999999999385,0.0035991840934728484,0.0008603086581333132,0
20.759999999999373,20.757999999999374,0.0040317852835425778,0.0012545379625641671,0
20.779999999999362,20.777999999999363,0.0051063484535764118,0.00164717310783606,0
20.799999999999351,20.797999999999352,0.0065066325798216681,0.0020379314211646875,0
20.819999999999339,20.817999999999341,0.0080584897764456945,0.0024264537236512005,0
20.839999999999328,20.83799999999933,0.00968272929377746,0.0030529328143743604,0
20.859999999999317,20.857999999999318,0.011341325526520278,0.0037418769920546267,0
20.879999999999306,20.877999999999307,0.013928297547920791,0.0047979506086143322,0
20.899999999999295,20.897999999999296,0.0148017334129402,0.0051517934412650861,0
20.919999999999284,20.917999999999285,0.016305430828422566,0.0057533256649908594,0
20.939999999999273,20.937999999999274,0.017930833054225381,0.0064028972606814732,0
20.959999999999262,20.957999999999263,0.01957193191798098,0.0070561228778664329,0
20.979999999999251,20.977999999999252,0.02120313562947572,0.0077035416167622328,0
20.99999999999924,20.997999999999241,0.022814130045533402,0.0083416923447253554,0
21.019999999999229,21.01799999999923,0.024398170394909536,0.0089682699199160072,0
21.039999999999218,21.037999999999219,0.02595044031123878,0.0095815987253279351,0
21.059999999999206,21.057999999999208,0.027467516777773014,0.010180493833934415,0
21.079999999999195,21.077999999999196,0.028946870174535001,0.010764091703279396,0
21.099999999999184,21.097999999999185,0.030386456884978798,0.011331699918464385,0
21.119999999999173,21.117999999999174,0.031784446957878201,0.011882694558570665,0
21.139999999999162,21.137999999999163,0.033139065488183905,0.012416460512663241,0
21.159999999999151,21.157999999999152,0.034448511519261538,0.012932361571013375,0
21.17999999999914,21.177999999999141,0.035710924281065475,0.013429728771176515,0
21.199999999999129,21.19799999999913,0.036924375845518997,0.013907858924677202,0
21.219999999999118,21.217999999999119,0.03873491535891805,0.014642482810891033,0
21.239999999999107,21.237999999999108,0.039165136223578034,0.014791280711228203,0
21.259999999999096,21.257999999999097,0.040157644532429863,0.015180090121843185,0
21.279999999999085,21.277999999999086,0.041178865254267331,0.015584317159449013,0
21.299999999999073,21.297999999999075,0.04214138953091396,0.015965584628730975,0
21.319999999999062,21.317999999999063,0.043036564465150397,0.016320316526843688,0
21.339999999999051,21.337999999999052,0.043863935258007053,0.016648473410487412,0
21.35999999999904,21.357999999999041,0.044622362956290886,0.01694968831495533,0
21.379999999999029,21.37799999999903,0.045310227603006202,0.017223373940567444,0
21.399999999999018,21.397999999999019,0.045925830798599507,0.017468905264804879,0
21.419999999999007,21.417999999999008,0.046789763087129753,0.01782533927802744,0
21.439999999998996,21.437999999998997,0.046912799329205092,0.017865677584089228,0
21.459999999998985,21.457999999998986,0.047285556117785045,0.018016155131728887,0
21.479999999998974,21.477999999998975,0.047614159687203353,0.018151008629648083,0
21.499999999998963,21.497999999998964,0.047855796564056738,0.01825189523426269,0
21.519999999998952,21.517999999998953,0.048008592622091298,0.018318120970504882,0
21.53999999999894,21.537999999998942,0.048072900072387403,0.018349936715953998,0
21.559999999998929,21.55799999999893,0.048047686615213442,0.018346998107940538,0
21.579999999998918,21.577999999998919,0.047931241260308212,0.018308669026549564,0
21.599999999998907,21.597999999998908,0.047807035849586316,0.018272982514337569,0
21.619999999998896,21.617999999998897,0.047431462977930376,0.018130464890301116,0
21.639999999998885,21.637999999998886,0.047031832103502869,0.017982587048178057,0
21.659999999998874,21.657999999998875,0.04653666636291473,0.017797843201428947,0
21.679999999998863,21.677999999998864,0.04593675147859988,0.017572346668179584,0
21.699999999998852,21.697999999998853,0.045231316199394286,0.017305887127881506,0
21.719999999998841,21.717999999998842,0.044419129737212106,0.016998041243063443,0
21.73999999999883,21.737999999998831,0.043498249431953975,0.016648071416322841,0
21.759999999998819,21.75799999999882,0.04252646327235745,0.016281805408486762,0
21.779999999998807,21.777999999998809,0.041359223070948539,0.015837421437988542,0
21.799999999998796,21.797999999998797,0.040099124233365473,0.015354688727389598,0
21.819999999998785,21.817999999998786,0.038713268760707173,0.014824353002495138,0
21.839999999998774,21.837999999998775,0.037157030219583886,0.014224566825031339,0
21.859999999998763,21.857999999998764,0.0355704156431976,0.013617515985135636,0
21.879999999998752,21.877999999998753,0.033821181657788663,0.012946053837970036,0
21.899999999998741,21.897999999998742,0.031944056824776204,0.012225075896826117,0
21.91999999999873,21.917999999998731,0.029939372903066364,0.011454675723275109,0
21.939999999998719,21.93799999999872,0.027803434566304672,0.010633304883259821,0
21.959999999998708,21.957999999998709,0.025533166468163625,0.0097596940183421188,0
21.979999999998697,21.977999999998698,0.023126035030232826,0.0088327934863520613,0
21.999999999998685,21.997999999998687,0.020579742925662722,0.0078516251696377996,0
22.019999999998674,22.017999999998676,0.017847027657114885,0.0067937654936430034,0
22.039999999998663,22.037999999998664,0.015039471391842422,0.0057119342758697664,0
22.059999999998652,22.057999999998653,0.011972832957180445,0.0045193790951663397,0
22.079999999998641,22.077999999998642,0.0089395035497801343,0.0033502685688883613,0
22.09999999999863,22.097999999998631,0.0055938746295625553,0.0020369175248541381,0
22.119999999998619,22.11799999999862,0.0022730912886784944,0.0007046390908370362,0
22.139999999998608,22.137999999998609,0.0016159686636791689,0.00054249365350913777,0
22.159999999998597,22.157999999998598,0.0039615385171575708,0.00150780488133935,0
22.179999999998586,22.177999999998587,0.0058509005252778664,0.0019177663957711637,0
22.199999999998575,22.197999999998576,0.0080218190836589022,0.0023622652481046671,0
22.219999999998564,22.217999999998565,0.010173352136799298,0.0029056071323783376,0
22.239999999998552,22.237999999998554,0.012411096222835521,0.0036023362060671805,0
22.259999999998541,22.257999999998543,0.01417983255257141,0.0041911541475550505,0
22.27999999999853,22.277999999998531,0.01604667666748226,0.0047778278358839811,0
22.299999999998519,22.29799999999852,0.017849980769054002,0.0053368732955737363,0
22.319999999998508,22.317999999998509,0.019568153318014356,0.0058661220899521426,0
22.339999999998497,22.337999999998498,0.021203168713025033,0.0063673894558593964,0
22.359999999998486,22.357999999998487,0.02289597653785571,0.0068632340170857765,0
22.379999999998475,22.377999999998476,0.024186630002626892,0.0072819935259739888,0
22.399999999998464,22.397999999998465,0.025581916539900135,0.0077091421260485904,0
22.419999999998453,22.417999999998454,0.026922221236080592,0.0081159300231887794,0
22.439999999998442,22.437999999998443,0.028188109277563583,0.0084997928999056248,0
22.459999999998431,22.457999999998432,0.029381564341710326,0.0088618804222556184,0
22.479999999998419,22.477999999998421,0.030505364791039991,0.0092032086784937465,0
22.499999999998408,22.497999999998409,0.031561362837774151,0.0095244622561963237,0
22.519999999998397,22.517999999998398,0.032550962609625533,0.0098261609210108965,0
22.539999999998386,22.537999999998387,0.033475409024083171,0.010108750394479993,0
22.559999999998375,22.557999999998376,0.034335879459298724,0.010372636407049435,0
22.579999999998364,22.577999999998365,0.035133508550878656,0.010618197805614757,0
22.599999999998353,22.597999999998354,0.035869397461040675,0.010845793133913328,0
22.619999999998342,22.617999999998343,0.036544620187064759,0.011055764898841879,0
22.639999999998331,22.637999999998332,0.037160228890613115,0.011248442662181952,0
22.65999999999832,22.657999999998321,0.037717258314327665,0.011424145335558323,0
22.679999999998309,22.67799999999831,0.038216729302741281,0.011583182884449914,0
22.699999999998298,22.697999999998299,0.038659651529571286,0.011725857593299721,0
22.719999999998286,22.717999999998288,0.03904702558308918,0.011852465009378838,0
22.739999999998275,22.737999999998276,0.039379844540541616,0.011963294650788202,0
22.759999999998264,22.757999999998265,0.039659095165268714,0.012058630550729142,0
22.779999999998253,22.777999999998254,0.039885758812250309,0.01213875167898394,0
22.799999999998242,22.797999999998243,0.040060812123889275,0.012203932282422416,0
22.819999999998231,22.817999999998232,0.039916488694313891,0.012191114200835124,0
22.83999999999822,22.837999999998221,0.040335552066834375,0.012302370897655332,0
22.859999999998209,22.85799999999821,0.040381910571282376,0.012330204332210491,0
22.879999999998198,22.877999999998199,0.040341713068524937,0.012335210045775638,0
22.899999999998187,22.897999999998188,0.040259213243510936,0.012327032979937355,0
22.919999999998176,22.917999999998177,0.040135940831146952,0.012306308072031718,0
22.939999999998165,22.937999999998166,0.039970494889794088,0.012272926294989767,0
22.959999999998153,22.957999999998155,0.039762716252446206,0.012226961508231902,0
22.979999999998142,22.977999999998143,0.03951309781549036,0.012168585902509297,0
22.999999999998131,22.997999999998132,0.039222330936080768,0.012097994630142403,0
23.01999999999812,23.017999999998121,0.038891168416600209,0.012015386314232698,0
23.039999999998109,23.03799999999811,0.038520398221960968,0.011920961909060413,0
23.059999999998098,23.057999999998099,0.038110839268260692,0.011814925952498631,0
23.079999999998087,23.077999999998088,0.03766333819025789,0.011697486952154966,0
23.099999999998076,23.097999999998077,0.037178765052953401,0.011568857023805668,0
23.119999999998065,23.117999999998066,0.036658008931812334,0.011429251239600226,0
23.139999999998054,23.137999999998055,0.036101974046976973,0.011278886968563172,0
23.159999999998043,23.157999999998044,0.035511576693785657,0.011117983324666058,0
23.179999999998032,23.177999999998033,0.034887742946714713,0.010946760756276212,0
23.19999999999802,23.197999999998022,0.034231407052166908,0.010765440766843005,0
23.219999999998009,23.21799999999801,0.033543510428947661,0.010574245760243878,0
23.239999999997998,23.237999999997999,0.032825001137894244,0.010373398973068326,0
23.259999999997987,23.257999999997988,0.032076833783250373,0.010163124486722144,0
23.279999999997976,23.277999999997977,0.031299969757816182,0.0099436472890759766,0
23.299999999997965,23.297999999997966,0.030495377830683405,0.009715193380880718,0
23.319999999997954,23.317999999997955,0.029664035049475863,0.0094779899072458384,0
23.339999999997943,23.337999999997944,0.028806927977977188,0.0092322653103399429,0
23.359999999997932,23.357999999997933,0.027925054313192779,0.0089782494933880724,0
23.379999999997921,23.377999999997922,0.026577106902144366,0.0085308567324306715,0
23.39999999999791,23.397999999997911,0.026655737076501321,0.0086269514255085077,0
23.419999999997898,23.4179999999979,0.024773861133317674,0.008019220119229023,0
23.439999999997887,23.437999999997889,0.024213655837708691,0.0078710485805900381,0
23.459999999997876,23.457999999997877,0.023292713171551464,0.0076171038437141177,0
23.479999999997865,23.477999999997866,0.022278892728162858,0.0073278216085139337,0
23.499999999997854,23.497999999997855,0.021239363518958235,0.0070226825505676728,0
23.519999999997843,23.517999999997844,0.020184786640284585,0.0067075310941060538,0
23.539999999997832,23.537999999997833,0.019117120592596203,0.0063849242618076148,0
23.559999999997821,23.557999999997822,0.018037857318036681,0.0060563430032234472,0
23.57999999999781,23.577999999997811,0.016948614443812317,0.0057226784074389924,0
23.599999999997799,23.5979999999978,0.01585104145939735,0.0053844440294113375,0
23.619999999997788,23.617999999997789,0.014746887778013263,0.005041930556909548,0
23.639999999997777,23.637999999997778,0.013638166631622322,0.0046953164531688789,0
23.659999999997765,23.657999999997767,0.012527360994907994,0.0043447386294978097,0
23.679999999997754,23.677999999997756,0.011417688838041411,0.0039903328597511211,0
23.699999999997743,23.697999999997744,0.010313491357179917,0.0036322540139529591,0
23.719999999997732,23.717999999997733,0.008727225372000897,0.0030136369737284153,0
23.739999999997721,23.737999999997722,0.0086480719082407953,0.0031176269616579053,0
23.75999999999771,23.757999999997711,0.0068210722740901239,0.0023698894095254019,0
23.779999999997699,23.7779999999977,0.0061404243271647591,0.0021345618635278292,0
23.799999999997688,23.797999999997689,0.0056760202561698192,0.0020601511576058924,0
23.819999999997677,23.817999999997678,0.0043860371513759966,0.0013225415369288007,0
23.839999999997666,23.837999999997667,0.0039828237491506399,0.0010181087238584257,0
23.859999999997655,23.857999999997656,0.0038371479921791079,0.0010908632981000389,0
23.879999999997644,23.877999999997645,0.0043033366276074769,0.0013312375750791777,0
23.899999999997632,23.897999999997634,0.0044511801937401948,0.001312052813761477,0
23.919999999997621,23.917999999997622,0.0053045995530762707,0.0014931978014787826,0
23.93999999999761,23.937999999997611,0.006589166986467259,0.0017690779381491074,0
23.959999999997599,23.9579999999976,0.0069530353712801366,0.0016803536612130993,0
23.979999999997588,23.977999999997589,0.0082523696666658691,0.0018915599323666172,0
23.999999999997577,23.997999999997578,0.009919681351396762,0.0024444198181107568,0
24.019999999997566,24.017999999997567,0.010455285220204877,0.0024614921352452707,0
24.039999999997555,24.037999999997556,0.011531432996255963,0.0027549210497768146,0
24.059999999997544,24.057999999997545,0.012677591035446942,0.0031570375397469829,0
24.079999999997533,24.077999999997534,0.013815055843394042,0.0035422203186445053,0
24.099999999997522,24.097999999997523,0.014938198932387889,0.0039159358300591383,0
24.119999999997511,24.117999999997512,0.016049449855535431,0.0042826344029492395,0
24.139999999997499,24.137999999997501,0.017149734591458139,0.0046446993893049897,0
24.159999999997488,24.157999999997489,0.018238630017542654,0.0050031552075425938,0
24.179999999997477,24.177999999997478,0.019315106237620401,0.0053582535777703579,0
24.199999999997466,24.197999999997467,0.020377885528968635,0.0057098210699040117,0
24.219999999997455,24.217999999997456,0.021425588454225482,0.006057460692326537,0
24.239999999997444,24.237999999997445,0.022456801504432005,0.0064006706170318586,0
24.259999999997433,24.257999999997434,0.0234701139860535,0.0067389128235255391,0
24.279999999997422,24.277999999997423,0.02446413834469368,0.007071650189323272,0
24.299999999997411,24.297999999997412,0.025437519532373373,0.0073983639017867649,0
24.3199999999974,24.317999999997401,0.026388937135435813,0.0077185591927259505,0
24.339999999997389,24.33799999999739,0.027804029405963788,0.0081476845971008398,0
24.359999999997378,24.357999999997379,0.028205761528487402,0.0083442436943855815,0
24.379999999997366,24.377999999997368,0.029047621702906298,0.00863036040016406,0
24.399999999997355,24.397999999997356,0.029921328118126988,0.0089218375034912523,0
24.419999999997344,24.417999999997345,0.030761948294717071,0.009204641202130829,0
24.439999999997333,24.437999999997334,0.031566509989038004,0.0094776106531394774,0
24.459999999997322,24.457999999997323,0.032337004262415113,0.0097407192886649306,0
24.479999999997311,24.477999999997312,0.033073756131220357,0.0099937057424581768,0
24.4999999999973,24.497999999997301,0.033776174057508719,0.010236183724372912,0
24.519999999997289,24.51799999999729,0.03444340039136403,0.010467748194549317,0
24.539999999997278,24.537999999997279,0.035074507298833997,0.010688001365214634,0
24.559999999997267,24.557999999997268,0.036062028800292092,0.01104152375756547,0
24.579999999997256,24.577999999997257,0.036222993597000798,0.011103604563549571,0
24.599999999997245,24.597999999997246,0.036702088238323063,0.011261952453441483,0
24.619999999997233,24.617999999997235,0.037191695429744313,0.011431316658427745,0
24.639999999997222,24.637999999997223,0.037640615609530602,0.011592320795389043,0
24.659999999997211,24.657999999997212,0.038043869868047746,0.01174032933684583,0
24.6799999999972,24.677999999997201,0.038401242084672681,0.011873867783538865,0
24.699999999997189,24.69799999999719,0.0388863703904824,0.012089652280820254,0
24.719999999997178,24.717999999997179,0.039002333953841166,0.012106396947657158,0
24.739999999997167,24.737999999997168,0.039193654269042921,0.012172386022034498,0
24.759999999997156,24.757999999997157,0.039362433083135223,0.012241401416693774,0
24.779999999997145,24.777999999997146,0.039485087212402424,0.012298744852850096,0
24.799999999997134,24.797999999997135,0.039713746528645053,0.012423670738039638,0
24.819999999997123,24.817999999997124,0.039596235991274646,0.012369340612072554,0
24.839999999997112,24.837999999997113,0.039542707652266411,0.012359313329789914,0
24.8599999999971,24.857999999997102,0.039539772452565784,0.012403467350619101,0
24.879999999997089,24.87799999999709,0.039345995828281174,0.012324330940268274,0
24.899999999997078,24.897999999997079,0.039138294729223484,0.012267300435411693,0
24.919999999997067,24.917999999997068,0.038883825583287027,0.012201526919546749,0
24.939999999997056,24.937999999997057,0.038572163003106633,0.012117695635086393,0
24.959999999997045,24.957999999997046,0.038200396647352579,0.012013591439809611,0
24.979999999997034,24.977999999997035,0.037767477855711981,0.0118888049788421,0
24.999999999997023,24.997999999997024,0.037272637940315219,0.011743216622578876,0
25.019999999997012,25.017999999997013,0.036858272956905712,0.011661666285929387,0
25.039999999997001,25.037999999997002,0.03600368911085091,0.01131254335858238,0
25.05999999999699,25.057999999996991,0.035392087640805113,0.011165189371952742,0
25.079999999996978,25.07799999999698,0.034658828426571919,0.010950420536255182,0
25.099999999996967,25.097999999996969,0.033843551540376424,0.010700159343095185,0
25.119999999996956,25.117999999996957,0.032957678613775937,0.010424682512284863,0
25.139999999996945,25.137999999996946,0.032003167729784086,0.010126411991121492,0
25.159999999996934,25.157999999996935,0.030979481933331637,0.0098055181916766529,0
25.179999999996923,25.177999999996924,0.029885591038494398,0.0094616863892979138,0
25.199999999996912,25.197999999996913,0.028720426376269648,0.0090945514031132105,0
25.219999999996901,25.217999999996902,0.027482946617724109,0.0087037672712636273,0
25.23999999999689,25.237999999996891,0.026172132973292205,0.008289004319393601,0
25.259999999996879,25.25799999999688,0.02478698180984347,0.0078499412130527673,0
25.279999999996868,25.277999999996869,0.023326502774330665,0.0073862609318488598,0
25.299999999996857,25.297999999996858,0.021789720917884742,0.0068976491108500015,0
25.319999999996845,25.317999999996847,0.020022740059081598,0.0063003343454031717,0
25.339999999996834,25.337999999996835,0.018441450335421442,0.0058368769635313922,0
25.359999999996823,25.357999999996824,0.016691387833112338,0.0052903537705248646,0
25.379999999996812,25.377999999996813,0.014839132816057971,0.0046996135522125535,0
25.399999999996801,25.397999999996802,0.01290226209419832,0.0040778894246880082,0
25.41999999999679,25.417999999996791,0.010810182315740652,0.0033910130359561669,0
25.439999999996779,25.43799999999678,0.0086504865362286142,0.002701275452214567,0
25.459999999996768,25.457999999996769,0.0066117814284869861,0.0020616200335527909,0
25.479999999996757,25.477999999996758,0.0042845789881219053,0.0013033858834972803,0
25.499999999996746,25.497999999996747,0.0020347571498852551,0.00055125041546074088,0
25.519999999996735,25.517999999996736,0.00098456729308817915,0.00046801170433731596,0
25.539999999996724,25.537999999996725,0.002002774270159977,0.0005897437571520406,0
25.559999999996712,25.557999999996714,0.0017498304094967665,0.00048866894423962772,0
25.579999999996701,25.577999999996702,0.0014586614518835863,0.00048066109222915678,0
25.59999999999669,25.597999999996691,0.001207593423620514,0.00048619063792072797,0
25.619999999996679,25.61799999999668,0.0011398792704769862,0.00047010101479787896,0
25.639999999996668,25.637999999996669,0.0010845636219433646,0.00047285060740838805,0
25.659999999996657,25.657999999996658,0.001032481441597612,0.00047423604980378621,0
25.679999999996646,25.677999999996647,0.00096180471934398458,0.00046680614531933431,0
25.699999999996635,25.697999999996636,0.0009675223250730252,0.00046821318823508766,0
25.719999999996624,25.717999999996625,0.00096761556211957106,0.00046785824245979788,0
25.739999999996613,25.737999999996614,0.00096585587088553367,0.00046754654832666039,0
25.759999999996602,25.757999999996603,0.00096346174023935927,0.0004676414450154728,0
25.779999999996591,25.777999999996592,0.00096074265294864589,0.00046806145886270654,0
25.799999999996579,25.797999999996581,0.00095784087334422252,0.00046864481576597668,0
25.819999999996568,25.817999999996569,0.00095489194532889505,0.00046925391257130763,0
25.839999999996557,25.837999999996558,0.00095203011499282362,0.00046979400772933681,0
25.859999999996546,25.857999999996547,0.00094937267672851077,0.00047020902671756487,0
25.879999999996535,25.877999999996536,0.00094701049550745514,0.00047047318428053517,0
25.899999999996524,25.897999999996525,0.00094500587682919655,0.00047058291207640967,0
25.919999999996513,25.917999999996514,0.00094339449161410518,0.00047054989638790337,0
25.939999999996502,25.937999999996503,0.00094218867151279518,0.00047039528272458465,0
25.959999999996491,25.957999999996492,0.00094138074232265898,0.00047014504249187476,0
25.97999999999648,25.977999999996481,0.00094094614244719359,0.0004698264512312182,0
25.999999999996469,25.99799999999647,0.00094084653892904501,0.00046946560978502664,0
26.019999999996458,26.017999999996459,0.00094103317735861789,0.00046908583968326395,0
26.039999999996446,26.037999999996448,0.0009414505251892953,0.00046870680866735969,0
26.059999999996435,26.057999999996436,0.00094204004074421996,0.00046834421308184697,0
26.079999999996424,26.077999999996425,0.00094274378158872301,0.00046800983647058304,0
26.099999999996413,26.097999999996414,0.00094350754179490679,0.00046771188688281171,0
26.119999999996402,26.117999999996403,0.00094428329161645231,0.00046745546002347496,0
26.139999999996391,26.137999999996392,0.00094503079039696329,0.00046724305783929189,0
26.15999999999638,26.157999999996381,0.00094571838013620009,0.00046707512277435585,0
26.179999999996369,26.17799999999637,0.00094632304646336636,0.00046695050985059159,0
26.199999999996358,26.197999999996359,0.00094682990450019561,0.00046686691823016202,0
26.219999999996347,26.217999999996348,0.00094723127844351899,0.00046682123611031947,0
26.239999999996336,26.237999999996337,0.00094752554627316457,0.00046680983290579142,0
26.259999999996325,26.257999999996326,0.00094771589625655488,0.00046682877110590203,0
26.279999999996313,26.277999999996315,0.00094780911180087724,0.00046687398362335077,0
26.299999999996302,26.297999999996303,0.00094781445567623075,0.0004669413932415801,0
26.319999999996291,26.317999999996292,0.00094774271139456425,0.00046702700476104454,0
26.33999999999628,26.337999999996281,0.00094760539284414753,0.00046712697065312309,0
26.359999999996269,26.35799999999627,0.0009474141259305011,0.00046723764438010961,0
26.379999999996258,26.377999999996259,0.00094718019274786394,0.0004673556174571983,0
26.399999999996247,26.397999999996248,0.00094691421353035635,0.00046747774362623925,0
26.419999999996236,26.417999999996237,0.00094662594009262309,0.00046760116724001166,0
26.439999999996225,26.437999999996226,0.00094632413930700323,0.0004677233400357325,0
26.459999999996214,26.457999999996215,0.00094601654347389701,0.00046784203573007341,0
26.479999999996203,26.477999999996204,0.00094570984339904882,0.00046795536186330775,0
26.499999999996191,26.497999999996193,0.0009454097148168004,0.00046806176209694651,0
26.51999999999618,26.517999999996182,0.00094512086188737758,0.00046816001761063009,0
26.539999999996169,26.53799999999617,0.00094484706848013515,0.00046824924332973473,0
26.559999999996158,26.557999999996159,0.00094459125967501678,0.00046832887159050247,0
26.579999999996147,26.577999999996148,0.00094435555767120741,0.00046839864146932766,0
26.599999999996136,26.597999999996137,0.00094414134465854835,0.00046845857471829243,0
26.619999999996125,26.617999999996126,0.00094394932213220527,0.00046850894322926273,0
26.639999999996114,26.637999999996115,0.00094377957326643308,0.00046855024718472194,0
26.659999999996103,26.657999999996104,0.00094363162654057485,0.00046858317494832873,0
26.679999999996092,26.677999999996093,0.00094350452118920633,0.00046860856941110835,0
26.699999999996081,26.697999999996082,0.0009433968736896832,0.00046862738875055236,0
26.71999999999607,26.717999999996071,0.00094330695069899445,0.00046864067498283491,0
26.739999999996058,26.73799999999606,0.00094323273928400306,0.00046864951533484296,0
26.759999999996047,26.757999999996049,0.00094317202074512604,0.00046865500873728792,0
26.779999999996036,26.777999999996037,0.00094312244428958701,0.00046865823376491519,0
26.799999999996025,26.797999999996026,0.00094308159395397619,0.00046866022472783798,0
26.819999999996014,26.817999999996015,0.00094304705971350641,0.00046866194900564538,0
26.839999999996003,26.837999999996004,0.00094301649734500066,0.00046866428110102992,0
26.859999999995992,26.857999999995993,0.00094298768463819374,0.00046866799629582582,0
26.879999999995981,26.877999999995982,0.00094295856852995633,0.00046867375457450479,0
26.89999999999597,26.897999999995971,0.00094292730497417762,0.0004686820931999516,0
26.919999999995959,26.91799999999596,0.00094289228818329122,0.00046869343409710863,0
26.939999999995948,26.937999999995949,0.00094285217241942378,0.00046870806745492367,0
26.959999999995937,26.957999999995938,0.00094280588443755088,0.00046872617324704739,0
26.979999999995925,26.977999999995927,0.00094275262331709687,0.00046874782033914746,0
26.999999999995914,26.997999999995915,0.00094269185791550107,0.00046877297640321675,0
