applied_interval_end_time_s,applied_interval_start_time_s,actual_torque_L2_67channels_Nm,actual_torque_max_abs_67channels_Nm,actual_torque_saturation_count
0.020000000000000004,0.018000000000000002,20.32325479961203,18.281988625570808,0
0.040000000000000022,0.03800000000000002,18.047210824874938,16.627855693115286,0
0.060000000000000039,0.058000000000000038,17.345991945253392,16.255728382716608,0
0.080000000000000057,0.078000000000000055,6.0917945771778479,5.3502003040541224,0
0.10000000000000007,0.098000000000000073,2.6791912162793081,2.5821912120741422,0
0.12000000000000009,0.11800000000000009,2.5444245114846353,2.4881715824645569,0
0.1400000000000001,0.13800000000000009,0.67535786914691609,0.61996939590634426,0
0.16000000000000011,0.15800000000000011,2.4407094517893411,2.3835535428368546,0
0.18000000000000013,0.17800000000000013,2.3930168726126779,2.324528415808147,0
0.20000000000000015,0.19800000000000015,1.5866659740727531,1.5065801580374651,0
0.22000000000000017,0.21800000000000017,0.79807687829162599,0.65999704695381389,0
0.24000000000000019,0.23800000000000018,0.51846430262476562,0.30327024527623131,0
0.26000000000000018,0.25800000000000017,1.1283137590480301,1.0360671666665862,0
0.28000000000000019,0.27800000000000019,1.4231676308410062,1.3387890414701658,0
0.30000000000000021,0.29800000000000021,1.3674108269172158,1.3150559922672358,0
0.32000000000000023,0.31800000000000023,1.1560633093486636,1.1106384037669634,0
0.34000000000000025,0.33800000000000024,0.86141440348021292,0.80905645523593628,0
0.36000000000000026,0.35800000000000026,0.49688210115774833,0.44162183970255603,0
0.38000000000000028,0.37800000000000028,0.22239051666541593,0.21583114493974415,0
0.4000000000000003,0.3980000000000003,0.53047646213676292,0.20391690431620488,0
0.42000000000000032,0.41800000000000032,0.66199473568271994,0.37148104447169272,0
0.44000000000000034,0.43800000000000033,0.70218614699688608,0.43385157400530094,0
0.46000000000000035,0.45800000000000035,0.67226345287414457,0.39189321793785692,0
0.48000000000000037,0.47800000000000037,5.6958605089926975,5.574123837020962,0
0.50000000000000033,0.49800000000000033,7.634784325006474,7.4997539779302445,0
0.52000000000000035,0.51800000000000035,6.1945896765591222,6.0894579487616589,0
0.54000000000000037,0.53800000000000037,5.1669642205681443,5.0855171345088808,0
0.56000000000000039,0.55800000000000038,4.3102066941148784,4.2475268475047923,0
0.5800000000000004,0.5780000000000004,3.5439960291193144,3.5079700208459901,0
0.60000000000000042,0.59800000000000042,2.9055520167794713,2.8769837757031009,0
0.62000000000000044,0.61800000000000044,2.3413990900368731,2.3126487050860294,0
0.64000000000000046,0.63800000000000046,1.7676213437318382,1.7449861231552379,0
0.66000000000000048,0.65800000000000047,1.3074870353207115,1.2718221279983368,0
0.68000000000000049,0.67800000000000049,0.90655687158728404,0.83573106232681482,0
0.70000000000000051,0.69800000000000051,0.59338784886452456,0.43177904424014363,0
0.72000000000000053,0.71800000000000053,0.4633352613786389,0.4285217688557425,0
0.74000000000000055,0.73800000000000054,0.57056884596524993,0.47630940011173678,0
0.76000000000000056,0.75800000000000056,0.80037210228937217,0.59279213102847483,0
0.78000000000000058,0.77800000000000058,1.0731148619844573,0.91349719564297482,0
0.8000000000000006,0.7980000000000006,1.3504485625707894,1.2199198841345114,0
0.82000000000000062,0.81800000000000062,1.6226617499703226,1.5131842628454186,0
0.84000000000000064,0.83800000000000063,0.67681305032774097,0.65949486136693081,0
0.86000000000000065,0.85800000000000065,0.67941136700502547,0.65764962635831314,0
0.88000000000000067,0.87800000000000067,0.29117166573192083,0.20806577621016029,0
0.90000000000000069,0.89800000000000069,2.2470020037610992,2.1636740921848707,0
0.92000000000000071,0.9180000000000007,0.41099103506441964,0.33525027570196286,0
0.94000000000000072,0.93800000000000072,0.22318832705840472,0.19445659969945112,0
0.96000000000000074,0.95800000000000074,2.5417928580061546,2.4780846829017427,0
0.98000000000000076,0.97800000000000076,2.5880328569631508,2.5404338005173388,0
1.0000000000000007,0.99800000000000066,2.7310425544501724,2.6952785602818086,0
1.0200000000000007,1.0180000000000007,2.8704673646602861,2.8445454145728011,0
1.0400000000000007,1.0380000000000007,2.9883503142952605,2.9692306223819998,0
1.0600000000000007,1.0580000000000007,3.0734740948493648,3.0567016723459455,0
1.0800000000000007,1.0780000000000007,3.1175376968810276,3.096655452330364,0
1.1000000000000008,1.0980000000000008,3.1131861918730825,3.0789317253718949,0
1.1200000000000008,1.1180000000000008,3.9082653078806135,2.6879481391955133,0
1.1400000000000008,1.1380000000000008,3.0071860720087131,2.2673042104837244,0
1.1600000000000008,1.1580000000000008,2.951025333905263,2.2259042123524582,0
1.1800000000000008,1.1780000000000008,3.0097224095007968,2.2180349408495448,0
1.2000000000000008,1.1980000000000008,3.0422937281767584,2.2334149064410309,0
1.2200000000000009,1.2180000000000009,3.175883281666557,2.5005265177502118,0
1.2400000000000009,1.2380000000000009,2.2402801187818429,1.843561367041495,0
1.2600000000000009,1.2580000000000009,2.1824045305623385,1.7304502013050189,0
1.2800000000000009,1.2780000000000009,2.5270365422439105,2.4732816091025298,0
1.3000000000000009,1.2980000000000009,2.4161620239859247,2.4141162380487216,0
1.320000000000001,1.3180000000000009,2.3549777225293123,2.3518716419262526,0
1.340000000000001,1.338000000000001,2.5612603076237885,2.551203729858134,0
1.360000000000001,1.358000000000001,2.5218500392255154,2.5097114210184399,0
1.380000000000001,1.378000000000001,1.6388084378907972,1.6266407356865356,0
1.400000000000001,1.398000000000001,1.1846734973582662,1.1686636114941935,0
1.420000000000001,1.418000000000001,2.3045514739901272,2.2837823012000147,0
1.4400000000000011,1.4380000000000011,2.3294137036817633,2.3027377197870647,0
1.4600000000000011,1.4580000000000011,1.6154685779813058,1.5825050889498971,0
1.4800000000000011,1.4780000000000011,1.3687238490131028,1.3266102353596325,0
1.5000000000000011,1.4980000000000011,1.0920552381217281,1.0117786281585006,0
1.5200000000000011,1.5180000000000011,0.86050017057376449,0.60266028021635065,0
1.5400000000000011,1.5380000000000011,0.65683343025704799,0.43350305149250884,0
1.5600000000000012,1.5580000000000012,0.60731687484666508,0.48107766936951796,0
1.5800000000000012,1.5780000000000012,0.6805199420225726,0.53100895162668671,0
1.6000000000000012,1.5980000000000012,0.84428258389554145,0.59303838326045621,0
1.6200000000000012,1.6180000000000012,1.0466406673116484,0.75871182050867203,0
1.6400000000000012,1.6380000000000012,1.2400758328213073,1.1313543660941792,0
1.6600000000000013,1.6580000000000013,2.8593677832366988,2.2073758455082766,0
1.6800000000000013,1.6780000000000013,3.2207932840961626,2.8593745131976336,0
1.7000000000000013,1.6980000000000013,3.182614448254415,2.8526091285840742,0
1.7200000000000013,1.7180000000000013,3.2209660980199781,2.8881542386614161,0
1.7400000000000013,1.7380000000000013,3.3422162713691854,2.9364546017842446,0
1.7600000000000013,1.7580000000000013,3.5330645360328012,2.9976985044474991,0
1.7800000000000014,1.7780000000000014,3.786377907230901,3.0884026883187436,0
1.8000000000000014,1.7980000000000014,4.0010160912203334,3.1921771053769343,0
1.8200000000000014,1.8180000000000014,1.619204248410345,1.2072081722068571,0
1.8400000000000014,1.8380000000000014,4.2797087035337551,2.7166291241571319,0
1.8600000000000014,1.8580000000000014,5.3202132257478336,5.166981714764626,0
1.8800000000000014,1.8780000000000014,4.1808910071013097,4.0675005917579199,0
1.9000000000000015,1.8980000000000015,4.2492022862573453,3.5159710798371431,0
1.9200000000000015,1.9180000000000015,4.0341737392256576,3.1787898569704427,0
1.9400000000000015,1.9380000000000015,3.8234571713384864,2.9601152339700292,0
1.9600000000000015,1.9580000000000015,3.3663109053228184,2.6989453082250185,0
1.9800000000000015,1.9780000000000015,2.6598878829744605,2.4406731944627689,0
2.0000000000000013,1.9980000000000013,2.3920269922282111,2.2045782411929653,0
2.0199999999999991,2.0179999999999993,2.0762765531323759,1.9744287616124929,0
2.0399999999999969,2.0379999999999971,1.861961651548697,1.7736820560428082,0
2.0599999999999947,2.0579999999999949,1.6709455793718346,1.592770973940981,0
2.0799999999999925,2.0779999999999927,1.4943243544657661,1.4297796619203653,0
2.0999999999999903,2.0979999999999905,1.3357213386833908,1.2830554367943612,0
2.1199999999999881,2.1179999999999883,1.1937881399752481,1.1510206377150205,0
2.1399999999999859,2.1379999999999861,1.0600843420694512,1.031236976154875,0
2.1599999999999837,2.1579999999999839,0.94869083002702115,0.92414144642129481,0
2.1799999999999815,2.1779999999999817,0.85188551409433633,0.82962906743325249,0
2.1999999999999793,2.1979999999999795,0.76393437555561194,0.74396218586482832,0
2.2199999999999771,2.2179999999999773,0.6849016025569642,0.66699663156204569,0
2.2399999999999749,2.2379999999999751,0.61408071169596923,0.59798319500313757,0
2.2599999999999727,2.2579999999999729,0.54970213304039084,0.53551410068680672,0
2.2799999999999705,2.2779999999999707,0.49353852843323776,0.48056332218835285,0
2.2999999999999683,2.2979999999999685,0.44249396792530427,0.43074561090323071,0
2.3199999999999661,2.3179999999999663,0.39671079397938841,0.38605981609764078,0
2.3399999999999639,2.3379999999999641,0.35556530567835753,0.34591431349419749,0
2.3599999999999617,2.3579999999999619,0.31889140914245556,0.31006801078635432,0
2.3799999999999595,2.3779999999999597,0.28597450095883953,0.27789437914992809,0
2.3999999999999573,2.3979999999999575,0.25655833774757958,0.24911538499669003,0
2.4199999999999551,2.4179999999999553,0.23001072108010831,0.22316355074834604,0
2.4399999999999529,2.4379999999999531,0.20627478464911192,0.19994540836298502,0
2.4599999999999507,2.4579999999999509,0.18513696681049946,0.17923219862582818,0
2.4799999999999485,2.4779999999999487,0.16612868183441554,0.16060011013713191,0
2.4999999999999463,2.4979999999999465,0.14899047185740524,0.14381272234202366,0
2.5199999999999441,2.5179999999999443,0.13382872930002263,0.12891667203326637,0
2.5399999999999419,2.5379999999999421,0.1201913249790274,0.11550745457694563,0
2.5599999999999397,2.5579999999999399,0.10899539563965605,0.10359318359255254,0
2.5799999999999375,2.5779999999999377,0.099166884210804676,0.092860121671680243,0
2.5999999999999353,2.5979999999999355,0.089181962862047645,0.083205781323932346,0
2.619999999999933,2.6179999999999333,0.080266469648922881,0.074515239633057034,0
2.6399999999999308,2.6379999999999311,0.071125096117099343,0.065653517121508534,0
2.6599999999999286,2.6579999999999289,0.065410661003005341,0.059911563934596006,0
2.6799999999999264,2.6779999999999267,0.059193556076742045,0.053712904913903833,0
2.6999999999999242,2.6979999999999245,0.053450198467836101,0.048035984770435594,0
2.719999999999922,2.7179999999999223,0.048566500153389529,0.043148616277636526,0
2.7399999999999198,2.7379999999999201,0.043923837518151078,0.038510499000189699,0
2.7599999999999176,2.7579999999999179,0.040055549632699292,0.034577888191876696,0
2.7799999999999154,2.7779999999999156,0.036368372948761163,0.030826568878369088,0
2.7999999999999132,2.7979999999999134,0.033355297103469517,0.027689961149970788,0
2.819999999999911,2.8179999999999112,0.030624035556441272,0.024818378655335691,0
2.8399999999999088,2.837999999999909,0.028191828683664724,0.022231574646280946,0
2.8599999999999066,2.8579999999999068,0.026034227944342014,0.019903688074999905,0
2.8799999999999044,2.8779999999999046,0.023986232476533146,0.017669511343403273,0
2.8999999999999022,2.8979999999999024,0.022547617383886623,0.015997539026505733,0
2.9199999999999,2.9179999999999002,0.02092010714628836,0.014152531454757086,0
2.9399999999998978,2.937999999999898,0.019833670584601965,0.012822419829226021,0
2.9599999999998956,2.9579999999998958,0.01856751004634313,0.011313449343737006,0
2.9799999999998934,2.9779999999998936,0.013550959316318847,0.0095901520058638782,0
2.9999999999998912,2.9979999999998914,0.013614522953249575,0.0090661015223455037,0
3.019999999999889,3.0179999999998892,0.013033046886619116,0.0081235050027204849,0
3.0399999999998868,3.037999999999887,0.034861490779032112,0.02397919956131591,0
3.0599999999998846,3.0579999999998848,0.0093936661631972493,0.004826712180557434,0
3.0799999999998824,3.0779999999998826,0.011373533450811074,0.0057984512355779248,0
3.0999999999998802,3.0979999999998804,0.011140191905076398,0.0051659687541198073,0
3.119999999999878,3.1179999999998782,0.010870097638520778,0.0045952419521142242,0
3.1399999999998758,3.137999999999876,0.01065263124383589,0.0040881214133724935,0
3.1599999999998736,3.1579999999998738,0.01048523499028335,0.0037895009386665207,0
3.1799999999998714,3.1779999999998716,0.010357598854392041,0.0038064461695433978,0
3.1999999999998692,3.1979999999998694,0.010261666796209793,0.0038240788388324912,0
3.219999999999867,3.2179999999998672,0.010191193323248018,0.0038417130842202693,0
3.2399999999998648,3.237999999999865,0.010250669193727297,0.003911495404264529,0
3.2599999999998626,3.2579999999998628,0.010148271932156021,0.0038927614476391079,0
3.2799999999998604,3.2779999999998606,0.098692226096807778,0.040023617512997114,0
3.2999999999998582,3.2979999999998584,0.0095885066909921195,0.0042929560743408344,0
3.319999999999856,3.3179999999998562,0.0081317168823590892,0.0031695248374148249,0
3.3399999999998538,3.337999999999854,0.0091402144144033751,0.0036976354132951211,0
3.3599999999998515,3.3579999999998518,0.009713141691776811,0.0039708881921558126,0
3.3799999999998493,3.3779999999998496,0.0096449743619818808,0.0039362832409786863,0
3.3999999999998471,3.3979999999998474,0.0096984742834252523,0.0039676094660119326,0
3.4199999999998449,3.4179999999998452,0.0096175123340729411,0.0039236884115142609,0
3.4399999999998427,3.437999999999843,0.0096083870857156597,0.0039183444377304385,0
3.4599999999998405,3.4579999999998408,0.0096113610180676295,0.0039183901557361201,0
3.4799999999998383,3.4779999999998386,0.0096149122475106437,0.0039176254214105481,0
3.4999999999998361,3.4979999999998364,0.0096170623812435064,0.0039153116481523403,0
3.5199999999998339,3.5179999999998341,0.0096171059957684234,0.003911380011181847,0
3.5399999999998317,3.5379999999998319,0.009614377999068632,0.0039057277396649295,0
3.5599999999998295,3.5579999999998297,0.00960830329671695,0.0038982458807127569,0
3.5799999999998273,3.5779999999998275,0.0095984666456591337,0.0038888665774957981,0
3.5999999999998251,3.5979999999998253,0.0095844565732106923,0.0038775098331200707,0
3.6199999999998229,3.6179999999998231,0.0095659171927402163,0.0038641058726739145,0
3.6399999999998207,3.6379999999998209,0.0094727035823283807,0.0038078672448700339,0
3.6599999999998185,3.6579999999998187,0.0094941147885408989,0.0038230947754612867,0
3.6799999999998163,3.6779999999998165,0.0094643855555039853,0.0038057239880082295,0
3.6999999999998141,3.6979999999998143,0.0094224936770835547,0.0037818489768040881,0
3.7199999999998119,3.7179999999998121,0.0093751870740841972,0.0037559242156488312,0
3.7399999999998097,3.7379999999998099,0.0093225565253477593,0.0037281072085919081,0
3.7599999999998075,3.7579999999998077,0.0092640330122455497,0.0036981193910298501,0
3.7799999999998053,3.7779999999998055,0.0091991965097468972,0.00366577180865931,0
3.7999999999998031,3.7979999999998033,0.0090597465780143365,0.003588832459654709,0
3.8199999999998009,3.8179999999998011,0.0090322767933572398,0.0035869281488501367,0
3.8399999999997987,3.8379999999997989,0.008951306598763871,0.0035497312041549382,0
3.8599999999997965,3.8579999999997967,0.0088560273323410234,0.0035050814392944742,0
3.8799999999997943,3.8779999999997945,0.008753578406010076,0.0034578671712026136,0
3.8999999999997921,3.8979999999997923,0.0086441482942094597,0.0034082875901025648,0
3.9199999999997899,3.9179999999997901,0.0085271796508395569,0.0033560337452567444,0
3.9399999999997877,3.9379999999997879,0.008402255016189325,0.003300886382864506,0
3.9599999999997855,3.9579999999997857,0.0082690700489317353,0.0032426995122049034,0
3.9799999999997833,3.9779999999997835,0.0080627883894019373,0.0031393281453857965,0
3.9999999999997811,3.9979999999997813,0.0079623934109616431,0.0031111362555149491,0
4.0199999999997793,4.0179999999997795,0.0078076718743338774,0.0030463050441308023,0
4.0399999999997771,4.0379999999997773,0.0076365796376764499,0.0029729960554109791,0
4.0599999999997749,4.0579999999997751,0.0074564144656159952,0.0028963473664721491,0
4.0799999999997727,4.0779999999997729,0.0072674738069041693,0.0028166171424772631,0
4.0999999999997705,4.0979999999997707,0.007005440019959102,0.0026907676468914373,0
4.1199999999997683,4.1179999999997685,0.0068485518554047215,0.0026417712814471076,0
4.1399999999997661,4.1379999999997663,0.0066358382798422074,0.0025547678272867446,0
4.1599999999997639,4.1579999999997641,0.0064051867192653419,0.0024583613143178353,0
4.1799999999997617,4.1779999999997619,0.006164347118979327,0.0023580476815779068,0
4.1999999999997595,4.1979999999997597,0.0058518511350357655,0.002211560242547198,0
4.2199999999997573,4.2179999999997575,0.0056415522168564896,0.0021419199320322716,0
4.2399999999997551,4.2379999999997553,0.0053758641621996037,0.0020339927413651096,0
4.2599999999997529,4.2579999999997531,0.0050912498837077423,0.0019158708295752102,0
4.2799999999997507,4.2779999999997509,0.0047363453138594041,0.0017514041262033397,0
4.2999999999997485,4.2979999999997487,0.0044799972614336788,0.0016626043452096563,0
4.3199999999997463,4.3179999999997465,0.0041094640842704007,0.0014922208965376747,0
4.3399999999997441,4.3379999999997443,0.0038324539606412016,0.0013950975634279877,0
4.3599999999997419,4.3579999999997421,0.0035008927991456548,0.0012582839330817787,0
4.3799999999997397,4.3779999999997399,0.003097033564121188,0.0010691013317785988,0
4.3999999999997375,4.3979999999997377,0.0027304962841092281,0.00090969396661282108,0
4.4199999999997353,4.4179999999997355,0.002423900269901635,0.00079796469524073593,0
4.439999999999733,4.4379999999997333,0.0020219467491040233,0.00060191262149115674,0
4.4599999999997308,4.4579999999997311,0.0016658984401044521,0.00045661375060089955,0
4.4799999999997286,4.4779999999997289,0.0013242902467062541,0.00044781257239317177,0
4.4999999999997264,4.4979999999997267,0.001107159019797096,0.00044655449792611429,0
4.5199999999997242,4.5179999999997245,0.0010574432810475482,0.00044770358684508883,0
4.539999999999722,4.5379999999997223,0.0014722142545748526,0.00046756197045212921,0
4.5599999999997198,4.5579999999997201,0.0033430729679230506,0.00093657663921944251,0
4.5799999999997176,4.5779999999997179,0.0051657691340492393,0.0015922094200532563,0
4.5999999999997154,4.5979999999997156,0.006979310107549817,0.002242852898853843,0
4.6199999999997132,4.6179999999997134,0.0087033578632249448,0.0028587084672728855,0
4.639999999999711,4.6379999999997112,0.010315034736505201,0.0034382957396537823,0
4.6599999999997088,4.657999999999709,0.011834740106328442,0.0039651498320261314,0
4.6799999999997066,4.6779999999997068,0.013279600617458353,0.0044797618640153355,0
4.6999999999997044,4.6979999999997046,0.014639225399717714,0.0049552006204070338,0
4.7199999999997022,4.7179999999997024,0.015929258497247061,0.0054040123123540104,0
4.7399999999997,4.7379999999997002,0.017163969943144911,0.0058236394738428073,0
4.7599999999996978,4.757999999999698,0.018345758886092332,0.00624488745981159,0
4.7799999999996956,4.7779999999996958,0.019459660305645884,0.0066326351682019355,0
4.7999999999996934,4.7979999999996936,0.020522028377776912,0.0069918760121070889,0
4.8199999999996912,4.8179999999996914,0.021545349059737526,0.0073571679829710886,0
4.839999999999689,4.8379999999996892,0.022503015481732787,0.0076901026153346364,0
4.8599999999996868,4.857999999999687,0.023409544962022275,0.0080038918150395193,0
4.8799999999996846,4.8779999999996848,0.024268607396196573,0.0083014109596042888,0
4.8999999999996824,4.8979999999996826,0.025081405594969262,0.0085832435979818471,0
4.9199999999996802,4.9179999999996804,0.025848763467141489,0.0088496526435487416,0
4.939999999999678,4.9379999999996782,0.026571467435980524,0.0091009012422479402,0
4.9599999999996758,4.957999999999676,0.027250283557245247,0.0093372626178071308,0
4.9799999999996736,4.9779999999996738,0.027885949804976395,0.0095590055841032629,0
4.9999999999996714,4.9979999999996716,0.028482046785503635,0.0097791648454369703,0
5.0199999999996692,5.0179999999996694,0.029011930014600892,0.0099655278959503608,0
5.039999999999667,5.0379999999996672,0.029513444422080631,0.010141871888083649,0
5.0599999999996648,5.057999999999665,0.029942374612785379,0.01026945553123651,0
5.0799999999996626,5.0779999999996628,0.030369853112914708,0.010418753742452332,0
5.0999999999996604,5.0979999999996606,0.030780363065326787,0.010591414474099335,0
5.1199999999996582,5.1179999999996584,0.031142095348718347,0.010726886848925787,0
5.139999999999656,5.1379999999996562,0.031392220727985094,0.010780773218288688,0
5.1599999999996538,5.157999999999654,0.031661803800207292,0.010873704958364145,0
5.1799999999996515,5.1779999999996518,0.031907955437308858,0.010966548100711376,0
5.1999999999996493,5.1979999999996496,0.0321192978300796,0.011048407261798055,0
5.2199999999996471,5.2179999999996474,0.03238499322820796,0.011236212694030797,0
5.2399999999996449,5.2379999999996452,0.032409286384668473,0.011166760690362534,0
5.2599999999996427,5.257999999999643,0.032474997711307713,0.011173771711883865,0
5.2799999999996405,5.2779999999996408,0.032539849706036697,0.011202059154704356,0
5.2999999999996383,5.2979999999996386,0.032581404883767394,0.011227937281707441,0
5.3199999999996361,5.3179999999996364,0.032591558600174091,0.011243510676203407,0
5.3399999999996339,5.3379999999996341,0.032568551865240145,0.011246949832270314,0
5.3599999999996317,5.3579999999996319,0.032512728222811191,0.011238295665786373,0
5.3799999999996295,5.3779999999996297,0.03242493132913768,0.011218007972586777,0
5.3999999999996273,5.3979999999996275,0.032306036286021883,0.011186559880239184,0
5.4199999999996251,5.4179999999996253,0.032156853319552453,0.011144358572378383,0
5.4399999999996229,5.4379999999996231,0.032013418250207239,0.011216724832055935,0
5.4599999999996207,5.4579999999996209,0.031796956370595202,0.01105190124898104,0
5.4799999999996185,5.4779999999996187,0.031500596578060418,0.010920392374855776,0
5.4999999999996163,5.4979999999996165,0.031209337877808364,0.010818945508268167,0
5.5199999999996141,5.5179999999996143,0.030914887858699377,0.010727603753150971,0
5.5399999999996119,5.5379999999996121,0.030603582921256322,0.010633826139354079,0
5.5599999999996097,5.5579999999996099,0.030268656865208091,0.010532027665923682,0
5.5799999999996075,5.5779999999996077,0.029907887598488919,0.010420283147773133,0
5.5999999999996053,5.5979999999996055,0.029521069257709885,0.010298249725435259,0
5.6199999999996031,5.6179999999996033,0.029108753032649998,0.010166180426354384,0
5.6399999999996009,5.6379999999996011,0.028671726673975474,0.010024505782566131,0
5.6599999999995987,5.6579999999995989,0.028210815615488188,0.0098736697055238944,0
5.6799999999995965,5.6779999999995967,0.027726813746917427,0.0097140729923543469,0
5.6999999999995943,5.6979999999995945,0.027220465755661699,0.0095460608749992747,0
5.7199999999995921,5.7179999999995923,0.026692469463668583,0.0093699274516227671,0
5.7399999999995899,5.7379999999995901,0.02614348499509735,0.0091859254278438603,0
5.7599999999995877,5.7579999999995879,0.025574145255888445,0.0089942763651338197,0
5.7799999999995855,5.7779999999995857,0.024579891390553506,0.0086983415464726606,0
5.7999999999995833,5.7979999999995835,0.024465588736295729,0.0086286319492811826,0
5.8199999999995811,5.8179999999995813,0.023845916482194463,0.008393016330739609,0
5.8399999999995789,5.8379999999995791,0.023143143310101741,0.0081422471336970777,0
5.8599999999995767,5.8579999999995769,0.022443486020791409,0.0078998542327950241,0
5.8799999999995745,5.8779999999995747,0.021747474475970672,0.007662154820022072,0
5.8999999999995723,5.8979999999995725,0.021046705300991935,0.0074238035782641975,0
5.9199999999995701,5.9179999999995703,0.020335967961420058,0.0071815073027271751,0
5.9399999999995678,5.9379999999995681,0.01961283552699996,0.0069335853963502564,0
5.9599999999995656,5.9579999999995659,0.018876414158763486,0.0066793096880409901,0
5.9799999999995634,5.9779999999995637,0.015979809700715508,0.0050937086343690735,0
5.9999999999995612,5.9979999999995615,0.021605848099221302,0.01069407430372654,0
6.019999999999559,6.0179999999995593,0.013665146044581926,0.0041616532338550087,0
6.0399999999995568,6.0379999999995571,0.014322871699280329,0.0057598311627571489,0
6.0599999999995546,6.0579999999995549,0.011215186827094645,0.0039108446651123958,0
6.0799999999995524,6.0779999999995526,0.013187413470229515,0.0042001777117803658,0
6.0999999999995502,6.0979999999995504,0.010128747225043287,0.0025004568726305527,0
6.119999999999548,6.1179999999995482,0.011618217058127902,0.0031759102007402722,0
6.1399999999995458,6.137999999999546,0.009443529150980897,0.0023850952974363766,0
6.1599999999995436,6.1579999999995438,0.010242225696471506,0.0023943051913231242,0
6.1799999999995414,6.1779999999995416,0.010238226996694398,0.0030699618106079032,0
6.1999999999995392,6.1979999999995394,0.0079567565559757504,0.0029261743607049305,0
6.219999999999537,6.2179999999995372,0.0083045965901756558,0.0024981785176426772,0
6.2399999999995348,6.237999999999535,0.0081139989154678481,0.0022307278736503466,0
6.2599999999995326,6.2579999999995328,0.006797990679471351,0.0018861278044671552,0
6.2799999999995304,6.2779999999995306,0.0066806263752616918,0.0015638916948310965,0
6.2999999999995282,6.2979999999995284,0.0054120104067283343,0.0012719044762789236,0
6.319999999999526,6.3179999999995262,0.0055921505217234125,0.0013331910474939799,0
6.3399999999995238,6.337999999999524,0.0042384720379215228,0.0010494084193359387,0
6.3599999999995216,6.3579999999995218,0.0047761059225958254,0.0012371059561652872,0
6.3799999999995194,6.3779999999995196,0.0040870873977295989,0.0010871133624693996,0
6.3999999999995172,6.3979999999995174,0.0036840690992590744,0.0010951397552799497,0
6.419999999999515,6.4179999999995152,0.0040457662629922791,0.0011100086607630361,0
6.4399999999995128,6.437999999999513,0.004425042208284693,0.0011239245966708647,0
6.4599999999995106,6.4579999999995108,0.0049252373328807489,0.0013319141389219629,0
6.4799999999995084,6.4779999999995086,0.0055197098630661761,0.0013872691211502936,0
6.4999999999995062,6.4979999999995064,0.0062301191300458631,0.0016710261916445626,0
6.519999999999504,6.5179999999995042,0.0069762340057547998,0.0019907719073619127,0
6.5399999999995018,6.537999999999502,0.007763351401482395,0.0023278198509648108,0
6.5599999999994996,6.5579999999994998,0.0085818862416092989,0.0026718701852087097,0
6.5799999999994974,6.5779999999994976,0.0094209078463883128,0.0030173621258536474,0
6.5999999999994952,6.5979999999994954,0.010272005336674378,0.0033615078960951479,0
6.619999999999493,6.6179999999994932,0.011129303013209857,0.0037030218800706751,0
6.6399999999994908,6.637999999999491,0.011988711927434498,0.0040413571187238309,0
6.6599999999994886,6.6579999999994888,0.012847285666632237,0.0043762907367336347,0
6.6799999999994863,6.6779999999994866,0.013700317803169715,0.0047068684094878077,0
6.6999999999994841,6.6979999999994844,0.014508294205614638,0.0050322022084971453,0
6.7199999999994819,6.7179999999994822,0.015402830699562147,0.0053596232987451649,0
6.7399999999994797,6.73799999999948,0.016246411759513458,0.0056813530458514738,0
6.7599999999994775,6.7579999999994778,0.016976909860663178,0.0058461300776815467,0
6.7799999999994753,6.7779999999994756,0.01790023336632067,0.0064036687342402436,0
6.7999999999994731,6.7979999999994734,0.0187437973996257,0.006667381787935518,0
6.8199999999994709,6.8179999999994712,0.019422253968690104,0.0067949019758947087,0
6.8399999999994687,6.8379999999994689,0.020182792973621043,0.0071747950723228156,0
6.8599999999994665,6.8579999999994667,0.020988151498611253,0.0075054974321274361,0
6.8799999999994643,6.8779999999994645,0.021755698149022777,0.007801762431220406,0
6.8999999999994621,6.8979999999994623,0.022492629966533239,0.0080802555432124903,0
6.9199999999994599,6.9179999999994601,0.023204417113249304,0.008347967281479185,0
6.9399999999994577,6.9379999999994579,0.023896179996524956,0.0086083722248624546,0
6.9599999999994555,6.9579999999994557,0.024568232825885977,0.0088620703885458861,0
6.9799999999994533,6.9779999999994535,0.025222965443411832,0.0091098823633402569,0
6.9999999999994511,6.9979999999994513,0.025856066179157363,0.0093502612260454501,0
7.0199999999994489,7.0179999999994491,0.026467392650947833,0.0095829719120400746,0
7.0399999999994467,7.0379999999994469,0.02705597767899447,0.0098075385968003585,0
7.0599999999994445,7.0579999999994447,0.027619383556470797,0.010023019793117365,0
7.0799999999994423,7.0779999999994425,0.028160529923164371,0.010230259177127894,0
7.0999999999994401,7.0979999999994403,0.028675077039922631,0.010427770080862981,0
7.1199999999994379,7.1179999999994381,0.029162238693346401,0.010615184382939055,0
7.1399999999994357,7.1379999999994359,0.029621574962658676,0.010792277837520849,0
7.1599999999994335,7.1579999999994337,0.030052215900152359,0.010958705127729769,0
7.1799999999994313,7.1779999999994315,0.030453241313822477,0.011114108894144334,0
7.1999999999994291,7.1979999999994293,0.030823740592988119,0.011258137079809907,0
7.2199999999994269,7.2179999999994271,0.031162814568632079,0.011390443362094939,0
7.2399999999994247,7.2379999999994249,0.031469572505026237,0.011510685997009886,0
7.2599999999994225,7.2579999999994227,0.031651046259974287,0.011539715034176867,0
7.2799999999994203,7.2779999999994205,0.031937703190292072,0.011695877981833884,0
7.2999999999994181,7.2979999999994183,0.032168358772153433,0.011797663595144619,0
7.3199999999994159,7.3179999999994161,0.032342704006220427,0.011868757327453613,0
7.3399999999994137,7.3379999999994139,0.032472940195131993,0.01192108029110382,0
7.3599999999994115,7.3579999999994117,0.032564058675966283,0.011958641109061353,0
7.3799999999994093,7.3779999999994095,0.032617418320817673,0.011982444116212781,0
7.3999999999994071,7.3979999999994073,0.032632253405509778,0.011992243055236556,0
7.4199999999994048,7.4179999999994051,0.032607442173330441,0.011987540318811633,0
7.4399999999994026,7.4379999999994029,0.032542242092487815,0.011967971549689945,0
7.4599999999994004,7.4579999999994007,0.032435716488770465,0.011933125864418878,0
7.4799999999993982,7.4779999999993985,0.032286934889871194,0.011882609512979246,0
7.499999999999396,7.4979999999993963,0.032095000337199434,0.011816053641273758,0
7.5199999999993938,7.5179999999993941,0.031859045785810586,0.011733111149715043,0
7.5399999999993916,7.5379999999993919,0.031578228262960494,0.011633452594376524,0
7.5599999999993894,7.5579999999993897,0.031135676020944317,0.01143983350778165,0
7.5799999999993872,7.5779999999993874,0.030926221966538374,0.011431252109139051,0
7.599999999999385,7.5979999999993852,0.030371662633752957,0.011176040364538493,0
7.6199999999993828,7.617999999999383,0.029934038718357779,0.011041649025098736,0
7.6399999999993806,7.6379999999993808,0.029427158598147509,0.010861649567880429,0
7.6599999999993784,7.6579999999993786,0.028860658637539657,0.010654774715384445,0
7.6799999999993762,7.6779999999993764,0.028241406971649109,0.010427669701398436,0
7.699999999999374,7.6979999999993742,0.027571198069919332,0.010181849752741005,0
7.7199999999993718,7.717999999999372,0.02684972942639853,0.0099172702522183388,0
7.7399999999993696,7.7379999999993698,0.026166416746389129,0.0096889162494683545,0
7.7599999999993674,7.7579999999993676,0.02531189723866548,0.0093543522586110577,0
7.7799999999993652,7.7779999999993654,0.02441721577696282,0.0090210198745346529,0
7.799999999999363,7.7979999999993632,0.023479195528286673,0.0086765082383156982,0
7.8199999999993608,7.817999999999361,0.022490116954086412,0.0083142876982595752,0
7.8399999999993586,7.8379999999993588,0.021445830389504147,0.007931733318453392,0
7.8599999999993564,7.8579999999993566,0.020344553806112713,0.0075279197964707193,0
7.8799999999993542,7.8779999999993544,0.019185429865091745,0.0071025008216766784,0
7.899999999999352,7.8979999999993522,0.017967876930011964,0.0066552826957236091,0
7.9199999999993498,7.91799999999935,0.01669138632498475,0.0061860927818386093,0
7.9399999999993476,7.9379999999993478,0.015355488394180328,0.005694747826097463,0
7.9599999999993454,7.9579999999993456,0.013959777292119158,0.0051810499421059081,0
7.9799999999993432,7.9779999999993434,0.012503971141034549,0.004644788323858064,0
7.999999999999341,7.9979999999993412,0.011032709183638936,0.0041105396481734766,0
8.0199999999993477,8.017999999999347,0.0094418917031394572,0.0035143406104333991,0
8.0399999999993543,8.0379999999993537,0.0078181263124946325,0.0029210259815183395,0
8.059999999999361,8.0579999999993603,0.0061559285280452045,0.0022900889335111265,0
8.0799999999993677,8.077999999999367,0.0044447375113657456,0.00165297226010448,0
8.0999999999993744,8.0979999999993737,0.0027498544428154678,0.00097111840318170729,0
8.119999999999381,8.1179999999993804,0.0014009706413589838,0.00044712599930867735,0
8.1399999999993877,8.1379999999993871,0.0017762060943805754,0.00051628335603555269,0
8.1599999999993944,8.1579999999993937,0.0024751087099281551,0.00055844773180486638,0
8.1799999999994011,8.1779999999994004,0.003497747765081632,0.0010224695403415912,0
8.1999999999994078,8.1979999999994071,0.0048609832049698572,0.0015827365421195332,0
8.2199999999994144,8.2179999999994138,0.0060927217672646725,0.0020547694341915171,0
8.2399999999994211,8.2379999999994205,0.0073267475943585613,0.0025193261255112864,0
8.2599999999994278,8.2579999999994271,0.0085170679210062449,0.002964056382804062,0
8.2799999999994345,8.2779999999994338,0.0096585247560504479,0.0033894351255074596,0
8.2999999999994412,8.2979999999994405,0.01075338742734909,0.0037972884388514446,0
8.3199999999994478,8.3179999999994472,0.011804338255860566,0.0041889602225278827,0
8.3399999999994545,8.3379999999994538,0.01287765444127713,0.0045916192442014142,0
8.3599999999994612,8.3579999999994605,0.013797202349142789,0.0049373976208591346,0
8.3799999999994679,8.3779999999994672,0.014769533034949416,0.0053043475579192482,0
8.3999999999994746,8.3979999999994739,0.01565708910057987,0.0056395451122960181,0
8.4199999999994812,8.4179999999994806,0.01652339778350638,0.0059644155936926192,0
8.4399999999994879,8.4379999999994872,0.017349626181484844,0.0062733111720998241,0
8.4599999999994946,8.4579999999994939,0.018138471303999971,0.0065680264025516468,0
8.4799999999995013,8.4779999999995006,0.018892746186990866,0.0068498474862231174,0
8.4999999999995079,8.4979999999995073,0.023689211346742154,0.0075272406037253095,0
8.5199999999995146,8.517999999999514,0.040153249752416936,0.011580362605520065,0
8.5399999999995213,8.5379999999995206,0.056801208866600485,0.018391426974407314,0
8.559999999999528,8.5579999999995273,0.070611518211626298,0.023837431540275685,0
8.5799999999995347,8.577999999999534,0.080843593784686543,0.027774705166011441,0
8.5999999999995413,8.5979999999995407,0.088665277835811754,0.030759449183746772,0
8.619999999999548,8.6179999999995474,0.094263973212481283,0.032868704388684548,0
8.6399999999995547,8.637999999999554,0.097352840049013165,0.033988399816727119,0
8.6599999999995614,8.6579999999995607,0.098662014912187318,0.034432671076201411,0
8.6799999999995681,8.6779999999995674,0.098506698792099626,0.034324542525324825,0
8.6999999999995747,8.6979999999995741,0.096437317570222308,0.033441122994109451,0
8.7199999999995814,8.7179999999995808,0.093009247940910839,0.03202848007375235,0
8.7399999999995881,8.7379999999995874,0.088571021598007324,0.030228122957701473,0
8.7599999999995948,8.7579999999995941,0.082714599515320272,0.027835629110849643,0
8.7799999999996015,8.7779999999996008,0.076233653761783995,0.025181319007166376,0
8.7999999999996081,8.7979999999996075,0.068712586113677226,0.022071774265540568,0
8.8199999999996148,8.8179999999996141,0.06098745397596507,0.018809179931955324,0
8.8399999999996215,8.8379999999996208,0.052680723436677075,0.015249469761439106,0
8.8599999999996282,8.8579999999996275,0.044671504378067516,0.011519328894348596,0
8.8799999999996349,8.8779999999996342,0.037045272744576384,0.010912185950474902,0
8.8999999999996415,8.8979999999996409,0.030642617026895313,0.010436941135057689,0
8.9199999999996482,8.9179999999996475,0.027297418625584834,0.010085933785880975,0
8.9399999999996549,8.9379999999996542,0.027377489106288674,0.0095494707298285665,0
8.9599999999996616,8.9579999999996609,0.031155915963351623,0.0090728152413877741,0
8.9799999999996682,8.9779999999996676,0.037221583944679323,0.012155155916888894,0
8.9999999999996749,8.9979999999996743,0.044402571977333383,0.015777766316644241,0
9.0199999999996816,9.0179999999996809,0.052280033764859686,0.019462736629841323,0
9.0399999999996883,9.0379999999996876,0.059304418847761477,0.022432788314386075,0
9.059999999999695,9.0579999999996943,0.066118663496660596,0.025290771140480825,0
9.0799999999997016,9.077999999999701,0.072295447846110417,0.0278444621645101,0
9.0999999999997083,9.0979999999997077,0.077598384672524154,0.030010840661016711,0
9.119999999999715,9.1179999999997143,0.081858750841872704,0.03173742685428909,0
9.1399999999997217,9.137999999999721,0.084930858553590921,0.032977611390826819,0
9.1599999999997284,9.1579999999997277,0.086678850279113123,0.03368500182293771,0
9.179999999999735,9.1779999999997344,0.086973207253013357,0.033812613349526031,0
9.1999999999997417,9.197999999999741,0.085690373589286439,0.033312903174146341,0
9.2199999999997484,9.2179999999997477,0.082714296993560504,0.032137827743899117,0
9.2399999999997551,9.2379999999997544,0.077940807498543277,0.0302388535472011,0
9.2599999999997618,9.2579999999997611,0.071288380096994106,0.027567187331428687,0
9.2799999999997684,9.2779999999997678,0.062317910856143084,0.02382105274453607,0
9.2999999999997751,9.2979999999997744,0.052305103889034379,0.019707875521127589,0
9.3199999999997818,9.3179999999997811,0.040581977888361341,0.014471205465167678,0
9.3399999999997885,9.3379999999997878,0.029151645560848611,0.0082429153839727563,0
9.3599999999997952,9.3579999999997945,0.024596587275557562,0.0089356731492802027,0
9.3799999999998018,9.3779999999998012,0.027943182676164295,0.0092361473457384571,0
9.3999999999998085,9.3979999999998078,0.037668947417415687,0.0093697190699038244,0
9.4199999999998152,9.4179999999998145,0.17981494395396738,0.050603974540614043,0
9.4399999999998219,9.4379999999998212,0.14479825105107266,0.038907741606810237,0
9.4599999999998285,9.4579999999998279,0.12167415101386665,0.030722600245279022,0
9.4799999999998352,9.4779999999998346,0.10440298739258319,0.025922621252702845,0
9.4999999999998419,9.4979999999998412,0.090240328591381952,0.024341377802328687,0
9.5199999999998486,9.5179999999998479,0.078517090177893351,0.02301535009839311,0
9.5399999999998553,9.5379999999998546,0.069067609416963965,0.021900562529086991,0
9.5599999999998619,9.5579999999998613,0.059255694861487587,0.017492710267540536,0
9.5799999999998686,9.577999999999868,0.051101439738395427,0.012355312710028227,0
9.5999999999998753,9.5979999999998746,0.04149755821301164,0.0095040471145750854,0
9.619999999999882,9.6179999999998813,0.037652277968658408,0.0092998416339510025,0
9.6399999999998887,9.637999999999888,0.055810658472434445,0.019976687562360772,0
9.6599999999998953,9.6579999999998947,0.064952254439882881,0.022505116300252259,0
9.679999999999902,9.6779999999999013,0.064646484388693831,0.021472504686065871,0
9.6999999999999087,9.697999999999908,0.065542005756790728,0.020584255500026082,0
9.7199999999999154,9.7179999999999147,0.067877935341285181,0.019913778631353227,0
9.7399999999999221,9.7379999999999214,0.071233190681661854,0.021090368232761326,0
9.7599999999999287,9.7579999999999281,0.075426958968320745,0.023989680598719702,0
9.7799999999999354,9.7779999999999347,0.035948203531294493,0.011295776761270439,0
9.7999999999999421,9.7979999999999414,0.018167350916726263,0.0041385271888376767,0
9.8199999999999488,9.8179999999999481,0.041255243186352569,0.01546700589224261,0
9.8399999999999554,9.8379999999999548,0.047158663670640304,0.017498798718394347,0
9.8599999999999621,9.8579999999999615,0.037860668580747985,0.014039580221104561,0
9.8799999999999688,9.8779999999999681,0.078049947920830184,0.02398620276019978,0
9.8999999999999755,9.8979999999999748,0.072081758837790208,0.02705865474082526,0
9.9199999999999822,9.9179999999999815,0.057478281881209112,0.019170942119192454,0
9.9399999999999888,9.9379999999999882,0.042287649460822238,0.014633976888759961,0
9.9599999999999955,9.9579999999999949,0.063656087809174838,0.021498544278462955,0
9.9800000000000022,9.9780000000000015,0.051134581723961112,0.012461249932343875,0
10.000000000000009,9.9980000000000082,0.072697711352519206,0.024913210414124642,0
10.020000000000016,10.018000000000015,0.044538553630213029,0.013645768009866889,0
10.040000000000022,10.038000000000022,0.078442524480164186,0.025566946314197325,0
10.060000000000029,10.058000000000028,0.081238695628696247,0.02690577563444228,0
10.080000000000036,10.078000000000035,0.084091264428623982,0.026911895727695034,0
10.100000000000042,10.098000000000042,0.092128031688154366,0.029338905818400318,0
10.120000000000049,10.118000000000048,0.098647369759519293,0.030142681324545985,0
10.140000000000056,10.138000000000055,0.027655945333824667,0.008741633077106405,0
10.160000000000062,10.158000000000062,0.075320734737125528,0.029610228734518393,0
10.180000000000069,10.178000000000068,0.12502907852935058,0.041489450318192282,0
10.200000000000076,10.198000000000075,0.11357793610739272,0.031145520165388844,0
10.220000000000082,10.218000000000082,0.11879936411706002,0.036452521996248398,0
10.240000000000089,10.238000000000088,0.043747445412173278,0.010324053283802896,0
10.260000000000096,10.258000000000095,0.12803847370473276,0.028608254864797275,0
10.280000000000102,10.278000000000102,0.18201461194761595,0.066223733628437198,0
10.300000000000109,10.298000000000108,0.22374966665085516,0.084548362396610066,0
10.320000000000116,10.318000000000115,0.18229703073363762,0.061084192610333182,0
10.340000000000122,10.338000000000122,0.22163476628060963,0.074325367488260519,0
10.360000000000129,10.358000000000128,0.187512326023349,0.061719191784517291,0
10.380000000000136,10.378000000000135,0.12102286745234743,0.044956763618798995,0
10.400000000000142,10.398000000000142,0.21403833015644907,0.073022564846381019,0
10.420000000000149,10.418000000000148,0.21933591787834994,0.075659156704960789,0
10.440000000000156,10.438000000000155,0.22802024862988335,0.078796202759856562,0
10.460000000000163,10.458000000000162,0.0971384220258419,0.026975314567315018,0
10.480000000000169,10.478000000000169,0.057605010652748909,0.022330116857936573,0
10.500000000000176,10.498000000000175,0.25723124321320162,0.088780401306970527,0
10.520000000000183,10.518000000000182,0.19380465286288043,0.065230767302313516,0
10.540000000000189,10.538000000000189,0.20446487356851392,0.068878868870602072,0
10.560000000000196,10.558000000000195,0.12862609992949917,0.039463421336333716,0
10.580000000000203,10.578000000000202,0.16732716327362021,0.054259398012768481,0
10.600000000000209,10.598000000000209,0.29361510404798857,0.1021136235268708,0
10.620000000000216,10.618000000000215,0.2403384190139507,0.082079573173450784,0
10.640000000000223,10.638000000000222,0.099302785562079679,0.046900751158500537,0
10.660000000000229,10.658000000000229,0.31209808780990728,0.11017720238168237,0
10.680000000000236,10.678000000000235,0.29962582852950609,0.10660462103638779,0
10.700000000000243,10.698000000000242,0.068761678326264064,0.043696117432216103,0
10.720000000000249,10.718000000000249,0.30378151617129567,0.1004462575170023,0
10.740000000000256,10.738000000000255,0.34467492917913484,0.074038603166373229,0
10.760000000000263,10.758000000000262,0.21269470418152811,0.044284105690709695,0
10.780000000000269,10.778000000000269,0.39317289785604004,0.0945944328893282,0
10.800000000000276,10.798000000000275,0.23508667320958376,0.075055620490450295,0
10.820000000000283,10.818000000000282,0.21410569003289737,0.061578038427659285,0
10.840000000000289,10.838000000000289,0.21839541353826303,0.05725875640613428,0
10.860000000000296,10.858000000000295,0.23847530058744867,0.068068294668035476,0
10.880000000000303,10.878000000000302,0.15607355582837243,0.040796462280111939,0
10.900000000000309,10.898000000000309,0.22423200793533818,0.078427233829099774,0
10.920000000000316,10.918000000000315,0.46323296789856011,0.14628779446574788,0
10.940000000000323,10.938000000000322,0.4728228195745845,0.15554908718334137,0
10.960000000000329,10.958000000000329,0.26067080715751201,0.082166982111246678,0
10.980000000000336,10.978000000000335,0.17004307627735793,0.057597755354820264,0
11.000000000000343,10.998000000000342,0.12441235058252945,0.042662745053118352,0
11.02000000000035,11.018000000000349,0.090378478279836652,0.031565187444767294,0
11.040000000000356,11.038000000000356,0.065224177923991059,0.023276387864626009,0
11.060000000000363,11.058000000000362,0.047030062559061489,0.017090822682289203,0
11.08000000000037,11.078000000000369,0.034366725024130677,0.012447955904437008,0
11.100000000000376,11.098000000000376,0.026471997581680898,0.0090100530809248802,0
11.120000000000383,11.118000000000382,0.022447163884033491,0.0066577096304075789,0
11.14000000000039,11.138000000000389,0.031648440215321753,0.0096951013464427176,0
11.160000000000396,11.158000000000396,0.049674161184250568,0.016543931126052278,0
11.180000000000403,11.178000000000402,0.065869580408554229,0.022695296275732524,0
11.20000000000041,11.198000000000409,0.078395864148489272,0.027415857643474047,0
11.220000000000416,11.218000000000416,0.088308631781379529,0.031180078687133891,0
11.240000000000423,11.238000000000422,0.095327160446214435,0.033775108986694252,0
11.26000000000043,11.258000000000429,0.10030698309016665,0.035674008696209826,0
11.280000000000436,11.278000000000436,0.10276907259880209,0.03654203364899114,0
11.300000000000443,11.298000000000442,0.1034248509783575,0.036754708737517093,0
11.32000000000045,11.318000000000449,0.10232647523405607,0.03631079380454879,0
11.340000000000456,11.338000000000456,0.099604365171424347,0.035250097594626981,0
11.360000000000463,11.358000000000462,0.095414606147280992,0.033625873337507266,0
11.38000000000047,11.378000000000469,0.089919458586225423,0.031493662292538381,0
11.400000000000476,11.398000000000476,0.083284043034609817,0.028908108242041416,0
11.420000000000483,11.418000000000482,0.075679782278453248,0.025922483664445828,0
11.44000000000049,11.438000000000489,0.067292978298822956,0.022589077877884441,0
11.460000000000496,11.458000000000496,0.058341078230361346,0.018959642298539841,0
11.480000000000503,11.478000000000502,0.049105192866738749,0.015085286903968622,0
11.50000000000051,11.498000000000509,0.04000783545690613,0.011017122361059549,0
11.520000000000516,11.518000000000516,0.031793046134680161,0.010182444981404656,0
11.540000000000523,11.538000000000523,0.02591614521524661,0.010100229516439088,0
11.56000000000053,11.558000000000529,0.024418222016789393,0.010005433383311571,0
11.580000000000537,11.578000000000536,0.028081034556263505,0.0099078965154354506,0
11.600000000000543,11.598000000000543,0.035198311006819652,0.010442096036296339,0
11.62000000000055,11.618000000000549,0.043875498794125001,0.014593783308717558,0
11.640000000000557,11.638000000000556,0.053248041043119872,0.018713476907283106,0
11.660000000000563,11.658000000000563,0.062227061874138151,0.022467935284453615,0
11.68000000000057,11.678000000000569,0.070570717355894291,0.025804450957105568,0
11.700000000000577,11.698000000000576,0.21066947286753429,0.092562819510926653,0
11.720000000000583,11.718000000000583,0.088108606529269967,0.031662555954266189,0
11.74000000000059,11.738000000000589,0.093008311401315977,0.034611899010774001,0
11.760000000000597,11.758000000000596,0.097076062640503294,0.036299644216904715,0
11.780000000000603,11.778000000000603,0.10038709027417249,0.037959906232170909,0
11.80000000000061,11.798000000000609,0.10087190260615693,0.037187646581499929,0
11.820000000000617,11.818000000000616,0.099803212931132868,0.037914118995713106,0
11.840000000000623,11.838000000000623,0.1000496575533544,0.037549491321673241,0
11.86000000000063,11.858000000000629,0.096180519477895118,0.036131315273757424,0
11.880000000000637,11.878000000000636,0.090272602636151972,0.033896613113451983,0
11.900000000000643,11.898000000000643,0.082140219142877391,0.030791789427445475,0
11.92000000000065,11.918000000000649,0.071673364354841756,0.026779220910168881,0
11.940000000000657,11.938000000000656,0.058539291841397098,0.021535044412398195,0
11.960000000000663,11.958000000000663,0.044025916701559059,0.015871176246101924,0
11.98000000000067,11.978000000000669,0.027484528905440786,0.0087168809120601251,0
12.000000000000677,11.998000000000676,0.016902855722258164,0.0068119256393492002,0
12.020000000000683,12.018000000000683,0.018527612299441179,0.0065771574897519614,0
12.04000000000069,12.038000000000689,0.016909452098192477,0.0063025006651525042,0
12.060000000000697,12.058000000000696,0.015328877834842967,0.0059769819818802352,0
12.080000000000704,12.078000000000703,0.014200216296335361,0.0056585062178185061,0
12.10000000000071,12.09800000000071,0.013220681845375235,0.0053436143919643525,0
12.120000000000717,12.118000000000716,0.012203218953775389,0.0049744530860028023,0
12.140000000000724,12.138000000000723,0.011232418260036821,0.0046069194707155326,0
12.16000000000073,12.15800000000073,0.010256342410928262,0.0042278901068703596,0
12.180000000000737,12.178000000000736,0.0092965319476156234,0.00385866108308773,0
12.200000000000744,12.198000000000743,0.0083313892623524521,0.0034821977455265526,0
12.22000000000075,12.21800000000075,0.0073347863457385266,0.0030791397632951578,0
12.240000000000757,12.238000000000756,0.0062570152127113506,0.0026433545285004124,0
12.260000000000764,12.258000000000763,0.0051526351552809435,0.0021916522380420371,0
12.28000000000077,12.27800000000077,0.0040763779577085955,0.0017547452605513113,0
12.300000000000777,12.298000000000776,0.0031479249694274626,0.001326350345580369,0
12.320000000000784,12.318000000000783,0.0022614751824885856,0.00085122897032661993,0
12.34000000000079,12.33800000000079,0.0019357221653288153,0.0005186630608643081,0
12.360000000000797,12.358000000000796,0.00227226188077895,0.00078667487139094563,0
12.380000000000804,12.378000000000803,0.0036318663883055709,0.00098753717944342423,0
12.40000000000081,12.39800000000081,0.005735245720577568,0.0016911675994973642,0
12.420000000000817,12.418000000000816,0.0079221204869288301,0.0025227196036836713,0
12.440000000000824,12.438000000000823,0.010039013562022997,0.0033053947314569503,0
12.46000000000083,12.45800000000083,0.012060030713441586,0.0040409147528721271,0
12.480000000000837,12.478000000000836,0.013982496276605166,0.0047332969427074838,0
12.500000000000844,12.498000000000843,0.015810078956779716,0.0053866203280809408,0
12.52000000000085,12.51800000000085,0.017548406520039112,0.0060046503284288599,0
12.540000000000857,12.538000000000856,0.019203211261000521,0.0065906211932998992,0
12.560000000000864,12.558000000000863,0.020779570436182362,0.0071471692020356045,0
12.58000000000087,12.57800000000087,0.022281707324460255,0.0076763772276763897,0
12.600000000000877,12.598000000000876,0.023713038150353159,0.0081798658669590078,0
12.620000000000884,12.618000000000883,0.025076302067720196,0.0086588906321631975,0
12.640000000000891,12.63800000000089,0.02637370267900941,0.009114428067386807,0
12.660000000000897,12.658000000000897,0.027607034286827054,0.0095472460909216284,0
12.680000000000904,12.678000000000903,0.028777785498552214,0.0099579590398826412,0
12.700000000000911,12.69800000000091,0.029887220497465745,0.010347069622213646,0
12.720000000000917,12.718000000000917,0.03109360666340491,0.010777273669568831,0
12.740000000000924,12.738000000000923,0.031820733305655609,0.011006784267551577,0
12.760000000000931,12.75800000000093,0.032985022392885775,0.011433926149345141,0
12.780000000000937,12.778000000000937,0.033773792814724035,0.011696452884637647,0
12.800000000000944,12.798000000000943,0.034570879919255372,0.011971777655199935,0
12.820000000000951,12.81800000000095,0.035333714010341077,0.012240199362538158,0
12.840000000000957,12.838000000000957,0.035887960017731535,0.01242823442532018,0
12.860000000000964,12.858000000000963,0.036645911938254089,0.012709958753705156,0
12.880000000000971,12.87800000000097,0.03728047499195291,0.01293941905344371,0
12.900000000000977,12.898000000000977,0.037833984929745525,0.013135041684145261,0
12.920000000000984,12.918000000000983,0.038326106287991629,0.013306923219565992,0
12.940000000000991,12.93800000000099,0.038764789918076893,0.01345937595765394,0
12.960000000000997,12.958000000000997,0.039153097984095719,0.013594010095190307,0
12.980000000001004,12.978000000001003,0.039492447223420941,0.013711448866811252,0
13.000000000001011,12.99800000000101,0.039783664414523814,0.013811984458282788,0
13.020000000001017,13.018000000001017,0.040026790408622052,0.013895632821055801,0
13.040000000001024,13.038000000001023,0.040222810836125264,0.013962663182758659,0
13.060000000001031,13.05800000000103,0.040372783606159084,0.014013409281220742,0
13.080000000001037,13.078000000001037,0.040477234928442088,0.014048061519442616,0
13.100000000001044,13.098000000001043,0.040536865515902132,0.014066845833551616,0
13.120000000001051,13.11800000000105,0.040552437897484403,0.014070013164885656,0
13.140000000001058,13.138000000001057,0.040524930798097464,0.014057887200271478,0
13.160000000001064,13.158000000001064,0.040454595855179173,0.01403058294713235,0
13.180000000001071,13.17800000000107,0.040342785460589475,0.01398852575143401,0
13.200000000001078,13.198000000001077,0.040108098316714635,0.013909988325260164,0
13.220000000001084,13.218000000001084,0.03997437327812027,0.013857123660801912,0
13.240000000001091,13.23800000000109,0.039760567607138621,0.013781287826364128,0
13.260000000001098,13.258000000001097,0.039493429909023998,0.013685257233863253,0
13.280000000001104,13.278000000001104,0.039183931923456684,0.013573165725292711,0
13.300000000001111,13.29800000000111,0.038839008113333379,0.013438586395899245,0
13.320000000001118,13.318000000001117,0.038456165326975732,0.013311076871628387,0
13.340000000001124,13.338000000001124,0.038039176906881043,0.013160780376720015,0
13.360000000001131,13.35800000000113,0.03758936356068953,0.012997643535461251,0
13.380000000001138,13.378000000001137,0.037053816490294982,0.012827162843690605,0
13.400000000001144,13.398000000001144,0.036626147319354173,0.012628817977504474,0
13.420000000001151,13.41800000000115,0.036052835482493453,0.012442756707281351,0
13.440000000001158,13.438000000001157,0.035471465354651094,0.012235623245412875,0
13.460000000001164,13.458000000001164,0.034866263131058638,0.012017505469141222,0
13.480000000001171,13.47800000000117,0.034233984296856028,0.011789940607668787,0
13.500000000001178,13.498000000001177,0.033574495374318114,0.011553041550689834,0
13.520000000001184,13.518000000001184,0.032838553499196073,0.011373605585887955,0
13.540000000001191,13.53800000000119,0.032222491641003007,0.010985024211388006,0
13.560000000001198,13.558000000001197,0.03140286729511893,0.01085808565335325,0
13.580000000001204,13.578000000001204,0.030675448898375091,0.010533760425256687,0
13.600000000001211,13.59800000000121,0.029879716364037846,0.010235076428285281,0
13.620000000001218,13.618000000001217,0.029058809732428227,0.0099401052469810028,0
13.640000000001224,13.638000000001224,0.028223839585816191,0.0096421952002535023,0
13.660000000001231,13.65800000000123,0.027396159464432548,0.0093132673921965687,0
13.680000000001238,13.678000000001237,0.026494617119811281,0.0090290234552873501,0
13.700000000001245,13.698000000001244,0.025612246804098564,0.008719794686029677,0
13.720000000001251,13.718000000001251,0.024714117155325128,0.0083991900289372735,0
13.740000000001258,13.738000000001257,0.023796027062916478,0.0080711176620149438,0
13.760000000001265,13.758000000001264,0.022862929130316758,0.007737601380779122,0
13.780000000001271,13.778000000001271,0.021915005392835172,0.0073988480295036274,0
13.800000000001278,13.798000000001277,0.020953046202211958,0.0070551765515721116,0
13.820000000001285,13.818000000001284,0.020033642200954712,0.0067121290251634822,0
13.840000000001291,13.838000000001291,0.026324605637031741,0.0088819316292985638,0
13.860000000001298,13.858000000001297,0.045749494215406111,0.019338653259791463,0
13.880000000001305,13.878000000001304,0.03306823808232677,0.013534656414801571,0
13.900000000001311,13.898000000001311,0.032091645931960504,0.012928292366175612,0
13.920000000001318,13.918000000001317,0.025223984150714803,0.0099089666349216586,0
13.940000000001325,13.938000000001324,0.024235311671852288,0.0094733241004090959,0
13.960000000001331,13.958000000001331,0.020044101541185296,0.0076129396872392256,0
13.980000000001338,13.978000000001337,0.018089614249635663,0.0068126722617120649,0
14.000000000001345,13.998000000001344,0.01576693269276656,0.0058281978622858844,0
14.020000000001351,14.018000000001351,0.014082031580999294,0.0051786612016156003,0
14.040000000001358,14.038000000001357,0.012037035851329446,0.0043357249792421101,0
14.060000000001365,14.058000000001364,0.010206727597595902,0.0035888921740015217,0
14.080000000001371,14.078000000001371,0.0090780680659555881,0.0032185562497504894,0
14.100000000001378,14.098000000001377,0.007317924838103799,0.0020791540641620998,0
14.120000000001385,14.118000000001384,0.0086327340901739252,0.003174417397786265,0
14.140000000001391,14.138000000001391,0.0049887062054580801,0.0011249156127165019,0
14.160000000001398,14.158000000001397,0.0072739693441721343,0.0029575044764578269,0
14.180000000001405,14.178000000001404,0.0053115119289747926,0.0013446882971430132,0
14.200000000001411,14.198000000001411,0.0054620493422758267,0.0011853422589296462,0
14.220000000001418,14.218000000001418,0.005698489768035114,0.0014470553613742483,0
14.240000000001425,14.238000000001424,0.006340114640700477,0.001919419085290646,0
14.260000000001432,14.258000000001431,0.0068148412663550087,0.0021265959817289939,0
14.280000000001438,14.278000000001438,0.0076343261633173946,0.0026111938153907653,0
14.300000000001445,14.298000000001444,0.008717969287292503,0.0031415205628487967,0
14.320000000001452,14.318000000001451,0.0093347352363486145,0.0032990239382209986,0
14.340000000001458,14.338000000001458,0.010116947482560959,0.0035673508942622592,0
14.360000000001465,14.358000000001464,0.010987178851551581,0.0038968328681858034,0
14.380000000001472,14.378000000001471,0.011907525936475151,0.0042471778607339073,0
14.400000000001478,14.398000000001478,0.012848163572768348,0.004601527133731965,0
14.420000000001485,14.418000000001484,0.01379374395365727,0.0049531817254490707,0
14.440000000001492,14.438000000001491,0.014736951143810163,0.0052996971894021493,0
14.460000000001498,14.458000000001498,0.015674195939442144,0.0056403196218906687,0
14.480000000001505,14.478000000001504,0.016603443874029011,0.0059749038068573016,0
14.500000000001512,14.498000000001511,0.017523302017037039,0.0063034829011271651,0
14.520000000001518,14.518000000001518,0.018432656726672891,0.0066261094209598267,0
14.540000000001525,14.538000000001524,0.019330529118524734,0.006942803640051543,0
14.560000000001532,14.558000000001531,0.02021601499728359,0.0072535425130489505,0
14.580000000001538,14.578000000001538,0.021088258111903738,0.0075582628682649058,0
14.600000000001545,14.598000000001544,0.021946439883804108,0.007856868860019935,0
14.620000000001552,14.618000000001551,0.022789770854655625,0.0081492397191106521,0
14.640000000001558,14.638000000001558,0.023617488757062891,0.0084352366733914195,0
14.660000000001565,14.658000000001564,0.024428856228095496,0.0087147085107550145,0
14.680000000001572,14.678000000001571,0.025223158734212509,0.0089874958426019603,0
14.700000000001578,14.698000000001578,0.025999702736266277,0.009253434263582232,0
14.720000000001585,14.718000000001584,0.026757813846514992,0.009512356605886077,0
14.740000000001592,14.738000000001591,0.027632791091367293,0.0098596059261119723,0
14.760000000001599,14.758000000001598,0.028151455929254738,0.010002383034688702,0
14.780000000001605,14.778000000001605,0.028802890446167954,0.01021151147681551,0
14.800000000001612,14.798000000001611,0.029477096359220183,0.010437479370775859,0
14.820000000001619,14.818000000001618,0.030140107869773704,0.010674332032738361,0
14.840000000001625,14.838000000001625,0.030756291610567345,0.010874753020772759,0
14.860000000001632,14.858000000001631,0.031368682447117831,0.011080093982112555,0
14.880000000001639,14.878000000001638,0.031961080177727079,0.011279404391826803,0
14.900000000001645,14.898000000001645,0.032529169699098477,0.011470006647658718,0
14.920000000001652,14.918000000001651,0.033071702311761167,0.011651302102761957,0
14.940000000001659,14.938000000001658,0.033588180422149935,0.011823168519307536,0
14.960000000001665,14.958000000001665,0.03407825915264219,0.011985572745661473,0
14.980000000001672,14.978000000001671,0.034541591767479403,0.012138478481101297,0
15.000000000001679,14.998000000001678,0.034977794182431687,0.012281826570132654,0
15.020000000001685,15.018000000001685,0.03538644263965459,0.012415534111873501,0
15.040000000001692,15.038000000001691,0.035732944596591563,0.012558641189948915,0
15.060000000001699,15.058000000001698,0.036047308132298547,0.012640173936671108,0
15.080000000001705,15.078000000001705,0.036356011798468126,0.012734988598611051,0
15.100000000001712,15.098000000001711,0.03664745297427028,0.012828170270826932,0
15.120000000001719,15.118000000001718,0.036912473022695895,0.012913179387503054,0
15.140000000001725,15.138000000001725,0.037147211464179576,0.012987813515773827,0
15.160000000001732,15.158000000001731,0.037350299731466349,0.013051467425802456,0
15.180000000001739,15.178000000001738,0.037521147368528095,0.013103984268352437,0
15.200000000001745,15.198000000001745,0.037659317578648314,0.01314528650231421,0
15.220000000001752,15.218000000001751,0.037764364076966761,0.013175285877415632,0
15.240000000001759,15.238000000001758,0.037835806539305426,0.013193871483879774,0
15.260000000001765,15.258000000001765,0.03787313521945998,0.013200913355396339,0
15.280000000001772,15.278000000001771,0.037875817627708752,0.013196266814186683,0
15.300000000001779,15.298000000001778,0.037843303239785527,0.013179775510522317,0
15.320000000001786,15.318000000001785,0.037775026712920996,0.013151273509180278,0
15.340000000001792,15.338000000001792,0.037670410228149161,0.013110586805011199,0
15.360000000001799,15.358000000001798,0.037386656596084214,0.013033569507987173,0
15.380000000001806,15.378000000001805,0.037191693768159638,0.012958657297670949,0
15.400000000001812,15.398000000001812,0.036972285672167225,0.012878512388593825,0
15.420000000001819,15.418000000001818,0.036716392360338149,0.012787008530981371,0
15.440000000001826,15.438000000001825,0.03642109552617679,0.0126824572569864,0
15.460000000001832,15.458000000001832,0.036085538445902204,0.012564406303601791,0
15.480000000001839,15.478000000001838,0.035709169445225883,0.012432660761342119,0
15.500000000001846,15.498000000001845,0.10439281851516716,0.046197357772155605,0
15.520000000001852,15.518000000001852,0.036880337820163124,0.01239975213156771,0
15.540000000001859,15.538000000001858,0.034427863704292822,0.011822036841077103,0
15.560000000001866,15.558000000001865,0.033466804837253783,0.01154763498555088,0
15.580000000001872,15.578000000001872,0.032830012784409376,0.011340987874904529,0
15.600000000001879,15.598000000001878,0.032225178398097749,0.011134965045973229,0
15.620000000001886,15.618000000001885,0.061853699764848009,0.026520663123592789,0
15.640000000001892,15.638000000001892,0.032247497786483587,0.010921232144780843,0
15.660000000001899,15.658000000001898,0.030275824204554196,0.010379332971286478,0
15.680000000001906,15.678000000001905,0.029200000410009072,0.010041252192981756,0
15.700000000001912,15.698000000001912,0.028309987330874625,0.0097446036173008902,0
15.720000000001919,15.718000000001918,0.027419216024228716,0.0094424812935380506,0
15.740000000001926,15.738000000001925,0.026618921682802894,0.0091714950698218948,0
15.760000000001932,15.758000000001932,0.025581956263873586,0.0088056466686312201,0
15.780000000001939,15.778000000001938,0.024520791043899932,0.0084421945336088672,0
15.800000000001946,15.798000000001945,0.023415376150646487,0.0080671019110784663,0
15.820000000001953,15.818000000001952,0.022257907655600592,0.0076751207206043493,0
15.840000000001959,15.838000000001959,0.021045960219029266,0.0072646107012059018,0
15.860000000001966,15.858000000001965,0.019778876819645005,0.0068351116206489702,0
15.880000000001973,15.878000000001972,0.018456430033445249,0.0063864529575196902,0
15.900000000001979,15.898000000001979,0.017078470716579777,0.0059184917135604457,0
15.920000000001986,15.918000000001985,0.015644917749919114,0.0054310573855500532,0
15.940000000001993,15.938000000001992,0.014155863634312217,0.004923951033404558,0
15.960000000001999,15.958000000001999,0.012611764258601152,0.0043969533150213886,0
15.980000000002006,15.978000000002005,0.011115715516705935,0.0038785252942434281,0
16.000000000002011,15.99800000000201,0.0094537205418112318,0.0033001968474135127,0
16.020000000002,16.018000000002001,0.0077522335904604616,0.0027087003044993416,0
16.040000000001989,16.03800000000199,0.0060233043718161414,0.0020997233265605728,0
16.060000000001978,16.058000000001979,0.0043015871555324992,0.0014707821015983444,0
16.080000000001966,16.078000000001968,0.0027263637622854989,0.00082067644533677169,0
16.100000000001955,16.098000000001957,0.0019534233837432045,0.00046288305293440283,0
16.120000000001944,16.118000000001945,0.0028332661943864319,0.00066320004378449238,0
16.140000000001933,16.138000000001934,0.0054035850311911745,0.0016582718256512718,0
16.160000000001922,16.158000000001923,0.0085376225750310279,0.0027090439124288915,0
16.180000000001911,16.178000000001912,0.011812411189267388,0.0038571623482961497,0
16.2000000000019,16.198000000001901,0.014862220438078697,0.0049307152806591873,0
16.220000000001889,16.21800000000189,0.017607935721488863,0.0058757276427791336,0
16.240000000001878,16.238000000001879,0.020057191207112902,0.0066540589877682084,0
16.260000000001867,16.258000000001868,0.022503433727890036,0.0074541875943389619,0
16.280000000001856,16.278000000001857,0.024853517296834639,0.0082290473702047572,0
16.300000000001845,16.298000000001846,0.027200002782266114,0.0090664518198133644,0
16.320000000001833,16.318000000001835,0.029155724508586972,0.0096861313907207498,0
16.340000000001822,16.338000000001824,0.031129190260853607,0.010334132187410087,0
16.360000000001811,16.358000000001812,0.033020588741838955,0.010959923651200397,0
16.3800000000018,16.378000000001801,0.034807816024682477,0.011551789567071707,0
16.400000000001789,16.39800000000179,0.036489708879054665,0.012108589396633077,0
16.420000000001778,16.418000000001779,0.038128799439350144,0.012681920564905446,0
16.440000000001767,16.438000000001768,0.039567041636418929,0.013172255264027098,0
16.460000000001756,16.458000000001757,0.040864686542633234,0.013586504786156679,0
16.480000000001745,16.478000000001746,0.042144777861530897,0.014008377906566489,0
16.500000000001734,16.498000000001735,0.043341948919804557,0.014404680057845939,0
16.520000000001723,16.518000000001724,0.044445232415394276,0.014769589359108633,0
16.540000000001712,16.538000000001713,0.045455404039250351,0.015103207047579883,0
16.5600000000017,16.558000000001702,0.046246187058901135,0.015301202752618946,0
16.580000000001689,16.57800000000169,0.047257639070639637,0.015665403912147609,0
16.600000000001678,16.598000000001679,0.048025493169207449,0.015922454555501148,0
16.620000000001667,16.618000000001668,0.048675400815426366,0.016134861175358572,0
16.640000000001656,16.638000000001657,0.049238913943865398,0.016318072931341254,0
16.660000000001645,16.658000000001646,0.049721920740636784,0.016474803427619908,0
16.680000000001634,16.678000000001635,0.049897012934618276,0.016452136274729554,0
16.700000000001623,16.698000000001624,0.050501541087635972,0.01669512745859816,0
16.720000000001612,16.718000000001613,0.050799978759679836,0.016799434707272853,0
16.740000000001601,16.738000000001602,0.050964878472517204,0.016850211183488225,0
16.76000000000159,16.758000000001591,0.051047399365390683,0.016872388297977995,0
16.780000000001579,16.77800000000158,0.051059215401528725,0.016871491494418429,0
16.800000000001567,16.798000000001569,0.051002384867478469,0.016848306159123486,0
16.820000000001556,16.818000000001557,0.050523011084823551,0.016590267814536451,0
16.840000000001545,16.838000000001546,0.050720404848871407,0.016713025422870401,0
16.860000000001534,16.858000000001535,0.050557161317725363,0.016670499430013315,0
16.880000000001523,16.878000000001524,0.050235939664875731,0.016561157527367573,0
16.900000000001512,16.898000000001513,0.049830567282233354,0.016420709261548552,0
16.920000000001501,16.918000000001502,0.049363335407654689,0.016259823325556293,0
16.94000000000149,16.938000000001491,0.048839857779738344,0.016081016439882183,0
16.960000000001479,16.95800000000148,0.04775780443485015,0.015607021632204338,0
16.980000000001468,16.978000000001469,0.048167375492897027,0.015921279178623082,0
17.000000000001457,16.998000000001458,0.046585220084561008,0.015234390969449995,0
17.020000000001446,17.018000000001447,0.046213519444404327,0.015157555530207008,0
17.040000000001434,17.038000000001436,0.045543167468601591,0.014950906227745647,0
17.060000000001423,17.058000000001424,0.044722893340079728,0.014680243563333707,0
17.080000000001412,17.078000000001413,0.043820330148172465,0.014377231654933291,0
17.100000000001401,17.098000000001402,0.042863481424049561,0.014055213150867845,0
17.12000000000139,17.118000000001391,0.041863122475219033,0.013719216758660599,0
17.140000000001379,17.13800000000138,0.040202739627969233,0.013071421075420793,0
17.160000000001368,17.158000000001369,0.039668186698800706,0.01292783776179016,0
17.180000000001357,17.178000000001358,0.038776145406063549,0.012661664116030346,0
17.200000000001346,17.198000000001347,0.037700852158629589,0.012318163843706291,0
17.220000000001335,17.218000000001336,0.036520461659326049,0.011929107626316868,0
17.240000000001324,17.238000000001325,0.035275338680387881,0.011513731268958037,0
17.260000000001313,17.258000000001314,0.033987585075328154,0.011082770536736498,0
17.280000000001301,17.278000000001303,0.032381673801857039,0.010513389246840038,0
17.30000000000129,17.298000000001291,0.03127592372234804,0.010146333369548849,0
17.320000000001279,17.31800000000128,0.030032025606105087,0.0097451563155009375,0
17.340000000001268,17.338000000001269,0.028696757937451405,0.0093112338454317788,0
17.360000000001257,17.358000000001258,0.027303064935607874,0.0088532711343383991,0
17.380000000001246,17.378000000001247,0.025869470540899619,0.0083791605916480223,0
17.400000000001235,17.398000000001236,0.024407671703698681,0.0078944494004192147,0
17.420000000001224,17.418000000001225,0.022925375240963261,0.0074026959438388447,0
17.440000000001213,17.438000000001214,0.02142762877416016,0.0069060668760438648,0
17.460000000001202,17.458000000001203,0.019917731440026249,0.0064058206289974093,0
17.480000000001191,17.478000000001192,0.018397939556740125,0.0059026575888376379,0
17.50000000000118,17.498000000001181,0.016870008257347479,0.0053969648456379075,0
17.520000000001168,17.51800000000117,0.015335604432024398,0.004888980409839561,0
17.540000000001157,17.538000000001158,0.013796643596727977,0.0043788966895818718,0
17.560000000001146,17.558000000001147,0.012255625617253494,0.0038669197592065378,0
17.580000000001135,17.578000000001136,0.010716088104180971,0.0033532981389594067,0
17.600000000001124,17.598000000001125,0.0091834068068504561,0.0028383319755758752,0
17.620000000001113,17.618000000001114,0.0076664769512226,0.0023223707671993911,0
17.640000000001102,17.638000000001103,0.006181727645171279,0.0018058053397440265,0
17.660000000001091,17.658000000001092,0.0047639949815086831,0.0012890578031075274,0
17.68000000000108,17.678000000001081,0.0034996930168217123,0.00095718389873750555,0
17.700000000001069,17.69800000000107,0.0026230029302542774,0.00069588975839146366,0
17.720000000001058,17.718000000001059,0.0025659976958854356,0.00055373932059570583,0
17.740000000001046,17.738000000001048,0.0033666260254406649,0.00077072752360513898,0
17.760000000001035,17.758000000001037,0.0045918767824447192,0.0012815648419305151,0
17.780000000001024,17.778000000001025,0.0059812841659797984,0.0017898388455684048,0
17.800000000001013,17.798000000001014,0.0078921600389139993,0.0025095470477640046,0
17.820000000001002,17.818000000001003,0.0086526727954011826,0.0026627475144169258,0
17.840000000000991,17.838000000000992,0.010744234153279006,0.0034245389734599992,0
17.86000000000098,17.858000000000981,0.011992149252423352,0.003815469808736966,0
17.880000000000969,17.87800000000097,0.013380208019004356,0.0042497833877944745,0
17.900000000000958,17.898000000000959,0.01482973013548235,0.0047125239475039049,0
17.920000000000947,17.918000000000948,0.016300733136633321,0.0051874768346543707,0
17.940000000000936,17.938000000000937,0.017771726572723707,0.0056641679636261783,0
17.960000000000925,17.958000000000926,0.019230948217669162,0.0061368456768410009,0
17.980000000000913,17.978000000000915,0.020671947723117288,0.0066025964548799164,0
18.000000000000902,17.998000000000903,0.022091172722864705,0.0070600284700926405,0
18.020000000000891,18.018000000000892,0.023486588300757491,0.0075085082271417894,0
18.04000000000088,18.038000000000881,0.025365584557895917,0.0081657592520673044,0
18.060000000000869,18.05800000000087,0.02581630380338671,0.0082045020897913521,0
18.080000000000858,18.078000000000859,0.027870156102735657,0.0089352868562355883,0
18.100000000000847,18.098000000000848,0.028372336533384501,0.0090118133074105818,0
18.120000000000836,18.118000000000837,0.030431740280251533,0.0097479379415039234,0
18.140000000000825,18.138000000000826,0.031354008329457762,0.010014054109953858,0
18.160000000000814,18.158000000000815,0.032457136105793642,0.010348053836027875,0
18.180000000000803,18.178000000000804,0.033603572278957682,0.010705932017113909,0
18.200000000000792,18.198000000000793,0.03474263517051196,0.011066083223560919,0
18.22000000000078,18.218000000000782,0.035854115852166725,0.011418735506815304,0
18.240000000000769,18.23800000000077,0.036929732069843166,0.011759819979504888,0
18.260000000000758,18.258000000000759,0.037966015301877321,0.012087773244874062,0
18.280000000000747,18.278000000000748,0.039332880560062233,0.012554287660660987,0
18.300000000000736,18.298000000000737,0.03960955918364524,0.012569088904793508,0
18.320000000000725,18.318000000000726,0.041080971815306747,0.013083247827119509,0
18.340000000000714,18.338000000000715,0.041712706058665908,0.013257426482940121,0
18.360000000000703,18.358000000000704,0.042469905522845665,0.013483446016514911,0
18.380000000000692,18.378000000000693,0.043241659610431402,0.013722426280884726,0
18.400000000000681,18.398000000000682,0.043983811691134085,0.013955077096008545,0
18.42000000000067,18.418000000000671,0.044680583307019517,0.014173834089236085,0
18.440000000000659,18.43800000000066,0.045326750641845014,0.01437621980831698,0
18.460000000000647,18.458000000000649,0.045920540631517973,0.014561543853982124,0
18.480000000000636,18.478000000000637,0.046461097685626007,0.014729611131574708,0
18.500000000000625,18.498000000000626,0.046947692646197865,0.014880295495371364,0
18.520000000000614,18.518000000000615,0.047379506157460928,0.015013439296136855,0
18.540000000000603,18.538000000000604,0.047755609325037161,0.015128827650906571,0
18.560000000000592,18.558000000000593,0.048324961895791926,0.015216001788325563,0
18.580000000000581,18.578000000000582,0.048437504535102906,0.015249109393565351,0
18.60000000000057,18.598000000000571,0.048612974002338688,0.015297199619708409,0
18.620000000000559,18.61800000000056,0.048755634718461061,0.015336914760281376,0
18.640000000000548,18.638000000000549,0.048841433784637948,0.015360081949197473,0
18.660000000000537,18.658000000000538,0.048864061779180741,0.01536389730530317,0
18.680000000000526,18.678000000000527,0.048821298302865364,0.015347337928070163,0
18.700000000000514,18.698000000000516,0.04892588398123774,0.015395556468132473,0
18.720000000000503,18.718000000000504,0.048344912791573595,0.01516309419708387,0
18.740000000000492,18.738000000000493,0.048440916642696528,0.015226379474662533,0
18.760000000000481,18.758000000000482,0.047978685761063608,0.015058104869792874,0
18.78000000000047,18.778000000000471,0.047558596630531726,0.01491819686125807,0
18.800000000000459,18.79800000000046,0.047098534986781536,0.014771319293128915,0
18.820000000000448,18.818000000000449,0.046705668815779963,0.01465511684948022,0
18.840000000000437,18.838000000000438,0.045972865438820017,0.014402657887850348,0
18.860000000000426,18.858000000000427,0.045265114138907922,0.014175178106484717,0
18.880000000000415,18.878000000000416,0.044504825723102603,0.013936022948195795,0
18.900000000000404,18.898000000000405,0.043667579720410722,0.013673556790863786,0
18.920000000000393,18.918000000000394,0.042746979263038255,0.013384860584663656,0
18.940000000000381,18.938000000000383,0.041741273276884691,0.013069316828222623,0
18.96000000000037,18.958000000000371,0.040649459686202594,0.012726690729775099,0
18.980000000000359,18.97800000000036,0.039470456803570336,0.012356713044985618,0
19.000000000000348,18.998000000000349,0.038101683071313772,0.011924447685140909,0
19.020000000000337,19.018000000000338,0.036836748574178325,0.011543133715406313,0
19.040000000000326,19.038000000000327,0.035409991134112057,0.011099462057895306,0
19.060000000000315,19.058000000000316,0.033868803175153173,0.010616178877217773,0
19.080000000000304,19.078000000000305,0.032108414208080326,0.010060013056008165,0
19.100000000000293,19.098000000000294,0.030484101493142911,0.0095649388704624836,0
19.120000000000282,19.118000000000283,0.028681161578693427,0.009004004877373812,0
19.140000000000271,19.138000000000272,0.026753793131707816,0.008399892702356946,0
19.160000000000259,19.158000000000261,0.024720392476661999,0.0077613020006137819,0
19.180000000000248,19.17800000000025,0.02247918812935824,0.0070561558766967366,0
19.200000000000237,19.198000000000238,0.020335506059574935,0.0063945250197501675,0
19.220000000000226,19.218000000000227,0.018027377424902888,0.005675011020125657,0
19.240000000000215,19.238000000000216,0.01546764065537126,0.0048745974616755828,0
19.260000000000204,19.258000000000205,0.013027540920404066,0.0041127710931911175,0
19.280000000000193,19.278000000000194,0.010307853855948077,0.0032658366781521532,0
19.300000000000182,19.298000000000183,0.0076354513094826102,0.0024233877285186911,0
19.320000000000171,19.318000000000172,0.0048416126595266316,0.0015363021003319795,0
19.34000000000016,19.338000000000161,0.0020310516415129984,0.0005825522679554861,0
19.360000000000149,19.35800000000015,0.0019455850634375685,0.00048633356389962614,0
19.380000000000138,19.378000000000139,0.0046629332412099368,0.001702913612331679,0
19.400000000000126,19.398000000000128,0.0082820596352309334,0.0032180762861533894,0
19.420000000000115,19.418000000000117,0.011656266882374065,0.0045818776703738153,0
19.440000000000104,19.438000000000105,0.014981644231282915,0.0059040271871687172,0
19.460000000000093,19.458000000000094,0.017855957008663579,0.0070406327340342143,0
19.480000000000082,19.478000000000083,0.020668043401578219,0.0081497879227725965,0
19.500000000000071,19.498000000000072,0.023327168525110024,0.0091964802735947076,0
19.52000000000006,19.518000000000061,0.025826275131750887,0.010178648205537599,0
19.540000000000049,19.53800000000005,0.02826862683141599,0.011129748110140735,0
19.560000000000038,19.558000000000039,0.030271445269765822,0.011913645144131266,0
19.580000000000027,19.578000000000028,0.032307249088894888,0.012711927783210291,0
19.600000000000016,19.598000000000017,0.034232551498984361,0.013467240744373337,0
19.620000000000005,19.618000000000006,0.036026098435915241,0.014170923520326157,0
19.639999999999993,19.637999999999995,0.037688963544439104,0.01482351741556954,0
19.659999999999982,19.657999999999983,0.039213274229299641,0.01541759054327797,0
19.679999999999971,19.677999999999972,0.040590386829950843,0.015958616502111389,0
19.69999999999996,19.697999999999961,0.041887253994432834,0.016472850396141773,0
19.719999999999949,19.71799999999995,0.043094979785121793,0.016948586391340992,0
19.739999999999938,19.737999999999939,0.044158802914638598,0.017368046424436741,0
19.759999999999927,19.757999999999928,0.045102450133221651,0.017740725307710287,0
19.779999999999916,19.777999999999917,0.045933708549171275,0.018069726949485353,0
19.799999999999905,19.797999999999906,0.046587136836381902,0.018331146674688541,0
19.819999999999894,19.817999999999895,0.047327776798798626,0.018628402974021008,0
19.839999999999883,19.837999999999884,0.047851807243826879,0.018838244448718018,0
19.859999999999872,19.857999999999873,0.048256634019389871,0.019001336362265524,0
19.87999999999986,19.877999999999862,0.048434616164537224,0.019075628534619794,0
19.899999999999849,19.89799999999985,0.048831325191842419,0.019241392743462097,0
19.919999999999838,19.917999999999839,0.04896433668782018,0.019299267651507624,0
19.939999999999827,19.937999999999828,0.048978610102782379,0.019310227174201874,0
19.959999999999816,19.957999999999817,0.048901469912518841,0.019285631581364142,0
19.979999999999805,19.977999999999806,0.048737572013242338,0.019227302740588099,0
19.999999999999794,19.997999999999795,0.048488857997756186,0.019135944132293695,0
20.019999999999783,20.017999999999784,0.048157277472063331,0.019012278511077233,0
20.039999999999772,20.037999999999773,0.047744885468756534,0.018857078454680289,0
20.059999999999761,20.057999999999762,0.047253786960678189,0.018671138371143176,0
20.07999999999975,20.077999999999751,0.046686129037632133,0.018455269762895729,0
20.099999999999739,20.09799999999974,0.046044104228409689,0.018210302290527124,0
20.119999999999727,20.117999999999729,0.045163255018828591,0.017871190034138069,0
20.139999999999716,20.137999999999717,0.044647989113979804,0.017685493060662749,0
20.159999999999705,20.157999999999706,0.043853419840320006,0.017381828534642516,0
20.179999999999694,20.177999999999695,0.042941341920072866,0.017030745761634363,0
20.199999999999683,20.197999999999684,0.041952886952037055,0.016649462205431623,0
20.219999999999672,20.217999999999673,0.040447448589618969,0.016044650073386731,0
20.239999999999661,20.237999999999662,0.03991529364159202,0.015869489572188096,0
20.25999999999965,20.257999999999651,0.038807966758769671,0.015442609153827992,0
20.279999999999639,20.27799999999964,0.037563854261231946,0.014959300586597847,0
20.299999999999628,20.297999999999629,0.036271071748046141,0.014456829951646089,0
20.319999999999617,20.317999999999618,0.034938578909122428,0.013938814415549412,0
20.339999999999606,20.337999999999607,0.033566188032321219,0.013405002357376631,0
20.359999999999594,20.357999999999596,0.032154657731544169,0.012855561583274062,0
20.379999999999583,20.377999999999584,0.030705596112689876,0.012291020994591917,0
20.399999999999572,20.397999999999573,0.029220892118062947,0.011712018870750207,0
20.419999999999561,20.417999999999562,0.027702552881897626,0.011119227337521827,0
20.43999999999955,20.437999999999551,0.026152709554220315,0.010513348170890221,0
20.459999999999539,20.45799999999954,0.024573651480103282,0.0098951185084141836,0
20.479999999999528,20.477999999999529,0.022967857551518839,0.0092653116698697413,0
20.499999999999517,20.497999999999518,0.021338030572549516,0.0086247333517862346,0
20.519999999999506,20.517999999999507,0.019687149237701488,0.0079742157156962503,0
20.539999999999495,20.537999999999496,0.017516310290342819,0.0071008995223402205,0
20.559999999999484,20.557999999999485,0.016589537124504467,0.0067559316439281458,0
20.579999999999472,20.577999999999474,0.01495350330492212,0.0060985847483298493,0
20.599999999999461,20.597999999999463,0.013180944814034701,0.0053828619457059017,0
20.61999999999945,20.617999999999451,0.011422455929643254,0.0046661912850651261,0
20.639999999999439,20.63799999999944,0.0097056242015192973,0.0039551328955151838,0
20.659999999999428,20.657999999999429,0.0080444890941817494,0.0032477281813666939,0
20.679999999999417,20.677999999999418,0.0064712781444665112,0.0025421568631712292,0
20.699999999999406,20.697999999999407,0.0050626041709556507,0.001837535501617174,0
20.719999999999395,20.717999999999396,0.0039931979904873124,0.0011376119005779132,0
20.739999999999384,20.737999999999385,0.0035784336453288526,0.00085967903954551933,0
20.759999999999373,20.757999999999374,0.004022484517248002,0.0012504623798256817,0
20.779999999999362,20.777999999999363,0.0051014189211749566,0.0016398783345674475,0
20.799999999999351,20.797999999999352,0.0065012418328793684,0.0020275462074439534,0
20.819999999999339,20.817999999999341,0.0080502060880738042,0.0024130413151404197,0
20.839999999999328,20.83799999999933,0.0096702544057262751,0.0030549955160102311,0
20.859999999999317,20.857999999999318,0.01132386138965942,0.0037408633644089662,0
20.879999999999306,20.877999999999307,0.013893866360761719,0.0047902706772936987,0
20.899999999999295,20.897999999999296,0.014773825169704624,0.005145134124616646,0
20.919999999999284,20.917999999999285,0.016271849441007746,0.0057434630721808853,0
20.939999999999273,20.937999999999274,0.01788976940584067,0.0063892419992896072,0
20.959999999999262,20.957999999999263,0.01952360758957843,0.0070388397663388178,0
20.979999999999251,20.977999999999252,0.021147903373444191,0.007682814844410313,0
20.99999999999924,20.997999999999241,0.022752210881455195,0.0083176344728494844,0
21.019999999999229,21.01799999999923,0.02432969470532096,0.0089409470341311002,0
21.039999999999218,21.037999999999219,0.02587549754481111,0.0095510555589155954,0
21.059999999999206,21.057999999999208,0.027386182916412458,0.010146767758108263,0
21.079999999999195,21.077999999999196,0.028859221822116039,0.010727219980746825,0
21.099999999999184,21.097999999999185,0.030292578858483091,0.011291723545793457,0
21.119999999999173,21.117999999999174,0.031684436455215619,0.011839660286847832,0
21.139999999999162,21.137999999999163,0.033033034194316295,0.012370421806032501,0
21.159999999999151,21.157999999999152,0.034336586458180773,0.012883378950047751,0
21.17999999999914,21.177999999999141,0.035593247937655483,0.013377869818798927,0
21.199999999999129,21.19799999999913,0.036801105908801347,0.013853198131022149,0
21.219999999999118,21.217999999999119,0.038588379049280939,0.014578821248788785,0
21.239999999999107,21.237999999999108,0.039034237739891522,0.014732581365144208,0
21.259999999999096,21.257999999999097,0.040022342066032494,0.015119046302432607,0
21.279999999999085,21.277999999999086,0.04103734650636557,0.015520285783341735,0
21.299999999999073,21.297999999999075,0.041994404739703117,0.015898887742609207,0
21.319999999999062,21.317999999999063,0.042884782840742382,0.016251236545292404,0
21.339999999999051,21.337999999999052,0.043707808416876437,0.016577205473645936,0
21.35999999999904,21.357999999999041,0.044462246813742848,0.01687638972424485,0
21.379999999999029,21.37799999999903,0.045146448967717551,0.017148191147372299,0
21.399999999999018,21.397999999999019,0.04575871160678395,0.017391983849154014,0
21.419999999999007,21.417999999999008,0.046297321104160044,0.01760713617015499,0
21.439999999998996,21.437999999998997,0.047073002947478321,0.017928981298830429,0
21.459999999998985,21.457999999998986,0.047125973274197874,0.017941667654733481,0
21.479999999998974,21.477999999998975,0.047418702838704856,0.01806079503258631,0
21.499999999998963,21.497999999998964,0.047664060714553383,0.018163066853520555,0
21.519999999998952,21.517999999998953,0.04782054958220476,0.018230657388542043,0
21.53999999999894,21.537999999998942,0.047886480971118736,0.018262955210500972,0
21.559999999998929,21.55799999999893,0.047862205345400706,0.018260214991162937,0
21.579999999998918,21.577999999998919,0.047746666068512508,0.018222084063268883,0
21.599999999998907,21.597999999998908,0.047620025250211737,0.018185473743885336,0
21.619999999998896,21.617999999998897,0.047249977346243137,0.018044978493648708,0
21.639999999998885,21.637999999998886,0.046851994209209977,0.017897658385569205,0
21.659999999998874,21.657999999998875,0.046358459174771653,0.017713503704592827,0
21.679999999998863,21.677999999998864,0.045760641032613819,0.017488813844634046,0
21.699999999998852,21.697999999998853,0.04505775677399082,0.017223374334045319,0
21.719999999998841,21.717999999998842,0.044248557382021894,0.016916756346899198,0
21.73999999999883,21.737999999998831,0.043331104815096055,0.016568225974198186,0
21.759999999998819,21.75799999999882,0.042361716835315887,0.016203207964370393,0
21.779999999998807,21.777999999998809,0.04120023195066571,0.015761341296743586,0
21.799999999998796,21.797999999998797,0.039963140465937408,0.015289968283711998,0
21.819999999998785,21.817999999998786,0.038578649917957966,0.014758641874972016,0
21.839999999998774,21.837999999998775,0.037018421522554593,0.014157207067174396,0
21.859999999998763,21.857999999998764,0.035433618016910737,0.013551134204186625,0
21.879999999998752,21.877999999998753,0.033690363842850755,0.012882384946534924,0
21.899999999998741,21.897999999998742,0.031820580459620516,0.012164742238452758,0
21.91999999999873,21.917999999998731,0.029823894024159706,0.011398000092383587,0
21.939999999998719,21.93799999999872,0.027696465002517035,0.010580544218927965,0
21.959999999998708,21.957999999998709,0.025435204236700929,0.0097110977086272195,0
21.979999999998697,21.977999999998698,0.023037590622053704,0.008788615618800965,0
21.999999999998685,21.997999999998687,0.020501344413600405,0.0078121261773689355,0
22.019999999998674,22.017999999998676,0.017780462971744855,0.0067595630247381504,0
22.039999999998663,22.037999999998664,0.014982416831109515,0.0056823013498583071,0
22.059999999998652,22.057999999998653,0.011929857139442389,0.0044959647532345883,0
22.079999999998641,22.077999999998642,0.0089059571828402403,0.0033314586774309228,0
22.09999999999863,22.097999999998631,0.0055763697873496979,0.0020248867714697857,0
22.119999999998619,22.11799999999862,0.0022717701479995599,0.00069822567832026727,0
22.139999999998608,22.137999999998609,0.0016268137034966836,0.00054576202709953581,0
22.159999999998597,22.157999999998598,0.0039388800732515347,0.0015005338470919314,0
22.179999999998586,22.177999999998587,0.0058115378384990032,0.001907277638761247,0
22.199999999998575,22.197999999998576,0.0079670414906933187,0.0023477984650352407,0
22.219999999998564,22.217999999998565,0.010104395800980999,0.0028943651597909555,0
22.239999999998552,22.237999999998554,0.012325105847926255,0.0035890600674246885,0
22.259999999998541,22.257999999998543,0.014084673124129803,0.0041753314202799879,0
22.27999999999853,22.277999999998531,0.015939558127758661,0.0047595858692661783,0
22.299999999998519,22.29799999999852,0.017731002837450015,0.005316353924049411,0
22.319999999998508,22.317999999998509,0.01943783551939816,0.0058434407376447475,0
22.339999999998497,22.337999999998498,0.02106203025607243,0.006342640447220522,0
22.359999999998486,22.357999999998487,0.022742068526625917,0.0068371500554465616,0
22.379999999998475,22.377999999998476,0.02402530953801027,0.0072533804108182286,0
22.399999999998464,22.397999999998465,0.025411140933735143,0.0076784276795002909,0
22.419999999998453,22.417999999998454,0.026742312671246271,0.008083395101221455,0
22.439999999998442,22.437999999998443,0.027999634413192278,0.0084656027595960952,0
22.459999999998431,22.457999999998432,0.029185036271393152,0.0088261431484195803,0
22.479999999998419,22.477999999998421,0.030301251491498465,0.0091660100017286802,0
22.499999999998408,22.497999999998409,0.031350111544915814,0.009485880787098654,0
22.519999999998397,22.517999999998398,0.032333010243774281,0.0097862736256711016,0
22.539999999998386,22.537999999998387,0.033251185268500398,0.010067634176550976,0
22.559999999998375,22.557999999998376,0.034105807457293635,0.010330368339823245,0
22.579999999998364,22.577999999998365,0.034898005033407765,0.010574854985106951,0
22.599999999998353,22.597999999998354,0.035628872767942688,0.010801452449309574,0
22.619999999998342,22.617999999998343,0.03629947828696943,0.01101050282359778,0
22.639999999998331,22.637999999998332,0.036910867410259479,0.011202335084217526,0
22.65999999999832,22.657999999998321,0.037464068576681879,0.011377267426869262,0
22.679999999998309,22.67799999999831,0.037960096363903351,0.011535609001495866,0
22.699999999998298,22.697999999998299,0.038399954224316628,0.011677661206248432,0
22.719999999998286,22.717999999998288,0.038784636560483879,0.011803718647808473,0
22.739999999998275,22.737999999998276,0.039115130309248229,0.011914069867375109,0
22.759999999998264,22.757999999998265,0.039392416129475895,0.012008997892163843,0
22.779999999998253,22.777999999998254,0.039617469309614343,0.012088780666883596,0
22.799999999998242,22.797999999998243,0.039791260458956812,0.012153691397281842,0
22.819999999998231,22.817999999998232,0.039650153013303116,0.01213981662880146,0
22.83999999999822,22.837999999998221,0.040064044098470968,0.012251652137112972,0
22.859999999998209,22.85799999999821,0.040110121364780128,0.01227982984677119,0
22.879999999998198,22.877999999998199,0.040070402366707121,0.012284986520271523,0
22.899999999998187,22.897999999998188,0.039988528175298944,0.012276884086573256,0
22.919999999998176,22.917999999998177,0.039866066535663693,0.012256238990107167,0
22.939999999998165,22.937999999998166,0.039701681484263729,0.012222983327204428,0
22.959999999998153,22.957999999998155,0.039495241620051358,0.01217720764998345,0
22.979999999998142,22.977999999998143,0.039247246829808222,0.012119088854656526,0
22.999999999998131,22.997999999998132,0.038958387429217881,0.012048821595582527,0
23.01999999999812,23.017999999998121,0.038629412317044302,0.011966602032378013,0
23.039999999998109,23.03799999999811,0.038261104487556652,0.011872628139154283,0
23.059999999998098,23.057999999998099,0.037854277438460898,0.011767101551858455,0
23.079999999998087,23.077999999998088,0.037409772197315991,0.011650228165437045,0
23.099999999998076,23.097999999998077,0.036928453133218811,0.011522217803637649,0
23.119999999998065,23.117999999998066,0.036411203575828728,0.011383283532692636,0
23.139999999998054,23.137999999998055,0.035858921978548876,0.011233640942193828,0
23.159999999998043,23.157999999998044,0.035272518839906265,0.011073507534075407,0
23.179999999998032,23.177999999998033,0.034652914406000608,0.010903102258638404,0
23.19999999999802,23.197999999998022,0.034001037076812311,0.010722645200029333,0
23.219999999998009,23.21799999999801,0.033317822390721688,0.010532357387317509,0
23.239999999997998,23.237999999997999,0.032604212508957578,0.010332460707258772,0
23.259999999997987,23.257999999997988,0.031861156110316077,0.010123177900825968,0
23.279999999997976,23.277999999997977,0.031089608659509316,0.0099047326173061674,0
23.299999999997965,23.297999999997966,0.030290532990623498,0.009677349512100664,0
23.319999999997954,23.317999999997955,0.029464900224719683,0.0094412543743693858,0
23.339999999997943,23.337999999997944,0.02861369102865767,0.0091966742797787247,0
23.359999999997932,23.357999999997933,0.027737897244355891,0.0089438377521999009,0
23.379999999997921,23.377999999997922,0.026404716241924663,0.0084976994021884692,0
23.39999999999791,23.397999999997911,0.026471652957377415,0.0085949034712353833,0
23.419999999997898,23.4179999999979,0.024613553213612731,0.0079888352093565665,0
23.439999999997887,23.437999999997889,0.024052546558151332,0.0078417882494851415,0
23.459999999997876,23.457999999997877,0.023137516239970232,0.0075892328805939255,0
23.479999999997865,23.477999999997866,0.022131010680755167,0.0073013763682231083,0
23.499999999997854,23.497999999997855,0.021098996284486856,0.0069976473856715061,0
23.519999999997843,23.517999999997844,0.020051979451407326,0.0066838976695488949,0
23.539999999997832,23.537999999997833,0.018991939681370543,0.0063626990540826302,0
23.559999999997821,23.557999999997822,0.017920393489992716,0.0060355420069837778,0
23.57999999999781,23.577999999997811,0.016838972027518676,0.0057033217804882165,0
23.599999999997799,23.5979999999978,0.015749333395539074,0.0053665527533825917,0
23.619999999997788,23.617999999997789,0.014653234926623468,0.0050255246421665508,0
23.639999999997777,23.637999999997778,0.013552699128171171,0.004680414068077272,0
23.659999999997765,23.657999999997767,0.012450221049019721,0.0043313557468741158,0
23.679999999997754,23.677999999997756,0.011349035121413695,0.0039784831868610272,0
23.699999999997743,23.697999999997744,0.010253505293745354,0.0036219490639899138,0
23.719999999997732,23.717999999997733,0.0086822319201155865,0.0030059410845254654,0
23.739999999997721,23.737999999997722,0.0086002302180017282,0.0031096643681157144,0
23.75999999999771,23.757999999997711,0.0067922836038546265,0.0023651827489579186,0
23.779999999997699,23.7779999999977,0.0061177463684641874,0.0021309337237323694,0
23.799999999997688,23.797999999997689,0.0056596166314545528,0.0020564459437026426,0
23.819999999997677,23.817999999997678,0.0043842797991057213,0.0013225250128604585,0
23.839999999997666,23.837999999997667,0.0039876643237636636,0.0010192357724331674,0
23.859999999997655,23.857999999997656,0.0038459059573218157,0.0010891041239339887,0
23.879999999997644,23.877999999997645,0.0043118467085717779,0.0013268507456835124,0
23.899999999997632,23.897999999997634,0.0044522092722585633,0.0013057476281094649,0
23.919999999997621,23.917999999997622,0.0052965196671831477,0.0014840011641980761,0
23.93999999999761,23.937999999997611,0.0062187793314660367,0.0016319518743143227,0
23.959999999997599,23.9579999999976,0.0076200025473600174,0.0019053978447945473,0
23.979999999997588,23.977999999997589,0.0078958377583023646,0.0017881105689090508,0
23.999999999997577,23.997999999997578,0.0097906046482828368,0.0023920149130240457,0
24.019999999997566,24.017999999997567,0.010417857495642792,0.0024489184940106345,0
24.039999999997555,24.037999999997556,0.011488223319468411,0.0027513696226901694,0
24.059999999997544,24.057999999997545,0.01261940681610068,0.0031459930954973667,0
24.079999999997533,24.077999999997534,0.013744388219596421,0.0035261139163310041,0
24.099999999997522,24.097999999997523,0.014857306511316094,0.003896420554003023,0
24.119999999997511,24.117999999997512,0.015959596065331223,0.0042606956183157676,0
24.139999999997499,24.137999999997501,0.017051653754084125,0.0046209152809436006,0
24.159999999997488,24.157999999997489,0.018132806142023578,0.0049778602341539737,0
24.179999999997477,24.177999999997478,0.019201888681025875,0.0053316335684760359,0
24.199999999997466,24.197999999997467,0.020257541872520289,0.005681972356950689,0
24.219999999997455,24.217999999997456,0.021298335704573942,0.0060284285479415348,0
24.239999999997444,24.237999999997445,0.022322827322193074,0.0063704740906802958,0
24.259999999997433,24.257999999997434,0.023329591222421932,0.0067075601436800284,0
24.279999999997422,24.277999999997423,0.024317234540664527,0.0070391476970923057,0
24.299999999997411,24.297999999997412,0.025284402721327062,0.0073647207206691354,0
24.3199999999974,24.317999999997401,0.0262297791118551,0.0076837892374825396,0
24.339999999997389,24.33799999999739,0.02715208113972007,0.0079958871614222195,0
24.359999999997378,24.357999999997379,0.028550021657340014,0.0084288104879679353,0
24.379999999997366,24.377999999997368,0.028908168130971228,0.0086059921796902434,0
24.399999999997355,24.397999999997356,0.029714649870709934,0.0088793608190888274,0
24.419999999997344,24.417999999997345,0.030554606365244111,0.0091601970329400987,0
24.439999999997333,24.437999999997334,0.031361250502929774,0.0094329426296938489,0
24.459999999997322,24.457999999997323,0.032131093430223488,0.0096958309959626222,0
24.479999999997311,24.477999999997312,0.032865931949865333,0.0099485674937312731,0
24.4999999999973,24.497999999997301,0.033566011351853262,0.01019077638418427,0
24.519999999997289,24.51799999999729,0.034230719331911193,0.010422032443976787,0
24.539999999997278,24.537999999997279,0.034859207445404605,0.010641927242729639,0
24.559999999997267,24.557999999997268,0.035838627760441819,0.010995453072452021,0
24.579999999997256,24.577999999997257,0.036003732625736438,0.011057109101599422,0
24.599999999997245,24.597999999997246,0.036480480718463291,0.011214730999886891,0
24.619999999997233,24.617999999997235,0.036967214087816162,0.011383517921228149,0
24.639999999997222,24.637999999997223,0.037413567394131812,0.011544065997127824,0
24.659999999997211,24.657999999997212,0.037814566852727959,0.011691684899652553,0
24.6799999999972,24.677999999997201,0.038169958755153145,0.01182487627513721,0
24.699999999997189,24.69799999999719,0.038650960599191583,0.012040772098026242,0
24.719999999997178,24.717999999997179,0.038768697504245477,0.012057083921459317,0
24.739999999997167,24.737999999997168,0.038958953165308105,0.012122663322494009,0
24.759999999997156,24.757999999997157,0.039126666599093307,0.012191443472191857,0
24.779999999997145,24.777999999997146,0.039248621324548802,0.012248664652760271,0
24.799999999997134,24.797999999997135,0.039475849581512956,0.012373970384534003,0
24.819999999997123,24.817999999997124,0.039359985807334782,0.012319383874805879,0
24.839999999997112,24.837999999997113,0.039306822130787226,0.012309297139388284,0
24.8599999999971,24.857999999997102,0.039304147932505425,0.012353920173945602,0
24.879999999997089,24.87799999999709,0.039111961139640425,0.012274726713615442,0
24.899999999997078,24.897999999997079,0.038905550344505747,0.012217873934092894,0
24.919999999997067,24.917999999997068,0.038652664446167058,0.012152410018292863,0
24.939999999997056,24.937999999997057,0.03834295373967711,0.012068967764845357,0
24.959999999997045,24.957999999997046,0.037973507011635745,0.011965317541821896,0
24.979999999997034,24.977999999997035,0.037543273974586129,0.011841049399895208,0
24.999999999997023,24.997999999997024,0.037051488407756357,0.011696046321685846,0
25.019999999997012,25.017999999997013,0.036640687177499735,0.011615751898803067,0
25.039999999997001,25.037999999997002,0.035790314557529429,0.011266390073225793,0
25.05999999999699,25.057999999996991,0.035182380304446502,0.011120110737925374,0
25.079999999996978,25.07799999999698,0.034453642384754582,0.01090631035123233,0
25.099999999996967,25.097999999996969,0.033643345842683421,0.01065702433494818,0
25.119999999996956,25.117999999996957,0.032762853093569175,0.010382582603784347,0
25.139999999996945,25.137999999996946,0.031814124627353203,0.01008542562740735,0
25.159999999996934,25.157999999996935,0.030796632034865403,0.0097657293801208262,0
25.179999999996923,25.177999999996924,0.029709352712051253,0.0094231811521308072,0
25.199999999996912,25.197999999996913,0.028551224910471632,0.0090574171514652482,0
25.219999999996901,25.217999999996902,0.027321214125806959,0.0086680928277810976,0
25.23999999999689,25.237999999996891,0.026018308504167344,0.0082548799946440925,0
25.259999999996879,25.25799999999688,0.024641511549694836,0.0078174588547606783,0
25.279999999996868,25.277999999996869,0.023189840316099757,0.0073555139510473252,0
25.299999999996857,25.297999999996858,0.021662327630708637,0.0068687324955385631,0
25.319999999996845,25.317999999996847,0.01990580590798513,0.0062730148048373239,0
25.339999999996834,25.337999999996835,0.018333236927437067,0.0058116568907094317,0
25.359999999996823,25.357999999996824,0.016593806830415003,0.0052673381846890053,0
25.379999999996812,25.377999999996813,0.014752858567377538,0.0046788474430335819,0
25.399999999996801,25.397999999996802,0.01282779813090807,0.0040594482672445722,0
25.41999999999679,25.417999999996791,0.010748673171551313,0.0033749093232457151,0
25.439999999996779,25.43799999999678,0.008602084540198238,0.0026876435908442537,0
25.459999999996768,25.457999999996769,0.006574826458134949,0.0020504807951755226,0
25.479999999996757,25.477999999996758,0.0042635451791888327,0.0012950188747097872,0
25.499999999996746,25.497999999996747,0.0020307116222801668,0.00054566739751609134,0
25.519999999996735,25.517999999996736,0.00099630388475490457,0.00046779168249437,0
25.539999999996724,25.537999999996725,0.0019987444193251794,0.00059062224512413319,0
25.559999999996712,25.557999999996714,0.0017482775952275922,0.00049031693862683378,0
25.579999999996701,25.577999999996702,0.0014606305199007317,0.00048077493799432653,0
25.59999999999669,25.597999999996691,0.0012148049047114612,0.00048616255434766868,0
25.619999999996679,25.61799999999668,0.0011477150706161348,0.00047020975325853608,0
25.639999999996668,25.637999999996669,0.0010932504487012535,0.00047300416858671649,0
25.659999999996657,25.657999999996658,0.0010421534400233729,0.00047439633666353166,0
25.679999999996646,25.677999999996647,0.00097360955674683663,0.00046681631240552159,0
25.699999999996635,25.697999999996636,0.00097930722534588779,0.0004682302435634836,0
25.719999999996624,25.717999999996625,0.00097936398670570631,0.00046790817952223216,0
25.739999999996613,25.737999999996614,0.00097755928307538737,0.0004676360986958184,0
25.759999999996602,25.757999999996603,0.00097511850938704348,0.00046776733622161821,0
25.779999999996591,25.777999999996592,0.00097236062442529567,0.0004682158517848697,0
25.799999999996579,25.797999999996581,0.00096943418935809011,0.00046881864673785524,0
25.819999999996568,25.817999999996569,0.00096647652145053615,0.00046943877666129764,0
25.839999999996557,25.837999999996558,0.00096362030990157933,0.00046998304067429769,0
25.859999999996546,25.857999999996547,0.00096097959942503634,0.00047039716778191391,0
25.879999999996535,25.877999999996536,0.00095864155218637278,0.00047065708431626315,0
25.899999999996524,25.897999999996525,0.00095666502806788449,0.00047076066988239654,0
25.919999999996513,25.917999999996514,0.00095508282254937117,0.0004707207237025825,0
25.939999999996502,25.937999999996503,0.00095390503022266921,0.00047055916738012669,0
25.959999999996491,25.957999999996492,0.00095312235510390845,0.00047030245302864847,0
25.97999999999648,25.977999999996481,0.00095270916646370484,0.00046997809880734915,0
25.999999999996469,25.99799999999647,0.00095262655417173176,0.00046961226830758741,0
26.019999999996458,26.017999999996459,0.00095282561819278681,0.00046922822389204724,0
26.039999999996446,26.037999999996448,0.00095325104576210484,0.00046884550784846832,0
26.059999999996435,26.057999999996436,0.0009538448009064408,0.00046847965976155951,0
26.079999999996424,26.077999999996425,0.00095454964343878745,0.0004681423166887611,0
26.099999999996413,26.097999999996414,0.00095531217552862228,0.00046784155873582067,0
26.119999999996402,26.117999999996403,0.00095608519258513574,0.00046758238801216165,0
26.139999999996391,26.137999999996392,0.0009568292222465253,0.0004673672538052959,0
26.15999999999638,26.157999999996381,0.00095751326411320223,0.00046719657371628701,0
26.179999999996369,26.17799999999637,0.0009581148169428089,0.00046706921901434813,0
26.199999999996358,26.197999999996359,0.00095861935178414182,0.00046698292103288647,0
26.219999999996347,26.217999999996348,0.00095901939176590224,0.00046693461576221055,0
26.239999999996336,26.237999999996337,0.00095931337903793455,0.00046692072871532686,0
26.259999999996325,26.257999999996326,0.00095950445382746695,0.00046693737869505427,0
26.279999999996313,26.277999999996315,0.00095959926558932267,0.00046698055030702389,0
26.299999999996302,26.297999999996303,0.00095960688955765887,0.00046704620472065919,0
26.319999999996291,26.317999999996292,0.00095953789192291508,0.00046713037781283598,0
26.33999999999628,26.337999999996281,0.00095940356439806458,0.00046722923648425459,0
26.359999999996269,26.35799999999627,0.00095921532064345073,0.00046733913597057512,0
26.379999999996258,26.377999999996259,0.00095898425651130869,0.00046745665534621544,0
26.399999999996247,26.397999999996248,0.00095872083440095299,0.00046757862995756155,0
26.419999999996236,26.417999999996237,0.00095843468655337565,0.00046770217338821027,0
26.439999999996225,26.437999999996226,0.00095813449574599116,0.00046782469725054911,0
26.459999999996214,26.457999999996215,0.00095782794335291495,0.00046794393696859111,0
26.479999999996203,26.477999999996204,0.00095752170242389772,0.00046805795190669422,0
26.499999999996191,26.497999999996193,0.00095722145506956229,0.00046816514598393418,0
26.51999999999618,26.517999999996182,0.00095693193427590485,0.00046826425541935041,0
26.539999999996169,26.53799999999617,0.00095665697036506929,0.00046835435389989987,0
26.559999999996158,26.557999999996159,0.0009563995446242626,0.00046843484177494813,0
26.579999999996147,26.577999999996148,0.00095616184585704128,0.00046850542164994231,0
26.599999999996136,26.597999999996137,0.00095594532492565879,0.00046856609221833173,0
26.619999999996125,26.617999999996126,0.00095575075525832225,0.00046861710190846084,0
26.639999999996114,26.637999999996115,0.00095557828976686285,0.00046865893707066938,0
26.659999999996103,26.657999999996104,0.00095542752263967146,0.00046869227283921839,0
26.679999999996092,26.677999999996093,0.0009552975537374189,0.0004687179472495434,0
26.699999999996081,26.697999999996082,0.00095518705617468527,0.00046873691875266041,0
26.71999999999607,26.717999999996071,0.00095509434423535341,0.00046875022889714498,0
26.739999999996058,26.73799999999606,0.00095501744570896773,0.00046875897484350751,0
26.759999999996047,26.757999999996049,0.00095495417591920644,0.00046876425975135539,0
26.779999999996036,26.777999999996037,0.00095490220846655379,0.00046876717561090085,0
26.799999999996025,26.797999999996026,0.00095485914691862252,0.00046876876952279753,0
26.819999999996014,26.817999999996015,0.00095482259143120742,0.0004687700177903422,0
26.839999999996003,26.837999999996004,0.00095479020250101852,0.00046877181554232246,0
26.859999999995992,26.857999999995993,0.00095475975596155335,0.00046877494858315911,0
26.879999999995981,26.877999999995982,0.00095472919193272348,0.00046878009119123606,0
26.89999999999597,26.897999999995971,0.00095469665423413941,0.00046878779767371942,0
26.919999999995959,26.91799999999596,0.00095466052312040883,0.00046879849862407121,0
26.939999999995948,26.937999999995949,0.00095461943455404875,0.00046881249746877319,0
26.959999999995937,26.957999999995938,0.00095457229435283941,0.00046882998550668519,0
26.979999999995925,26.977999999995927,0.00095451828101486026,0.00046885103711975394,0
26.999999999995914,26.997999999995915,0.00095445684194839057,0.00046887562746304875,0
