time_s,actual_saved_state_index,continuum_position_error_m,continuum_orientation_error_deg,continuum_actual_x_m,continuum_consumed_reference_x_m,continuum_actual_y_m,continuum_consumed_reference_y_m,continuum_actual_z_m,continuum_consumed_reference_z_m,rigid_position_error_m,rigid_orientation_error_deg,rigid_actual_x_m,rigid_consumed_reference_x_m,rigid_actual_y_m,rigid_consumed_reference_y_m,rigid_actual_z_m,rigid_consumed_reference_z_m,intervention_17D_rad_s
0.0,0,0.0,0.0,1.9300000000000013,1.9300000000000013,0.6259999999999999,0.6259999999999999,5.385774190125315e-09,5.385774190125315e-09,0.3719693069179838,5.263014220319208e-06,1.194494020312617,1.2038405509382972,-0.5682037035943422,-0.1981017590425241,0.09599125557348129,0.059958516387132475,0.2099960224696465
0.020000000000000004,10,6.826591544732587e-05,0.0018712490281056688,1.9300662263968205,1.9299998925208237,0.6259839674541124,0.6260000750269382,-7.680512124687673e-07,5.385773804608482e-09,0.3710625389963473,0.005091339533912619,1.1943717782203283,1.2038388371683857,-0.5672635605372504,-0.19805769729420455,0.09580109072469843,0.05995679985087754,0.3069744014961677
0.04000000000000002,20,0.000246568722487606,0.0065187595497903095,1.930243087890311,1.9299991459064287,0.6259647883422041,0.6260005962087468,-2.4926339320695502e-06,5.3857711265789005e-09,0.36860312735725326,0.01103247318281464,1.1941132593390091,1.2038371233528484,-0.564780183025234,-0.19801363543082373,0.09539533640082211,0.05995508341265951,0.33201061290083367
0.06000000000000004,30,0.0005255164626386243,0.013122946737162359,1.9305211133834785,1.929997136736935,0.6259623625898602,0.6260019987300448,-6.703024818177792e-06,5.385763919893129e-09,0.36476373018423414,0.010325947862936074,1.193807057790064,1.203835409491681,-0.5609124608971958,-0.1979695734523817,0.09494581587627388,0.05995336707247622,0.1927745275648977
0.08000000000000006,40,0.0008680066775081598,0.018495245747714932,1.9308604662684685,1.9299932585965711,0.6259690951235252,0.6260047059055592,-1.0872031404576216e-05,5.385750009399727e-09,0.3601345974324159,0.008167719915300808,1.193742567893926,1.2038336955848785,-0.5562551126626427,-0.19792551135887881,0.094520339541625,0.05995165083032551,0.1914546633112026
0.10000000000000007,50,0.001215360695154486,0.020330467413359136,1.9312017812221933,1.9299869219197898,0.6259776044825247,0.626009129287545,-1.4983989126187646e-05,5.385727280387294e-09,0.3553726213851734,0.007587487120306688,1.1938629495956645,1.2038319816324365,-0.5514690029787678,-0.1978814491503143,0.09409902263932853,0.059949934686205214,0.16884510497177385
0.12000000000000009,60,0.0015425138804464201,0.018231143309310697,1.931519724645156,1.9299775538373873,0.6259880369084015,0.6260156687732047,-1.7162930567796827e-05,5.385693678032503e-09,0.3506429921416121,0.0068581989102166055,1.1939674577223893,1.2038302676343504,-0.5467167857988751,-0.19783738682668836,0.09365871984476713,0.059948218640113154,0.12214753324190687
0.1400000000000001,70,0.0018514080085253817,0.013110044573336744,1.9318158006820636,1.929964598022619,0.626001174122922,0.6260247127121078,-1.43564567234329e-05,5.385647206848138e-09,0.34592061788766965,0.0056636949906917165,1.1940656852390883,1.2038285535906152,-0.5419734272503819,-0.19779332438800126,0.09320033066686817,0.05994650269204718,0.11077302839501542
0.16000000000000011,80,0.0021479355303753024,0.007666260208600948,1.9320953393205462,1.9299475145373153,0.6260163798200615,0.6260366380136115,-8.078473744061346e-06,5.385585930131133e-09,0.3411991137260215,0.004793409777867518,1.1941616296798232,1.2038268395012266,-0.5372315728362821,-0.1977492618342533,0.09273471583327592,0.05994478684200511,0.09775414140731223
0.18000000000000013,90,0.002430171823711603,0.0035333842947883063,1.9323558669249898,1.9299257796779994,0.6260315491887312,0.62605181025428,-7.389255578580259e-07,5.385507969410603e-09,0.3364781606094866,0.004802123324221127,1.1942569157726493,1.2038251253661798,-0.5324902756061577,-0.19770519916544368,0.09226882746014634,0.05994307108998479,0.07849161698566577
0.20000000000000015,100,0.002686846588224606,0.0008711654601975651,1.9325856190137494,1.9298988858220032,0.6260468242042052,0.6260705837853042,6.700706885123611e-06,5.385411503895882e-09,0.3317585098942153,0.005637799875856803,1.1943522408998364,1.20382341118547,-0.5277502289326093,-0.19766113638157273,0.09180350852525186,0.05994135543598404,0.0973809144402975
0.22000000000000017,110,0.002903378906278109,0.0006675570915039382,1.9327695824303293,1.929866341273585,0.6260681463008205,0.6260933018399218,1.293047947690345e-05,5.385294769924562e-09,0.32703931948372894,0.006922517716837738,1.1944482273232975,1.203821696959093,-0.5230105269620061,-0.19761707348264054,0.0913395600732006,0.059939639880000714,0.15518471303752734
0.24000000000000019,120,0.0030625134958190705,0.0007494741942645741,1.932890041914957,1.9298276701100447,0.6260963633013296,0.6261202966408375,1.718199169091255e-05,5.385156060410526e-09,0.3223189472917844,0.008149857688707407,1.1945451753950598,1.2038199826870435,-0.5182694838599777,-0.19757301046864753,0.09087744102046204,0.05993792442203262,0.13478765783257354
0.2600000000000002,130,0.003144838236949115,0.0005454831919808134,1.932927108072467,1.9297824120278415,0.6261291117891138,0.6261518895076418,1.9383182403027125e-05,5.3849937242919855e-09,0.31759556074797973,0.008914353394490515,1.19464326700136,1.2038182683693173,-0.5135253214717874,-0.1975289473395928,0.09041654849633869,0.05993620906207761,0.12375414449230286
0.2800000000000002,140,0.0031293436008498314,0.0014780515950122818,1.9328593268104703,1.9297301221887102,0.6261664282776277,0.6261883909642318,1.968907683528598e-05,5.384806165979516e-09,0.31286761480342995,0.009042739865553163,1.194743056367217,1.2038165540059096,-0.5087765567679736,-0.19748488409547676,0.08995632849002418,0.059934493800133506,0.13646449081327489
0.3000000000000002,150,0.0030082198959657126,0.0026361864786006465,1.9326784056969977,1.9296703710657783,0.6262024518405642,0.6262301008462308,1.8717208519539184e-05,5.384591844804091e-09,0.3081351054143204,0.008569980584851209,1.1948447054601936,1.2038148395968158,-0.5040232127489138,-0.1974408207362996,0.08949655359964079,0.05993277863619815,0.1291919180240154
0.32000000000000023,160,0.002783462292357331,0.0034463983736944055,1.932385914179206,1.9296027442896817,0.6262408044885892,0.6262773084084079,1.7185688735955877e-05,5.384349274465126e-09,0.30339746423279107,0.007648547500539625,1.1949489141709777,1.2038131251420312,-0.49926475995208736,-0.19739675726206152,0.089037008301251,0.059931063570269366,0.12135676939898134
0.34000000000000025,170,0.002459687121355231,0.0038262442968769227,1.9319861995124783,1.9295268424946823,0.626293094265492,0.6263302924320979,1.5500234176025292e-05,5.384077022478505e-09,0.29865326724291114,0.006473454346106481,1.1950568005983369,1.2038114106415514,-0.4944998204214117,-0.19735269367276181,0.08857748820823771,0.05992934860234499,0.14622492689148087
0.36000000000000026,180,0.0020421615207113033,0.003941065761425114,1.9314841254207755,1.9294422811647844,0.6263560646936384,0.6263893213326215,1.3778797065118852e-05,5.383773709624622e-09,0.29390228439970756,0.005231554850074166,1.1951685143565367,1.2038096960953713,-0.4897281784937534,-0.19730862996840076,0.08811788725650363,0.05992763373242285,0.11362034106852835
0.3800000000000003,190,0.0015368213263553772,0.003926696300664622,1.9308851659854065,1.929348690479851,0.6264241600974242,0.6264546532667045,1.1536931281781164e-05,5.3834380093964185e-09,0.28914448473572335,0.004091375959213878,1.195283973135171,1.2038079815034866,-0.484949795349161,-0.19726456614897847,0.08765826892335596,0.05992591896050079,0.06642183967113338
0.4000000000000003,200,0.001006540340531317,0.003734003224745861,1.9302517798972152,1.9292457151617208,0.626497148762214,0.6265265362398983,9.679124170928354e-06,5.383068647447415e-09,0.28438126266280866,0.0031778462104909075,1.19540236495437,1.2038062668658922,-0.4801660590101153,-0.19722050221449544,0.08719853060220864,0.05992420428657664,0.04438679476821884
0.4200000000000003,210,0.0005165466252009156,0.003318506689967387,1.9296486292565147,1.929133014320325,0.626575458267585,0.6266052082139993,8.757198064460731e-06,5.3826644010397485e-09,0.2796143843356779,0.0025557682373120645,1.1955227334595726,1.203804552182584,-0.47537871708404883,-0.19717643816495076,0.08673866785518872,0.059922489710648216,0.05088451756021714
0.44000000000000034,220,9.543862784153434e-05,0.002892537737550204,1.9291009024975982,1.9290102612998032,0.6266613051324703,0.6266908972144689,4.130140344275504e-06,5.382224098492213e-09,0.27484490515382265,0.0022239159788338524,1.1956445876175474,1.2038028374535572,-0.47058880339890813,-0.19713237400034472,0.08627881137381313,0.05992077523271337,0.0626270610768963
0.46000000000000035,230,0.0002499351374488184,0.0025442093666285053,1.9286289019451537,1.9288771435246217,0.6267549467852985,0.6267838214378533,-3.1482819370131345e-06,5.38174661862829e-09,0.2700742332909403,0.002133861669135924,1.1957672597015065,1.2038011226788068,-0.46579771043511137,-0.19708830972067748,0.08581899330521103,0.05991906085276992,0.07476591424201233
0.48000000000000037,240,0.0004936667835996321,0.0022530567267792226,1.9282406377021206,1.9287333623456877,0.6268551265221638,0.6268841893592033,-9.196268322650772e-06,5.381230890224189e-09,0.2654268550352585,0.002204917344910018,1.1958545576100186,1.2037994078583285,-0.46112897815036974,-0.19704424532594947,0.08536432315929517,0.05991734657081571,0.12452729905466815
0.5000000000000003,250,0.0006544548093065812,0.0020182432497309892,1.9279250272220898,1.9285786328864685,0.6269618080911319,0.6269921998394942,-1.3672139132970223e-05,5.380675891456879e-09,0.26123834613564095,0.0023371354554497423,1.1958034450884856,1.2037976929921177,-0.456915280854153,-0.19700018081615975,0.08492975368623046,0.05991563238684856,0.1999897180956866
0.5200000000000004,260,0.0007281935735079552,0.0018066608890762491,1.9276853214783316,1.928412683889106,0.6270773634038816,0.6271080422330458,-1.6384047359592133e-05,5.380080649352129e-09,0.2576171342327074,0.0024659862154201508,1.1955702342162453,1.2037959780801695,-0.45326326971037223,-0.1969561161913088,0.0845222104625164,0.05991391830086631,0.24066204499834537
0.5400000000000004,270,0.0007026675263147797,0.0015928020915029065,1.9275333918068156,1.9282352575605355,0.6272017629492315,0.6272318964949418,-1.476234602270668e-05,5.379444239232544e-09,0.2544481140347605,0.002591269826685681,1.1951743779513953,1.2037942631224792,-0.4500573936914776,-0.19691205145139667,0.08413979225793645,0.059912204312866785,0.2335747396435332
0.5600000000000004,280,0.0005837845549126954,0.00139856045720928,1.9274631488698142,1.9280461094185999,0.6273349161191522,0.6273639332884502,-1.0922063753515825e-05,5.378765784165599e-09,0.25164873678898086,0.002706409131157042,1.1946283362843735,1.2037925481190423,-0.4472143124904683,-0.19686798659642374,0.08378141542151389,0.059910490422847816,0.21819139850277872
0.5800000000000004,290,0.0004382655252201959,0.0012391488463394651,1.927407699020396,1.9278450081381688,0.6274765105116382,0.6275043140924425,-8.017526905178e-06,5.378044454411672e-09,0.24915340981619263,0.002811686488014782,1.1939415545842862,1.2037908330698543,-0.4446674240888384,-0.19682392162638915,0.08344622813888815,0.059908776630807244,0.2115385087541996
0.6000000000000004,300,0.00031152171841660256,0.0010998738790899065,1.9273214474433729,1.9276317353972532,0.6276261440806273,0.627653191308814,-5.962383557665507e-06,5.377279466872091e-09,0.24690571870217817,0.0029197246252024426,1.193121191142284,1.2037891179749103,-0.44235959126170443,-0.1967798565412932,0.08312824205377566,0.059907062936742896,0.2044412992801357
0.6200000000000004,310,0.00020561321358213887,0.0009750065135758985,1.927202260521795,1.9274060857231237,0.6277840177813162,0.6278107083699037,-4.432346346896978e-06,5.3764700845371585e-09,0.2448558192175419,0.0030340261337315835,1.1921728723548286,1.203787402834206,-0.4402404554418406,-0.19673579134113617,0.08281721193713916,0.0599053493406526,0.19816243241611906
0.6400000000000005,320,0.0001244044460473692,0.0008623122280422757,1.9270464008018138,1.927167866338426,0.6279503170655314,0.6279769998459138,-3.2532809986427093e-06,5.375615615934194e-09,0.24295937064672735,0.003150290786108028,1.1911025844887548,1.203785687647736,-0.4382646719195149,-0.1966917260259184,0.08250687657482685,0.059903635842534185,0.19516091347230757
0.6600000000000005,330,6.644300474797963e-05,0.0007606428447237137,1.9268561897121015,1.9269168970072978,0.628125288971804,0.6281521915523297,-2.350119062626e-06,5.374715414575568e-09,0.24117706995712182,0.0032645787919135198,1.1899165563221077,1.2037839724154964,-0.43639154057726637,-0.19664766059563898,0.08219420485918415,0.05990192244238549,0.19239099346546548
0.6800000000000005,340,3.159432255245111e-05,0.0006704009860442031,1.926637064571947,1.9266530098814865,0.6283091763352977,0.6283364006573399,-1.6633414810288957e-06,5.3737688784067394e-09,0.23947380222798362,0.003374187333922815,1.1886209786942594,1.203782257137482,-0.43458444773056676,-0.19660359505029823,0.0818763631956076,0.05990020914020434,0.1893706061520644
0.7000000000000005,350,3.2351304252582705e-05,0.0005917150306137145,1.9263929322348028,1.9263760493464641,0.6285021630658587,0.6285297357892554,-1.1434930459786047e-06,5.3727754492542925e-09,0.23781764837418984,0.0034751956189127925,1.1872224354277463,1.2037805418136889,-0.4328099060538682,-0.1965595293898964,0.08155080568051794,0.05989849593598857,0.18660609838050166
0.7200000000000005,360,4.9469700798165894e-05,0.000524012573842272,1.9261267140551876,1.9260858718675455,0.6287043938000372,0.6287322971439306,-7.498800312274232e-07,5.371734612273968e-09,0.23617937268134517,0.0035632150819639055,1.1857281380044449,1.2037788264441116,-0.4310370830262498,-0.1965154636144337,0.08121529017586811,0.059896782829736,0.18391152028690314
0.7400000000000005,370,6.46597795148796e-05,0.0004674128062734318,1.925840530679774,1.925782345836004,0.6289159768261058,0.6289441765921819,-4.238561338794095e-07,5.370645895398707e-09,0.23453343728665724,0.003636627575075186,1.1841459594050088,1.2037771110287458,-0.4292382068118134,-0.19647139772390948,0.08087514795417594,0.05989506982144447,0.1816816655089938
0.7600000000000006,380,7.608433431158777e-05,0.00042185231466429523,1.9255359154440035,1.9254653514151885,0.6291370057463119,0.6291654577872083,-1.5316711839156942e-07,5.369508868786681e-09,0.23285717664213632,0.003695553089194501,1.1824845845207121,1.203775395567587,-0.42738805027483984,-0.196427331718324,0.08054069481630513,0.05989335691111181,0.17992789271607335
0.7800000000000006,390,8.443374554095546e-05,0.00038624742403004425,1.9252142065102165,1.92513478038664,0.6293675710784544,0.6293962162720109,3.951239428026895e-08,5.368323144269331e-09,0.2311281043320592,0.0037387733536369087,1.18075407743159,1.2037736800606305,-0.4254623845064984,-0.1963832655976774,0.08021541803200329,0.059891644098735854,0.17844344183172656
0.8000000000000006,400,9.028057024507231e-05,0.0003596971777914833,1.9248761050403653,1.924790535996209,0.6296077360501237,0.629636519586813,1.7288304943200456e-07,5.367088374799402e-09,0.22932411609296366,0.003764577008645625,1.1789661431905292,1.2037719645078713,-0.4234380581585049,-0.19633919936197006,0.07989817428324739,0.05988993138431443,0.18255250114362168
0.8200000000000006,410,9.434134399361561e-05,0.00033805986625122736,1.9245222727209452,1.9244325328001706,0.629857324767847,0.6298864273764795,2.773523141072069e-07,5.3658042538989815e-09,0.22748242160563936,0.003798222001043281,1.1771414594350145,1.2037702489093052,-0.42135310213023747,-0.19629513301120105,0.07958771740904444,0.05988821876784536,0.1864978273173316
0.8400000000000006,420,9.564333579430983e-05,0.00031850677840426745,1.9241516370460545,1.9240606965113425,0.6301163715025417,0.6301459914979376,3.5565135496514854e-07,5.364470515107532e-09,0.22569171270471577,0.0038831228578010348,1.1753020063432986,1.2037685332649273,-0.41929856134947363,-0.19625106654537086,0.07928292576999826,0.059886506249326475,0.18614764627555153
0.8600000000000007,430,9.403040550307284e-05,0.0003036218837566472,1.9237640966769889,1.923674963845201,0.6303853080049167,0.6304152561275954,4.1206270415571024e-07,5.363086931429932e-09,0.22398546182982662,0.004031162951656709,1.1734584878650112,1.203766817574733,-0.4173090995171951,-0.19620699996447963,0.07898332347657448,0.05988479382875561,0.1807797115732001
0.8800000000000007,440,9.382474739972978e-05,0.0002992863300044757,1.9233643103804332,1.9232752823659982,0.6306646455508473,0.630694257868763,4.5978221515519734e-07,5.361653314784508e-09,0.22225694474968757,0.004183638271598967,1.1716012107848222,1.2037651018387174,-0.4152752788872035,-0.19616293326852755,0.07868237934463335,0.059883081506130593,0.18197598520847386
0.9000000000000007,450,9.53399166625718e-05,0.0002980440523791881,1.9229523184101722,1.9228616103328777,0.6309536748789709,0.6309830258590713,5.19548762170284e-07,5.360169515451073e-09,0.220451736243043,0.00431209518104626,1.1697307896559357,1.2037633860568764,-0.4131417303459736,-0.19611886645751397,0.07836993181167326,0.05988136928144926,0.18857765345129363
0.9200000000000007,460,9.510469936004077e-05,0.0002898457791786797,1.92252425832418,1.922433916545993,0.6312518680378151,0.6312815818778926,6.008938727216337e-07,5.358635421518962e-09,0.21866427804016578,0.004466723742170047,1.167861560291572,1.2037616702292049,-0.41100579816556887,-0.19607479953143922,0.07804320370896392,0.059879657154709436,0.18369164194585696
0.9400000000000007,470,9.460254108350854e-05,0.0002873630115908266,1.9220819878822912,1.9219921801926216,0.6315602126351744,0.63158994045376,6.956162800528035e-07,5.3570509583350665e-09,0.21686353106008296,0.004630760591131737,1.1659946264495762,1.2037599543556985,-0.40883554058314386,-0.19603073249030334,0.07770165867163048,0.059877945125908945,0.18062241629607417
0.9600000000000007,480,9.467873639924942e-05,0.00029353676647161415,1.921626396287335,1.9215363906932845,0.6318787420251252,0.6319081089717873,8.044858957078739e-07,5.355416087951875e-09,0.21493065194344307,0.0047424383302908345,1.1641345843604223,1.2037582384363523,-0.406509908981767,-0.19598666533410677,0.07734377642734937,0.059876233195045626,0.18030107348150043
0.9800000000000008,490,9.420671226969712e-05,0.000300702908289004,1.921156114769005,1.9210665475478605,0.6322069026580551,0.6322360877810891,9.252051370969161e-07,5.3537308085755035e-09,0.21282449937740563,0.0047867975113338925,1.16229827401583,1.203756522471162,-0.40398884843634997,-0.19594259806284847,0.07696951699784746,0.0598745213621173,0.17727397321956115
1.0000000000000007,500,9.318750061800892e-05,0.00030703580653008755,1.9206711367628537,1.9205826601817044,0.6325446350415436,0.6325738703022001,1.0562534678786339e-06,5.351995154013737e-09,0.2105362474778566,0.004772091251660301,1.1605063576660624,1.2037548064601225,-0.4012664250674343,-0.1958985306765292,0.07657942904610934,0.0598728096271218,0.17430326658652207
1.0200000000000007,510,9.1886660613407e-05,0.0003145851780044693,1.9201718080694123,1.9200847477917626,0.6328920790279604,0.6329214431344958,1.1951828089244694e-06,5.350209193124064e-09,0.20805426350042716,0.004705458955110344,1.1587821267017155,1.2037530904032294,-0.39833506089455156,-0.19585446317514876,0.07617436550475068,0.05987109799005696,0.17009696581076883
1.0400000000000007,520,9.029708187997167e-05,0.0003246338867661573,1.919658174261332,1.9195728391926907,0.6332492954079914,0.6332787861636112,1.3411586195954975e-06,5.3483730292617085e-09,0.20536730814236814,0.004592589309352711,1.1571513024882043,1.203751374300478,-0.3951889124222335,-0.19581039555870777,0.07575559348828853,0.059869386450920596,0.16557294624818594
1.0600000000000007,530,8.841362442572304e-05,0.00033736052954265575,1.9191302691457826,1.9190469726629695,0.6336162677824034,0.6336458726688617,1.493846692762143e-06,5.346486799727673e-09,0.20246557882212543,0.004438233884449118,1.1556418198792815,1.2037496581518639,-0.39182504991429473,-0.19576632782720507,0.0753248415707166,0.05986767500971055,0.1610776623709084
1.0800000000000007,540,8.64306342158274e-05,0.0003523386366882714,1.918588359459911,1.9185071957910218,0.6339930047465976,0.6340226694306625,1.6545573131950669e-06,5.344550675216769e-09,0.1993414394160364,0.004246589099131259,1.154283534500852,1.203747941957382,-0.3882442852995863,-0.19572225998064138,0.07488434009409525,0.05986596366642464,0.15157880780988392
1.1000000000000008,550,7.701568531591539e-05,0.0003632403030501152,1.9180243301624804,1.9179535653213295,0.6343787969121746,0.6344091368379481,1.805882936587927e-06,5.3425648592656575e-09,0.19607879615537366,0.004074159176098119,1.1531411551989594,1.203746225717028,-0.38455230315223876,-0.19567819201901654,0.07444476281120513,0.0598642524210607,0.16001807417362487
1.1200000000000008,560,6.395212452709727e-05,0.0003724410779316016,1.9174416950933229,1.9173861470005493,0.6347736055499797,0.6348052289955927,2.064784221432632e-06,5.3405295877008825e-09,0.19281259836483305,0.003938044248149037,1.1522036948365673,1.203744509430797,-0.38089063932646294,-0.19563412394233104,0.0740140792427049,0.059862541273616565,0.17221396670006614
1.1400000000000008,570,5.6305608326285284e-05,0.00039640113687305743,1.9168513011318185,1.9168050154236302,0.6351789130128792,0.6352108938318297,2.2817315930587323e-06,5.338445128086907e-09,0.18947821165537518,0.0037038991610236567,1.1513805435208697,1.2037427930986846,-0.37717181393443855,-0.19559005575058402,0.07358134793042892,0.05986083022409005,0.209052392260091
1.1600000000000008,580,5.2362962041589795e-05,0.00043204489684495407,1.9162518206518606,1.9162102538799304,0.6355943093540746,0.6356260732056719,2.272712939699587e-06,5.336311779174151e-09,0.1859812449644406,0.0033970463578375572,1.1506559696557102,1.203741076720686,-0.3732947708798779,-0.1955459874437759,0.07313936299799223,0.05985911927247899,0.28926493985444934
1.1800000000000008,590,4.918836138050365e-05,0.0004818582281913056,1.915639629051785,1.9156019541993328,0.6360191452620131,0.6360507030143306,2.0568352064352288e-06,5.334129870347028e-09,0.1823128044949403,0.0035123675028022635,1.1500735768363666,1.2037393602967965,-0.36926396368948633,-0.1955019190219068,0.07269073228014562,0.05985740841878122,0.30629245997688725
1.2000000000000008,600,4.6295754539117774e-05,0.0005433650522332473,1.9150143550691527,1.9149802165983627,0.6364534737006439,0.6364847133006366,1.401431021554721e-06,5.331899761071976e-09,0.178464772876367,0.004864369937624361,1.149675042919319,1.2037376438270115,-0.3650856283544255,-0.19545785048497707,0.07223823843546485,0.059855697662994554,0.30283638288302356
1.2200000000000009,610,4.361067536733942e-05,0.0006154316453532496,1.9143761457785853,1.9143451495263037,0.6368973522227767,0.6369280283604587,3.182631730718142e-07,5.329621840345501e-09,0.17443486565436722,0.007485649350260992,1.149498965019691,1.2037359273113266,-0.3607724904479135,-0.19541378183298577,0.07178595090198926,0.059853987005116835,0.29740874271239054
1.2400000000000009,620,4.106174111887017e-05,0.0007010734626390318,1.9137250751021009,1.9136968695113152,0.637350753374097,0.6373805668501247,-1.2861367142542383e-06,5.327296526142209e-09,0.17022722253512138,0.010988095634872016,1.149581537182908,1.2037342107497366,-0.35634438240665456,-0.19536971306593348,0.07133927205895806,0.05985227644514588,0.29219104835231247
1.260000000000001,630,3.8594612204399876e-05,0.000796007378311146,1.9130611251631207,1.9130355010065485,0.6378135516713803,0.6378422418938402,-3.128016164199046e-06,5.324924264862844e-09,0.1658629114610356,0.015133553389160313,1.1499373458775457,1.2037324941422374,-0.35183256777796207,-0.1953256441838202,0.07090363291532117,0.05985056598307952,0.2652251529459727
1.280000000000001,640,3.664307371841243e-05,0.00088215105879833,1.9123845983938899,1.9123611762362636,0.6382852488057837,0.6383129611911095,-5.107512639501519e-06,5.32250553078232e-09,0.16146826583810078,0.01965556833955217,1.1503574889940826,1.203730777488824,-0.3473026926508717,-0.19528157518664624,0.07047301643042739,0.059848855618915585,0.2113966816248014
1.300000000000001,650,3.3992402960458555e-05,0.0009557087433768175,1.9116943680611123,1.9116740350419454,0.6387662629166952,0.6387926271241546,-6.848901696655384e-06,5.3200408254977626e-09,0.1571247280990385,0.02391801903423383,1.1506940641647092,1.2037290607894917,-0.3427890866696605,-0.19523750607441093,0.07004520286620083,0.059847145352651905,0.1663526065492912
1.320000000000001,660,3.21176573762786e-05,0.0010046605211813447,1.9109928114225283,1.9109742247284214,0.6392561932704862,0.6392811368653356,-7.988166910103632e-06,5.317530677376543e-09,0.15282375720943892,0.027119364620878272,1.1509654482487106,1.2037273440442362,-0.33828646882199087,-0.19519343684711457,0.06962640241195167,0.0598454351842863,0.14127751848614625
1.340000000000001,670,3.168915045165063e-05,0.0010113848884219204,1.9102806455276706,1.9102618999099772,0.6397541903311822,0.63977838248457,-8.21318781384995e-06,5.314975641004314e-09,0.14856194498584924,0.028685386001712727,1.1511840744664317,1.2037256272530528,-0.33379321781984217,-0.19514936750475717,0.06922026491043168,0.059843725113816595,0.14212548155996368
1.360000000000001,680,3.179713601714274e-05,0.0009800458723008259,1.9095561412631539,1.9095372223564742,0.6402597978388073,0.640284251056753,-7.422537988016473e-06,5.312376296633043e-09,0.14433849657328449,0.02858480047734367,1.1513607755953226,1.2037239104159365,-0.3293102016861594,-0.19510529804733912,0.0688279788674768,0.05984201514124063,0.14164317810918928
1.380000000000001,690,3.217847099302265e-05,0.0009219996438475485,1.9088192619344762,1.9088003608394655,0.6407733158104642,0.6407986247691773,-6.131400436218399e-06,5.309733249629058e-09,0.1401498183480195,0.02727271768282627,1.1515145998336467,1.2037221935328828,-0.3248397994217464,-0.19506122847485974,0.06843456300659707,0.05984030526655622,0.14328410306735084
1.400000000000001,700,3.2749666238308535e-05,0.0008446311527148193,1.9080703559525918,1.908051490978313,0.6412950156363686,0.6413213810289523,-4.633599945939995e-06,5.30704712992107e-09,0.13599364585663795,0.02514124067856765,1.1516597071601373,1.2037204766038871,-0.32038432455691124,-0.19501715878731926,0.06802527645368263,0.0598385954897612,0.16102529471954932
1.420000000000001,710,3.3343996701381993e-05,0.0007640773300651947,1.9073095059195708,1.9072907950863036,0.6418249587629843,0.641852392570425,-3.013477517260251e-06,5.304318591448221e-09,0.1318729925959514,0.022584106943606998,1.1517983134022944,1.203718759628945,-0.3159463154928686,-0.1949730889847184,0.0675978076662215,0.05983688581085339,0.1553087903539803
1.440000000000001,720,3.37318613437287e-05,0.0006850010645979971,1.906536817179679,1.9065184620167663,0.6423632750779508,0.6423915275625991,-1.645024285109706e-06,5.301548311608114e-09,0.12779381237907764,0.01998485648455592,1.1519273080961976,1.2037170426080515,-0.3115284713768817,-0.1949290190670561,0.06715976513428747,0.05983517622983063,0.1399604494892259
1.460000000000001,730,3.3844412934690046e-05,0.0005983582924553575,1.9057526240143048,1.9057346870091891,0.6429099558345528,0.6429386497165548,-6.023771884754344e-07,5.298736990704852e-09,0.12376300787286146,0.017338972300813955,1.1520424717292133,1.2037153255412019,-0.3071334081440192,-0.19488494903433282,0.06672416512667306,0.05983346674669073,0.1781668006031104
1.480000000000001,740,3.375104436113311e-05,0.0005161370636844721,1.9049571462039452,1.9049396715353344,0.6434647467403576,0.6434936183928691,4.487298302514768e-07,5.29588535139707e-09,0.11978362105753843,0.01459685219006717,1.1521476016170422,1.2037136084283917,-0.3027639255434648,-0.19484087888654864,0.0662876705793205,0.05983175736143153,0.26230045017246206
1.500000000000001,750,3.341065563205363e-05,0.0004530779742636735,1.9041504464882217,1.9041336231453574,0.644027472332887,0.6440562887090354,1.6974839725825411e-06,5.292994138145976e-09,0.11585779805184547,0.012018927864316449,1.1522484474460084,1.2037118912696165,-0.2984231377310147,-0.19479680862370394,0.06584064163707419,0.059830048074050846,0.261119661238023
1.5200000000000011,760,3.537683250033352e-05,0.00042286883813638133,1.9033402609575536,1.9033167553139214,0.644600283344095,0.6446265116468831,3.33412290008215e-06,5.290064116663386e-09,0.11199027010049324,0.010055525577454675,1.1523463402949428,1.2037101740648712,-0.2941143858898168,-0.19475273824579784,0.06538173019998648,0.059828338884546514,0.2553215864047898
1.5400000000000011,770,0.00010395654450604022,0.0004091812076711854,1.9025930788596135,1.902489287286315,0.6452063090073047,0.645204134159998,5.440588105755267e-06,5.287096073359757e-09,0.10818881819929516,0.009117358875028101,1.1524414181963554,1.2037084568141514,-0.28984355321617267,-0.19470866775283088,0.06491236500017909,0.05982662979291636,0.2863673754626095
1.5600000000000012,780,0.000286715936659716,0.0004308944081718788,1.9019310096110214,1.901651443924569,0.6458521550129552,0.6457889992811415,7.777595986739298e-06,5.284090814792229e-09,0.10445978391068544,0.00918431452126424,1.1525342664379872,1.2037067395174523,-0.285615062263075,-0.19466459714480303,0.06443332056138694,0.0598249207991582,0.3186708070742893
1.5800000000000012,790,0.0005370076206736123,0.000683560848277017,1.901322092983597,1.9008034555535724,0.646519499588752,0.646380946229671,1.3982674455412483e-05,5.281049167112653e-09,0.10080776548689542,0.009875518179845937,1.1526255556907499,1.2037050221747696,-0.28143126728825785,-0.19462052642171423,0.06394497807453972,0.05982321190326987,0.31835092564734113
1.6000000000000012,800,0.000830054484221559,0.0014070314025998358,1.9007435935632302,1.8999455578071898,0.6472067928374393,0.6469798105189593,2.4671164429138557e-05,5.277971975515638e-09,0.09723869787419426,0.010767782952674386,1.1527159870521086,1.203703304786098,-0.2772959272572103,-0.19457645558356504,0.06344735481140504,0.05982150310524919,0.31018386049718344
1.6200000000000012,810,0.0011467501474724598,0.0026149134156305707,1.9001765902364112,1.8990779914743772,0.647912050300042,0.6475854240638146,3.784655646392725e-05,5.274860103686575e-09,0.09375859986461757,0.011578188220636318,1.1528064298491438,1.2037015873514336,-0.2732128922094684,-0.19453238463035458,0.06294000569338662,0.05981979440509399,0.29429135442484833
1.6400000000000012,820,0.0014743463566336177,0.004287185068761478,1.8996099174836656,1.8982010023452993,0.6486286254506367,0.6481976152879005,5.372260429256658e-05,5.2717144332496835e-09,0.09028724779093963,0.012062361258072862,1.1529840724805909,1.2036998698707713,-0.26913981897848227,-0.1944883135620831,0.06243490597354969,0.05981808580280209,0.2780443366941024
1.6600000000000013,830,0.0018038138998958228,0.006430346179972952,1.8990352713539094,1.8973148410574467,0.6493533950066397,0.6488162092311557,7.277630046850641e-05,5.268535863216042e-09,0.08667498241694241,0.01199110550705076,1.1534144653423544,1.2036981523441066,-0.2650099602853033,-0.19444424237875083,0.061957137635248134,0.059816377298371325,0.2761609455802197
1.6800000000000013,840,0.0021184883168278864,0.009053787964233121,1.8984372893359036,1.8964197629417507,0.6500802333573529,0.6494410276572138,9.485288175540629e-05,5.265325309431625e-09,0.08286702605810263,0.011381100163079805,1.1541723667019046,1.2036964347714347,-0.2608185586632323,-0.19440017108035768,0.061520095656528356,0.05981466889179952,0.30776406246339477
1.7000000000000013,850,0.002396636500651169,0.012138190060665195,1.897795284091801,1.8955160278687022,0.650802996536989,0.650071889160823,0.00011975329018514401,5.262083704025341e-09,0.0788789135041137,0.010500588295257237,1.1552614451329604,1.203694717152751,-0.2566005614980875,-0.1943560996669042,0.0611275435560385,0.05981296058308449,0.33686160805089477
1.7200000000000013,860,0.002628900694766961,0.015413866399127757,1.8971021637322705,1.8946039000944668,0.6515138245385174,0.6507086092752665,0.00014638161893179973,5.258811994857067e-09,0.07472159378960704,0.009662419465403454,1.1566901216134033,1.203692999488051,-0.25239040922797673,-0.19431202813838938,0.06078475120255855,0.059811252372224066,0.35002002624340506
1.7400000000000013,870,0.002802664540875815,0.018399262824482364,1.896346052961067,1.8936836481070016,0.652209409588346,0.6513510005797817,0.00017223445091004043,5.255511144965685e-09,0.07040758849728239,0.009233880565088401,1.1584648799972836,1.2036912817773298,-0.24822467707834048,-0.19426795649481368,0.060497587792511895,0.05980954425921608,0.3287068599444587
1.7600000000000013,880,0.002921867942302316,0.020945220568658714,1.8955296519270177,1.8927555444721729,0.652895101969614,0.6519988728069801,0.00019599859205049388,5.252182132017118e-09,0.06595769224940612,0.009603641893912399,1.1605764005653152,1.2036895640205831,-0.24413831354001073,-0.19422388473617722,0.06027911210144233,0.059807836244058346,0.28616054079914005
1.7800000000000014,890,0.0030008064119055955,0.022915386418234086,1.8946671139730402,1.891819865679872,0.653574656346043,0.6526520329502676,0.00021629752412031687,5.248825947752368e-09,0.06139609875476741,0.010868596211270409,1.1630110634366697,1.2036878462178058,-0.24016646483127688,-0.19417981286248034,0.06013495287298458,0.0598061283267487,0.3045275405218632
1.8000000000000014,900,0.003036933517975469,0.024285727501507506,1.8937567166512475,1.8908768919901313,0.654245720531149,0.6533102853712642,0.00023353506255794612,5.245443597435548e-09,0.05676038013529182,0.012752583172181134,1.1657079723974937,1.2036861283689937,-0.23631797010809039,-0.19413574087372226,0.06004928562621431,0.05980442050728496,0.31366381957633765
1.8200000000000014,910,0.003022165025907724,0.025079094907657834,1.8927912058297738,1.889926907279243,0.6549051466205469,0.6539734319072233,0.000247357117355225,5.242036099301925e-09,0.052077142684763655,0.0151905791530565,1.1686396872182867,1.2036844104741418,-0.23261248442476085,-0.19409166876990347,0.06000989245228061,0.05980271278566495,0.2943685213874603
1.8400000000000014,920,0.002952785350431331,0.0254065335982865,1.8917673833921629,1.8889701988858734,0.6555516292965736,0.6546412719784523,0.0002568120080611542,5.238604484005947e-09,0.04736714080732279,0.018176602355772446,1.171762844149795,1.2036826925332458,-0.22904368515380108,-0.19404759655102433,0.06000858633842345,0.0598010051618865,0.27792099765876127
1.8600000000000014,930,0.002830434954136556,0.02538405599383611,1.8906872248453468,1.8880070574571808,0.6561850999358146,0.6553136026957319,0.0002618398423688864,5.235149794069289e-09,0.0426705453748401,0.021412711801186615,1.1749323619591954,1.2036809745463006,-0.22553515990510975,-0.19400352421708392,0.0600199052977293,0.059799297635947435,0.25501518325425854
1.8800000000000014,940,0.0026329298146209,0.02506121249056403,1.889530536019709,1.8870377767949322,0.6567965637614063,0.655990218967736,0.0002613076038989516,5.2316730833288805e-09,0.03826865264443225,0.024337360373909815,1.1778976559753578,1.2036792565133019,-0.22223923153408426,-0.1939594517680828,0.06002760174787535,0.05979759020784557,0.22466967975572286
1.9000000000000015,950,0.002345584814700766,0.024440327870009097,1.8882833225504163,1.8860626537016199,0.6573821923906124,0.6566709136084521,0.0002539352992352462,5.2281754163849485e-09,0.03433038864464897,0.02630435465069613,1.1805501470819988,1.203677538434245,-0.21928552997332218,-0.19391537920402102,0.0600299847263844,0.05979588287757874,0.2110582888803834
1.9200000000000015,960,0.001974825054454347,0.023695703746228668,1.8869518067960387,1.8850819878265774,0.6579438140358234,0.6573554774446001,0.00023994495161290031,5.224657868049049e-09,0.030797481552046438,0.027219344488001833,1.1829294969929496,1.2036758203091251,-0.21663137202100244,-0.19387130652489848,0.060027322428115884,0.05979417564514477,0.15457038771285245
1.9400000000000015,970,0.0015345502322632312,0.023045680707353675,1.8855493334306708,1.8840960815120973,0.658485113871085,0.6580436994230531,0.00021922328965215718,5.2211215227921056e-09,0.027621101557031968,0.027170283030931892,1.1850674230847598,1.2036741021379378,-0.2142396038059925,-0.19382723373071567,0.060020270498774175,0.05979246851054147,0.09622091630223101
1.9600000000000015,980,0.0011056121580640768,0.022272665004753757,1.8841521384521385,1.8831052396395467,0.6590320315752403,0.6587353667182569,0.00019589059957458548,5.217567474192445e-09,0.02476528440147265,0.026041137513986585,1.1869873417948271,1.2036723839206782,-0.2120829107881573,-0.19378316082147173,0.060009466529013136,0.05979076147376668,0.09576378935607249
1.9800000000000015,990,0.0007712510606846194,0.021009847656594957,1.8828387152799364,1.8821097694754847,0.6596147092927345,0.6594302648396498,0.00017160491243978072,5.213996824383832e-09,0.022200920956896176,0.024144222022244644,1.188710218702356,1.2036706656573417,-0.21014100766328736,-0.1937390877971671,0.05999628133515491,0.05978905453481822,0.09304316038255828
2.0000000000000013,1000,0.0005399100622620297,0.019415074120196895,1.8816178332739486,1.8811099805177793,0.6602354230444236,0.6601281777390822,0.00014862182410270758,5.210410683503509e-09,0.019900043718611496,0.021791865790162384,1.1902556245617013,1.2036689473479236,-0.20839388433047853,-0.19369501465780176,0.05998162116311509,0.05978734769369391,0.09950414147822856
2.019999999999999,1010,0.00038482048821926213,0.017554383764977168,1.8804647239505796,1.880106184341723,0.6608843231342381,0.6608288879182368,0.00012831379522569212,5.206810169140229e-09,0.017836212683282587,0.019230159349914983,1.1916415819689634,1.2036672289924195,-0.20682218949993467,-0.19365094140337624,0.0599659743345393,0.05978564095039158,0.13985398106866362
2.039999999999997,1020,0.00027761590201245945,0.015579420495043374,1.8793524797364323,1.8790986944461503,0.6615543413569989,0.6615321765360485,0.00011033351415475961,5.203196405782292e-09,0.01598543613921367,0.0167183347834482,1.1928845668199644,1.2036655105908247,-0.2054084711304564,-0.19360686803388963,0.05995001958881797,0.059783934304909046,0.15443206318406996
2.0599999999999947,1030,0.00020172229557600014,0.013743953467674382,1.8782658533102152,1.878087826099554,0.6622387353151831,0.6622378235161238,9.485964289864115e-05,5.199570524265583e-09,0.014326085981618417,0.014458737476618673,1.1939993809253329,1.2036637921431343,-0.20413694607277308,-0.1935627945493423,0.05993459220678284,0.059782227757244136,0.15645060719748444
2.0799999999999925,1040,0.00014902954200247544,0.012139596590397383,1.8771976348424144,1.8770738961862017,0.6629323612302894,0.6629456076541611,8.199959575917279e-05,5.195933661221607e-09,0.01283855144822175,0.012475737099220327,1.194999098765333,1.2036620736493437,-0.20299299288205577,-0.19351872094973444,0.0599199515769309,0.059780521307394675,0.15309645719783724
2.0999999999999903,1050,0.00011445100860533436,0.010749154189451451,1.8761438813554725,1.8760572230522534,0.6636333113936188,0.6636553067253704,7.145851435881649e-05,5.192286958525524e-09,0.011505221932704257,0.010738158564018413,1.195895423881306,1.2036603551094487,-0.20196344959648432,-0.19347464723506635,0.059906130358111154,0.05977881495535848,0.1525925391591433
2.119999999999988,1060,9.270575243444983e-05,0.009543989130126367,1.875100818885036,1.8750381263518772,0.6643401073496341,0.6643666975918928,6.290957510174745e-05,5.188631562744189e-09,0.010310231245342909,0.009216230227384898,1.19669891684158,1.203658636523444,-0.20103647307292824,-0.19343057340533726,0.05989312822043465,0.05977710870113338,0.15612976098045842
2.139999999999986,1070,7.782703936872395e-05,0.008507826247695164,1.8740625158685085,1.874016926893366,0.6650504226998315,0.6650795563102209,5.595092786330276e-05,5.184968624584184e-09,0.009239190197427012,0.00788987799262556,1.1974191370141973,1.2036569178913252,-0.200201306131568,-0.1933864994605476,0.05988092633248382,0.05977540254471721,0.15424923197867269
2.1599999999999837,1080,6.723266633616346e-05,0.007626211222594437,1.8730263947123635,1.8729939464852543,0.665762998389204,0.665793658238618,5.027761523728987e-05,5.181299298339856e-09,0.00827925633162581,0.006742358547085605,1.1980646618245376,1.203655199213088,-0.19944838928859518,-0.19334242540069768,0.05986951982188168,0.059773696486107766,0.15148604876165175
2.1799999999999815,1090,5.984686868499652e-05,0.006876525630631152,1.8719923058395829,1.8719695077824359,0.6664775073336283,0.6665087781445386,4.565638425431893e-05,5.1776247413413525e-09,0.007418966627063395,0.005753225414077478,1.1986431724185218,1.2036534804887271,-0.1987692128999576,-0.19329835122578684,0.05985888930092966,0.05977199052530289,0.15098186856505977
2.1999999999999793,1100,5.440043469364122e-05,0.00623965001147784,1.8709586802128633,1.8709439341322784,0.6671932112854949,0.6672246903120479,4.185049972474153e-05,5.17394611340266e-09,0.006647968956691088,0.004903464292871974,1.199161586989153,1.2036517617182385,-0.198156075308554,-0.19325427693581546,0.059848992123368756,0.0597702846623004,0.14799351737716776
2.219999999999977,1110,5.04600364174225e-05,0.005699635305757715,1.8699256043308043,1.8699175494207423,0.6679098107157617,0.6679411686492416,3.870935229975793e-05,5.1702645762696376e-09,0.005957024356773323,0.004175813450740878,1.1996261039151792,1.2036500429016173,-0.19760212498261334,-0.19321020253078353,0.059839792643859066,0.05976857889709812,0.14641306408088295
2.239999999999975,1120,4.755332664145743e-05,0.005238713769968222,1.8688937953134048,1.8688906779184953,0.6686271893707405,0.6686579867956656,3.610391090338793e-05,5.1665812930680525e-09,0.005337862206067328,0.0035534555586951553,1.200042280457989,1.2036483240388585,-0.1971012364095136,-0.19316612801069152,0.05983125112460206,0.05976687322969388,0.14502615820462184
2.2599999999999727,1130,4.5222670952265774e-05,0.0048436670087152155,1.8678631755385278,1.8678636441270309,0.6693450083279787,0.6693749182297365,3.3920766529265877e-05,5.162897427751619e-09,0.004783038212795384,0.003021840128750046,1.2004151122442586,1.203646605129958,-0.19664789035463998,-0.19312205337553864,0.05982332152098004,0.05976516766008549,0.14397322800097279
2.2799999999999705,1140,4.323894391850321e-05,0.00450399853361156,1.866833599069716,1.8668367726247839,0.6700629005479217,0.6700917363761606,3.2068063468081375e-05,5.159214144550034e-09,0.004285872334668157,0.0025682964472021983,1.200749083501525,1.2036448861749107,-0.1962371356022762,-0.1930779786253252,0.059815957339173026,0.05976346218827077,0.14285750506466532
2.2999999999999683,1150,4.148259873503261e-05,0.004210866326352951,1.8658051141265162,1.8658103879132477,0.670780567467966,0.6708082147133542,3.0478471626660176e-05,5.155532607417012e-09,0.0038403791265243545,0.002181759376172985,1.2010482160737408,1.2036431671737122,-0.19586453935925846,-0.19303390376005128,0.059809114270915065,0.05976175681424756,0.1419022123730688
2.319999999999966,1160,3.9861246143018955e-05,0.003956531335733027,1.864777932867486,1.8647848142630903,0.6714977637823628,0.6715241268808635,2.9100724989008117e-05,5.151853979478319e-09,0.0034411963724916305,0.0018525471671644066,1.2013161164174828,1.203641448126358,-0.19552613351479628,-0.19298982877971738,0.05980275058443844,0.05976005153801367,0.1410646339145833
2.339999999999964,1170,3.8358522874899913e-05,0.0037345443185515083,1.8637521898726768,1.8637603755602719,0.6722142098318226,0.6722392467867842,2.7889223957387344e-05,5.148179422479816e-09,0.0030835120734519685,0.0015723177620326923,1.2015560208118807,1.203639729032843,-0.19521835706328944,-0.19294575368432249,0.05979682543083756,0.05975834635956692,0.1407214896801301
2.3599999999999617,1180,3.725942531425783e-05,0.0035393134765531716,1.862727613679872,1.8627373951521604,0.6729293067239104,0.6729533487151812,2.6736590979651337e-05,5.144510096235488e-09,0.0027629790523743584,0.0013339371034073392,1.2017708431762617,1.2036380098931632,-0.19493798419910316,-0.1929016784738672,0.05979129223165027,0.05975664127890514,0.13962377068386805
2.3799999999999595,1190,3.6465886041165274e-05,0.0033668892554816108,1.8617047043273214,1.861716195693649,0.6736429703213028,0.6736662074335092,2.5651699310199014e-05,5.140847158075483e-09,0.002475746156887278,0.0011312549139724307,1.2019631813466982,1.2036362907073133,-0.19468217207059613,-0.1928576031483519,0.05978611880306129,0.05975493629602615,0.13883428957156543
2.3999999999999573,1200,3.561945947676916e-05,0.0032134996631871093,1.8606842669979997,1.8606970989932727,0.6743553622447757,0.6743775983000317,2.4696099857859966e-05,5.137191762294147e-09,0.002218387577652198,0.0009589029774490603,1.2021353555799863,1.203634571475289,-0.1944484002836473,-0.19281352770777582,0.059781281448660364,0.05975323141092777,0.1383676290727998
2.419999999999955,1210,3.476618212998986e-05,0.003075792050910657,1.8596664846859454,1.8596804258593245,0.6750661641952654,0.675087297371241,2.3832008663266883e-05,5.133545059598065e-09,0.001987792643081763,0.000812340387676585,1.2022894599510916,1.2036328521970854,-0.19423436878345418,-0.19276945215213928,0.059776748213382754,0.05975152662360782,0.13781933068511867
2.439999999999953,1220,3.398674848942595e-05,0.0029513909019711704,1.8586515364040357,1.8586664959459722,0.6757750476815372,0.6757950815092784,2.30259232040238e-05,5.129908196554089e-09,0.001781172770804188,0.0006877177193518974,1.2024273722144398,1.203631132872698,-0.19403801615012503,-0.19272537648144247,0.05977248947219555,0.059749821934064126,0.13722276745145234
2.4599999999999507,1230,3.3216829949529026e-05,0.002838400758883054,1.857639783615079,1.8576556275993759,0.6764818685494849,0.6765007284893537,2.2290292237354973e-05,5.126282315037379e-09,0.0015960440119571358,0.0005817626405861641,1.2025507703720717,1.2036294135021224,-0.1938575110410235,-0.19268130069568565,0.05976848176271115,0.05974811734229451,0.13680085800294103
2.4799999999999485,1240,3.246892679530961e-05,0.002735007874458342,1.8566315072790212,1.856648137703803,0.6771863893567891,0.6772040171071654,2.1613514452361487e-05,5.122668551679442e-09,0.0014301721735299874,0.0004916565088707507,1.20266116145518,1.2036276940853536,-0.1936912042273073,-0.19263722479486803,0.05976470155367225,0.059746412848296786,0.13640198505643583
2.4999999999999463,1250,3.1820610607185945e-05,0.0026397416468830277,1.855626928739715,1.8556443415277468,0.6778882953546961,0.6779047272863199,2.096550302158311e-05,5.119068037316162e-09,0.001281547703522305,0.0004150341139458499,1.202759898967479,1.2036259746223872,-0.19353761050811039,-0.19259314877899003,0.05976112547389684,0.059744708452068786,0.14006833655467327
2.519999999999944,1260,3.207371523696979e-05,0.0025537119050346112,1.8546252801294338,1.8546445525700415,0.6785869494899628,0.6786026401857522,2.0280674852016326e-05,5.11548189643584e-09,0.0011483290583953097,0.0003500326180369575,1.2028482081253615,1.2036242551132184,-0.1933953551631574,-0.19254907264805182,0.05975772161330728,0.05974300415360832,0.1394611207873426
2.539999999999942,1270,3.295179512262646e-05,0.0024799242588377374,1.853627415985544,1.8536490824059797,0.6792823251115556,0.679297538307145,1.9625145225763977e-05,5.111911246627227e-09,0.001028931481716836,0.0002950254335753671,1.202927167828117,1.2036225355578425,-0.19326327738975704,-0.1925049964020537,0.05975447789706744,0.059741299952913225,0.13930818210793505
2.5599999999999397,1280,3.364814630693076e-05,0.002415705724359496,1.8526346569292698,1.8526582405334293,0.6799746122269907,0.6799892056023488,1.905884186005661e-05,5.108357198027566e-09,0.0009219580855379971,0.0002485522637536914,1.2029977374061191,1.203620815956255,-0.19314036153256248,-0.19246092004099483,0.05975138955109345,0.05973959584998131,0.13917559972810994
2.5799999999999375,1290,3.4167994246018855e-05,0.0023584757932046466,1.8516472083328501,1.8516723342189492,0.6806635763057164,0.6806774275808019,1.8559992506871007e-05,5.104820852770623e-09,0.0008261154529166363,0.0002091867397425616,1.2030607889790226,1.203619096308451,-0.1930256525507251,-0.1924168435648757,0.05974844107242256,0.05973789184481039,0.13904808617605277
2.5999999999999353,1300,3.456962978247866e-05,0.0023066739328053694,1.8506652580007372,1.8506916683439067,0.6813489628682323,0.6813619914169498,1.8110625191971304e-05,5.101303304434724e-09,0.0007402449774609443,0.00017585250217609,1.2031171041478883,1.203617376614426,-0.19291829529671023,-0.19237276697369632,0.059745618455414234,0.0597361879373983,0.13892335366819075
2.619999999999933,1310,3.4898090103717805e-05,0.0022591747674333045,1.8496890286849013,1.8497165452505944,0.6820305344949078,0.6820426860576657,1.7698453278372917e-05,5.097805637490793e-09,0.0006633089134361683,0.00014751271678756133,1.2031673832382734,1.2036156568741756,-0.19281752406506336,-0.19232869026745722,0.05974290910945693,0.059734484127742855,0.10392474129178345
2.639999999999931,1320,3.413991176235168e-05,0.002195069146619667,1.848719777012183,1.848747264588346,0.6827086482542877,0.6827193023296698,1.7223032927263375e-05,5.094328926750385e-09,0.000594415400449768,0.00012266442630420705,1.203212239784784,1.2036139370876948,-0.1927226913405394,-0.19228461344615733,0.05974031059377995,0.059732780415841874,0.13723414925601782
2.6599999999999286,1330,3.348724616878714e-05,0.002103886405050411,1.8477564279892318,1.8477841231596537,0.6833827245825743,0.6833916330469493,1.658859031649474e-05,5.0908742368137264e-09,0.000532679045445386,0.0001006439441040318,1.2032522501370027,1.2036122172549792,-0.19263312461713022,-0.1922405365097973,0.05973780119110723,0.059731076801693185,0.13617805711172878
2.6799999999999264,1340,3.392328723563453e-05,0.0020255775709921023,1.8467984842030942,1.846827414766284,0.6840518518086853,0.6840594731181782,1.5996571801785734e-05,5.0874426215177495e-09,0.000477329893551105,8.194448115876977e-05,1.203287930063882,1.203610497376024,-0.19254825238860712,-0.19219645945837738,0.059735364166307425,0.059729373285294596,0.13606896437246543
2.6999999999999242,1350,3.457010066608858e-05,0.001961463150033365,1.8458472143707687,1.8458774300553955,0.6847161345157831,0.6847226196541373,1.549854211019266e-05,5.084035123384126e-09,0.0004277363745417623,6.645189644898708e-05,1.2033197206662958,1.2036087774508246,-0.1924676221415795,-0.19215238229189688,0.059733000776139925,0.05972766986664394,0.13599416622720156
2.719999999999922,1360,3.520188316063294e-05,0.0019059142327200547,1.8449030958996597,1.8449344563656551,0.6853754757267928,0.6853808720751338,1.5057428482594458e-05,5.080652773067307e-09,0.0003833025912474506,5.333181668675712e-05,1.203348025447428,1.2036070574793765,-0.19239079542296864,-0.19210830501035636,0.05973070465335934,0.05972596654573903,0.1359296610521394
2.73999999999992,1370,3.579801992666349e-05,0.0018563489482422205,1.8439664046238948,1.8439987775733542,0.6860296973237626,0.6860340322184213,1.4657690110368345e-05,5.077296588802557e-09,0.00034349214708850694,4.241459484110813e-05,1.203373206752467,1.2036053374616746,-0.19231737677533034,-0.1920642276137556,0.05972846938346845,0.059724263322577686,0.13586830786475576
2.7599999999999176,1380,3.6373994454369274e-05,0.0018114437206281954,1.843037385885429,1.8430706739385256,0.6866786068949594,0.6866819044456197,1.4291401460785531e-05,5.073967575853991e-09,0.00030782400244495895,3.280091236557045e-05,1.20339558941552,1.2036036173977147,-0.19224701145130474,-0.19202015010209506,0.05972628891543197,0.05972256019715773,0.1358085793082222
2.7799999999999154,1390,3.6943083645821974e-05,0.001770271192791451,1.842116288817654,1.8421504219510605,0.687322013548312,0.6873242957501348,1.3951833300546122e-05,5.070666725962609e-09,0.00027586709527776566,2.547051630297354e-05,1.203415464528057,1.203601897287492,-0.19217938156743003,-0.19197607247537404,0.05972415770789117,0.05972085716947698,0.13575037022211772
2.7999999999999132,1400,3.7513093096811996e-05,0.0017320599200713552,1.841203367650937,1.841238294176825,0.6879597296701053,0.6879610158645781,1.3632820212556285e-05,5.067395016794335e-09,0.00024723522074050313,1.9655345397318433e-05,1.203433092915302,1.2036001771310019,-0.1921142023437451,-0.191931994733593,0.0597220707513628,0.059719154239533265,0.13569379077111482
2.819999999999911,1410,3.808844347857353e-05,0.0016961725732130685,1.8402988785163419,1.8403345591037765,0.6885915704678252,0.6885918773681874,1.3329140823381504e-05,5.064153411388051e-09,0.00022158236970519076,1.4787793334711022e-05,1.2034487082774403,1.2035984569282396,-0.1920512186596425,-0.19188791687675225,0.059720023537340135,0.05971745140732439,0.1356389195394286
2.839999999999909,1420,3.867168092456878e-05,0.0016621058698673553,1.8394030770963108,1.839439480988081,0.689217353681823,0.6892166957942455,1.303666688580697e-05,5.060942857603634e-09,0.0001985985413418911,1.1131846416284069e-05,1.2034625200097708,1.2035967366792006,-0.19199020195879368,-0.191843838904851,0.059718012013490696,0.059715748672848186,0.1354777017993365
2.8599999999999066,1430,3.914624912530129e-05,0.0016294506575566191,1.8385163428830198,1.8385533197002282,0.6898369182938877,0.6898352897375006,1.2752277610686481e-05,5.057764287569992e-09,0.00017800911670459924,1.010198601586461e-05,1.2034747150324188,1.2035950163838804,-0.19193095106147132,-0.19179976081788971,0.05971603361137002,0.05971404603610247,0.1354405422795514
2.8799999999999044,1440,3.9552839330807e-05,0.0015977684346749987,1.8376388844558025,1.8376763305711505,0.690450082496605,0.6904474809615866,1.2472915702874341e-05,5.054618617133101e-09,0.00015956453272356145,9.195423586105984e-06,1.20348546160722,1.203593296042274,-0.19187328169076384,-0.19175568261586887,0.059714084848202585,0.059712343497085055,0.1353894326536323
2.899999999999902,1450,4.000740914675503e-05,0.0015668158445308331,1.8367708264347216,1.836808764238338,0.6910566537283717,0.6910530945064418,1.2197171201640443e-05,5.051506745304039e-09,0.000143039061824635,1.0386604689550578e-05,1.2034949109747122,1.203591575654377,-0.19181702630881262,-0.19171160429878756,0.05971216181720241,0.05971064105579377,0.13533611357970313
2.9199999999999,1460,4.051579963107395e-05,0.0015364258712017422,1.8359124059910252,1.8359508664919553,0.6916564592242077,0.69165195879573,1.1924194014425517e-05,5.0484295537070235e-09,0.00012823272254363965,1.2313298636799924e-05,1.203503198142977,1.2035898552201845,-0.19176203740870254,-0.19166752586664632,0.059710261784012404,0.05970893871222642,0.13528404831701
2.939999999999898,1470,4.106584729110325e-05,0.0015064806351996268,1.8350638746147026,1.8351028781209586,0.6922493326064755,0.6922439057442595,1.1653198887828976e-05,5.045387906027449e-09,0.00011496661546598862,1.344524082641768e-05,1.2035104440172044,1.2035881347396922,-0.19170818315102095,-0.191623447319445,0.05970838239751638,0.05970723646638084,0.13523400062309238
2.9599999999998956,1480,4.164652795791557e-05,0.0014768719568535736,1.834225477644176,1.8342650347592127,0.692835110831303,0.692828770865403,1.138365272448192e-05,5.04238264745992e-09,0.0001030804911581244,1.4738418260860163e-05,1.2035167569186513,1.2035864142128951,-0.19165534545869733,-0.1915793686571842,0.059706521560811854,0.05970553431825485,0.13518593058411144
2.9799999999998934,1490,4.2249740065362415e-05,0.0014475212874517892,1.8333974521645784,1.8334375667316063,0.6934136339246366,0.6934063933785178,1.1115239217319077e-05,5.039414604156292e-09,9.243076675752659e-05,1.63782182658682e-05,1.2035222339033447,1.203584693639789,-0.1916034185356631,-0.19153528987986307,0.059704677386524456,0.05970383226784626,0.135139701080266
2.999999999999891,1500,4.286947119899911e-05,0.001418373724292363,1.8325800276919084,1.8326206989001703,0.6939847452308138,0.6939766163163655,1.0847781952970815e-05,5.036484582673701e-09,8.288878655469168e-05,1.7497153036827848e-05,1.2035269619352256,1.2035829730203687,-0.19155230758278377,-0.191491210987482,0.05970284817317248,0.05970213031515288,0.13499378372586593
3.019999999999889,1510,4.340574684500375e-05,0.0013892641920064982,1.8317735310309984,1.8318146505101933,0.6945483089475273,0.6945392866325317,1.0580719009948706e-05,5.033593369422608e-09,7.434183169929274e-05,1.870524340221744e-05,1.2035310183765175,1.2035812523546299,-0.19150193060743959,-0.19144713198004096,0.059701033289605424,0.059700428460172546,0.07035023491796627
3.039999999999887,1520,4.326233092825769e-05,0.0013331428756501458,1.8309788737212467,1.8310196350363388,0.6951046614056492,0.695094255308846,1.0097484290334543e-05,5.030741730114826e-09,6.669834409607512e-05,1.943155808007896e-05,1.2035344694867451,1.203579531642568,-0.19145222412275298,-0.19140305285754056,0.05969923453670585,0.05969872670290307,0.13065999820965665
3.0599999999998846,1530,4.364169699376974e-05,0.0012395799586723457,1.8301950449393534,1.8302358600287614,0.69565362589381,0.6956413774628019,9.423208803160002e-06,5.027930409211563e-09,5.98451401277633e-05,2.0702910668595484e-05,1.2035373829695655,1.2035778108841781,-0.19140309670473568,-0.19135897361997978,0.059697446835477556,0.059697025043342275,0.13042746772100705
3.0799999999998824,1540,4.486494887732485e-05,0.001159853305296408,1.8294217459612223,1.8294635269592243,0.6961942512064777,0.6961805124549758,8.86270831603247e-06,5.0251601293714565e-09,5.368676901500043e-05,2.1767042412140833e-05,1.2035398185199284,1.2035760900794559,-0.19135447366154423,-0.19131489426735915,0.05969566214453264,0.05969532348148797,0.13025270843988618
3.09999999999988,1550,4.608472909630903e-05,0.0010960006392375472,1.8286600604428864,1.828702831067215,0.6967264904377496,0.6967115239964485,8.400353586348247e-06,5.022431590898608e-09,4.8165423858986555e-05,2.2000207897163392e-05,1.2035418223533585,1.2035743692283964,-0.19130631888624425,-0.19127081479967922,0.05969388434911822,0.05969362201733798,0.13009649417791505
3.119999999999878,1560,4.717508037954774e-05,0.001041737504428744,1.8279103262873033,1.8279539612060625,0.6972503314233158,0.6972342802562236,7.99514544391539e-06,5.019745471190621e-09,4.3217262479412855e-05,2.271743917865515e-05,1.2035434388568518,1.2035726483309952,-0.19125858645029717,-0.19122673521693903,0.05969211386073646,0.059691920650890115,0.12986873542772825
3.139999999999876,1570,4.8033702142165135e-05,0.0009940213444508124,1.8271728515995684,1.8272170996890538,0.6977657170193359,0.6977486539686477,7.633609344347696e-06,5.0171024241866345e-09,3.8786748422048556e-05,2.3443822150653013e-05,1.2035447074774333,1.2035709273872475,-0.19121123716827026,-0.19118265551913902,0.05969035172800639,0.05969021938214221,0.12972953459232006
3.1599999999998736,1580,4.873043675103895e-05,0.000951384304313082,1.8264477367226146,1.826492422135551,0.6982725369171928,0.6982545225408308,7.309231157976737e-06,5.014503079815365e-09,3.481981082073045e-05,2.3875150707888617e-05,1.2035456644772375,1.2035692063971486,-0.19116423093959434,-0.19113857570627912,0.059688597179661844,0.05968851821109206,0.12958408764432505
3.1799999999998714,1590,4.939947544379197e-05,0.0009129423596505568,1.8257349960136466,1.8257800973171068,0.6987706632044233,0.6987517681600652,7.016281378483567e-06,5.011948043443135e-09,3.126556879715774e-05,2.3966568339221968e-05,1.2035463428552575,1.2035674853606941,-0.19111752899944723,-0.19109449577836007,0.059686848481364484,0.059686817137737505,0.12943965463124144
3.199999999999869,1600,5.005746433373384e-05,0.0008779275984495853,1.8250347716374766,1.8250802870035827,0.6992599915426674,0.6992402779012462,6.748415526031195e-06,5.009437895321915e-09,2.8080802761281506e-05,2.456732739880241e-05,1.2035467716592247,1.2035657642778792,-0.19107109934710476,-0.1910504157353808,0.059685104918519874,0.059685116162076356,0.12929836041872833
3.219999999999867,1610,5.0700841032376255e-05,0.0008456238996770851,1.8243472225909878,1.8243931458092644,0.6997404243182749,0.6997199438342914,6.499857265099038e-06,5.0069731900373584e-09,2.5227059742919966e-05,2.456732739880241e-05,1.2035469768548774,1.2035640431486991,-0.19102491362150095,-0.19100633557734176,0.059683365951730946,0.05968341528410642,0.1291605892754723
3.2399999999998648,1620,5.132584048859805e-05,0.0008155107147543047,1.823672501085265,1.8237188210389794,0.7002118669944102,0.7001906631315606,6.265994094024464e-06,5.004554455956834e-09,2.2669965802801038e-05,2.4774151603363134e-05,1.2035469819071545,1.2035623219731495,-0.19097894670372706,-0.19096225530424313,0.059681631389226976,0.05968171450382553,0.12895269089334865
3.2599999999998626,1630,5.183731637445173e-05,0.0007871450390384329,1.8230108620743135,1.8230574525342127,0.7006742464348237,0.7006523381752763,6.043592985605927e-06,5.002182194677468e-09,2.0381317001848738e-05,2.4803557134904816e-05,1.2035468069925366,1.2035606007512256,-0.1909331788400678,-0.1909181749160852,0.05967990170931068,0.05968001382123149,0.12882688287970107
3.2799999999998604,1640,5.226994655878583e-05,0.0007601424438189267,1.8223623984068946,1.8224091725192242,0.701127468774452,0.7011048766649421,5.8296300542022935e-06,4.999856880474177e-09,1.8332722915086127e-05,2.5269392327350655e-05,1.2035464707606185,1.2035588794829226,-0.19088758861606098,-0.19087409441286715,0.05967817604877099,0.059678313236322125,0.1286960460254799
3.299999999999858,1650,5.2713131592454335e-05,0.0007342771034158923,1.8217271267708222,1.8217741054471652,0.7015714323141935,0.7015481917247642,5.622222366797413e-06,4.997578959747702e-09,1.6497038278584863e-05,2.5384515439650176e-05,1.203545990476634,1.203557158168236,-0.1908421550247388,-0.19083001379458947,0.0596764531661847,0.059676612749095255,0.12856669975514404
3.319999999999856,1660,5.316728413950867e-05,0.0007093538661973834,1.8211051622677443,1.821152367846195,0.7020060571695409,0.7019822020110702,5.4202405189172384e-06,4.99534885047265e-09,1.4851939699823958e-05,2.5124746649533215e-05,1.2035453811675185,1.2035554368071613,-0.19079686155370934,-0.1907859330612527,0.05967473270196457,0.059674912359548686,0.12839617899886013
3.3399999999998538,1670,5.362150317057895e-05,0.0006852149211268591,1.8204966258700503,1.8205440681655973,0.7024312708989362,0.702406831819729,5.222809090034746e-06,4.993166941645526e-09,1.3377619158581768e-05,2.4979263396123047e-05,1.2035446562519916,1.2035537153996936,-0.19075169362892358,-0.19074185221285578,0.0596730144138265,0.05967321206768025,0.12804880565177434
3.3599999999998515,1680,5.406719466496178e-05,0.0006617929919196052,1.819901627674025,1.8199493066218975,0.7028470059027134,0.7028220111935712,5.0293301550899774e-06,4.991033592732771e-09,1.2056336697148574e-05,2.5211633640790377e-05,1.2035438277504722,1.2035519939458281,-0.19070663819949502,-0.19069777124939932,0.05967129808863259,0.05967151187348775,0.12768723129172527
3.3799999999998493,1690,5.449836622867909e-05,0.0006389627366341718,1.8193202662718284,1.8193681750449786,0.703253199540327,0.7032276760298083,4.8394266250599955e-06,4.988949133118795e-09,1.0872189031498085e-05,2.4979263396123047e-05,1.2035429064347414,1.2035502724455607,-0.19066168356081226,-0.19065369017088377,0.059669583530615876,0.059669811776969006,0.1272617516709034
3.399999999999847,1700,5.483882007738839e-05,0.0006166314774681851,1.8187527200949962,1.8188007567241984,0.7036498100088623,0.7036237681874529,4.652779944323873e-06,4.986913861554019e-09,9.813035413756712e-06,2.5066654672035824e-05,1.2035419014890858,1.2035485508988863,-0.19061682168983565,-0.19060960897730828,0.0596678713798411,0.05966811177812185,0.12688948376295883
3.419999999999845,1710,5.51142272885025e-05,0.0005947402172478798,1.8181990322834003,1.818247126254506,0.7040367802748696,0.7040102355947385,4.469058139806768e-06,4.984928045602908e-09,8.865509736852209e-06,2.5269392327350655e-05,1.2035408216947996,1.2035468293058005,-0.19057204250317836,-0.19056552766867316,0.0596661612690311,0.059666411876944075,0.12652543763227003
3.4399999999998427,1720,5.539142173051144e-05,0.0005733330014354735,1.8176591836887892,1.8177073493825582,0.7044140495298405,0.7043870323565392,4.288426920143689e-06,4.982991921092004e-09,8.016291053576904e-06,2.465617878249081e-05,1.2035396752165064,1.2035451076662986,-0.1905273353821465,-0.19052144624497905,0.05966445231405741,0.05966471207343351,0.12616706431967867
3.4599999999998405,1730,5.566789491299198e-05,0.0005524093632820621,1.8171332328931002,1.817181482852837,0.7047815778631688,0.7047541188617898,4.1109709645098785e-06,4.981105691557968e-09,7.255059942831337e-06,2.5095717469822675e-05,1.2035384690112247,1.203543385980376,-0.19048269269599177,-0.19047736470622506,0.059662744348584304,0.059663012367587975,0.05866095857796679
3.4799999999998383,1740,5.5424459068972536e-05,0.0005171416285990009,1.8166219842543612,1.8166695742537649,0.7051396012495887,0.7051114618909053,3.908709886828572e-06,4.979269527695613e-09,6.5925485552090715e-06,2.4803557134904816e-05,1.2035372044509467,1.2035416642480277,-0.19043813074788707,-0.19043328305241158,0.0596610448881184,0.059661312759405276,0.08843067154522395
3.499999999999836,1750,5.5743520495824194e-05,0.00046229615826785575,1.816124223537457,1.816171661863823,0.7054880931569633,0.705459034723201,3.5479559125044715e-06,4.9774835668059385e-09,5.99349664486044e-06,2.468572484316022e-05,1.2035358960627176,1.2035399424692494,-0.19039361443609978,-0.19038920128353873,0.059659343655330176,0.05965961324888324,0.0881793392426102
3.519999999999834,1760,5.6544125634215446e-05,0.00041532731450201547,1.815639820073488,1.815687774497667,0.705826610269202,0.7057968172443121,3.1651993655534097e-06,4.975747912244172e-09,5.439062702345762e-06,2.353691512636377e-05,1.2035345498732413,1.2035382206440364,-0.190349123269956,-0.19034511939960688,0.059657634789290225,0.05965791383601968,0.08784893343268288
3.5399999999998317,1770,5.70929502475723e-05,0.00037723851126717097,1.8151696775008204,1.8152179313522427,0.7061551780957276,0.7061247960536139,2.8514293812104556e-06,4.974062632867801e-09,4.943612309408882e-06,2.353691512636377e-05,1.2035331641178075,1.203536498772384,-0.190304675640885,-0.1903010374006152,0.05965592713733942,0.0596562145208124,0.08751988142818175
3.5599999999998295,1780,5.749004355331766e-05,0.00034474699008973535,1.8147137061950944,1.8147621418529056,0.7064738260111536,0.7064429645716412,2.5863889735073728e-06,4.972427762484609e-09,4.499187350795356e-06,2.3099271619960363e-05,1.2035317434471444,1.2035347768542877,-0.19026026495469334,-0.19025695528656417,0.05965421996481677,0.059654515303259235,0.08719414754811201
3.5799999999998273,1790,5.778440765656625e-05,0.00031632515226471316,1.814271861370671,1.8143204054995343,0.7067825796833825,0.7067513231475087,2.3574772266518046e-06,4.970843299300714e-09,4.100644160101229e-06,2.2588727439225648e-05,1.2035302915587924,1.2035330548897427,-0.19021588762613884,-0.19021287305745427,0.05965251342894762,0.05965281618335799,0.08687085877652276
3.599999999999825,1800,5.7995997701710944e-05,0.0002912457054819197,1.8138441160803394,1.8138927117126493,0.7070814602471117,0.7070498791663301,2.1580151696150444e-06,4.969309205368601e-09,3.7434012136911836e-06,2.2685329707937426e-05,1.203528811694887,1.2035313328787443,-0.19017154041657236,-0.19016879071328452,0.059650807618809705,0.05965111716110648,0.08654946877982796
3.619999999999823,1810,5.813489783584381e-05,0.00026887770782178875,1.8134304424301797,1.813479039679529,0.7073704914969712,0.7073386471566385,1.982767319393986e-06,4.967825406035167e-09,3.423260504172119e-06,2.23942727958561e-05,1.2035273067515329,1.203529610821288,-0.19012722028589596,-0.1901247082540556,0.05964910252923996,0.05964941823650253,0.08622977082320653
3.6399999999998207,1820,5.820794748752988e-05,0.0002487984886667172,1.8130308049677675,1.813079358200326,0.7076497024250913,0.7076176488978061,1.8270935582443986e-06,4.966391789389742e-09,3.1364048362478244e-06,2.2524095754713237e-05,1.2035257793256913,1.203527888717369,-0.1900829244334022,-0.1900806256797673,0.0596473981094153,0.05964771940954394,0.08591168474478732
3.6599999999998185,1830,5.822035173546309e-05,0.0002305884407357598,1.812645158896101,1.8126936255341843,0.7079191278855963,0.707886913527464,1.6870706011073334e-06,4.965008205712142e-09,2.879391117283983e-06,2.1800504449438904e-05,1.2035242317467918,1.203526166566983,-0.19003865031974612,-0.19003654299042028,0.059645694295261745,0.05964602068022854,0.08559516352203739
3.6799999999998163,1840,5.817604845069465e-05,0.0002140095664063205,1.8122734495547872,1.8123217892453563,0.7081788089051458,0.7081464776489221,1.5595697411982308e-06,4.963674466920693e-09,2.6491282578024647e-06,2.2132342465963256e-05,1.2035226661034537,1.203524444370125,-0.1899943956630144,-0.1899924601860135,0.0596439910244595,0.05964432204855414,0.0852801677552596
3.699999999999814,1850,5.807789733195681e-05,0.00019867076097110665,1.8119156121207773,1.8119637860493178,0.708428792986086,0.7083963854385886,1.4421932984716309e-06,4.9623903460202715e-09,2.4428470039042247e-06,2.2132342465963256e-05,1.203521084267681,1.2035227221267903,-0.18995015842098578,-0.1899483772665475,0.059642288241660874,0.05964262351451855,0.08496666123219988
3.719999999999812,1860,5.792786961391948e-05,0.00018448624167507148,1.8115715713269473,1.8116195416588865,0.7086691344195579,0.7086366887533908,1.3331473726175574e-06,4.961155576550342e-09,2.2580679655468535e-06,2.2329078268013787e-05,1.2035194879169164,1.2035209998369747,-0.18990593676860743,-0.18990429423202226,0.0596405858993454,0.05964092507811959,0.08465461066494107
3.7399999999998097,1870,5.772723226421401e-05,0.00017124068872050003,1.811241241188056,1.8112889706303381,0.708899894583922,0.7088674472381935,1.2311082102964116e-06,4.959969852032991e-09,2.0925710268634995e-06,2.1598954627055457e-05,1.2035178785540612,1.2035192775006731,-0.1898617290752585,-0.18986021108243836,0.05963888395709537,0.05963922673935508,0.08434398560721221
3.7599999999998075,1880,5.747670883471489e-05,0.00015884779337972614,1.810924524744035,1.8109719762095227,0.709121142214992,0.7090887284332199,1.1351060724740364e-06,4.9588328254209654e-09,1.944367414616847e-06,2.183391520383078e-05,1.2035162575255287,1.2035175551178812,-0.18981753388367417,-0.18981612781779486,0.059637182380507435,0.059637528498222826,0.08403475811896634
3.7799999999998053,1890,5.717661082686097e-05,0.000147126777377736,1.8106213138239022,1.8106684501779808,0.7093329536453723,0.7093006078814713,1.0444323635579197e-06,4.957744108545704e-09,1.8116746784169494e-06,2.2132342465963256e-05,1.20351462603747,1.203515832688594,-0.18977334989104372,-0.18977204443809226,0.059635481140177554,0.05963583035472065,0.08376065047792634
3.799999999999803,1900,5.688820262869839e-05,0.0001361601680095648,1.8103314041938832,1.810378272699062,0.7095353981353316,0.7095031692361465,9.58307603650147e-07,4.956703271565379e-09,1.691148986984341e-06,2.173352885506333e-05,1.2035129855903968,1.203514110212807,-0.18972917365478115,-0.18972796094333097,0.05963377940621246,0.059634132308846365,0.08348242786306916
3.819999999999801,1910,5.658735415869994e-05,0.00012575711951727587,1.8100546972842229,1.8101013121640397,0.7097285733869024,0.7096965043680622,8.765410295228605e-07,4.9557098424129315e-09,1.581895756376165e-06,2.1531352099333316e-05,1.2035113370359227,1.2035123876905158,-0.18968500475052463,-0.18968387733351028,0.059632077359217155,0.05963243436059778,0.08319645326124814
3.8399999999997987,1920,5.621363709325969e-05,0.00011591844235993072,1.809791132999166,1.809837425038228,0.7099125943378828,0.7098807134730725,7.990414575300963e-07,4.954763306244103e-09,1.4842041392674028e-06,2.173352885506333e-05,1.2035096808651073,1.2035106651217153,-0.18964084428770642,-0.18963979360863048,0.059630375713165595,0.059630736509972714,0.08290963348407995
3.8599999999997965,1930,5.576563394746662e-05,0.00010659527238888808,1.809540557653417,1.8095864557071,0.710087569912628,0.7100559051794884,7.255597650750761e-07,4.953863104885477e-09,1.396985754078432e-06,2.1666346224911465e-05,1.2035080178360424,1.2035089425064014,-0.18959669153680508,-0.18959570976869153,0.05962867449704038,0.05962903875696898,0.08262370076137394
3.8799999999997943,1940,5.5249257391615894e-05,9.779342636458246e-05,1.8093027950962624,1.8093482363224023,0.7102536156253473,0.7102221966554986,6.559083617769974e-07,4.9530086362825115e-09,1.3191434109252746e-06,2.1598954627055457e-05,1.2035063486562168,1.2035072198445689,-0.18955254568711757,-0.189551625813694,0.05962697367393394,0.059627341101584394,0.08233891321141716
3.899999999999792,1950,5.466882920573869e-05,8.946309429363659e-05,1.8090776589198083,1.8091225866482725,0.7104108559370238,0.7103797137165884,5.899377749750614e-07,4.952199253947579e-09,1.2496904791448112e-06,2.139550625045351e-05,1.2035046739594992,1.2035054971362136,-0.18950840601123084,-0.18950754174363718,0.059625273208945104,0.05962564354381677,0.08205523536906756
3.91999999999979,1960,5.402692946579073e-05,8.160575564881064e-05,1.8088649525361926,1.8089093139073569,0.7105594244338438,0.7105285909329601,5.275212203635772e-07,4.951434266407997e-09,1.1877475541873925e-06,2.1121193543184415e-05,1.2035029943117312,1.2035037743813306,-0.18946427186847195,-0.18946345755852173,0.05962357307565113,0.05962394608366392,0.08177260913447139
3.9399999999997877,1970,5.332508213965654e-05,7.417519400599806e-05,1.8086644680890087,1.8087082126269256,0.7106994637828883,0.7106689717369523,4.6854781988676406e-07,4.9507129366540706e-09,1.132527875252224e-06,2.119010463505997e-05,1.2035013102186547,1.2035020515799153,-0.18942014269129814,-0.18941937325834693,0.05962187325367756,0.059622248721123663,0.08152313371781574
3.9599999999997855,1980,5.2627266734210175e-05,6.706336286556692e-05,1.8084758980577451,1.80851906448499,0.7108311104002295,0.7108010085304608,4.1262546080018425e-07,4.950034481587124e-09,1.0817531332264535e-06,2.1293053117836167e-05,1.203499622566474,1.203500328731963,-0.18937601562167428,-0.18937528884311322,0.0596201728890708,0.059620551456193806,0.08127028932860081
3.9799999999997833,1990,5.1909695879388544e-05,6.059988872805241e-05,1.8082990436467978,1.8083416381564192,0.7109545309291168,0.7109248627923569,3.5982627875019475e-07,4.949398071467539e-09,1.035307823986775e-06,2.1052056881276945e-05,1.2034979316425378,1.2034986058374693,-0.18933189083460583,-0.18933120431282105,0.05961847217459103,0.05961885428887217,0.0810089463948943
3.999999999999781,2000,5.111012713733369e-05,5.434723624035488e-05,1.8081337465139036,1.8081756891590568,0.7110699107739372,0.7110407051859085,3.1030341445148795e-07,4.948802829362789e-09,9.940514115061875e-07,2.139550625045351e-05,1.2034962374186493,1.2034968828964294,-0.18928777005209507,-0.18928711966746958,0.059616771866742496,0.05961715721915656,0.08074620343168509
4.019999999999779,2010,5.0226704867560434e-05,4.8687560379812327e-05,1.8079797511537699,1.8080209596998373,0.7111774299575518,0.7111487156661995,2.639559530657632e-07,4.948247830595479e-09,9.575330980681041e-07,2.0878213633885978e-05,1.2034945401956512,1.2034951599088386,-0.1892436530485536,-0.1892430349070597,0.05961507201220251,0.05961546024704479,0.08048393641659152
4.039999999999777,2020,4.926572127988012e-05,4.33326924498237e-05,1.8078367772741248,1.8078771785209033,0.7112772758562441,0.7112490835875496,2.2067400110371636e-07,4.947732102191377e-09,9.252306935104072e-07,2.119010463505997e-05,1.2034928402755682,1.2034934368746921,-0.18919953944039997,-0.18919895003159054,0.059613372580291965,0.059613763372534684,0.08022245404515563
4.059999999999775,2030,4.823198911549272e-05,3.848616141052026e-05,1.8077045330220438,1.8077440607457216,0.7113696457028298,0.711342007810934,1.8035093169979987e-07,4.947254622327454e-09,8.966733133318069e-07,2.0913097891518843e-05,1.2034911379300637,1.2034917137939858,-0.18915542887651357,-0.18915486504106302,0.059611673539192014,0.05961206659562405,0.07996172918897003
4.079999999999773,2040,4.712847109516171e-05,3.3915345417602314e-05,1.8075827153428357,1.8076213077252,0.7114547467981935,0.7114276968114037,1.4288118020651954e-07,4.946814319779918e-09,8.714466370334959e-07,2.077320937910124e-05,1.2034894334004953,1.2034899906667145,-0.18911132105300327,-0.18911077993547637,0.05960997486514407,0.0596103699163107,0.07973250606679774
4.0999999999997705,2050,4.6019288670831665e-05,2.969856261220141e-05,1.8074709218121239,1.807508606883804,0.7115327808983797,0.7115063687855047,1.0788188092864395e-07,4.946410073372252e-09,8.478819482585096e-07,2.1052056881276945e-05,1.2034877273274656,1.2034882674928737,-0.18906721337424037,-0.18906669471483104,0.059608275694620745,0.059608673334592445,0.07950021019783385
4.119999999999768,2060,4.488188768998553e-05,2.6120450894569068e-05,1.807368856845853,1.8074056315656737,0.7116039810972592,0.7115782517586986,7.538723740917458e-08,4.9460407114232475e-09,8.260962629742908e-07,2.080826967304219e-05,1.203486019789283,1.2034865442724592,-0.18902310621702767,-0.18902260937912743,0.05960657622029544,0.059606976850467105,0.07925910781771384
4.139999999999766,2070,4.36545263842972e-05,2.290915092499722e-05,1.8072762654261068,1.8073120408807402,0.7116686003446645,0.7116435836927818,4.5543615331219754e-08,4.945705011195043e-09,8.069904832036422e-07,2.080826967304219e-05,1.2034843105690192,1.2034848210054656,-0.18897900150469962,-0.18897852392836467,0.059604877215723044,0.059605280463932486,0.079016144093768
4.159999999999764,2080,4.233477589907939e-05,2.045496267426006e-05,1.8071927953428064,1.807227479550842,0.7117268868345195,0.7117026125933054,1.824370474016314e-08,4.94540169834116e-09,7.903633638523292e-07,2.063237243740307e-05,1.2034825997898233,1.2034830976918889,-0.1889348992213729,-0.18893443836254326,0.05960317874075111,0.0596035841749864,0.07880345325356783
4.179999999999762,2090,4.099400445187507e-05,1.823161606110081e-05,1.8071179771800783,1.8071515777558427,0.7117790808577701,0.7117555966169954,-7.07722737823814e-09,4.9451294463545395e-09,7.747164704416012e-07,2.077320937910124e-05,1.2034808880440817,1.2034813743317239,-0.1888907967273465,-0.18889035268166315,0.05960147989862354,0.059601887983626665,0.07858821573739683
4.1999999999997595,2100,3.96133846564528e-05,1.63782182658682e-05,1.8070514522548171,1.8070839509797458,0.7118254548276324,0.7118028041791726,-3.0358096098446984e-08,4.944886876015573e-09,7.602013501764536e-07,2.0702910668595484e-05,1.2034791753507459,1.2034796509249666,-0.1888466944257189,-0.18884626688572484,0.059599780860889906,0.05960019188985109,0.07836370717533213
4.219999999999757,2110,3.813052979555263e-05,1.5367925632528735e-05,1.8069929075804168,1.807024199856814,0.7118663023051343,0.7118445140611717,-5.131719085726719e-08,4.944672554840149e-09,7.477083967313058e-07,2.0878213633885978e-05,1.203477461417538,1.2034779274716116,-0.18880259437531205,-0.18880218097472767,0.059598082418865155,0.0595984958936575,0.07813688768258112
4.239999999999755,2120,3.654353871629607e-05,1.5128907556614795e-05,1.8069419310975239,1.8069719100176826,0.7119019126213928,0.7118810155177617,-7.007455270770978e-08,4.944484996527678e-09,7.371085655960738e-07,2.0982692419620152e-05,1.2034757463099321,1.203476203971655,-0.18875849664217675,-0.18875809494867185,0.05959638464324926,0.059596799995043685,0.07793940287914346
4.259999999999753,2130,3.4923968741117995e-05,1.5128907556614795e-05,1.8068979933602063,1.8069266519354792,0.7119325673722083,0.7119126083845662,-8.707881337257706e-08,4.944322660409137e-09,7.271371646463492e-07,2.084327099243578e-05,1.2034740305631981,1.2034744804250916,-0.18871439867086753,-0.18871400880755743,0.05959468663044057,0.05959510419400747,0.07773930463522274
4.279999999999751,2140,3.3255316186364945e-05,1.5462498375200197e-05,1.8068606722152474,1.806887980771939,0.7119585807319629,0.7119396031854818,-1.0236674590617854e-07,4.9441839508951014e-09,7.179345157790294e-07,2.0526110585337575e-05,1.203472314163292,1.203472756831917,-0.18867030086200176,-0.18866992255138496,0.059592988543485104,0.05959340849054667,0.07752991548128577
4.2999999999997485,2150,3.147660996360247e-05,1.6063655294419955e-05,1.806829591919123,1.8068554362235207,0.7119802888311173,0.7119623212400994,-1.1579538139087003e-07,4.944067216923781e-09,7.102972856493058e-07,2.084327099243578e-05,1.2034705967873487,1.2034710331921266,-0.18862620528855578,-0.18862583618015358,0.05959129118323477,0.059591712884659094,0.07734693661466564
4.319999999999746,2160,2.9648303144552495e-05,1.6817390473705895e-05,1.8068041924953817,1.8068285423675243,0.7119980089048329,0.7119810947711238,-1.2804798766803936e-07,4.94397075140906e-09,7.031951109557578e-07,2.0311919222296604e-05,1.2034688788961971,1.2034693095057158,-0.18858210974222311,-0.18858174969386415,0.05958959379165719,0.059590017376342556,0.07716064710852358
4.339999999999744,2170,2.7756019836735363e-05,1.7663006536443448e-05,1.806784001739259,1.8068068075082084,0.712012087024845,0.7119962670117922,-1.3902418615319337e-07,4.9438927906885305e-09,6.967689502330345e-07,2.05970127328611e-05,1.2034671604518234,1.2034675857726798,-0.18853801464666217,-0.1885376630925157,0.059587896526032406,0.05958832196559486,0.0769939064170251
4.359999999999742,2180,2.5804710875732535e-05,1.862714183604302e-05,1.8067685045976285,1.8067897240229047,0.7120228754842697,0.7120081923132959,-1.4862857056502424e-07,4.943831513971525e-09,6.908654487234254e-07,2.0526110585337575e-05,1.2034654415470745,1.2034658619930139,-0.18849391970076662,-0.1884935763761091,0.05958619927850279,0.05958662665241382,0.07682160780005166
4.37999999999974,2190,2.3770538285078028e-05,1.9280923575057597e-05,1.8067572101539966,1.8067767682081362,0.71203074531705,0.7120172362521993,-1.568446401479498e-07,4.94378504278716e-09,6.857237905405123e-07,2.049056751003836e-05,1.2034637220788096,1.2034641381667135,-0.18844982564156823,-0.18844948954464452,0.05958450233677278,0.05958493143679726,0.07666778701419084
4.3999999999997375,2200,2.1656302455626154e-05,1.9949823901789886e-05,1.806749574775211,1.806767400125734,0.7120360730400567,0.7120237757378587,-1.6438856755743423e-07,4.943751440432369e-09,6.81207469456164e-07,2.0240018397643986e-05,1.2034620021183318,1.203462414293774,-0.1884057323531514,-0.18840540259812116,0.05958280571841632,0.059583236318742974,0.07653617500558144
4.419999999999735,2210,1.9504472968584048e-05,2.063237243740307e-05,1.8067449830128315,1.8067610634489526,0.7120392360071683,0.7120281991198445,-1.7157294973326448e-07,4.9437287114199354e-09,6.766925231313805e-07,2.0702910668595484e-05,1.2034602820119786,1.203460690374191,-0.1883616381642928,-0.1883613155365394,0.059581108788818615,0.05958154129824879,0.07639225772907239
4.439999999999733,2220,1.7238280901289357e-05,2.094792405701141e-05,1.806742967264781,1.8067571853085882,0.7120406516712802,0.7120309062953593,-1.7728385913191557e-07,4.943714800926533e-09,6.731533471498912e-07,2.084327099243578e-05,1.2034585612473323,1.2034589664079594,-0.18831754581949509,-0.18831722835989928,0.05957941255541889,0.05957984637531251,0.07629177869231414
4.459999999999731,2230,1.4900657415380417e-05,2.173352885506333e-05,1.8067428799918301,1.8067551761390948,0.7120407230053025,0.7120323088166571,-1.8422102829917944e-07,4.943707594240761e-09,6.698353574353906e-07,2.0203972031729294e-05,1.2034568402839703,1.2034572423950747,-0.18827345353149938,-0.18827314106820148,0.05957771640311391,0.05957815154993194,0.07620760572121786
4.479999999999729,2240,1.2511900484040074e-05,2.2132342465963256e-05,1.8067440873667802,1.8067544295247,0.7120398690177807,0.7120328299984657,-1.9413006768098687e-07,4.94370491621118e-09,6.664124124813436e-07,2.063237243740307e-05,1.2034551193813732,1.2034555183355324,-0.18822936040484467,-0.18822905366144488,0.05957601995877502,0.059576456822104905,0.07612998021558706
4.499999999999726,2250,9.97530231153147e-06,2.2329078268013787e-05,1.806746096140128,1.8067543220455222,0.7120385440287746,0.7120329050254041,-2.0188385419059582e-07,4.943704530694347e-09,6.642486665924628e-07,2.0982692419620152e-05,1.2034533975880504,1.203453794229328,-0.1881852703226451,-0.18818496613963007,0.05957432472790916,0.05957476219182921,0.07611234769134476
4.519999999999724,2260,7.392718515933559e-06,2.2972699315936647e-05,1.8067483231730608,1.806754288502567,0.7120371462072443,0.7120328011802011,-1.7870679697324765e-07,2.547340089181025e-07,6.661737776665466e-07,2.016786123962658e-05,1.2034516724817677,1.2034520700764566,-0.18814118786869857,-0.18814087850275754,0.05957263177072256,0.059573067659102655,0.07605702816868272
4.539999999999722,2270,5.536385913089946e-06,2.2459278078588273e-05,1.8067504594549266,1.8067540558518844,0.7120359327621281,0.7120320809199543,2.8996047187255347e-07,1.9872553104201397e-06,6.738280507511339e-07,2.0561592220437957e-05,1.2034499458537682,1.2034503458769135,-0.18809711282580854,-0.18809679075082636,0.059570936997570045,0.05957137322392307,0.07597891880744478
4.55999999999972,2280,5.960814169535453e-06,2.1767042412140833e-05,1.8067523208880754,1.8067534308671065,0.7120343819352702,0.7120301460376408,2.5971333196401197e-06,6.64144084839361e-06,6.813276389434207e-07,2.0913097891518843e-05,1.2034482217948574,1.203448621630694,-0.188053043027852,-0.18805270288383702,0.059569244558411664,0.05956967888628825,0.07576655829248143
4.579999999999718,2290,8.719089268584804e-06,2.1258792350482307e-05,1.8067532684575176,1.8067522266749476,0.7120314671847091,0.712026417994667,8.577349622111826e-06,1.5608913222724177e-05,6.886918132231138e-07,2.0561592220437957e-05,1.2034464961355138,1.2034468973377939,-0.18800897820651874,-0.1880086149017902,0.059567558802541276,0.05956798464619602,0.07564461836973098
4.599999999999715,2300,1.2392239868015822e-05,2.1429548445808714e-05,1.8067529489038596,1.8067502626859684,0.7120264466466524,0.7120203377065161,1.9792627907139765e-05,3.023449999974231e-05,6.971969471831471e-07,2.0347774359157065e-05,1.203444768257321,1.203445172998208,-0.18796491307760915,-0.18796452680468473,0.05956587449688295,0.059566290503644176,0.07553183593540416
4.619999999999713,2310,1.6477857684220346e-05,2.1361409804484527e-05,1.8067514046621689,1.8067473645253367,0.7120187516229182,0.7120113653283954,3.7652013476581286e-05,5.1816749318139194e-05,7.052893516256532e-07,2.077320937910124e-05,1.2034430408155312,1.2034434486119323,-0.18792084487991945,-0.1879204385925212,0.05956418894701746,0.05956459645863054,0.07541181107362847
4.639999999999711,2320,2.0787243726778573e-05,2.1327258847706145e-05,1.806748591357584,1.8067433639635913,0.7120078016576858,0.7119989800408837,6.352632916972186e-05,8.160844549488272e-05,7.133677107472351e-07,2.0347774359157065e-05,1.203441313611063,1.2034417241789617,-0.1878767751055514,-0.18787635026530003,0.05956250271338877,0.05956290251115292,0.07526238039714234
4.659999999999709,2330,2.519587792745639e-05,2.1429548445808714e-05,1.8067443603101045,1.8067380988474018,0.7119930318341088,0.7119826798355791,9.871593742777952e-05,0.0001208171246311333,7.211258764113659e-07,2.063237243740307e-05,1.2034395866940806,1.2034399996992915,-0.18783270335682364,-0.18783226182302043,0.05956081559998488,0.05956120866120912,0.07512863370739567
4.679999999999707,2340,2.963091477363256e-05,2.1497471115166028e-05,1.8067385884533145,1.8067314130303334,0.7119739165730924,0.7119619813007457,0.00014445117014477186,0.00017060559021816001,7.285184559634417e-07,2.0982692419620152e-05,1.2034378600215971,1.2034382751729171,-0.18778862985181494,-0.18778817326568295,0.05955912771682097,0.059559514908796955,0.07496533886018057
4.699999999999704,2350,3.4039839800811585e-05,2.1052056881276945e-05,1.8067311398268917,1.8067231563036064,0.7119499584582708,0.7119364194069617,0.00020189858600558124,0.00023209242874325622,7.352414772070073e-07,2.0702910668595484e-05,1.2034361336131518,1.2034365505998341,-0.18774455440181134,-0.18774408459328754,0.05955743917789097,0.059557821253914234,0.0747870851066787
4.719999999999702,2360,3.838731713751293e-05,2.1429548445808714e-05,1.8067218958988482,1.8067131843268607,0.7119206887871766,0.7119055472927662,0.00027217022318562544,0.0003063525252956559,7.413592291746987e-07,2.0561592220437957e-05,1.2034344074298922,1.2034348259800378,-0.1877004772769858,-0.18769999580583463,0.059555750052794294,0.05955612769655877,0.07448625136514507
4.7399999999997,2370,4.2653030718180786e-05,2.1052056881276945e-05,1.8067107591897569,1.806701358558916,0.7118856663917115,0.7118689360503072,0.00035632552165731007,0.0003944175791724492,7.473060501247553e-07,2.0878213633885978e-05,1.2034326813433183,1.2034331013135235,-0.18765639931184316,-0.18765590690332337,0.05955406057216105,0.05955443423672836,0.0741868339627132
4.759999999999698,2380,4.681620663552052e-05,2.1531352099333316e-05,1.8066976053287271,1.8066875461885352,0.7118444675608859,0.7118261745109884,0.0004553727386643954,0.0004972766194844986,7.531112975758662e-07,2.0913097891518843e-05,1.2034309553370723,1.2034313766002864,-0.18761232062627237,-0.18761181788575432,0.05955237078537411,0.059552740874420834,0.07386266145279488
4.779999999999696,2390,5.084901481305463e-05,2.1361409804484527e-05,1.806682269952734,1.8066716200651864,0.7117966815847782,0.7117768690311169,0.0005702731774627468,0.0006158765207623552,7.581977040966359e-07,2.063237243740307e-05,1.2034292296003384,1.203429651840322,-0.18756824024199226,-0.18756772875312783,0.059550680245650627,0.05955104760963399,0.07353961550301273
4.799999999999693,2400,5.474407587439877e-05,2.1565179853261896e-05,1.8066646432473843,1.806653458629804,0.7117419272155219,0.7117206432775508,0.0007019410977066561,0.0007511225185621734,7.626141302034497e-07,2.0702910668595484e-05,1.2034275041004034,1.2034279270336257,-0.18752415834409958,-0.18752363950544304,0.05954898904634813,0.059549354442365636,0.07321775340780945
4.819999999999691,2410,5.850453930174618e-05,2.1800504449438904e-05,1.8066446459966892,1.8066329458455523,0.7116798470874707,0.7116571380133461,0.0008512461730274021,0.0009038787250716278,7.6681179457926e-07,2.084327099243578e-05,1.2034257786779665,1.2034262021801927,-0.18748007579495118,-0.18747955014270049,0.05954729759259206,0.05954766137261359,0.07289699560550617
4.839999999999689,2420,6.212567321909755e-05,2.219811480254158e-05,1.8066221705809737,1.8066099711285868,0.7116100958912217,0.7115860108834047,0.0010190161199038247,0.0010749686447158303,7.708347921378655e-07,2.0561592220437957e-05,1.203424053317334,1.2034244772800187,-0.18743599269655062,-0.1874354606649007,0.05954560593073252,0.059545968400375654,0.07255163494721892
4.859999999999687,2430,6.559436425490561e-05,2.290915092499722e-05,1.8065970712240764,1.806584429278816,0.7115323386997219,0.7115069362001212,0.0012060358989614951,0.001265175689763243,7.740066681581557e-07,2.084327099243578e-05,1.2034223281928436,1.2034227523330987,-0.1873919080283623,-0.18739137107204265,0.0595439137670601,0.059544275525649636,0.07220712656463033
4.879999999999685,2440,6.891112984385722e-05,2.39056620950448e-05,1.806569258033332,1.8065562204106647,0.711446266461047,0.7114196047290308,0.001413051121958201,0.0014752436959315975,7.764552998592537e-07,2.063237243740307e-05,1.2034206032686865,1.2034210273394281,-0.1873478220118797,-0.18734728136412704,0.05954222115909954,0.05954258274843335,0.07186353883150945
4.899999999999682,2450,7.208302382475748e-05,2.5037558139104298e-05,1.8065386707809583,1.8065252498838351,0.7113515911525442,0.7113237234744563,0.0016407680349700012,0.0017058774379938076,7.787460983754741e-07,2.0383566426149207e-05,1.2034188783954844,1.2034193022990023,-0.18730373553825763,-0.1873031915411542,0.05954052838039915,0.0595408900687246,0.0715207965536374
4.91999999999968,2460,7.510993635078566e-05,2.5811654485461626e-05,1.8065052205534862,1.8064914282340696,0.7112480354838585,0.7112190154651559,0.001889852697026045,0.001957743145383888,7.809162381095112e-07,2.0702910668595484e-05,1.2034171535608749,1.2034175772118167,-0.187259648680376,-0.1872591016031233,0.059538835469215026,0.0595391974865212,0.0711787853353154
4.939999999999678,2470,7.799127558700383e-05,2.7240597807984372e-05,1.8064688189608933,1.806454671103912,0.7111353374991967,0.7111052195399701,0.002160932603501099,0.0022314690178028692,7.829556608834487e-07,2.1052056881276945e-05,1.2034154287661867,1.2034158520778668,-0.18721556143153972,-0.18721501155003478,0.059537142431663775,0.05953750500182096,0.07083738565580328
4.959999999999676,2480,8.07270834955955e-05,2.9003182112398563e-05,1.8064293834495289,1.8064148991734712,0.7110132512090437,0.7109820901334697,0.002454597434028029,0.0025276457408247117,7.848545991352817e-07,2.0203972031729294e-05,1.20341370401296,1.2034141268971477,-0.18717147378324644,-0.18717092138188923,0.05953544927119439,0.05953581261462168,0.07049648019457333
4.979999999999674,2490,8.331796660067473e-05,3.064084067834109e-05,1.8063868374513024,1.8063720380911814,0.7108815463539258,0.7108493970616027,0.0027713996490257783,0.0028468270015022256,7.866071218565036e-07,2.0913097891518843e-05,1.203411979301687,1.203412401669655,-0.18712738573214174,-0.18712683109868553,0.059533755992939245,0.05953412032492118,0.07015595465785726
4.999999999999671,2500,8.576491918074083e-05,3.295610511210791e-05,1.8063411099504745,1.8063260184045664,0.7107400080802251,0.7107069253073418,0.0031118550611501064,0.003189530003972985,7.882097309353658e-07,2.077320937910124e-05,1.2034102546321452,1.2034106763953838,-0.18708329727797954,-0.1870827407004244,0.05953206260327156,0.05953242813271726,0.06981569759153473
5.019999999999669,2510,8.806920220892407e-05,3.5201989238641046e-05,1.806292135181824,1.8062767754909994,0.710588436650552,0.7105544748063323,0.0034764433951042536,0.0035562359850652395,7.896602731562843e-07,2.045496267426006e-05,1.203408530003711,1.2034089510743295,-0.18703920842183783,-0.1870386501871064,0.05953036910904217,0.05953073603800774,0.06952447348203777
5.039999999999667,2520,9.025581502075685e-05,3.766293520637648e-05,1.8062399507424076,1.8062242494884675,0.7104266646842119,0.7103918602325385,0.0038656091126938255,0.003947390729903839,7.925787483425724e-07,2.084327099243578e-05,1.2034068049442326,1.2034072257064876,-0.1869951217716765,-0.18699455955873034,0.05952867654004177,0.05952904404079041,0.06923346065633405
5.059999999999665,2530,9.231855718548948e-05,4.053402219842145e-05,1.8061844696916005,1.8061683852263317,0.7102545162519773,0.7102189107838924,0.004279761458827023,0.004363405087516139,7.966467324780413e-07,2.013168567464644e-05,1.203405079548398,1.2034055002918536,-0.18695103680851546,-0.1869504688152973,0.0595269847112534,0.059527352141063083,0.06896623570783618
5.079999999999663,2540,9.424981579233004e-05,4.358428751421804e-05,1.806125612561601,1.806109132156091,0.7100718295533694,0.7100354699679398,0.004719277476631578,0.004804655486437929,8.016717606598495e-07,2.049056751003836e-05,1.2034033539494562,1.2034037748304225,-0.18690695305533717,-0.18690637795680656,0.059525293189665686,0.05952566033882358,0.06869858940990406
5.09999999999966,2550,9.604582658551437e-05,4.673192270113879e-05,1.8060633055552566,1.8060464442821422,0.7098784582466241,0.7098413953874884,0.005184496849213544,0.005271484450319338,8.072663164979654e-07,2.063237243740307e-05,1.20340162823706,1.2034020493221897,-0.18686286992731155,-0.18686228698325835,0.0595236018337832,0.0595239686340697,0.06845400498254237
5.119999999999658,2560,9.772024822954484e-05,5.050993007932461e-05,1.805997531688545,1.8059802800925449,0.7096742810701706,0.7096365585262553,0.005675721516842889,0.005764201113530752,8.135282441805231e-07,2.0419295754930057e-05,1.203399902274896,1.2034003237671507,-0.18681878786361208,-0.18681819589465337,0.059521911314842565,0.059522277026799256,0.06820869002439076
5.139999999999656,2570,9.926796156885366e-05,5.448119561597029e-05,1.8059282319533294,1.805910602489781,0.7094591792797326,0.709420844534514,0.0061932275353195855,0.006283081736768734,8.202256042557219e-07,2.0311919222296604e-05,1.203398176148746,1.203398598165301,-0.18677470641469984,-0.18677410469099065,0.05952022137329261,0.05952058551701005,0.06798587794408309
5.159999999999654,2580,0.00010069118553282236,5.8618882415185626e-05,1.8058554036850447,1.805837378721519,0.709233055540681,0.7091941520147423,0.006737264069173587,0.006828370222661946,8.281503626424756e-07,2.084327099243578e-05,1.2033964499030907,1.2033968725166357,-0.1867306263951867,-0.1867300133722707,0.05951853156681341,0.05951889410469988,0.0677620180338699
5.1799999999996515,2590,0.00010198701442028518,6.271605259442324e-05,1.8057789923340735,1.805760580311374,0.7089958180118915,0.7089563928072691,0.00730803980131636,0.007400278631377037,8.369123231322134e-07,2.0913097891518843e-05,1.2033947235784508,1.2033951468211501,-0.18668654725417416,-0.1866859219384935,0.05951684186306845,0.05951720278986657,0.06753665572131508
5.199999999999649,2600,0.00010313934431263365,6.735619369105213e-05,1.805698886007926,1.805680182989672,0.7087473773192849,0.7087074917759221,0.007905729640893804,0.007998987696224603,8.448981291170063e-07,2.0276000680978352e-05,1.2033929974227795,1.20339342107884,-0.18664246674252066,-0.18664183038965948,0.05951515181783167,0.05951551157250793,0.06735626512970734
5.219999999999647,2610,0.00010422712866822494,7.19605081617437e-05,1.805615326702787,1.80559616662421,0.7084877289354525,0.7084473865936753,0.00853047366354155,0.008624647339265058,8.550137945431171e-07,2.0419295754930057e-05,1.2033912715009896,1.2033916952897004,-0.18659838951436414,-0.186597738725768,0.05951346278528947,0.059513820452621755,0.06717496581130239
5.239999999999645,2620,0.00010523968482222466,7.676369965777868e-05,1.8055282700499304,1.8055085151510202,0.708216813780182,0.7081760275282964,0.009182394994438011,0.009277377186914584,8.677283938657986e-07,2.0419295754930057e-05,1.2033895454412844,1.2033899694537264,-0.18655431599472222,-0.18655364694681972,0.059511775112666525,0.059512129430205854,0.06699191201127913
5.259999999999643,2630,0.00010610548665428713,8.211331993692171e-05,1.8054374565297966,1.8054172165051299,0.7079345413740337,0.7078933772279938,0.009861589351566339,0.00995726708555103,8.803555510082491e-07,2.0419295754930057e-05,1.2033878192319545,1.203388243570914,-0.1865102418994165,-0.1865095550528139,0.05951008750085903,0.05951043850525804,0.06680669229162856
5.2799999999996405,2640,0.00010681293877519723,8.781841187916403e-05,1.8053428223464922,1.805322262551326,0.7076408784009656,0.7075994105070648,0.010568113851932959,0.010664377617119827,8.915968692303694e-07,2.063237243740307e-05,1.2033860932183098,1.2033865176412581,-0.18646616546351963,-0.1864654630437511,0.059508399228917694,0.05950874767777612,0.0666191397531255
5.299999999999638,2650,0.00010736746811795044,9.400819389205958e-05,1.8052443732326477,1.8052236490149152,0.7073358154813137,0.7072941141315418,0.011301997256122258,0.01139874061473992,9.010265563962843e-07,2.049056751003836e-05,1.203384367520725,1.2033847916647542,-0.18642208620966516,-0.18642137091963157,0.059506710089190694,0.059507056947757896,0.06642918597745187
5.319999999999636,2660,0.00010777834193563464,0.0001004409450186007,1.8051421348865033,1.805121375412487,0.7070193572685777,0.7069774866048409,0.012063240870928135,0.012160359678309654,9.086106541155893e-07,2.005913882365416e-05,1.2033826421488072,1.2033830656413977,-0.18637800418578457,-0.1863772786804548,0.05950502009364926,0.05950536631520118,0.06623679904494728
5.339999999999634,2670,0.00010805460467956913,0.00010737200756137995,1.805036136195339,1.8050154449826763,0.7066915195288979,0.7066495379534089,0.012851818603008764,0.012949210690112727,9.144561521570691e-07,2.0526110585337575e-05,1.2033809170757215,1.203381339571184,-0.1863339196021889,-0.18633318632622087,0.059503329320881065,0.05950367578010377,0.06604196000324199
5.359999999999632,2680,0.0001082040151286459,0.00011459665254114654,1.8049264048617943,1.8049058646169238,0.706352328331124,0.7063102895123702,0.013667677249845018,0.01376524233042408,9.187056952430907e-07,2.0702910668595484e-05,1.2033791922677395,1.2033796134541084,-0.18628983269137123,-0.1862890938569301,0.05950163785740519,0.05950198534246348,0.06584465533545036
5.3799999999996295,2690,0.00010823297680723426,0.00012222389260518242,1.8048129671422826,1.8047926447902407,0.7060018198625831,0.7059597737111749,0.014510736947337071,0.014608376593115811,9.215006525463992e-07,2.0561592220437957e-05,1.2033774676936027,1.203377887290166,-0.18624574366491964,-0.1862450012725828,0.059499945780579266,0.059500295002278124,0.06564487546275362
5.399999999999627,2700,0.00010814675682042608,0.00013012697978805586,1.804695848674657,1.8046757994919682,0.7056400403994384,0.7055980338592457,0.015380891670348779,0.015478509301263123,9.229711127750156e-07,2.0419295754930057e-05,1.2033757433264527,1.2033761610793525,-0.18620165270573635,-0.1862009085731784,0.05949825315618105,0.059498604759545486,0.06548779098758249
5.419999999999625,2710,0.00010811542973652737,0.00013733818902419726,1.8045754018039464,1.804555346156542,0.7052671689576134,0.7052251239316257,0.016277945603691106,0.016375510622750188,9.196993006494131e-07,1.983990668017933e-05,1.203374024323527,1.2033744348216633,-0.18615755706908713,-0.1861568157587173,0.05949655712717381,0.059496914614263395,0.06528430142848365
5.439999999999623,2720,0.00010792430237321993,0.00014530214132002533,1.8044512810489697,1.8044313055942525,0.70488311093749,0.7048411083546255,0.01720183760261175,0.017299225585876116,9.185357903245717e-07,1.99863286421117e-05,1.2033723032579218,1.2033727085170933,-0.18611346348747215,-0.1861127228291991,0.059494862767694785,0.059495224566429646,0.06853668265189437
5.459999999999621,2730,0.00010756914361468725,0.00015535865468425003,1.8043237621422055,1.804303701922008,0.7044879304950393,0.7044460617914707,0.018152439962560267,0.01824947459496084,9.319875878396444e-07,2.0203972031729294e-05,1.2033705736358138,1.2033709821656384,-0.18606938797233324,-0.18606862978462405,0.059493178448042514,0.059493534616042044,0.07356774582835011
5.4799999999996185,2740,0.00010713140330122702,0.00016848569100594415,1.804192830858824,1.804172562494097,0.7040817593433965,0.7040400689279493,0.01912947113058293,0.01922605394595104,9.506546262129746e-07,1.983990668017933e-05,1.2033688417900799,1.2033692557672937,-0.1860253188728708,-0.1860245366249929,0.059491497696329186,0.059491844763098406,0.07778607242298488
5.499999999999616,2750,0.0001065047522529163,0.00018457709533305718,1.8040579710153182,1.8040379178329495,0.7036646128536619,0.7036232242580593,0.020132673257111,0.02022873634202604,9.61635836853234e-07,2.0203972031729294e-05,1.2033671117927423,1.2033675293220545,-0.18598123902032607,-0.1859804433503044,0.05948981248464437,0.059490155007596524,0.0815365567318077
5.519999999999614,2760,0.00010571831346060607,0.00020268809334537767,1.8039193172328454,1.8038998015598997,0.7032366226562471,0.7031956318696557,0.021161797560820803,0.02125727140920377,9.66013033366107e-07,2.0419295754930057e-05,1.2033653833899876,1.2033658028299163,-0.18593715027398378,-0.18593634996055936,0.059488123662909564,0.05948846534953421,0.08383496996877249
5.539999999999612,2770,0.00010489604067058735,0.00022218792763798186,1.8037774370255377,1.8037582503259484,0.7027979989344685,0.7027574052300981,0.022216585362410755,0.022311386211946636,9.737698512410102e-07,1.9913252241518953e-05,1.2033636542126263,1.2033640762908744,-0.18589306594247548,-0.18589225645575794,0.05948643695424493,0.05948677578890927,0.08584958777039238
5.55999999999961,2780,0.00010406378981178242,0.00024263700268732134,1.8036324686169656,1.803613303742524,0.7023488877941823,0.7023086669718982,0.023296741814190773,0.023390785768767457,9.870605542474908e-07,2.013168567464644e-05,1.2033619238429938,1.2033623497049242,-0.18584898885722217,-0.18584816283589964,0.05948475373147916,0.05948508632571951,0.08765519252753112
5.5799999999996075,2790,0.00010303948067498354,0.00026387545496764613,1.8034836692989842,1.8034650043122458,0.7018892839415085,0.7018495486783671,0.02440193414008071,0.024495153567835392,9.912545005160265e-07,1.9949823901789886e-05,1.2033601955562452,1.2033606230720608,-0.1858048999219483,-0.18580406910098513,0.05948306597319663,0.059483396959962735,0.08952721206984844
5.599999999999605,2800,0.00010190790972872485,0.000285466978066439,1.803331437856398,1.8033133973596862,0.7014193911745751,0.7013801906692627,0.02553183153813517,0.025624152082581807,9.925806481247035e-07,2.0240018397643986e-05,1.2033584679455585,1.20335889639228,-0.18576080726162467,-0.18575997525101362,0.059481376922694985,0.059481707691636757,0.09097451073729242
5.619999999999603,2810,0.00010079868775307716,0.0003073561410483308,1.8031762906117772,1.803158530962132,0.7009394516085173,0.7009007417864371,0.026686063996745616,0.026777423287306257,9.989822703329775e-07,2.0276000680978352e-05,1.2033567390656568,1.203357169665577,-0.1857167207171253,-0.1857158812859857,0.059479690032311766,0.059480018520739364,0.09230694010063709
5.639999999999601,2820,9.962715473601518e-05,0.00032909845625710425,1.8030179262558286,1.8030004558803465,0.7004495541396567,0.7004113591794842,0.027864248146893086,0.027954589172782367,1.0041666239569393e-06,2.0276000680978352e-05,1.203355009992144,1.203355442891947,-0.1856726319952534,-0.18567178720590166,0.05947800191204844,0.05947832944726838,0.09351468433098042
5.659999999999599,2830,9.833516658305636e-05,0.00035061522239581675,1.8028562196440392,1.802839225489333,0.6999498379457171,0.6999122080913864,0.029066005425752883,0.029155252261863728,1.006769909551007e-06,2.0203972031729294e-05,1.2033532810132581,1.2033537160713854,-0.1856285396056511,-0.18562769301076099,0.05947631246639132,0.0594766404712216,0.0945729321635666
5.6799999999995965,2840,9.692956574657881e-05,0.000372206143777187,1.80269125113109,1.802674895709095,0.6994405099899497,0.6994034616441632,0.030290932165596363,0.030378996125089878,1.0095525057504998e-06,2.0240018397643986e-05,1.2033515514562136,1.2033519892038878,-0.18558444702283125,-0.18558359870056357,0.059474623076895786,0.05947495159259683,0.09549174795618849
5.699999999999594,2850,9.54261848988533e-05,0.00039387012952688856,1.8025231298473134,1.8025075249354003,0.698921762641014,0.6988853006245175,0.031538592089822196,0.03162538589629213,1.0134942258772557e-06,1.983990668017933e-05,1.203349821121068,1.2033502622894492,-0.1855403554879212,-0.1855395042753104,0.05947293421118404,0.059473262811391876,0.0958143781693329
5.719999999999592,2860,9.409638429225397e-05,0.00042041395630965745,1.802352486784443,1.8023371739705414,0.6983950632386313,0.6983579132694834,0.03280888337781916,0.03289396878819955,1.1414146407073955e-06,2.0095444986978942e-05,1.203348042665841,1.2033485353280653,-0.1854964006340913,-0.18549540973500048,0.0594712944307928,0.059471574127604544,0.09712172854760254
5.73999999999959,2870,9.26305945261937e-05,0.00044432992326018324,1.8021789243450634,1.8021639059540988,0.6978587514637542,0.6978214950520737,0.0341008070409077,0.03418427460804489,1.2351759770658657e-06,2.049056751003836e-05,1.2033462796362167,1.2033468083197312,-0.18545240418092032,-0.1854513150796342,0.0594696405681232,0.059469885541232635,0.09706878915412255
5.759999999999588,2880,9.102215089960704e-05,0.0004684502806928484,1.802002221413285,1.801987786293703,0.6973134206623054,0.6972762484669274,0.035413993983005536,0.035495816273170416,1.3233349617345323e-06,2.005913882365416e-05,1.2033445190424807,1.2033450812644422,-0.18540839923815372,-0.1854072203092122,0.05946798433547193,0.05946819705227396,0.09835002641887576
5.7799999999995855,2890,8.925772439265937e-05,0.0004899664063093648,1.8018226034334477,1.8018088825957959,0.6967589775272165,0.6967223828159566,0.03674784378723386,0.03682809032663394,1.3721964084280058e-06,2.0276000680978352e-05,1.2033427729551327,1.203343354162194,-0.1853643530024717,-0.18536312542373343,0.0594663132847389,0.05946650866072632,0.09795660146163783
5.799999999999583,2900,8.735147928514431e-05,0.0005111487988368485,1.8016398886118337,1.8016272645963938,0.6961959093713807,0.6961601139939945,0.038101903402929925,0.038180577452814606,1.3915196794280166e-06,1.9949823901789886e-05,1.203341037248514,1.2033416270129818,-0.18532027660932276,-0.18531903042319883,0.0594646318857254,0.05946482036658752,0.09920666997170871
5.819999999999581,2910,8.538300262109944e-05,0.0005303686970470385,1.8014546613060165,1.8014430040918488,0.6956244755460564,0.6955896642744422,0.03947565510899656,0.03955274299301892,1.3928073347527723e-06,2.0276000680978352e-05,1.203339307959426,1.203339899816801,-0.18527618194317103,-0.1852749353076078,0.05946294371059775,0.059463132169855354,0.0986757213591621
5.839999999999579,2920,8.33283034547439e-05,0.0005494137895445451,1.8012666765327232,1.8012561748696119,0.6950450260650555,0.6950112620949169,0.04086858339857819,0.040944037461086616,1.379983376517129e-06,2.005913882365416e-05,1.2033375830383664,1.2033381725736467,-0.185232072613935,-0.18523084007696095,0.059461250021873385,0.05946144407052765,0.09916813570116557
5.859999999999577,2930,8.146411811677811e-05,0.0005730087054496601,1.801076513440745,1.8010668526389941,0.6944589820105155,0.6944251418428984,0.04228042655807461,0.042353897058996566,1.4760020014106658e-06,2.0276000680978352e-05,1.2033358192180215,1.2033364452835145,-0.1851880717054798,-0.1851867447312576,0.0594595955590378,0.05945975606860218,0.09957910162958673
5.8799999999995745,2940,7.945597645024644e-05,0.0005918049519497871,1.8008842416253013,1.800875114961929,0.6938647291554446,0.693831543641377,0.043710129404436866,0.04378174419247273,1.5129948497451916e-06,2.013168567464644e-05,1.2033340770661276,1.2033347179463998,-0.18514401174206271,-0.1851426492704983,0.05945791951304829,0.05945806816407678,0.09914101959807686
5.899999999999572,2950,7.728756045283547e-05,0.0006079755645599307,1.8006888612877499,1.8006810411837357,0.6932624724264463,0.6932307131345009,0.04515696256014301,0.04522698798659001,1.440697829683056e-06,2.002276682850205e-05,1.2033323737660244,1.2033329905622978,-0.18509984405805596,-0.18509855369468337,0.05945620676270899,0.05945638035694924,0.09925636874222139
5.91999999999957,2960,7.526969027811948e-05,0.0006281511592996949,1.8004909366598967,1.8004847123638787,0.6926540976649764,0.6926229012732237,0.046620807724667326,0.04668902480138023,1.4279806014726573e-06,2.0240018397643986e-05,1.203330648840204,1.203331263131204,-0.18505573486704086,-0.18505445800381198,0.05945451545957621,0.05945469264721735,0.09977344190538832
5.939999999999568,2970,7.304684850501879e-05,0.000644183390310469,1.800291598347627,1.8002862112067333,0.6920385563255632,0.6920083641009512,0.04810094206303764,0.04816723874743803,1.41119219793566e-06,2.013168567464644e-05,1.2033289250837067,1.2033295356531137,-0.1850116209663205,-0.18501036219788475,0.05945282018238684,0.059453005034878936,0.09921413683659415
5.959999999999566,2980,7.078961456474755e-05,0.0006522506572962341,1.8000897644083163,1.8000856219923442,0.6914159215219342,0.6913873625391898,0.04959636170009969,0.049661002201526756,1.2926697002096512e-06,1.9913252241518953e-05,1.203327242884891,1.2033278081280223,-0.18496740316475274,-0.18496626627690196,0.05945107465953777,0.059451317519931796,0.09909229775144036
5.979999999999563,2990,6.857928127296696e-05,0.0006654375552307209,1.7998852127305192,1.799883030507191,0.6907875481248331,0.6907601621731926,0.05110684030246639,0.05116967632218442,1.2005940524096292e-06,1.9913252241518953e-05,1.2033255491751877,1.203326080555925,-0.18492320739534762,-0.18492217024086285,0.05944934136171924,0.059449630102373724,0.09913784856318238
5.999999999999561,3000,6.622820808924172e-05,0.0006822287192850532,1.7996792595033622,1.7996785239749475,0.690153741390911,0.6901270330376081,0.05263201207351234,0.05269261156532962,1.2015518611462672e-06,2.013168567464644e-05,1.2033238162830893,1.2033243529368174,-0.18487910791692413,-0.18487807408976797,0.059447647941461956,0.05944794278220253,0.09892463895394613
6.019999999999559,3010,6.399509671931806e-05,0.0006937413927298744,1.7994716359235492,1.7994721909872458,0.6895142898830966,0.6894882494021269,0.054170693451050175,0.05422914819986733,1.1815355747556092e-06,2.013168567464644e-05,1.2033220956695776,1.2033226252706946,-0.18483498406497145,-0.18483397782361752,0.059445934580742335,0.05944625555941602,0.09870755855460081
6.039999999999557,3020,6.183816980957219e-05,0.0007020220973533459,1.7992618364312603,1.7992641214344376,0.6888690483643729,0.6888440895571292,0.05572208545194383,0.055778616823295026,1.099924640396958e-06,1.983990668017933e-05,1.2033204019133505,1.2033208975575522,-0.18479078792320347,-0.1847898814424114,0.059444190990488394,0.05944456843401199,0.09843144176721609
6.059999999999555,3030,5.9606006776896696e-05,0.0007099095781451536,1.7990500236829776,1.799054406436356,0.6882183088363861,0.688194835599332,0.05728572500856695,0.057340338877308446,9.982672651634452e-07,2.005913882365416e-05,1.203318718156534,1.2033191697973855,-0.18474655605817575,-0.18474578494614916,0.059442436496653324,0.059442881405988246,0.09802457101127478
6.079999999999552,3040,5.7134778740914193e-05,0.000719864352061673,1.798836917574557,1.7988431382730787,0.6875624764091028,0.6875407732174372,0.058861142333949866,0.05891362716340755,9.19008115261213e-07,1.924308070525986e-05,1.2033170255738268,1.2033174419901898,-0.18470233829077123,-0.1847016883348318,0.059440695746352676,0.059441194475342594,0.09758317781852636
6.09999999999955,3050,5.451894475953573e-05,0.0007313038523173322,1.7986228406092053,1.7986304103156896,0.686902139115678,0.6868821914777783,0.0604476155839055,0.06049778635850244,8.666565333164569e-07,1.9318692315611825e-05,1.203315321788447,1.2033157141359603,-0.1846581480182766,-0.1846575916084585,0.059438971391114974,0.059439507642072835,0.09716139335386272
6.119999999999548,3060,5.195909599552986e-05,0.0007423010734891976,1.7984076444159576,1.79841631695704,0.6862377783999732,0.6862193826099677,0.06204430004290418,0.062092113530519286,8.287158097246054e-07,1.9318692315611825e-05,1.2033136150818906,1.2033139862346927,-0.18461396843428288,-0.18461349476702923,0.05943725112128434,0.059437820906176775,0.09674575716052963
6.139999999999546,3070,4.944893780316194e-05,0.0007527911592957971,1.79819132529127,1.7982009535425125,0.6855696354810614,0.685552641792545,0.06365047059243101,0.06369589865400621,8.023099903047941e-07,1.924308070525986e-05,1.203311906183455,1.2033122582863822,-0.18456979690123407,-0.18456939781054488,0.05943553389154429,0.05943613426765221,0.09633332813649306
6.159999999999544,3080,4.697390356276963e-05,0.0007628217890797568,1.7979739239921309,1.797984416300782,0.6848979571139545,0.6848822669386235,0.06526541027396482,0.06530842512573923,7.854539606978713e-07,1.9090959104164312e-05,1.2033101953164056,1.203310530291024,-0.18452563214081363,-0.1845253007390047,0.05943381931359894,0.05943444772649694,0.09592329618195818
6.179999999999541,3090,4.452932957028589e-05,0.0007723825509937829,1.7977555043649114,1.7977668022745779,0.684223012114219,0.6842085584815379,0.06688839552300953,0.0669289702803282,7.764488806984233e-07,1.939400914049012e-05,1.2033084826802727,1.2033088022486138,-0.18448147321819716,-0.18448120355240902,0.059432107043224804,0.05943276128270878,0.09551525144601396
6.199999999999539,3100,4.211655394256552e-05,0.0007814421862215494,1.7975361447902216,1.7975482092514468,0.6835450829499055,0.6835318191604921,0.06851869652663925,0.06855680590582262,7.737937467806349e-07,1.9543772052848047e-05,1.2033067684582952,1.2033070741591467,-0.18443731940216346,-0.184437106250758,0.05943039679896146,0.05943107493628552,0.09510899122448435
6.219999999999537,3110,3.974024745984846e-05,0.000790000404150092,1.7973159329317394,1.7973287356945136,0.6828644604130937,0.6828523538062058,0.07015557844765173,0.0701911987593177,7.761727418932782e-07,1.9014441926092368e-05,1.2033050528101297,1.2033053460226184,-0.1843931701112458,-0.18439300883405163,0.05942868835856759,0.05942938868722497,0.09470445896537098
6.239999999999535,3120,3.740771678495625e-05,0.0007980167055149919,1.7970949623248509,1.7971084806732454,0.6821814411765958,0.6821704691265625,0.07179830208605142,0.07183141108256016,7.824503171683055e-07,1.8821788102366937e-05,1.203303335872025,1.2033036178390237,-0.1843490248758253,-0.18434891130228992,0.05942698154720147,0.059427702535524936,0.0943016994848398
6.259999999999533,3130,3.5129013177204874e-05,0.0008054909807800367,1.7968733301679582,1.7968875437942113,0.6814963264411144,0.6814864734922569,0.07344612433233476,0.07347670111755417,7.916634427273619e-07,1.924308070525986e-05,1.203301617760164,1.2033018896083585,-0.18430488331000006,-0.1843048136554725,0.05942527622594848,0.05942601648118321,0.09390082345561969
6.27999999999953,3140,3.291735553900753e-05,0.0008124005059054175,1.7966511359056316,1.796666025131847,0.6808094209697704,0.6808006767224419,0.07509829860874989,0.07512632362216738,8.030089288410124e-07,1.924308070525986e-05,1.2032998985742982,1.2033001613306178,-0.18426074509125032,-0.18426071589359982,0.059423572282841876,0.05942433052419759,0.09350198185887619
6.299999999999528,3150,3.0789740999569165e-05,0.0008187275279319528,1.7964284803273056,1.7964440251592146,0.6801210323165775,0.6801133898703764,0.07675407533971812,0.07677953038573662,8.15826679837344e-07,1.866623346736378e-05,1.2032981784008356,1.203298433005797,-0.1842166099458715,-0.1842166180166724,0.05942186962627822,0.0594226446645659,0.09310534865529058
6.319999999999526,3160,2.87676994022149e-05,0.0008244624702081457,1.796205464998358,1.7962216446787669,0.6794314701923998,0.6794249250090723,0.07841270244683674,0.07843557074467401,8.295808521958558e-07,1.866623346736378e-05,1.203296457315252,1.2032967046338916,-0.18417247763851777,-0.1841725200246893,0.05942016818027831,0.059420958902285916,0.09271110931169861
6.339999999999524,3170,2.6878110818381323e-05,0.0008295842228022794,1.7959821919025076,1.7959989847531077,0.6787410459384094,0.6787355950169425,0.0800734258585338,0.08009369209807274,8.438408158059122e-07,1.935638736085189e-05,1.2032947353839278,1.203294976214897,-0.1841283479646331,-0.18412842191765072,0.05941846788108777,0.05941927323735545,0.09231945334752578
6.359999999999522,3180,2.5153890420559125e-05,0.0008341014597992044,1.7957587632157308,1.7957761466357551,0.6780500720827035,0.6780457133634477,0.08173549002734033,0.08175314042331311,8.582632944691853e-07,1.9167170820781278e-05,1.2032930126655714,1.2032932477488083,-0.1840842207448599,-0.18408432369555744,0.05941676867471234,0.05941758766977231,0.09193056952399727
6.379999999999519,3190,2.3634148026481763e-05,0.0008379900332555129,1.7955352811594458,1.7955532317019038,0.677358861959598,0.6773555938947441,0.08339813845062205,0.08341316079166834,8.725764492536272e-07,1.8899085298673496e-05,1.2032912892123337,1.2032915192356213,-0.18404009582089212,-0.18404022535840914,0.059415070515111766,0.05941590219953429,0.091544642733505
6.399999999999517,3200,2.236317477682968e-05,0.0008412352657384181,1.7953118478994137,1.7953303413791855,0.6766677293751732,0.6766655506193308,0.085060614192417,0.08507299788391061,8.865662192609784e-07,1.878302021753515e-05,1.2032895650706816,1.203289790675331,-0.18399597305226556,-0.18399612690620537,0.05941337336284714,0.05941421682663919,0.09116185208668381
6.419999999999515,3210,2.1387445058028246e-05,0.0008438255754615868,1.7950885654694542,1.7951075770784335,0.6759769883065955,0.6759758974936969,0.08672216040519068,0.08673189650591673,9.000648970402174e-07,1.924308070525986e-05,1.2032878402821292,1.2032880620679327,-0.18395185231385314,-0.1839520283389465,0.059411677184042645,0.05941253155108482,0.09078236971668442
6.439999999999513,3220,2.07500953333297e-05,0.0008457712891634709,1.794865535707317,1.7948850401244427,0.6752869526258157,0.6752869482079695,0.0883820208508956,0.0883891021042744,9.129417750340047e-07,1.862714183604302e-05,1.203286114883827,1.203286333413422,-0.18390773349382977,-0.18390792965663313,0.05940998194956107,0.059410846372868975,0.09040636004744394
6.459999999999511,3230,2.04834361325926e-05,0.0008470415665234305,1.7946428601954618,1.7946628316867335,0.674597935840835,0.6745990159715606,0.09003944042113451,0.09004386128188786,9.250955899502435e-07,1.9090959104164312e-05,1.2032843889090852,1.2032846047117942,-0.18386361649197114,-0.18386383085926436,0.05940828763433058,0.059409161291989455,0.09003397939227545
6.479999999999508,3240,2.0601759390505744e-05,0.0008476540632473185,1.7944206402029004,1.7944410527103123,0.6739102508495705,0.6739124132988146,0.09169366565641483,0.09169542231358384,9.364484937053256e-07,1.924308070525986e-05,1.203282662387821,1.2032828759630447,-0.1838195012182201,-0.1838197319468407,0.059406594216777166,0.05940747630844406,0.08966537565726249
6.499999999999506,3250,2.1097669731755326e-05,0.0008475818254268593,1.7941989766256112,1.7942198038464348,0.6732242097021698,0.6732274517946556,0.09334394526448354,0.09334303566171766,9.469412981824173e-07,1.893761558392725e-05,1.2032809353469551,1.2032811471671687,-0.18377538759141493,-0.18377563291936233,0.059404901678325,0.0594057914222306,0.08930068655737547
6.519999999999504,3260,2.1943918291864166e-05,0.0008468444755298211,1.7939779699050022,1.7939991853833677,0.6725401233488129,0.6725444419402353,0.09498953063437282,0.09498595449177889,9.565301025747167e-07,1.893761558392725e-05,1.2032792078108765,1.2032794183241617,-0.18373127553772503,-0.18373153377682902,0.059403210002676496,0.05940410663334686,0.08894004419883349
6.539999999999502,3270,2.3099673446379083e-05,0.0008454238915747278,1.7937577199864847,1.7937792971771511,0.6718583014452124,0.6718636928785798,0.09662967635796146,0.09662343518799751,9.651831120681741e-07,1.9280923575057597e-05,1.2032774798016432,1.2032776894340191,-0.1836871649900047,-0.18368743451924094,0.05940151917565393,0.05940242194179065,0.08858357027202793
6.5599999999995,3280,2.4518214173832533e-05,0.0008433226713044137,1.7935383262756175,1.7935602385823601,0.6711790521418494,0.6711855122002375,0.09826364074966946,0.09825473786894959,9.728779913180845e-07,1.950643912085486e-05,1.2032757513391554,1.2032759604967362,-0.1836430558873791,-0.18364333514659803,0.05939982918513982,0.059400737347559775,0.08823137812855139
6.579999999999497,3290,2.615329398125965e-05,0.000840527905234229,1.7933198875622292,1.7933421083828678,0.6705026818425474,0.6705102057289257,0.09989068636032973,0.09987912690316335,9.796002132299692e-07,1.893761558392725e-05,1.203274022441473,1.2032742315123082,-0.18359894817434214,-0.18359923565890054,0.05939814002066109,0.05939905285065203,0.08788357298168498
6.599999999999495,3300,2.7962988538444337e-05,0.0008370805417090645,1.793102501948401,1.7931250047226062,0.6698294949842196,0.6698380773071791,0.10151008049273448,0.10149587142472519,9.853418003877786e-07,1.9318692315611825e-05,1.2032722931250603,1.2032725024807307,-0.18355484179993503,-0.1835551360561482,0.05939645167303979,0.05939736845106521,0.08758166159836131
6.619999999999493,3310,3.015154818381039e-05,0.0008352446243530225,1.7928859633908698,1.7929090250363295,0.6691597268016174,0.6691694285819967,0.10312107296462265,0.10310424584888518,9.94169584447448e-07,1.939400914049012e-05,1.2032705621732498,1.203270773401999,-0.1835107337538131,-0.18351103633834134,0.059394761002989876,0.059395684148797125,0.08725169257631973
6.639999999999491,3320,3.240625777492085e-05,0.0008317166463383368,1.7926706852590941,1.7926942659803762,0.6684937586282611,0.6685045587904885,0.10472295901660782,0.10470353038766356,1.0036351568050555e-06,1.8860476299618448e-05,1.203268831998384,1.2032690442761085,-0.18346662417377838,-0.18346693650547985,0.059393070067184986,0.059393999943845574,0.08694384566677768
6.6599999999994886,3330,3.4747337645129586e-05,0.000827662105616642,1.7924567217657683,1.79248082336343,0.6678318634349278,0.6678437645455242,0.10631503096667769,0.10629301156545616,1.013267565924683e-06,1.9090959104164312e-05,1.2032671011489808,1.2032673151030544,-0.183422515468605,-0.1834228365575639,0.05939137890681131,0.05939231583620835,0.08661400871922051
6.679999999999486,3340,3.704914876456568e-05,0.000822132154957165,1.7922443120725517,1.792268792077283,0.6671743736312531,0.6671873396213798,0.1078965846023048,0.10787198273464056,1.0211771432566201e-06,1.9167170820781278e-05,1.2032653705296137,1.203265585882832,-0.18337840798433086,-0.18337873649459333,0.059389689219519655,0.05939063182588326,0.08631001056539181
6.699999999999484,3350,3.9392862236104637e-05,0.0008162576161367086,1.7920334392171449,1.7920582660275985,0.6665215433517905,0.6665355747393849,0.1094669208168219,0.10943974459118208,1.0278836066374412e-06,1.878302021753515e-05,1.2032636387917766,1.203263856615437,-0.18333430323609443,-0.1833346363165682,0.059388000202490535,0.05938894791286809,0.08602804290218545
6.719999999999482,3360,4.1902500051471516e-05,0.0008111748298774744,1.7918239783733947,1.791849338064671,0.6658736152988558,0.6658887573535706,0.1110253281354273,0.11099560569023934,1.036860006595642e-06,1.878302021753515e-05,1.2032619053072522,1.2032621273008646,-0.183290198695743,-0.18329053602348866,0.059386309106322296,0.05938726409716066,0.085743430197648
6.73999999999948,3370,4.4423600596663756e-05,0.0008049170377059117,1.7916162099093011,1.7916420999141904,0.6652309327049951,0.6652471714363166,0.11257112373629402,0.11253888296177056,1.0468404292383348e-06,1.9090959104164312e-05,1.2032601721721774,1.20326039793911,-0.18324609284327775,-0.1832464356153547,0.05938461735670311,0.059385580378758754,0.08545715366722466
6.7599999999994775,3380,4.6905081203011504e-05,0.0007975379265143881,1.7914103060898567,1.7914366421080035,0.6645937873766042,0.6646110972639987,0.11410364224037692,0.11406890222613933,1.056074221499103e-06,1.939400914049012e-05,1.2032584389963272,1.203258668530169,-0.1832019878161258,-0.18320233509216627,0.05938292618755527,0.059383896757660176,0.08517166212698912
6.779999999999475,3390,4.933363443184885e-05,0.0007892037166318317,1.7912063830050795,1.7912330539148749,0.6639624571555827,0.663980811202636,0.11562222234486957,0.11558499870972054,1.063541170948134e-06,1.9129102916627893e-05,1.203256705470632,1.2032569390740364,-0.18315788492356572,-0.18315823445392362,0.05938123631124519,0.05938221323386273,0.08488890084050302
6.799999999999473,3400,5.171055087416826e-05,0.0007799978094342793,1.7910045283552745,1.7910314232712512,0.663337213310821,0.6633565854935386,0.11712620840457717,0.11708651756050617,1.0688061326601574e-06,1.924308070525986e-05,1.2032549714557066,1.203255209570708,-0.18311378471795503,-0.18311413370062662,0.059379548044210397,0.05938052980736422,0.08461010224691562
6.819999999999471,3410,5.404201409203685e-05,0.0007699921298149219,1.7908048165585184,1.7908318367120222,0.6627183220139364,0.662738688038955,0.11861495312990945,0.11857281436371131,1.0717887893249554e-06,1.9469034601067135e-05,1.2032532369133506,1.2032534800201788,-0.18306968730944856,-0.1830700328322753,0.05937786146838826,0.059378846478162425,0.08433595865379669
6.839999999999469,3420,5.6334649566016474e-05,0.000759275069042306,1.7906073168161452,1.7906343793012824,0.6621060447839238,0.6621273821877188,0.12008781943010215,0.12004325565738028,1.072598669074326e-06,1.939400914049012e-05,1.203251501856282,1.2032517504224445,-0.18302559258297094,-0.18302593184887023,0.05937617654396099,0.05937716324625516,0.08406681359052637
6.8599999999994665,3430,5.8593641102398714e-05,0.0007478852466651945,1.7904120971530553,1.7904391345630941,0.6615006386235464,0.6615229265208974,0.12154418159091282,0.12149721944799219,1.071433841979933e-06,1.9469034601067135e-05,1.2032497663195787,1.2032500207775003,-0.18298150032511207,-0.18298183075041047,0.059374493176603836,0.05937548011164022,0.08380280317952174
6.879999999999464,3440,6.082219000381359e-05,0.000735841943565659,1.7902192261567385,1.7902461844122493,0.6609023559600129,0.6609255746374382,0.12298342608462323,0.12293409572606691,1.0685233592502465e-06,1.924308070525986e-05,1.2032480303455517,1.2032482910853417,-0.18293741029336136,-0.18293772953689696,0.059372811254607666,0.0593737970743154,0.08354394895323618
6.899999999999462,3450,6.302162616078324e-05,0.0007232274176041635,1.7900287734424145,1.7900556090850313,0.6603114444579703,0.6603355749398164,0.1244049521876179,0.12435328698177132,1.0640970296424968e-06,1.9014441926092368e-05,1.2032462939762287,1.2032465613459637,-0.1828933222511967,-0.18289362820832938,0.05937113066788546,0.05937211413427851,0.08329021509128272
6.91999999999946,3460,6.519177489345899e-05,0.0007100584473686341,1.789840809463944,1.7898674870699773,0.6597281467636356,0.6597531704196828,0.12580817249993392,0.1257542087205248,1.0583715220400794e-06,1.939400914049012e-05,1.2032445572500068,1.203244831559362,-0.1828492359836396,-0.1828495267647077,0.05936945131651401,0.05937043129152734,0.08304154171840324
6.939999999999458,3470,6.733136992950997e-05,0.000696373711286422,1.7896554050376805,1.789681895038641,0.6591527002209365,0.6591785984435107,0.127192513419386,0.12713628997860554,1.0515457666464452e-06,1.939400914049012e-05,1.2032428202006116,1.203243101725532,-0.1828051513019624,-0.1828054252060319,0.059367773113448374,0.05936874854605968,0.08279786286711381
6.9599999999994555,3480,6.943841681726016e-05,0.0006822116238201122,1.789472630786736,1.7894989077763541,0.6585853365834555,0.6586120905382433,0.12855741559993683,0.1284989738387561,1.0438012468383535e-06,1.9167170820781278e-05,1.2032410828572093,1.2032413718444688,-0.18276106804283665,-0.18276132353230212,0.05936609598419687,0.05936706589787334,0.08255911506850373
6.979999999999453,3490,7.151047500511005e-05,0.0006676204207722581,1.789292556613029,1.7893185981129882,0.6580262817340304,0.6580538721769416,0.1299023344103457,0.12984171794578941,1.0353045219030706e-06,1.943155808007896e-05,1.2032393452450494,1.203239641916168,-0.1827169860649297,-0.18271722174351834,0.05936441986510156,0.05936538334696612,0.08232524049026767
6.999999999999451,3500,7.354485870815733e-05,0.0006526014768839345,1.7891152512439932,1.7891410368537173,0.6574757554165236,0.6575041625644312,0.13122674040068066,0.13116399502219497,1.0262104171675588e-06,1.950643912085486e-05,1.2032376073862685,1.2032379119406247,-0.1826729052447392,-0.18267311983968113,0.05936274470116092,0.05936370089333582,0.08209618716906796
7.019999999999449,3510,7.553876997599021e-05,0.0006372011930442405,1.7889407818660958,1.7889662927097807,0.6569339709803066,0.65696317442295,0.13253011977930781,0.1324652933837444,1.0166650488634713e-06,1.9692396034153755e-05,1.2032358693006797,1.2032361819178345,-0.1826288254725374,-0.18262901782078958,0.05936107044390148,0.05936201853698023,0.0818719078879726
7.039999999999447,3520,7.748938065925297e-05,0.0006214721529179317,1.7887692138394824,1.7887944322292433,0.6564011351360374,0.6564311137777957,0.13381197490024133,0.1337451174550976,1.0068082847085467e-06,1.9469034601067135e-05,1.2032341310064507,1.2032344518477927,-0.18258474664890756,-0.1825849156868446,0.059359397049526995,0.05936033627789715,0.08165235861044169
7.0599999999994445,3530,7.939387862781348e-05,0.0006054164250262994,1.7886006104802727,1.7886255197277598,0.6558774477205765,0.655908179742973,0.1350718247594076,0.13500298828540858,9.967755099113053e-07,2.005913882365416e-05,1.203232392520645,1.2032327217304948,-0.1825406686819399,-0.18254081343784576,0.05935772447743433,0.059358654116084375,0.08143749693436765
7.079999999999442,3540,8.12494905551297e-05,0.0005890691690102573,1.788435032895098,1.7884596172193352,0.6553631014688412,0.6553945643068411,0.1363092054979348,0.13623844406393107,9.866987105360935e-07,1.9692396034153755e-05,1.203230653859623,1.2032309915659358,-0.18249659148510666,-0.18249671107379314,0.05935605268907709,0.059356972051539704,0.08122723514681919
7.09999999999944,3550,8.305350869994151e-05,0.000572481810143838,1.7882725398323192,1.7882967843470883,0.6548582817990939,0.6548904521177608,0.13752367092825754,0.13745104063562524,9.76707869808419e-07,1.9692396034153755e-05,1.2032289150391673,1.2032292613541113,-0.18245251497657913,-0.18245260859468723,0.05935438164611098,0.059355290084260943,0.08102152266748451
7.119999999999438,3560,8.480327349238384e-05,0.0005556577707651519,1.7881131875897556,1.7881370783140125,0.6543631665810967,0.6543960202697425,0.13871479302449288,0.1386403520167628,9.669303339734762e-07,1.961822478742201e-05,1.2032271760749884,1.2032275310950167,-0.18240843907681703,-0.18240850600052766,0.05935271131053464,0.05935360821424589,0.08082032049312944
7.139999999999436,3570,8.6496147981219e-05,0.0005386614842784198,1.7879570299579317,1.7879805538137388,0.6538779259099984,0.6539114380880933,0.13988216241755935,0.13980597091053334,9.574891214967594e-07,1.961822478742201e-05,1.2032254369830353,1.2032258007886472,-0.18236436370688747,-0.1823644032913141,0.059351041645488864,0.05935192644149232,0.08062358104421545
7.1599999999994335,3580,8.812952519154831e-05,0.0005214928825517162,1.7878041181457691,1.787827262961298,0.653402721901149,0.6534368669150641,0.14102538892956626,0.14094750922264998,9.485023708224662e-07,2.0276000680978352e-05,1.2032236977792716,1.2032240704349983,-0.18232028878916093,-0.18232030046704714,0.05934937261458702,0.05935024476599805,0.08043125510308345
7.179999999999431,3590,8.970083173564987e-05,0.0005042066509644676,1.7876545007052544,1.787677255223882,0.6529377084795491,0.6529724598954973,0.14214410210005787,0.1420645985769555,9.400825814149325e-07,1.9913252241518953e-05,1.2032219584796386,1.2032223400340654,-0.18227621424748316,-0.18227619752772709,0.05934770418139939,0.05934856318776088,0.0802432918614603
7.199999999999429,3600,9.120752300372131e-05,0.0004867962479874519,1.7875082234638364,1.7875305773516073,0.6524830311641386,0.6525183617624747,0.14323795170183057,0.1431568908310283,9.323353742453043e-07,1.9913252241518953e-05,1.2032202191000754,1.2032206095858438,-0.18223214000691912,-0.1822320944733531,0.059346036309351875,0.059346881706778605,0.08005963894104455
7.219999999999427,3610,9.264707842677921e-05,0.0004693363879369638,1.7873653294593643,1.7873872733082756,0.6520388268523082,0.6520747086229635,0.14430660825666122,0.14422405859178838,9.253581059651875e-07,1.9876613291913992e-05,1.2032184796565468,1.2032188790903287,-0.18218806599356085,-0.18218799130392618,0.059344368961673506,0.05934520032304901,0.07988024245957913
7.239999999999425,3620,9.401699767755285e-05,0.00045183263035123545,1.7872258588759542,1.787247384202137,0.6516052236048943,0.6516416277434652,0.14534976355160492,0.1452657957311025,9.192384099729219e-07,1.983990668017933e-05,1.203216740165058,1.2032171485475156,-0.18214399213443133,-0.18214388801944562,0.0593427021013874,0.05934351903656991,0.0797050471417182
7.2599999999994225,3630,9.531479772210762e-05,0.000434314913992484,1.7870898489799263,1.7871109482166523,0.6511823404313624,0.6512192373356623,0.14636713115550487,0.1462818179013912,9.140527633926107e-07,2.016786123962658e-05,1.2032150006416418,1.2032154179574,-0.18209991835743047,-0.18209978461991166,0.059341035691314166,0.05934183784733908,0.07953399644078898
7.27999999999942,3640,9.653801055844557e-05,0.00041682345141958685,1.786957334055509,1.7869780005412537,0.6507702870750611,0.6508076463420656,0.1473584469355223,0.14727186305123408,9.098651333928584e-07,2.0203972031729294e-05,1.2032132611023427,1.2032136873199772,-0.18205584459131174,-0.18205568110532466,0.059339369694098136,0.05934015675535434,0.07936703270265216
7.299999999999418,3650,9.768418152704644e-05,0.00039935804179141337,1.7868283453401521,1.7868485733021084,0.6503691637985077,0.6504069542216618,0.1483234695736252,0.14823569194097577,9.067257721638789e-07,2.0419295754930057e-05,1.203211521563227,1.2032119566352424,-0.18201177076568845,-0.18201157747568444,0.059337704072242585,0.05933847576061347,0.0792040972899623
7.319999999999416,3660,9.875086810827449e-05,0.00038199668674341816,1.7867029109594008,1.7867226954928805,0.6499790611686707,0.650017250735561,0.14926198108302524,0.14917308865833195,9.046702547486011e-07,2.0095444986978942e-05,1.2032097820403522,1.2032102259031912,-0.1819676968110417,-0.18196747373099123,0.05933603878815692,0.05933679486311427,0.079045130747979
7.339999999999414,3670,9.973563908833325e-05,0.0003647522463438545,1.7865810558614115,1.7866003929054928,0.649600059842252,0.6496386157326439,0.15017378732454412,0.1500838611339952,9.037188033944728e-07,1.99863286421117e-05,1.203208042549753,1.2032084951238187,-0.1819236226587581,-0.18192336987124483,0.059334373804207904,0.05933511406285454,0.07889007292579742
7.3599999999994115,3680,0.00010063607405168962,0.00034761486010795355,1.7864628017511301,1.7864816880608887,0.6492322303509773,0.6492711189352094,0.1510587185229476,0.15096784165724095,9.038759415869806e-07,2.013168567464644e-05,1.2032063031074276,1.2032067642971203,-0.1818795482411623,-0.18187926589644515,0.059332709082781585,0.05933343335983208,0.0787388631256246
7.379999999999409,3690,0.00010144976311365221,0.0003306408616727611,1.7863481670242214,1.7863666001397949,0.6488756328868782,0.6489148197246216,0.1519166297832275,0.15182488739153346,9.051305179990178e-07,2.0276000680978352e-05,1.2032045637293194,1.2032050334230917,-0.1818354734915641,-0.18183516180659223,0.05933104458634337,0.059331752754044675,0.07859144021231303
7.399999999999407,3700,0.00010217430684809541,0.0003138474710697472,1.7862371667007946,1.786255144913483,0.6485303170875962,0.6485697669269577,0.15274740160685382,0.15265488089013168,9.074560958457378e-07,2.0419295754930057e-05,1.2032028244312918,1.203203302501728,-0.18179139834431643,-0.18179105760168673,0.05932938027751088,0.059330072245490126,0.07844774275065997
7.419999999999405,3710,0.000102807316366876,0.0002972702032715974,1.786129812358975,1.7861473346745327,0.6481963218216905,0.6482359985986552,0.153550940407992,0.15345773061169488,9.108116915011736e-07,2.063237243740307e-05,1.2032010852291168,1.2032015715330244,-0.1817473227348771,-0.18174695328172807,0.05932771611912458,0.05932839183416624,0.07830770910464072
7.439999999999403,3720,0.0001033464135272609,0.00028092137118365895,1.7860261120683225,1.7860431781675923,0.647873674973949,0.6479135418121592,0.1543271790296957,0.1542333714358891,9.151428298776486e-07,2.0311919222296604e-05,1.203199346138446,1.2031998405169766,-0.18170324659987652,-0.18170284884671667,0.05932605207432517,0.059326711520070796,0.0781712775516187
7.4599999999994,3730,0.00010378923122406177,0.0002648487868923357,1.7859260703231508,1.7859426805201422,0.647562393230729,0.6476024124415698,0.155076077260073,0.15498176517899287,9.203828576592539e-07,2.0702910668595484e-05,1.2031976071747867,1.2031981094535797,-0.18165916987718908,-0.18165874429665219,0.05932438810663336,0.059325031303201596,0.07803838639391593
7.479999999999398,3740,0.00010413341375172726,0.00024905032388326023,1.785829687975731,1.7858458431732567,0.6472624818652991,0.6473026149482899,0.1557976223484207,0.15570290110950277,9.264544464234794e-07,2.005913882365416e-05,1.2031958683534874,1.2031963783428292,-0.1816150925060125,-0.18161463963153526,0.05932272418003145,0.059323351183556444,0.07790897404995788
7.499999999999396,3750,0.0001043766172191574,0.00023357848927688752,1.7857369621693762,1.7857526638123653,0.6469739345232103,0.6470141421666717,0.15649182952134016,0.15639679646374002,9.332712333384596e-07,2.084327099243578e-05,1.2031941296897102,1.2031946471847206,-0.1815710144269582,-0.181570534851365,0.059321060259046356,0.05932167116113312,0.07778297916243865
7.519999999999394,3760,0.00010451650999595206,0.0002184192618015593,1.7856478862714291,1.7856631362980167,0.6466967330076671,0.6467369750896655,0.15715874249881692,0.15706349696145563,9.40739498857078e-07,2.0982692419620152e-05,1.2031923911984044,1.203192915979249,-0.18152693558211477,-0.18152642995614232,0.05931939630883652,0.05931999123592943,0.07766034069003104
7.539999999999392,3770,0.00010455077317740896,0.00020354579694958918,1.785562449806102,1.7855772505966387,0.6464308470649325,0.6464710826544656,0.1577984340102761,0.15770307732143676,9.487598611997514e-07,2.084327099243578e-05,1.203190652894288,1.2031911847264098,-0.18148285591515564,-0.18148232494586705,0.059317732295274594,0.05931831140794318,0.07754099800886603
7.559999999999389,3780,0.00010447710105593799,0.0001890872523060121,1.7854806383872015,1.785494992711302,0.6461762341697439,0.6462164215281586,0.15841100631060573,0.15831564177711283,9.572288931079904e-07,2.077320937910124e-05,1.203188914791822,1.2031894534261987,-0.181438775371412,-0.18143821982053898,0.05931606818503416,0.05931663167717214,0.07742489100523174
7.579999999999387,3790,0.00010429320157881481,0.00017500902025136754,1.7854024336507088,1.7854163446124816,0.6459328393107476,0.6459729358933707,0.15899659169613756,0.15890132459216105,9.66040652244254e-07,2.0878213633885978e-05,1.2031871769051836,1.2031877220786105,-0.1813946938979688,-0.18139411458015872,0.05931440394567455,0.05931495204361412,0.07728313826520737
7.599999999999385,3800,0.00010388848623022007,0.00016194715562939502,1.7853278305972156,1.785341284168819,0.6457006913055973,0.6457405572339148,0.1595552775580714,0.15946029057611227,9.604617503030657e-07,2.063237243740307e-05,1.2031854450727086,1.203185990683641,-0.1813505958292848,-0.1813500092247255,0.05931274270487433,0.059313272507266916,0.07716109120303308
7.619999999999383,3810,0.00010331034616353634,0.00014970525886736304,1.7852567946940319,1.7852697850778845,0.6454796654472945,0.6455192041204383,0.16008729230716431,0.15999273559995736,9.449517686129562e-07,2.0526110585337575e-05,1.2031837173497761,1.2031842592412854,-0.18130648639244196,-0.18130590375424005,0.05931108334255223,0.05931159306812832,0.07703876219707616
7.639999999999381,3820,0.00010265943913748525,0.0001376721586732934,1.7851892748503155,1.7852018167969395,0.6452695759322513,0.6453087819960701,0.1605929325506572,0.1604988871117527,9.321759557764209e-07,2.1086653546985296e-05,1.203181988640723,1.203182527751539,-0.18126237915200868,-0.18126179816870186,0.05930942304306256,0.05930991372619612,0.0769194008113308
7.659999999999378,3830,0.00010192657037020498,0.0001259366774792099,1.7851252336368701,1.7851373444736982,0.6450703213005384,0.6451091829620683,0.16107245049023905,0.16097900465222637,9.217156692001609e-07,2.0702910668595484e-05,1.2031802591053617,1.2031807962143974,-0.18121827355556341,-0.1812176924681117,0.05930776181770594,0.05930823448146813,0.07680327288098952
7.679999999999376,3840,0.00010109744139398496,0.00011453302661178383,1.785064633901405,1.7850763288770901,0.6448817915396284,0.6449202855634675,0.16152612804059094,0.16143338037038402,9.129985031989885e-07,2.0878213633885978e-05,1.2031785289812105,1.203179064629856,-0.18117416894960608,-0.1811735866524688,0.05930609972792879,0.05930655533394213,0.07666203994462605
7.699999999999374,3850,0.00010014222886563677,0.00010258082365575891,1.7850074287278337,1.785018726328022,0.6447038832313692,0.6447419545747262,0.1619542710519222,0.16186233953911425,9.02480824134101e-07,2.084327099243578e-05,1.2031768022980982,1.2031773329979096,-0.1811300601522843,-0.18112948072177404,0.05930443233583537,0.059304876283615915,0.0765386224025222
7.719999999999372,3860,9.906381418676399e-05,9.05161140059656e-05,1.7849535716398606,1.7849644886301397,0.6445364403429553,0.6445740407853738,0.16235723923195497,0.16226624107079549,8.908581950456135e-07,2.063237243740307e-05,1.2031750778111736,1.2031756013185542,-0.18108594852254428,-0.18108537467602664,0.05930276113268768,0.059303197330487285,0.07638803825445531
7.73999999999937,3870,9.785634319375834e-05,7.967130948532756e-05,1.7849030105207262,1.7849135630005912,0.6443792941859182,0.6444163807856593,0.16273541741910982,0.16264547803290114,8.78200170829356e-07,2.0702910668595484e-05,1.2031733530664932,1.2031738695917849,-0.18104183554125908,-0.18104126851522717,0.059301090784663724,0.05930151847455403,0.07625330252662142
7.759999999999367,3880,9.654149985003656e-05,6.989481454589276e-05,1.7848557259568858,1.7848658920007878,0.6442322497632029,0.6442687967521967,0.1630892544574023,0.16300047816360624,8.667673901874201e-07,2.1121193543184415e-05,1.203171626982458,1.203172137817597,-0.18099772430824584,-0.18099716223937523,0.059299422089480885,0.05929983971581394,0.07611650264965875
7.779999999999365,3890,9.512401277172903e-05,6.0732058762329794e-05,1.7848116581071571,1.784821413467167,0.6440951143525906,0.6441310962336143,0.1634192184719435,0.16333170438739208,8.582261355035097e-07,2.1258792350482307e-05,1.2031698992065947,1.203170405995986,-0.18095361628383685,-0.18095305584847152,0.059297754079064395,0.059298161054264824,0.07598554046222494
7.799999999999363,3900,9.357999697420541e-05,5.17502343860407e-05,1.7847707108409252,1.7847800604419541,0.6439677002194071,0.6440030719362011,0.1637257868721777,0.1636396553306535,8.509777939486218e-07,2.119010463505997e-05,1.2031681706963993,1.2031686741269472,-0.1809095090811242,-0.18090894934251583,0.059296085736102296,0.05929648248990447,0.07585846146869174
7.819999999999361,3910,9.190391354945923e-05,4.3601008898878594e-05,1.7847328064459502,1.7847417611039245,0.643849787752494,0.6438845015095541,0.16400948911127214,0.16392486583730426,8.447043776759368e-07,2.1121193543184415e-05,1.2031664416110104,1.203166942210476,-0.1808654022596003,-0.18086484272150763,0.05929441692741487,0.05929480402273066,0.07573447890080527
7.839999999999359,3920,9.00928705723424e-05,3.571591407634823e-05,1.7846978698872238,1.7847064386991656,0.6437411406120764,0.6437751473322263,0.16427089449405635,0.16418790748438303,8.392469797998507e-07,2.0913097891518843e-05,1.2031647120309397,1.2031652102465678,-0.18082129564726498,-0.180820735985448,0.05929274763775254,0.0592931256527412,0.07561327952707507
7.859999999999356,3930,8.814425104722418e-05,2.8776098462827586e-05,1.7846658228440688,1.78467401147184,0.6436415071397269,0.6436747562973738,0.16451061008560924,0.16442938909765864,8.344899947219802e-07,2.119010463505997e-05,1.2031629820188006,1.2031634782352179,-0.1807771891471382,-0.18077662913433593,0.05929107788232929,0.05929144737993388,0.07549474092631729
7.879999999999354,3940,8.605554609076945e-05,2.271743917865515e-05,1.7846365817517433,1.7846443925949464,0.6435506199562008,0.643583059598403,0.1647292807653649,0.1646499572672371,8.303344557939399e-07,2.1598954627055457e-05,1.203161251629805,1.2031617461764215,-0.18073308268610322,-0.18073252216817232,0.059289407681690776,0.059289769204306494,0.07537880991738174
7.899999999999352,3950,8.382437748224218e-05,1.7580275371856632e-05,1.7846100573268588,1.784617490101082,0.6434681956229752,0.6434997725146183,0.16492758968328497,0.164850296863167,8.266901552345458e-07,2.139550625045351e-05,1.2031595209143806,1.2031600140701741,-0.18068897619948332,-0.18068841508695674,0.0592877370542418,0.05928809112585684,0.07526545632691013
7.91999999999935,3960,8.144848511920128e-05,1.4983666681503355e-05,1.7845861545308488,1.784593206813205,0.6433939344243578,0.6434245941968697,0.1651062587724184,0.16503113155104496,8.234734759320458e-07,2.1497471115166028e-05,1.2031577899188335,1.2031582819164712,-0.1806448696272117,-0.18064430789068975,0.059286066014967276,0.05928641314458271,0.07515465680178528
7.939999999999348,3970,7.892570105774137e-05,1.4589290462454084e-05,1.784564772623189,1.7845714402753967,0.6433275201846175,0.643357207453199,0.16526604926753138,0.16519322430762298,8.20606936398719e-07,2.139550625045351e-05,1.2031560586855525,1.2031565497153083,-0.18060076291338026,-0.18060020057937048,0.05928439457589977,0.059284735260481884,0.07504638990218569
7.959999999999345,3980,7.62539268769297e-05,1.6903855776160324e-05,1.7845458052075678,1.7845520826836234,0.6432686200849452,0.6432972785344895,0.1654077622239216,0.16533737793641193,8.180191179199498e-07,2.0982692419620152e-05,1.2031543272531509,1.2031548174666802,-0.18055665600643275,-0.18055609315300006,0.05928272274681848,0.05928305747355218,0.07494063508754548
7.979999999999343,3990,7.343111757847774e-05,1.9913252241518953e-05,1.7845291402526275,1.7845350208164987,0.6432168844731079,0.6432444569201106,0.1655322390357367,0.1654644355832902,8.156445616510765e-07,2.1598954627055457e-05,1.2031525956566884,1.2031530851705827,-0.18051254885926815,-0.18051198561157744,0.05928105053580407,0.05928137978379137,0.07483737284066251
7.999999999999341,4000,7.045527111946104e-05,2.3783381691639052e-05,1.7845146600888666,1.7845201359660456,0.6431719466664464,0.6431983751035675,0.16564036195361714,0.1655752812521076,8.134235886872216e-07,2.1666346224911465e-05,1.2031508639279238,1.2031513528270112,-0.1804684414291693,-0.1804678779551036,0.059279377949629536,0.059279702191197256,0.07473658505510503
8.019999999999348,4010,6.73244223568967e-05,2.763906749706611e-05,1.7845022413867448,1.7845073038684585,0.6431334227499759,0.6431586483781472,0.16573305460167526,0.16567084032029267,8.11302076922959e-07,2.1293053117836167e-05,1.2031491320955716,1.2031496204359609,-0.18042433367761423,-0.180423770183578,0.059277704994038845,0.05927802469576762,0.07463825540354595
8.039999999999354,4020,6.403664066315298e-05,3.153188473342577e-05,1.7844917551205093,1.7844963946348655,0.6431009113710452,0.6431248746225668,0.16581128249385343,0.16575208005445716,8.092311900859184e-07,2.1327258847706145e-05,1.2031474001855773,1.2031478879974271,-0.18038022557001668,-0.18037966229700134,0.05927603167394541,0.05927634729750028,0.074542369621251
8.059999999999361,4030,6.059003112523017e-05,3.497346992648366e-05,1.7844830665213094,1.7844872726820908,0.6430739935315289,0.6430966340866204,0.16587605354977783,0.16582001012600317,8.071671099401751e-07,2.1463536648682345e-05,1.2031456682213648,1.2031461555114051,-0.18033611707544278,-0.18033555429537304,0.0592743579935836,0.059274669996393005,0.07444891572550007
8.079999999999368,4040,5.698273986779655e-05,3.827725398272289e-05,1.7844760350223108,1.7844797966634163,0.6430522323782757,0.6430734891768264,0.1659284186101758,0.1658756831267286,8.050707313308378e-07,2.1258792350482307e-05,1.203143936224095,1.2031444229778907,-0.18029200816628685,-0.18029144617869303,0.05927268395661473,0.0592729927924436,0.07441153196662549
8.099999999999374,4050,5.325365839058382e-05,4.1300059168711e-05,1.7844705350337677,1.7844738193993437,0.6430351328350374,0.6430549842420754,0.16596950113592102,0.16592019508443281,8.071709374034453e-07,2.1531352099333316e-05,1.203142201424781,1.203142690396879,-0.18024790388382372,-0.1802473379469617,0.059271012128937095,0.05927131568564985,0.07434699042230282
8.119999999999381,4060,4.937978695574255e-05,4.366783040766235e-05,1.7844664105861432,1.7844691878083578,0.6430222442267665,0.643040645359277,0.16600042489760658,0.16595468597852342,8.118512158894349e-07,2.1666346224911465e-05,1.2031404649811783,1.2031409577683652,-0.18020380230601785,-0.18020322960017945,0.0592693415713009,0.05926963867600955,0.074288711686294
8.139999999999388,4070,4.531809472384252e-05,4.619854323992166e-05,1.7844634802785795,1.7844657428376869,0.6430131154003036,0.6430299801190077,0.16602234253887654,0.16598034025562056,8.149747120014664e-07,2.139550625045351e-05,1.203138729565989,1.2031392250923447,-0.18015969855602296,-0.18015912113834598,0.05926766982818811,0.0592679617635205,0.07423392599607102
8.159999999999394,4080,4.106947172753852e-05,4.8326906818709666e-05,1.7844615712622807,1.784463319394066,0.6430072317569983,0.643022477411158,0.16603648216859945,0.16599838734516528,8.163914003803906e-07,2.1699963539503996e-05,1.203136995176979,1.2031374923688132,-0.1801155924420652,-0.1801150125614609,0.059265996792522174,0.05926628494818048,0.07418179313382017
8.179999999999401,4090,3.663786427127889e-05,5.040880899675956e-05,1.7844605118631192,1.7844617462744992,0.6430040580781179,0.6430176072105803,0.16604412026339363,0.16601010217502257,8.161676745585134e-07,2.1052056881276945e-05,1.2031352617216564,1.2031357595977659,-0.18007148404958406,-0.18007090386952507,0.059264322502579125,0.05926460822998729,0.074132019384386
8.199999999999408,4100,3.202602222410289e-05,5.212915641671153e-05,1.7844601271044398,1.784460846097021,0.6430030423607109,0.6430148203627352,0.16604657862475966,0.16601680568708996,8.143770740048539e-07,2.1258792350482307e-05,1.2031335291350045,1.203134026779198,-0.1800273734788474,-0.18002679506253777,0.059262647013000255,0.05926293160893872,0.07408448960219062
8.219999999999414,4110,2.7236501772615392e-05,5.391632964943716e-05,1.7844602365032958,1.7844604352314588,0.6430036146355543,0.6430135483693402,0.16604522493627696,0.16601986535290109,8.111001690959316e-07,2.2000207897163392e-05,1.203131797366546,1.203132293913105,-0.1799832608315146,-0.1799826861404993,0.05926097038301992,0.059261255085032556,0.07409256597191152
8.239999999999421,4120,2.2302830259107678e-05,5.4987265008474394e-05,1.784460640403948,1.7844603237301953,0.6430051503799953,0.6430132031740163,0.16604149156535766,0.1660206956892339,8.088814303282514e-07,2.1632676668865267e-05,1.203130064593715,1.2031305609994822,-0.17993914899510463,-0.17993857710341038,0.059259294386613585,0.0592595786582666,0.07413048745198453
8.259999999999428,4130,1.723527204055873e-05,5.590750785517928e-05,1.7844611036709372,1.784460323004432,0.6430070473027734,0.6430131651706308,0.16603682340349518,0.16602072940290494,8.057947077938909e-07,2.173352885506333e-05,1.2031283323758448,1.203128828038325,-0.17989503580246718,-0.17989446795126998,0.0592576174271913,0.05925790232863864,0.0740963936053749
8.279999999999434,4140,1.247912728829351e-05,5.671011095930893e-05,1.784461485175689,1.7844604292197368,0.6430087335744334,0.6430125117364156,0.1660325625844417,0.16602071610534702,7.958450338071879e-07,2.1565179853261896e-05,1.2031266042990592,1.203127095029629,-0.17985091362554578,-0.17985035868407925,0.059255935247741816,0.05925622609614647,0.07408525323292264
8.299999999999441,4150,8.69238792919731e-06,5.7653432178788306e-05,1.7844618609264442,1.784460831232313,0.6430091785413428,0.643010038563905,0.1660292540059027,0.16602066577563682,7.787461247171685e-07,2.173352885506333e-05,1.203124880129632,1.203125361973389,-0.17980678187158017,-0.17980624930183717,0.05925424889337129,0.059254549960787876,0.07407495549640647
8.319999999999448,4160,6.675097582861805e-06,5.858156535098012e-05,1.7844624543437915,1.784461721496524,0.6430070160776605,0.6430045616780931,0.16602671839171518,0.166020554319572,7.56882127221636e-07,2.1531352099333316e-05,1.203123158493468,1.203123628869601,-0.1797626432348054,-0.1797621398045447,0.05925256059394612,0.05925287392256065,0.07401394811055312
8.339999999999455,4170,7.394276229824103e-06,5.947071244059577e-05,1.784463605116361,1.7844632868796158,0.6430008505923965,0.6429949314758022,0.16602477853530404,0.1660203583424259,7.414645830816665e-07,2.173352885506333e-05,1.2031214333297642,1.2031218957182601,-0.1797185116898634,-0.17971803019220098,0.059250875294915205,0.05925119798146258,0.07396539196864282
8.359999999999461,4180,9.9817689050491e-06,6.0068300485508595e-05,1.7844655655167891,1.7844657087152596,0.6429894910742604,0.6429800323962805,0.16602324083142325,0.16602005514224424,7.324081431339534e-07,2.1767042412140833e-05,1.203119704666981,1.2031201625193615,-0.17967438793268098,-0.1796739204648071,0.05924919309847748,0.059249522137491475,0.0739257292856173
8.379999999999468,4190,1.3297979655495684e-05,6.0828002042937604e-05,1.78446849069488,1.7844691628570972,0.6429718657265983,0.6429587825917992,0.16602190656931554,0.16601962270314155,7.231775221290608e-07,2.1121193543184415e-05,1.2031179762460296,1.2031184292729007,-0.17963026354126682,-0.17962981062236252,0.05924751080630597,0.05924784639064511,0.07389037403654504
8.399999999999475,4200,1.687005462183092e-05,6.154280920806009e-05,1.7844725545005997,1.7844738197322847,0.6429468776355313,0.6429301335982498,0.16602066300225937,0.16601903968859785,7.135094582679278e-07,2.1531352099333316e-05,1.2031162482139688,1.2031166959788733,-0.1795861379061105,-0.17958570066486695,0.05924582807135407,0.059246170740921276,0.073857642630871
8.419999999999481,4210,2.052062852835524e-05,6.244815849031021e-05,1.7844779354026488,1.7844798443950363,0.6429134697713311,0.6428930700057416,0.16601942627092,0.16601828543475516,7.035387722044055e-07,2.119010463505997e-05,1.203114520517031,1.2031149626372741,-0.1795420110241688,-0.17954159059232136,0.05924414485482479,0.05924449518831777,0.07382680457954412
8.439999999999488,4220,2.4172404043001237e-05,6.342107413619386e-05,1.7844848084841989,1.7844873965801689,0.6428706296191649,0.6428466091291992,0.16601812920810516,0.1660173399437141,6.934300467920368e-07,2.1497471115166028e-05,1.2031127931026555,1.203113229248099,-0.17949788299365327,-0.17949748040472477,0.05924246120175071,0.05924281973283238,0.07379748792437756
8.459999999999495,4230,2.77854715558088e-05,6.463917964007472e-05,1.7844933419993971,1.784496630756647,0.6428173856749209,0.6427898006789597,0.1660167172652023,0.16601618387683037,6.833499769008506e-07,2.1666346224911465e-05,1.2031110659240425,1.2031114958113434,-0.17945375394669352,-0.17945337010207765,0.05924077718594136,0.0592411443744629,0.07371624279309545
8.479999999999501,4240,3.1285813563191665e-05,6.587902458299892e-05,1.7845038115632408,1.7845076961811253,0.6427527675775139,0.64272172643137,0.16601519744684562,0.1660147985480115,6.7850299491646e-07,2.1666346224911465e-05,1.2031093354756832,1.2031097623270022,-0.17940963294400739,-0.17940925968438065,0.05923909649877279,0.05923946911320711,0.0737002465162581
8.499999999999508,4250,3.4726958251898186e-05,6.716111500519709e-05,1.7845162498263112,1.784520736951494,0.6426759344211661,0.6426414998993843,0.16601346765644576,0.16601316591701323,6.724759957215268e-07,2.1497471115166028e-05,1.2031076059481716,1.2031080287950708,-0.17936550990231467,-0.17936514915163282,0.059237415421111224,0.05923779394906282,0.07363044855920098
8.519999999999515,4260,3.8069802841652524e-05,6.856817688817601e-05,1.7845308233055932,1.7845358920604226,0.642585996033185,0.6425482660031617,0.16601151847736262,0.16601126858273624,6.677766992241831e-07,2.119010463505997e-05,1.203105875599506,1.2031062952155451,-0.17932138863357672,-0.1793210385038352,0.059235735140885974,0.0592361188820278,0.07356650060134969
8.539999999999521,4270,4.127927784157386e-05,7.014466275831948e-05,1.7845477297499095,1.7845532954489045,0.6424821022525201,0.6424412007406631,0.16600935073941608,0.16600908977652254,6.670121885172231e-07,2.1293053117836167e-05,1.203104142426142,1.2031045615884202,-0.17927727426628465,-0.17927692774098733,0.05923405774055447,0.05923444391209986,0.07351135888390908
8.559999999999528,4280,4.440012311517611e-05,7.18388504108993e-05,1.78456701869109,1.7845730760598009,0.6423634949373862,0.6423195108582487,0.1660068961970466,0.16600661335545228,6.660044567094517e-07,2.1598954627055457e-05,1.2031024094035783,1.2031028279136913,-0.17923315959749106,-0.17923281686308884,0.05923238052370282,0.05923276903927677,0.07346009189581235
8.579999999999535,4290,4.7431157241386375e-05,7.37415324982636e-05,1.784588794796012,1.784595357891384,0.6422294074190248,0.6421824335212756,0.1660041293879187,0.16600382379564005,6.645724886509154e-07,2.1052056881276945e-05,1.2031006766733625,1.2031010941913538,-0.1791890439743599,-0.17918870587014069,0.059230703084752485,0.05923109426355633,0.07341073081840656
8.599999999999541,4300,5.0367577429075814e-05,7.590427053943367e-05,1.7846131781081698,1.7846202600508836,0.6420791021240065,0.6420292359846952,0.1660010334371982,0.16600070618553167,6.627739802006851e-07,2.1598954627055457e-05,1.20309894420889,1.203099360421403,-0.17914492735481768,-0.17914459476214198,0.05922902535327243,0.05922941958493633,0.07336252707535246
8.619999999999548,4310,5.320621358283357e-05,7.805377794472831e-05,1.784640288651351,1.7846478968080284,0.6419118735632472,0.6418592152636501,0.16599759349335244,0.16599724621920064,6.606773356007303e-07,2.1121193543184415e-05,1.2030972119769703,1.2030976266038347,-0.17910080980908763,-0.1791004835390937,0.05922734735156161,0.05922774500341456,0.07331520335444325
8.639999999999555,4320,5.594520260928159e-05,8.0454293972545e-05,1.7846702415457598,1.7846783776485926,0.6417270470224521,0.6416716978040722,0.1659937956351553,0.1659934301896448,6.583462843875109e-07,2.1598954627055457e-05,1.203095479948018,1.203095892738644,-0.17905669142754393,-0.1790563722009949,0.059225669123747514,0.0592260705189888,0.07319752428721864
8.659999999999561,4330,5.858349368138747e-05,8.307529072337137e-05,1.7847031459198572,1.7847118073279387,0.6415239775693847,0.6414660391532792,0.16598962666407285,0.16598924498208273,6.558386496368145e-07,2.1463536648682345e-05,1.2030937480965302,1.203094158825826,-0.1790125722945024,-0.17901226074784668,0.05922399071278541,0.059224396131656865,0.0730735439952543
8.679999999999568,4340,6.112059219518643e-05,8.580318953420186e-05,1.7847391049658776,1.784748285924562,0.641302049452877,0.6412416236305726,0.16598507403032103,0.1659846780672505,6.532068199772375e-07,2.1531352099333316e-05,1.2030920164004992,1.2030924248653765,-0.1789684524826994,-0.17896814917964815,0.05922231215513067,0.05922272184141652,0.07295158288338917
8.699999999999575,4350,6.355641655360885e-05,8.874318936866153e-05,1.7847782162477204,1.7847879088936347,0.6410606756527514,0.6409978639978352,0.16598012579239227,0.16597971749469825,6.504984302641436e-07,2.1666346224911465e-05,1.203090284840776,1.2030906908572907,-0.17892433205389457,-0.17892403749640015,0.059220633480811385,0.059221047648265565,0.07283156550993833
8.719999999999581,4360,6.589119886316028e-05,9.172406219378448e-05,1.7848205720109636,1.7848307671205508,0.6407992974780445,0.6407342011301277,0.16597477059364285,0.16597435188608653,6.477569615622319e-07,2.1463536648682345e-05,1.2030885534005715,1.2030889568015637,-0.17888021106063975,-0.17887992569810252,0.059218954714592306,0.05921937355220178,0.07271341849376486
8.739999999999588,4370,6.812540915679525e-05,9.499550755293532e-05,1.784866259441994,1.784876946974469,0.6405173841849914,0.640450103686287,0.1659689976479368,0.16596857042848318,6.450222420387578e-07,2.1361409804484527e-05,1.2030868220651025,1.2030872226981915,-0.17883608954786956,-0.17883581378475466,0.05921727587701967,0.05921769955322297,0.07259707060166092
8.759999999999595,4380,7.025969669640137e-05,9.835828137405715e-05,1.7849153608768633,1.7849265303618578,0.6402144326074136,0.6401450677795227,0.1659627967299613,0.16596236286765959,6.423308633492041e-07,2.1052056881276945e-05,1.2030850908213329,1.2030854885471687,-0.17879196755412136,-0.17879170175635764,0.059215596985202366,0.059216025651326915,0.07248245279337402
8.779999999999601,4390,7.229484495312649e-05,0.00010199647520327509,1.7849679539699372,1.78497959478004,0.6398899667967102,0.6398186166480152,0.16595615816772322,0.16595571950138754,6.397165724739307e-07,2.173352885506333e-05,1.2030833596577486,1.2030837543484914,-0.17874784511251096,-0.17874758961291065,0.059213918053398366,0.05921435184651141,0.07236949827812819
8.799999999999608,4400,7.423173753142549e-05,0.00010571634764438516,1.7850241118318686,1.7850362133707356,0.6395435376694542,0.6394703003255127,0.16594907283593419,0.16594863117273562,6.372106137110489e-07,2.1327258847706145e-05,1.2030816285641688,1.2030820201021544,-0.17870372225153183,-0.1787034773544145,0.059212239093475894,0.059212678138774226,0.07225814251398105
8.819999999999615,4410,7.60713326377145e-05,0.00010949626209707174,1.7850839031444965,1.785096454973607,0.6391747226608555,0.6390996953119286,0.16594153214964,0.16594108926336584,6.348420322249547e-07,2.1800504449438904e-05,1.2030798975315882,1.2030802858081533,-0.17865959899573886,-0.17865936498086832,0.05921056011529245,0.059211004528113176,0.07214832316433475
8.839999999999621,4420,7.781464520283285e-05,0.00011357436045668633,1.7851473922654488,1.7851603841798032,0.6387831253849032,0.6387064042439388,0.1659335280651335,0.16593308568683016,6.326377875565626e-07,2.1052056881276945e-05,1.2030781665520933,1.2030785514664835,-0.17861547536637962,-0.1786152524922732,0.059208881127189916,0.05920933101452603,0.07203998007729172
8.859999999999628,4430,7.946273448426217e-05,0.0001177588792753344,1.7852146393259205,1.7852280613855032,0.638368375299421,0.6382900555655794,0.16592505308551256,0.16592461288186713,6.306226952798006e-07,2.1121193543184415e-05,1.2030764356188548,1.2030768170771402,-0.17857135138204555,-0.17857113988862872,0.05920720213660176,0.05920765759801059,0.0719330556842245
8.879999999999635,4440,8.101668832748797e-05,0.00012215827223689934,1.7852857002791145,1.7852995428454608,0.6379301273598825,0.6378503031988438,0.16591610022175157,0.16591566380569844,6.288202108535382e-07,2.139550625045351e-05,1.2030747047256534,1.2030750826401189,-0.17852722705899118,-0.1785270271699344,0.0592055231496463,0.05920598427856463,0.07182749449824237
8.899999999999642,4450,8.247761585011284e-05,0.00012662358366825947,1.7853606269564843,1.7853748807265493,0.6374680616828238,0.63738682621428,0.16590666297921203,0.1659062319273254,6.272527143935405e-07,2.1121193543184415e-05,1.2030729738667854,1.203073348155415,-0.17848310241120066,-0.17848291433619123,0.05920384417099636,0.059204311056185954,0.07172324319369933
8.919999999999648,4460,8.384664547845742e-05,0.00013132581820626848,1.7854394671467968,1.785454123161304,0.6369818832185602,0.6368993285015883,0.1658967353699036,0.16589631122082565,6.259412829908928e-07,2.139550625045351e-05,1.203071243037175,1.203071613623024,-0.17843897745067827,-0.17843880138739848,0.05920216520437652,0.05920263793087235,0.07162025061435585
8.939999999999655,4470,8.512492061598718e-05,0.0001360905550983536,1.7855222646629545,1.7855373143014681,0.6364713214196558,0.6363875384402182,0.1658863119074348,0.16588589615864968,6.249057724453678e-07,2.0913097891518843e-05,1.2030695122322763,1.2030698790429408,-0.17839485218785833,-0.17839468832355693,0.05920048625280015,0.05920096490262159,0.07154431155562943
8.959999999999662,4480,8.635768003136885e-05,0.00014123697472194553,1.7856089483503093,1.785624494371536,0.6359361546510008,0.6358512085699665,0.16587534700112333,0.1658749817049173,6.237058042041874e-07,2.1052056881276945e-05,1.2030677841913417,1.2030681444151612,-0.17835071955536075,-0.1783505751446659,0.05919880371608709,0.05919929197143147,0.07141743012500894
8.979999999999668,4490,8.749330704323856e-05,0.00014650616458633832,1.7856997479196042,1.785715699722298,0.6353761414695295,0.6352901152615735,0.16586389544257055,0.16586356330871438,6.235342017769201e-07,2.1017403266208992e-05,1.2030660548355285,1.2030664097396806,-0.17830659039829752,-0.17830646185072618,0.05919712283752593,0.05919761913729979,0.07131830105903242
8.999999999999675,4500,8.854398852689681e-05,0.00015183254736351692,1.7857946672210252,1.7858109628843835,0.6347910894003994,0.6347040583873219,0.16585194024977487,0.16585163689738927,6.236798687597385e-07,2.1327258847706145e-05,1.2030643245231945,1.203064675016494,-0.17826246332221804,-0.17826234844173702,0.05919544347527884,0.05919594640022432,0.0712200381908311
9.019999999999682,4510,8.953103039388678e-05,0.00015724276317859604,1.7858936074249638,1.7859103126218063,0.6341808193906342,0.6340928609916328,0.1658394475603153,0.16583919886984952,6.242921200673386e-07,2.0738089811501742e-05,1.2030625956435044,1.2030629402455968,-0.17821833176015575,-0.17821823491769942,0.05919376228040098,0.05919427376020286,0.07112269701338894
9.039999999999688,4520,9.042231858804156e-05,0.00016285830211782137,1.7859966551358784,1.7860137739855084,0.6335451557947296,0.6334563689616639,0.16582644347361514,0.16582624608985824,6.257608231977833e-07,2.1327258847706145e-05,1.203060866747742,1.2030612054269847,-0.17817419975792786,-0.17817412127861237,0.05919208091542127,0.05919260121723319,0.07102630138062271
9.059999999999695,4530,9.121821419326564e-05,0.000168580844015766,1.7861038508395846,1.786121368366904,0.6328839709499042,0.6327944506979064,0.16581292858646882,0.1658127758793309,6.279720854151943e-07,2.0913097891518843e-05,1.2030591377063975,1.203059470560653,-0.17813006784660146,-0.1781300075244769,0.05919039969832574,0.0591909287713131,0.07093085163170733
9.079999999999702,4540,9.192264700001084e-05,0.00017442911106031552,1.7862152154445483,1.7862331135514233,0.632197160069516,0.6321069967847828,0.16579889953650243,0.16579878601163175,6.308369034730403e-07,2.139550625045351e-05,1.2030574085050723,1.2030577356465968,-0.17808593613772025,-0.17808589365529218,0.05918871871539653,0.059189256422440384,0.07083632727099906
9.099999999999708,4550,9.253906127703679e-05,0.0001803706703513097,1.7863307615413848,1.7863490237720583,0.6314846388028449,0.631393919661244,0.1657843530634525,0.16578427470487045,6.343007377857923e-07,2.1086653546985296e-05,1.2030556791497815,1.2030560006848117,-0.17804180463201313,-0.1780417796710593,0.05918703797504243,0.059187584170612824,0.07076838903228087
9.119999999999715,4560,9.315621889161336e-05,0.00018684968400291992,1.786450354188162,1.7864691097629048,0.6307464019030872,0.6306551532913666,0.1657692207831629,0.16576924061519857,6.40868887855156e-07,2.1017403266208992e-05,1.2030539533963978,1.203054265675293,-0.17799766358474958,-0.17799766557177726,0.05918535238123781,0.0591859120158282,0.07067496876274039
9.139999999999722,4570,9.365961719445312e-05,0.0001932774583122321,1.786574165573508,1.7865933788127082,0.6299823205294579,0.6298906528349505,0.1657535873516297,0.16575368283010633,6.484795394022891e-07,2.1052056881276945e-05,1.2030522265944448,1.2030525306180362,-0.17795352444602625,-0.1779535513574469,0.05918366779452001,0.05918423995808432,0.07060843796731822
9.159999999999728,4580,9.408877355971341e-05,0.00019980492365565073,1.7867021616721939,1.7867218348184069,0.6291924031993168,0.6291003943181162,0.1657374264820779,0.16573760086171896,6.578401714219001e-07,2.1052056881276945e-05,1.2030505002309764,1.2030507955130363,-0.17790938384848645,-0.1779094370280676,0.05918198256238821,0.05918256799737895,0.07054224294547161
9.179999999999735,4590,9.449704945548056e-05,0.00020675429384354064,1.7868342515005047,1.7868544783386768,0.6283766807476752,0.628284374303902,0.16572069831036212,0.16572099464009335,6.717485246402453e-07,2.119010463505997e-05,1.2030487765366784,1.203049060360289,-0.17786523582474945,-0.1778653225836402,0.059180293503530344,0.05918089613370988,0.07047654845036155
9.199999999999742,4600,9.481174604563396e-05,0.00021366527740074228,1.786970539489834,1.7869913066474752,0.6275351180855242,0.6274426095628617,0.165703457583266,0.16570386450651473,6.877450831957649e-07,2.0982692419620152e-05,1.2030470524699928,1.2030473251597895,-0.17782108792067278,-0.17782120802416446,0.05917860452134773,0.05917922436707491,0.07041145778247745
9.219999999999748,4610,9.502892469430378e-05,0.0002206604374794813,1.7871110520137476,1.7871323137875856,0.6266677552291932,0.6265751367436616,0.16568571156726267,0.16568621120679303,7.049032426251826e-07,2.1121193543184415e-05,1.2030453277919189,1.2030455899115333,-0.17777694122237325,-0.17777709334963987,0.05917691627058369,0.05917755269747182,0.07034702892188313
9.239999999999755,4620,9.515422592816496e-05,0.00022769040287861497,1.7872557825511468,1.7872774906241609,0.6257746551946973,0.6256820120436782,0.1656674589553966,0.16566803588455967,7.227033820389875e-07,2.0702910668595484e-05,1.203043602498683,1.2030438546155158,-0.1777327959489147,-0.17773297856006726,0.05917522890526666,0.05917588112489839,0.0702832742702927
9.259999999999762,4630,9.519329845486223e-05,0.000234727204599044,1.7874047119708432,1.7874268248982685,0.6248558979738073,0.6247633108795955,0.16564869781541453,0.16564934007456394,7.408475626417775e-07,2.1121193543184415e-05,1.2030418766275732,1.2030421192717322,-0.17768865205753617,-0.17768886365544592,0.05917354241232723,0.05917420964935241,0.07022018360877423
9.279999999999768,4640,9.515094308482903e-05,0.0002418456081638744,1.7875578165118513,1.787580301280434,0.6239115810543312,0.623819127558002,0.16562942700561759,0.16563012569596972,7.591622846719669e-07,2.0702910668595484e-05,1.2030401502262795,1.203040383880178,-0.1776445094184534,-0.17764474863577678,0.05917185672237236,0.05917253827083167,0.07015773904038944
9.299999999999775,4650,9.503121671421858e-05,0.0002490122721091109,1.7877150704668099,1.7877379014241856,0.6229418198322167,0.6228495749459886,0.16560964638000983,0.16561039504565192,7.775416373756548e-07,2.094792405701141e-05,1.2030384233423086,1.2030386484408484,-0.17760036788567674,-0.17760063350105906,0.05917017175547841,0.05917086698933396,0.07009592189014419
9.319999999999782,4660,9.48375469649234e-05,0.00025620892198136653,1.7878764468189277,1.787899604019598,0.6219467475794368,0.6218547841417457,0.16558935675152855,0.1655901507914932,7.959170588469736e-07,2.063237243740307e-05,1.2030366960190602,1.203036912953739,-0.1775562273231903,-0.1775565182512937,0.05916848743761593,0.05916919580485706,0.07003471529627041
9.339999999999788,4670,9.457283587543624e-05,0.00026346630262792144,1.7880419171817368,1.7880653848468366,0.6209265152296123,0.6208349041451607,0.16556855979231666,0.16556939596568035,8.142417380537478e-07,2.049056751003836e-05,1.2030349682947783,1.203035177418845,-0.1775120876123467,-0.17751240288648024,0.059166803704948506,0.05916752471739876,0.06997410496536736
9.359999999999795,4680,9.423956310484761e-05,0.0002707364561185163,1.7882114515558394,1.7882352168297027,0.6198812911088175,0.6197901015284152,0.1655472579223606,0.16554813395800105,8.324822718972039e-07,2.1052056881276945e-05,1.2030332402026218,1.203033441836162,-0.17746794865226412,-0.17746828740661824,0.05916512050384202,0.05916585372695683,0.06988898495375218
9.379999999999802,4690,9.382028884526903e-05,0.0002776957025494067,1.7883850911217243,1.7884090700891757,0.6188112599092875,0.6187205601065825,0.16552547323921482,0.16552636850914032,8.452603272828255e-07,2.0702910668595484e-05,1.203031509020626,1.203031706205685,-0.17742381707695487,-0.1774241718117088,0.05916344138472589,0.05916418283352908,0.0698050359496142
9.399999999999809,4700,9.331885631590735e-05,0.00028443863362314064,1.7885627935819197,1.7885869119969589,0.6177166244114827,0.6176264806082249,0.16550320607692112,0.16550410370397714,8.53312450411185e-07,2.1086653546985296e-05,1.203029775504194,1.2030299705274095,-0.17737969142740523,-0.17738005610175098,0.05916176563192503,0.059162512037113285,0.06969668571239061
9.419999999999815,4710,9.274659453539482e-05,0.000291488375879441,1.7887445345366075,1.7887687072290235,0.6165976170877471,0.6165080803459911,0.16548045874456493,0.16548134396488093,8.574265568447843e-07,2.066767164616705e-05,1.2030280405037166,1.203028234801331,-0.17733557100930913,-0.1773359402767458,0.059160092291448564,0.059160841337707236,0.06958972468157383
9.439999999999822,4720,9.21070667920247e-05,0.00029875734627119355,1.7889302439098176,1.788954417819152,0.615454466880976,0.6153655928872137,0.1654572296994473,0.16545809404500833,8.586030887360721e-07,2.045496267426006e-05,1.2030263044669525,1.2030264990274449,-0.17729145432647433,-0.17729182433669283,0.059158420776698514,0.05915917073530871,0.06948362094911893
9.459999999999829,4730,9.14101121262329e-05,0.00030605135666429993,1.7891198049568104,1.7891440032124832,0.614287412660166,0.6141992677245063,0.16543350852828576,0.16543435902159953,8.600852093384108e-07,2.0982692419620152e-05,1.2030245686967354,1.2030247632057463,-0.17724733695534206,-0.17724770828159173,0.059156749210855605,0.05915750022991549,0.06937823382697167
9.479999999999835,4740,9.066131654895186e-05,0.0003133035207580763,1.7893131633623724,1.7893374203190555,0.6130967218671902,0.6130093699463612,0.16540929794516504,0.16541014428927495,8.622974503510039e-07,2.084327099243578e-05,1.203022833258749,1.2030230273362308,-0.17720321846724432,-0.17720359211144338,0.059155077305189055,0.059155829821525376,0.06927352484624237
9.499999999999842,4750,8.986184520979045e-05,0.000320584898782509,1.7895102800976617,1.7895346235673522,0.6118826774418479,0.6117961799077464,0.1653846050815242,0.16538545555333187,8.6524750307244e-07,2.084327099243578e-05,1.2030210981187601,1.2030212914188938,-0.1771590988986647,-0.17715947582624694,0.05915340504748123,0.05915415951013614,0.06916948956406546
9.519999999999849,4760,8.901169082553017e-05,0.0003278802058477238,1.7897111161626673,1.789735564957845,0.61064557675909,0.6105599929007033,0.16535943818280555,0.16536029882304087,8.688521133245182e-07,2.05970127328611e-05,1.203019363235248,1.2030195554537304,-0.1771149783672241,-0.17711535942600343,0.05915173249309196,0.059152489295745576,0.06906613565665305
9.539999999999855,4770,8.811085351896116e-05,0.00033508630668858963,1.7899156288047298,1.7899401941165378,0.6093857314865384,0.6093011188249439,0.16533380549837573,0.16533468040494248,8.730185855478634e-07,2.0526110585337575e-05,1.2030176285696048,1.2030178194407364,-0.1770708569949943,-0.1770712429107124,0.05915005970569208,0.05915081917835147,0.0689634727370574
9.559999999999862,4780,8.715944718908251e-05,0.0003423344879376886,1.7901237711730493,1.7901484583485119,0.6081034672466533,0.6080198818584481,0.16530771499896613,0.1653086068961438,8.776609099589143e-07,2.084327099243578e-05,1.2030158940844549,1.2030160833799066,-0.17702673489773452,-0.17702712628037354,0.05914838674367137,0.059149149157951594,0.06886150982780012
9.579999999999869,4790,8.615782334454338e-05,0.00034949910131074584,1.7903354926571284,1.7903603026914696,0.606799123482156,0.6067166201280617,0.16528117452804122,0.16528208517761486,8.827030855030927e-07,2.063237243740307e-05,1.2030141597453328,1.203014347271237,-0.17698261217955744,-0.17698300953498772,0.05914671365800645,0.05914747923454375,0.06876025685562255
9.599999999999875,4800,8.510630704422125e-05,0.00035661584565152094,1.7905507393984372,1.7905756699692779,0.6054730529659034,0.6053916853800925,0.16525419175418182,0.16525512240748547,8.880713564097441e-07,2.0913097891518843e-05,1.2030124255160644,1.2030126111147224,-0.1769384889441354,-0.17693889267455415,0.05914504049615337,0.059145809408125714,0.06865972250304814
9.619999999999882,4810,8.400559103214488e-05,0.00036370156076362566,1.7907694543859172,1.790794500845514,0.6041256218810016,0.604045442650909,0.16522677456908264,0.1652277260143416,8.937020533374931e-07,2.0526110585337575e-05,1.2030106913656906,1.2030108749103585,-0.17689436527943894,-0.17689477569907378,0.05914336729897106,0.059144139678695265,0.06855991529126552
9.639999999999889,4820,8.28567683474396e-05,0.00037066757627970525,1.7909915777924303,1.791016733877008,0.6027572095957496,0.602678269937537,0.16519893115210016,0.16519990369052204,8.995426323207645e-07,2.063237243740307e-05,1.2030089572704126,1.2030091386581405,-0.1768502412549876,-0.17685065860854624,0.05914169410073239,0.0591424700462502,0.06846083858408306
9.659999999999895,4830,8.166090830685425e-05,0.00037759774381528554,1.7912170477430394,1.7912423055673878,0.6013682081021294,0.6012905578682571,0.1651706696881472,0.16517166338541484,9.055403242546151e-07,2.0738089811501742e-05,1.2030072232081555,1.203007402358064,-0.17680611693870976,-0.17680654140297108,0.059140020934826634,0.0591408005107883,0.06836249677686192
9.679999999999902,4840,8.041926340776486e-05,0.0003844333308985675,1.7914458003942346,1.7914711504206242,0.5999590219175686,0.5998827093732024,0.16514199857639708,0.16514301329875408,9.116481693790091e-07,2.0311919222296604e-05,1.2030054891622934,1.2030056660101243,-0.17676199238763152,-0.17676242408234927,0.05913834783102898,0.059139131072307345,0.07246766684765879
9.699999999999909,4850,7.858988026046981e-05,0.0003917956006744279,1.7916792141877567,1.7917032009945728,0.5985299763462658,0.5984551393549554,0.16511330833759094,0.1651139618739163,8.683778295296277e-07,2.0702910668595484e-05,1.2030037417269712,1.2030039296143165,-0.17671792238253287,-0.1767183066466799,0.05913670600634103,0.05913746173080512,0.09143343569516349
9.719999999999915,4860,7.64630109878106e-05,0.0004034602195372595,1.7919165850867402,1.7919383879545205,0.597081562957844,0.5970082743591457,0.16508442664999948,0.16508451779121708,7.909803625522049e-07,2.0347774359157065e-05,1.2030019836619783,1.2030021931706363,-0.17667389437184766,-0.17667418909596408,0.0591350889994271,0.05913579248627941,0.0948399729666198
9.739999999999922,4870,7.454840197290602e-05,0.00042180565809139565,1.792156537556865,1.792176640126728,0.5956143384774047,0.5955425522450472,0.16505498621366793,0.16505468996120767,7.23800865720374e-07,2.0347774359157065e-05,1.2030002259901313,1.2030004566790788,-0.1766298622889577,-0.17663007143020143,0.059133469939735894,0.059134123338728,0.10402672167167619
9.759999999999929,4880,7.28116489090683e-05,0.0004430188588758845,1.7923989364380954,1.7924178845519754,0.5941287229058552,0.5940584218561754,0.16502500482945934,0.1650244875179715,6.706225664524998e-07,2.080826967304219e-05,1.2029984701336298,1.2029987201396395,-0.17658582159987088,-0.1765859536493914,0.059131846180801334,0.05913245428814868,0.10921344785816377
9.779999999999935,4890,7.12105034264137e-05,0.00046616979288822453,1.7926437537117275,1.792662046539105,0.5926251609668858,0.5925563426908854,0.1649945140792947,0.16499391981242076,6.316415368832416e-07,2.063237243740307e-05,1.2029967166278346,1.202996983552314,-0.1765417703121211,-0.17654183575353502,0.05913021661688102,0.05913078533453922,0.11352472917603078
9.799999999999942,4900,6.967511947677961e-05,0.0004899902091407163,1.7928910968298803,1.7929090497185665,0.5911041045240641,0.5910367845729683,0.16496357971200998,0.16496299640559303,6.034694539883058e-07,2.1052056881276945e-05,1.2029949649111045,1.2029952469170972,-0.17649771136963427,-0.17649771774263143,0.05912858299182746,0.05912911647789742,0.11588409578710396
9.819999999999949,4910,6.809423267046758e-05,0.0005139986806831699,1.7931413815042263,1.7931588160959608,0.5895660491996627,0.5895002273222492,0.16493231014666312,0.1649317270619478,5.802550549889507e-07,2.077320937910124e-05,1.2029932125373015,1.2029935102339848,-0.17645365796869567,-0.17645359961668175,0.059126953079306224,0.05912744771822105,0.11773006382723963
9.839999999999955,4920,6.654112512104593e-05,0.0005381185680079407,1.7933949869987091,1.7934112661055843,0.5880116774880269,0.5879471604251846,0.16490063224626458,0.164900121742663,5.672742287231356e-07,2.066767164616705e-05,1.202991456078029,1.2029917735029723,-0.17640961722664106,-0.1764094813756853,0.05912532895999158,0.0591257790555079,0.11741912252082605
9.859999999999962,4930,0.00011450523607548471,0.0005611599000132225,1.7936376055674088,1.7936663186639725,0.5864807522080755,0.5863780827054592,0.16482640566855056,0.16486819059893162,6.102955030065727e-07,2.0561592220437957e-05,1.2029896691378288,1.2029900367240547,-0.17636565751746824,-0.17636536301964229,0.05912372240213933,0.05912411048975576,0.12520136023596715
9.879999999999969,4940,0.0002895564513082351,0.000598712688260084,1.7938553099174723,1.7939238912234452,0.5850138921727227,0.5847935019945842,0.16466110772088843,0.16483594396525833,6.701048908198123e-07,2.0276000680978352e-05,1.2029878964267708,1.2029882998972274,-0.17632166199088045,-0.17632124454855247,0.05912210736582922,0.059122442020962396,0.13245357965037124
9.899999999999975,4950,0.0005843850211206776,0.0006558293259689946,1.7940505734431682,1.7941838998256503,0.5836018912886062,0.5831939348024938,0.16440677990453562,0.16480339235275593,6.879826319687525e-07,1.9913252241518953e-05,1.2029861521627476,1.202986563022486,-0.17627758904106106,-0.17627712596241668,0.05912047352823941,0.05912077364912561,0.13631436887818268
9.919999999999982,4960,0.0009668656055785735,0.0007228392780600099,1.7942293661097493,1.794446259155107,0.5822220648867124,0.5815799059881429,0.16408104049242103,0.16477054644244205,7.092346153385763e-07,2.0526110585337575e-05,1.2029844078357295,1.2029848260998257,-0.1762335124118386,-0.1762330072612341,0.059118835389517406,0.05911910537424317,0.13984634642450927
9.939999999999989,4970,0.0014180066704596107,0.0007951387904695202,1.7943956219156336,1.7947108825927514,0.580859160941274,0.5799519484301047,0.1636941917517202,0.1647374170785356,7.335411172760406e-07,2.049056751003836e-05,1.2029826631060847,1.2029830891292421,-0.17618943422292052,-0.17618888844500552,0.059117194888022515,0.05911743719631287,0.14399827450652058
9.959999999999996,4980,0.001921953051903292,0.0008701616437457843,1.7945529104902067,1.7949776822694803,0.5795000046370503,0.5783106026971677,0.16325529324057175,0.1647040152617534,7.591257722991798e-07,2.1155677147440178e-05,1.2029809183704165,1.2029813521107302,-0.17614535397629388,-0.17614476951373031,0.05911555337291604,0.05911576911533249,0.144422848297302
9.980000000000002,4990,0.0024644192954587484,0.0009453568454139209,1.7947040665525555,1.7952465691196948,0.5781326671414689,0.5766564167189333,0.1627730545596114,0.16467035214260678,7.747914674710912e-07,2.0702910668595484e-05,1.2029791760981898,1.2029796150442857,-0.17610125791700426,-0.17610065046740944,0.059113904578170354,0.059114101131299814,0.14191752403040306
10.000000000000009,5000,0.0030327249850127685,0.00101890936579869,1.7948520239594694,1.795517452934845,0.5767467942144444,0.574989945456413,0.1622556602440319,0.1646364390146981,7.762407081018821e-07,2.1463536648682345e-05,1.202977437072199,1.2029778779299038,-0.1760571423050309,-0.17605653130604187,0.059112246497441644,0.059112433244212614,0.1390523655681625
10.020000000000016,5010,0.0036263184872957687,0.001092314546289792,1.7949983391131306,1.795790242416974,0.5753459216863923,0.5733117505726262,0.16170656238866044,0.1646022873080173,7.810669520334178e-07,2.077320937910124e-05,1.202975698236479,1.20297614076758,-0.17601303118538444,-0.1760124120296287,0.059110589732817145,0.05911076545406869,0.137272539447608
10.040000000000022,5020,0.0042623716964473165,0.0011698344066207753,1.7951396547750424,1.796064845232262,0.5739555054075817,0.5716224001031968,0.1611228462119474,0.16456790858223852,7.851810500646071e-07,2.049056751003836e-05,1.2029739610203478,1.2029744035573096,-0.1759689197354397,-0.17596829263816952,0.059108932173026325,0.059109097760865814,0.1565689220496945
10.060000000000029,5030,0.004932991888617956,0.0012518546160116856,1.795278376988715,1.7963411680645711,0.5725723742549262,0.5699224681269512,0.1605105192710422,0.1645333145200167,9.259156724925816e-07,2.0347774359157065e-05,1.2029721744756763,1.2029726662990878,-0.17592495078282455,-0.17592417313166395,0.05910732678067253,0.05910743016460177,0.18760600156115778
10.080000000000036,5040,0.00560285239159059,0.001355564571397511,1.7954212922704493,1.7966191166689884,0.5711529434644481,0.5682125344365159,0.15988211503346014,0.16449851692028405,1.225337532537727e-06,2.0347774359157065e-05,1.2029703387256687,1.2029709289929105,-0.1758811272581732,-0.17588005351011282,0.059105772752632145,0.05910576266527434,0.18094573642186618
10.100000000000042,5050,0.006252828233735322,0.0014920475547288098,1.7955709270044018,1.796898595925371,0.5696726951540291,0.5664931842089138,0.15924568653769944,0.16446352769154673,1.56464099057234e-06,1.9581033806511645e-05,1.2029684952284356,1.2029691916387724,-0.17583732928165863,-0.17583593377351603,0.05910422044713037,0.05910409526288131,0.17440372158547793
10.120000000000049,5060,0.006876675244013302,0.00164307667956222,1.7957287094048744,1.7971795098918901,0.5681290455116795,0.5647650076761627,0.15860881506583643,0.16442835884518128,1.9105009571391922e-06,1.99863286421117e-05,1.2029666528434204,1.202967454236669,-0.17579353257691135,-0.17579181392187293,0.05910266035283166,0.05910242795742046,0.16843611064036884
10.140000000000056,5070,0.007467320247184831,0.0017903757540048775,1.7958966340809992,1.7974617618585749,0.5665199344423991,0.5630285997958719,0.1579803920534235,0.16439302248873136,2.2521799642165634e-06,1.893761558392725e-05,1.2029648142470097,1.2029657167865961,-0.17574973072776506,-0.17574769395518464,0.059101091345837256,0.05910076074888957,0.16211709818324593
10.160000000000062,5080,0.00801793386096679,0.0019216250481034493,1.7960766016778131,1.7977452544008568,0.5648436316125359,0.5612845599218403,0.15736926421086658,0.16435753081920418,2.582926769907206e-06,1.823161606110081e-05,1.2029629810888138,1.202963979288549,-0.17570591896444382,-0.1757035738734507,0.05909951275090058,0.05909909363728642,0.14099350195418917
10.180000000000069,5090,0.008557994203501392,0.0020425249326075402,1.7962640558769039,1.798029889433114,0.5631474627682104,0.559533491474653,0.15676806873362473,0.16432189611636716,2.8801665696941403e-06,1.782731711219369e-05,1.2029611589753206,1.2029622417425225,-0.17566207675159864,-0.17565945367667107,0.05909791901734885,0.059097426622608806,0.13575538010316132
10.200000000000076,5100,0.00911095156408605,0.002158537339056371,1.7964558267741928,1.7983155682622152,0.5614701118400993,0.5577760016122792,0.15616798133944146,0.16428613073604445,3.142454510116001e-06,1.741363392971263e-05,1.2029593470389575,1.2029605041485125,-0.17561820204706646,-0.1756153333648457,0.05909631358222538,0.05909575970485449,0.15399298089198576
10.220000000000082,5110,0.009633343990104409,0.002255880014054753,1.7966594197135735,1.798602191641064,0.5597493993373629,0.5560127009006693,0.15558629659209086,0.1642502471034135,3.3834721980866524e-06,1.6773990684003206e-05,1.2029575420777736,1.2029587665065142,-0.1755743078867064,-0.1755712129379752,0.05909470111976972,0.05909409288402127,0.15337300602493653
10.240000000000089,5120,0.010093146882240176,0.0023310381593566877,1.7968794973737647,1.7988896598221429,0.5579397723041948,0.5542442029843524,0.1550396390046964,0.16421425770630163,3.613377903764739e-06,1.716063790683883e-05,1.2029557421405013,1.202957028816523,-0.17553040505290707,-0.17552709239605885,0.05909307981850124,0.05909242616010692,0.15269524003426743
10.260000000000096,5130,0.010488087868303502,0.0023842989186875934,1.7971165611308713,1.7991778726110579,0.5560479574354885,0.5524711242570338,0.1545367412465476,0.1641781750884827,3.8252213038237295e-06,1.6466989746779883e-05,1.202953948359595,1.2029552910785344,-0.1754864872673781,-0.1754829717390977,0.05909144545204232,0.059090759533109216,0.1363881810120556
10.280000000000102,5140,0.010849406284978588,0.00242865274408964,1.7973661976507456,1.7994667294200823,0.5541283520598049,0.5506940835321921,0.1540671330495196,0.16414201184297353,3.96537452724937e-06,1.6599256849472397e-05,1.2029521753264234,1.2029535532925435,-0.17544250413690285,-0.17543885096709114,0.0590897856463974,0.05908909300302595,0.1525837734557465
10.300000000000109,5150,0.011163688170067387,0.0024571934826062075,1.7976314943734542,1.7997561293217008,0.5521716456949295,0.5489137017136765,0.1536415720394518,0.1641057806053305,4.084930085002255e-06,1.77863817720369e-05,1.2029504071141672,1.202951815458546,-0.1753985018540386,-0.17539473008003895,0.0590881171788658,0.0590874265698549,0.15383469665417454
10.320000000000116,5160,0.011400987284427665,0.0024726820716751354,1.7979161767282756,1.8000459711021541,0.5501419962073762,0.5471306014663047,0.15328163101953793,0.16406949404694623,4.2203947265321e-06,1.8030599818338033e-05,1.2029486341677351,1.2029500775765367,-0.1753545146218969,-0.1753506090779421,0.05908644945713969,0.05908576023359384,0.12618511387231537
10.340000000000122,5170,0.01160399233640644,0.002504950053726892,1.7982128608148968,1.800336153314983,0.5481019860176783,0.5453454068864598,0.15296313602485212,0.16403316486834604,4.264315661292873e-06,1.8390847172212026e-05,1.20294688646129,1.2029483396465117,-0.1753104429390642,-0.1753064879608001,0.05908475033843454,0.05908409399424056,0.14475599088236135
10.360000000000129,5180,0.011760691372201813,0.0025473303600075875,1.7985246182730548,1.8006265743345722,0.546045721644314,0.5435587431726877,0.15269589519424956,0.16399680579248455,4.302394603050071e-06,1.9014441926092368e-05,1.2029451386977237,1.2029466016684658,-0.17526636489147523,-0.17526236672861312,0.059083048343256186,0.059082427851792844,0.1448615776310098
10.380000000000136,5190,0.01183436233908167,0.00261201634586635,1.7988550752049692,1.8009171324096944,0.5439309368121275,0.5417712362962949,0.15250897787107137,0.16396042955804224,4.377440426960854e-06,2.049056751003836e-05,1.2029433802974745,1.2029448636423947,-0.1752223206491785,-0.1752182453813808,0.05908135667170915,0.059080761806248466,0.14134486855623
10.400000000000142,5200,0.011822312226572202,0.002725075628477746,1.79920257357554,1.8012077257170553,0.5417656210095276,0.5399835126719452,0.15241012164418968,0.16392404891272208,4.433522236372192e-06,2.1293053117836167e-05,1.202941626663197,1.2029431255682936,-0.17517825873861287,-0.17517412391910403,0.059079655027132985,0.05907909585760521,0.12029713960051315
10.42000000000015,5210,0.011763776085121361,0.0028889669128550058,1.799561711064518,1.8014982524148375,0.5396062067699233,0.5381961988282575,0.15237038035335299,0.16388767660654605,4.4385664441207555e-06,2.1933842111273517e-05,1.2029398865354854,1.202941387446158,-0.17513414829086046,-0.17513000234178241,0.059077939167400895,0.05907743000586085,0.11431515008517626
10.440000000000156,5220,0.011699069745890333,0.0030569336495472068,1.7999278386255242,1.801788610696244,0.5375025884378118,0.5364099210784035,0.15235298471087524,0.16385132538515165,4.478666675714823e-06,2.2556434745889217e-05,1.2029381375908677,1.2029396492759832,-0.17509006960270868,-0.1750858806494156,0.05907623957575701,0.059075764251013164,0.13790948757472554
10.460000000000163,5230,0.011581075984694501,0.0032254610166412645,1.8003048761641627,1.8020786988430426,0.5354026608483475,0.5346253051907038,0.15239701375254672,0.16381500798308862,4.485216444048468e-06,2.325651830698318e-05,1.2029363959795152,1.2029379110577647,-0.17504595853214194,-0.1750417588420046,0.05907452790320198,0.05907409859305995,0.13456372062529134
10.48000000000017,5240,0.01137251981387763,0.0034508726008001234,1.8006929524098216,1.8023684152791108,0.5332688532984641,0.5328429760592271,0.15253837859668673,0.16377873711711535,4.3647535179692945e-06,2.426880686682541e-05,1.202934688127064,1.2029361727914976,-0.17500172718161663,-0.17499763691954884,0.059072774500897894,0.059072433031998973,0.12717584263905396
10.500000000000176,5250,0.011078061949445063,0.003737532001233035,1.8010908472270049,1.8026576586239798,0.5311213632549874,0.5310635573743862,0.15277597556248795,0.16374252547949558,4.274375526681435e-06,2.547051630297354e-05,1.202932971653334,1.2029344344771775,-0.17495752258608413,-0.17495351488204802,0.05907102975269528,0.05907076756782802,0.12363402176108601
10.520000000000183,5260,0.010699990028993505,0.004067056667352334,1.801497561212285,1.8029463277463775,0.5289801447003728,0.5292876712935356,0.1531093913675731,0.1637063857312949,4.243085196532384e-06,2.623183925019106e-05,1.2029312381111381,1.2029326961147997,-0.17491337226082274,-0.17490939272950326,0.059069305492908626,0.05906910220054487,0.10555246287557978
10.54000000000019,5270,0.010307120299097808,0.004363958074710395,1.8019053892997625,1.8032343218177744,0.5269047768725629,0.5275159381115693,0.15346752945073966,0.1636703304956773,4.197527077016801e-06,2.6315071101596265e-05,1.2029295085121872,1.2029309577043594,-0.174869206850279,-0.17486527046191397,0.0590675915983395,0.0590674369301473,0.11732102681906012
10.560000000000196,5280,0.009903722575075002,0.004557547046646683,1.8023125483213704,1.8035215403659266,0.5248986567538536,0.5257489759315179,0.15384156803495277,0.16363437235120185,4.139207494485774e-06,2.71333509435177e-05,1.2029277815947175,1.2029292192458523,-0.1748250282616523,-0.1748211480792799,0.05906587365194144,0.05906577175663309,0.12389497316163205
10.580000000000203,5290,0.009433768172455176,0.00473411597523087,1.8027204604424396,1.8038078833284203,0.5229192850240214,0.5239874003351461,0.15428871055734544,0.1635985238251191,4.0798072149105295e-06,2.7796856034015455e-05,1.2029260545787464,1.2029274807392736,-0.17478084775181582,-0.1747770255816019,0.05906415035971255,0.05906410668000003,0.12177119661337281
10.60000000000021,5300,0.008885857653621999,0.004936159952815886,1.8031274915957802,1.8040932511062162,0.520965075862877,0.5222318240535498,0.15482087975780273,0.16356279738666782,4.0164981120317615e-06,2.8470502914517292e-05,1.202924329025952,1.2029257421846187,-0.1747366626344826,-0.17473290296887967,0.05906242928168262,0.05906244170024589,0.11931563208725389
10.620000000000216,5310,0.008266492974403924,0.00514440147063248,1.8035316527914664,1.8043775446171932,0.5190536567173077,0.5204828566377537,0.15542925750880046,0.16352720544037147,4.046527175937587e-06,2.9178580924908405e-05,1.202922579698551,1.202924003581883,-0.17469256787221554,-0.17468878024111328,0.05906074872687331,0.059060776817368446,0.11701564371898893
10.640000000000223,5320,0.007587909389388523,0.0053208425803600405,1.8039306054180946,1.8046606653496933,0.5172007202176014,0.5187411041293086,0.15609780340828924,0.1634917603193348,4.0392144857611245e-06,2.9501555047256526e-05,1.2029208398734323,1.2029222649310616,-0.1746484365407576,-0.17464465739830232,0.059059061566347396,0.05905911203136549,0.11824640710105527
10.66000000000023,5330,0.006905854313880005,0.0054103553125057,1.8043203460389836,1.804942515416065,0.51542242393407,0.5170071687308889,0.15676376832356873,0.16345647427854035,3.939780251596308e-06,2.9228501544683465e-05,1.2029191239095294,1.2029205262321503,-0.17460421501283113,-0.17460053444044776,0.05905735381882315,0.05905744734223479,0.12062358576126725
10.680000000000236,5340,0.006215649310063859,0.005402876884894853,1.8046998083111512,1.805222997606208,0.5137138127242634,0.5152816484768898,0.15742949330472442,0.1634213594881452,3.833875399159713e-06,2.9328087869137223e-05,1.2029174103395026,1.2029187874851441,-0.17455998658174698,-0.17455641136754918,0.0590556416333623,0.05905578274997413,0.1211285119914235
10.700000000000243,5350,0.00547389642311525,0.005365216443581855,1.8050692304037927,1.8055020154411174,0.5120642368701854,0.5135651369040248,0.15814013998179904,0.16338642802677739,3.726136205735243e-06,3.004021713509729e-05,1.2029156979808293,1.2029170486900387,-0.17451575561202082,-0.1745122881796063,0.059053926974404335,0.059054118254581296,0.12064705918019658
10.72000000000025,5360,0.0046758883411740825,0.005315867605889034,1.805427556526392,1.8057794732264274,0.5104779440769325,0.5118582227219228,0.1588980509735532,0.16335169187483245,3.6160898936488383e-06,3.0425982113530432e-05,1.2029139867515257,1.2029153098468293,-0.17447152194500043,-0.17446816487661987,0.05905221802385748,0.05905245385605405,0.11853278639906643
10.740000000000256,5370,0.0038284560804617064,0.005239920416735521,1.8057736828099442,1.806055276105956,0.5089629352751877,0.5101614894837261,0.15969207684191453,0.1633171629077701,3.5026101264275206e-06,2.9942999348955052e-05,1.2029122768536746,1.2029135709555112,-0.17442728469336385,-0.17442404145858972,0.0590505156815471,0.05905078955439019,0.11525636960082283
10.760000000000263,5380,0.0029371720541201117,0.005125905101092146,1.8061067176367567,1.806329330115249,0.5075250132661685,0.5084755152566869,0.16051265987701177,0.16328285288941077,3.3850665608641102e-06,3.0137121313026285e-05,1.202910568476779,1.2029118320160799,-0.17438304326277787,-0.17437991792551538,0.059048818085772344,0.059049125349587485,0.1566333624085536
10.78000000000027,5390,0.0021531252263001545,0.004960353174644183,1.806425209286164,1.806601542235124,0.5060913306588599,0.5068008722927654,0.16122358073341728,0.16324877346523217,3.220626441449852e-06,2.8952872998872167e-05,1.202908876769293,1.2029100930285308,-0.1743387592787369,-0.17433579427739782,0.05904714200004068,0.059047461241643714,0.15718743329276946
10.800000000000276,5400,0.0015725630082332085,0.00472790414142274,1.8067291743686373,1.806871820445215,0.5046081512347014,0.5051381266992268,0.16174125623156374,0.16321493615566585,3.04575695336893e-06,2.841925084250819e-05,1.2029071913361928,1.2029083539928591,-0.174294465591003,-0.17429167051423622,0.0590454619534129,0.059045797230556654,0.15170790105007623
10.820000000000283,5410,0.0011504300102234731,0.00444970770945174,1.8070215858287817,1.8071400737775158,0.5030890210318716,0.5034878381092387,0.1621087877810679,0.1631813523493937,2.939462882945532e-06,2.867459515372585e-05,1.202905484320447,1.2029066149090604,-0.17425023610515905,-0.17424754663603148,0.0590437741962337,0.05904413331632409,0.14671806963687223
10.84000000000029,5420,0.0008409890111010617,0.004160197802515042,1.8073052022858054,1.8074062123699255,0.50154921108429,0.5018505593524689,0.16236941355571577,0.16314803329664476,2.910013428590139e-06,2.9203551901600882e-05,1.20290375136319,1.20290487577713,-0.17420607968583054,-0.17420342264278327,0.059042090033937344,0.059042469498943796,0.1429537672585198
10.860000000000296,5430,0.0006136970074395484,0.00388314819955736,1.8075818134892723,1.8076701475197912,0.49999815903236144,0.500226836125682,0.1625523819768987,0.16311499010249148,2.9303690459254514e-06,2.9476836521720566e-05,1.2029020009748308,1.202903136597063,-0.17416197129044494,-0.17415929853449166,0.05904041360433851,0.05904080577841355,0.13915600346712448
10.880000000000303,5440,0.0004465992618455729,0.003635744124071065,1.807852814850497,1.8079317917374529,0.4984440886526972,0.49861720666333736,0.16267819943150283,0.16308223372014646,3.0790202470784534e-06,2.974761064332701e-05,1.2029002048793775,1.2029013973688552,-0.1741179863481722,-0.1741151743111562,0.05903875384770261,0.059039142154731133,0.13848872014601976
10.90000000000031,5450,0.0003249621002887961,0.0034195227997952282,1.8081184685298137,1.8081910587997883,0.49689057584649604,0.4970222014081864,0.162761667792597,0.16304977494425904,3.237967394713336e-06,2.9427337181133195e-05,1.2028984041226052,1.2028996580925015,-0.17407400970046666,-0.17407104997277795,0.05903708875053295,0.059037478627894324,0.13739389610043173
10.920000000000316,5460,0.00023913102815478402,0.003229364254310217,1.8083786640876414,1.8084478638037556,0.4953383390290126,0.4954423426818698,0.16281371685626803,0.16301762440421178,3.1893121279406967e-06,2.8700004636030034e-05,1.20289667381806,1.2028979187679978,-0.17402983050998416,-0.1740269255193565,0.059035387598842214,0.059035815197900895,0.133439404770923
10.940000000000323,5470,0.0001796184203437882,0.0030691969180022265,1.8086357634444366,1.8087021232199387,0.49379162867342913,0.4938781443555148,0.16284305435694035,0.16298579255741713,3.078762293379256e-06,2.8521662889138716e-05,1.20289496812385,1.202896179395339,-0.173985594097907,-0.1739828009508919,0.05903369368531718,0.059034151864748634,0.13256840319670396
10.96000000000033,5480,0.0001386922228660363,0.00293737296115918,1.8088905160670625,1.8089537549460915,0.4922553621576389,0.4923301115203329,0.1628560608190374,0.16295428968261386,3.0189290528787644e-06,2.8521662889138716e-05,1.2028932477920729,1.2028944399745207,-0.17394141033863364,-0.17393867626738374,0.05903202227230768,0.059032488628435305,0.13140569694140367
10.980000000000336,5490,0.00011162055903336056,0.002827297695223065,1.8091421042158562,1.809202678360681,0.4907321071929883,0.490798740158217,0.16285717156987356,0.16292312587316382,2.9703949615907015e-06,2.810977609147024e-05,1.2028915234177755,1.2028927005055385,-0.17389723744497212,-0.17389455146883312,0.05903035300318469,0.0590308254889587,0.1304841205656171
11.000000000000343,5500,9.480007290253232e-05,0.002734256722955835,1.8093905052515478,1.8094488143764322,0.48922312002386187,0.48928451681233887,0.16284967848242723,0.16289231103034832,2.9196304577951757e-06,2.766542808245417e-05,1.2028897998052106,1.2028909609883873,-0.17385306220040025,-0.17385042655523958,0.059028683624609495,0.05902916244631659,0.12960996242252756
11.02000000000035,5510,8.499959734065376e-05,0.0026548579918451803,1.8096357852906433,1.8096920854938732,0.4877297092858399,0.48778791825774637,0.1628360297864047,0.16286185485666485,2.8702239322547143e-06,2.742727075526903e-05,1.2028880756511862,1.2028892214230629,-0.1738088880337217,-0.17380630152660262,0.05902701434779797,0.05902749950050675,0.1284787303811393
11.040000000000356,5520,7.960447763588582e-05,0.002586049792018868,1.809877973670058,1.8099324158548769,0.4862529852408733,0.486309411171961,0.16281801782469538,0.16283176684912348,2.8256346240449867e-06,2.7374065524264036e-05,1.2028863496811875,1.2028874818095603,-0.1737647182958417,-0.17376217638292324,0.05902534555572061,0.05902583665152696,0.12710933651767112
11.060000000000363,5530,7.69293123088592e-05,0.0025250675662810288,1.8101170355248177,1.8101697312962082,0.48479363972363454,0.48484945180557537,0.16279692927788503,0.16280205629254368,2.7776733822696147e-06,2.699869328381941e-05,1.2028846249050387,1.2028857421478751,-0.17372054510505375,-0.17371805112420136,0.05902367660934813,0.05902417389937501,0.12578165910597833
11.08000000000037,5540,7.573824369263763e-05,0.002469998293450421,1.8103529449443891,1.8104039594030656,0.48335251399086837,0.4834084856528501,0.16277372200968504,0.16277273225285063,2.729982776123018e-06,2.7267343614925723e-05,1.2028828999762875,1.2028840024380028,-0.1736763719655849,-0.1736739257504362,0.05902200784006526,0.059022511244048656,0.12462814643885194
11.100000000000376,5550,7.534272663149594e-05,0.002419168493111617,1.81058566062612,1.8106350295626272,0.48193027893388396,0.4819869471223115,0.16274909043945932,0.16274380357037194,2.6829554896276194e-06,2.7106472927070858e-05,1.2028811747452102,1.2028822626799383,-0.17363219927471693,-0.1736298002616289,0.05902033938760707,0.059020848685545683,0.12351537159127148
11.120000000000383,5560,7.532464905638328e-05,0.0023713504238063294,1.810815134470121,1.8108628730175935,0.48052758330489004,0.4805852592073493,0.16272354469345457,0.16271527885313422,2.6391392500333025e-06,2.650826247094554e-05,1.2028794482551968,1.2028805228736774,-0.17358802949043228,-0.1735856746577792,0.059018671428488954,0.05901918622386387,0.12256535911684384
11.14000000000039,5570,7.550742968456144e-05,0.002325461257508895,1.811041309531755,1.811087422919733,0.47914493388916046,0.47920383315681314,0.16269745256060966,0.16268716647015954,2.5978159657689883e-06,2.675460164403775e-05,1.2028777207669488,1.2028787830192154,-0.1735438619454336,-0.17354154893888643,0.059017003985336595,0.059017523859001,0.12168574861637417
11.160000000000396,5580,7.588076736675582e-05,0.0022806171934016263,1.811264118500171,1.811308614383425,0.4777827076700182,0.47784306814561106,0.16267107713998136,0.16265947454476218,2.554317708981713e-06,2.6672741375736855e-05,1.2028759940290146,1.2028770431165476,-0.17349969215610034,-0.17349742310495175,0.059015336842261186,0.059015861590954836,0.12076118421829828
11.180000000000403,5590,7.639411219022507e-05,0.0022362533765830483,1.811483502900582,1.8115263845392042,0.4764413566487322,0.4765033509453058,0.16264461790713206,0.162632210947845,2.5084112720306586e-06,2.6398040527968538e-05,1.202874268136443,1.2028753031656694,-0.17345551990638397,-0.1734532971559747,0.059013670059516465,0.05901419941972317,0.11979344421272804
11.20000000000041,5600,7.701369450061688e-05,0.002191926788213334,1.8116994055991427,1.8117406725873062,0.475121311519931,0.4751850555947129,0.16261822220698913,0.16260538329119612,2.4600574126451008e-06,2.6398040527968538e-05,1.202872543111976,1.202873563166576,-0.1734113451655941,-0.17340917109195497,0.05901200370225974,0.05901253734530376,0.11842426186676415
11.220000000000416,5610,7.75932056735911e-05,0.00214744965568264,1.8119117774015685,1.8119514198512094,0.47382312143556504,0.4738885430704976,0.16259200628162163,0.16257899892078553,2.4156006428037498e-06,2.6287356432399194e-05,1.2028708165701032,1.202871823119263,-0.1733671740505832,-0.17336504491289345,0.059010338005663215,0.0590108753676944,0.11680265040859059
11.240000000000423,5620,7.814840131654025e-05,0.0021024591654761598,1.8121205605530208,1.8121585698311808,0.47254712443586394,0.4726141609577729,0.16256604844318753,0.16255306491006155,2.3739664183353344e-06,2.6008585494473243e-05,1.2028690889103268,1.2028700830237258,-0.1733230055499277,-0.17332091861878976,0.05900867295610652,0.059009213486892864,0.11525943818650593
11.26000000000043,5630,7.878521687337009e-05,0.002056652286739123,1.8123256921551278,1.8123620682578199,0.47129354325157724,0.47136224312069575,0.16254040279217669,0.1625275880532475,2.32995359435297e-06,2.62040365510697e-05,1.2028673621041859,1.2028683428799596,-0.17327883466134006,-0.17327679220964398,0.059007008422395944,0.05900755170289692,0.11380596709811659
11.280000000000436,5640,7.951700385385398e-05,0.0020099050237227605,1.812527118006796,1.8125618631456022,0.4700626929542659,0.4701331093730656,0.16251511508170816,0.16250257485863817,2.282516242166559e-06,2.606457820835509e-05,1.202865636555853,1.20286660268796,-0.17323466037807267,-0.1732326656854563,0.059005344423811217,0.05900589001570435,0.11239265791976778
11.300000000000443,5650,8.022446057229762e-05,0.0019623381325850372,1.8127247810751628,1.8127579048464246,0.4688550230525515,0.46892706514892146,0.1624902264671578,0.16247803154189647,2.2376590175389176e-06,2.5839879375781124e-05,1.2028639100091842,1.202864862447722,-0.1731904885187997,-0.17318853904622658,0.05900368112704223,0.05900422842531293,0.11113518002285558
11.32000000000045,5660,8.092410428723243e-05,0.0019137990931789176,1.8129186384209492,1.8129501461031483,0.46767080244811476,0.4677444011731387,0.1624657625062015,0.16245396401935003,2.194027379586308e-06,2.5556227761041798e-05,1.202862182972472,1.2028631221592414,-0.17314631779196896,-0.17314441229195507,0.059002018521243225,0.05900256693172043,0.109893142128278
11.340000000000456,5670,8.158857712812008e-05,0.001864328488678178,1.8131086533732,1.8131385421031436,0.46651033203036707,0.46658539313202707,0.16244174411251788,0.16243037790128761,2.151898115088038e-06,2.5499118800815618e-05,1.2028604553245577,1.2028613818225133,-0.17310214843581678,-0.17310028542264172,0.05900035649126028,0.05900090553492463,0.10875015126422495
11.360000000000463,5680,8.213139541773854e-05,0.001814012446351449,1.8132947833149924,1.8133230505318343,0.46537396354183813,0.46545030134392784,0.1624181904299675,0.16240727848525585,2.115259489705416e-06,2.4862263861133457e-05,1.2028587255360523,1.2028596414375332,-0.1730579843042871,-0.17305615843828673,0.05899869499860366,0.05899924423492331,0.10773303216218877
11.38000000000047,5690,8.2694116756653e-05,0.001762679326589023,1.8134769814242206,1.8135036316262416,0.4642617876142146,0.4643393704298112,0.16239511059621797,0.16238467074935575,2.0780631777354823e-06,2.4715235582738938e-05,1.2028569959222957,1.2028579010042963,-0.17301381958641482,-0.17301203133888998,0.05899703408369064,0.05899758303171425,0.10671453433078502
11.400000000000476,5700,8.327875657967062e-05,0.0017104199589270507,1.8136552061620634,1.8136802482285281,0.46317403105822735,0.46325282898387377,0.16237251590711724,0.16236255934553925,2.0401131124656063e-06,2.5384515439650176e-05,1.2028552665653323,1.2028561605227983,-0.17296965409069304,-0.17296790412445118,0.0589953737285122,0.0589959219252952,0.10577836004774908
11.420000000000483,5710,8.381167698264787e-05,0.0016574040199953495,1.8138294278111813,1.8138528658395423,0.4621109806957417,0.4621908892441352,0.1623504185411017,0.1623409485929058,2.0040245646614077e-06,2.4920832290610958e-05,1.2028535364695159,1.2028544199930342,-0.1729254903523323,-0.17292377679497148,0.05899371390394608,0.05899426091566397,0.10491772028786996
11.44000000000049,5720,8.429209140837554e-05,0.001603691473218364,1.813999609996315,1.8140214526723626,0.46107283103404034,0.46115374676303666,0.16232882573199195,0.16231984247099893,1.9698050157375144e-06,2.4715235582738938e-05,1.202851805629229,1.2028526794149996,-0.17288132837980347,-0.17287964935045025,0.05899205457577635,0.058992600002818314,0.10411662526283554
11.460000000000496,5730,8.472871545643408e-05,0.0015493491309106254,1.814165716010079,1.8141859797058415,0.46005975026327645,0.46014158007803785,0.16230774280544347,0.16229924461310286,1.93735176433126e-06,2.4448356591142834e-05,1.2028500740758035,1.2028509387886899,-0.17283716806857366,-0.17283552179088763,0.058990395704223354,0.05899093918675601,0.10333029804812013
11.480000000000503,5740,8.503410728003375e-05,0.001494593622855752,1.814327716653042,1.8143464207381501,0.4590719873093387,0.45915455038221387,0.16228717675316728,0.16227915829953898,1.9101756741611573e-06,2.456732739880241e-05,1.20284834044197,1.2028491981141003,-0.17279301279002596,-0.17279139411628333,0.05898873711274995,0.058989278467474836,0.1026535001386551
11.50000000000051,5750,8.525468027786711e-05,0.0014394132469438224,1.8144855873704406,1.8145027524403217,0.45810963392113174,0.45819280119485306,0.16226713134771623,0.16225958645096253,1.8865878456330003e-06,2.456732739880241e-05,1.2028466053785425,1.2028474573912264,-0.17274886092634661,-0.17274726632663814,0.058987078827481755,0.05898761784497257,0.10200705780930185
11.520000000000516,5760,8.550777153568891e-05,0.001383785622060601,1.8146393059800299,1.8146549544097963,0.4571726927912299,0.4572564580320544,0.16224760905540733,0.16224053162165908,1.8619424907451951e-06,2.450791418631566e-05,1.202844870697963,1.2028457166200632,-0.17270470801770654,-0.17270313842195184,0.058985421021935644,0.05898595731924698,0.1013967938505709
11.540000000000523,5770,8.581598054138969e-05,0.0013278219765735448,1.8147888535972316,1.8148030092239653,0.4562612467381428,0.45634562807732465,0.1622286134202817,0.16222199599284115,1.8350142268325562e-06,2.3966568339221968e-05,1.2028431368861723,1.2028439758006066,-0.1726605528923146,-0.17265901040222442,0.05898376376356966,0.05898429689029585,0.10079099911982292
11.56000000000053,5780,8.608106853690634e-05,0.0012718109814101922,1.8149342125211236,1.8149469024937144,0.45537548295497887,0.45546039985217557,0.16221014866086128,0.16220398136594474,1.8089974509312647e-06,2.39056620950448e-05,1.2028414026960985,1.2028422349328516,-0.17261639860400613,-0.172614882267456,0.058982106862703464,0.058982636558116947,0.10027482546950449
11.580000000000537,5790,8.632340012710214e-05,0.0012158060481018208,1.8150753710675318,1.815086622916969,0.4545154478201731,0.4546008428867221,0.16219221697425762,0.16218648915592598,1.782891948007462e-06,2.405763859136635e-05,1.2028396685212466,1.2028404940167936,-0.1725722441991634,-0.1725707540176462,0.05898045037608913,0.058980976322708045,0.09974864465645862
11.600000000000543,5800,8.653492238168658e-05,0.0011599752214721515,1.815212318360171,1.8152221623322378,0.4536811977219296,0.4537670073902786,0.16217482036789627,0.1621695203845576,1.7568174397613603e-06,2.4148365394514843e-05,1.202837934318856,1.202838753052428,-0.17252808978751005,-0.17252662565279583,0.05897879427182022,0.05897931618406693,0.09907716316134471
11.62000000000055,5810,8.66571523130137e-05,0.0011045132094884842,1.8153450462229999,1.8153535157721572,0.45287282010958113,0.45295892392195714,0.16215796057683513,0.16215307567372553,1.7328825958565098e-06,2.3783381691639052e-05,1.2028361992609768,1.2028370120397502,-0.17248393738111065,-0.17248249717290484,0.05897713838444833,0.058977656142191366,0.09788774961147934
11.640000000000557,5820,8.670822258179324e-05,0.0010495125193161904,1.8154735515762417,1.815480681517035,0.4520903048403043,0.4521766030612646,0.1621416381916214,0.16213715523872554,1.7104235863275129e-06,2.3844600278602423e-05,1.2028344636099584,1.2028352709787558,-0.17243978634337034,-0.17243836857797293,0.05897548273262312,0.05897599619707913,0.09674136634721076
11.660000000000563,5830,8.67140352222477e-05,0.0009950635701042004,1.8155978347949302,1.8156036611483954,0.4513336139472943,0.45142003507869966,0.16212585345802685,0.16212175888155972,1.68852223557503e-06,2.3162298399097643e-05,1.2028327277302238,1.2028335298694397,-0.17239563579602818,-0.17239423986800043,0.058973827364485,0.05897433634872799,0.09563606151136844
11.68000000000057,5840,8.669677428731047e-05,0.0009412799274020073,1.8157178998942196,1.815722459602523,0.4506026927879904,0.4506891896063506,0.16211060621884593,0.16210688598423306,1.6662768491662321e-06,2.347489416183844e-05,1.202830991982265,1.2028317887117976,-0.17235148488017385,-0.17235011104298686,0.05897217234325756,0.05897267659713573,0.09457285767803966
11.700000000000577,5850,8.667180478536729e-05,0.0008882463408058033,1.8158337543228924,1.8158370852240058,0.44989747275057074,0.44998401530849286,0.16209589593518028,0.16209253550205013,1.6429151140984165e-06,2.3412708902503816e-05,1.202829256676251,1.2028300475058251,-0.17230733286101407,-0.17230598210293327,0.05897051773165913,0.05897101694230013,0.09352602690271228
11.720000000000583,5860,8.657416044812142e-05,0.0008362049301071066,1.8159454053000745,1.815947549819281,0.4492179445073068,0.4493044395521859,0.16208172150098002,0.16207870595691148,1.6204561719153745e-06,2.3225154141253322e-05,1.202827521013624,1.202828306251517,-0.17226318164841736,-0.1722618530478391,0.05896886331928428,0.05896935738421894,0.09255683521591478
11.74000000000059,5870,8.643122232236885e-05,0.0007851988707949447,1.8160528687446853,1.8160538687101782,0.4485639843825352,0.4486503680778702,0.16206808121567717,0.16206539543061033,1.597925635337809e-06,2.2972699315936647e-05,1.2028257853861297,1.202826564948869,-0.17221903032276248,-0.17221772387770465,0.05896720920049175,0.05896769792288996,0.09162169171785138
11.760000000000597,5880,8.630905868942007e-05,0.0007352513053501737,1.8161561687243342,1.8161560607874645,0.44793540847425833,0.44802168466996617,0.1620549806368729,0.1620526015581291,1.5722935483350785e-06,2.290915092499722e-05,1.2028240509940484,1.2028248235978765,-0.17217487599675746,-0.1721735945925298,0.058965555657148845,0.05896603855831095,0.08990645462158713
11.780000000000603,5890,8.500419713696203e-05,0.0006869424769736416,1.8162552022200513,1.816254148564387,0.4473332781551612,0.44741825082747005,0.16204238266172102,0.16204032152093598,1.583613095207995e-06,2.3099271619960363e-05,1.20282230196376,1.2028230821985348,-0.17213075613266726,-0.17212946519231428,0.058963897069434335,0.058964379290479686,0.08845434378203566
11.80000000000061,5900,8.300642735964722e-05,0.0006375648669274668,1.8163500706633118,1.816348158230219,0.4467569391214862,0.44683990543455193,0.16203028422934532,0.16202855204028152,1.6205961015548863e-06,2.325651830698318e-05,1.2028205428835888,1.2028213407508392,-0.17208666019161767,-0.17208533567705905,0.05896223493823294,0.058962720119393935,0.08846735756253293
11.820000000000617,5910,8.14377038907865e-05,0.0005872957430663736,1.816440912687227,1.8164381197038029,0.4462050870650144,0.4462864644311528,0.1620187117413942,0.16201728937049517,1.648490098820095e-06,2.2877310533063834e-05,1.202818787533427,1.2028195992547854,-0.1720425557309671,-0.17204120604676376,0.0589605742385257,0.058961061045051485,0.08769589957141284
11.840000000000623,5920,8.024677423472808e-05,0.0005379844469926485,1.8165277305852274,1.8165240666870943,0.44567756547375725,0.4457577204835825,0.16200766728413957,0.1620065292922819,1.6668622271541085e-06,2.271743917865515e-05,1.2028170359781527,1.2028178577103683,-0.17199844228424552,-0.1719970763014284,0.058958914956791716,0.0589594020674501,0.08731051201030225
11.86000000000063,5930,7.927023395410174e-05,0.0004904912878896806,1.8166105403010862,1.816606036718707,0.4451743053117822,0.44525344265511657,0.16199714381969474,0.1619962671060187,1.678141952503314e-06,2.3099271619960363e-05,1.2028152872206177,1.2028161161175837,-0.17195432212546063,-0.17195294644105266,0.058957256788970125,0.05895774318658756,0.08656043021857586
11.880000000000637,5940,7.842126329025109e-05,0.000445316417560599,1.8166893748270552,1.8166840712274568,0.44469513695217816,0.44477337607659323,0.1619871346321957,0.16198649762505113,1.6834145171658066e-06,2.3162298399097643e-05,1.2028135408191778,1.2028143744764266,-0.17191019627090337,-0.17190881646563727,0.058955599595844725,0.058956084402461625,0.08617863969172573
11.900000000000643,5950,7.764925196442079e-05,0.00040270793319200027,1.81676427683573,1.8167582155859057,0.44423983041975584,0.4443172416170119,0.16197763244657556,0.16197721516899008,1.6833906791250083e-06,2.2781522350186147e-05,1.2028117965077818,1.2028126327868927,-0.17186606540479332,-0.1718646863751822,0.058953943305742856,0.05895442571507008,0.08561801121767545
11.92000000000065,5960,7.691527525472225e-05,0.0003629010052473601,1.8168352916914636,1.8168285191639053,0.44380811933249054,0.44388473555413,0.16196863039721401,0.1619684135570081,1.6787075388285034e-06,2.2813496432377448e-05,1.2028100540409867,1.2028108910489772,-0.17182193012706445,-0.17182055616968742,0.05895228783561374,0.05895276712441069,0.08525954338262305
11.940000000000657,5970,7.618970420125014e-05,0.0003259716278867123,1.8169024707461456,1.816895035382143,0.44339970322617284,0.44347552924505973,0.16196012143080674,0.16196008610113616,1.669887977937595e-06,2.2524095754713237e-05,1.2028083132224396,1.2028091492626756,-0.17177779093587806,-0.17177642584915295,0.058950633129886375,0.05895110863048124,0.08482228432946454
11.960000000000663,5980,7.545061784362827e-05,0.00029194814489288994,1.8169658693711435,1.8169578217656837,0.44301424869691675,0.4430892687968665,0.16195209760394366,0.16195222559956,1.6573777158176705e-06,2.2491710265994076e-05,1.2028065738792395,1.2028074074279829,-0.17173364824733306,-0.17173229541357896,0.05894897913008582,0.05894945023327949,0.08313656727801935
11.98000000000067,5990,7.468124863554181e-05,0.00026078278087919733,1.8170255482663282,1.8170169399975158,0.4426513917786443,0.44272557473716534,0.1619445499745174,0.16194482432991697,1.6416092946896374e-06,2.2329078268013787e-05,1.2028048358468666,1.202805665544895,-0.17168950246862236,-0.17168816486296537,0.05894732578543993,0.05894779193280322,0.08146891938620268
12.000000000000677,6000,7.386731942502841e-05,0.00023240527871284735,1.8170815724325764,1.8170724559720948,0.4423107402006521,0.44238404168471934,0.16193746973965667,0.1619378740425924,1.6229680399969357e-06,2.2845425764212974e-05,1.2028030989758711,1.202803923613407,-0.1716453539575324,-0.17164403419731183,0.05894567304352446,0.0589461337290502,0.07992785187783548
12.020000000000683,6010,7.299617285869608e-05,0.00020669435024164046,1.8171340122039417,1.8171244398488868,0.4419918740584017,0.44206423802003586,0.16193084795080423,0.16193136595401625,1.601833287628636e-06,2.265317472408141e-05,1.202801363121045,1.2028021816335144,-0.17160120306901103,-0.1715999034166194,0.05894402085737599,0.058944475622018204,0.07845762489050764
12.04000000000069,6020,7.205967638861696e-05,0.0001834441508537693,1.8171829418428544,1.8171729661059142,0.4416943423865322,0.44176570555596495,0.1619246745563466,0.16192529073995968,1.5784936713991209e-06,2.2459278078588273e-05,1.202799628170099,1.2028004396052123,-0.1715570500680899,-0.17155577252088774,0.05894236918281014,0.05894281761170501,0.07767711245900678
12.060000000000697,6030,7.189988023079624e-05,0.00016192915049780015,1.8172285060766895,1.8172181135932983,0.44141681740489636,0.4414879592082951,0.16191898059620374,0.16191963852883157,1.5192684198177933e-06,2.2524095754713237e-05,1.202797907040362,1.2027986975284963,-0.17151286304022742,-0.17151164151011675,0.05894072246907259,0.05894115969810837,0.08221312717521677
12.080000000000704,6040,7.221733350241724e-05,0.00014322545958487355,1.8172711922251579,1.817259965586805,0.44115914959308034,0.44123048666635306,0.1619138263337356,0.16191439889497514,1.4562935694260089e-06,2.2459278078588273e-05,1.2027961885054888,1.202796955403362,-0.17146867748074116,-0.17146751038430666,0.058939088910857876,0.058939501881226077,0.08205758707274485
12.10000000000071,6050,7.207435307459377e-05,0.00012847520467968503,1.8173107169635687,1.8172986098413868,0.4409216992683638,0.4409927480635993,0.1619091151399763,0.16190956085196453,1.412001784860942e-06,2.2033315828455735e-05,1.2027944633469598,1.2027952132298043,-0.17142451203225556,-0.17142337914345745,0.058937459469320705,0.058937844161055894,0.08194095058789438
12.120000000000717,6060,7.139198842017403e-05,0.00011680796736455225,1.8173467755811152,1.81733413864473,0.4407039118900604,0.44077417564822596,0.16190475488244843,0.1619051128459013,1.3704394047103564e-06,2.2000207897163392e-05,1.2027927368331877,1.2027934710078187,-0.17138034723121137,-0.17137924778756922,0.05893582554528159,0.058936186537595595,0.08182498649580981
12.140000000000724,6070,7.03093967457696e-05,0.0001075890305368499,1.8173795785374265,1.8173666488707958,0.44050506376767723,0.4405741734537544,0.1619007490109184,0.16190104274871112,1.3326696125014567e-06,2.2491710265994076e-05,1.202791008728484,1.202791728737401,-0.17133618483866475,-0.17133511631664164,0.05893418863437234,0.05893452901084295,0.08177756731718985
12.16000000000073,6080,6.895577769591112e-05,0.00010031749516062695,1.8174094196109658,1.817396242033367,0.44032443239277286,0.4403921169696322,0.16189711698577083,0.16189733785144014,1.3036456732163943e-06,2.2685329707937426e-05,1.2027892775053175,1.202789986418546,-0.17129203103056478,-0.17129098473067567,0.058932551908123,0.058932871580795736,0.07471313996018164
12.180000000000737,6090,6.722775436674482e-05,9.404695536399575e-05,1.8174359606097834,1.8174230243395901,0.4401613818365008,0.4402273528118311,0.161893751866897,0.16189398485755185,1.261916724336581e-06,2.2459278078588273e-05,1.2027875500072351,1.2027882440512494,-0.17124786064348307,-0.17124685302967085,0.058930905295787456,0.05893121424745172,0.08016185972778932
12.200000000000744,6100,6.532111997763558e-05,8.815807211469229e-05,1.8174598303173963,1.8174471067435218,0.4400151288975478,0.4400791983934431,0.16189072681509545,0.1618909698762233,1.2268782777456883e-06,2.2329078268013787e-05,1.2027858202551274,1.2027865016355064,-0.17120369672395547,-0.17120272121362728,0.05892925812841188,0.058929557010808674,0.08008045537082843
12.22000000000075,6110,6.33599518411381e-05,8.369594917984683e-05,1.8174814322343114,1.8174686049996704,0.43988489392256036,0.4399469415952798,0.16188809992508493,0.16188827841564202,1.2108134970385301e-06,2.206637408534863e-05,1.2027840841963178,1.2027847591713126,-0.17115955407103262,-0.17115858928254518,0.058927617627608404,0.05892789987086437,0.07999268351092127
12.240000000000757,6120,6.12342092800951e-05,8.030012339774787e-05,1.8175004980163616,1.8174876397165425,0.4397699715756806,0.4398298404364681,0.16188578574088264,0.16188589537630235,1.1981326209984788e-06,2.196705006686931e-05,1.202782346824165,1.2027830166586633,-0.17111541422082438,-0.17111445723642435,0.05892597632361948,0.05892624282761658,0.07990304269463766
12.260000000000764,6130,5.893297686195734e-05,7.780122146687108e-05,1.8175170914182586,1.8175043364101853,0.43966958664440986,0.4397271227450487,0.16188375352597825,0.16188380504430208,1.1860937947925083e-06,2.236169929091153e-05,1.2027806090390865,1.2027812740975536,-0.17107127405872297,-0.17107032507526465,0.05892433300536018,0.05892458588106307,0.07981325644755335
12.28000000000077,6140,5.6468495032476764e-05,7.584662901444684e-05,1.8175313584340458,1.8175188255577326,0.43958292569843904,0.43963798582857205,0.1618819875793849,0.16188199108463902,1.174166363610859e-06,2.265317472408141e-05,1.202778871034566,1.2027795314879792,-0.17102713310640807,-0.17102619279906708,0.05892268759789244,0.058922929031201624,0.07972384440974067
12.300000000000777,6150,5.385401704308052e-05,7.451834986471337e-05,1.817543458113277,1.8175312426509471,0.43950914582317924,0.4395615961446978,0.161880474009062,0.1618804365345076,1.1622595013102993e-06,2.229640951859779e-05,1.2027771328555525,1.2027777888299354,-0.17098299138666762,-0.17098206040783107,0.058921040279833074,0.05892127227803,0.07969465381555567
12.320000000000784,6160,5.114125554104716e-05,7.35832037434045e-05,1.8175536610179572,1.817541728249766,0.4394473594217478,0.4394970889717899,0.16187921821171433,0.16187912379659544,1.1551898875187298e-06,2.2524095754713237e-05,1.2027753929936755,1.2027760461234176,-0.1709388545080162,-0.17093792790155682,0.05891939361774948,0.058919615621545976,0.07962055170369235
12.34000000000079,6170,4.832590772228619e-05,7.29064706966039e-05,1.817562090888622,1.817550428035844,0.43939667090779094,0.4394435680795157,0.16187819744049592,0.16187803463237982,1.151965666247265e-06,2.2459278078588273e-05,1.20277365178999,1.202774303368421,-0.17089472137360395,-0.17089379528024393,0.05891774735078162,0.05891795906174732,0.07953980734017169
12.360000000000797,6180,4.536872314996064e-05,7.249538782180546e-05,1.8175687904856104,1.8175574928660994,0.43935616640329767,0.4394001053994429,0.16187737253211007,0.1618771501554244,1.1478023609842378e-06,2.265317472408141e-05,1.202771910756175,1.2027725605649413,-0.17085058659742666,-0.17084966254389325,0.05891609931583754,0.0589163025986318,0.07935785948683802
12.380000000000804,6190,4.226511092430373e-05,7.221330353091512e-05,1.817573904465006,1.8175630788262553,0.43932488641895845,0.43936574069563594,0.16187672142445472,0.16187645082467567,1.1416392365200255e-06,2.2524095754713237e-05,1.2027701702190983,1.2027708177129735,-0.17080644906687642,-0.17080552969250457,0.0589144491469559,0.0589146462321972,0.07923914874648244
12.40000000000081,6200,3.9063789103552184e-05,7.20617327274127e-05,1.8175777123284758,1.8175673472843872,0.4393018190858469,0.43933948123525457,0.16187624504415746,0.1618759164377596,1.138168741872573e-06,2.2685329707937426e-05,1.2027684286835152,1.2027690748125133,-0.17076231406479309,-0.17076139672607796,0.05891279908267666,0.05891298996244127,0.07909914658024012
12.420000000000817,6210,3.575895984713577e-05,7.19807644628238e-05,1.8175803647697204,1.8175704649444642,0.4392859424451819,0.439320301459151,0.16187591960656916,0.1618755261242781,1.1364856658804897e-06,2.2491710265994076e-05,1.2027666864659794,1.2027673318635559,-0.17071818064476343,-0.17071726364461354,0.058911148931681145,0.0589113337893618,0.07902194989288622
12.440000000000824,6220,3.236227363611211e-05,7.202125997346055e-05,1.8175820410055346,1.8175726038998952,0.4392761904138574,0.43930714265246706,0.16187572386794516,0.1618752583391058,1.1378394724072998e-06,2.2099382890764463e-05,1.2027649430072282,1.2027655888660966,-0.17067404997899865,-0.17067313044811114,0.058909498805343526,0.05890967771295655,0.07892348750499743
12.46000000000083,6230,2.885209517712697e-05,7.208196058261176e-05,1.8175828740059188,1.8175739416870718,0.43927148327929305,0.4392989126152309,0.16187562807643552,0.16187509085568633,1.139733227943335e-06,2.2132342465963256e-05,1.2027631992061096,1.202763845820131,-0.1706299194695791,-0.1706289971365711,0.05890784799790587,0.058908021733223286,0.07882897014964785
12.480000000000837,6240,2.5167758568597407e-05,7.205161667026628e-05,1.8175829293272165,1.8175746613389137,0.43927072169224124,0.439294485332956,0.16187558882460604,0.16187500075932917,1.1354675542714328e-06,2.271743917865515e-05,1.2027614573446797,1.2027621027256543,-0.1705857820122672,-0.1705848637099929,0.058906194121020286,0.058906365850159785,0.07882660677623764
12.500000000000844,6250,2.1388745606598648e-05,7.162545212366998e-05,1.817582463865481,1.8175749514384114,0.4392726842943554,0.43929270064723713,0.16187558693184137,0.16187496444050603,1.1335586473571483e-06,2.23942727958561e-05,1.2027597134945536,1.2027603595826621,-0.17054164555745777,-0.17054073016837765,0.058904538051569595,0.05890471006376382,0.07870402277675034
12.52000000000085,6260,1.740740526066933e-05,7.128882134629455e-05,1.81758158838773,1.8175750061721718,0.4392762615331273,0.4392923639263483,0.16187559408544697,0.1618749575881475,1.1216133163079094e-06,2.271743917865515e-05,1.2027579731938272,1.2027586163911494,-0.17049749832325978,-0.17049659651172466,0.058902878165091696,0.058903054374033155,0.07867963286010984
12.540000000000857,6270,1.324398106627132e-05,7.142162287682062e-05,1.817580416179127,1.817574984000764,0.43928026307666246,0.4392923169273488,0.16187557346021603,0.1618747994083133,1.0916340877644385e-06,2.2263692832568247e-05,1.2027562397345535,1.202756873151112,-0.17045333203347954,-0.17045246274003434,0.05890121229409988,0.058901398780965564,0.07857831653907074
12.560000000000864,6280,9.653492204219733e-06,7.151341793161194e-05,1.8175792221204823,1.817574765303009,0.4392835183098597,0.4392918685852165,0.16187514977582992,0.16187325251696208,1.0560407370412073e-06,2.2132342465963256e-05,1.2027545081350854,1.202755129862545,-0.17040915873705803,-0.17040832885330667,0.058899543359663895,0.05889974328455881,0.07850530153676148
12.58000000000087,6290,7.813317770076685e-06,7.154399011025034e-05,1.8175781148893417,1.8175741186543253,0.43928535947924485,0.4392905429207172,0.16187294596095095,0.16186867864624818,1.0266197506594422e-06,2.219811480254158e-05,1.2027527746506725,1.2027533865254438,-0.17036499181802534,-0.17036419485154178,0.05889787716746259,0.05889808788481067,0.07843346569595885
12.600000000000877,6300,8.944697863787431e-06,7.18997050176701e-05,1.8175769448319838,1.817572820163223,0.4392854242711153,0.4392878809442845,0.16186704131928645,0.16185949416853745,1.0108552015772186e-06,2.2263692832568247e-05,1.2027510368394443,1.2027516431398038,-0.1703208405235218,-0.17032006073473926,0.058896217738596435,0.05889643258171891,0.0783622502730022
12.620000000000884,6310,1.2400352864708166e-05,7.270623282685883e-05,1.8175754205957573,1.8175706537944447,0.43928336700050596,0.4392834397720476,0.16185561834157924,0.1618441710248317,1.0103755639253774e-06,2.2329078268013787e-05,1.2027492940718552,1.2027498997056205,-0.17027670714687168,-0.17027592650289985,0.05889456604257752,0.058894777375281294,0.07823347246290409
12.64000000000089,6320,1.6847099037228864e-05,7.418502048732964e-05,1.8175730747453787,1.8175674112785118,0.43927884718161686,0.4392767924404007,0.16183696910528203,0.1618212360849886,1.0194384218286185e-06,2.2588727439225648e-05,1.2027475479399128,1.2027481562228892,-0.17023258453425433,-0.1702317921560235,0.058892918836746945,0.058893122265495604,0.07812972757462823
12.660000000000897,6330,2.1680818087302653e-05,7.622051973779619e-05,1.817569552970836,1.817562892021274,0.4392715172907414,0.43926752772057276,0.16180951335738886,0.16178927050794176,1.0339781476112867e-06,2.229640951859779e-05,1.2027457998451832,1.2027464126916052,-0.1701884677466688,-0.17018765769411015,0.058891274004009155,0.0588914672523596,0.07796861514573093
12.680000000000904,6340,2.6621804220726714e-05,7.897290852168028e-05,1.8175645030043117,1.8175569030134586,0.43926103832851165,0.4392552499331977,0.16177175774531782,0.16174690910192047,1.0479451502846745e-06,2.2263692832568247e-05,1.202744051878291,1.202744669111764,-0.17014434984128335,-0.17014352311715994,0.05888962865380447,0.05888981233587106,0.07783300203646563
12.70000000000091,6350,3.156044193728982e-05,8.245880066619886e-05,1.817557717917789,1.8175492587402178,0.4392470566949848,0.43923957876288366,0.16172231143964935,0.16169283968466963,1.0602538449276278e-06,2.23942727958561e-05,1.2027423043739072,1.2027429254833608,-0.17010022965399957,-0.1700993884251725,0.058887982315220716,0.05888815751602774,0.07769848468448745
12.720000000000917,6360,3.647412935184249e-05,8.676625638081849e-05,1.8175491164390631,1.8175397810906782,0.43922921214250293,0.4392201490727833,0.1616598769818142,0.16162580244366967,1.074694457169869e-06,2.2556434745889217e-05,1.2027405561927,1.2027411818063911,-0.17005611157073297,-0.1700552536181488,0.0588863369825469,0.05888650279282742,0.07750751220942484
12.740000000000924,6370,4.126803694263488e-05,9.184318955970696e-05,1.8175383940428236,1.817528299267489,0.4392071859815416,0.4391966107191632,0.1615831808784654,0.16154458929635646,1.0855472210734722e-06,2.2459278078588273e-05,1.2027388090790712,1.2027394380808505,-0.1700119891712499,-0.17001111869608818,0.05888468991797057,0.05888484816626786,0.07734225989502576
12.76000000000093,6380,4.592145024252099e-05,9.760690430585999e-05,1.8175254013377489,1.8175146496963714,0.43918065085980545,0.4391686283659739,0.16149103908086163,0.16144804325034123,1.0929566271190444e-06,2.2329078268013787e-05,1.202737062965022,1.2027376943067338,-0.16996786271176556,-0.16996698365899093,0.0588830412288302,0.05888319363634684,0.07717844077194022
12.780000000000937,6390,5.045796435395572e-05,0.0001041603848427088,1.8175100977301426,1.8174986759356655,0.43914927736075215,0.4391358812994198,0.1613823451226013,0.16133505776363036,1.1016030366637684e-06,2.271743917865515e-05,1.2027353164320993,1.202735950484037,-0.16992373743813716,-0.16992284850685724,0.05888139322850827,0.05888153920306211,0.07701563557642906
12.800000000000944,6400,5.4865636389429676e-05,0.00011148858593778687,1.8174923424617286,1.817480228585881,0.4391127634633978,0.4390980632425285,0.16125602895291782,0.16120457610484543,1.1120127604441869e-06,2.271743917865515e-05,1.2027335693303054,1.202734206612755,-0.16987961391255885,-0.16987871323968715,0.058879746187513,0.05887988486641146,0.07679732826230637
12.82000000000095,6410,5.90845317567404e-05,0.0001194734124195166,1.8174718506526368,1.8174591651992444,0.43907084123634194,0.43905488216972094,0.16111104672626156,0.16105559071344303,1.118153048546076e-06,2.23942727958561e-05,1.2027318234687236,1.2027324626928835,-0.16983548553167177,-0.16983457785748068,0.05887809726119365,0.05887823062639264,0.07660470998475716
12.840000000000957,6420,6.311778576801539e-05,0.00012822531897738426,1.8174485094694244,1.817435350189248,0.43902323272391425,0.43900606012138144,0.16094643665700803,0.16088714255993466,1.1205960185213626e-06,2.219811480254158e-05,1.2027300786616457,1.2027307187244176,-0.1697913529729273,-0.169790442360238,0.058876446715461925,0.058876576483003436,0.07641376942448001
12.860000000000964,6430,6.700030989910325e-05,0.00013764038695272568,1.8174223024802671,1.8174086547401984,0.4389696604030005,0.43895133301842687,0.1607613037395286,0.16069832050610666,1.1240365944855256e-06,2.2329078268013787e-05,1.2027283335092576,1.202728974707353,-0.16974722137176868,-0.16974630674795912,0.05887479679168318,0.05887492243624161,0.07622402983205892
12.88000000000097,6440,7.073059193023101e-05,0.0001477299814008054,1.8173931118217144,1.8173789567167657,0.43890987512540297,0.4388904504768769,0.16055478233590717,0.16048826066524013,1.1288426431017514e-06,2.2845425764212974e-05,1.2027265879080207,1.202727230641685,-0.169703091120668,-0.16970217102064364,0.0588731476759446,0.05887326848610491,0.07603532507246002
12.900000000000977,6450,7.430271996998412e-05,0.000158507854394131,1.8173608084889727,1.8173461405735314,0.4388436434128797,0.43882317562242384,0.16032605152751073,0.16025614576233074,1.1348325658107967e-06,2.2588727439225648e-05,1.2027248419175105,1.2027254865274086,-0.16965896200966107,-0.16965803517829264,0.05887149927815405,0.058871614632591135,0.07584759841589593
12.920000000000984,6460,7.771252938389102e-05,0.00016983873457331326,1.817325271670317,1.8173100972645369,0.43877074458605714,0.43874928490500203,0.1600743376381047,0.16000120449430877,1.141781271122304e-06,2.2459278078588273e-05,1.2027230956096802,1.2027237423645196,-0.16961483378280068,-0.1696138992209056,0.05886985148322568,0.05886996087569804,0.07566082213131076
12.94000000000099,6470,8.095779092459943e-05,0.00018179164696690414,1.8172863904239898,1.817270724152833,0.43869097040391997,0.43866856791335807,0.1597989136479259,0.15972271089025888,1.149498382143904e-06,2.2263692832568247e-05,1.20272134904565,1.2027219981530133,-0.16957070622464976,-0.16956976314848254,0.05886820419355954,0.05886830721542339,0.07547497458533582
12.960000000000997,6480,8.403761952633191e-05,0.00019436059078043795,1.8172440625883515,1.8172279249200278,0.43860412508247837,0.4385808271896204,0.15949909817944433,0.1594199836716401,1.157825858532904e-06,2.2459278078588273e-05,1.2027196022763464,1.2027202538928852,-0.16952657915766126,-0.16952562696102366,0.0588665573285149,0.05886665365176495,0.07529003593221287
12.980000000001004,6490,8.695204070109922e-05,0.0002074582121738141,1.8171981938703237,1.8171816094758355,0.43851002527762784,0.4384858780438691,0.15917425457086803,0.1590923856125056,1.1666279098706432e-06,2.2685329707937426e-05,1.2027178553454307,1.2027185095841302,-0.16948245243095136,-0.169481490658529,0.05886491081911293,0.058865000184720497,0.07510598800074482
13.00000000000101,6500,8.970170591716645e-05,0.0002210894622608353,1.8171486972465527,1.8171316938676252,0.43840849999330106,0.4383835483687058,0.1588237900387744,0.15873932289972284,1.1757835373782596e-06,2.2459278078588273e-05,1.2027161082914786,1.202716765226744,-0.16943832591195726,-0.16943735424099868,0.058863264603996865,0.05886334681428779,0.07492281482612355
13.020000000001017,6510,9.228770929481865e-05,0.0002352700275907324,1.8170954925595102,1.8170781001899687,0.4382993904565284,0.4382736784538234,0.15844715490502928,0.1583602444931932,1.1851826086241268e-06,2.2588727439225648e-05,1.202714361149167,1.202715020820722,-0.16939419948196915,-0.16939321770843285,0.05886161862732282,0.058861693540464596,0.07474050295559971
13.040000000001024,6520,9.47114744741705e-05,0.0002499443310880382,1.8170385062347754,1.8170207564941905,0.43818254998148914,0.4381561208005758,0.15804384187005374,0.157954641486072,1.1947247197634907e-06,2.2781522350186147e-05,1.2027126139496611,1.2027132763660597,-0.16935007303464014,-0.1693490810608315,0.058859972838188154,0.0588600403632487,0.07461287446946595
13.06000000000103,6530,9.702944667311978e-05,0.0002650908740406057,1.8169778441261806,1.8169595966979153,0.43805781932383175,0.43803073993654795,0.1576134163269109,0.15752204646498844,1.212589898882293e-06,2.2491710265994076e-05,1.2027108643674425,1.2027115318627521,-0.16930595506094195,-0.1693049442981947,0.05885833086505918,0.05885838728263784,0.07446212805837793
13.080000000001037,6540,9.922822317319415e-05,0.0002807240985611558,1.8169133966345996,1.8168945604946167,0.4379250823895112,0.43789741223012524,0.15715544487369226,0.15706203287026546,1.2375109015569954e-06,2.265317472408141e-05,1.2027091128080765,1.2027097873107948,-0.16926184409767764,-0.16926080742052263,0.0588566921110641,0.05885673429862981,0.07431078536779735
13.100000000001044,6550,0.00010125618735516199,0.0002968137665301511,1.8168449394727448,1.8168255932631665,0.43778425191059084,0.4377560257050637,0.1566695129446611,0.15657421435613958,1.2621381059898774e-06,2.2940947124789083e-05,1.202707361367691,1.2027080427101833,-0.1692177324883673,-0.16921667042781532,0.05885505326178461,0.05885508141122236,0.07415961922214562
13.12000000000105,6560,0.00010310894266502807,0.00031338261489952,1.8167724035676929,1.8167526459773826,0.4376352307892515,0.43760647985505974,0.15615527237092613,0.15605824415098093,1.2852608525674016e-06,2.262097403300073e-05,1.2027056103763325,1.202706298060913,-0.16917361902948624,-0.1691725333200728,0.05885341377297018,0.05885342862041326,0.07400890668428492
13.140000000001058,6570,0.00010479235674925286,0.00033032986741422164,1.816695757367985,1.8166756751155784,0.4374779285925476,0.43744868545831955,0.1556124195911697,0.15551381441751302,1.3067381345851318e-06,2.2524095754713237e-05,1.202703859862628,1.2027045533629788,-0.16912950362444504,-0.1691283960972951,0.058851773596369186,0.058851775926200285,0.07385872434083132
13.160000000001064,6580,0.00010631292787424873,0.00034769034195312765,1.8166149763689186,1.8165946425701098,0.4373122657638973,0.4372825643921294,0.1550406896261198,0.15494065561303272,1.326636550683278e-06,2.2685329707937426e-05,1.2027021097993376,1.2027028086163765,-0.1690853863808715,-0.1690842587594824,0.058850132777739934,0.058850123328581194,0.07376244412949082
13.18000000000107,6590,0.00010775824643657878,0.00036539916186190813,1.816530294132541,1.816509515556926,0.4371381385353298,0.43710804944742526,0.1544399002282825,0.15433853584963017,1.3578100363477588e-06,2.3099271619960363e-05,1.2027003566654655,1.2027010638211013,-0.16904128014513575,-0.16904012130663473,0.05884849675688233,0.058848470827553755,0.07356417110766916
13.200000000001078,6600,0.00010911389187975174,0.00038352401685314046,1.816441630175376,1.8164202665251163,0.4369554981065888,0.43692508414336245,0.15380984888287,0.1537072602544086,1.39904754604635e-06,2.303607239996808e-05,1.2026986008500236,1.2026993189771489,-0.16899718351324466,-0.16899598373875221,0.05884686499172365,0.05884681842311573,0.07332101806355996
13.220000000001084,6610,0.00011030262181531722,0.0004019923198258036,1.8163487149644044,1.8163268730664603,0.43676433364146305,0.4367336225418857,0.15315033531046576,0.15304667032970426,1.4390866843532946e-06,2.2845425764212974e-05,1.2026968454288505,1.2026975740845143,-0.16895308524966432,-0.16895184605583496,0.05884523267397562,0.0588451661152649,0.0730772867573257
13.240000000001091,6620,0.00011131349840573075,0.00042077963696359356,1.8162514918636143,1.8162293178249744,0.43656461580022266,0.4365336290622986,0.1524612321703159,0.15235664331330645,1.4755259397679729e-06,2.2940947124789083e-05,1.2026950910270244,1.2026958291431928,-0.16890898307368768,-0.16890770825788298,0.05884359879207213,0.058843513903999015,0.07283314128530603
13.260000000001098,6630,0.00011215355593301523,0.0004398964630242416,1.8161499644479404,1.816127588406463,0.4363563174948291,0.4363250782958338,0.15174245683335408,0.1516370915386772,1.5079775618411308e-06,2.3287840231354886e-05,1.2026933377254714,1.2026940841531804,-0.16886487669658695,-0.16886357034489627,0.05884196321545913,0.05884186178931585,0.07258866098630477
13.280000000001104,6640,0.00011283250739991137,0.0004592492806200464,1.8160441486324206,1.8160216772880644,0.43613942053766863,0.4361079548202226,0.1509939623708046,0.15088796179517133,1.5366140495098948e-06,2.3004407680670755e-05,1.2026915854602354,1.2026923391144717,-0.16882076635853266,-0.16881943231687518,0.05884032605055485,0.05884020977121317,0.0723439035559888
13.300000000001111,6650,0.00011335896155386758,0.0004788581888969752,1.8159340612662955,1.815911581727802,0.43591391709680327,0.4358822530142647,0.15021573497178023,0.1501092346882563,1.561707522748002e-06,2.3099271619960363e-05,1.2026898341452896,1.2026905940270627,-0.16877665237754164,-0.16877529417381976,0.0588386874364452,0.058838557849688736,0.07209892660872946
13.320000000001118,6660,0.00011373999197493193,0.0004986769011139027,1.8158197190106002,1.8157973036741306,0.4356798096598889,0.43564797687239815,0.14940779313515476,0.14930092399973213,1.5835087742808065e-06,2.2845425764212974e-05,1.2026880837035197,1.2026888488909486,-0.16873253503665786,-0.16873115591572996,0.058837047494535624,0.058836906024740315,0.07190682253239937
13.340000000001124,6670,0.00011409016556701047,0.0005187488205950956,1.8157014810302614,1.8156788496754872,0.4354370619248121,0.4354051398192689,0.14857024585171089,0.14846307604795123,1.6198524496368577e-06,2.2845425764212974e-05,1.202686329544738,1.2026871037061244,-0.16868843151174728,-0.16868701754260568,0.0588354133164056,0.05883525429636568,0.07171219825886839
13.360000000001131,6680,0.00011439563361059198,0.0005390618896499221,1.8155793071366175,1.8155562307898376,0.4351857042647484,0.43515376452430105,0.14770316409535725,0.1475957690480384,1.6702072956362314e-06,2.2588727439225648e-05,1.2026845718172732,1.202685358472586,-0.16864434111496274,-0.16864287905444725,0.0588337847219111,0.05883360266456259,0.07151643440126448
13.380000000001138,6690,0.00011455278378406696,0.0005595416489757531,1.815452880956773,1.8154294624942264,0.43492581658527774,0.4348938827162661,0.14680660267582518,0.14669911247211068,1.719232902426511e-06,2.271743917865515e-05,1.2026828144557038,1.2026836131903287,-0.16860024909054777,-0.16859874045125475,0.05883215556087079,0.05883195112932881,0.0713201465007501
13.400000000001144,6700,0.00011453788568991677,0.000580156625936331,1.815322143779488,1.8152985645943251,0.43465745158788305,0.4346255349978531,0.14588069072328924,0.14577324640949724,1.7625421140640738e-06,2.2588727439225648e-05,1.2026810585881542,1.2026818678593476,-0.16855615134446128,-0.16855460173302805,0.05883052405475329,0.05883029969066211,0.07112365124059623
13.420000000001151,6710,0.00011435506554241228,0.000600881986067992,1.8151871273231852,1.8151635611339803,0.4343806581150663,0.43434877066023847,0.1449256018516531,0.1448183409269593,1.7990210939751776e-06,2.265317472408141e-05,1.2026793044876554,1.2026801224796382,-0.16851204690573313,-0.1685104628997674,0.058828889784086145,0.05882864834856026,0.07092711464955793
13.440000000001158,6720,0.0001140159325473248,0.0006216691701733078,1.815047889080187,1.8150244803047635,0.4340954903532662,0.4340636474976555,0.14394154258714417,0.14383459542891003,1.8287952060806148e-06,2.271743917865515e-05,1.2026775521081237,1.202678377051196,-0.16846793595696508,-0.1684663239514728,0.05882725283554944,0.058826997103021014,0.07073064218176527
13.460000000001164,6730,0.00011353243341832458,0.000642484949157271,1.8149044907399574,1.814881354355518,0.43380201078945735,0.4337702316219646,0.1429287481376533,0.14282223801763447,1.852369493977083e-06,2.2588727439225648e-05,1.2026758013086907,1.202676631574016,-0.16842381901895737,-0.16842218488814437,0.05882561343996269,0.05882534595404214,0.07058765886785366
13.480000000001171,6740,0.00011305602061432857,0.0006635749358862379,1.8147574301034342,1.8147342195019096,0.43350023281022315,0.43346859727722253,0.14188755374026094,0.14178152485350934,1.8918848263847696e-06,2.2491710265994076e-05,1.2026740472688804,1.2026748860480942,-0.1683797173965676,-0.16837804570978254,0.05882397975407333,0.0588236949016214,0.07038833415133305
13.500000000001178,6750,0.00011242942044394031,0.0006845305580295653,1.8146062581510238,1.8145831158359729,0.4331903021415428,0.43315882665425276,0.1408181629544351,0.14071273951522306,1.9259892660099794e-06,2.2329078268013787e-05,1.2026722943152823,1.2026731404734257,-0.16833561032306932,-0.16833390641638674,0.058822344200758714,0.05882204394575657,0.07024436256132151
13.520000000001184,6760,0.00011168228487426498,0.000705537382570673,1.8144511013416114,1.8144280872356622,0.4328723002533494,0.43284100970521483,0.13972090236562798,0.1396161923599956,1.957749679864903e-06,2.229640951859779e-05,1.2026705420436514,1.2026713948500056,-0.16829150096035245,-0.16828976700795767,0.05882070759276313,0.058820393086445405,0.0700984983581497
13.540000000001191,6770,0.00011090700883879203,0.000726657177909644,1.8142922874324643,1.8142691812743983,0.4325462873730028,0.4325152439581746,0.13859615628966654,0.13849221988379834,2.001185192960976e-06,2.265317472408141e-05,1.202668787373355,1.2026696491778295,-0.16824740266157046,-0.1682456274844947,0.05881907516234639,0.058818742323685676,0.06995196809546529
13.560000000001198,6780,0.0001100077585910567,0.0007476542179546285,1.8141295656986447,1.814106449130618,0.432212408222098,0.43218163433167345,0.13744423891601204,0.13734118408157409,2.042529687374042e-06,2.219811480254158e-05,1.2026670330624174,1.2026679034568928,-0.16820330212249762,-0.16820148784599864,0.058817442002685294,0.05881709165747514,0.069805370203258
13.580000000001204,6790,0.00010895545512123316,0.0007685214915655195,1.813962893244574,1.8139399454973226,0.43187079032132564,0.43184029294929877,0.13626552376675313,0.1361634718074568,2.076557223892819e-06,2.265317472408141e-05,1.2026652804500977,1.2026661576871909,-0.1681591945300318,-0.16815734809246896,0.05881580607180155,0.05881544108781157,0.06965909791155155
13.600000000001211,6800,0.0001077495491078792,0.000789200945747572,1.8137923189516916,1.8137697284916263,0.4315215554478468,0.43149133895425307,0.1350604228224987,0.13495949413499167,2.101361787385555e-06,2.2491710265994076e-05,1.202663530041103,1.2026644118687193,-0.16811507817310173,-0.16811320822390638,0.058814166635202135,0.058813790614692725,0.06951339123304472
13.620000000001218,6810,0.00010640056828086025,0.000809680863692726,1.8136179281874232,1.8135958595643051,0.4311648270927309,0.4311348983239244,0.13382937686842603,0.13372968571735488,2.116744599634073e-06,2.2263692832568247e-05,1.2026617818952272,1.202662666001473,-0.16807095290723828,-0.16806906824031057,0.05881252363662687,0.05881214023811637,0.06942152612163084
13.640000000001224,6820,0.00010510142113108012,0.0008308292403446294,1.8134403250532065,1.813418403409345,0.43080071333606523,0.4307711036844556,0.13257293696113562,0.13247450414757359,2.1376456410142957e-06,2.2263692832568247e-05,1.2026600381622277,1.2026609200854477,-0.1680268358610841,-0.1680249281416816,0.05881088027462087,0.058810489958080275,0.06932808546429084
13.660000000001231,6830,0.00010385856863361901,0.0008523021800154594,1.8132596214384409,1.8132374278734913,0.4304293222614069,0.4304000941253146,0.13129158776672653,0.1311944293187458,2.1734471666266003e-06,2.2132342465963256e-05,1.2026582944794864,1.2026591741206387,-0.1679827344692395,-0.1679807879280197,0.058809241123942264,0.05880883977458219,0.06923366597558439
13.680000000001238,6840,0.00010251586857108873,0.000873290669919417,1.813075444674403,1.8130530038657966,0.4300508138430793,0.4300220150138639,0.1299857570474173,0.1298899627842603,2.214819045279271e-06,2.23942727958561e-05,1.2026565479756082,1.2026574281070412,-0.16793863719157093,-0.16793664759932478,0.05880760479574789,0.0588071896876199,0.06913890679731421
13.700000000001245,6850,0.00010101152721285287,0.0008938141582451167,1.8128876666964948,1.8128652052671692,0.42966537400414845,0.4296370178099304,0.12865593904235267,0.1285616271180165,2.2509740361277927e-06,2.206637408534863e-05,1.2026548015138847,1.202655682044651,-0.16789453420646624,-0.1678925071555972,0.058805967031317116,0.05880553969719115,0.06904443680701167
13.720000000001251,6860,9.932570290006271e-05,0.000913895199431977,1.812696293725436,1.8126741088399225,0.42927317784013613,0.4292452598803753,0.12730266917765892,0.12720996527464434,2.2756235908148356e-06,2.2685329707937426e-05,1.202653056914451,1.2026539359334631,-0.16785041990706714,-0.16784836659683652,0.058804325355127605,0.05880388980329371,0.06895072726515142
13.740000000001258,6870,9.746215634817327e-05,0.0009335342358182961,1.812501406240477,1.8124797941373234,0.4288743930597014,0.42884690431366385,0.1259265133401118,0.12583553994972427,2.285987469176465e-06,2.2749503328951236e-05,1.202651315012544,1.202652189773473,-0.1678062918557561,-0.16780422592304337,0.05880267870177981,0.05880224000592534,0.06885809405098886
13.760000000001265,6880,9.543752433699283e-05,0.0009527272321947846,1.8123031229834714,1.8122823434131403,0.42846918609528994,0.4284421197344351,0.12452806173792615,0.12443893294000705,2.2815124830709718e-06,2.2588727439225648e-05,1.202649576035965,1.202650443564676,-0.16776214962095823,-0.16776008513421778,0.05880102686853207,0.05880059030508382,0.06876673683604743
13.780000000001271,6890,9.327377796139515e-05,0.0009714353454473792,1.8121015790319375,1.8120818415311923,0.4280577259071708,0.4280310801180718,0.12310792495237552,0.12302074450363373,2.262922844842306e-06,2.206637408534863e-05,1.2026478398727871,1.2026486973070676,-0.16771799391697154,-0.16771594423035996,0.05879937013184485,0.0587989407007669,0.0686767791653128
13.800000000001278,6900,9.099329082977347e-05,0.0009896507194336295,1.811896913026248,1.8118783758748978,0.42764018599249015,0.42761396460527007,0.12166673138283093,0.12158159272035549,2.23158573534846e-06,2.2459278078588273e-05,1.2026461062412532,1.2026469510006432,-0.16767382602933797,-0.16767180321146916,0.05879770900194402,0.05879729119297234,0.06858829959744252
13.820000000001285,6910,8.861611263006727e-05,0.0010073385772589004,1.8116892604641595,1.8116720362568226,0.42721674532650816,0.4271909573166095,0.12020512562573894,0.12012211285175356,2.1891107449822583e-06,2.2813496432377448e-05,1.2026443747937594,1.2026452046453981,-0.1676296474526438,-0.16762766207754617,0.05879604407243008,0.05879564178169791,0.0685013529562031
13.840000000001291,6920,8.615886678426732e-05,0.001024497070003579,1.811478750890132,1.8114629148282293,0.4267875886723495,0.4267622471671224,0.11872376745310638,0.11864295670145916,2.137113045323688e-06,2.271743917865515e-05,1.2026426451773973,1.2026434582413277,-0.167585459676885,-0.16758352082859118,0.05879437593337677,0.05879399246694137,0.06841598339669702
13.860000000001298,6930,8.363467767081708e-05,0.0010410998600976925,1.8112655074238615,1.8112511059886252,0.42635290651936947,0.4263280276808642,0.11722333114628103,0.11714479197537336,2.0770874118562526e-06,2.2459278078588273e-05,1.202640917066061,1.2026417117884274,-0.16754126407417563,-0.16753937946460404,0.058792705126082416,0.05879234324870049,0.06833223151042464
13.880000000001305,6940,8.105364341732853e-05,0.001057126242025435,1.8110496475458462,1.8110367062953112,0.425912894817447,0.4258884968054828,0.11570450501555249,0.11562830164188695,2.0103542348591464e-06,2.2524095754713237e-05,1.2026391901743607,1.2026399652866926,-0.1674970618503957,-0.1674952379855848,0.058791032124272044,0.05879069412697302,0.06825013760050377
13.900000000001311,6950,7.842351869674841e-05,0.001072565354986187,1.810831284425576,1.8108198143729304,0.42546775461656616,0.42544385672678864,0.11416799099522996,0.11409418329210037,1.9380495142672416e-06,2.2426798989897964e-05,1.202637464260572,1.2026382187361184,-0.16745285403637328,-0.16745109639153363,0.058789357331139054,0.05878904510175674,0.0681697425109044
13.920000000001318,6960,7.575040674957025e-05,0.001087395289665833,1.8106105283542873,1.8106005308230169,0.4250176916799218,0.4249943136833244,0.11261450424799939,0.11254314850004371,1.861139278157116e-06,2.219811480254158e-05,1.2026357391234996,1.2026364721367007,-0.16740864150083257,-0.16740695468245054,0.05878768108497591,0.0587873961730494,0.06809108723459233
13.940000000001325,6970,7.303936090114196e-05,0.0011016102105022476,1.8103874880415451,1.8103789581335443,0.42456291610929703,0.42454007778093467,0.11104477274330057,0.11097592218289648,1.7804454195042557e-06,2.2329078268013787e-05,1.202634014596551,1.2026347254884344,-0.16736442497330972,-0.16736281285833535,0.05878600366862993,0.05878574734084876,0.06801421191193262
13.960000000001331,6980,7.029486194843417e-05,0.0011151806911140478,1.8101622716675139,1.8101552005884736,0.4241036420012433,0.42408136280733605,0.10945953679491566,0.10939324196120745,1.6966748919139463e-06,2.23942727958561e-05,1.2026322905410654,1.2026329787913153,-0.16732020506967796,-0.16731867091918848,0.058784325319858756,0.058784098605152595,0.06793915465927025
13.980000000001338,6990,6.752117556896614e-05,0.0011280912189655338,1.8099349876653172,1.809929364177303,0.42364008713971507,0.4236183860466867,0.1078595485553298,0.10779585751911476,1.6104478028189185e-06,2.2588727439225648e-05,1.2026305668400123,1.2026312320453385,-0.1672759823161192,-0.16727452886500999,0.05878264624095139,0.05878244996595866,0.06786595050391298
14.000000000001345,7000,6.472261208925903e-05,0.001140336722802373,1.8097057452540426,1.8097015565046162,0.42317247272341535,0.4231513680941562,0.10624557147108166,0.10618452996456573,1.5223223798525952e-06,2.265317472408141e-05,1.2026288433926655,1.2026294852504993,-0.16723175716956157,-0.16723038669579993,0.058780966606853724,0.058780801423264716,0.06779463045289208
14.020000000001351,7010,6.190371724564133e-05,0.0011519048730284085,1.8094746547643372,1.80947188669963,0.42270102312248337,0.4226805326704955,0.10461837970626105,0.10456003118953665,1.4328164270948053e-06,2.219811480254158e-05,1.2026271201103789,1.2026277384067934,-0.16718753003396128,-0.16718624441155885,0.058779286571589144,0.05877915297706853,0.06772522081750527
14.040000000001358,7020,5.90694224817392e-05,0.001162763854540149,1.8092418278044915,1.8092404653257443,0.4222259656579296,0.42220610643660633,0.10297875754183197,0.10292314323025281,1.3424258835730676e-06,2.2263692832568247e-05,1.2026253969134417,1.202625991514216,-0.16714330127260962,-0.16714210201228596,0.05877760627306791,0.05877750462736787,0.067657742725634
14.060000000001365,7030,5.622518081225469e-05,0.0011729271492885998,1.8090073773118462,1.8090074042900899,0.421747530397509,0.4217283188081115,0.10132749875781234,0.1012746576274084,1.2516417475873612e-06,2.2491710265994076e-05,1.2026236737288503,1.2026242445727624,-0.16709907121704298,-0.1670979594979817,0.058775925836532024,0.058775856374160475,0.0675922118037638
14.080000000001371,7040,5.3377111445801197e-05,0.001182366459872055,1.8087714175271707,1.808772816753077,0.4212659499625874,0.4212474017699243,0.0996654060040618,0.09961537478638631,1.1609670907968475e-06,2.23942727958561e-05,1.2026219504888114,1.202622497582428,-0.16705484017326028,-0.16705381686864634,0.05877424537693357,0.058774208217444134,0.0675286380089641
14.100000000001378,7050,5.053217468326836e-05,0.0011910677874489581,1.8085340639212186,1.8085368170379446,0.4207814593417694,0.4207635896908186,0.09799329016404457,0.09794610333747814,1.0709363450620117e-06,2.2524095754713237e-05,1.2026202271297701,1.2026207505432083,-0.16701060842592863,-0.16700967412428014,0.05877256500051784,0.05877256015721659,0.06746702554417047
14.120000000001385,7060,4.7698398826781885e-05,0.0011990368637126588,1.8082954330945455,1.8082995205403085,0.4202942957082253,0.4202771191379984,0.09631196971471118,0.09626765949610401,9.821396483945576e-07,2.2588727439225648e-05,1.202618503591834,1.2026190034550988,-0.16696637624116845,-0.16696553126488242,0.05877088480585927,0.05877091219347561,0.06740737288796231
14.140000000001391,7070,4.488518319333422e-05,0.0012062531526779257,1.8080556426648366,1.8080610436377098,0.4198046982385972,0.4197882286916677,0.09462227008454048,0.09458086642303258,8.952559822932441e-07,2.2132342465963256e-05,1.2026167798184175,1.2026172563180946,-0.1669221438683902,-0.1669213882904542,0.05876920488453123,0.05876926432621896,0.06734967282296628
14.160000000001398,7080,4.2103706192743436e-05,0.0012127162681167397,1.8078148111507144,1.8078215035991638,0.41931290793221,0.4192971587596005,0.09292502301104615,0.09288655358460081,8.111000321621331e-07,2.206637408534863e-05,1.2026150557560518,1.202615509132191,-0.1668779115415352,-0.16687724520099495,0.058767525321553146,0.05876761655544441,0.06729391254839785
14.180000000001405,7090,3.936747413255562e-05,0.0012184142653528921,1.807573057857028,1.807581018494709,0.4188191674298606,0.4188041513917101,0.09122106589842402,0.09118555611293393,7.306888614420611e-07,2.219811480254158e-05,1.2026133313542793,1.2026137618973838,-0.16683367947994993,-0.16683310199650492,0.0587658461957058,0.0587659688811497,0.06724007379120292
14.200000000001411,7100,3.6693053592864985e-05,0.0012233483019094315,1.807330502764061,1.8073397071049546,0.4183237208318424,0.4183094500946197,0.0895112411757082,0.08947871416616533,6.553339843310891e-07,2.236169929091153e-05,1.20261160656559,1.202612014613668,-0.16678944788907188,-0.16678895867698404,0.05876416757978145,0.058764321303332596,0.0671881329281583
14.220000000001418,7110,3.4101033057422316e-05,0.0012275062123440184,1.8070872664214315,1.8070976888306303,0.4178268135151256,0.4178132996462313,0.0877963956554968,0.08776687228865653,5.867569509799195e-07,2.2524095754713237e-05,1.202609881345366,1.2026102672810393,-0.1667452169610128,-0.1667448152424325,0.058762489540798324,0.05876267382199087,0.06713806116907219
14.240000000001425,7120,3.161724707228437e-05,0.001230892900863613,1.8068434698464284,1.806855083602134,0.41732869194976047,0.41731594591029614,0.08607737989324633,0.08605087877121698,5.271995506244681e-07,2.2263692832568247e-05,1.202608155651834,1.202608519899493,-0.1667009868750902,-0.16670067169285038,0.0587608121402141,0.058761026437122284,0.0670898246910449
14.260000000001432,7130,2.927424367873718e-05,0.0012334999462799254,1.806599234426207,1.8066120117890812,0.4168296035146013,0.4168176356509843,0.08435504754702208,0.08433158501132391,4.794328925168436e-07,2.219811480254158e-05,1.2026064294460093,1.2026067724690241,-0.16665675779835243,-0.16665652802823813,0.05875913543412867,0.05875937914872459,0.0670375821626559
14.280000000001438,7140,2.7107134010583544e-05,0.0012353499865778595,1.8063546892702158,1.8063685941098526,0.4163297734347055,0.4163186163474544,0.08263026475465977,0.08260984487334247,4.4542340009065886e-07,2.2524095754713237e-05,1.202604703506598,1.2026050249896285,-0.16661252782106914,-0.16661238424859537,0.0587574591242255,0.058757731956795546,0.06698614576771021
14.300000000001445,7150,2.5161433012382493e-05,0.0012364198903863273,1.8061099595951553,1.8061249515411442,0.4158294585828963,0.41581913600842346,0.08090388597215518,0.08088651404874539,4.291624899447653e-07,2.2165253030559974e-05,1.2026029774301272,1.2026032774613011,-0.16656829809845072,-0.16656824035392218,0.058755783485642324,0.05875608486133292,0.06693558642346678
14.320000000001452,7160,2.349881629681507e-05,0.0012366892846832084,1.8058651621014248,1.8058812052275142,0.41532892896846996,0.4153194429867369,0.07917676125140717,0.07916244941633295,4.323791705961295e-07,2.23942727958561e-05,1.2026012504567005,1.2026015298840378,-0.16652407063806524,-0.1665240963442189,0.05875410890746825,0.05875443786233448,0.06688586917982475
14.340000000001458,7170,2.218752369690854e-05,0.0012361622308633977,1.8056204140922905,1.805637476390933,0.4148284336627078,0.41481978579393797,0.07744975022341634,0.07743850840245303,4.530901688282217e-07,2.2165253030559974e-05,1.202599522653254,1.2025997822578336,-0.1664798452734842,-0.1664799522194857,0.0587524353494549,0.05875279095979797,0.06683693406420758
14.360000000001465,7180,2.129462319525041e-05,0.0012348406606222716,1.80537583504196,1.805393886240331,0.4143282200996101,0.4143204129148379,0.07572371308740984,0.07571554834122073,4.877663727862803e-07,2.2132342465963256e-05,1.2025977940597328,1.202598034582684,-0.16643562191421896,-0.16643580797972232,0.058750762782022216,0.058751144153721166,0.0667887172219525
14.380000000001472,7190,2.0873745679820606e-05,0.0012327433058461556,1.805131545781,1.8051505558811474,0.41382853607130327,0.41382157262208535,0.0739995091138063,0.0739944258347384,5.325386907855851e-07,2.229640951859779e-05,1.2025960646843807,1.2025962868585847,-0.16639140056253718,-0.16639166362492894,0.058749091200014675,0.058749497444101816,0.06674115349840143
14.400000000001478,7200,2.095131221880856e-05,0.0012298774586434376,1.8048876676856094,1.804907606224879,0.4133296293462399,0.41332351279073654,0.07227799608438,0.07227599611331575,5.840428837297718e-07,2.236169929091153e-05,1.2025943345217085,1.2025945390855304,-0.16634718126327144,-0.16634751915510587,0.058747420611411125,0.05874785083093769,0.06666884291914522
14.420000000001485,7210,2.116527428011503e-05,0.001222092205657318,1.8046446776005276,1.804665157898629,0.412831720744226,0.41282648071282496,0.0705600788116603,0.07056111239568942,6.244462459072855e-07,2.23942727958561e-05,1.2025925979731589,1.2025927912635168,-0.1663029824006344,-0.1663033745702529,0.05874575847239149,0.05874620431422654,0.0666234114357483
14.440000000001492,7220,2.17998835862135e-05,0.0012151937593183847,1.8044023595489618,1.8044233311546545,0.4123350666787502,0.412330722911931,0.0688465560516731,0.06885062524924301,6.627063218553477e-07,2.2459278078588273e-05,1.2025908597855604,1.2025910433925395,-0.16625878904596064,-0.16625922987037042,0.058744098392077164,0.05874455789396613,0.06655239660512785
14.460000000001498,7230,2.27925124870652e-05,0.001207251030735605,1.8041608605250725,1.8041822457799168,0.4118399272208251,0.41183648495775194,0.06713828826813298,0.06714538195022712,6.970766221684689e-07,2.2781522350186147e-05,1.202589119963529,1.2025892954725939,-0.16621460233380764,-0.1662150850554583,0.058742440303570086,0.058742911570154224,0.06648284378705378
14.480000000001505,7240,2.3919473454768442e-05,0.001196078069582035,1.8039204769078547,1.8039420210056285,0.4113465349706017,0.41134401128067155,0.065436144968491,0.06544622584397897,7.182275664548692e-07,2.2263692832568247e-05,1.2025873757039116,1.202587547503675,-0.16617043174131024,-0.16617094012551717,0.058740787973773356,0.058741265342788576,0.06641380774101133
14.500000000001512,7250,2.535957317683526e-05,0.0011852463252014674,1.8036810982578322,1.803702775416803,0.4108551413883582,0.4108535449863302,0.06374093200615509,0.06375399570514252,7.350363513510763e-07,2.2459278078588273e-05,1.2025856300858508,1.2025857994857783,-0.16612626661277646,-0.16612679508054617,0.058739137232698545,0.05873961921186695,0.06634514295881466
14.520000000001518,7260,2.7132252943288673e-05,0.0011746814669812025,1.80344275922933,1.8034646268618024,0.41036600302518966,0.4103653276701944,0.062053477989255895,0.06206952509788838,7.510993638613914e-07,2.2033315828455735e-05,1.202583884276706,1.2025840514188992,-0.1660821027023625,-0.16608264992054586,0.058737486591319214,0.0587379731773871,0.06627674767393246
14.540000000001525,7270,2.9189562764745833e-05,0.0011641315592990787,1.8032055593866312,1.8032276923618877,0.40987936578254175,0.40987959923212663,0.06037461261418889,0.06039364173613346,7.680287135720944e-07,2.2556434745889217e-05,1.2025821387747961,1.2025823033030334,-0.16603793815008044,-0.16603850464551628,0.0587358354248643,0.05873632723934679,0.0662085326918409
14.560000000001532,7280,3.146645128650232e-05,0.0011534270253580584,1.8029696244804374,1.8029920880207648,0.40939546829445594,0.40939659769095527,0.05870516113141026,0.05872716684376118,7.86330545518671e-07,2.219811480254158e-05,1.2025803937209405,1.2025805551381759,-0.1659937723759271,-0.16599435925545766,0.05873418356984223,0.05873468139774378,0.06614041572231677
14.580000000001538,7290,3.3902518979071694e-05,0.0011424793030545,1.8027350880210575,1.8027579289341358,0.40891454512353403,0.40891655899904417,0.057045942174376134,0.057070914514841295,8.059562417479182e-07,2.2556434745889217e-05,1.2025786490813792,1.2025788069243222,-0.16594960542425116,-0.16595021375036986,0.058732531083054075,0.05873303565257583,0.0660723192170047
14.600000000001545,7300,3.644873581879408e-05,0.0011312304282282198,1.8025020829389107,1.8025253290992456,0.4084368282202639,0.40843971685686276,0.05539776649415576,0.05542569107384951,8.266206510887396e-07,2.265317472408141e-05,1.2025769047514674,1.2025770586614675,-0.16590543759501003,-0.1659060681302533,0.05873087810666383,0.05873139000384069,0.06600416880317679
14.620000000001552,7310,3.906764859614394e-05,0.0011195938500833044,1.8022707382354828,1.8022944013244313,0.40796254738191384,0.40796630252755556,0.05376143607770959,0.053792294435887816,8.479661297779977e-07,2.2459278078588273e-05,1.202575160608298,1.2025753103496075,-0.1658612692579431,-0.1658619223951078,0.058729224801710264,0.058729744451536135,0.06593589224372293
14.640000000001558,7320,4.1731401468070225e-05,0.0011075705111957105,1.8020411780242662,1.8020652571386715,0.40749193025512753,0.40749654465151214,0.05213774345855418,0.05217151346690409,8.696397034515401e-07,2.265317472408141e-05,1.202573416534623,1.2025735619887377,-0.16581710076851838,-0.1658177765449334,0.05872757131910062,0.05872809899565991,0.06586741889834082
14.660000000001565,7330,4.4419419542646646e-05,0.001095111730257646,1.8018135216320976,1.8018380067011337,0.4070252021469495,0.407030669060937,0.05052747111554294,0.05056412734391218,8.913251033595271e-07,2.2524095754713237e-05,1.2025716724280047,1.202571813578853,-0.16577293243583108,-0.16577363057973046,0.05872591778924129,0.058726453636209784,0.06579867952201908
14.680000000001572,7340,4.711640513937202e-05,0.00108220920397391,1.8015878840930897,1.8016127587107236,0.40656258576477183,0.40656889859441897,0.048931390902346765,0.04897090491521146,9.127525322911691e-07,2.236169929091153e-05,1.2025699282028717,1.202570065119949,-0.16572876451524124,-0.1657294844994989,0.058724264320274416,0.05872480837318351,0.06572960627421308
14.700000000001578,7350,4.981079106586385e-05,0.0010688495904287423,1.801364376714884,1.801389620315633,0.40610430093975,0.4061114529115016,0.04735026347927109,0.04739260406060736,9.33698098968312e-07,2.186727491038013e-05,1.2025681837894786,1.2025683166120211,-0.16568459721174286,-0.16568533830423912,0.05872261099989272,0.058723163206578846,0.06566013288419253
14.720000000001585,7360,5.249361256177202e-05,0.0010550438528058633,1.8011431075781434,1.80116869702289,0.40565056435727287,0.4056585483072524,0.04578483773555393,0.045829971051630586,9.539789946010808e-07,2.219811480254158e-05,1.2025664391317334,1.2025665680550648,-0.1656404306871665,-0.16564119199395072,0.05872095789833963,0.058721518136393556,0.06559019484333334
14.740000000001592,7370,5.515771074184143e-05,0.0010407833427195654,1.8009241819222526,1.8009500926079054,0.4052015893029861,0.40521039752683297,0.04423585019870808,0.04428373991175738,9.734474341779688e-07,2.2000207897163392e-05,1.2025646941848713,1.2025648194490752,-0.1655962650679875,-0.1655970455686338,0.058719305071499396,0.0587198731626254,0.06551972962926107
14.760000000001599,7380,5.779718097379282e-05,0.0010260959853068655,1.800707702414315,1.8007339090240235,0.4047575854255531,0.40476720958006884,0.0427040244314516,0.04275463177662954,9.919847871263758e-07,2.2263692832568247e-05,1.2025629489133058,1.202563070794048,-0.16555210045236254,-0.16555289902828868,0.05871765256364427,0.05871822828527212,0.06544867695156441
14.780000000001605,7390,6.0406995293946744e-05,0.0010109646189665903,1.8004937693171248,1.800520246312069,0.40431875851422383,0.40432918955601893,0.04119007041820495,0.04124335425427399,1.0094964629085128e-06,2.2263692832568247e-05,1.2025612032888813,1.2025613220899782,-0.16550793691594712,-0.1655087523729154,0.05871600040970722,0.058716583504331496,0.06537697898757887
14.800000000001612,7400,6.298274540131079e-05,0.0009954327046179966,1.8002824805772693,1.8003092025098968,0.40388531028819113,0.4038965384375457,0.03969468394352162,0.03975060078532271,1.02590771474162e-06,2.2459278078588273e-05,1.202559457289455,1.2025595733368617,-0.16546377451647817,-0.1654646056025141,0.0587143486370843,0.05871493881980128,0.06530458059692236
14.820000000001619,7410,6.552046779469077e-05,0.0009795027691807952,1.8000739318538357,1.8001008735619395,0.4034574381947435,0.40346945291588476,0.03821854596456585,0.03827705000323313,1.0411603135299896e-06,2.236169929091153e-05,1.2025577108978092,1.2025578245346935,-0.1654196132972638,-0.16542045871708483,0.05871269726703774,0.058713294231679224,0.06523142953844406
14.840000000001625,7420,6.801652422295947e-05,0.0009631838223666714,1.7998682165049844,1.799895353228757,0.40303533521361,0.4030481252052148,0.0367623219793754,0.03682336509450737,1.0552099357643331e-06,2.2263692832568247e-05,1.2025559641008223,1.202556075683469,-0.16537545328982428,-0.16537631171662767,0.058711046315780016,0.05871164973996309,0.06515747668146935
14.860000000001632,7430,7.046751914178085e-05,0.0009465081121336951,1.7996654255457423,1.7996927329965848,0.4026191896655124,0.4026327428572273,0.03532666139223765,0.035390193158912425,1.0680241461449783e-06,2.265317472408141e-05,1.2025542168888295,1.2025543267831837,-0.16533129451585532,-0.16533216460114272,0.058709395795308664,0.05871000534465063,0.06508267617293814
14.880000000001639,7440,7.287024184267413e-05,0.0009294917269564166,1.7994656475869444,1.7994931019868825,0.4022091850234258,0.40222348857569606,0.03391219687713268,0.03397816456970032,1.079580801247487e-06,2.2588727439225648e-05,1.202552469255144,1.2025525778338328,-0.16528713698872213,-0.16528801737063004,0.05870774571406403,0.05870836104573961,0.06500698563647082
14.900000000001645,7450,7.522162511490014e-05,0.0009121691425663869,1.7992689687621444,1.7992965468658824,0.40180549972549606,0.4018205400310478,0.032519543739927916,0.03258789233382753,1.0898667921980526e-06,2.236169929091153e-05,1.2025507211956608,1.202550828835412,-0.1652429807145955,-0.16524387002509014,0.05870609607744845,0.05870671684322779,0.06493036656209039
14.920000000001652,7460,7.751871492993291e-05,0.0008945445718544315,1.7990754726477904,1.7991031517541378,0.4014083069891098,0.4014240696749309,0.031149299279632423,0.031219971452175116,1.0988770088127815e-06,2.2524095754713237e-05,1.2025489727085492,1.2025490797879166,-0.16519882569335528,-0.1651997225645224,0.05870444688825002,0.058705072737112916,0.06485278018156902
14.940000000001659,7470,7.975864844105997e-05,0.0008766422077649454,1.7988852401782567,1.7989129981360725,0.40101777461996835,0.40103424455478615,0.029802042149996693,0.029874978279768816,1.1066136498874286e-06,2.2329078268013787e-05,1.2025472237940824,1.2025473306913417,-0.16515467191909933,-0.16515557498892713,0.05870279814699964,0.05870342872739276,0.0647504653173948
14.960000000001665,7480,8.183159476611208e-05,0.0008607655967811596,1.798698678553933,1.798726164769529,0.40063400254171855,0.40065122612841586,0.028478341556352253,0.028553469885998634,1.09600209425622e-06,2.2329078268013787e-05,1.2025454702231753,1.202545581545683,-0.16511053424429079,-0.16511142729830453,0.05870115928835141,0.058701784814065065,0.06467117589520482
14.980000000001672,7490,8.384971065980641e-05,0.0008436216848255158,1.7985155189162316,1.798542727595316,0.4002572142830017,0.4002751700785541,0.027178730252014827,0.027255983414838703,1.0828250295853719e-06,2.2491710265994076e-05,1.2025437155801717,1.2025438323509356,-0.16506640003206097,-0.16506727949265468,0.05869952017211401,0.058700140997127594,0.06456704542758075
15.000000000001679,7500,8.580661485628523e-05,0.0008264264292280662,1.7983358560680869,1.7983627596467595,0.39988755536127335,0.39990622612743637,0.025903723560090894,0.025983035445067776,1.0661349862280563e-06,2.229640951859779e-05,1.2025419599631317,1.2025420831070952,-0.16502226893820818,-0.1650231315719777,0.05869788299459661,0.05869849727657811,0.06448567442594012
15.020000000001685,7510,8.773790308934559e-05,0.0008081904493656151,1.7981596267541495,1.7981863309592485,0.39952519327278163,0.3995445378513691,0.024653815678190284,0.02473512135048822,1.0525708318387583e-06,2.262097403300073e-05,1.2025402049343599,1.202540333814157,-0.1649781355173584,-0.1649789835362737,0.05869624360383165,0.058696853652414366,0.0643795429783218
15.040000000001692,7520,8.960500495213357e-05,0.0007901517116436054,1.797987016324338,1.798013508479786,0.3991702449245303,0.39919024249530005,0.023429484138248018,0.023512714660146594,1.0374973683547253e-06,2.290915092499722e-05,1.2025384495569666,1.2025385844721164,-0.16493400305282152,-0.16493483538554263,0.058694605624069106,0.05869521012463411,0.06427270966062545
15.060000000001699,7530,9.13528559987673e-05,0.0007734143150293494,1.7978182810289705,1.7978443559765358,0.39882280597305464,0.3988434707873875,0.02223118759123913,0.02231626641855347,1.0110665579507403e-06,2.2329078268013787e-05,1.2025366913732767,1.2025368350809686,-0.1648898802196424,-0.16489068711978522,0.058692974649450086,0.058693566693235125,0.06416484554093135
15.080000000001705,7540,9.303388131340336e-05,0.0007560222282461731,1.7976532773495786,1.797678933948373,0.3984830391097372,0.3985043467535705,0.021059353948180183,0.02114620454590302,9.830124226039094e-07,2.23942727958561e-05,1.202534932475432,1.2025350856407093,-0.16484575960663125,-0.16484653873900043,0.05869134387001672,0.05869192335821514,0.06405597195109508
15.100000000001712,7550,9.466079751912626e-05,0.0007380338618141941,1.7974920029573334,1.7975172995344306,0.3981510726469345,0.3981729875321383,0.019914386670520284,0.020002933198293105,9.56245828720581e-07,2.23942727958561e-05,1.2025331737331812,1.202533336151334,-0.1648016381812846,-0.16480239024318902,0.058689712290970544,0.05869028011957192,0.06394609059526123
15.120000000001719,7560,9.623045668033999e-05,0.0007196000168162772,1.7973345072122964,1.7973595064236498,0.3978270178101288,0.39784950318830065,0.018796667012778327,0.01888683212794534,9.316655198026426e-07,2.262097403300073e-05,1.2025314154480908,1.2025315866128374,-0.16475751490488144,-0.16475824163235098,0.05868807968881839,0.05868863697730323,0.06383520441403812
15.140000000001725,7570,9.773527014171492e-05,0.0007008644450834862,1.7971808530651663,1.7972056047643272,0.3975109755991434,0.3975339965287569,0.01770655231821108,0.017798256043424665,9.093268433323553e-07,2.23942727958561e-05,1.2025296576609497,1.2025298370252155,-0.16471338964782686,-0.16471409290648648,0.05868644608925271,0.05868699393140681,0.06372332168776029
15.160000000001732,7580,9.916747619782268e-05,0.0006818739005635823,1.797031102470415,1.7970556410736647,0.3972030391706914,0.39722656291626657,0.016644374543712006,0.01673753396985944,8.889886330323028e-07,2.290915092499722e-05,1.2025279003158502,1.2025280873884636,-0.16466926261498016,-0.16466994406559554,0.05868481160289886,0.05868535098188044,0.06361045640540215
15.180000000001739,7590,0.00010052033767772963,0.0006627164610545211,1.7968853115832928,1.796909658147317,0.3969032944608277,0.39692729008421845,0.015610439284795224,0.01570496860916154,8.703487787177853e-07,2.3099271619960363e-05,1.2025261433331933,1.202526337702577,-0.1646251340915849,-0.16462579510967815,0.05868317635563142,0.058683708128721854,0.0634966279381538
15.200000000001745,7600,0.00010178824931863111,0.0006434553885804929,1.7967435296786622,1.796767694968941,0.39661182016087,0.39663625795120094,0.014605025049225947,0.014700835700245718,8.531281079782473e-07,2.290915092499722e-05,1.2025243866367477,1.202524587967551,-0.1645810043498213,-0.16458164603873504,0.058681540463542306,0.05868206537192883,0.06338186068170003
15.220000000001752,7610,0.00010296653891796806,0.000624140653294198,1.7966057993203028,1.7966297866197443,0.3963286874796508,0.3963535384355714,0.013628382618468882,0.013725383379249834,8.370917294955025e-07,2.2845425764212974e-05,1.202522630161338,1.202522838183381,-0.16453687362280586,-0.16453749685276534,0.05867990402680599,0.0586804227114991,0.06326618375964668
15.240000000001759,7620,0.00010405122986134488,0.0006047924245497554,1.796472156845679,1.7964959641880331,0.39605395985256825,0.39607919527002644,0.01268073443178852,0.012778831539755064,8.220486056833752e-07,2.271743917865515e-05,1.2025208738534625,1.2025210883500626,-0.16449274210284542,-0.16449334755176961,0.05867826713016087,0.058678780147430436,0.06314963078802448
15.260000000001765,7630,0.00010503884045405555,0.0005854783515588873,1.7963426328443832,1.796366254678762,0.3957876926526104,0.3958132838161713,0.011762273971590485,0.011861371193005177,8.078452461601229e-07,2.271743917865515e-05,1.2025191176698142,1.202519338467591,-0.164448609946745,-0.1644491981357479,0.05867662984512113,0.05867713767972059,0.06303223965574302
15.280000000001772,7640,0.00010592623179848682,0.0005662405503978581,1.7962172525386304,1.7962406809230815,0.39552993291923155,0.39555585087908973,0.010873165144426272,0.010973163828126742,7.943588692200936e-07,2.2877310533063834e-05,1.2025173615754847,1.2025175885359616,-0.16440447728218133,-0.16440504860470034,0.05867499223229522,0.05867549530836732,0.06289143994413993
15.300000000001779,7650,0.00010665137845196457,0.000545960042817288,1.7960962478896887,1.796119261487887,0.3952807000377998,0.39530693452191407,0.010013560602340895,0.01011434077234935,7.735317235736999e-07,2.2685329707937426e-05,1.2025156037437463,1.2025158385551697,-0.16436035403238525,-0.16436089895862707,0.0586733567770699,0.058673853033368376,0.06277276190647696
15.320000000001786,7660,0.0001072845968023794,0.0005262335524743203,1.7959793954272312,1.796002010585368,0.3950400388266376,0.39506656388039463,0.009183538464688277,0.009285002551224747,7.530686170759847e-07,2.3099271619960363e-05,1.202513845464091,1.2025140885252108,-0.16431623095154385,-0.16431674919752795,0.0586717215135992,0.05867221085472151,0.06263066996095695
15.340000000001792,7670,0.00010781094186545313,0.00050665405691943,1.7958667294058814,1.7958889379825556,0.39480797503841203,0.39483475897746984,0.008383176106001467,0.00848521824884732,7.327714076183256e-07,2.3350358035739973e-05,1.2025120870962573,1.2025123384460803,-0.16427210851959015,-0.16427259932140337,0.05867008618483404,0.0586705687724245,0.06248826426250786
15.360000000001799,7680,0.00010819857207787403,0.00048658806466107124,1.7957583658855587,1.7957800489108722,0.39458451050491045,0.3946115305378358,0.007612522696225661,0.007715024868074155,7.088668401025326e-07,2.2749503328951236e-05,1.202510327747718,1.2025105883177736,-0.1642279918939426,-0.1642284493302537,0.05866845207870767,0.058668926786475076,0.062345335362696576
15.380000000001806,7690,0.00010848625407564326,0.0004670352552216037,1.795654162164187,1.7956753439756792,0.3943696561097336,0.3943968798025164,0.006871570146292517,0.006974426690744218,6.861463742061849e-07,2.2845425764212974e-05,1.2025085682341532,1.202508838140286,-0.16418387509409257,-0.1641842992240781,0.058666817926548924,0.05866728489687101,0.062201963032883556
15.400000000001812,7700,0.00010867576857734993,0.000447976586129543,1.7955540847333384,1.7955748190658263,0.39416341002320937,0.3941907983434326,0.006160290855002607,0.0062633946378988226,6.65876544604368e-07,2.2940947124789083e-05,1.2025068090529751,1.2025070879136128,-0.1641397564324558,-0.1641401490028772,0.05866518319407369,0.05866564310361004,0.06205821993715161
15.420000000001819,7710,0.00010876132610517518,0.00042938279061292763,1.7954581307455724,1.7954784652631999,0.3939657552286922,0.3939932678779728,0.005478625194228595,0.005581865630001487,6.482039319483632e-07,2.2813496432377448e-05,1.2025050503325605,1.2025053376377497,-0.16409563557113913,-0.16409599866665112,0.058663547770585966,0.05866400140668994,0.06191417212923285
15.440000000001826,7720,0.00010873654397261577,0.0004111751188635513,1.7953662998724302,1.795386268752271,0.39377666271943057,0.3938042600835622,0.004826478859241418,0.004929741947157673,6.329118784859949e-07,2.3162298399097643e-05,1.2025032920514935,1.2025035873126917,-0.16405151264716913,-0.16405184821539992,0.058661911707644634,0.058662359806108455,0.061769884413704026
15.460000000001832,7730,0.00010859579483561036,0.0003933664211885535,1.7952785858165277,1.7952982107296456,0.39359609306270416,0.39362373641223275,0.004203722015301818,0.004306890589334478,6.197151444397254e-07,2.265317472408141e-05,1.202501534147798,1.2025018369384344,-0.16400738791672118,-0.16400769764912418,0.05866027509702434,0.05866071830186335,0.06162542275610963
15.480000000001839,7740,0.00010833427926204621,0.00037594165629091866,1.7951949744983993,1.7952142673136111,0.3934239967172807,0.39345164790519327,0.0036101886898311066,0.003713142636581346,6.083519667966573e-07,2.271743917865515e-05,1.2024997765576932,1.202500086514973,-0.16396326163293892,-0.16396354696782292,0.058658638028820285,0.05865907689395236,0.061480854834300484
15.500000000001846,7750,0.00010794785920405648,0.0003589181548793212,1.7951154441506796,1.7951344094536865,0.393260313890478,0.39328793500739867,0.003045676180307734,0.003148292609248954,5.986015650212722e-07,2.303607239996808e-05,1.2024980192255632,1.2024983360423034,-0.16391913401608887,-0.16391939617149692,0.058657000581765414,0.058657435582373255,0.061314562244411355
15.520000000001852,7760,0.00010741631879782458,0.00034284513670504023,1.795040097488148,1.7950586028401705,0.39310494788461364,0.39313252738212,0.0025099450563045517,0.0026120978282096474,5.865234744468659e-07,2.2972699315936647e-05,1.2024962602896827,1.2024965855204204,-0.16387501189004258,-0.16387524526014607,0.058655365679419105,0.05865579436712379,0.06114829909969893
15.540000000001859,7770,0.00010674089430786731,0.0003274575334297738,1.7949688657687755,1.79498680781369,0.3929578247398007,0.3929853437255145,0.002002717906196149,0.002104277775077573,5.733988386193398e-07,2.3287840231354886e-05,1.2024944998932598,1.2024948349493196,-0.16383089466549763,-0.16383109423377065,0.05865373289576703,0.0586541532482017,0.060982189637249044
15.560000000001866,7780,0.0001059351178334776,0.00031224079245192204,1.794901575509256,1.7949189792747486,0.39281887868989573,0.3928462915811951,0.0015236774889641016,0.0016245134524279503,5.627935804382162e-07,2.290915092499722e-05,1.2024927396399232,1.2024930843289965,-0.16378677648289722,-0.1637869430923711,0.058652099712162384,0.058652512225604775,0.060816362453353874
15.580000000001872,7790,0.00010499909014372273,0.0002971794625721099,1.7948381565105704,1.7948550665932759,0.39268801026957956,0.3927152671548002,0.0010724671448883417,0.0011724467440172304,5.54998780975818e-07,2.271743917865515e-05,1.2024909798886678,1.2024913336594463,-0.16374265612782418,-0.16374279183594664,0.05865046577104727,0.05865087129933074,0.06065090243417079
15.600000000001879,7800,0.00010392889914921091,0.0002824171723164749,1.7947785616310754,1.794795013518175,0.39256510305261116,0.3925921551285636,0.0006486912065933942,0.0007476797750035624,5.497106646312926e-07,2.3067693653563172e-05,1.2024892206707662,1.2024895829406645,-0.1636985335258131,-0.1636986404644978,0.05864883108678722,0.05864923046937736,0.06048588114312227
15.620000000001886,7810,0.00010272013954406084,0.0002679271750983347,1.7947227417383291,1.7947387580868726,0.3924500283102706,0.3924768284758844,0.0002519138880956225,0.00034977427216578705,5.465447156629468e-07,2.325651830698318e-05,1.202487461927321,1.2024878321726464,-0.16365440890702387,-0.16365448897802473,0.058647195758382654,0.058647589735742384,0.060321366649234834
15.640000000001892,7820,0.00010136879071982947,0.0002537963333260765,1.7946706397568986,1.7946862325348658,0.3923426458715611,0.3923691482758965,-0.00011834161995563213,-2.1749075876348334e-05,5.451598538823269e-07,2.3350358035739973e-05,1.2024857035870107,1.2024860813553875,-0.1636102825390236,-0.16361033737652741,0.0586455598900373,0.05864594909842358,0.06013611076317592
15.660000000001899,7830,9.985544581913001e-05,0.0002397143415359034,1.7946222767023543,1.7946373632052723,0.392242792308881,0.39226896352803864,-0.00046258780375223245,-0.0003674112584417244,5.449336053274048e-07,2.271743917865515e-05,1.2024839443982662,1.202484330488883,-0.1635661591205456,-0.16356618566000647,0.05864392491392943,0.05864430855741868,0.0599303474091408
15.680000000001906,7840,9.817682265842282e-05,0.0002260775849265783,1.7945776192544993,1.7945920704583787,0.3921502927553837,0.39217611096662414,-0.0007813879278127962,-0.0006877755825687726,5.463517153269521e-07,2.3004407680670755e-05,1.2024821834754087,1.2024825795731284,-0.16352204171461102,-0.16352203382846112,0.058642291888587605,0.058642668112725456,0.05974651575221841
15.700000000001912,7850,9.635345202426378e-05,0.000212786703144421,1.7945364155199335,1.7945502685811876,0.3920650013163406,0.3920904148754107,-0.001075351693724674,-0.0009834483127951765,5.501474189644519e-07,2.2972699315936647e-05,1.2024804230136061,1.2024808286081192,-0.16347792228814287,-0.16347788188189186,0.05864065827468222,0.05864102776434165,0.05956365043593451
15.720000000001919,7860,9.438748001519068e-05,0.00019991433986430923,1.794498519468573,1.7945118656969683,0.3919867416599708,0.39201168690217003,-0.0013451271285842596,-0.001255079310937962,5.554826801530348e-07,2.2972699315936647e-05,1.2024786639281313,1.2024790775938508,-0.16343379762640617,-0.1634337298202988,0.05863902303453964,0.05863938751226502,0.05940282422999828
15.740000000001926,7870,9.228206319286711e-05,0.0001877486879123932,1.7944638261630939,1.7944767636748045,0.3919153097424782,0.39193972587325804,-0.0015914106885462267,-0.001503362675873532,5.612483189629467e-07,2.290915092499722e-05,1.2024769064331964,1.2024773265303181,-0.16338966677991987,-0.16338957764368245,0.0586373860078874,0.05863774735649333,0.05924296910301911
15.760000000001932,7880,9.00272458878174e-05,0.0001762623911971032,1.7944322731154967,1.7944448580391428,0.39185048649809184,0.3918743176081842,-0.001814936177784409,-0.0017290373833182826,5.668813227899174e-07,2.265317472408141e-05,1.2024751502158548,1.202475575417517,-0.16334553096810564,-0.16334542535204208,0.05863574757042287,0.05863610729702432,0.059084102822043655
15.78000000000194,7890,8.760684139775624e-05,0.00016510755028466365,1.794403831218098,1.794416037879341,0.39179203410711383,0.39181523473418167,-0.0020164803115327434,-0.0019328879256076403,5.727261553366016e-07,2.3225154141253322e-05,1.2024733942856034,1.2024738242554427,-0.16330139393199136,-0.16330127294537816,0.05863410886011091,0.058634467333855744,0.058926244687414454
15.800000000001946,7900,8.501665220857472e-05,0.00015443158157035238,1.7943783993781741,1.794390185759218,0.39173970951088244,0.3917622365007769,-0.002196871069965484,-0.0021157449514774274,5.789120866493747e-07,2.3067693653563172e-05,1.2024716383693543,1.2024720730440908,-0.16325725661385543,-0.1632571204236908,0.05863247018653999,0.05863282746698536,0.05876943512917819
15.820000000001953,7910,8.225482611777421e-05,0.00014415886482233042,1.7943558523015808,1.7943671776266008,0.39169325914519104,0.39171506859435945,-0.0023569839399577223,-0.002278485905843314,5.854789068432633e-07,2.290915092499722e-05,1.2024698823928965,1.2024703217834563,-0.16321311926331558,-0.1632129677869807,0.05863083163966493,0.058631187696410916,0.05861372025313322
15.84000000000196,7920,7.931971344960006e-05,0.00013435478639869833,1.794336055139501,1.7943468827228741,0.3916524163721867,0.391673462952752,-0.0024977418240630244,-0.002422035669580519,5.924318700460289e-07,2.3099271619960363e-05,1.2024681263397499,1.2024685704735347,-0.16316898193516283,-0.16316881503524683,0.05862919324738498,0.058629548022130176,0.05845914519732161
15.860000000001966,7930,7.620950422723953e-05,0.00012508293840259128,1.7943188669177763,1.7943291634925287,0.3916169005774151,0.39163713757977986,-0.002620115620718529,-0.0025473671993045954,5.997680000548883e-07,2.2749503328951236e-05,1.2024663702050988,1.2024668191143217,-0.16312484464614502,-0.1631246621684898,0.058627555026443484,0.058627908444140876,0.05830575190106889
15.880000000001973,7940,7.292222375111729e-05,0.0001162324318899678,1.7943041408642144,1.7943138754927104,0.3915864168629042,0.3916057963598409,-0.0027251248848760763,-0.0026555021671516577,6.074858309034505e-07,2.2845425764212974e-05,1.202464613983889,1.2024650677058122,-0.16308070741460373,-0.1630805091867098,0.058625916994895014,0.05862626896244078,0.058153578503215744
15.90000000000198,7950,6.945577652509452e-05,0.0001078056166252826,1.7942917241099852,1.7943008673027678,0.3915606558848876,0.3915791288724754,-0.0028138384853629603,-0.0027475116005573064,6.155878056496714e-07,2.2588727439225648e-05,1.2024628576692673,1.202463316248002,-0.1630365702650925,-0.16303635608990727,0.058624279173145645,0.058624629577027645,0.05802319573298209
15.920000000001986,7960,6.581253235029141e-05,9.968332916245562e-05,1.7942813990326245,1.7942899804338015,0.3915393049947833,0.3915568102069358,-0.0028873752248222157,-0.002824516522038162,6.232006472155165e-07,2.2972699315936647e-05,1.2024611020277163,1.2024615647408863,-0.16299243036394767,-0.1629922028780815,0.05862264025111588,0.05862299028789922,0.057894104954753216
15.940000000001993,7970,6.198927469638866e-05,9.202555200973168e-05,1.79427301481398,1.794281049238213,0.3915220224405127,0.3915385007767562,-0.0029469049941247853,-0.0028876885889715376,6.301747343846625e-07,2.2781522350186147e-05,1.2024593469835492,1.2024598131844606,-0.16294828804683364,-0.16294804955123293,0.058621000528719325,0.058621351095053245,0.05778677260586468
15.960000000002,7980,5.799112698430983e-05,8.512084717621605e-05,1.7942663940463706,1.7942739008192525,0.39150844801025075,0.3915238461343232,-0.00299365395480451,-0.0029382507333741703,6.362501517106618e-07,2.290915092499722e-05,1.2024575921180576,1.2024580615787201,-0.16290414322801328,-0.16290389610936182,0.05861936078158306,0.058619711998487485,0.057680635319288215
15.980000000002006,7990,5.3809692557276405e-05,7.905593595851163e-05,1.794261383248464,1.7942683549405682,0.39149821197804446,0.39151247678544404,-0.0030288917471877163,-0.002977477801684919,6.416502986351073e-07,2.3225154141253322e-05,1.2024558374087708,1.2024563099236603,-0.16285999673023502,-0.16285974255246805,0.058617721091325965,0.05861807299819969,0.057575711637499215
16.00000000000201,8000,4.942994269401258e-05,7.332519036670559e-05,1.7942578606028756,1.7942642239357547,0.3914909253040125,0.3915040080039179,-0.003053937751192426,-0.0030066971945425514,6.474719820662411e-07,2.290915092499722e-05,1.20245408249265,1.2024545582192765,-0.16281585142236188,-0.16281558888055236,0.05861608199201122,0.05861643409418761,0.05749236470563363
16.020000000002,8010,4.48555593478461e-05,6.779844424872382e-05,1.7942555813243755,1.794261312617901,0.39148619265248746,0.39149803964610486,-0.0030701709969931305,-0.0030272895065670546,6.54514436170422e-07,2.2524095754713237e-05,1.2024523275283967,1.2024528064655642,-0.16277170647959405,-0.1627714350936139,0.058614441227150954,0.058614795286449,0.05745121045416341
16.04000000000199,8020,4.012567920186358e-05,6.226111753560018e-05,1.7942541891049504,1.7942594181891405,0.39148357059360167,0.3914941559654961,-0.0030790385691567266,-0.003040689166139199,6.695047137833117e-07,2.2781522350186147e-05,1.2024505707180606,1.2024510546625187,-0.1627275634427377,-0.16272728119165303,0.058612790011687635,0.05861315657498161,0.05741086367757332
16.060000000001978,8030,3.5216131101766375e-05,5.73237639305409e-05,1.794253540182199,1.7942583301501984,0.3914826579244774,0.3914919254272835,-0.003082020554783041,-0.003048385075180682,6.859896338398056e-07,2.2781522350186147e-05,1.2024488138929093,1.2024493028101355,-0.1626834180628966,-0.16268312717467007,0.05861113465081739,0.05861151795978319,0.05737167734393235
16.080000000001966,8040,3.0078196786280534e-05,5.340011203640124e-05,1.794253593426876,1.7942578302099403,0.39148303908770116,0.39149090052292934,-0.003080643112163969,-0.003051921248935191,6.961541503237488e-07,2.3099271619960363e-05,1.2024470590806071,1.2024475509084098,-0.16263926839943546,-0.16263897304266503,0.058609485105471835,0.058609879440851505,0.05733366862924778
16.100000000001955,8050,2.4701959398820292e-05,4.979777054841859e-05,1.7942541961435516,1.7942576921949223,0.39148423132092847,0.3914906175847366,-0.003076502117521834,-0.003052897455746495,7.023030178686562e-07,2.2524095754713237e-05,1.202445305014517,1.2024457989573372,-0.16259511924791506,-0.1625948187956385,0.058607842297168054,0.05860824101818429,0.057337599255961914
16.120000000001944,8060,1.9106012092290354e-05,4.735173655176668e-05,1.7942550091648435,1.794257681852956,0.39148573336112946,0.3914906188900152,-0.003071252885895155,-0.0030529764517837027,7.079080890541547e-07,2.2556434745889217e-05,1.2024435503645665,1.2024440469569129,-0.16255097058035267,-0.16255066443358965,0.058606201687959394,0.0586066026917793,0.05732139357575439
16.140000000001933,8070,1.3275762802150083e-05,4.557904015275304e-05,1.794255867287732,1.7942575562892271,0.39148717503148533,0.39149103466932395,-0.0030666289579468924,-0.0030540394246877426,7.103186612636579e-07,2.2845425764212974e-05,1.2024417981532922,1.2024422949071323,-0.1625068219559669,-0.16250650995651902,0.05860456390631047,0.05860496446163429,0.05730175324600026
16.160000000001922,8080,7.527409193648401e-06,4.4804817543418556e-05,1.794256727973166,1.7942570740178545,0.39148882955477093,0.3914926316150304,-0.0030646095528694918,-0.0030581221435232553,7.192133216250346e-07,2.2459278078588273e-05,1.2024400451700468,1.202440542807991,-0.16246268830755445,-0.16246235536442707,0.05860292786425754,0.058603326327747014,0.057236119769058284
16.18000000000191,8090,4.781373885102054e-06,4.441264529416598e-05,1.7942573152238561,1.794256002572886,0.3914915841422364,0.3914961794918883,-0.0030673383306232195,-0.0030671925731658857,7.430906716535795e-07,2.2749503328951236e-05,1.2024382827610198,1.2024387906594842,-0.16241858027944994,-0.16241820065731322,0.05860130084988825,0.058601688290115216,0.057124087291956484
16.2000000000019,8100,9.149769826914106e-06,4.446185599656864e-05,1.7942571204059818,1.7942541186615149,0.39149648570627027,0.3915024176896041,-0.00307685457718316,-0.003083141022265057,7.752093430633832e-07,2.2940947124789083e-05,1.2024365141510962,1.2024370384616074,-0.16237448313493108,-0.16237404583517784,0.058599683174473935,0.05860005034873665,0.05696659488334059
16.22000000000189,8110,1.5456489044672026e-05,4.4967213210067885e-05,1.7942556586291556,1.7942512080449815,0.3915044844861947,0.39151205561720953,-0.00309506213701175,-0.00310778115148825,8.063266007704115e-07,2.303607239996808e-05,1.2024347468225023,1.2024352862143557,-0.162330379169554,-0.16232989089802113,0.05859806492638632,0.058598412503609074,0.056805612854162746
16.240000000001878,8120,2.2025292208202354e-05,4.626161295289197e-05,1.7942527630066891,1.7942470654194744,0.39151636918807997,0.3915257730974339,-0.0031237664989153184,-0.0031428509817652797,8.358209064513594e-07,2.2781522350186147e-05,1.2024329812282137,1.202433533917725,-0.16228626890613188,-0.16228573584584355,0.058596444637143905,0.058596774754730234,0.05664118176318785
16.260000000001867,8130,2.8606236010619322e-05,4.806980675785058e-05,1.7942483631733936,1.7942414942970302,0.3915328500938048,0.39154422076107637,-0.0031646792779646536,-0.003190013902532575,8.667448206433864e-07,2.313080647644551e-05,1.202431215825097,1.20243178157171,-0.162242157750353,-0.16224158067864441,0.05859482378820253,0.05859513710209787,0.056473467713385225
16.280000000001856,8140,3.509801818774821e-05,5.0481059010901566e-05,1.7942423033088817,1.7942343068864364,0.39155460629675254,0.39156802044137834,-0.0032194273903258623,-0.0032508596799774568,8.995609477845203e-07,2.290915092499722e-05,1.2024294502869541,1.2024300291763068,-0.1621980467320258,-0.1621974253964241,0.058593202831897846,0.05859349954570975,0.05626197549039591
16.300000000001845,8150,4.1394948197177056e-05,5.3454685491661766e-05,1.7942342598402974,1.7942253239741315,0.3915823061840792,0.3915977655683957,-0.0032895597899147613,-0.0033269054652824153,9.273955348561262e-07,2.2749503328951236e-05,1.2024276870020403,1.2024282767315104,-0.1621539275869471,-0.16215326999918334,0.05859157949051226,0.05859186208556362,0.05604831813412319
16.320000000001833,8160,4.747305449065568e-05,5.6966603045806464e-05,1.794224091270459,1.7942143748051063,0.3916165448085589,0.3916340215633713,-0.003376540511285591,-0.0034195968028693886,9.500317885254945e-07,2.265317472408141e-05,1.202425925807851,1.2024265242373162,-0.16210980085802448,-0.16210911448692122,0.058589953913084865,0.05859022472165722,0.05583231944508343
16.340000000001822,8170,5.3349529508354766e-05,6.099553964699853e-05,1.7942117694983586,1.7942012969638046,0.3916578601755098,0.39167732623310725,-0.0034817538147807955,-0.0035303086386440424,9.725009771431253e-07,2.2972699315936647e-05,1.202424164808848,1.2024247716937195,-0.16206567309886008,-0.1620649588596383,0.05858832800989534,0.05858858745398831,0.0556140713114326
16.36000000000181,8180,5.901170448119758e-05,6.590115020061115e-05,1.7941971577846192,1.7941859362550252,0.39170677814300464,0.3917281901643372,-0.003606513402610816,-0.0036603463282400455,9.954372846503108e-07,2.3287840231354886e-05,1.2024224037584208,1.2024230191007161,-0.1620215451704896,-0.16202080311733474,0.058586702076264256,0.058586950282554645,0.0553937248519946
16.3800000000018,8190,6.444602942752754e-05,7.107377162149535e-05,1.7941801033062588,1.7941681465848223,0.39176379696898084,0.39178709711809867,-0.003752061752697002,-0.0038109466452633505,1.0187800040304328e-06,2.290915092499722e-05,1.202420642662883,1.202421266458301,-0.1619774170563208,-0.1619766472600111,0.05858507613012037,0.05858531320735397,0.05517144288133141
16.40000000000179,8200,6.964314349165703e-05,7.69533804501856e-05,1.7941604599073286,1.7941477898414062,0.3918293847509896,0.39185450442410547,-0.003919571341875516,-0.003983278789536471,1.0423559533742121e-06,2.290915092499722e-05,1.2024188815674688,1.2024195137664695,-0.16193328860487308,-0.1619324912876664,0.05858345014072628,0.05858367622838402,0.05494738624785393
16.420000000001778,8210,7.4597456772321e-05,8.322432054213379e-05,1.7941380914259362,1.794124735776046,0.39190398022399164,0.39193084337512,-0.004110146213178098,-0.004178445395342759,1.0660030596408508e-06,2.2845425764212974e-05,1.2024171205132574,1.2024177610252174,-0.1618891596804048,-0.16188833520030138,0.058581824079501604,0.05858203934564257,0.054682178894081584
16.440000000001767,8220,7.92671228645512e-05,8.990200008902909e-05,1.7941127269656132,1.7940988618839686,0.3919880211763722,0.39201651962132555,-0.004324827673331797,-0.0043974835396706855,1.0823602786904158e-06,2.3099271619960363e-05,1.202415361878572,1.2024160082345396,-0.16184502213522656,-0.161844178997916,0.05858019556344735,0.05858040255912736,0.05441635124913054
16.460000000001756,8230,8.366481159657696e-05,9.703016352950282e-05,1.7940842941194386,1.7940700532852614,0.3920818825904449,0.39211191356469877,-0.004564585935879079,-0.004641365750458117,1.0925707519326212e-06,2.2685329707937426e-05,1.2024136052251857,1.2024142553944321,-0.16180087745982802,-0.16180002268051089,0.05857856501287292,0.05857876586883614,0.05414961717211166
16.480000000001745,8240,8.782766779486038e-05,0.00010455154646275216,1.7940528206625017,1.7940382026057728,0.39218589601541926,0.3922173807533817,-0.004830324358217765,-0.0049110010148365945,1.102739716907568e-06,2.3193747562800386e-05,1.2024118485558313,1.2024125025048897,-0.16175673252674796,-0.16175586624808522,0.05857693447540666,0.05857712927476665,0.053882039840740074
16.500000000001734,8250,9.17585406806344e-05,0.00011247151410466394,1.7940182133597635,1.794003209858013,0.3923003919463882,0.3923332522760545,-0.00512288696724583,-0.0052072357873756085,1.113369414998907e-06,2.303607239996808e-05,1.2024100917111278,1.2024107495659082,-0.16171258790023385,-0.1617117097006396,0.05857530413965946,0.05857549277691665,0.0536137512781036
16.520000000001723,8260,9.545609726570697e-05,0.00012065123661823447,1.7939803669918672,1.7939649823220556,0.39242567982903814,0.3924598351563075,-0.005443056410302307,-0.005530854998326884,1.1243403269457065e-06,2.2877310533063834e-05,1.202408334731493,1.2024089965774827,-0.1616684434482663,-0.16166755303817457,0.05857367397209007,0.058573856375283895,0.05334489610640638
16.54000000000171,8270,9.892018759756218e-05,0.00012908650966045361,1.7939391855444469,1.7939234344264388,0.39256204460440797,0.39259741274701376,-0.005791554493361575,-0.005882583061868651,1.1354990775625435e-06,2.3099271619960363e-05,1.2024065776671902,1.2024072435396087,-0.16162429900344827,-0.16162339626068936,0.05857204392336852,0.05857222006986612,0.05311407911821682
16.5600000000017,8280,0.00010219206672250824,0.00013779388240397342,1.7938947436003059,1.7938784876290654,0.39270971688274847,0.39274624512470124,-0.006169038887944514,-0.006263084884349929,1.1550099037277461e-06,2.3412708902503816e-05,1.2024048179486349,1.2024054904522816,-0.16158016338017137,-0.16157923936818436,0.058570416562810965,0.058570583860661087,0.05288208377197897
16.58000000000169,8290,0.00010526179826381317,0.00014685899442030154,1.793846918132897,1.7938300702981056,0.3928689427271352,0.39290656948392505,-0.006576114284494802,-0.006672966872534804,1.181513488808049e-06,2.290915092499722e-05,1.2024030560580194,1.2024037373154968,-0.16153603495314847,-0.16153508236066022,0.05856879144691428,0.05856894774766654,0.05264949498536963
16.60000000000168,8300,0.00010809284533749517,0.00015607953694358114,1.7937954850892266,1.7937781175928964,0.3930399657193073,0.3930786005316401,-0.007013330545900978,-0.0071127779418467055,1.2076748145569231e-06,2.3287840231354886e-05,1.2024012943100166,1.2024019841292497,-0.16149190577813985,-0.16149092523811626,0.058567166234675685,0.05856731173088023,0.05241656248387914
16.620000000001667,8310,0.0001106840786582765,0.00016549560339257613,1.7937403678380628,1.7937225713448441,0.39322298070680756,0.3932625308815732,-0.00748117716184017,-0.007583010524612677,1.2323992342119565e-06,2.3412708902503816e-05,1.2023995330316632,1.2024002308935355,-0.1614477747320502,-0.16144676800055285,0.058565540575792586,0.0585656758102999,0.052183447713467626
16.640000000001656,8320,0.00011304155998601621,0.0001750506662601553,1.7936815246069677,1.7936633799383244,0.3934181554781225,0.3934585314485955,-0.007980087414405555,-0.008084101578307674,1.2555790742046368e-06,2.2845425764212974e-05,1.202397772243454,1.2023984776083498,-0.1614036417540441,-0.16140261064797065,0.05856391444931258,0.05856403998592331,0.05195028662750787
16.660000000001645,8330,0.0001151716831234461,0.00018482572664785303,1.793618921071343,1.7936004981915838,0.3936256362979634,0.39366675184309463,-0.008510440074924174,-0.008616433593798822,1.2772714606095713e-06,2.3412708902503816e-05,1.2023960119178798,1.202396724273688,-0.1613595069496542,-0.1613584531803687,0.058562287888165955,0.05856240425774819,0.05171720944530619
16.680000000001634,8340,0.00011708016597558889,0.00019464915715751834,1.7935525263450365,1.793533887237641,0.3938455490313155,0.3938873207653474,-0.009072560508246017,-0.009180335603589706,1.297529114109835e-06,2.3193747562800386e-05,1.2023942520307775,1.2023949708895454,-0.16131537041094615,-0.16131429559774782,0.05856066092032886,0.0585607686257723,0.05152226401377811
16.700000000001623,8350,0.00011883632236616707,0.00020456388057546595,1.7934825720651508,1.7934635144051876,0.3940779506888707,0.39412034639989174,-0.009666715635181346,-0.009776084190064644,1.3304886233386475e-06,2.3162298399097643e-05,1.202392488355198,1.2023932174559173,-0.1612712467237471,-0.16127013790010836,0.058559037579491144,0.0585591330899934,0.051326367679576684
16.720000000001612,8360,0.00012042955840001551,0.00021467611616927303,1.7934089734254173,1.7933893530994893,0.3943229393098403,0.39436591680989946,-0.010293128793168415,-0.010403904493732973,1.3746453182789794e-06,2.2972699315936647e-05,1.202390721405552,1.2023914639727993,-0.16122713412996667,-0.16122598008744957,0.058557417466226884,0.058557497650409226,0.05113037676854252
16.7400000000016,8370,0.000121800846910665,0.0002247874300620117,1.7933314577525712,1.793311382683287,0.39458062933996285,0.39462410033154816,-0.010951976977014147,-0.011063971221473307,1.4175019245320307e-06,2.3412708902503816e-05,1.2023889549105984,1.2023897104401866,-0.16118301974837473,-0.161181822159772,0.058555796974896955,0.05855586230701752,0.05093464175692078
16.76000000000159,8380,0.0001229435373757453,0.00023497860997972827,1.7932499702507272,1.793229588357698,0.3948510756927121,0.39489494596839386,-0.011643382707855364,-0.011756409654777847,1.456468297494492e-06,2.290915092499722e-05,1.2023871896116496,1.2023879568580746,-0.1611389010309722,-0.16113766411707617,0.05855417532164206,0.05855422705981605,0.05073936253682519
16.78000000000158,8390,0.00012386500863363297,0.000245171326630363,1.7931645173840973,1.7931439610431172,0.3951343040504843,0.39517848378574316,-0.012367418968338933,-0.012481296657996632,1.4911372628131839e-06,2.3412708902503816e-05,1.2023854256031496,1.202386203226459,-0.16109477766354996,-0.1610935059593613,0.0585525524020695,0.05855259190880254,0.05054439474616363
16.800000000001567,8400,0.0001245747697221801,0.00025537966788555217,1.7930751187397096,1.7930544972601175,0.3954303201909677,0.39547472530502575,-0.013124111201308936,-0.013238661686581828,1.521701810937169e-06,2.3287840231354886e-05,1.202383662808996,1.2023844495453346,-0.16105064991811163,-0.1610493476866281,0.058550928297049144,0.05855095685397476,0.050349799425026064
16.820000000001556,8410,0.00012508147326314274,0.0002655881095917952,1.7929817955751162,1.792961199010352,0.3957391124926025,0.39578366389816666,-0.013913438550502442,-0.014028487795332008,1.548456315271247e-06,2.3099271619960363e-05,1.2023819011286603,1.2023826958146975,-0.16100651814734568,-0.161005189298877,0.05854930311209655,0.05854932189533045,0.05015568700252194
16.840000000001545,8420,0.0001253925356894948,0.0002757067640836244,1.7928845695878894,1.792864073657454,0.39606065254589823,0.3961052751819585,-0.014735334896644246,-0.014850712646636425,1.5716622273254352e-06,2.303607239996808e-05,1.2023801404750167,1.2023809420345424,-0.1609623826550276,-0.1609610307961071,0.05854767693619883,0.05854768703286735,0.04999990310863861
16.860000000001534,8430,0.00012560632295770873,0.00028588543933259146,1.7927838351360126,1.7927631338079386,0.3963948237050708,0.39643951741243394,-0.015589683528286623,-0.015705229518719294,1.6129986310891952e-06,2.303607239996808e-05,1.2023783748284949,1.2023791882048651,-0.1609182650814327,-0.16091687217831901,0.058546054359450476,0.058546052266583215,0.04984305081230681
16.880000000001523,8440,0.00012571377718863182,0.0002961253307570197,1.7926795585670885,1.7926583971921042,0.39674157727496867,0.3967863318792381,-0.016476332373402874,-0.01659188831388406,1.6717917498105956e-06,2.3099271619960363e-05,1.2023766043549435,1.202377434325661,-0.16087416455087672,-0.16087271344551324,0.05854443574825052,0.0585444175964758,0.04968619636892512
16.900000000001512,8450,0.00012562892959639262,0.00030627991669117594,1.7925714014712677,1.7925498865449327,0.3971009061803803,0.3971456433000007,-0.017395091514769465,-0.017510496566757704,1.729332380561433e-06,2.2781522350186147e-05,1.2023748342359666,1.2023756803969254,-0.16083006239079267,-0.16082855459768924,0.05854281711171152,0.058542783022542844,0.049529832128157585
16.9200000000015,8460,0.0001253317418739061,0.00031632976096638475,1.7924592990871884,1.7924376294869915,0.3974727342336556,0.3975173602147084,-0.018345724858511894,-0.018460820452534984,1.7801351932924068e-06,2.3350358035739973e-05,1.2023730660270813,1.2023739264186535,-0.16078595328596335,-0.16078439563484737,0.05854119682158557,0.05854114854478209,0.04937425880770107
16.94000000000149,8470,0.00012482633781906713,0.0003262577326646939,1.7923432877856775,1.7923216584053339,0.39785695169546487,0.39790137538007736,-0.019327954557051306,-0.01944258579522275,1.8226704059200714e-06,2.303607239996808e-05,1.2023713001488199,1.202372172390841,-0.1607418358356007,-0.16074023655698808,0.058539574405904765,0.058539514163191295,0.04921966503728409
16.96000000000148,8480,0.0001241240794739687,0.0003361201775498812,1.7922234353069777,1.7922020103344,0.398253428744299,0.3982975661639254,-0.020341463086461516,-0.020455479075884173,1.8569858794321044e-06,2.290915092499722e-05,1.2023695365735931,1.202370418313483,-0.16069771016271694,-0.1606960773641108,0.05853794987801776,0.05853787987776819,0.04906618829860969
16.980000000001468,8490,0.0001232371716036623,0.00034580256883801525,1.7920998159102166,1.7920787268369194,0.3986620203111883,0.39870579493954444,-0.021385894596071472,-0.0214991484408831,1.883660494127554e-06,2.3004407680670755e-05,1.202367775126898,1.2023686641865752,-0.16065357688397613,-0.16065191805621595,0.05853632340729557,0.05853624568851055,0.04895229053655425
17.000000000001457,8500,0.00012230415607982054,0.0003555944175455923,1.7919729999366787,1.7919518538848098,0.39908246082582177,0.3991259094800726,-0.022460850958394937,-0.02257320471012824,1.9343271804817946e-06,2.290915092499722e-05,1.202366008853884,1.2023669100101126,-0.16060946828377642,-0.16060775863330404,0.05853469304696491,0.0585346115954161,0.04879863955584478
17.020000000001446,8510,0.0001211862038615355,0.00036520361076984625,1.7918424942247557,1.7918214417400802,0.3995147057570436,0.3995577433528669,-0.02356590906966704,-0.02367722238531753,1.977426193583149e-06,2.3067693653563172e-05,1.202364244029302,1.2023651557840909,-0.16056535163068691,-0.16056359909537432,0.058533064417457016,0.0585329775984826,0.04868630235279025
17.040000000001434,8520,0.00011990980022578709,0.0003746733872152843,1.7917084350541608,1.7916875448357312,0.3999585505288664,0.40000111631387536,-0.024700603866369943,-0.024810740658182336,2.018039283286826e-06,2.325651830698318e-05,1.2023624800749855,1.2023634015085054,-0.16052123255779122,-0.1605194394424274,0.05853143414166412,0.05853134369770778,0.04857363812568919
17.060000000001423,8530,0.00011856174936742817,0.00038414501344713513,1.7915712055241184,1.7915502216566561,0.4004137323574283,0.4004558347020093,-0.02586443446743081,-0.025973264418731778,2.0762424383967457e-06,2.2877310533063834e-05,1.2023607124697444,1.2023616471833516,-0.1604771313355335,-0.16047527967446384,0.05852980178660726,0.0585297098930894,0.04846172505182361
17.080000000001412,8540,0.00011705905631705362,0.0003934553577533775,1.7914305362176912,1.7914095346205416,0.4008801179864631,0.4009216918335159,-0.027056871730990466,-0.02716426526349703,2.1319896570132516e-06,2.2972699315936647e-05,1.2023589451561327,1.2023598928086248,-0.16043302724109548,-0.1604311197914827,0.05852817089801725,0.0585280761846252,0.048351031317162556
17.1000000000014,8550,0.00011537366241650133,0.00040251602007211607,1.7912863668230234,1.7912655499587695,0.4013575093211235,0.40139846839635035,-0.028277352005814885,-0.028383182503775507,2.1781242858504357e-06,2.262097403300073e-05,1.2023571801666826,1.20235813838432,-0.16038891342329434,-0.16038695979348516,0.05852653939654841,0.058526442572312945,0.04824192445402254
17.12000000000139,8560,0.00011350310377919245,0.00041137716791839164,1.791138741478721,1.7911183375973179,0.4018456766242807,0.4018859328445482,-0.029525279692883825,-0.02962942417387525,2.2116226193805297e-06,2.325651830698318e-05,1.2023554184036738,1.2023563839104334,-0.16034478705272903,-0.16034279968047033,0.05852490612732501,0.05852480905615036,0.048134665852008
17.14000000000138,8570,0.0001114569008291649,0.000420008042402128,1.7909877531266092,1.7909679710376616,0.402344370684705,0.4023838417925978,-0.03080002869530696,-0.030902368039359137,2.2317812584903905e-06,2.3225154141253322e-05,1.202353660096052,1.2023546293869596,-0.1603006475068831,-0.1602986394524388,0.0585232707154232,0.05852317563613519,0.04802943931260844
17.160000000001368,8580,0.00010924921014501512,0.000428427665055682,1.7908335146100376,1.7908145272376736,0.4028533282650719,0.4028919404098125,-0.03210094362358474,-0.03220136260528916,2.23912879520416e-06,2.3193747562800386e-05,1.2023519051191043,1.2023528748138945,-0.16025649532656275,-0.16025447910939106,0.05852163318630917,0.0585215423122652,0.047964750553952454
17.180000000001357,8590,0.00010708585470011724,0.0004372904932197884,1.7906766502785314,1.7906580864925266,0.40337209771792737,0.4034099628147033,-0.03342729540342657,-0.03352572812447079,2.269729441235615e-06,2.3067693653563172e-05,1.2023501528122884,1.2023511201912334,-0.1602123716112267,-0.16021031865132646,0.05851994380285125,0.05851990908453812,0.04790005476158573
17.200000000001346,8600,0.00010496135463926899,0.00044634646054628635,1.7905173521391544,1.790498732315593,0.40390041803754323,0.4039376324693506,-0.03477839747803268,-0.03487475760569711,2.3347141681968674e-06,2.2588727439225648e-05,1.202348397776062,1.2023493655189714,-0.16016828213945392,-0.16016615807824586,0.058518223723716824,0.058518275952951705,0.047836327412098444
17.220000000001335,8610,0.0001027137373928006,0.00045504133017866544,1.7903552998286796,1.790336551319347,0.40443816057750576,0.4044746625737772,-0.036153557270193634,-0.03624771782199323,2.4079702360780436e-06,2.290915092499722e-05,1.2023466386290416,1.2023476107971043,-0.16012419693573565,-0.16012199739014843,0.05851651959222082,0.0585166429175037,0.04777393886319124
17.240000000001324,8620,0.00010029092162901446,0.00046334351630636177,1.790190336528806,1.7901716330962651,0.40498507212795964,0.40502075646032004,-0.03755200763272608,-0.037643850318860445,2.474178914803327e-06,2.2749503328951236e-05,1.202344879384713,1.202345856025627,-0.1600801025567713,-0.16007783658703492,0.0585148280029707,0.05851500997819185,0.04771330275187977
17.260000000001313,8630,9.767081012338143e-05,0.00047133409078440984,1.7900224210594962,1.7900040700997282,0.4055408588302564,0.40557560798800313,-0.03897295583870287,-0.03906237242252067,2.5238851664712936e-06,2.2263692832568247e-05,1.2023431229661694,1.2023441012045355,-0.16003599057064455,-0.1600336756689057,0.058513144162972444,0.058513377135013894,0.04765484093338151
17.2800000000013,8640,9.484920722338706e-05,0.0004789814731728316,1.7898515950568568,1.7898339575249211,0.4061052056203242,0.40613890193690944,-0.040415588387838895,-0.04050247824816053,2.551560251758374e-06,2.2556434745889217e-05,1.2023413711377928,1.2023423463338248,-0.15999185587717146,-0.15998951463576006,0.05851146502964718,0.05851174438796758,0.047598925367374145
17.30000000000129,8650,9.183676616938102e-05,0.00048633482963922147,1.7896779574956208,1.7896613931897345,0.40667778157129086,0.4067103144025533,-0.04187907091038556,-0.04196333970817577,2.5546072702635365e-06,2.2329078268013787e-05,1.2023396248103533,1.2023405914134901,-0.15994769601187006,-0.15994535348759897,0.0585097888179889,0.05851011173705067,0.04754584716814551
17.32000000000128,8660,8.865508509512581e-05,0.0004933910551683024,1.7895016443539467,1.7894864774156665,0.4072582429718119,0.40728951319025297,-0.043362548575258814,-0.04344410752041553,2.5326298324846573e-06,2.262097403300073e-05,1.2023378842709698,1.2023388364435272,-0.15990351054746654,-0.15990119222442176,0.058508114546073416,0.05850847918226088,0.04749581277848526
17.340000000001268,8670,8.53320613142953e-05,0.0005001496089297219,1.7893228127246383,1.7893093129087227,0.40784623594738334,0.40787615820950274,-0.044865146907514204,-0.044943912216426504,2.486805737922792e-06,2.265317472408141e-05,1.202336149362862,1.2023370814239314,-0.15985930053035782,-0.1598570308462288,0.058506441755825124,0.05850684672359598,0.047448956467744316
17.360000000001257,8680,8.189763740892704e-05,0.0005065979440312325,1.789141628989256,1.7891300046403182,0.40844139863012147,0.4084699018683454,-0.046385972706492015,-0.046461865149697405,2.419349504620414e-06,2.2491710265994076e-05,1.2023344196346906,1.202335326354698,-0.1598150679766961,-0.15981286935302072,0.058504770328636456,0.05850521436105371,0.04740535914503441
17.380000000001246,8690,7.838062676193248e-05,0.0005127648236560126,1.7889582606092203,1.7889486597281778,0.40904336280209197,0.4090703894677445,-0.04792411496964237,-0.04799705950390307,2.333073581021525e-06,2.2329078268013787e-05,1.2023326944630044,1.2023335712358225,-0.15977081545131128,-0.1597687077447967,0.0585031003529912,0.05850358209463181,0.04736506697137911
17.400000000001235,8700,7.480682415919143e-05,0.0005186420168035637,1.788772870968067,1.7887653873172382,0.40965175504563617,0.40967725959595674,-0.049478645813492296,-0.049548571301148814,2.231053980131867e-06,2.1933842111273517e-05,1.2023309731477307,1.2023318160673,-0.15972654573931222,-0.15972454602155778,0.05850143202726818,0.05850194992432803,0.04732810643381103
17.420000000001224,8710,7.119828978926568e-05,0.0005242225808140984,1.7885856166310565,1.7885802984605481,0.41026619749307586,0.41029014452290424,-0.05104862139994559,-0.05111546041021473,2.116397362176083e-06,2.2524095754713237e-05,1.2023292549818212,1.202330060849126,-0.15968226160837026,-0.15968038418330321,0.05849976559041936,0.05850031785014011,0.04729449491555653
17.440000000001213,8720,6.757353804515186e-05,0.0005294787248919926,1.7883966463910335,1.7883935060001697,0.4108863082821869,0.41090867059454705,-0.05263308287468274,-0.05269677155479993,1.992100173207364e-06,2.2263692832568247e-05,1.2023275392978006,1.2023283055812963,-0.1596379656518983,-0.15963622223003404,0.058498101275702985,0.058498685872065796,0.04726424700034477
17.4600000000012,8730,6.394832672141622e-05,0.0005344650302598048,1.7882061015278625,1.7882051244480794,0.4115117018161895,0.4115324586272552,-0.054231057320808226,-0.054291535321766844,1.860987385144476e-06,2.2329078268013787e-05,1.2023258254951126,1.2023265502638059,-0.15959366019913102,-0.15959206016174926,0.05849643928304586,0.05849705399010283,0.04723737754894503
17.48000000000119,8740,6.033678286495915e-05,0.0005391281442829441,1.7880141168003765,1.7880152698670704,0.4121419889107135,0.4121611243021813,-0.055841558728056385,-0.05589876916938545,1.7257185291104165e-06,2.2426798989897964e-05,1.2023241130525388,1.20232479489665,-0.15954934727680103,-0.15954789797844948,0.058494779765662044,0.05849542220424896,0.04721390249047071
17.50000000000118,8750,5.675267928349163e-05,0.0005435072336496701,1.787820821794574,1.7878240597516513,0.4127767768914036,0.4127942785596328,-0.05746358897604228,-0.05751747843557765,1.5888513293533484e-06,2.2263692832568247e-05,1.2023224015298692,1.2023230394798246,-0.1595050286076684,-0.15950373568013557,0.05849312282685332,0.058493790514501945,0.04719383829816411
17.52000000000117,8760,5.321076184298637e-05,0.0005475571963630889,1.7876263423548853,1.7876316129089496,0.41341566968763843,0.4134315279934443,-0.05909613882903424,-0.059146657346161466,1.4529575407012357e-06,2.206637408534863e-05,1.2023206905624948,1.2023212840133244,-0.15946070563296022,-0.15945957326680638,0.0584914685234221,0.0584921589208595,0.0471772008069609
17.540000000001157,8770,4.972810484943504e-05,0.0005513130524238281,1.7874308019174157,1.7874380493396107,0.4140582679518479,0.41407247524534974,-0.06073818893929884,-0.06078529002309525,1.3207898679725475e-06,2.2263692832568247e-05,1.2023189798519753,1.2023195284971453,-0.15941637954820656,-0.15941541073846255,0.05848981687280555,0.058490527423319394,0.04716400383032286
17.560000000001146,8780,4.632553083532046e-05,0.0005547663220072706,1.7872343226399934,1.787243490118701,0.4147041692207978,0.4147167193993551,-0.06238871085616069,-0.062432351492722235,1.1954987527181204e-06,2.2000207897163392e-05,1.2023172691548814,1.2023177729312826,-0.1593720513444053,-0.15937124809510472,0.05848816786175521,0.058488896021879365,0.047154257889504565
17.580000000001135,8790,4.3029165501863236e-05,0.0005578925732760729,1.78703702628236,1.7870480572766076,0.41535296812529415,0.41536385637611045,-0.06404666803826674,-0.06408680869401447,1.080882505484524e-06,2.23942727958561e-05,1.202315558271567,1.2023160173157315,-0.1593277218489319,-0.159327085336732,0.058486521455031935,0.058487264716537146,0.04714796916710219
17.600000000001124,8800,3.987219629018456e-05,0.0005607128765498315,1.7868390348313226,1.7868518736799397,0.4160042566478332,0.41601347932728233,-0.06571101686706837,-0.06574762148681736,9.815997381394527e-07,2.2329078268013787e-05,1.202313847035935,1.2023142616504874,-0.15928339176260006,-0.15928292246334497,0.05848487760317755,0.05848563350729049,0.04712660568580294
17.620000000001113,8810,3.672701604169392e-05,0.0005596354373855603,1.786640904054537,1.78665506291243,0.4166575544985369,0.4166651790299262,-0.06738072446913479,-0.06741374366009377,8.935676497019317e-07,2.2459278078588273e-05,1.2023121231447857,1.202312505935546,-0.15923908414101873,-0.15923875947494415,0.058483263119953555,0.05848400239413714,0.04712760218828625
17.640000000001102,8820,3.3703554028002734e-05,0.0005596028737468877,1.786442421802648,1.7864577491558356,0.4173124996494778,0.4173185442808586,-0.06905472216760535,-0.06908412394016845,8.277202304453791e-07,2.2329078268013787e-05,1.2023103975010587,1.2023107501709023,-0.15919478616139798,-0.1591945963715293,0.058481646998329244,0.05848237137707485,0.04711306959883329
17.66000000000109,8830,3.082015800656036e-05,0.0005589420737917152,1.7862437405163973,1.7862600570708387,0.4179686690301083,0.41797316229102977,-0.07073194922738761,-0.0707577069989722,7.837355747283549e-07,2.265317472408141e-05,1.2023086688397957,1.202308994356552,-0.15915050129699704,-0.15915043315310007,0.05848003078244266,0.05848074045610134,0.04712106672588883
17.68000000000108,8840,2.8244264349255663e-05,0.0005593162319766835,1.7860447600396436,1.7860621116779487,0.4186256947870278,0.41862861907989557,-0.07241134130434111,-0.07243343446228614,7.597403793871303e-07,2.2749503328951236e-05,1.202306940635538,1.2023072384924902,-0.15910621724123264,-0.15910626981965692,0.058478412693491626,0.058479109631214374,0.04711332600393574
17.70000000000107,8850,2.59981441101657e-05,0.000558728156618741,1.7858457337165918,1.7858640382384021,0.4192831301929466,0.4192844998697902,-0.07409183472672068,-0.07411024591798615,7.561276949404248e-07,2.2524095754713237e-05,1.2023052108793633,1.2023054825787125,-0.15906194151008402,-0.15906210637120044,0.058476792805212334,0.05847747890241169,0.04710969431200082
17.720000000001058,8860,2.394409209734821e-05,0.0005554320898945852,1.7856470651954113,1.785665962135065,0.419940508218012,0.4199403894802984,-0.07577237580515506,-0.07578707992428695,7.574599349414422e-07,2.2972699315936647e-05,1.2023034732196896,1.2023037266152143,-0.15901769047482894,-0.1590179428077299,0.058475180538930804,0.05847584826969103,0.04710946914116775
17.740000000001046,8870,2.2321817599733943e-05,0.0005526481494573447,1.7854486395622162,1.7854680087533321,0.4205974610778226,0.4205958727226277,-0.07745189434841458,-0.07746287501798646,7.671340934526024e-07,2.265317472408141e-05,1.2023017332624333,1.202301970601991,-0.15897345175276084,-0.15897377912924643,0.05847356582102515,0.05847421773305014,0.04711267095902357
17.760000000001035,8880,2.1344882334385416e-05,0.000550233104173456,1.7852504618928435,1.7852703033620303,0.4212535955723287,0.421250534793981,-0.07912932146493538,-0.07913657072271019,7.842339008192585e-07,2.2556434745889217e-05,1.2022999926917837,1.2023002145390378,-0.1589292192249709,-0.1589296153357489,0.05847194783736042,0.058472587292486757,0.047119270657918176
17.780000000001024,8890,2.1160730755772524e-05,0.0005480588436345556,1.7850526049920405,1.7850729709943176,0.42190850526372076,0.42190396167192856,-0.08080359312674137,-0.08080710855715527,8.084973992983712e-07,2.2459278078588273e-05,1.202298252385201,1.2022984584263503,-0.1588849893262597,-0.1588854514272385,0.05847032633101911,0.058470956947998635,0.04712921672580387
17.800000000001013,8900,2.1809804748599885e-05,0.000545923993027735,1.7848551799972543,1.7848761363285859,0.42256177811978274,0.42255574050878053,-0.08247364986971405,-0.08247343304333488,8.396354438835783e-07,2.2813496432377448e-05,1.2022965127628717,1.2022967022639237,-0.15884076017297372,-0.15884128740371453,0.05846870131588059,0.058469326699583504,0.0471424464774727
17.820000000001002,8910,2.3220697349763717e-05,0.0005437901444976672,1.7846583183050055,1.7846799235693604,0.423213000314068,0.4232054600259595,-0.08413843700091835,-0.08413449271482266,8.770496127607247e-07,2.23942727958561e-05,1.2022947739455003,1.2022949460517536,-0.15879653098288016,-0.1587971232651778,0.058467073011241176,0.058467696547239115,0.047158891552134326
17.84000000000099,8920,2.5252934062886308e-05,0.000541604823518165,1.7844621602607027,1.784484456328203,0.42386175845189966,0.4238527109083724,-0.08579690519760404,-0.0857892411249967,9.198422001102646e-07,2.271743917865515e-05,1.2022930358702235,1.202293189789835,-0.15875230164629955,-0.1587529590116276,0.05846544175961951,0.05846606649096321,0.04717848114298056
17.86000000000098,8930,2.7752188398410274e-05,0.0005393038824374646,1.7842668482804716,1.7842898575046104,0.42450764104544314,0.42449708619878307,-0.08744801127945662,-0.08743663785528404,9.669292263476612e-07,2.2263692832568247e-05,1.2022912983741223,1.2022914334781638,-0.1587080724264079,-0.1587087946430651,0.05846380795925657,0.05846443653075353,0.04718288063865961
17.88000000000097,8940,3.02192114466799e-05,0.0005391876313015785,1.7840729663169974,1.7840962491669183,0.42515012260978347,0.42513818169218476,-0.08909076653788915,-0.08907564952340481,9.886621819272007e-07,2.2813496432377448e-05,1.2022895496961659,1.2022896771167353,-0.15866387115367628,-0.15866463015948917,0.058462186080526404,0.058462806666607824,0.04720881102162907
17.900000000000958,8950,3.293551404717801e-05,0.0005378231865580855,1.7838802531031865,1.7839037524331998,0.4257889276191897,0.4257755963301721,-0.09072408709453439,-0.09070525079161659,1.0087513853320165e-06,2.2459278078588273e-05,1.2022878009185787,1.2022879207055446,-0.15861967568685625,-0.1586204655609012,0.05846056100126508,0.05846117689852382,0.04723757628299307
17.920000000000947,8960,3.612218012536039e-05,0.0005341130413873708,1.7836884164214297,1.7837124873521686,0.4264237467235177,0.42640893259531376,-0.09234691856939468,-0.09232442537495877,1.0508903463393514e-06,2.271743917865515e-05,1.2022860610603607,1.2022861642445872,-0.15857546159417252,-0.15857630084730007,0.0584589232251184,0.05845954722649927,0.047250961835497596
17.940000000000936,8970,3.924264244012049e-05,0.000532708233513799,1.7834982233671721,1.7835225727840784,0.4270539870606414,0.42703779690552457,-0.09395833897642783,-0.09393216704949651,1.0702108931735392e-06,2.2524095754713237e-05,1.2022843108305457,1.2022844077338586,-0.15853126749113472,-0.1585321360186871,0.05845729989573059,0.058457917650531925,0.04728573557604523
17.960000000000925,8980,4.247425378906845e-05,0.0005302229924911744,1.7833095009329694,1.7833341262816256,0.4276793718156054,0.427661800008438,-0.09555729485234335,-0.09552748066056543,1.0911618824706046e-06,2.271743917865515e-05,1.2022825618586055,1.202282651173354,-0.1584870749716324,-0.15848797107506113,0.058455672008486254,0.058456288170619514,0.04730476633255428
17.980000000000913,8990,4.573625168234038e-05,0.0005278033929185878,1.7831224471281213,1.7831472639708488,0.42829947798168505,0.4282805573757784,-0.0971428187363955,-0.09710938313101568,1.1047505896524434e-06,2.23942727958561e-05,1.2022808096403732,1.202280894563069,-0.15844288916278576,-0.15844380601642347,0.05845404834314395,0.05845465878675978,0.047326983788907054
18.000000000000902,9000,4.888306146958866e-05,0.0005267444367772266,1.7829374211772897,1.782962100432031,0.42891385988672037,0.42889368959773344,-0.09871396722065229,-0.09867690446945605,1.0926710714000983e-06,2.265317472408141e-05,1.202279046724723,1.202279137902999,-0.15839872574169137,-0.15839964084277325,0.05845243940861651,0.05845302949895047,0.04736975748573345
18.02000000000089,9010,5.22570505678308e-05,0.0005224411093418277,1.7827538556326639,1.7827787485806008,0.42952234837774494,0.4295008227773263,-0.1002696817459151,-0.10022908877849863,1.1066604179980788e-06,2.2426798989897964e-05,1.202277296006544,1.202277381193139,-0.15835454387233333,-0.15835547555411145,0.058450809198409906,0.05845140030718932,0.047396781563762085
18.04000000000088,9020,5.566896493893459e-05,0.0005183664738907821,1.7825721632218778,1.7825973195480325,0.43012445058692533,0.4301015889247882,-0.10180908083111867,-0.10176499526300276,1.1197088297864089e-06,2.2972699315936647e-05,1.202275543884669,1.2022756244334851,-0.15831036104932175,-0.15831131015043734,0.05844918259714864,0.058449771211474086,0.047426627058046955
18.06000000000087,9030,5.895140110395932e-05,0.0005158870297724179,1.7823927982130765,1.7824179225627474,0.43071971839602896,0.4306956263519306,-0.10333127662955628,-0.10328369923831954,1.1089468754087971e-06,2.2491710265994076e-05,1.202273780993847,1.202273867624032,-0.15826619688575078,-0.15826714463175182,0.05844757297028869,0.058448142211802494,0.04745879343828461
18.080000000000858,9040,6.220153808496104e-05,0.0005127491861829941,1.782215648682694,1.7822406648310163,0.4313078802952575,0.4312825800665175,-0.10483531393908786,-0.10478429313853593,1.0936261080898882e-06,2.3004407680670755e-05,1.2022720167946885,1.2022721107647754,-0.15822203836652363,-0.15822297899805404,0.058445963399078836,0.05844651330817229,0.04749326141995458
18.100000000000847,9050,6.54478083170409e-05,0.0005089078225292995,1.7820407274327048,1.7820656514178586,0.43188860327558076,0.43186210216663795,-0.10632029250429231,-0.1062658875247191,1.0779034360356788e-06,2.2524095754713237e-05,1.202270252647652,1.2022703538557107,-0.1581778811036877,-0.15817881324934535,0.05844435277018036,0.05844488450058122,0.047529936005602354
18.120000000000836,9060,6.868859905336906e-05,0.000504488482879472,1.781868108917356,1.7818929851279448,0.4324615467921783,0.43243385223507824,-0.10778533825095507,-0.1077276120931608,1.063468495151826e-06,2.303607239996808e-05,1.202268489002162,1.2022685968968334,-0.15813372312576512,-0.1581346473856248,0.058442740941776025,0.05844325578902702,0.047568708481283764
18.140000000000825,9070,7.191169633010292e-05,0.0004995940222620792,1.7816978941002932,1.781722766386497,0.43302637469166827,0.4329974977336942,-0.10922959850670198,-0.10916861668362135,1.0508701337740807e-06,2.271743917865515e-05,1.2022667259908664,1.2022668398881386,-0.1580895637455216,-0.15809048140689294,0.05844112792100921,0.058441627173507434,0.04760946897397964
18.160000000000814,9080,7.510276315418577e-05,0.0004943002876683277,1.7815301924459654,1.7815550931201898,0.43358275824330583,0.43355271439778387,-0.11065224197514421,-0.11058807228757431,1.0400697350273918e-06,2.265317472408141e-05,1.2022649635853904,1.2022650828296217,-0.1580454029317994,-0.15804631531315003,0.05843951379719802,0.0584399986540202,0.047652108668803435
18.180000000000803,9090,7.824853138909039e-05,0.0004886032525866622,1.7813651132509856,1.7813900606380522,0.4341303774243035,0.4340991866304594,-0.11205245946182837,-0.1119851720564506,1.0307693453536962e-06,2.3004407680670755e-05,1.2022632016841908,1.2022633257212785,-0.15800124094247556,-0.1580021491043956,0.05843789869883438,0.058438370230563065,0.04769651989368174
18.20000000000079,9100,8.133768766734429e-05,0.000482559632164871,1.7812027618124477,1.781227761512368,0.4346689217004043,0.4346366078970194,-0.11342946475296371,-0.11335913230988248,1.0225896902593336e-06,2.3225154141253322e-05,1.20226144016236,1.202261568563104,-0.1579570781296685,-0.15795798278063033,0.05843628276311067,0.05843674190313376,0.04772497179111572
18.22000000000078,9110,8.42510510521741e-05,0.000474447784344385,1.7810435727312481,1.781068285459577,0.43519803165567006,0.43516468111932194,-0.11478250972488568,-0.11470919354394836,9.984319693513434e-07,2.290915092499722e-05,1.2022596745502012,1.2022598113550937,-0.15791293739807047,-0.15791381634185414,0.05843466023083649,0.05843511367173004,0.047772830853010644
18.24000000000077,9120,8.71059428782327e-05,0.00046672299905221274,1.7808872995770308,1.7809117192211763,0.4357174803778951,0.43568311907015594,-0.11611084759499966,-0.11603462143941662,9.726417483697306e-07,2.2972699315936647e-05,1.2022579081333529,1.202258054097243,-0.15786879711924415,-0.15786964978806733,0.058433040921469746,0.058433485536349646,0.04780442915553107
18.26000000000076,9130,8.988511943109405e-05,0.00045863779399649146,1.7807340438580452,1.7807581464446212,0.4362269819507443,0.43619164476761424,-0.11741376280977216,-0.11733470786999022,9.448897509951863e-07,2.290915092499722e-05,1.2022561412338166,1.2022562967895474,-0.15782466031564735,-0.1578254831192697,0.05843141976047683,0.0584318574969903,0.04785510330146353
18.280000000000747,9140,9.262138509575314e-05,0.0004509024275121399,1.7805837565893043,1.7806076475642263,0.43672629271059116,0.4366899918694656,-0.11869056549971228,-0.11860877191055083,9.210571655960473e-07,2.271743917865515e-05,1.2022543752605201,1.2022545394320021,-0.15778051804328388,-0.15778131633546152,0.05842980045735995,0.05843022955364976,0.047889389997058954
18.300000000000736,9150,9.527109724350996e-05,0.00044271271448690925,1.7804366291941873,1.7804602996820666,0.43721513304670306,0.4371779050675271,-0.11994060234906086,-0.11985616084540295,8.97198792472503e-07,2.2459278078588273e-05,1.2022526094217523,1.2022527820246025,-0.1577363773862511,-0.15773714943664285,0.05842817848992497,0.05842860170632576,0.047925073161844044
18.320000000000725,9160,9.777910432612547e-05,0.00043317213723784615,1.7802929275036945,1.780316176448879,0.43769322402311195,0.4376551404820363,-0.12116325625504708,-0.1210762511765185,8.624179267593841e-07,2.262097403300073e-05,1.2022508414807225,1.2022510245673441,-0.15769225368939707,-0.15769298242281377,0.058426550644755396,0.05842697395501604,0.047961745522555076
18.340000000000714,9170,0.00010020070624184484,0.00042380897255042297,1.7801525246933407,1.780175347944963,0.4381603701631959,0.4381214660560242,-0.12235792449507753,-0.12226844963178103,8.259925015964855e-07,2.290915092499722e-05,1.2022490731764448,1.2022492670602223,-0.15764813229447605,-0.15764881529397415,0.05842492418080248,0.058425346299718336,0.047999352186939674
18.360000000000703,9180,0.00010254259739550287,0.0004146123847741134,1.7800154275943725,1.7800378805610813,0.4386163594238792,0.4385766619496867,-0.12352403620668555,-0.12343219417322959,7.925417137219831e-07,2.271743917865515e-05,1.2022473052143905,1.2022475095032326,-0.1576040081155525,-0.1576046480501248,0.058423298178686814,0.0584237187404304,0.048037795474553925
18.380000000000692,9190,0.00010479808828801088,0.00040550024044264105,1.7798816933552015,1.7799038368793616,0.43906098332784294,0.43902052093475763,-0.12466105653766328,-0.12456695500530379,7.627452318173239e-07,2.2781522350186147e-05,1.2022455379139523,1.20224575189637,-0.15755988039879637,-0.15756048069126524,0.05842167218197538,0.05842209127714996,0.04807701445297887
18.40000000000068,9200,0.00010695758334923553,0.0003964250414386905,1.779751393512999,1.7797732755541982,0.4394940439470773,0.4394528487888807,-0.12576848556932108,-0.1256722355830872,7.364230030128021e-07,2.313080647644551e-05,1.2022437713081193,1.2022439942396304,-0.15751574926755996,-0.15751631321739584,0.058420046081006254,0.058420463909874765,0.04811688918372899
18.42000000000067,9210,0.00010901196390273036,0.0003873310488777526,1.7796245986123562,1.7796462511931517,0.43991535643980756,0.43987346468998206,-0.12684585818350796,-0.1267475736205523,7.131507648624977e-07,2.2972699315936647e-05,1.2022420053159522,1.2022422365330088,-0.157471615113991,-0.15747214562851694,0.058418419892848024,0.05841883663860255,0.048157297940637736
18.44000000000066,9220,0.00011095341920158976,0.00037821112524306157,1.7795013725579332,1.779522814237851,0.4403247501452879,0.4402822016106426,-0.12789274458277752,-0.1277925420988045,6.924946070655655e-07,2.2845425764212974e-05,1.2022402398299743,1.2022404787765006,-0.15742747836378948,-0.1574279779246279,0.058416793660123895,0.05841720946333105,0.0481981188016598
18.460000000000647,9230,0.0001127752215964373,0.0003690593980114309,1.779381771736767,1.7794030108448942,0.44072206913191897,0.44067890671247,-0.1289087510411833,-0.12880675027432636,6.740735035026345e-07,2.2845425764212974e-05,1.2022384747495394,1.2022387209701013,-0.15738333940490437,-0.15738381010572908,0.05841516742471468,0.058415582384058015,0.048239229716067804
18.480000000000636,9240,0.00011447148196768399,0.00035985318512522557,1.7792658452266854,1.7792868827667496,0.44110717253320425,0.4410634417404716,-0.12989352091332465,-0.12978984468722196,6.575718219572713e-07,2.290915092499722e-05,1.2022367099888516,1.2022369631138066,-0.15733919856979778,-0.1573396421718213,0.058413541220020036,0.05841395540078119,0.04828050832577002
18.500000000000625,9250,0.00011603692529452794,0.00035058403599208114,1.7791536352816673,1.7791744672326573,0.44147993484087256,0.4414356834174262,-0.1308467356861988,-0.13074151016946106,6.427341364102251e-07,2.3004407680670755e-05,1.20223494547724,1.2022352052076113,-0.15729505613693337,-0.1572954741229041,0.05841191507059697,0.05841232851349829,0.04832183174052124
18.520000000000614,9260,0.00011746670989404287,0.0003412532302856265,1.7790451778036038,1.7790657968295294,0.4418402462028748,0.44179552383825677,-0.13176811603025881,-0.13166147085312369,6.293557143362548e-07,2.2491710265994076e-05,1.2022331811571996,1.2022334472515113,-0.1572509123377517,-0.15725130595897766,0.05841028899376981,0.05841070172220708,0.04836307633114001
18.540000000000603,9270,0.00011875629237736793,0.00033187533538710934,1.778940502713607,1.7789608993828516,0.44218801273837216,0.44214287086440274,-0.13265742284256846,-0.13254949117864415,6.172730966562861e-07,2.3067693653563172e-05,1.2022314169821016,1.2022316892455016,-0.1572067673643356,-0.1572071376800418,0.058408663001427205,0.05840907502690528,0.04840411755852727
18.560000000000592,9280,0.00011990133105778117,0.0003224304180038612,1.7788396342113473,1.7788597978375846,0.442523156870873,0.442477648518192,-0.13351445828186312,-0.13340537690305515,6.063559899162362e-07,2.2556434745889217e-05,1.2022296529141439,1.2022299311895779,-0.15716262137628145,-0.15716296928609721,0.05840703710152848,0.05840744842759065,0.04844482982847433
18.58000000000058,9290,0.00012089761871964574,0.00031294502049430793,1.7787425909360175,1.7787625101390645,0.44284561767717295,0.44279979737721376,-0.13433906679663854,-0.13422897610823256,5.9650060790982e-07,2.3287840231354886e-05,1.2022278889225946,1.2022281730837354,-0.15711847450649288,-0.15711880077714324,0.05840541129926899,0.05840582192426091,0.04848508638066192
18.60000000000057,9300,0.00012174103672019686,0.0003034057365919575,1.7786493860488037,1.7786690491139043,0.4431553512489461,0.4431092749686904,-0.1351311361476479,-0.13502018020913917,5.87624250838762e-07,2.303607239996808e-05,1.2022261249824135,1.2022264149279698,-0.1570743268659539,-0.15707463215318118,0.05840378559796638,0.0584041955169138,0.04852475919031389
18.62000000000056,9310,0.0001224275241862568,0.00029385693298930766,1.778560027255732,1.7785794223508955,0.44345233106398024,0.4434060561638502,-0.1358905984261508,-0.13577892496206945,5.796609385450492e-07,2.3287840231354886e-05,1.202224361073113,1.2022246567222759,-0.1570301785476332,-0.15703046341420973,0.05840215999971901,0.05840256920554707,0.048563718890177236
18.640000000000548,9320,0.00012295305760537804,0.0002842591883755635,1.7784745167868883,1.7784936320819076,0.4437365483644832,0.44369013357229947,-0.1366174310690144,-0.1365051914728935,5.72557870772332e-07,2.3225154141253322e-05,1.2022225971778466,1.2022228984666496,-0.15698602962968605,-0.15698629456023028,0.05840053450591237,0.05840094299015845,0.048601834696287614
18.660000000000537,9330,0.00012331363752722887,0.0002746339143584487,1.7783928513444713,1.7784116750627912,0.4440080125404857,0.4439615179363948,-0.13731165787160746,-0.1371990072053012,5.662725537930937e-07,2.3350358035739973e-05,1.2022208332826871,1.2022211401610863,-0.15694188017807786,-0.15694212559124193,0.0583989091175946,0.05839931687074569,0.04862180307849715
18.680000000000526,9340,0.0001234929473795017,0.0002657856463313334,1.7783151793374044,1.7783335424542777,0.44426671548283203,0.44422023852561576,-0.1379733770401369,-0.13786044698904734,5.555879269867068e-07,2.3443822150653013e-05,1.2022190645472595,1.202219381805581,-0.15689773902814522,-0.15689795650724556,0.05839728993841051,0.05839769084730651,0.04865764696279596
18.700000000000514,9350,0.00012349970018765336,0.0002566097617096087,1.7782413127428813,1.7782592197028804,0.44451274836606114,0.4444663435309367,-0.13860267432192683,-0.13848963402819442,5.470619930458689e-07,2.3099271619960363e-05,1.2022172964944062,1.2022176234001294,-0.15685359750053635,-0.1568537873082412,0.05839566946755637,0.058396064919838675,0.04867519087228589
18.720000000000503,9360,0.00012333141739135145,0.0002474117591635301,1.7781712410609236,1.7781886864217968,0.44474616971479924,0.4446999004591996,-0.139199725217499,-0.13908674090935835,5.3974231747734e-07,2.338155425277186e-05,1.2022155279606046,1.2022158649447268,-0.15680945621178363,-0.156809617994228,0.05839404974284886,0.05839443908833989,0.04869124266743459
18.740000000000492,9370,0.00012297937798567136,0.00023873929441340153,1.7781050172575095,1.7781219162718087,0.4449670466458675,0.44492099652748623,-0.1397647635558326,-0.13965199060995226,5.319645801825799e-07,2.3099271619960363e-05,1.2022137563826603,1.2022141064393688,-0.1567653196580779,-0.15676544856520755,0.058392434104119956,0.058392813352807924,0.048705730415385194
18.76000000000048,9380,0.00012244509569359814,0.00022986022156735298,1.7780425072742005,1.7780588768421828,0.44517551140013245,0.4451297390574902,-0.14029803958397147,-0.14018565750643003,5.26991643029192e-07,2.3287840231354886e-05,1.2022119852865076,1.2022123478840503,-0.15672118232138824,-0.15672127902117852,0.05839081772355896,0.05839118771324049,0.048718576526309905
18.78000000000047,9390,0.00012172626183980569,0.00022086845355992908,1.7779836512198202,1.7779995295315734,0.4453716932838953,0.4453262558698898,-0.14079987448006606,-0.14068806838253176,5.247518583431329e-07,2.3225154141253322e-05,1.202210215026106,1.2022105892787671,-0.15667704297974072,-0.1566771093621423,0.05838920037848666,0.058389562169635346,0.048729655651917635
18.80000000000046,9400,0.00012081841288701983,0.00021177717186920579,1.7779284090934637,1.7779438294289218,0.445555737848943,0.44551069567872004,-0.1412706462448071,-0.14115960343752762,5.248044794415242e-07,2.2845425764212974e-05,1.2022084456002482,1.2022088306235146,-0.15663290144313108,-0.1566329395880984,0.05838758214930733,0.058387936721990226,0.04872157791517138
18.820000000000448,9410,0.00011970367784202305,0.00020214071493520995,1.7778768350822836,1.777891725194359,0.4457277971039394,0.4456832284857448,-0.1417107922231524,-0.1416006972944612,5.280878387570865e-07,2.3350358035739973e-05,1.2022066755175842,1.202207071918288,-0.15658876367683583,-0.15658876969904642,0.058385962505027374,0.058386311370302854,0.04871132285785677
18.840000000000437,9420,0.00011838244590267434,0.0001922792270314869,1.777828856770613,1.777843158940105,0.4458880633430454,0.44584404597482996,-0.1421208001971855,-0.1420118400083957,5.347745595361323e-07,2.2813496432377448e-05,1.2022049048546806,1.2022053131630828,-0.15654462895676066,-0.15654459969498757,0.05838434200437518,0.05838468611457098,0.04869883252096435
18.860000000000426,9430,0.00011686273743420373,0.00018260380132732097,1.7777843224331087,1.7777980661113715,0.4460367619152675,0.44599336190631444,-0.14250120915720804,-0.1423935780746561,5.434552828406856e-07,2.3162298399097643e-05,1.2022031348094369,1.2022035543578944,-0.15650049224535617,-0.15650042957592084,0.05838272125598736,0.05838306095479234,0.04868401348298466
18.880000000000415,9440,0.00011514062135131599,0.00017323822575840496,1.7777431513088906,1.7777563753672625,0.4461741288542628,0.44613141251138383,-0.14285261822222414,-0.14274651543707506,5.534694888310108e-07,2.303607239996808e-05,1.2022013655934027,1.202201795502718,-0.1564563528301672,-0.15645625934184737,0.058381100083892426,0.05838143589096468,0.04866672767940916
18.900000000000404,9450,0.00011321050363177171,0.00016404011451894316,1.7777052754218934,1.7777180084616746,0.44630042023247973,0.44625845688644206,-0.14317568674072625,-0.14307131449623658,5.643167758911293e-07,2.290915092499722e-05,1.2021995971766006,1.2022000365975494,-0.15641221080748635,-0.1564120889927669,0.05837947847184496,0.05837981092308572,0.04864682135063128
18.920000000000393,9460,0.00011106704216229312,0.00015503927625473273,1.7776706215924656,1.777682880124199,0.44641591519614787,0.44637477738748366,-0.14347113391263605,-0.14336869711771974,5.756424992086632e-07,2.3225154141253322e-05,1.2021978294679008,1.2021982776423836,-0.15636806645791895,-0.15636791852867893,0.058377856474364345,0.058378186051153205,0.048624135653015294
18.94000000000038,9470,0.00010870530730033314,0.00014633192133320342,1.777639107300011,1.7776508979410228,0.4465209169184047,0.44648068002446656,-0.14373973929411157,-0.14363944564034423,5.87203970614793e-07,2.3162298399097643e-05,1.202196062371985,1.202196518637216,-0.15632392006958398,-0.15632374794958462,0.058376234158598855,0.05837656127516488,0.04859850970984124
18.96000000000037,9480,0.0001061206829394638,0.00013779388240397342,1.7776106403831515,1.7776219622358287,0.4466157530024446,0.44657649485568396,-0.14398234372774799,-0.14388440388441334,5.988375885036119e-07,2.2781522350186147e-05,1.2021942958032523,1.2021947595820426,-0.15627977189764503,-0.15627957725548353,0.05837461158724152,0.058374936595118464,0.04858700273392681
18.98000000000036,9490,0.00010331659402114266,0.00012988588428695455,1.777585053222302,1.777595965950698,0.4467007860796496,0.44666257638213686,-0.1441998471799555,-0.14410447815995908,6.079001040747339e-07,2.347489416183844e-05,1.2021925306405694,1.202193000476858,-0.15623561802140765,-0.15623540644637532,0.05837298947046511,0.05837331201101171,0.04857231891555345
19.000000000000348,9500,0.00010028582065793346,0.00012236098511273413,1.7775622501987238,1.7775727945270097,0.4467763910565973,0.44673930394190664,-0.14439321585807185,-0.14430063827498632,6.145928797773171e-07,2.2972699315936647e-05,1.2021907667569054,1.202191241321658,-0.15619145920942312,-0.15619123552226108,0.058371367402932015,0.05837168752284235,0.04855420978926423
19.020000000000337,9510,9.701642955697024e-05,0.00011499668639988972,1.7775421795845658,1.7775523257863435,0.4468429603369552,0.4468070821045269,-0.1445634841321492,-0.14447391854371652,6.211505623491864e-07,2.2972699315936647e-05,1.202189003221787,1.2021894821164378,-0.1561472994093622,-0.1561470644831405,0.05836974485776153,0.05837006313060812,0.04854962855661295
19.040000000000326,9520,9.350469170378246e-05,0.00010739237209595121,1.7775246529057185,1.7775344298113793,0.44690093833618216,0.4468663410653563,-0.14471173546957042,-0.14462541879483304,6.262462499212238e-07,2.3319120084582497e-05,1.2021872423861182,1.202187722861193,-0.1561031354567711,-0.15610289332901317,0.058368118362440845,0.05836843883430676,0.04854136450835075
19.060000000000315,9530,8.974832016158989e-05,9.982947105174824e-05,1.777509544622408,1.7775189688267996,0.4469507747046508,0.4469175370399502,-0.14483913775859036,-0.14475630537972398,6.29858679339433e-07,2.290915092499722e-05,1.202185483537407,1.202185963555919,-0.15605896783074463,-0.15605872205988014,0.0583664892098029,0.058366814633936004,0.048529131598359955
19.080000000000304,9540,8.574296136156305e-05,9.267279347628093e-05,1.7774967817457068,1.7775057970801893,0.4469929334982947,0.44696115265843406,-0.14494693586482435,-0.14486781218072806,6.335625231632988e-07,2.3193747562800386e-05,1.2021837242238422,1.202184204200611,-0.15601480035258541,-0.1560145506757406,0.05836486085503998,0.058365190529493585,0.04851270182151737
19.100000000000293,9550,8.148352333760507e-05,8.593052552738863e-05,1.7774862285929522,1.7774947607229379,0.44702792090552845,0.44699769735987493,-0.1450364300800721,-0.144961241619378,6.379932555070998e-07,2.303607239996808e-05,1.2021819641103455,1.2021824447952645,-0.15597063424683547,-0.15597037917659554,0.05836323347957526,0.05836356652097725,0.048491880312046626
19.12000000000028,9560,7.696604103590767e-05,7.963470424127018e-05,1.7774777209572015,1.7774856976911402,0.4470562735557301,0.44702770778665374,-0.14510898777405742,-0.1450379656646443,6.433671576461168e-07,2.2781522350186147e-05,1.2021802031359037,1.2021806853398749,-0.15592646988142037,-0.15592620756244474,0.05836160706496768,0.05836194260838473,0.048466483407839815
19.14000000000027,9570,7.218712520486041e-05,7.36624106594939e-05,1.7774710806912488,1.777478437586497,0.4470785561398703,0.4470517481788384,-0.14516604658572405,-0.14509942684118113,6.497314591321186e-07,2.3162298399097643e-05,1.2021784413214027,1.2021789258344375,-0.15588230727405772,-0.1558820358332878,0.05835998157072313,0.05836031879171375,0.04845348424532324
19.16000000000026,9580,6.715192999136264e-05,6.842983790974017e-05,1.777466055850253,1.777472801557217,0.4470953758517201,0.4470704107685553,-0.14520911198772282,-0.14514713923756845,6.521690817291959e-07,2.325651830698318e-05,1.2021766788482096,1.202177166278948,-0.15583814072004795,-0.1558378639891256,0.05835836167062762,0.058358695070962065,0.048435665146324074
19.18000000000025,9590,6.185366117037961e-05,6.389056940260729e-05,1.7774624614284287,1.777468602178917,0.44710734899691407,0.44708431617436223,-0.14523976539097672,-0.14518268951455843,6.519866243541244e-07,2.3162298399097643e-05,1.2021749161871609,1.2021754066734014,-0.15579397107083354,-0.1557936920299579,0.05835674487914203,0.0583570714461274,0.04841275690144903
19.200000000000237,9600,5.628007613385391e-05,5.9544208714705733e-05,1.777460164600763,1.7774656433355236,0.44711510935041954,0.4470941137956205,-0.1452596668755049,-0.1452077379133187,6.537532023874072e-07,2.2877310533063834e-05,1.202173153281591,1.2021736470177933,-0.15574980349243184,-0.15574951995578498,0.05835512663107024,0.058355447917207495,0.048401636045528454
19.220000000000226,9610,5.042651206802549e-05,5.526494684292761e-05,1.7774589208628326,1.7774637201001744,0.4471193535669381,0.447100482206867,-0.1452705345537356,-0.14522401926367576,6.581686357575848e-07,2.3099271619960363e-05,1.2021713939711793,1.202171887312119,-0.15570563630968842,-0.15570534776660627,0.05835349807408979,0.058353824484200074,0.04840217495608227
19.240000000000215,9620,4.430678462375448e-05,5.1595060920124946e-05,1.7774584521752808,1.7774626186161182,0.44712081140963955,0.4471041295521872,-0.1452741783843169,-0.1452333439923613,6.525261735183381e-07,2.3350358035739973e-05,1.2021696343452122,1.2021701275563739,-0.15566146154924432,-0.15566117546242297,0.05835188383418515,0.05835220114710289,0.048397258623718034
19.260000000000204,9630,3.7910880504478785e-05,4.862763720586885e-05,1.7774585901701243,1.7774621159776174,0.4471201863330603,0.4471057939395868,-0.14527249415313817,-0.14523759913125464,6.41623232044777e-07,2.3099271619960363e-05,1.2021678724018896,1.2021683677505537,-0.15561728310415515,-0.15561700304323473,0.058350281467127854,0.05835057790591367,0.04838650031770086
19.280000000000193,9640,3.1217208645313716e-05,4.5945398631874215e-05,1.777459197176488,1.7774619801108478,0.4471182092590419,0.4471062438353647,-0.14526744772328673,-0.145238749325628,6.383061132407014e-07,2.353691512636377e-05,1.2021661102591985,1.2021666078946533,-0.15557311041907193,-0.15557283050904105,0.058348669376638136,0.05834895476063015,0.0483696298447313
19.300000000000182,9650,2.4250289049717863e-05,4.366783040766235e-05,1.7774600818850153,1.7774619743650169,0.44711567327705193,0.4471063142029135,-0.1452610838907813,-0.14523879257476563,6.44210259923673e-07,2.303607239996808e-05,1.202164346853678,1.2021648479886684,-0.15552894694109423,-0.15552865785984307,0.05834704833409746,0.05834733171125007,0.04836344351042053
19.32000000000017,9660,1.7665438843770125e-05,4.1194025465722866e-05,1.7774610068280965,1.7774619665828395,0.44711350988539544,0.4471077057308783,-0.14525537208128209,-0.14523871499898303,6.592427566965526e-07,2.303607239996808e-05,1.2021625803115352,1.2021630880325944,-0.15548479934631093,-0.15548448509564047,0.058345429353307304,0.05834570875777116,0.04831342790116147
19.34000000000016,9670,1.2592008533278123e-05,3.897549167036096e-05,1.777461963622153,1.7774619374177951,0.4471137147228337,0.44711292072068887,-0.1452509911933929,-0.14523842427042713,6.946336171561994e-07,2.3225154141253322e-05,1.202160803040728,1.2021613280264265,-0.15544067279568105,-0.15544031221643295,0.058343808612462744,0.058344085900191155,0.04825403755016658
19.36000000000015,9680,1.118020654157551e-05,3.697934055154779e-05,1.7774630219084642,1.7774618732403542,0.4471190569327394,0.44712439626302863,-0.1452475399913949,-0.14523778452462247,7.608233029328429e-07,2.3225154141253322e-05,1.2021590101816904,1.2021595679701604,-0.15539657406550036,-0.15539613922222129,0.05834218271838802,0.05834246313850779,0.048149383104501425
19.380000000000138,9690,1.4503399874556654e-05,3.573631734226621e-05,1.7774639940350794,1.7774617610017598,0.44713244863084023,0.4471444656007601,-0.14524447302942545,-0.1452366656864677,8.2375938398166e-07,2.2972699315936647e-05,1.2021572215411565,1.2021578078637911,-0.15535247273714212,-0.15535196611300542,0.05834056094226449,0.058340840472718807,0.04801947092115115
19.400000000000126,9700,2.0227863624900605e-05,3.544960300051625e-05,1.7774646855241418,1.7774615882258986,0.4471564402688378,0.447175359582791,-0.1452413957352665,-0.14523494338918463,8.671470893923724e-07,2.303607239996808e-05,1.2021554445460871,1.2021560477073143,-0.15530835195710543,-0.1553077928887854,0.05833894297879206,0.058339217902821934,0.04786469155661878
19.420000000000115,9710,2.6807213842786123e-05,3.549070400330692e-05,1.7774650544842876,1.7774613430011676,0.44719324534115285,0.4472192081179413,-0.1452380473911263,-0.1452324988932669,9.018147234172043e-07,2.3067693653563172e-05,1.2021536720164223,1.2021542875007254,-0.15526422066727694,-0.1552636195495609,0.05833732504693776,0.058337595428814906,0.04770312181006218
19.440000000000104,9720,3.3682855242873016e-05,3.528472023227151e-05,1.7774651892664997,1.7774610139723457,0.4472449926815638,0.4472780416288098,-0.14523420586235233,-0.14522921900542915,9.333888761509544e-07,2.271743917865515e-05,1.2021519008437882,1.2021525272440197,-0.15522008482774538,-0.15521944609533306,0.0583357068581907,0.05833597305069547,0.04751756110383494
19.460000000000093,9730,4.0604464287950404e-05,3.526405567985059e-05,1.7774651043114942,1.7774605903324607,0.4473137115741524,0.44735379250564067,-0.14522967204764414,-0.14522499599755573,9.615634420868357e-07,2.3099271619960363e-05,1.2021501311147482,1.2021507669371925,-0.1551759443793656,-0.15517527252610075,0.05833408819035286,0.05833435076846133,0.04732607321076593
19.480000000000082,9740,4.7443448127463244e-05,3.573631734226621e-05,1.7774648281523096,1.7774600618146603,0.4474013125747463,0.4474482965601901,-0.14522427372268198,-0.14521972752564982,9.86889508792311e-07,2.303607239996808e-05,1.2021483625531122,1.2021490065802394,-0.15513180018506173,-0.1551310988418652,0.058332469164141115,0.058332728582110256,0.047128850455003035
19.50000000000007,9750,5.413689923022596e-05,3.5817814180927165e-05,1.777464422491268,1.7774594186840806,0.44750958168867155,0.447563294479593,-0.1452178664788177,-0.14521331654878222,1.0128344962785443e-06,2.3225154141253322e-05,1.2021465936585654,1.2021472461731555,-0.15508765605369168,-0.155086925042626,0.05833085020810877,0.058331106491639965,0.04692623295112864
19.52000000000006,9760,6.063241960578318e-05,3.606119963667651e-05,1.7774638898189346,1.7774586517297144,0.4476402065870236,0.4477004332802296,-0.14521031862945766,-0.1452056712480403,1.0396519134825006e-06,2.271743917865515e-05,1.202144824361188,1.2021454857159364,-0.15504351232511113,-0.15504275112838337,0.058329231385334204,0.05832948449704819,0.04670149672850139
19.54000000000005,9770,6.686730515395811e-05,3.6141963902761406e-05,1.7774631422779053,1.7774577522562822,0.44779479089552776,0.44786126776159224,-0.1452015018657077,-0.14519670494547687,1.0625900444448927e-06,2.3162298399097643e-05,1.2021430564799522,1.2021437252085776,-0.1549993639329145,-0.15499857709913703,0.058327612014544665,0.05832786259833267,0.046472557931729885
19.560000000000038,9780,7.282486985743166e-05,3.636314071153992e-05,1.7774621871197052,1.7774567120761,0.4479748140892164,0.44804726196015165,-0.14519131513585412,-0.14518633602305928,1.082088778480405e-06,2.303607239996808e-05,1.2021412897964707,1.2021419646510743,-0.15495521142923088,-0.15495440295488783,0.05832599208556929,0.05832624079549113,0.04623951246516975
19.580000000000027,9790,7.851217668909524e-05,3.606119963667651e-05,1.7774610863935638,1.7774555235009486,0.44818164776684066,0.448259790603224,-0.14517967563846992,-0.14517448784161813,1.1018360564673154e-06,2.3099271619960363e-05,1.2021395229058012,1.202140204043422,-0.15491105881301243,-0.15491022869563548,0.058324372108000996,0.058324619088521316,0.0460026504870282
19.600000000000016,9800,8.391993520911853e-05,3.6302953402898905e-05,1.7774598394304604,1.7774541793339438,0.4484165867962009,0.4485001405628373,-0.14516650039831452,-0.1451610886597963,1.1221392380965292e-06,2.303607239996808e-05,1.2021377557137132,1.202138443385616,-0.1548669064489493,-0.15486605432138026,0.05832275215634578,0.058322997477420965,0.04574560996010103
19.620000000000005,9810,8.902469652406121e-05,3.652315530498142e-05,1.7774583600518548,1.7774526728614042,0.4486808482964105,0.44876951230959816,-0.14515170584278747,-0.14514607155299786,1.1389355368715977e-06,2.265317472408141e-05,1.2021359897308983,1.2021366826776518,-0.1548227500187308,-0.15482187983212217,0.05832113147451924,0.058321375962187796,0.04548584255424022
19.639999999999993,9820,9.382700982160252e-05,3.71955383787638e-05,1.7774566583163842,1.7774509978447215,0.44897554817561136,0.4490690213665583,-0.1451352249226334,-0.145129374332337,1.1528067768154441e-06,2.262097403300073e-05,1.2021342247149693,1.2021349219195248,-0.15477859018044124,-0.15477770522786116,0.05831951014927711,0.05831975454281955,0.04522343864564008
19.659999999999982,9830,9.833951116287389e-05,3.741048680443538e-05,1.7774547942599914,1.7774491485122292,0.44930170981104467,0.4493996997630813,-0.14511700199505623,-0.1451109394635869,1.167034855279391e-06,2.3099271619960363e-05,1.2021324594558045,1.2021331611112303,-0.1547344304588748,-0.15473353050859712,0.05831788880263158,0.05831813321931396,0.044958665586994025
19.67999999999997,9840,0.0001025630725585721,3.799052894192001e-05,1.777452764576816,1.7774471195510717,0.44966028183087986,0.4497624974887092,-0.14509698110919383,-0.14509071398612874,1.1818392606125109e-06,2.2877310533063834e-05,1.2021306938907168,1.2021314002527637,-0.154690271106863,-0.15468935567433098,0.0583162674922291,0.05831651199166876,0.04470817317480001
19.69999999999996,9850,0.0001065134642653493,3.848616141052026e-05,1.777450635684627,1.777444906099074,0.4500521216130178,0.4501582839470292,-0.14507511849338103,-0.14506864943190048,1.2014389331654598e-06,2.2845425764212974e-05,1.2021289264797925,1.2021296393441203,-0.15464611656991023,-0.1546451807250625,0.05831464698618226,0.05831489085988169,0.044455461830156355
19.71999999999995,9860,0.00011018718909386612,3.89006107334333e-05,1.7774483730069583,1.7774425037366102,0.4504780206282022,0.4505878494095402,-0.1450513656092749,-0.14504470174434597,1.2249247640238236e-06,2.2426798989897964e-05,1.2021271575958155,1.202127878385296,-0.15460196587318936,-0.1546010056607918,0.0583130271403008,0.058313269823950464,0.04420107298335621
19.739999999999938,9870,0.00011357147131045263,3.967981336035926e-05,1.7774458907422341,1.777439908478473,0.450938699253516,0.4510519064695195,-0.1450256735551921,-0.1450188311973637,1.2483852027005196e-06,2.303607239996808e-05,1.2021253886740126,1.2021261173762856,-0.1545578148903636,-0.1545568304815184,0.05831140722742837,0.05831164888387284,0.04396164538372879
19.759999999999927,9880,0.00011669955327528639,4.090992534852077e-05,1.777443278042966,1.7774371167657437,0.4514347662000725,0.45155109149588946,-0.14499802014516983,-0.1449910023142558,1.2778448547155713e-06,2.313080647644551e-05,1.2021236174790957,1.2021243563170847,-0.1545136697651558,-0.15451265518724336,0.058309787961412785,0.05831002803964653,0.04372055405922379
19.779999999999916,9890,0.00011956590395469487,4.243177717717494e-05,1.7774405071991526,1.7774341254576593,0.45196678702108617,0.4520859660870841,-0.14496836911839323,-0.14496118378667702,1.3120803944758472e-06,2.3067693653563172e-05,1.2021218445175088,1.2021225952076886,-0.15446952923620644,-0.1544684797779664,0.05830816926476245,0.05830840729126928,0.04347845843396629
19.799999999999905,9900,0.00012214520636485662,4.393410013373943e-05,1.777437477593235,1.7774309318234842,0.4525352693054714,0.4526570185249158,-0.14493667859828466,-0.14492934839358348,1.3452813591581674e-06,2.2781522350186147e-05,1.2021200719172844,1.2021208340480931,-0.1544253873605285,-0.15442430425368772,0.05830655038011522,0.058306786638738825,0.043235720838327454
19.819999999999894,9910,0.00012444051845719487,4.607214479993709e-05,1.7774341761103336,1.7774275335343777,0.45314062573624064,0.4532646652284418,-0.14490292430884766,-0.1448954729201818,1.3766546498458255e-06,2.23942727958561e-05,1.2021182999234212,1.2021190728382931,-0.15438124332422257,-0.15438012861440734,0.05830493112960324,0.058305166082052884,0.043008790102972885
19.839999999999883,9920,0.00012649734198460615,4.840226458601483e-05,1.7774307454522231,1.7774239286552636,0.4537831655314499,0.453909252207831,-0.1448671050344923,-0.14485953807687782,1.4160225161065733e-06,2.3193747562800386e-05,1.2021165245477017,1.2021173115782844,-0.15433710667756192,-0.15433595286012497,0.05830331236609096,0.0583035456212092,0.04278096680456896
19.85999999999987,9930,0.00012831190845477203,5.1269089685265995e-05,1.7774271612002135,1.7774201156366995,0.454463168218747,0.4545910565182307,-0.1448292023182283,-0.14482152841822574,1.461748389544829e-06,2.271743917865515e-05,1.202114746601885,1.202115550268062,-0.15429297591354427,-0.1542917769908417,0.05830169414284877,0.058301925256205506,0.04255298380475984
19.87999999999986,9940,0.00012985398943361694,5.4748131048529624e-05,1.7774232949545294,1.7774160933067467,0.4551808658204464,0.45531028771363274,-0.14478918909145508,-0.14478143226187676,1.505161539381761e-06,2.2781522350186147e-05,1.202112969573619,1.2021137889076217,-0.15424884262537508,-0.15424760100655707,0.05830007567118201,0.05830030498703953,0.042341619170415117
19.89999999999985,9950,0.00013120813412597035,5.833217483867545e-05,1.777419295117837,1.7774118608628373,0.45593632730745526,0.4560670893007408,-0.14474709064730468,-0.14473924160752832,1.561425396852665e-06,2.271743917865515e-05,1.202111186840532,1.2021120274969586,-0.15420472081829556,-0.15420342490727118,0.05829845686490014,0.058298684813709006,0.04212957093879916
19.91999999999984,9960,0.00013235493781581372,6.26230020200399e-05,1.7774151414920616,1.777407417863646,0.4567296496714655,0.4568615401928366,-0.14470289343489606,-0.14469495205587277,1.627469826600245e-06,2.2972699315936647e-05,1.2021093999540922,1.202110266036068,-0.15416060781019436,-0.15415924869298384,0.05829683810775902,0.05829706473621166,0.04191785003713598
19.939999999999827,9970,0.00013322344269948313,6.706336286556692e-05,1.77741068224886,1.7774027642209578,0.457560909189596,0.45769365616364666,-0.1446565646897584,-0.14464856272754642,1.689045051089467e-06,2.290915092499722e-05,1.2021076149581689,1.2021085045249458,-0.15411649034581903,-0.15411507236369587,0.058295219208912556,0.058295444754545234,0.041706894881410016
19.959999999999816,9980,0.00013381633688596426,7.191997844399087e-05,1.7774058902381809,1.7773979001915365,0.45843005524808494,0.45856339130120893,-0.14460810538562024,-0.1446000761820784,1.74436540191959e-06,2.2588727439225648e-05,1.2021058323482612,1.202106742963587,-0.15407236659924256,-0.15407089591940717,0.05829359972163197,0.05829382486870746,0.04149698817386782
19.979999999999805,9990,0.00013414682159726112,7.705750586652643e-05,1.7774007785309736,1.7773928263689962,0.45933696932354806,0.4594706394617396,-0.14455752498124355,-0.14454949833683964,1.7933532115598943e-06,2.2329078268013787e-05,1.202104052064362,1.2021049813519868,-0.15402823648411987,-0.15402671936011775,0.058291979523793884,0.05829220507869607,0.041304873838271174
19.999999999999794,10000,0.0001343550427782337,8.345173371793782e-05,1.7773955630832339,1.7773875436756683,0.4602813617142855,0.4604152357234994,-0.1445048830288824,-0.1444968383859917,1.8637864835869128e-06,2.2749503328951236e-05,1.2021022610414327,1.2021032196901413,-0.15398412460431185,-0.15398254268582778,0.05829035685306763,0.058290585384508785,0.0411126897625471
20.019999999999783,10010,0.00013440766208914795,9.059660856523075e-05,1.7773902389194909,1.7773820533544717,0.461263042744391,0.46139695784066054,-0.1444501810886488,-0.14444210871943586,1.950432253949688e-06,2.271743917865515e-05,1.2021004623316687,1.2021014579780451,-0.15394002683218738,-0.15393836589653687,0.05828873304801767,0.05828896578614334,0.04092165340072118
20.03999999999977,10020,0.00013419128480799907,9.80465269246154e-05,1.7773846279447807,1.7773763569607817,0.4622818347000472,0.4624155276971732,-0.14439339170370272,-0.1443853248417618,2.029567035567382e-06,2.23942727958561e-05,1.2020986671210832,1.2020996962156942,-0.15389592223571974,-0.15389418899224605,0.0582871096959938,0.05828734628359748,0.04073225114801569
20.05999999999976,10030,0.000133706991529928,0.00010557145032076174,1.7773786831989757,1.7773704563542996,0.463337400596336,0.46347061276063234,-0.14433453012104802,-0.14432650529119678,2.0986786158086615e-06,2.265317472408141e-05,1.2020968760821718,1.2020979344030838,-0.15385180820352548,-0.15385001197295486,0.05828548611865656,0.05828572687686893,0.04054477946100568
20.07999999999975,10040,0.0001329714075498458,0.00011315641619488869,1.7773724110623232,1.7773643536909214,0.4644293387851734,0.464561827536144,-0.1442736217068629,-0.1442656715585543,2.157675455766554e-06,2.23942727958561e-05,1.2020950890619277,1.202096172540209,-0.1538076845257191,-0.15380583483866372,0.05828386201355066,0.058284107565955416,0.040464243360561654
20.09999999999974,10050,0.00013191856241192093,0.0001207297521861289,1.7773657141068917,1.777358051414607,0.4655572725314078,0.4656887350201924,-0.14421068409566232,-0.14420284800618327,2.197408551711183e-06,2.2588727439225648e-05,1.2020933091394983,1.2020944106270657,-0.15376354237125425,-0.15376165758937263,0.05828223749882508,0.05828248835085467,0.04038389420253472
20.119999999999727,10060,0.0001305949438593466,0.00012823100360571935,1.7773586311307523,1.7773515522492498,0.46672067192392896,0.4668508481545062,-0.14414574799475907,-0.1441380617869168,2.2196520210168683e-06,2.2491710265994076e-05,1.2020915355912747,1.202092648663649,-0.1537193833305691,-0.15371748022508158,0.058280612104188466,0.058280869231564426,0.0403035014059493
20.139999999999716,10070,0.000129092620986726,0.00013599946906532704,1.7773513014217728,1.7773448591905456,0.467918918683761,0.46804763127992527,-0.14407885741794954,-0.14407134276302103,2.2336391849004307e-06,2.196705006686931e-05,1.2020897651926863,1.2020908866499542,-0.15367521625810426,-0.15367330274579083,0.05827898573080391,0.05827925020808242,0.04023807278258029
20.159999999999705,10080,0.00012763128952839663,0.0001439817809520723,1.7773439014566066,1.777337975497862,0.4691512238829294,0.46927850159026746,-0.14401014058729747,-0.1440027234251443,2.2838184878080892e-06,2.2845425764212974e-05,1.2020879754136193,1.202089124585977,-0.15363107878708865,-0.15362912515149998,0.05827735103450681,0.05827763128040637,0.04017218001517861
20.179999999999694,10090,0.00012612613190453187,0.00015224965077558183,1.7773364440897546,1.7773309046861074,0.4704170414431506,0.470542830586195,-0.14393960139563483,-0.14393223881126588,2.3602215683762865e-06,2.271743917865515e-05,1.2020861721810538,1.2020873624717128,-0.15358696319089005,-0.1535849474422101,0.058275711431493966,0.05827601244853402,0.04012157596791958
20.199999999999683,10100,0.00012480444591911484,0.00016336775226708455,1.777328927092551,1.7773236505176,0.4717154755226509,0.4718399455290814,-0.1438673779340269,-0.14385992642564494,2.5118068111758013e-06,2.2426798989897964e-05,1.2020843306598672,1.2020856003071565,-0.1535429109828266,-0.1535407696179209,0.05827405945873002,0.05827439371246309,0.04007013995289273
20.219999999999672,10110,0.0001235024569542026,0.00017627893233745467,1.7773213228302536,1.7773162169939372,0.4730459690629887,0.4731691308948778,-0.1437934386787025,-0.14378582615776941,2.7148398235616493e-06,2.2033315828455735e-05,1.2020824631218794,1.202083838092304,-0.1534989022369937,-0.15349659167863242,0.05827239939725455,0.05827277507219132,0.04001846828171231
20.23999999999966,10120,0.0001218279792101061,0.00018828370704338413,1.7773135039141723,1.7773086083478653,0.4744081422706743,0.47452962982797986,-0.1437176524479694,-0.14370998020130507,2.8930880989862624e-06,2.23942727958561e-05,1.202080608463312,1.2020820758271507,-0.15345487258056673,-0.1534524136243448,0.05827074380939581,0.05827115652771644,0.039966740148154566
20.25999999999965,10130,0.00011979342010367381,0.00019933009271781135,1.7773053942730328,1.777300829035148,0.47580118263522553,0.4759206455950944,-0.14364006339390822,-0.14363243297304434,3.0412450287692652e-06,2.2033315828455735e-05,1.2020787686837175,1.2020803135116915,-0.1534108168844363,-0.15340823545505827,0.058269092096724845,0.058269538079036176,0.03991507887454993
20.27999999999964,10140,0.00011745441621971123,0.00020962186060590395,1.7772969739253646,1.7772928837264352,0.47722420017463046,0.47734134303910575,-0.14356073832595873,-0.1435532310318552,3.160520192731995e-06,2.2033315828455735e-05,1.202076942682958,1.2020785511459222,-0.1533667357188307,-0.1533640571707728,0.05826744316022079,0.05826791972614826,0.03986358190531384
20.299999999999628,10150,0.0001148559770678123,0.00021935171394771,1.7772882560068337,1.7772847772991338,0.4786762803509386,0.47879085003294286,-0.14347974297211008,-0.14347242299763008,3.2528496428134387e-06,2.2263692832568247e-05,1.202075129297421,1.2020767887298383,-0.1533226305291386,-0.1533198787714885,0.058265796350562934,0.05826630146905042,0.039812329310373186
20.319999999999617,10160,0.0001120329398422327,0.00022858503898743238,1.7772792686085044,1.7772765148292753,0.48015648396729993,0.4802682589334454,-0.1433971413663677,-0.143390059470235,3.320355641258951e-06,2.186727491038013e-05,1.2020733274584128,1.202075026263435,-0.15327850308514238,-0.15327570025720574,0.05826415135037501,0.05826468330774039,0.03976138997975823
20.339999999999606,10170,0.00010901353593023061,0.0002373859243360927,1.7772700441045057,1.7772681015833856,0.4816638443771269,0.48177262803523085,-0.1433129968706528,-0.14330619294845823,3.365250064844637e-06,2.2329078268013787e-05,1.2020715361480043,1.2020732637467075,-0.15323435531967447,-0.15323152162792394,0.05826250801534772,0.0582630652422159,0.03971082690093603
20.359999999999594,10180,0.00010582106491959134,0.00024578896242169034,1.7772606136623759,1.777259543010354,0.48319736688748166,0.48330298302456093,-0.14322737259872026,-0.14322087774895928,3.3897373166636988e-06,2.2230927998283902e-05,1.2020697543920162,1.2020715011796517,-0.1531901891971268,-0.15318734288364422,0.05826086628057145,0.05826144727247468,0.03966070085842133
20.379999999999583,10190,0.00010247476982116491,0.00025382218094497494,1.7772510048482573,1.7772508447333033,0.48475602920341165,0.48485831843320826,-0.14314033160361914,-0.14313416992521794,3.3959259973227227e-06,2.2000207897163392e-05,1.2020679812737116,1.2020697385622625,-0.15314600661089592,-0.1531431640243662,0.05825922611404652,0.05825982939851446,0.0396110725321537
20.399999999999572,10200,9.899057257338747e-05,0.0002615335979205902,1.7772412409745209,1.7772420125414572,0.48633878217293175,0.4864375990923231,-0.14305193705609218,-0.14304612718648307,3.385772010429571e-06,2.206637408534863e-05,1.2020662159469,1.2020679758945356,-0.1531018093206329,-0.1530989850500901,0.05825758749508307,0.05825821162033297,0.039562003410531926
20.41999999999956,10210,9.538179036081805e-05,0.00026892650152654074,1.7772313413571499,1.7772330523820115,0.487944550634889,0.48803976158629986,-0.1429622524421494,-0.14295680881672157,3.3610538967293216e-06,2.1933842111273517e-05,1.2020644576417456,1.2020662131764663,-0.1530575989245539,-0.15305480596081605,0.05825595040494492,0.05825659393792793,0.03951355594004089
20.43999999999955,10220,9.165979624392046e-05,0.00027596838186718525,1.7772213219772526,1.7772239703520019,0.48957223435123565,0.48966371570664374,-0.1428713417529965,-0.14286627559356732,3.3233714935486754e-06,2.173352885506333e-05,1.2020627056638573,1.2020644504080502,-0.15301337685595165,-0.153010626756544,0.05825431482349454,0.05825497635129709,0.03946579329687209
20.45999999999954,10230,8.783458647423816e-05,0.0002827782867586615,1.7772111962513841,1.7772147726901733,0.4912207090308281,0.4913083459058375,-0.14277926964373058,-0.14277458970727003,3.274158234116824e-06,2.1800504449438904e-05,1.2020609593891258,1.2020626875892824,-0.152969144393661,-0.15296644743727417,0.05825268072873374,0.058253358860438156,0.03941877893809219
20.479999999999528,10240,8.391524463200776e-05,0.00028923653617619286,1.7772009757523437,1.7772054657688499,0.49288882744321516,0.49297251275120807,-0.14268610155024603,-0.14268181467964428,3.2146997501256006e-06,2.173352885506333e-05,1.202059218256541,1.2020609247201581,-0.15292490267899828,-0.15292226800300676,0.05825104809760606,0.05825174146534888,0.03937257607400134
20.499999999999517,10250,7.991031373134286e-05,0.0002953415182339368,1.7771906708089331,1.7771960560858033,0.49457542061237725,0.49465505437879304,-0.14259190376345526,-0.14258801528301832,3.146154064826058e-06,2.2263692832568247e-05,1.202057481760502,1.2020591618006733,-0.15288065273441,-0.15287808845374135,0.05824941690718109,0.05825012416602697,0.03932724716016776
20.519999999999506,10260,7.582809845787183e-05,0.000301158291472347,1.7771802909653054,1.7771865502561228,0.4962792990767905,0.49635478794720744,-0.14249674346511787,-0.1424932574591831,3.0695707512361334e-06,2.229640951859779e-05,1.2020557494435102,1.202057398830823,-0.1528363954811763,-0.15283390878947906,0.05824778713576028,0.05824850696247017,0.03928285344266248
20.539999999999495,10270,7.167692456449047e-05,0.00030664383211912,1.7771698453087064,1.7771769550040835,0.4979992542019683,0.4980705110915104,-0.1424006887317187,-0.14239760823834105,2.9859078334073445e-06,2.2132342465963256e-05,1.202054020889675,1.2020556358106027,-0.15279213175489806,-0.15278972901021937,0.0582461587637133,0.058246889854676215,0.03925478393776369
20.559999999999484,10280,6.798526220659469e-05,0.00031408196198374935,1.7771590847230816,1.7771672771550162,0.49973357326863954,0.4998010033770718,-0.1423039747447238,-0.14230113565805516,2.963482359775035e-06,2.219811480254158e-05,1.2020522568409253,1.2020538727400079,-0.15274791169467278,-0.15274554911596264,0.05824450517103977,0.05824527284264282,0.03922717789209906
20.579999999999472,10290,6.456880845416564e-05,0.0003226541530541241,1.7771479886858195,1.777157523627176,0.5014812231344739,0.5015450277534387,-0.1422065894502357,-0.14220390868219782,2.980535574418366e-06,2.2263692832568247e-05,1.20205046852566,1.2020521096190337,-0.15270371700626667,-0.15270136910670887,0.05824283265696111,0.05824365592636771,0.03920595351033003
20.59999999999946,10300,6.0671476242447736e-05,0.0003293796320180177,1.777136913875078,1.7771477014236123,0.5032416752649933,0.5033013320082023,-0.14210839082325646,-0.14210599711989974,2.9599850997080665e-06,2.186727491038013e-05,1.202048695682114,1.202050346447676,-0.1526594867624067,-0.15265718898245817,0.05824116922530634,0.058242039105848624,0.03918557913224654
20.61999999999945,10310,5.637950883495158e-05,0.00033433932962638355,1.777125950833156,1.7771378176240376,0.505013569848672,0.5050686502208641,-0.14200946676123374,-0.14200747154449883,2.899774993991293e-06,2.206637408534863e-05,1.2020469429387952,1.2020485832259296,-0.1526152224339342,-0.15261300874321077,0.05823951809876359,0.05824042238108329,0.039165911195886256
20.63999999999944,10320,5.201280279205344e-05,0.0003383788354548094,1.7771150099725483,1.777127879376696,0.5067953325417948,0.5068457042167035,-0.14190995384399208,-0.1419084032124893,2.815052682695394e-06,2.219811480254158e-05,1.202045206227542,1.2020468199537901,-0.15257093917444148,-0.1525688283889667,0.058237875701596734,0.05823880575206944,0.03914699501186037
20.659999999999428,10330,4.765021262479579e-05,0.00034168443727179937,1.7771040614843543,1.777117893890234,0.5085856195356611,0.5086312050206431,-0.14180994604980873,-0.1418088639824703,2.712167686978259e-06,2.2000207897163392e-05,1.2020434816328962,1.2020450566312533,-0.15252664136730468,-0.1525246479197262,0.05823623979767096,0.058237189218804795,0.03912886155454794
20.679999999999417,10340,4.3332673466534206e-05,0.00034434078798675804,1.7770930978677757,1.7771078684255677,0.5103831210921718,0.5104238543111165,-0.14170952296407882,-0.14170892623409514,2.5937538459010248e-06,2.206637408534863e-05,1.2020417674755848,1.202043293258314,-0.15248233054664648,-0.1524804673354893,0.05823460945877619,0.05823557278128708,0.03911153358042217
20.699999999999406,10350,3.9107807720033724e-05,0.0003464091222411099,1.777082121961542,1.777097810287754,0.512186522874471,0.5122223458739342,-0.14160876155336932,-0.14160866278701995,2.461700138415857e-06,2.1933842111273517e-05,1.2020400627500314,1.202041529834968,-0.15243800778001249,-0.15243628663625602,0.058232984177445594,0.05823395643951404,0.039095027847082686
20.719999999999395,10360,3.503978283661342e-05,0.0003478328740806309,1.7770711423744165,1.7770877268178578,0.5139945032248447,0.5140253670561508,-0.1415077387339599,-0.14150814681985277,2.317996960364592e-06,2.1598954627055457e-05,1.202038366564796,1.2020397663612108,-0.15239367422838956,-0.15239210582202672,0.058231363576165075,0.05823234019348339,0.03907935660322202
20.739999999999384,10370,3.121678198883424e-05,0.00034870565731480457,1.7770601709663545,1.777077625384823,0.5158057355007452,0.5158316002199311,-0.14140653143314236,-0.14140745178910244,2.164865977754631e-06,2.1699963539503996e-05,1.2020366780419465,1.2020380028370372,-0.15234933116867239,-0.15234792489280147,0.05822974733912096,0.05823072404319286,0.03904767563475702
20.759999999999373,10380,2.745076303610188e-05,0.0003482015098383887,1.7770496786989896,1.7770675133773408,0.5176189036558597,0.5176397241964174,-0.14130524645302125,-0.14130665134812745,2.0093676049046032e-06,2.1666346224911465e-05,1.2020349971844948,1.2020362392624433,-0.15230499424696065,-0.15230374384858017,0.05822814294748478,0.05822910798864018,0.039034499723831786
20.77999999999936,10390,2.4083732526098647e-05,0.00034752677723449293,1.7770392984907317,1.7770573981957185,0.5194326385746457,0.5194484157395951,-0.14120394632242858,-0.14120581926608497,1.8553633480242744e-06,2.1933842111273517e-05,1.2020333183939251,1.202034475637424,-0.15226065957415735,-0.1522595626893632,0.0582265433442134,0.05822749202982307,0.03900496429100287
20.79999999999935,10400,2.131825288493097e-05,0.000346550077934903,1.7770290506634354,1.7770472872437497,0.5212455517067882,0.5212563509801607,-0.14110273353784294,-0.14110502934687968,1.7146297643049522e-06,2.206637408534863e-05,1.2020316350540043,1.2020327119619747,-0.15221633661742925,-0.15221538141515054,0.05822494460189517,0.05822587616673927,0.03899392076521605
20.81999999999934,10410,1.9528924196324664e-05,0.00034531951426452974,1.7770187392227201,1.7770371879205824,0.5230564135208724,0.5230622068793872,-0.1410016237872821,-0.1410043553481127,1.5707054306797641e-06,2.1666346224911465e-05,1.202029956120703,1.2020309482360914,-0.1521720077593458,-0.1521712000259424,0.05822334914236716,0.0582242603993865,0.03896620673455356
20.83999999999933,10420,1.8891766708210916e-05,0.0003437475494974184,1.7770084966649082,1.7770271076125894,0.5248638087135611,0.5248646626829917,-0.14090074005158693,-0.1409038709000306,1.4407727683882375e-06,2.1800504449438904e-05,1.2020282724404938,1.2020291844597686,-0.15212768801126283,-0.15212701852173882,0.05822175263427535,0.0582226447277625,0.03894043711434164
20.859999999999317,10430,1.9185502185158715e-05,0.00034159482519626524,1.7769986037164083,1.7770170536852363,0.5266663722337476,0.5266624013750012,-0.14080019769662322,-0.14080364942447418,1.3361554531365386e-06,2.2132342465963256e-05,1.2020265773321002,1.2020274206330024,-0.1520833951223329,-0.15208283690254004,0.05822015591326865,0.05822102915186498,0.03893255581899886
20.879999999999306,10440,2.1026743107265658e-05,0.00033925230579651453,1.7769884124199422,1.7770070334749517,0.5284630763363751,0.5284541111316201,-0.14069989038118616,-0.1407037640538276,1.2099091373155095e-06,2.2426798989897964e-05,1.202024899569004,1.202025656755788,-0.15203907115571094,-0.15203865516834578,0.05821856661631776,0.05821941367169167,0.03890755701760988
20.899999999999295,10450,2.3786323158615633e-05,0.0003365428000082433,1.776978209299353,1.7769970542809956,0.5302523601106031,0.530238486775096,-0.14060002299861896,-0.14060428754996696,1.1026582095878112e-06,2.2329078268013787e-05,1.2020232165540998,1.2020238928281206,-0.15199475313999028,-0.15199447331915683,0.05821697353947453,0.05821779828724031,0.038884466376824106
20.919999999999284,10460,2.6790056254367158e-05,0.00033353604792868744,1.7769683606994429,1.7769871233573291,0.5320328061700588,0.5320142312275871,-0.1405007489539761,-0.14050529222320965,1.031744122159762e-06,2.265317472408141e-05,1.2020215137909327,1.202022128849996,-0.15195047082843943,-0.15195029135497307,0.05821537430353694,0.058216182998508614,0.03886242350824754
20.939999999999273,10470,3.0139786107618535e-05,0.0003302746960243024,1.7769586779140982,1.7769772479044832,0.5338033049529252,0.5337800569650281,-0.14040204431045555,-0.14040684985126295,9.722191279886194e-07,2.2524095754713237e-05,1.2020198070613741,1.2020203648214092,-0.15190619812127631,-0.1519061092757945,0.058213776464697636,0.05821456780549432,0.03884135641276474
20.959999999999262,10480,3.3792123347150654e-05,0.00032665964354593977,1.7769490698265669,1.7769674350614284,0.5355625967754524,0.5355346874709974,-0.1403039624292441,-0.14030903159817304,9.21878691849599e-07,2.2491710265994076e-05,1.2020180986406672,1.202018600742356,-0.1518619294943087,-0.15186192708162133,0.05821217956629637,0.058212952708195154,0.03882117944873958
20.97999999999925,10490,3.7668139063092014e-05,0.00032264285702411535,1.7769395041376508,1.7769576918974435,0.5373094104586712,0.5372768586905838,-0.14020657159664787,-0.14021190793327395,8.811632090993006e-07,2.290915092499722e-05,1.2020163891914981,1.2020168366128312,-0.15181766266341068,-0.15181774477245366,0.058210583040552336,0.05821133770660883,0.03880181721947879
20.99999999999924,10500,4.169509611834431e-05,0.0003182709669841461,1.776929979789946,1.776948025403985,0.5390424877806226,0.5390053204842525,-0.14010994239862123,-0.14011554855013653,8.510110414095596e-07,2.2459278078588273e-05,1.202014678990359,1.2020150724328307,-0.15177339662743874,-0.15177356234829165,0.05820898662180581,0.05820972280073309,0.03878320553414195
21.01999999999923,10510,4.581523321956162e-05,0.0003135035438123798,1.7769205104120895,1.776938442486557,0.5407605866059826,0.5407188380817125,-0.14001414546481858,-0.14002002228551721,8.322703488417437e-07,2.2459278078588273e-05,1.2020129681324627,1.2020133082023496,-0.15172913108289962,-0.15172937980913542,0.05820739024293228,0.058208107990565645,0.03876528845875884
21.039999999999218,10520,4.9984775011311584e-05,0.0003083364250549134,1.7769111150678591,1.7769289499565786,0.5424624819586986,0.5424161935357827,-0.13991925078894196,-0.1399253970383071,8.253609896206497e-07,2.265317472408141e-05,1.20201125660908,1.2020115439213837,-0.15168486610458384,-0.15168519715498507,0.05820579393496062,0.05820649327610424,0.03874801532819048
21.059999999999206,10530,5.4170983835014126e-05,0.00030280692550909035,1.7769018133919814,1.7769195545232546,0.5441469673787058,0.5440961871762586,-0.13982532729499447,-0.13983173968848076,8.300900173766155e-07,2.265317472408141e-05,1.2020095443558785,1.202009779589928,-0.15164060194953963,-0.15164101438584085,0.05820419776772536,0.058204878657346595,0.03873133840171147
21.079999999999195,10540,5.834932152555045e-05,0.0002969316238260293,1.7768926232803994,1.776910262785444,0.5458128564164054,0.5457576390637796,-0.13973244254968445,-0.13973911601604527,8.456396809042399e-07,2.236169929091153e-05,1.2020078312848204,1.2020080152079782,-0.1515963389397263,-0.15159683150170272,0.058202601819077465,0.058203264134290424,0.03871521124834623
21.099999999999184,10550,6.250115762275922e-05,0.0002907146279076949,1.7768835600284805,1.7769010812235304,0.5474589841091402,0.5473993904436945,-0.13964066259956828,-0.13964759061998902,8.707061799105994e-07,2.2426798989897964e-05,1.202006117303417,1.2020062507755296,-0.15155207739668775,-0.15155264850257089,0.05820100616010754,0.05820164970693347,0.03869958768952163
21.119999999999173,10560,6.661203545479564e-05,0.0002841668581244538,1.7768746362464358,1.7768920161912891,0.5490842084152217,0.549020305199929,-0.13955005189057015,-0.1395572268372307,9.037154624109232e-07,2.2426798989897964e-05,1.202004402324916,1.2020044862925774,-0.1515078176092869,-0.15150846538844534,0.05819941084886833,0.058200035375273455,0.03868442120982486
21.139999999999162,10570,7.067040430767055e-05,0.0002773016847815707,1.7768658621476858,1.776883073907758,0.5506874116228347,0.550619271308852,-0.13946067322980105,-0.13946808666156824,9.430332234923828e-07,2.2426798989897964e-05,1.2020026862726207,1.2020027217591172,-0.1514635598212647,-0.15146428215932636,0.05819781592852345,0.05819842113930809,0.03866966473682935
21.15999999999915,10580,7.466671283144946e-05,0.00027014887642963357,1.776857245974157,1.7768742604491057,0.5522675017518187,0.5521952022931429,-0.1393725877624937,-0.1393802306626276,9.871177458300723e-07,2.2813496432377448e-05,1.2020009690808156,1.2020009571751444,-0.1514193042298253,-0.15142009881521407,0.05819622142772513,0.05819680699903513,0.03863932343317598
21.17999999999914,10590,7.827739576773607e-05,0.00026504137420374003,1.7768491382261695,1.7768655817405021,0.5538231802817237,0.5537470386756569,-0.1392860096397585,-0.139293717904812,9.869840077165568e-07,2.2781522350186147e-05,1.2019992161489526,1.2019991925406543,-0.15137511295374828,-0.15137591535610867,0.058194618732777495,0.058195192954452274,0.03861071073096908
21.19999999999913,10600,8.16028541856314e-05,0.0002611068180514324,1.77684152735064,1.7768570435479858,0.555353496892173,0.5552737494332927,-0.1392009497423418,-0.13920860586625033,9.457621781031188e-07,2.2845425764212974e-05,1.2019974349442106,1.2019974278556422,-0.15133097529184206,-0.15133173178201,0.05819301143311649,0.05819357900555726,0.038582705237382754
21.219999999999118,10610,8.493496182248227e-05,0.0002563369176540266,1.7768340885197638,1.7768486514703348,0.5568576619541405,0.5567743334508591,-0.1391173195811588,-0.1391249503577466,9.025478286823797e-07,2.271743917865515e-05,1.2019956545990493,1.2019956631201039,-0.15128683904488488,-0.1512875480929185,0.058191406787896305,0.05819196515234781,0.03855510702402852
21.239999999999107,10620,8.82855346177533e-05,0.00025077993169520874,1.7768267042699644,1.7768404109309346,0.5583347005053093,0.5582478209749413,-0.13903516278048897,-0.1390428054417286,8.626774053566227e-07,2.2426798989897964e-05,1.2019938769310525,1.2019938983340344,-0.15124269830577566,-0.15124336428883425,0.05818980347075415,0.058190351394821656,0.03852778356023345
21.259999999999096,10630,9.162550760535554e-05,0.00024457001432784354,1.776819355659402,1.7768323271696482,0.5597836516940989,0.5596932750677672,-0.13895453966856597,-0.1389622233511968,8.273237777420761e-07,2.2940947124789083e-05,1.201992101872944,1.2019921334974293,-0.15119855189375436,-0.15119918036975707,0.058188200627363844,0.05818873773297652,0.03850064366104991
21.279999999999085,10640,9.492658747198603e-05,0.0002378460760757088,1.7768120620166161,1.776824405234685,0.5612035945042307,0.5611097930610753,-0.13887550900753837,-0.13888325440867333,7.963991051416243e-07,2.2813496432377448e-05,1.2019903291806053,1.201990368610284,-0.15115439985237317,-0.1511549963356875,0.058186597949658324,0.05818712416681012,0.038473619428260115
21.299999999999073,10650,9.816558221888276e-05,0.00023076855712379684,1.7768048531152898,1.7768166499744698,0.5625936478682081,0.5624965080099799,-0.13879812622975787,-0.13880594694515092,7.6934574522734e-07,2.265317472408141e-05,1.2019885585636687,1.2019886036725937,-0.15111024271261536,-0.15111081218662545,0.05818499537369075,0.05818551069632019,0.0384466562433108
21.319999999999062,10660,0.00010132379539580775,0.00022327445965801974,1.7767977578593357,1.776809066029512,0.5639529702552837,0.5638525901468384,-0.13872244338268258,-0.13873034721904182,7.454962715697558e-07,2.2781522350186147e-05,1.2019867897209882,1.2019868386843542,-0.15106608116358317,-0.15106662792257108,0.058183392918997684,0.05818389732150446,0.038419707370382604
21.33999999999905,10670,0.000104386128438098,0.00021560447162829124,1.7767908004904815,1.7768016578242753,0.5652807603575322,0.5651772483351184,-0.13864850913306434,-0.1386564993351267,7.242274894353381e-07,2.3004407680670755e-05,1.2019850223638668,1.2019850736455604,-0.15102191589592423,-0.1510224435435245,0.05818179062199799,0.058182284042360644,0.0383782273583735
21.35999999999904,10680,0.00010717301805100145,0.0002074441572154853,1.776784198068244,1.776794429559046,0.5665761154987756,0.5664697315232634,-0.1385764562869653,-0.1385844451635035,6.880843983451288e-07,2.2845425764212974e-05,1.2019832360494132,1.201983308556208,-0.1509777803119946,-0.150978259049486,0.058180181969002875,0.05818067085888647,0.038337198544901904
21.37999999999903,10690,0.0001097426091865169,0.00019906662207329033,1.7767779346143184,1.7767873852018035,0.5678383772906532,0.5677293301985599,-0.13850629593127065,-0.1385142242585365,6.444420464957932e-07,2.2845425764212974e-05,1.201981435866055,1.2019815434162924,-0.15093366772575154,-0.15093407444045542,0.058178569589097846,0.058179057771079665,0.03829617908417796
21.399999999999018,10700,0.00011224446665421862,0.00019071858590031883,1.7767718237062937,1.776780528480088,0.5690670057818722,0.5689553778410044,-0.13843798390928344,-0.13844587377780512,6.087881095242882e-07,2.271743917865515e-05,1.2019796389920094,1.201979778225809,-0.15088955017919503,-0.15088988971643322,0.05817695903067472,0.05817744477893795,0.03825509534666165
21.419999999999007,10710,0.00011466902937824114,0.0001823241567585678,1.7767658197283158,1.7767738628728704,0.5702613675737908,0.5701472523771691,-0.1383715533757052,-0.13837942840105294,5.818711193354399e-07,2.290915092499722e-05,1.2019778458156354,1.201978012984753,-0.15084542564419431,-0.15084570487741925,0.058175349536844674,0.058175831882459055,0.03821389578211962
21.439999999998996,10720,0.00011699322901701124,0.00017389338356849277,1.7767599288789282,1.7767673916024223,0.5714208666401521,0.5713043776340698,-0.1383070440282257,-0.13831492024913652,5.62615954281978e-07,2.2845425764212974e-05,1.2019760558786363,1.2019762476931202,-0.15080129440555284,-0.15080151992341373,0.058173740661730776,0.05817421908164071,0.03817254314001544
21.459999999998985,10730,0.0001191988751658039,0.00016558367045042287,1.776754170618609,1.7767611176261835,0.5725449593940031,0.5724262247930315,-0.13824449175925216,-0.13825237880297442,5.495410951839897e-07,2.303607239996808e-05,1.2019742687677353,1.2019744823509055,-0.1507571571292573,-0.1507573348544169,0.05817213225475329,0.05817260637648062,0.038131008958288644
21.479999999998974,10740,0.00012127187915497917,0.0001572705748870667,1.7767485642281744,1.7767550436286323,0.5736331543735967,0.5735123138435553,-0.1381839281430274,-0.13819183082249598,5.412024373777525e-07,2.271743917865515e-05,1.2019724841302277,1.2019727169581047,-0.15071301452113273,-0.15071314967042887,0.058170524271581786,0.05817099376697652,0.03808927048780989
21.499999999998963,10750,0.00012320071040709213,0.00014899267477411796,1.7767431252928243,1.7767491720131547,0.5746850121615019,0.5745622150371852,-0.13812538076575778,-0.1381333002655904,5.363579345370228e-07,2.3287840231354886e-05,1.201970701659573,1.2019709515147128,-0.1506688672283437,-0.15066896437144942,0.05816891669370032,0.058169381253126144,0.038047309193300245
21.51999999999895,10760,0.00012497556291675408,0.0001408545401172088,1.7767378654866972,1.7767435048939133,0.575700146199402,0.5755755503413751,-0.1380688734370436,-0.1380768082070556,5.340059965701073e-07,2.2781522350186147e-05,1.2019689210863593,1.2019691860207258,-0.1506247158187868,-0.1506247789574795,0.05816730950313935,0.058167768834927205,0.03800511008207044
21.53999999999894,10770,0.00012658787531290714,0.00013289282316557736,1.7767327932177566,1.7767380440877163,0.5766782239416482,0.5765519948933543,-0.1380144263176081,-0.13802237275754708,5.333713229758638e-07,2.262097403300073e-05,1.2019671421723233,1.2019674204761386,-0.15058056078561416,-0.1505805934285184,0.05816570267717017,0.05816615651237743,0.037962661356209904
21.55999999999893,10780,0.0001280299996477292,0.00012499549430381647,1.7767279143566719,1.7767327911058872,0.5776189681100948,0.5774912784539954,-0.1379620560049654,-0.13797000898252698,5.338721599867788e-07,2.262097403300073e-05,1.201965364706009,1.2019656548809465,-0.1505364025573041,-0.1505364077845666,0.0581640961887612,0.05816454428547454,0.037919954255901035
21.57999999999892,10790,0.0001292949544193911,0.00011726263231710818,1.7767232328492348,1.7767277471461338,0.5785221579918705,0.5783931868616804,-0.1379117755866935,-0.13791972882121284,5.350838790787439e-07,2.2845425764212974e-05,1.2019635884993636,1.2019638892351454,-0.15049224150737273,-0.1504922220256242,0.05816249000807679,0.058162932154216265,0.03787698290758925
21.599999999998907,10800,0.0001303762394039154,0.0001096226743512214,1.776718751187039,1.7767229130844167,0.5793876307690577,0.5792575634861671,-0.13786359466468542,-0.13787154100552662,5.367052036162713e-07,2.23942727958561e-05,1.2019618133848884,1.2019621235387306,-0.1504480779625935,-0.15044803615169136,0.05816088410378607,0.05816132011860032,0.03783374420038644
21.619999999998896,10810,0.000131267698615847,0.00010235318215764335,1.776714470755744,1.7767182894668199,0.5802152828759763,0.580084310682456,-0.1378175193543616,-0.13782545097904364,5.385294701910567e-07,2.303607239996808e-05,1.2019600392131353,1.201960357791697,-0.15040391220985838,-0.15040385016276778,0.058159278443998416,0.05815970817862444,0.0377764597663719
21.639999999998885,10820,0.00013191606989691767,9.603340701369009e-05,1.7767104830092102,1.776713876501419,0.5810050282796083,0.5808733912446574,-0.13777358523742206,-0.13778146081594142,5.502431324732769e-07,2.2845425764212974e-05,1.201958256177631,1.2019585919940408,-0.15035975978959487,-0.1503596640588544,0.05815767109262671,0.058158096334286334,0.03771905627457673
21.659999999998874,10830,0.00013233677613857375,9.038717360716548e-05,1.776706765284547,1.77670967405015,0.5817569051058746,0.5816248298598571,-0.1377317787105111,-0.13773956913994864,5.7103621473503e-07,2.271743917865515e-05,1.2019564670963117,1.2019568261457565,-0.15031561678841132,-0.15031547783995092,0.058156062852042216,0.05815648458558374,0.037661437411248715
21.679999999998863,10840,0.00013256921162742053,8.482918968222207e-05,1.7767032248052228,1.7767056816206799,0.5824710367130017,0.5823387145619833,-0.13769206336665457,-0.1376997710432941,5.920651904010157e-07,2.2845425764212974e-05,1.2019546803587704,1.2019550602468403,-0.15027146985678214,-0.1502712915060574,0.05815445529958581,0.058154872932514375,0.03760360521178017
21.69999999999885,10850,0.00013260577294958213,7.906515584727801e-05,1.7766998437964556,1.7767018983582745,0.583147568463709,0.5830151981856742,-0.13765443047078013,-0.13766205800565554,6.123786489313054e-07,2.2329078268013787e-05,1.2019528959474726,1.201953294297287,-0.15022731849846452,-0.15022710505717407,0.05815284813440697,0.05815326137507597,0.037545565411574104
21.71999999999884,10860,0.00013243585286410803,7.353365609537607e-05,1.7766966259455423,1.7766983230376685,0.5837867095873505,0.5836544998201434,-0.13761887112792834,-0.1376264178131087,6.316103080486964e-07,2.2588727439225648e-05,1.2019511135198833,1.2019515282970923,-0.15018316313355923,-0.150182918493301,0.05815124120482226,0.058151649913266226,0.037487326766791125
21.73999999999883,10870,0.00013205063147128023,6.805598912381584e-05,1.7766935780867616,1.7766949540549344,0.5843887386905301,0.5842569062630472,-0.137585372101616,-0.13759283447707613,6.495454402956479e-07,2.2813496432377448e-05,1.2019493328089514,1.2019497622462516,-0.1501390042211363,-0.15013873181443826,0.05814963445863329,0.058150038547082894,0.03742890030747685
21.75999999999882,10880,0.000131442507943605,6.276252614848079e-05,1.7766907054478576,1.7766917894193512,0.584954004581259,0.5848227734743507,-0.13755391560419625,-0.13756128815327617,6.660803899298502e-07,2.3067693653563172e-05,1.2019475536023696,1.2019479961447603,-0.1500948421674655,-0.15009454502058608,0.05814802787315575,0.058148427276523675,0.0373567704527238
21.779999999998807,10890,0.0001305739013240193,5.7349190307453494e-05,1.776688059292298,1.7766888267452747,0.5854828978330058,0.5853525280301957,-0.1375244977031531,-0.13753175506067183,6.874307016296779e-07,2.290915092499722e-05,1.201945771922568,1.2019462299926138,-0.15005068380059433,-0.15005035811174453,0.058146420299141,0.058146816101586306,0.037284556788809375
21.799999999998796,10900,0.00012945273639532613,5.1862796203393146e-05,1.7766856261276118,1.7766860632440054,0.5859759244480566,0.5858466685767654,-0.13749708422512721,-0.1375042074004198,7.120384800794937e-07,2.290915092499722e-05,1.2019439888122674,1.2019444637898073,-0.15000652758025992,-0.15000617108791417,0.058144812201264655,0.0581452050222685,0.03721224389159974
21.819999999998785,10910,0.0001281020916468988,4.698082950943175e-05,1.7766833566290443,1.7766834957156585,0.5864336786277902,0.5863057672841531,-0.13747162652248518,-0.13747861327481914,7.343746525933453e-07,2.313080647644551e-05,1.2019422075069748,1.2019426975363365,-0.14996236795764803,-0.14996198394909455,0.058143204532745386,0.05814359403856799,0.037139848668670934
21.839999999998774,10920,0.0001265140377659163,4.2363006018236644e-05,1.7766812431772245,1.776681120541033,0.5868567998573884,0.5867304713002273,-0.13744808953697552,-0.13745493660626054,7.543091888525653e-07,2.3099271619960363e-05,1.2019404279047632,1.2019409312321967,-0.1499182049165251,-0.14991779669528593,0.05814159714625071,0.05814198315048249,0.03705399227927373
21.859999999998763,10930,0.0001246774212033366,3.844826267024927e-05,1.7766793181350353,1.7766789336734814,0.5872460010697471,0.5871215042044985,-0.13742644063246576,-0.137433137056175,7.747583219022607e-07,2.3099271619960363e-05,1.2019386481308052,1.2019391648773832,-0.14987404181613959,-0.1498736093264888,0.05813999002813452,0.05814037235800972,0.03696815540964593
21.879999999998752,10940,0.00012258537888002266,3.5160550743713684e-05,1.7766775721566088,1.776676930630777,0.5876020768595651,0.5874796674619872,-0.13740663519499144,-0.1374131699439828,7.951795396350601e-07,2.3319120084582497e-05,1.2019368685267346,1.2019373984718913,-0.14982987814281962,-0.1498294218427029,0.05813838316565909,0.05813876166114742,0.036882341217134997
21.89999999999874,10950,0.00012023270658852618,3.1968094618311744e-05,1.7766759738990794,1.7766751064869855,0.5879259028230184,0.5878058418770891,-0.13738862058732404,-0.13739498616604248,8.132828887068526e-07,2.2972699315936647e-05,1.2019350904112194,1.2019356320157168,-0.14978571149820186,-0.14978523424392837,0.05813677646413275,0.05813715105989329,0.03679656819668539
21.91999999999873,10960,0.00011761278057763416,2.9078482582128638e-05,1.776674519179294,1.7766734558643325,0.5882184341238189,0.5881009890474419,-0.13737234425945483,-0.13737853211459966,8.291411757942729e-07,2.3287840231354886e-05,1.2019333136601789,1.2019338655088547,-0.14974154203438994,-0.14974104653016562,0.05813516986071663,0.058135540554245066,0.03672411765025745
21.93999999999872,10970,0.00011472058352514768,2.6036596903232025e-05,1.776673183867078,1.7766719729250735,0.588480709767987,0.5883661528177926,-0.13735774534274792,-0.1373637495967361,8.405348342104778e-07,2.3099271619960363e-05,1.2019315395119836,1.2019320989513007,-0.14969736758574698,-0.14969685870141494,0.05813356331563749,0.05813393014420047,0.036651678050004424
21.959999999998708,10980,0.00011154925980775552,2.3412708902503816e-05,1.776671974333436,1.776670651363363,0.588713850628999,0.588602460733864,-0.13734476383662314,-0.1373505757533185,8.483946105340667e-07,2.313080647644551e-05,1.2019297673506917,1.2019303323430501,-0.1496531891710951,-0.14965267075767585,0.058131956780756645,0.058132319829757216,0.03657927602614625
21.979999999998697,10990,0.00010809152451801688,2.1463536648682345e-05,1.7766709120695043,1.776669484397123,0.5889190621303432,0.5888111254962208,-0.1373333374058499,-0.1373389429779474,8.551474978334511e-07,2.3350358035739973e-05,1.2019279957636062,1.2019285656840981,-0.14960900933415403,-0.14960848269894864,0.058130350273694814,0.05813070961091303,0.03650692724840538
21.999999999998685,11000,0.00010434169105869908,1.9469034601067135e-05,1.776669995523354,1.7766684647599131,0.5890976378567212,0.5889934464141365,-0.1373233947344583,-0.13732877883590636,8.610774288412969e-07,2.347489416183844e-05,1.2019262246147733,1.2019267989744404,-0.14956482844690255,-0.14956429452523373,0.05812874382917387,0.058129099487665634,0.03643464772224325
22.019999999998674,11010,0.00010029431270021744,1.8311404696405027e-05,1.7766692171511906,1.7766675846928,0.5892509597050775,0.5891508108594606,-0.13731485885175115,-0.13732000598311045,8.663122747182996e-07,2.356786440354151e-05,1.2019244538412113,1.2019250322140722,-0.1495206466690923,-0.1495201062365312,0.0581271374451864,0.05812748946001275,0.03637558872029943
22.039999999998663,11020,9.596268324346003e-05,1.7245382313122805e-05,1.7766685459373806,1.7766668359362245,0.5893805177028107,0.5892846957204845,-0.13730763696789133,-0.13731254208505556,8.66718536891465e-07,2.3193747562800386e-05,1.2019226857161829,1.201923265402989,-0.14947646037115736,-0.14947591783284145,0.05812553194140924,0.058125879527952104,0.036316574056005614
22.059999999998652,11030,9.133162328255705e-05,1.6555285230907042e-05,1.7766679790456632,1.7766662097218737,0.589487864727947,0.5893966688558077,-0.13730164701511166,-0.1373062997357672,8.638941697744353e-07,2.2972699315936647e-05,1.201920919323418,1.2019214985411864,-0.1494322709056703,-0.14943172931416385,0.05812392691086138,0.058124269691481406,0.036257629058955874
22.07999999999864,11040,8.637731147654576e-05,1.5972642350651042e-05,1.776667530468407,1.7766656967645478,0.5895746373102354,0.5894883905482066,-0.13729680762034888,-0.1373011863767492,8.61890416050477e-07,2.3193747562800386e-05,1.2019191524448432,1.2019197316286592,-0.14938808188840755,-0.14938754068049903,0.05812232157921026,0.058122659950598385,0.03619876688742051
22.09999999999863,11050,8.109599980474829e-05,1.5462498375200197e-05,1.7766671948168045,1.7766652872540307,0.5896425856412925,0.5895616149584986,-0.137293021212567,-0.13729710421593305,8.608847258676308e-07,2.3287840231354886e-05,1.2019173850200953,1.2019179646654035,-0.14934389358438668,-0.14934335193184686,0.0581207160204611,0.05812105030530076,0.03614000054908215
22.11999999999862,11060,7.548486492933823e-05,1.5509568494356516e-05,1.7766669607488037,1.7766649708469582,0.5896935561643712,0.5896181915794101,-0.13729018392070677,-0.13729395014662646,8.608612801483087e-07,2.3350358035739973e-05,1.201915617073305,1.201916197651414,-0.14929970601779588,-0.14929916306820779,0.05811911027571148,0.058119440755586255,0.03609437554343878
22.139999999998608,11070,6.955698543692477e-05,1.5649929441225564e-05,1.7766667973254162,1.7766647366586883,0.5897295079780748,0.589660066689443,-0.13728817541808866,-0.13729161566646245,8.558969666254265e-07,2.3225154141253322e-05,1.201913852086394,1.201914430586687,-0.14925551412424098,-0.14925497408958183,0.058117505326614013,0.05811783130145259,0.036048822639703576
22.159999999998597,11080,6.329823268492812e-05,1.5926940848252804e-05,1.7766666966668454,1.7766645732551691,0.5897524714517595,0.5896892848067412,-0.1372868875585023,-0.1372899867963482,8.485644019077322e-07,2.325651830698318e-05,1.201912088502948,1.201912663471217,-0.1492113200166592,-0.14921078499596913,0.0581159006550281,0.058116221942897485,0.036016375603271894
22.179999999998586,11090,5.673034094337311e-05,1.6018213462801612e-05,1.7766666497117405,1.7766644686448092,0.5897646116045809,0.5897079901429568,-0.13728618998159603,-0.13728894399941413,8.346722729871607e-07,2.2877310533063834e-05,1.2019103286713502,1.201910896305,-0.14916712058602882,-0.1491665957873702,0.058114297947952136,0.058114612679918666,0.03598399117971589
22.199999999998575,11100,4.982202491686627e-05,1.6154155476968805e-05,1.7766666512243503,1.7766644102703464,0.5897681422081485,0.5897184280571182,-0.1372859713931012,-0.13728836209996254,8.193696746286871e-07,2.313080647644551e-05,1.2019085696326277,1.201909129088031,-0.1491229199628451,-0.14912240646378436,0.058112695786938055,0.05811300351251384,0.03596469530111216
22.219999999998564,11110,4.2578335177447115e-05,1.6422663987382993e-05,1.7766666934109858,1.7766643850007162,0.5897654144020246,0.5897229465094947,-0.13728609427270919,-0.1372881102024168,8.001768072179556e-07,2.3350358035739973e-05,1.201906812424038,1.2019073618203058,-0.1490787155517177,-0.1490782170252121,0.058111094577400345,0.058111394440680746,0.035945457110791376
22.239999999998552,11120,3.495841569821903e-05,1.728759873446386e-05,1.77666676900136,1.7766643791229222,0.5897588370890681,0.5897239975154646,-0.13728644430808704,-0.13728805161027013,7.858635056274164e-07,2.359877309145089e-05,1.2019050523404302,1.2019055945018196,-0.14903451494659056,-0.14903402747165365,0.05810949218867096,0.058109785464417085,0.03595227697894434
22.25999999999854,11130,2.701403736858263e-05,1.7203062292734435e-05,1.7766668623451254,1.7766643924787018,0.5897509545537079,0.5897240757791433,-0.1372868807686628,-0.13728797138899537,7.825386062474601e-07,2.347489416183844e-05,1.2019032847739641,1.2019038271325677,-0.14899032246546168,-0.14898983780310915,0.05810788793822968,0.0581081765837206,0.0359462115741528
22.27999999999853,11140,1.9302454908915597e-05,1.7329712313881724e-05,1.7766670024988693,1.77666459683421,0.5897441281104744,0.5897249790262437,-0.1372871012233676,-0.1372867693857833,8.086591004706101e-07,2.3287840231354886e-05,1.201901500846989,1.2019020597125456,-0.14894615421884183,-0.14894564801957863,0.05810627563230676,0.058106567798588984,0.03592740416149849
22.29999999999852,11150,1.2690082668303254e-05,1.6860678551682353e-05,1.7766673887300035,1.7766652726737555,0.589740123557317,0.5897279662229905,-0.13728575383357702,-0.1372827941501213,8.539988240358274e-07,2.3722005120437366e-05,1.2018997082715,1.2019002922417485,-0.14890200230546707,-0.14890145812106237,0.05810465553683108,0.058104959109019985,0.03590880519106331
22.319999999998508,11160,8.83936805345543e-06,1.578904266095767e-05,1.7766683118713775,1.776666692026806,0.5897401089335068,0.5897342397339793,-0.13728085366983994,-0.13727444562582833,9.011040419564108e-07,2.290915092499722e-05,1.2018979159357583,1.2018985247201723,-0.14885785076131558,-0.14885726810756086,0.058103031321286705,0.05810335051501131,0.03589040091999839
22.339999999998497,11170,1.0442438247928921e-05,1.5177012312529227e-05,1.7766700661684578,1.77666911639117,0.5897450519728893,0.5897449553740904,-0.1372705844101757,-0.13726018570312445,9.541514907723737e-07,2.3162298399097643e-05,1.2018961207259318,1.201896757147812,-0.1488137022389525,-0.1488130779790733,0.05810140191089936,0.058101742016560674,0.03585923363325231
22.359999999998486,11180,1.557116021719512e-05,1.5032236230862699e-05,1.7766729811366413,1.7766727968668605,0.5897560640088155,0.5897612230001623,-0.13725322796846445,-0.13723853743125708,9.884449249436704e-07,2.3162298399097643e-05,1.2018943326622138,1.2018949895246633,-0.14876953817053948,-0.14876888773560035,0.058099783628691865,0.058100133613665804,0.035828258223509823
22.379999999998475,11190,2.1609793983527335e-05,1.4738418260860163e-05,1.7766773430293281,1.7766779742899574,0.5897741210902282,0.5897841071026642,-0.13722723793211852,-0.1372080842311274,1.006748373494074e-06,2.3350358035739973e-05,1.2018925506673335,1.2018932218507212,-0.14872536111141707,-0.14872469737714208,0.05809817528923949,0.058098525306324415,0.035797476461752256
22.399999999998464,11200,2.784857665810713e-05,1.4688877218970437e-05,1.7766833922651175,1.7766848793664716,0.5898001112834131,0.5898146273973693,-0.13719118859752055,-0.13716746910791694,1.0266225501195546e-06,2.290915092499722e-05,1.2018907676256427,1.2018914541259813,-0.14868118460595406,-0.1486805069036993,0.05809656582426871,0.05809691709453424,0.03576690108394549
22.419999999998453,11210,3.405947150641661e-05,1.493493918113918e-05,1.7766913676598928,1.7766937328062076,0.5898349701286959,0.5898537594170282,-0.13714370316123553,-0.13711539386371385,1.0480306746599647e-06,2.2972699315936647e-05,1.2018889836029976,1.2018896863504391,-0.14863700867575147,-0.14863631631527097,0.05809495521100587,0.05809530897829298,0.0357236381333241
22.43999999999844,11220,4.007501538486949e-05,1.3766686389570068e-05,1.7767015410712252,1.7767047454566274,0.5898796734763432,0.5899024351030415,-0.1370834458461775,-0.13705061831013932,1.058394602429715e-06,2.3225154141253322e-05,1.2018872087159418,1.20188791852409,-0.14859282427253628,-0.14859212561185772,0.05809334284479022,0.05809370095759836,0.035680647944619205
22.45999999999843,11230,4.58710750570172e-05,1.2605816820395112e-05,1.7767141214519757,1.7767181184367136,0.5899350651426324,0.589961543397133,-0.13700920302643482,-0.13697195948097401,1.0607431743681518e-06,2.3287840231354886e-05,1.2018854406346333,1.2018861506469292,-0.14854863389235967,-0.14854793479345976,0.05809172927518033,0.05809209303244811,0.03563795732305889
22.47999999999842,11240,5.148579804813714e-05,1.2313298636799924e-05,1.7767292689063554,1.7767340432708327,0.5900019135543405,0.5900319308330229,-0.13691984750279507,-0.13687829084478462,1.0648037738628866e-06,2.3412708902503816e-05,1.2018836714670078,1.2018843827189523,-0.14850444466641438,-0.14850374386007725,0.05809011534039769,0.05809048520283994,0.035595607856018174
22.49999999999841,11250,5.6902935041902804e-05,1.1706354451251847e-05,1.776747161257229,1.7767527020225986,0.5900810122266043,0.5901144021281002,-0.1368142838219694,-0.13676854151755002,1.0701237118704761e-06,2.3067693653563172e-05,1.2018819014506223,1.2018826147401547,-0.1484602561163325,-0.1484595528117107,0.05808850097785441,0.058088877468771574,0.035553646400249606
22.519999999998397,11260,6.210809265297329e-05,1.0663629423853027e-05,1.7767679739180189,1.7767742674287355,0.5901731199911696,0.5902097207750968,-0.13669147689262173,-0.1366416954752879,1.0762431443010884e-06,2.325651830698318e-05,1.2018801308971956,1.2018808467105315,-0.14841606785831624,-0.14841536164835947,0.0580868861922985,0.05808726983024073,0.03551212685812513
22.539999999998386,11270,6.709284814346117e-05,1.1066171232981577e-05,1.7767918740030642,1.7767989030329412,0.5902789549306059,0.5903186096337598,-0.13655045218232362,-0.13649679076668106,1.0829586763801112e-06,2.3099271619960363e-05,1.201878359950218,1.2018790786300786,-0.14837187974625005,-0.148371170370024,0.05808527102758354,0.05808566228724511,0.03547111032867513
22.559999999998375,11280,7.185259682187408e-05,1.2074182697257354e-05,1.776819018853397,1.776826763319751,0.5903991953731379,0.5904417515225248,-0.1363902928754606,-0.1363329187257039,1.0901693736095826e-06,2.3412708902503816e-05,1.2018765886834823,1.201877310498791,-0.14832769172350077,-0.1483269789767045,0.058083655535477736,0.05808405483978246,0.03543066491061586
22.579999999998364,11290,7.638506799342238e-05,1.2663509647306462e-05,1.7768495559211634,1.776857993848401,0.590534480781114,0.5905797898101887,-0.13621013764788933,-0.13614922318424885,1.0978040340382507e-06,2.3287840231354886e-05,1.201874817148552,1.2018755423166643,-0.14828350375548616,-0.14828278746840107,0.05808203976525129,0.058082447487850485,0.0353908654185
22.599999999998353,11300,8.068956248034102e-05,1.3499346641909611e-05,1.7768836230317262,1.7768927313866902,0.5906854122847477,0.5907333290075831,-0.13600917900518952,-0.13594489968475262,1.1057971806378853e-06,2.2877310533063834e-05,1.2018730453907507,1.2018737740836938,-0.14823931580796829,-0.14823859584511437,0.058080423761173824,0.05808084023144691,0.035351793056324764
22.619999999998342,11310,8.476651144103959e-05,1.5649929441225564e-05,1.776921348714268,1.7769311040448454,0.5908525531347336,0.5909029353592474,-0.13578666191775654,-0.13571919469282287,1.1140833291784394e-06,2.3225154141253322e-05,1.2018712734533923,1.201872005799875,-0.14819512784236416,-0.14819440410684354,0.058078807562414785,0.05807923307056945,0.035300745850970594
22.63999999999833,11320,8.858334654696809e-05,1.651119651020547e-05,1.77696290722611,1.7769732314093833,0.5910364629132647,0.5910891374351013,-0.1355418733508915,-0.1354714048098644,1.1129928533311282e-06,2.3412708902503816e-05,1.2018695057822357,1.2018702374652033,-0.14815093352102918,-0.1481502122535892,0.05807719802576934,0.05807762600521582,0.03525064560787151
22.65999999999832,11330,9.215570832271586e-05,1.728759873446386e-05,1.7770083991565606,1.777019224676975,0.5912376161671031,0.5912924267221183,-0.13527416504179965,-0.13520087598570568,1.1058333546921673e-06,2.2749503328951236e-05,1.2018677408922378,1.201868469079674,-0.14810673535034707,-0.14810602028535186,0.05807559325079169,0.058076019035383744,0.03520157535504243
22.67999999999831,11340,9.551727105840651e-05,1.8587967992817196e-05,1.7770578754204205,1.7770691867883075,0.5914564341875231,0.5915132582159988,-0.13498294107341666,-0.1349070027312253,1.1007654008309192e-06,2.3099271619960363e-05,1.2018659750479412,1.2018667006432824,-0.1480625387054505,-0.1480618282021309,0.05807398744834282,0.05807441216107093,0.035153639206126575
22.699999999998298,11350,9.866934799109757e-05,1.9913252241518953e-05,1.7771114206978025,1.7771232125619492,0.5916933355749322,0.5917520510128427,-0.1346676434614867,-0.13458922733097828,1.097158927781565e-06,2.3350358035739973e-05,1.2018642085164248,1.2018649321560244,-0.1480183429041945,-0.14801763600392698,0.05807238065241447,0.05807280538227511,0.03510694352114605
22.719999999998286,11360,0.00010161170252096756,2.1800504449438904e-05,1.7771691227820987,1.7771813888282115,0.5919487051736317,0.5920091889008231,-0.13432776204478486,-0.13424703905582255,1.0945463503178255e-06,2.3287840231354886e-05,1.2018624415103076,1.2018631636178947,-0.14797414754803673,-0.14797344369074,0.05807077304978214,0.058071198698994,0.03506159812072868
22.739999999998275,11370,0.00010434549501413913,2.4208661032430873e-05,1.7772310634263035,1.777243794563013,0.592222891784931,0.5922850209518588,-0.13396283390357108,-0.13387997337554539,1.0927260933320103e-06,2.3099271619960363e-05,1.2018606741277365,1.2018613950288894,-0.14792995248843033,-0.14792925126257073,0.058069164754072,0.05806959211122531,0.03503043116158584
22.759999999998264,11380,0.00010691217021938043,2.71870272589746e-05,1.7772972507598033,1.7773105010217427,0.5925161707185347,0.5925798621132874,-0.13357245248768654,-0.13348761117148972,1.1024681047148803e-06,2.3004407680670755e-05,1.2018589014539807,1.2018596263890033,-0.14788576469034387,-0.14788505871941826,0.058067548000197734,0.05806798561896676,0.0350008081581934
22.779999999998253,11390,0.0001092982537294756,3.106610012989557e-05,1.7773677584954097,1.7773815718731227,0.5928288389004054,0.592893993799539,-0.13315623900146698,-0.13306957794918073,1.1196067173066365e-06,2.3319120084582497e-05,1.2018571253746695,1.2018578576982324,-0.1478415809076929,-0.14784086606128338,0.058065925112084645,0.05806637922221607,0.034972859208921
22.799999999998242,11400,0.00011146959543629673,3.442730410399426e-05,1.7774427047794599,1.7774570633330724,0.5931611795601448,0.5932276644838081,-0.13271385532399704,-0.1326255430509521,1.134592583370493e-06,2.303607239996808e-05,1.2018553502652682,1.2018560889565715,-0.1477973948822581,-0.14779667328816648,0.05806430288112616,0.05806477292097097,0.03494670336071915
22.81999999999823,11410,0.00011343030270872731,3.806720011767522e-05,1.7775221540118165,1.777537024298571,0.5935134050937491,0.5935810902897278,-0.13224501877051978,-0.13215521886857248,1.1481334418224842e-06,2.2749503328951236e-05,1.2018535758513786,1.2018543201640164,-0.14775320747999954,-0.14775248040006692,0.05806268136600529,0.05806316671522915,0.034922463219265155
22.83999999999822,11420,0.00011518711899207512,4.140582133719165e-05,1.7776061482383494,1.7776214964815216,0.5938856941157112,0.5939544555830423,-0.1317494883414023,-0.13165836005587192,1.1607428864626279e-06,2.2781522350186147e-05,1.2018518019132352,1.2018525513205625,-0.1477090191970444,-0.14770828739698527,0.05806106042364153,0.05806156060498835,0.03490026175775384
22.85999999999821,11430,0.00011674558926535962,4.504819150942734e-05,1.7776947184007912,1.7777105145426135,0.5942781956124699,0.5943479135632795,-0.13122706345561988,-0.13113476274136834,1.1725898990868707e-06,2.3225154141253322e-05,1.2018500283763756,1.2018507824262048,-0.14766483017880527,-0.1476640942789216,0.05805943997651961,0.05805995459024628,0.03488022148842369
22.879999999998198,11440,0.00011811051493155922,4.835706401778733e-05,1.7777878881222697,1.7778041062251873,0.5946910288675297,0.5947615868554252,-0.13067758382029418,-0.13058426374089385,1.183712922691128e-06,2.2972699315936647e-05,1.2018482552227752,1.2018490134809392,-0.14762064044176337,-0.1476199010458761,0.0580578199796333,0.058058348671000654,0.034862464053874
22.899999999998187,11450,0.00011928634148239535,5.19330234477546e-05,1.7778856748520742,1.7779022924890955,0.5951242835766192,0.5951955681015951,-0.1301009289516755,-0.13000673977022117,1.1941151441386978e-06,2.2781522350186147e-05,1.2018464824501458,1.2018472444847608,-0.14757644996899744,-0.14757570769784936,0.05805620040115437,0.058056742847249196,0.034847109780410154
22.919999999998176,11460,0.00012027729835337898,5.543614808918902e-05,1.7779880901506238,1.7780050876445685,0.5955780202692321,0.5956499205527085,-0.12949701747337938,-0.1294021066576901,1.2037959688161931e-06,2.3099271619960363e-05,1.2018447100582748,1.2018454754376653,-0.14753225874151077,-0.1475315142348406,0.058054581215273904,0.05805513711898962,0.03483427723739651
22.939999999998165,11470,0.00012108745168752365,5.9101860138662303e-05,1.7780951397338243,1.7781124994860762,0.5960522708384068,0.5961246786601607,-0.1288658063429995,-0.128770318556834,1.2127589973460003e-06,2.290915092499722e-05,1.2018429380454698,1.2018437063396477,-0.14748806674602105,-0.14748732065685047,0.0580529623997662,0.05805353148621964,0.03482408271410115
22.959999999998153,11480,0.00012172073689881979,6.277413916109724e-05,1.7782068234746637,1.7782245294261918,0.5965470390975683,0.596619848667497,-0.12820729006345785,-0.12811136715900595,1.221012838423038e-06,2.2845425764212974e-05,1.201841166408102,1.2018419371907036,-0.14744387397563313,-0.14744312696387937,0.05805134393521534,0.05805192594893699,0.03481663976374788
22.979999999998142,11490,0.0001221809857613174,6.663811328807304e-05,1.7783231354172573,1.7783411726294558,0.5970623013449978,0.5971354092020846,-0.1275214998931644,-0.12742528090600547,1.2285701912654207e-06,2.3099271619960363e-05,1.2018393951409276,1.2018401679908286,-0.1473996804288682,-0.14739893315592678,0.05804972580477979,0.058050320507139354,0.03481205869776934
22.99999999999813,11500,0.00012247194935618595,7.038326837874134e-05,1.7784440638143473,1.7784624181462378,0.5975980069331045,0.5976713118667867,-0.126808503057117,-0.1267121242027048,1.235446851290904e-06,2.2940947124789083e-05,1.2018376242374524,1.2018383987400179,-0.1473554861086565,-0.1473547392329932,0.05804810799409113,0.05804871516082447,0.034810446123364494
23.01999999999812,11510,0.0001225973167258418,7.438127749821777e-05,1.7785695911870154,1.7785882490466014,0.5981540788421208,0.598227481831635,-0.12606840195875219,-0.1259719966296753,1.2416609493562149e-06,2.2459278078588273e-05,1.201835853690205,1.201836629438267,-0.14731129102158053,-0.14731054519507913,0.05804649049115982,0.05804710990999007,0.03481190447944024
23.03999999999811,11520,0.00012256072949983225,7.844502740342314e-05,1.7786996944027438,1.7787186425541663,0.5987304142577929,0.5988038184255028,-0.12530133339223382,-0.1252050321558138,1.247232409688299e-06,2.271743917865515e-05,1.201834083490929,1.201834860085571,-0.1472670951773411,-0.147266351042184,0.058044873286254954,0.05804550475463383,0.03481653162304061
23.059999999998098,11530,0.00012236579306894763,8.265305017133616e-05,1.7788343447678607,1.7788535701799726,0.5993268851523754,0.5994001957277779,-0.1245074677549264,-0.12441139835096927,1.252182600233724e-06,2.265317472408141e-05,1.2018323136306772,1.2018330906819257,-0.14722289858840887,-0.14722215677430828,0.058043256371769485,0.0580438996947535,0.03482442039414355
23.079999999998087,11540,0.00012201608499824456,8.68418331004392e-05,1.7789735081309284,1.778992997856343,0.5999433388682722,0.6000164631600362,-0.12368700825998619,-0.12359129559856892,1.256534072401035e-06,2.236169929091153e-05,1.2018305440998929,1.2018313212273264,-0.14717870126978472,-0.14717796239145245,0.05804163974207416,0.05804229473034679,0.0348356582203454
23.099999999998076,11550,0.0001215151612798273,9.113408817973768e-05,1.7791171449942282,1.779136886070747,0.6005795987036993,0.6006524460777143,-0.12284019014896261,-0.12274495630824485,1.260310395065815e-06,2.2845425764212974e-05,1.2018287748884346,1.2018295517217683,-0.14713450323885152,-0.14713376789361593,0.058040023393371575,0.05804068986141141,0.03485032676169226
23.119999999998065,11560,0.00012086656095715306,9.559215160110743e-05,1.7792652106311424,1.7792851899996645,0.60123546449989,0.6013079463617824,-0.12196727990439986,-0.12187264412846036,1.263535998166438e-06,2.265317472408141e-05,1.2018270059855891,1.201827782165247,-0.1470903045152324,-0.1470895732807993,0.058038407323560325,0.058039085087945065,0.03486850153505876
23.139999999998054,11570,0.00012007380951903813,0.0001002084425192378,1.7794176552077343,1.7794378596424476,0.6019107132294651,0.6019827430104179,-0.12106857446239726,-0.12097465315913636,1.26623606309823e-06,2.2132342465963256e-05,1.2018252373800944,1.2018260125577578,-0.14704610512073796,-0.147045378553003,0.05803679153210132,0.0580374804099455,0.03489025159092272
23.159999999998043,11580,0.00011914042142292447,0.00010483005400588018,1.7795744239072193,1.7795948399551855,0.6026050995856365,0.6026765927306779,-0.12014440042512073,-0.12005130716427784,1.2684364069273094e-06,2.271743917865515e-05,1.201823469060122,1.2018242428992962,-0.14700190507927574,-0.14700118371022636,0.05803517601990449,0.058035875827410405,0.034928739158292865
23.17999999999803,11590,0.00011822708112838541,0.00010923632599545797,1.7797352703472618,1.779756070984567,0.6033182250005833,0.6033892305301727,-0.1191951715330007,-0.11910295878460025,1.2870698281010283e-06,2.2000207897163392e-05,1.2018216838054503,1.2018224731898577,-0.14695771610239333,-0.14695698875247046,0.05803356114100671,0.05803427134033751,0.034957550644633226
23.19999999999802,11600,0.00011711632947117172,0.00011391401087523407,1.7799003483208309,1.7799214880017438,0.6040499920303852,0.6041203703087387,-0.11822118220636697,-0.11812998875015597,1.2980977022931073e-06,2.2588727439225648e-05,1.2018199052362895,1.2018207034294373,-0.1469135201646231,-0.1469127936797346,0.05803194572403675,0.05803266694872452,0.035003519759528014
23.21999999999801,11610,0.00011588266072260976,0.00011861617104018453,1.7800695371759383,1.7800910216361943,0.6048000294871311,0.604869705450111,-0.11722287433969043,-0.11713280509296058,1.30963995899384e-06,2.23942727958561e-05,1.2018181255436646,1.201818933618031,-0.1468693237375433,-0.14686859849201928,0.0580303304015394,0.05803106265256916,0.035053076210173596
23.239999999998,11620,0.0001146220702935991,0.0001232986308946437,1.7802426431948173,1.7802645980095864,0.6055679348080895,0.6056369094135973,-0.11620071704050153,-0.11611184235961947,1.3309039800703119e-06,2.219811480254158e-05,1.2018163351820743,1.2018171637556336,-0.14682513266894356,-0.14682440318932508,0.058028715060486916,0.058029458451869145,0.03510640637895336
23.259999999997987,11630,0.0001132011371497748,0.00012809450289788537,1.7804197307156913,1.780442138869641,0.606353476211643,0.6064216363257502,-0.11515511978085444,-0.11506756082395414,1.3468703405397162e-06,2.2491710265994076e-05,1.2018145490907606,1.201815393842241,-0.14678093581863041,-0.14678020777165118,0.05802709909683122,0.058027854346622186,0.03516354748382573
23.279999999997976,11640,0.00011161909350232833,0.00013304083823632978,1.780600763246673,1.7806235617239954,0.6071562855522115,0.6072235215720407,-0.11408657565436897,-0.11400044569962861,1.358759779619714e-06,2.219811480254158e-05,1.201812766647628,1.201813623877848,-0.1467367352653514,-0.1467360122389988,0.05802548312278687,0.058026250336826,0.03522453440402095
23.299999999997965,11650,0.00010988939497131303,0.00013807924683809577,1.780785662168749,1.7808087799740666,0.6079759669123846,0.6080421823885312,-0.1129956039704914,-0.1129110063527759,1.3677686518034901e-06,2.2263692832568247e-05,1.2018109870026674,1.2018118538624507,-0.146692532487454,-0.14669181659136704,0.05802386742440793,0.0580246464224783,0.035289388141648
23.319999999997954,11660,0.00010802338823642716,0.00014329160630934787,1.7809743311585866,1.7809977030489144,0.608812110561484,0.6088772184535481,-0.11188274399984345,-0.11179977551462437,1.3745012762592282e-06,2.2230927998283902e-05,1.2018092096911233,1.2018100837960444,-0.14664832814815112,-0.14664762082875654,0.05802225210144564,0.058023042603576803,0.03535811604509165
23.339999999997943,11670,0.00010603027788880376,0.00014854189348316427,1.7811666664520882,1.7811902365391048,0.609664292514679,0.6097282124793555,-0.11074855570295611,-0.11066730849412426,1.3792674609065927e-06,2.186727491038013e-05,1.2018074344444192,1.201808313678624,-0.14660412252073637,-0.14660342495116782,0.058020637180275836,0.05802143888011923,0.03543071348545813
23.35999999999793,11680,0.00010391795550648967,0.00015378357103418074,1.7813625609663826,1.7813862823305737,0.6105320738313676,0.6105947308038276,-0.10959362005267263,-0.10951418239057394,1.3822624055031443e-06,2.1767042412140833e-05,1.2018056610738133,1.2018065435101852,-0.14655991572970556,-0.14655922895860019,0.0580190226631199,0.05801983525210328,0.03550716519541236
23.37999999999792,11690,0.00010169335960600774,0.00015908623486420115,1.7815619057484282,1.7815857387384892,0.6114150006456691,0.6114763239821227,-0.1084185386900964,-0.10834099530624641,1.3836431041093658e-06,2.2033315828455735e-05,1.2018038894216854,1.2018047732907235,-0.14651570785587986,-0.14651503285105463,0.05801740854746156,0.05801823171952669,0.03558744616340489
23.39999999999791,11700,9.9362651701236e-05,0.00016439078448245048,1.7817645903038064,1.7817885006411167,0.6123126045139154,0.6123725273783551,-0.10722393329445992,-0.1071483655590158,1.3835555339891716e-06,2.23942727958561e-05,1.2018021193438626,1.2018030030202342,-0.14647149897593917,-0.14647083662853055,0.05801579483299088,0.058016628282387156,0.03567152207584688
23.4199999999979,11710,9.693135941933639e-05,0.00016969274751623884,1.7819705025029997,1.7819944596136796,0.6132244028604871,0.6132828617572689,-0.10601044485742482,-0.10593693089498363,1.3821420768644528e-06,2.236169929091153e-05,1.201800350704044,1.2018012326987129,-0.1464272891744045,-0.14642664029102842,0.058014181523532354,0.0580150249406824,0.035759349547095115
23.439999999997887,11720,9.44045119386256e-05,0.0001748965264939121,1.7821795283707298,1.7822035040622257,0.6141498994598213,0.6142068338759108,-0.10477873292616074,-0.1047073477011053,1.3795419510213517e-06,2.2132342465963256e-05,1.2017985833724594,1.2017994623261548,-0.14638307854517243,-0.14638244383854881,0.058012568627063485,0.05801342169441014,0.035850876254071594
23.459999999997876,11730,9.17867622313043e-05,0.00018014016977601315,1.7823915518841367,1.7824155193574875,0.6150885849411735,0.6151439370753031,-0.10352947483452701,-0.10346029021781655,1.3758896255335198e-06,2.2263692832568247e-05,1.201796817225801,1.201797691902555,-0.1463388671896198,-0.14633824727109104,0.05801095615510855,0.05801181854356808,0.035946041009182424
23.479999999997865,11740,8.908249128242084e-05,0.0001853298550350155,1.7826064548242302,1.782630387968748,0.6160399373122486,0.6160936518721173,-0.10226336492859811,-0.10219644975165978,1.3713130232924807e-06,2.206637408534863e-05,1.2017950521473624,1.2017959214279097,-0.1462946552139782,-0.14629405058865602,0.0580093441220095,0.058010215488153945,0.03605933555803557
23.499999999997854,11750,8.656306796103145e-05,0.00018989507457812648,1.7828237817233126,1.7828479895977023,0.6170032196959107,0.617055446550346,-0.10098118293452488,-0.10091653388791055,1.4092413316919479e-06,2.206637408534863e-05,1.2017932727871388,1.2017941509022134,-0.1462504657032699,-0.14624985379124314,0.058007695773717345,0.05800861252816544,0.03616067580253763
23.519999999997843,11760,8.388230157194409e-05,0.00019448056646518465,1.7830437707682505,1.7830682013123216,0.6179781765001082,0.6180287777529774,-0.09968354653686463,-0.09962126570320395,1.4303253996904776e-06,2.173352885506333e-05,1.201791500660889,1.2017923803254622,-0.14620626271140594,-0.14620565687885345,0.05800605835507724,0.05800700966360029,0.03628086911412891
23.539999999997832,11770,8.11367059160906e-05,0.00019893109170057252,1.7832662343532466,1.7832908976807167,0.6189641706482293,0.6190130910736668,-0.09837123009421547,-0.09831138297816103,1.4514528451075492e-06,2.1531352099333316e-05,1.2017897296041875,1.2017906096976514,-0.14616205722526981,-0.14616145985148613,0.05800441932399342,0.0580054068944562,0.03638866349113224
23.55999999999782,11780,7.822791423483365e-05,0.0002034669962439261,1.7834912117358497,1.7835159509050011,0.6199606994582877,0.6200078216484111,-0.09704497046569173,-0.09698763741001523,1.4602019695622436e-06,2.2329078268013787e-05,1.2017879635734212,1.201788839018776,-0.14611784480186046,-0.14611726270914172,0.05800279083369262,0.058003804220730884,0.036515360989056694
23.57999999999781,11790,7.52717647148946e-05,0.0002077741973811513,1.7837184390581722,1.783743230955154,0.6209671029089362,0.6210123947472208,-0.09570556470976818,-0.09565079382523872,1.4712425680371136e-06,2.1800504449438904e-05,1.2017861973636152,1.2017870682888319,-0.1460736333503691,-0.14607306545182092,0.05800116071245322,0.05800220164242206,0.03664456372198912
23.5999999999978,11800,7.243962391018967e-05,0.00021145337970905186,1.783947534375293,1.783972605702884,0.6219826952377698,0.6220262263657937,-0.09435382104416473,-0.09430162939216898,1.5052493463086781e-06,2.1933842111273517e-05,1.2017844239608528,1.201785297507814,-0.14602943059451784,-0.14602886807952278,0.05799951000013532,0.05800059915952745,0.03676123014117559
23.619999999997788,11810,6.92692248520758e-05,0.00021574642119625903,1.7841789718703243,1.7842039410554922,0.6230071924752858,0.6230487238171877,-0.09299042942890669,-0.09294093283363503,1.499140447430262e-06,2.1699963539503996e-05,1.2017826650051233,1.2017835266757182,-0.14598520708812826,-0.14598467059224854,0.05799789354131725,0.057998996772044745,0.03689679559859598
23.639999999997777,11820,6.603624096129173e-05,0.00021977002668797889,1.7844123373617748,1.784437101089736,0.6240397837047023,0.6240792863234934,-0.09161626993093151,-0.09156950363958394,1.4955913106507747e-06,2.2132342465963256e-05,1.2017809054038555,1.2017817557925397,-0.1459409878603067,-0.14594047298999727,0.057996277098649636,0.057997394479971674,0.037034510645940835
23.659999999997765,11830,6.294567092563612e-05,0.0002230915602133095,1.7846471697165358,1.7846719481856914,0.6250797585312898,0.6251173056075082,-0.09023217856695091,-0.09018815127970728,1.5121434466885213e-06,2.1598954627055457e-05,1.2017791394862232,1.2017799848582738,-0.1458967762711896,-0.14589627527277022,0.05799464296851738,0.05799579228330595,0.037174671514589384
23.679999999997754,11840,5.982010651533344e-05,0.00022629994845076997,1.7848835255673527,1.7849083431606176,0.6261266357729337,0.6261621664844084,-0.08883892669408056,-0.08879769441606747,1.52116958967635e-06,2.1800504449438904e-05,1.201777377176525,1.201778213872916,-0.1458525565805564,-0.14585207744056658,0.05799301361035605,0.05799419018204528,0.037317143355238946
23.699999999997743,11850,5.663044002927113e-05,0.00022946665761742325,1.7851213520640052,1.7851461454028192,0.6271797995372791,0.6272132474534227,-0.08743734675394657,-0.08739896011572419,1.5232835143886918e-06,2.173352885506333e-05,1.20177561812142,1.201776442836462,-0.1458083315655836,-0.14580787949338692,0.05799138989888475,0.05799258817618738,0.03746181247918708
23.719999999997732,11860,5.337824205069521e-05,0.00023248994766076272,1.7853605410863274,1.78538521300551,0.6282386116425911,0.628269921289505,-0.08602828291038023,-0.08599278306336083,1.5200850932551874e-06,2.173352885506333e-05,1.201773861351197,1.2017746717489066,-0.14576410395527414,-0.14576368143123175,0.05798977161035638,0.057990986265729974,0.037608554798102906
23.73999999999772,11870,5.0072482938413135e-05,0.00023536295725726708,1.7856009563075022,1.785625402900676,0.6293024307153982,0.6293315556350078,-0.08461258324360409,-0.08458000477391095,1.5125662351243173e-06,2.186727491038013e-05,1.2017721062091784,1.2017729006102456,-0.14571987535214925,-0.14571948325410053,0.0579881584642596,0.057989384450670756,0.037757228619866336
23.75999999999771,11880,4.672599461659814e-05,0.0002380421367590378,1.7858424477051102,1.7858665709929398,0.6303706132497816,0.6303975135913549,-0.08319109977229981,-0.0831614728051846,1.5013107962837144e-06,2.1463536648682345e-05,1.2017703522981034,1.2017711294204743,-0.14567564659808946,-0.145675284961994,0.057986550158793684,0.05798778273100745,0.03790767605872675
23.7799999999977,11890,4.335484197766883e-05,0.00024053396316335685,1.7860848594964327,1.7861085722934222,0.6314425131399051,0.6314671543107148,-0.0817646887656452,-0.08173803997049478,1.4867026177372926e-06,2.1632676668865267e-05,1.2017685993681133,1.201769358179588,-0.14563141811811892,-0.1456310865549116,0.0579849463777558,0.05798618110673777,0.038059726454574935
23.799999999997688,11900,3.997829696593106e-05,0.0002428201895737864,1.7863280343673278,1.786351261053607,0.6325174817266016,0.6325398335876732,-0.0803342105295141,-0.08031056355128387,1.4690343724121118e-06,2.1361409804484527e-05,1.2017668472456193,1.2017675868875826,-0.14558719012928406,-0.1455868880328543,0.05798334680476567,0.05798457957785942,0.03821319952456202
23.819999999997677,11910,3.661951076330705e-05,0.0002448976447108251,1.7865718155592998,1.786594490899203,0.6335948681567732,0.6336149044509067,-0.07890052887510293,-0.07887990450975003,1.4485552451168337e-06,2.173352885506333e-05,1.2017650957953023,1.2017658155444528,-0.14554296275449793,-0.1455426893958214,0.05798175113642701,0.057982978144370124,0.03838407295839044
23.839999999997666,11920,3.36370762889804e-05,0.0002471376088270094,1.7868156372637538,1.7868381149640091,0.6346739345519589,0.6346917177548554,-0.0774645324842521,-0.07744692670147366,1.4292409334823566e-06,2.139550625045351e-05,1.201763341347924,1.2017640441501944,-0.1454987283714278,-0.14549849064381398,0.05798015521542106,0.05798137680626759,0.03855538387315376
23.859999999997655,11930,3.112342679915499e-05,0.00024937206800871816,1.787059288967001,1.7870819860237752,0.6357540797446881,0.6357696227713961,-0.07602705375373094,-0.0760124960880437,1.4097292348302043e-06,2.1800504449438904e-05,1.2017615902174312,1.201762272704803,-0.1454544756075029,-0.14545429177683125,0.05797855582841962,0.057979775563549524,0.03871011828373468
23.879999999997644,11940,2.8506981274173802e-05,0.0002508119028050949,1.7873034309318487,1.787325956630068,0.6368347820505045,0.6368479677815155,-0.07458894194771244,-0.07457747994968417,1.3848524697689917e-06,2.1699963539503996e-05,1.2017598462258907,1.2017605012082737,-0.14541022220813854,-0.14541009279487419,0.05797696112867642,0.05797817441621365,0.03888301728551137
23.899999999997632,11950,2.6002684807797264e-05,0.0002522088391947101,1.787547715717381,1.7875698792441326,0.6379153504230751,0.637926100666983,-0.07315107375992123,-0.07314274609788055,1.3569841022098308e-06,2.2099382890764463e-05,1.201758107974821,1.2017587296606018,-0.14536596506645422,-0.14536589369794206,0.057975369279883955,0.05797657336425766,0.03905560410423407
23.91999999999762,11960,2.403544534682404e-05,0.0002539111914919936,1.787791638830541,1.787813606370756,0.6389950904519851,0.6390033695020235,-0.0717143183599529,-0.07170916208800614,1.330236846474851e-06,2.2000207897163392e-05,1.2017563768064448,1.201756958061783,-0.14532169264978334,-0.1453216944860359,0.057973775883994785,0.05797497240767929,0.03922819093195374
23.93999999999761,11970,2.2578495734611984e-05,0.0002553397045996605,1.7880352489878049,1.7880569906921315,0.6400733575878197,0.6400791231449914,-0.07027955532794518,-0.07027759443194859,1.3054091711954513e-06,2.2033315828455735e-05,1.2017546520174498,1.2017551864118126,-0.1452774116420602,-0.14527749515915503,0.057972183463708006,0.057973371546476235,0.039400587075350095
23.9599999999976,11980,2.1661791554168597e-05,0.0002564620072115993,1.7882784997683006,1.7882998852017207,0.6411494957273165,0.6411527118300426,-0.06884766156275726,-0.06884890781073616,1.2838074758224574e-06,2.196705006686931e-05,1.2017529318391669,1.2017534147106859,-0.14523312716772008,-0.14523329571730048,0.057970593246030995,0.05797177078064623,0.03957265832490377
23.979999999997588,11990,2.133407178395808e-05,0.00025729060599912997,1.788521289613357,1.788542143338118,0.6422228491968541,0.6422234877588083,-0.06741950816540708,-0.06742396428716425,1.2659577766827865e-06,2.2263692832568247e-05,1.201751214797534,1.2017516429583985,-0.14518884295938486,-0.14518909616047146,0.05796900597249056,0.05797017011018695,0.03974427627694543
23.999999999997577,12000,2.163308824168988e-05,0.0002578226782198904,1.7887634836614663,1.7887836191189124,0.6432927655795726,0.6432908056920675,-0.06599596009705014,-0.06600362251842189,1.2517560934804418e-06,2.1800504449438904e-05,1.2017494998202674,1.2017498711549457,-0.1451445614361086,-0.14514489648866907,0.057967422040583756,0.05796856953509614,0.03991529905661227
24.019999999997566,12010,2.256162244111091e-05,0.00025817019589116023,1.7890049277111453,1.7890241672745524,0.6443585964617871,0.6443540235414205,-0.064577876287045,-0.0645887369687179,1.2407782750169664e-06,2.2000207897163392e-05,1.2017477861639954,1.201748099300323,-0.14510028399870692,-0.14510069670189243,0.057965841601404,0.057966969055371485,0.040085567020485484
24.039999999997555,12020,2.4079378539477607e-05,0.0002582181900010286,1.7892454577783123,1.7892636433822084,0.6454196978829362,0.6454125029609614,-0.06316610958192512,-0.06318015712190757,1.2325253279579332e-06,2.1900583802360337e-05,1.2017460733237804,1.2017463273945255,-0.1450560113328936,-0.14505649680014268,0.0579642646382709,0.05796536867101072,0.04025490488457024
24.059999999997544,12030,2.6113153654863842e-05,0.00025804310957079787,1.7894849066158107,1.7895019039996365,0.6464754308069954,0.6464656099389519,-0.06176150646509159,-0.06177872669411889,1.2265654311568325e-06,2.219811480254158e-05,1.201744360957542,1.201744555437549,-0.1450117436570446,-0.1450122967834191,0.05796269102807822,0.05796376838201154,0.04042312619340279
24.079999999997533,12040,2.857541609249268e-05,0.00025758790949420964,1.7897231079495264,1.7897388067990412,0.6475251616283486,0.6475127153894937,-0.0603649065938498,-0.060385282846379104,1.2225890605214626e-06,2.1933842111273517e-05,1.2017426488288645,1.2017427834293888,-0.1449674809089431,-0.1449680966517226,0.05796112058752247,0.057962168188371674,0.04057433678971582
24.09999999999752,12050,3.096583859918387e-05,0.0002553254304816728,1.789960120909662,1.7899742107009387,0.6485679460077023,0.6485531957442019,-0.05897735752891366,-0.05900065539724107,1.184560189726897e-06,2.2099382890764463e-05,1.2017408986034397,1.20174101137004,-0.1449232777623627,-0.14492389640505263,0.057959564223683785,0.05796056809008881,0.040740171558712346
24.11999999999751,12060,3.3727646878007544e-05,0.0002533507661004003,1.7901956057013164,1.7902079760080212,0.6496035920956922,0.6495864335438779,-0.05759939601874432,-0.05762566603540961,1.1478852606136006e-06,2.1933842111273517e-05,1.2017391537880833,1.2017392392594983,-0.14487907398939925,-0.1448796960434101,0.05795800715843474,0.057958968087160674,0.04088849747589697
24.1399999999975,12070,3.666515412266254e-05,0.00025085258741540893,1.7904293321976836,1.7904399645390197,0.6506313084356242,0.6506118180301826,-0.056231948585500874,-0.05626112753236802,1.099501473821759e-06,2.2524095754713237e-05,1.2017373990607634,1.2017374670977592,-0.1448348865534326,-0.14483549556679431,0.05795645528463845,0.057957368179584974,0.041035272406189
24.15999999999749,12080,3.951198389401498e-05,0.00024699304162608787,1.79066120837567,1.7906700397625661,0.6516503135996642,0.6516287457373091,-0.05487593636022901,-0.05490784295500449,1.0208234346451623e-06,2.229640951859779e-05,1.2017356137964963,1.201735694884818,-0.14479074323691646,-0.1447912949752063,0.057954913329331996,0.057955768367359425,0.0411799200355564
24.179999999997477,12090,4.256256935378328e-05,0.00024323410326231693,1.7908909876142256,1.790898066931059,0.6526603059499555,0.6526366210836563,-0.05353195689573503,-0.05356660487823843,9.425699299564763e-07,2.2588727439225648e-05,1.2017338289904351,1.20173392262067,-0.14474660102766057,-0.1447470942686452,0.057953370913192234,0.057954168650481724,0.04132223570979553
24.199999999997466,12100,4.579170732580265e-05,0.00023953182253159483,1.7911184986599975,1.7911239132145245,0.6536607066204659,0.6536348569635012,-0.052200786599920626,-0.05223819459764695,8.666192103775796e-07,2.2263692832568247e-05,1.20173204687094,1.2017321503053107,-0.1447024552199337,-0.14470289344711215,0.05795182856482027,0.0579525690289496,0.041462025757045794
24.219999999997455,12110,4.9137654915514825e-05,0.00023582705629464335,1.7913436083194743,1.7913474478344809,0.6546509137487831,0.654622875338673,-0.05088321151742641,-0.05092338134209129,7.930509503441553e-07,2.2165253030559974e-05,1.2017302671835404,1.2017303779387354,-0.14465830539558983,-0.14465869251060687,0.057950286271423505,0.057950969502760755,0.04159911140946786
24.239999999997444,12120,5.2551954584051696e-05,0.00023208199867537095,1.791566201214894,1.791568542197802,0.6556303416577937,0.6556001078302252,-0.0495800012882986,-0.04962292148634319,7.217058446698538e-07,2.2263692832568247e-05,1.201728489555069,1.2017286055209397,-0.14461415183109497,-0.14461449145912902,0.057948743921737975,0.05794937007191289,0.04173332548940095
24.259999999997433,12130,5.600038790699886e-05,0.00022824357416788833,1.7917861692521266,1.7917870700305802,0.6565984209782105,0.6565659963101087,-0.048291908306514156,-0.04833755776371135,6.523092582574842e-07,2.265317472408141e-05,1.2017267136680032,1.2017268330519189,-0.14456999498980247,-0.1445702902926797,0.05794720148157522,0.05794777073640374,0.0418645100818169
24.279999999997422,12140,5.945854019738664e-05,0.00022430373991766427,1.7920034063500854,1.792002907511989,0.6575545962747401,0.6575199934928457,-0.047019668539183594,-0.04706801847866782,5.845562163017053e-07,2.2972699315936647e-05,1.2017249392379736,1.2017250605316683,-0.14452583540387368,-0.1445260890112581,0.05794565897588581,0.057946171496230985,0.04199251558349606
24.29999999999741,12150,6.290849818671234e-05,0.00022025705411067174,1.7922178061307212,1.7922159334081478,0.6584983251956706,0.6584615635272021,-0.045764001508157785,-0.0458150167194744,5.181856196893249e-07,2.265317472408141e-05,1.2017231660012784,1.2017232879601836,-0.14448167361055297,-0.14448188761486525,0.057944116451714545,0.05794457235139235,0.04211720049173299
24.3199999999974,12160,6.633669537087527e-05,0.00021610426025432523,1.7924292612708241,1.792426029205984,0.6594290784696076,0.6593901825878603,-0.04452560983467344,-0.044579249570809026,4.530386276201587e-07,2.229640951859779e-05,1.2017213937160147,1.2017215153374599,-0.14443751010847894,-0.14443768610350088,0.05794257395495061,0.05794297330188555,0.04223843152698334
24.33999999999739,12170,6.973246710865894e-05,0.000211852881548108,1.7926376637335946,1.792633079247097,0.660346340198831,0.6603053394670927,-0.04330517865111866,-0.04336139732639244,3.8911728274077575e-07,2.265317472408141e-05,1.2017196221658133,1.2017197426634927,-0.1443933453329675,-0.14439348447716477,0.05794103151909024,0.05794137434770829,0.042356083921888665
24.359999999997378,12180,7.308706801988649e-05,0.00020749334540446347,1.7928429054063442,1.7928369708616214,0.6612496082557595,0.661206536166435,-0.04210337497134395,-0.042162122701614124,3.2667851230758817e-07,2.2845425764212974e-05,1.2017178511615914,1.2017179699382776,-0.14434917964693056,-0.1443492827358579,0.05793948916103522,0.057939775488858286,0.04247004179549682
24.379999999997366,12190,7.639301134598146e-05,0.00020310483700257046,1.7930448788683677,1.79303759450209,0.6621383947306475,0.6620932884883585,-0.040920847034986954,-0.04098207004615924,2.6644013753703177e-07,2.2877310533063834e-05,1.2017160805408968,1.2017161971618098,-0.14430501334210938,-0.14430508087957955,0.057937946880603726,0.05793817672533323,0.042580198510754196
24.399999999997355,12200,7.964363385157757e-05,0.00019853496036303022,1.7932434781402768,1.7932348438772971,0.6630122264151879,0.6629651266279435,-0.039758223626743416,-0.03982186455663461,2.100981381355434e-07,2.290915092499722e-05,1.2017143101656471,1.2017144243340847,-0.14426084664584074,-0.14426087890833056,0.05793640466183894,0.05793657805713085,0.042686457017730786
24.419999999997344,12210,8.283281473971167e-05,0.00019388370527459478,1.7934385993455872,1.7934286160861623,0.6638706453137584,0.6638215957645529,-0.03861611337216399,-0.03868211148919544,1.616782907843946e-07,2.3162298399097643e-05,1.2017125399191884,1.2017126514550978,-0.14421667973001445,-0.14421667682211045,0.057934862475041,0.05793497948424885,0.04278873016826921
24.439999999997333,12220,8.5954796425503e-05,0.0001891681897705768,1.7936301412623659,1.7936188117515934,0.6647132091755709,0.6646622566535042,-0.037495104013206826,-0.037563395372171585,1.303133216293991e-07,2.3225154141253322e-05,1.2017107697032268,1.2017108785248443,-0.14417251272021006,-0.1441724746209202,0.05793332027891968,0.05793338100668493,0.042886940994762944
24.459999999997322,12230,8.900407071407159e-05,0.00018439139013066524,1.7938180057682835,1.7938053351543501,0.6655394920423312,0.6654866862177434,-0.0363957616674331,-0.036466279218693984,1.2910305103577305e-07,2.3412708902503816e-05,1.2017089994349999,1.20170910554332,-0.1441283457039757,-0.14412827230475894,0.05793177802257144,0.05793178262443681,0.04294751740377272
24.47999999999731,12240,9.149353940388396e-05,0.00017869790391948095,1.7940016219499353,1.7939880943669066,0.6663486558519898,0.6662944781395176,-0.03531882720711011,-0.03539130373932113,2.1627253569699326e-07,2.3350358035739973e-05,1.2017071885774144,1.20170733251052,-0.1440842312836873,-0.14408406987362782,0.057930182371925945,0.0579301843375022,0.04302159827470441
24.4999999999973,12250,9.374537606042322e-05,0.00017318351739846713,1.7941811075177985,1.7941670013873157,0.6671406128784675,0.6670852434520482,-0.03426466671052191,-0.03433898655466541,3.318379951433259e-07,2.2781522350186147e-05,1.2017053673013955,1.2017055594264399,-0.14404013519919812,-0.14403986732752658,0.0579285480776512,0.05792858614587881,0.04307486140475293
24.51999999999729,12260,9.597520768468182e-05,0.00016772252356559106,1.794356588650019,1.7943419722730714,0.6679151991092941,0.6678586111312041,-0.033233693865364296,-0.033309821408019594,4.381309663972613e-07,2.325651830698318e-05,1.2017035491519985,1.2017037862910749,-0.1439960266775271,-0.14399566466645491,0.05792691969910132,0.05792698804956434,0.043124317999897896
24.539999999997278,12270,9.809080915467621e-05,0.00016180756345496132,1.794527959095563,1.794512927274973,0.6686719782612399,0.6686142286871744,-0.03222642599452973,-0.032304277377983165,5.459283182800466e-07,2.271743917865515e-05,1.2017017240523533,1.2017020131044207,-0.14395191547011071,-0.14395146189041375,0.057925296495953474,0.057925390048556506,0.04316957551923694
24.559999999997267,12280,0.00010020466252885852,0.00015611222522489776,1.7946952922286297,1.7946797909709877,0.6694107060539594,0.6693517627561416,-0.031243259590685496,-0.031322798091088816,6.418514208033956e-07,2.3225154141253322e-05,1.2016999047263082,1.2017002398664725,-0.14390779430548745,-0.14390725899940218,0.057923677680144024,0.05792379214285301,0.04321056434671709
24.579999999997256,12290,0.00010230125748440959,0.00015062754634985367,1.7948585479003536,1.7948424924001143,0.6701310500849721,0.6700708996919551,-0.03028462397701566,-0.030365800934428824,7.289915875281165e-07,2.303607239996808e-05,1.2016980900192598,1.2016984665772255,-0.14386366625775895,-0.14386305599342156,0.0579220631445266,0.05792219433245157,0.04324725513448746
24.599999999997245,12300,0.00010435517531374198,0.00014530214132002533,1.7950176486809373,1.7950009651962462,0.6708326938481537,0.6707713461578033,-0.029350922870514478,-0.02943367626828157,8.092522994751729e-07,2.3004407680670755e-05,1.201696278976351,1.2016966932366755,-0.14381953297525588,-0.14381885287247156,0.05792045261085513,0.057920596617349884,0.04326327694957865
24.619999999997233,12310,0.00010627136245197975,0.0001403880129234835,1.7951723139175573,1.7951551477220353,0.671515296936454,0.6714528297178877,-0.028442544304882942,-0.028526786638737686,8.885521346208601e-07,2.2877310533063834e-05,1.20169446750626,1.2016949198448177,-0.14377539674518836,-0.143774649636552,0.05791883546341885,0.05791899899754567,0.04327548982575849
24.639999999997222,12320,0.00010805311203383322,0.0001358761378309498,1.7953224936750525,1.7953049832027548,0.6721786138011103,0.672115099429095,-0.02755982264308004,-0.027645465990326648,9.634736894686114e-07,2.265317472408141e-05,1.2016926571565794,1.2016931464016476,-0.1437312547888392,-0.14373044628566364,0.05791721374070422,0.05791740147303664,0.0432835724370062
24.65999999999721,12330,0.0001097559620446247,0.0001313813118990923,1.795468303639773,1.7954504198601622,0.672822452805056,0.6727579264326707,-0.026703054007011555,-0.026790018878643546,1.0297770406401913e-06,2.2972699315936647e-05,1.2016908508531692,1.2016913729071608,-0.1436871056921068,-0.1436862428198062,0.05791559583292709,0.05791580404382049,0.04328751478291516
24.6799999999972,12340,0.00011137521955258166,0.0001269168339652948,1.7956097268073101,1.7955914110463636,0.6734466001509003,0.6733811045458924,-0.025872519353292902,-0.025960719682974726,1.0898106763301464e-06,2.2877310533063834e-05,1.2016890477077342,1.2016895993613521,-0.14364295181691122,-0.14364203923897964,0.057913981838565304,0.05791420670989494,0.04328734891584471
24.69999999999719,12350,0.00011289788290538315,0.00012255146739985183,1.7957467101299986,1.7957279153776762,0.6740508621919319,0.673984450853742,-0.025068468529252427,-0.025157811818924833,1.144776542810906e-06,2.3099271619960363e-05,1.2016872471735662,1.2016878257642174,-0.14359879421305982,-0.1435978355431847,0.05791237135728942,0.05791260947125768,0.043266935983638385
24.719999999997178,12360,0.00011424677688688508,0.0001177588792753344,1.7958790237839037,1.7958598968684918,0.6746350320470131,0.6745678063005796,-0.024291134465449612,-0.024381506951042922,1.1928575626272142e-06,2.2588727439225648e-05,1.2016854476718835,1.2016860521157522,-0.14355462900590568,-0.14355363173242128,0.05791076132517425,0.05791101232790644,0.043242977398733604
24.739999999997167,12370,0.00011543144626663167,0.00011269812130522857,1.7960066569098374,1.7959873250651404,0.6751989827807965,0.6751310362818159,-0.023540693615331044,-0.023631984205449083,1.2335321585131064e-06,2.3067693653563172e-05,1.2016836499166534,1.2016842784159516,-0.14351045595161027,-0.14350942780668896,0.05790915163568654,0.05790941527983891,0.04321523585675526
24.759999999997156,12380,0.00011650483145587215,0.00010787321059808173,1.7961297385739234,1.796110175179753,0.6757426361460084,0.6756740312355858,-0.02281728066611417,-0.022909389382460676,1.2690739017903778e-06,2.2685329707937426e-05,1.2016818548562216,1.201682504664811,-0.1434662788430413,-0.14346522376598905,0.05790754426541891,0.057907818327052815,0.04316778685316524
24.779999999997145,12390,0.00011743338537922785,0.00010344411131146246,1.7962481264371175,1.7962284282241254,0.6762658920610904,0.6761967072344212,-0.02212101154177657,-0.022213834169218835,1.2976052391115508e-06,2.2781522350186147e-05,1.2016800625208364,1.201680730862326,-0.14342209469312628,-0.14342101961032083,0.05790593634506226,0.05790622146954585,0.043117025058951305
24.799999999997134,12400,0.00011821419011720695,9.928767160878933e-05,1.796361829990818,1.7963420711435816,0.676768688747689,0.6766990065769237,-0.021451968494407708,-0.021545395352314797,1.3198393377754842e-06,2.313080647644551e-05,1.2016782726933957,1.2016789570084918,-0.1433779042932346,-0.1433768153396844,0.057904328280440676,0.05790462470731572,0.04306281552739952
24.819999999997123,12410,0.000118866411410673,9.523308290956406e-05,1.7964709615319159,1.796451096950836,0.6772510003776666,0.6771808983794384,-0.020810197407688785,-0.020904114030416532,1.3390362731138658e-06,2.2940947124789083e-05,1.20167648462551,1.2016771831033042,-0.14333371175403203,-0.14333261095408045,0.057902722448511065,0.05790302804036015,0.04300524690759618
24.83999999999711,12420,0.00011938520411808886,9.120604562338407e-05,1.7965755229149185,1.796555504859858,0.6777128195385784,0.6776423791677264,-0.020195706659089215,-0.02028999482689485,1.356158794098103e-06,2.2813496432377448e-05,1.201674697920414,1.2016754091467583,-0.14328951802741635,-0.14328840645350907,0.05790111885516035,0.05790143146867683,0.04294443505060687
24.8599999999971,12430,0.00011976168205767457,8.726051180315147e-05,1.796675500001611,1.7966553004197354,0.6781541657204119,0.6780834734686378,-0.019608467052330394,-0.019703005102450183,1.3714585687418937e-06,2.3162298399097643e-05,1.2016729124106917,1.2016736351388495,-0.14324532326945555,-0.14324420183796965,0.0578995172596114,0.05789983499226347,0.042880508583769905
24.87999999999709,12440,0.00011998758733712382,8.334685089427665e-05,1.7967708863182463,1.7967504956485358,0.6785750875017184,0.6785042344017851,-0.019048411186940502,-0.01914307416773864,1.3850176608280827e-06,2.3162298399097643e-05,1.2016711279987773,1.2016718610795731,-0.1432011274601419,-0.14319999710746328,0.05789791741135207,0.057898238611117786,0.04281360293801841
24.89999999999708,12450,0.00012005583377132293,7.950645316766195e-05,1.79686168651421,1.7968411091671728,0.6789756632502394,0.6789047442712163,-0.018515432713483715,-0.018610092495998556,1.3969001354607631e-06,2.271743917865515e-05,1.2016693446039133,1.201670086968925,-0.1431569305685068,-0.14315579226198988,0.05789631908778393,0.05789664232523748,0.04271257471037494
24.919999999997067,12460,0.00011990810466737978,7.561562351644997e-05,1.7969477004300165,1.7969271663332664,0.679355980800142,0.6792851151570874,-0.018009389165327346,-0.01810391093567705,1.3997919743214806e-06,2.2972699315936647e-05,1.201667564112829,1.2016683128069001,-0.1431127238382561,-0.143111587301549,0.057894718783016406,0.05789504613462026,0.0426093782537185
24.939999999997056,12470,0.00011955699880413817,7.168648788431855e-05,1.797029025750604,1.7970086993750085,0.6797161870811742,0.6796454895073359,-0.01753009254923836,-0.01762433992305633,1.395331819713933e-06,2.2813496432377448e-05,1.2016657860989757,1.201666538593494,-0.14306850908903626,-0.1430673822261418,0.05789311704841684,0.05789345003926383,0.0425038143114203
24.959999999997045,12480,0.00011904785946543552,6.77339050201515e-05,1.7971059053225564,1.7970857475250253,0.680056472722564,0.6799860407293539,-0.017077311653289642,-0.01717114869488008,1.3901564475951392e-06,2.325651830698318e-05,1.2016640087521682,1.2016647643287022,-0.143024294099876,-0.14302317703576706,0.057891516686492006,0.05789185403916589,0.04239600494900044
24.979999999997034,12490,0.00011837811228545937,6.403871504023373e-05,1.7971783928641436,1.7971583571542402,0.6803770405300155,0.6803069737816607,-0.016650776781681177,-0.016744064500979747,1.3850075526288044e-06,2.3287840231354886e-05,1.201662231784686,1.20166299001252,-0.14298007966449755,-0.14297897173042634,0.057889917813054886,0.05789025813432417,0.042286093962048174
24.999999999997023,12500,0.00011753869864616718,6.040712517413197e-05,1.797246519618925,1.7972265819057385,0.6806781231034164,0.6806085257655764,-0.016250175683947914,-0.016342771816901303,1.3798420532947631e-06,2.3319120084582497e-05,1.2016604551565728,1.2016612156449427,-0.14293586567567718,-0.14293476631011925,0.057888320247403806,0.057888662324736356,0.04217423080621455
25.01999999999701,12510,0.00011652163863922223,5.692820290457343e-05,1.797310327730975,1.797290482828629,0.6809599862934296,0.6808909665168945,-0.015875152401298376,-0.015966911556531488,1.3745489547495514e-06,2.3287840231354886e-05,1.2016586788610002,1.201659441225966,-0.1428916519512459,-0.14289056077484583,0.0578867238006106,0.05788706661040016,0.042060565493099694
25.039999999997,12520,0.00011532036034313684,5.3249746645795976e-05,1.79736987265148,1.7973501285119082,0.6812229298610306,0.6811545991975555,-0.015525306528101938,-0.015616080284724068,1.3690546031357842e-06,2.3350358035739973e-05,1.2016569028870372,1.201657666755585,-0.14284743835461997,-0.14284635512460592,0.057885128313498437,0.05788547099131329,0.04194524690253949
25.05999999999699,12530,0.00011392919341363666,4.97538377912573e-05,1.797425221350899,1.797405595218324,0.6814672878568596,0.681399760887319,-0.015200192470938048,-0.015289829429926502,1.3633163909437985e-06,2.359877309145089e-05,1.2016551272190437,1.2016558922337954,-0.14280322478759205,-0.14280214935940042,0.05788353365141762,0.05788387546747345,0.041828421953478495
25.07999999999698,12540,0.00011234303409589679,4.641891232874655e-05,1.7974764510598327,1.7974569670182385,0.6816934290791529,0.6816268231754379,-0.014899318681832564,-0.014987664496806108,1.3573075733363461e-06,2.3319120084582497e-05,1.2016533518401031,1.2016541176605924,-0.1427590111728527,-0.14275794347922915,0.0578819396961788,0.05788228003887835,0.041710234929488596
25.099999999996967,12550,0.00011055717011115218,4.292707329736544e-05,1.7975236486517268,1.797504335923491,0.6819017575945903,0.6818361927523305,-0.014622146880466128,-0.01470904427887676,1.351008981075349e-06,2.290915092499722e-05,1.2016515767338563,1.2016523430359716,-0.14271479744447813,-0.14271373748409216,0.057880346341350294,0.057880684705525695,0.04159082683738626
25.119999999996956,12560,0.00010856717953765484,3.9569438144160445e-05,1.7975669103352678,1.7975478020212616,0.6820927132875261,0.6820283120012542,-0.014368091272709764,-0.014453380071125121,1.3444056415699293e-06,2.347489416183844e-05,1.2016498018850688,1.2016505683599281,-0.14267058354411585,-0.14266953137398952,0.05787875348996706,0.05787908946741319,0.041470334783702
25.139999999996945,12570,0.00010636886181014943,3.642322856422059e-05,1.797606341483054,1.7975874736079354,0.6822667724218934,0.6822036595899783,-0.014136517767630943,-0.014220034882637095,1.3374855691856499e-06,2.3099271619960363e-05,1.2016480272796364,1.2016487936324576,-0.14262636941961834,-0.14262532514892168,0.05787716105330771,0.05787749432453854,0.04134889138143989
25.159999999996934,12580,0.00010395818607024081,3.3066511133632515e-05,1.7976420565348525,1.7976234673229636,0.6824244482103267,0.6823627510624568,-0.013926743193494972,-0.014008322649224275,1.3302392484017501e-06,2.3225154141253322e-05,1.2016462529044762,1.2016470188535553,-0.14258215502442959,-0.1425811188088884,0.05787556895006356,0.05787589927689945,0.041226624210343815
25.179999999996923,12590,0.00010133125169767724,3.01129245035748e-05,1.7976741789539257,1.79765590828273,0.6825662913884628,0.6825061394305019,-0.013738034512933647,-0.013817507446050148,1.322659348392638e-06,2.3412708902503816e-05,1.201644478747365,1.2016452440232168,-0.14253794031714076,-0.1425369123538904,0.05787397710563955,0.05787430432449363,0.04110365531151797
25.199999999996912,12600,9.848425847508197e-05,2.699869328381941e-05,1.7977028412253495,1.7976849302144107,0.6826928907933398,0.6826344157654566,-0.013569608037432575,-0.013646802700257074,1.3147404975661826e-06,2.3350358035739973e-05,1.2016427047968248,1.2016434691414375,-0.1424937252610717,-0.14249270578392748,0.05787238545151462,0.05787270946731878,0.04098010075921904
25.2199999999969,12610,9.541348447040264e-05,2.423875260530551e-05,1.7977281848875597,1.7977106755898402,0.6828048739449921,0.6827482097898683,-0.013420628641261605,-0.013495370403592014,1.3064791124469909e-06,2.2972699315936647e-05,1.2016409310420155,1.2016416942082127,-0.14244950982386398,-0.1424484990989997,0.05787079392464445,0.05787111470537261,0.04088572967377498
25.23999999999689,12620,9.215513565421798e-05,2.1565179853261896e-05,1.797750512902342,1.797733295759374,0.682902922845961,0.6828481904691615,-0.013290205791509493,-0.013362320325033192,1.302862667644463e-06,2.2845425764212974e-05,1.2016391560946482,1.2016399192235379,-0.1424053001321656,-0.14240429229910756,0.05786920482768272,0.057869520038652825,0.040761049013419884
25.25999999999688,12630,8.865227741785223e-05,1.893761558392725e-05,1.7977697806366977,1.7977529510857508,0.6829877233131662,0.6829350666033107,-0.01317740364345757,-0.013246709223416905,1.2978688634504533e-06,2.2972699315936647e-05,1.2016373815803654,1.2016381441874082,-0.14236108870003314,-0.14236008538425082,0.05786761522285682,0.05786792546715712,0.04066573021354998
25.279999999996868,12640,8.491269560191589e-05,1.5972642350651042e-05,1.797786199067719,1.7977698110779572,0.6830600270676942,0.6830095874185137,-0.013081226852807997,-0.013147540060063384,1.2926134858153793e-06,2.2972699315936647e-05,1.2016356072086223,1.2016363690998195,-0.1423168769100941,-0.14231587835442933,0.05786602560913582,0.05786633099088321,0.04056991538916157
25.299999999996857,12650,8.09575090504329e-05,1.4028932551663055e-05,1.7978000378747696,1.7977840545250905,0.6831206311620116,0.6830725431588646,-0.013000624892552779,-0.013063761211403471,1.2901215745414769e-06,2.3193747562800386e-05,1.2016338321293665,1.2016345939607669,-0.1422726684449781,-0.14227167120964418,0.05786443736363714,0.057864736609828805,0.04047381804188017
25.319999999996845,12660,7.675094623627974e-05,1.1952831047522336e-05,1.7978113650915735,1.7977958696302216,0.6831703531388972,0.6831247656780269,-0.01293449627607796,-0.012994265681605055,1.286629168203041e-06,2.2940947124789083e-05,1.201632057354474,1.201632818770246,-0.14222845863965672,-0.14222746394989505,0.057862848635522865,0.057863142323991604,0.04037753086184435
25.339999999996834,12670,7.228562840695245e-05,1.010198601586461e-05,1.7978203636652677,1.797805454144259,0.6832100639215699,0.6831671290309066,-0.012881680765999728,-0.012937890315199208,1.2814976098033566e-06,2.2781522350186147e-05,1.20163028308167,1.201631043528252,-0.14218424674746896,-0.14218325657518216,0.05786125914208499,0.057861548133369314,0.04028112922461533
25.359999999996823,12680,6.756043305438949e-05,8.706816964856289e-06,1.7978272501521821,1.7978130154998118,0.6832406792623319,0.6832005500653249,-0.012840960893243693,-0.012893415009707157,1.2747040276222865e-06,2.2940947124789083e-05,1.201628509316821,1.2016292682347804,-0.1421400327430403,-0.1421390490855055,0.05785966885075227,0.05785995403795964,0.04021382486570166
25.379999999996812,12690,6.262594896835224e-05,7.917571076845593e-06,1.79783239852565,1.7978187709450524,0.6832631812062812,0.6832259890136915,-0.012811053791406415,-0.012859561928266289,1.269097818845115e-06,2.3287840231354886e-05,1.2016267360565838,1.2016274928898267,-0.14209582107638458,-0.142094841480865,0.05785808038559394,0.05785836003776028,0.04014623317276691
25.3999999999968,12700,5.746459344794551e-05,8.2776426154535e-06,1.7978359980627614,1.7978229476775816,0.6832785623001048,0.6832444500846778,-0.012790630044947099,-0.012834994712256367,1.2650179552538043e-06,2.3287840231354886e-05,1.2016249627741937,1.2016257174933862,-0.14205161158789262,-0.14205063376126148,0.05785649314110778,0.05785676613276894,0.04007854155559496
25.41999999999679,12710,5.20203737062361e-05,7.73124918760008e-06,1.7978381329689055,1.7978257829782895,0.6832878455981124,0.6832569820548898,-0.01277830471213225,-0.01281831769392655,1.2597134636730734e-06,2.2781522350186147e-05,1.2016231894629252,1.2016239420454544,-0.14200739997949563,-0.14200642592669482,0.057854904519531965,0.05785517232298334,0.04001083320416705
25.43999999999678,12720,4.6283515064001606e-05,8.622691156561379e-06,1.7978390251995182,1.7978275243452209,0.6832921222309499,0.683264678860541,-0.012772624360965682,-0.012808075109021377,1.2517948569262483e-06,2.262097403300073e-05,1.2016214165962325,1.2016221665460267,-0.14196318470450256,-0.14196221797716518,0.05785331402585246,0.057853578608401166,0.03997208082364964
25.459999999996768,12730,4.0325900473465417e-05,1.010198601586461e-05,1.7978390620079734,1.7978284296274374,0.6832925739871334,0.6832686801891256,-0.01277205475354165,-0.012802750309407196,1.2378017109048701e-06,2.2877310533063834e-05,1.201619647741409,1.2016203909950982,-0.14191896483410077,-0.14191800991267245,0.05785172450467385,0.057851984989020125,0.03994766091752287
25.479999999996757,12740,3.417638152560751e-05,1.079947731352768e-05,1.7978385513349529,1.7978287671588808,0.683290401927093,0.6832701720710916,-0.012775015259604504,-0.012800764975698861,1.2147923026409526e-06,2.325651830698318e-05,1.2016178830561115,1.201618615392665,-0.14187473843023354,-0.14187380173321656,0.057850142462409236,0.057850391464837926,0.03993759027609053
25.499999999996746,12750,2.7793113240619755e-05,1.2431131930566656e-05,1.7978376736051631,1.797828815892237,0.6832868049467263,0.6832703874715139,-0.012779875791863128,-0.012800478329885803,1.1872239884281136e-06,2.3443822150653013e-05,1.2016161205668454,1.2016168397387217,-0.14183050726584623,-0.14182959343879853,0.057848558844008836,0.05784879803585228,0.03995628760118496
25.519999999996735,12760,2.133080619033522e-05,1.2720940824698908e-05,1.7978366408046083,1.797828815892237,0.6832828992016781,0.683270387471514,-0.012785076036309191,-0.012800478329885656,1.1685872244327514e-06,2.3225154141253322e-05,1.2016143549299232,1.2016150640332641,-0.14178628159046483,-0.1417853850294183,0.05784696191235186,0.05784720470206088,0.039946273119681755
25.539999999996724,12770,1.591997504599366e-05,1.3553236463535334e-05,1.797835535747521,1.797828815892237,0.6832795860624926,0.683270387471514,-0.012789357400318582,-0.012800478329885656,1.1688800856859413e-06,2.2972699315936647e-05,1.2016125753628095,1.201613288276288,-0.1417420673935989,-0.14174117650507567,0.057845357785188616,0.057845611463461434,0.039936360059279453
25.559999999996712,12780,1.1881480888855521e-05,1.3766686389570068e-05,1.7978344403433872,1.797828815892237,0.6832771222357975,0.683270387471514,-0.012792467207154243,-0.012800478329885656,1.171772736231195e-06,2.2972699315936647e-05,1.2016107903225122,1.201611512467788,-0.14169785156640352,-0.14169696786577046,0.05784375255561243,0.057844018320051635,0.03992644761967342
25.5799999999967,12790,8.89075242000346e-06,1.4183953086968166e-05,1.797833476884975,1.797828815892237,0.6832753239444627,0.683270387471514,-0.01279473795880727,-0.012800478329885656,1.1643649031836557e-06,2.3350358035739973e-05,1.2016090106566506,1.2016097366077603,-0.1416536260086355,-0.1416527591115037,0.05784214736900985,0.05784242527182921,0.03993092521005562
25.59999999999669,12800,6.624311677575973e-06,1.5128907556614795e-05,1.7978326521546077,1.797828815892237,0.6832739561563368,0.683270387471514,-0.01279642504913287,-0.012800478329885656,1.1564308241426004e-06,2.3099271619960363e-05,1.2016072341601924,1.2016079606961996,-0.141609399279497,-0.1416085502422752,0.057840534638632354,0.05784083231879184,0.03993536735115861
25.61999999999668,12810,4.9061682747788015e-06,1.5032236230862699e-05,1.7978319578786233,1.797828815892237,0.6832729133970992,0.683270387471514,-0.012797682241791935,-0.012800478329885656,1.1499287553056533e-06,2.2940947124789083e-05,1.2016054584408422,1.2016061847331019,-0.1415651731138886,-0.14156434125808498,0.05783891875606077,0.05783923946093725,0.039939779485747666
25.639999999996668,12820,3.664329679362437e-06,1.569643750643458e-05,1.7978314119801768,1.797828815892237,0.6832721656203701,0.683270387471514,-0.012798600611575053,-0.012800478329885656,1.1401610666642002e-06,2.2685329707937426e-05,1.2016036838211706,1.2016044087184623,-0.1415209445009634,-0.14152013215893328,0.0578373081844518,0.05783764669826313,0.039944163956695616
25.659999999996657,12830,2.813778820682059e-06,1.5972642350651042e-05,1.797831016936449,1.797828815892237,0.6832716483568546,0.683270387471514,-0.012799260576303671,-0.012800478329885656,1.127301862301992e-06,2.290915092499722e-05,1.2016019107646596,1.2016026326522762,-0.1414767142552617,-0.14147592294481975,0.05783570258298691,0.05783605403076717,0.03996297799835836
25.679999999996646,12840,2.191063979911372e-06,1.6063655294419955e-05,1.7978306993467248,1.797828815892237,0.6832712577651427,0.683270387471514,-0.012799774093024494,-0.012800478329885656,1.114555580223922e-06,2.2813496432377448e-05,1.20160013778848,1.2016008565345393,-0.14143248414416487,-0.14143171361574552,0.05783409824473786,0.057834461458447096,0.039967308062740355
25.699999999996635,12850,1.8028363782006625e-06,1.578904266095767e-05,1.7978304809238175,1.797828815892237,0.6832709884551382,0.683270387471514,-0.012800136705052959,-0.012800478329885656,1.1018742454224753e-06,2.2940947124789083e-05,1.2015983651867987,1.2015990803652465,-0.14138825511154662,-0.1413875041717102,0.05783249650847931,0.057832868981300606,0.0399860905145659
25.719999999996624,12860,1.5882273338746471e-06,1.624415146845831e-05,1.7978303419805626,1.797828815892237,0.6832708171783324,0.683270387471514,-0.012800384135739655,-0.012800478329885656,1.0890855057407525e-06,2.2972699315936647e-05,1.2015965925471368,1.2015973041443937,-0.14134402689373785,-0.14134329461271405,0.057830897783954824,0.0578312765993254,0.04000485591135974
25.739999999996613,12870,1.4484192431112334e-06,1.6466989746779883e-05,1.7978302277861948,1.797828815892237,0.6832706957746755,0.683270387471514,-0.012800575401593857,-0.012800478329885656,1.0772886776594583e-06,2.265317472408141e-05,1.2015948190892125,1.201595527871976,-0.14129979936165937,-0.1412990849387571,0.057829299893729647,0.057829684312519176,0.04002361933901364
25.7599999999966,12880,1.366935124376717e-06,1.668685248064749e-05,1.7978301429204535,1.797828815892237,0.6832706200943974,0.683270387471514,-0.012800709402041456,-0.012800478329885656,1.0660841983310877e-06,2.2685329707937426e-05,1.2015930452711139,1.2015937515479893,-0.14125557260180036,-0.1412548751498393,0.05782770318739536,0.057828092120879644,0.04004238017859948
25.77999999999659,12890,1.325199832808358e-06,1.6466989746779883e-05,1.7978300878896731,1.797828815892237,0.6832705827959786,0.683270387471514,-0.012800794597925602,-0.012800478329885656,1.0550790149224608e-06,2.290915092499722e-05,1.2015912713049117,1.2015919751724284,-0.14121134655716489,-0.1412106652459615,0.05782610813501863,0.05782650002440451,0.04006113884686092
25.79999999999658,12900,1.3113061435264915e-06,1.6466989746779883e-05,1.7978300616357588,1.797828815892237,0.6832705758434847,0.683270387471514,-0.012800841872016532,-0.012800478329885656,1.0440470404944562e-06,2.2845425764212974e-05,1.2015894973108976,1.2015901987452888,-0.1411671212058684,-0.14116645522712334,0.05782451496288148,0.05782490802309147,0.04007989603406066
25.81999999999657,12910,1.319850536026736e-06,1.698988104306101e-05,1.797830062284641,1.797828815892237,0.6832705913558011,0.683270387471514,-0.012800861660826598,-0.012800478329885656,1.0329515597610261e-06,2.2749503328951236e-05,1.2015877233497452,1.2015884222665665,-0.14112289660522118,-0.14112224509332522,0.057822923642160524,0.05782331611693822,0.040098652459846326
25.839999999996557,12920,1.3489463514174337e-06,1.741363392971263e-05,1.797830087397692,1.797828815892237,0.6832706220923632,0.683270387471514,-0.012800862885725843,-0.012800478329885656,1.021907192045259e-06,2.23942727958561e-05,1.2015859494287295,1.201586645736256,-0.14107867288225637,-0.1410780348445671,0.057821333975256094,0.05782172430594248,0.04011740877898659
25.859999999996546,12930,1.3975144228856218e-06,1.7203062292734435e-05,1.797830134099678,1.797828815892237,0.6832706617835206,0.683270387471514,-0.012800852667470965,-0.012800478329885656,1.0111246150174525e-06,2.265317472408141e-05,1.20158417550955,1.2015848691543536,-0.1410344502048728,-0.1410338244808491,0.0578197456801386,0.057820132590101936,0.04013616554069271
25.879999999996535,12940,1.4638084086601782e-06,1.7329712313881724e-05,1.797830199186636,1.797828815892237,0.6832707053180808,0.683270387471514,-0.01280083638745577,-0.012800478329885656,1.0008573402052815e-06,2.2588727439225648e-05,1.201582401521149,1.2015830925208542,-0.14099022874896958,-0.14098961400217158,0.05781815844987602,0.0578185409694143,0.040154923166677646
25.899999999996524,12950,1.545068510110095e-06,1.782731711219369e-05,1.7978302792363114,1.797828815892237,0.6832707487958237,0.683270387471514,-0.012800817896615762,-0.012800478329885656,9.913581240525587e-07,2.2972699315936647e-05,1.2015806273748222,1.2015813158357531,-0.14094600866918014,-0.14094540340853412,0.057816571989208344,0.05781694944387726,0.040173681935875075
25.919999999996513,12960,1.637810571996661e-06,1.774535200165325e-05,1.7978303707211654,1.797828815892237,0.6832707894699506,0.683270387471514,-0.012800799776196206,-0.012800478329885656,9.828471936595531e-07,2.3099271619960363e-05,1.2015788529786986,1.2015795390990462,-0.14090179007688766,-0.14090119269993795,0.05781498603465234,0.05781535801348854,0.0401924419915058
25.939999999996502,12970,1.7382820724149307e-06,1.7538763447639102e-05,1.797830470118706,1.797828815892237,0.6832708256129978,0.683270387471514,-0.012800783602539233,-0.012800478329885656,9.754920174088407e-07,2.3225154141253322e-05,1.2015770782496253,1.2015777623107284,-0.14085757302674182,-0.1408569818763824,0.05781340036371455,0.05781376667824583,0.04021120334766474
25.95999999999649,12980,1.8428273141465263e-06,1.7908907090463366e-05,1.7978305740138947,1.797828815892237,0.6832708563396095,0.683270387471514,-0.012800770191935146,-0.012800478329885656,9.693971120498474e-07,2.2877310533063834e-05,1.2015753031216372,1.2015759854707957,-0.14081335751135327,-0.14081277093786798,0.05781181479714376,0.057812175438146825,0.040229965916245045
25.97999999999648,12990,1.9480989753523973e-06,1.7908907090463366e-05,1.7978306791894842,1.797828815892237,0.6832708814144082,0.683270387471514,-0.01280075981417263,-0.012800478329885656,9.646019526385944e-07,2.3004407680670755e-05,1.2015735275508508,1.201574208579243,-0.14076914346290553,-0.14076855988439474,0.05781022919689541,0.05781058429318924,0.04024872953244219
25.99999999999647,13000,2.0511501336278134e-06,1.7329712313881724e-05,1.7978307827016127,1.797828815892237,0.6832709010661583,0.683270387471514,-0.01280075237056179,-0.012800478329885656,9.610849000291649e-07,2.2845425764212974e-05,1.201571751517189,1.2015724316360659,-0.14072493075998158,-0.14072434871596268,0.05780864346164085,0.05780899324337077,0.04026749398349647
26.019999999996458,13010,2.1494596418380484e-06,1.7538763447639102e-05,1.797830881939207,1.797828815892237,0.6832709158223051,0.683270387471514,-0.012800747536333151,-0.012800478329885656,9.58771273939144e-07,2.271743917865515e-05,1.201569975023526,1.2015706546412597,-0.1406807192378692,-0.14068013743257224,0.05780705752110325,0.05780740228868912,0.04028625903786873
26.039999999996446,13020,2.2409293510966594e-06,1.741363392971263e-05,1.7978309746667769,1.797828815892237,0.6832709263716502,0.683270387471514,-0.01280074486972538,-0.012800478329885656,9.575438750920835e-07,2.2972699315936647e-05,1.2015681980929795,1.20156887759482,-0.14063650870065192,-0.14063592603422348,0.05780547133010515,0.057805811429141984,0.04030502446833359
26.059999999996435,13030,2.3238729469611742e-06,1.7663006536443448e-05,1.7978310590510047,1.797828815892237,0.6832709334579876,0.683270387471514,-0.012800743891531066,-0.012800478329885656,9.572546572981762e-07,2.303607239996808e-05,1.2015664207649983,1.201567100496742,-0.14059229893376837,-0.14059171452091596,0.05780388486292042,0.05780422066472707,0.040323790068047434
26.079999999996424,13040,2.3970031882503827e-06,1.7538763447639102e-05,1.7978311336721728,1.797828815892237,0.6832709378038717,0.683270387471514,-0.01280074413949792,-0.012800478329885656,9.577364049913494e-07,2.2972699315936647e-05,1.2015646430909348,1.2015653233470214,-0.14054808971595695,-0.1405475028926509,0.057802298108284154,0.05780262999544208,0.04034255566535848
26.099999999996413,13050,2.459417832120735e-06,1.77863817720369e-05,1.7978311975218806,1.797828815892237,0.6832709400612994,0.683270387471514,-0.012800745202220784,-0.012800478329885656,9.588136884169068e-07,2.3099271619960363e-05,1.2015628651294996,1.2015635461456533,-0.14050388082985346,-0.14050329114942783,0.05780071106525364,0.05780103942128471,0.04036132112274928
26.119999999996402,13060,2.5105824125987844e-06,1.782731711219369e-05,1.7978312499887956,1.797828815892237,0.6832709407848201,0.683270387471514,-0.012800746737000903,-0.012800478329885656,9.603124778896556e-07,2.3162298399097643e-05,1.201561086942548,1.2015617688926334,-0.1404596720708017,-0.14045907929124712,0.05779912373995296,0.05779944894225266,0.04038008634188691
26.13999999999639,13070,2.5503081426567958e-06,1.737172379932318e-05,1.7978312908343554,1.797828815892237,0.6832709404220677,0.683270387471514,-0.012800748475806348,-0.012800478329885656,9.620681015265916e-07,2.2940947124789083e-05,1.2015593085913978,1.201559991587957,-0.14041546325366822,-0.14041486731810893,0.05779753614317429,0.057797858558343636,0.040398851254281956
26.15999999999638,13080,2.5787241067449045e-06,1.7455443435103742e-05,1.7978313201603873,1.797828815892237,0.6832709393168102,0.683270387471514,-0.01280075022291578,-0.012800478329885656,9.639313810873175e-07,2.3099271619960363e-05,1.2015575301338313,1.2015582142316192,-0.14037125421764837,-0.14037065523001324,0.057795948288717015,0.05779626826955534,0.04041761581517581
26.17999999999637,13090,2.596243867113637e-06,1.786815867113289e-05,1.797831338370564,1.797828815892237,0.6832709377201374,0.683270387471514,-0.01280075184727167,-0.012800478329885656,9.657729256957074e-07,2.271743917865515e-05,1.2015557516218354,1.201556436823616,-0.1403270448291806,-0.14032644302696035,0.05779436019233524,0.05779467807588547,0.040436379995501766
26.199999999996358,13100,2.6035274085811883e-06,1.7663006536443448e-05,1.7978313461276036,1.797828815892237,0.6832709358061009,0.683270387471514,-0.012800753271948477,-0.012800478329885656,9.674857093847323e-07,2.2845425764212974e-05,1.2015539731000566,1.2015546593639423,-0.14028283498318836,-0.1402822307089503,0.0577927718711435,0.05779308797733172,0.04045514377186552
26.219999999996347,13110,2.601439695051505e-06,1.77863817720369e-05,1.797831344307901,1.797828815892237,0.6832709336889214,0.683270387471514,-0.012800754462573184,-0.012800478329885656,9.689861131935245e-07,2.271743917865515e-05,1.201552194604923,1.201552881852594,-0.14023862460290917,-0.14023801827598337,0.05779118334333811,0.057791497973891805,0.0404739071202871
26.239999999996336,13120,2.5910073851509187e-06,1.728759873446386e-05,1.79783133395522,1.797828815892237,0.6832709314396882,0.683270387471514,-0.012800755415989542,-0.012800478329885656,9.702136852681184e-07,2.290915092499722e-05,1.2015504161643271,1.2015511042895661,-0.14019441363859367,-0.14019380572805962,0.05778959462811653,0.05778990806556341,0.04049267000977278
26.259999999996325,13130,2.5733751434907602e-06,1.737172379932318e-05,1.7978313162347956,1.797828815892237,0.6832709291011678,0.683270387471514,-0.012800756150038188,-0.012800478329885656,9.711298794631428e-07,2.2877310533063834e-05,1.201548637797785,1.201549326674854,-0.14015020206535173,-0.1401495930651792,0.05778800574567784,0.05778831825234425,0.040511432399928084
26.279999999996313,13140,2.549762961793509e-06,1.7663006536443448e-05,1.7978312923891075,1.797828815892237,0.6832709266999599,0.683270387471514,-0.012800756694924876,-0.012800478329885656,9.717160509961734e-07,2.2972699315936647e-05,1.201546859516935,1.2015475490084535,-0.14010598988039938,-0.14010538028734248,0.05778641671724305,0.05778672853423201,0.04053019423691166
26.299999999996302,13150,2.5214256402884515e-06,1.7704227144513012e-05,1.7978312636963145,1.797828815892237,0.683270924255712,0.683270387471514,-0.012800757086379408,-0.012800478329885656,9.719709398586901e-07,2.2556434745889217e-05,1.2015450813263053,1.2015457712903597,-0.14006177709993822,-0.14006116739454944,0.05778482756503358,0.0577851389112244,0.04054895545780643
26.31999999999629,13160,2.489615399906732e-06,1.7663006536443448e-05,1.7978312314321732,1.797828815892237,0.6832709217874541,0.683270387471514,-0.012800757360588081,-0.012800478329885656,9.719078792256776e-07,2.2524095754713237e-05,1.201543303224248,1.201543993520568,-0.14001756375586666,-0.14001695438680012,0.05778323831217469,0.057783549383319116,0.04056771598899292
26.33999999999628,13170,2.455548408446965e-06,1.741363392971263e-05,1.7978311968360998,1.797828815892237,0.683270919317367,0.683270387471514,-0.012800757550761228,-0.012800478329885656,9.715518964501537e-07,2.265317472408141e-05,1.2015415252039565,1.201542215699074,-0.13997334989245927,-0.13997274126409487,0.05778164898251839,0.05778195995051387,0.04058647575209673
26.35999999999627,13180,2.4203757320156856e-06,1.7663006536443448e-05,1.7978311610817939,1.797828815892237,0.6832709168724038,0.683270387471514,-0.012800757685080374,-0.012800478329885656,9.70936873453321e-07,2.2685329707937426e-05,1.2015397472545035,1.201540437825873,-0.1399291355631592,-0.1399285280264338,0.057780059600389774,0.05778037061280634,0.04060523466645912
26.379999999996258,13190,2.3851591011720004e-06,1.7580275371856632e-05,1.7978311252527313,1.797828815892237,0.68327091448428,0.683270387471514,-0.012800757785768346,-0.012800478329885656,9.701028595671734e-07,2.2459278078588273e-05,1.2015379693618635,1.2015386599009603,-0.13988492082756038,-0.13988431467381712,0.057778470190256774,0.05777878137019424,0.04062399265302355
26.399999999996247,13200,2.3508516545730195e-06,1.7497153036827848e-05,1.7978310903226422,1.797828815892237,0.6832709121883179,0.683270387471514,-0.01280075786898804,-0.012800478329885656,9.690936367352104e-07,2.2972699315936647e-05,1.20153619150986,1.2015368819243317,-0.13984070574865579,-0.1398401012062449,0.057776880776359965,0.057777192222675265,0.040642749638848216
26.419999999996236,13210,2.318283664310044e-06,1.782731711219369e-05,1.797831057140942,1.797828815892237,0.6832709100216027,0.683270387471514,-0.012800757945328863,-0.012800478329885656,9.679545474978903e-07,2.2459278078588273e-05,1.2015344136810546,1.2015351038959823,-0.13979649039037678,-0.13979588762371742,0.057775291382315956,0.057775603170247124,0.040661505555599234
26.439999999996225,13220,2.2881531536668955e-06,1.7663006536443448e-05,1.797831026423021,1.797828815892237,0.68327090802083,0.683270387471514,-0.012800758020638743,-0.012800478329885656,9.667306838467138e-07,2.2491710265994076e-05,1.2015326358574934,1.2015333258159073,-0.13975227481547559,-0.13975167392623478,0.057773702030713296,0.0577740142129075,0.04068026034682506
26.459999999996214,13230,2.261021069118561e-06,1.7990127040434818e-05,1.7978309987450625,1.797828815892237,0.6832709062201622,0.683270387471514,-0.012800758097034834,-0.012800478329885656,9.654653510189745e-07,2.2491710265994076e-05,1.201530858021388,1.2015315476841026,-0.1397080590837256,-0.13970746011379714,0.05777211274273874,0.057772425350654105,0.040699013967213114
26.479999999996203,13240,2.2373107053767263e-06,1.774535200165325e-05,1.797830974543117,1.797828815892237,0.6832709046493104,0.683270387471514,-0.012800758173946469,-0.012800478329885656,9.641988746491455e-07,2.2588727439225648e-05,1.2015290801556644,1.2015297695005636,-0.1396638432504719,-0.1396632461864047,0.05777052353783379,0.057770836583484635,0.040717766380477374
26.49999999999619,13250,2.2173108702531466e-06,1.782731711219369e-05,1.7978309541159663,1.797828815892237,0.6832709033319831,0.683270387471514,-0.012800758249080578,-0.012800478329885656,9.62967690433672e-07,2.265317472408141e-05,1.2015273022444048,1.2015279912652852,-0.13961962736548758,-0.13961903214405746,0.0577689344334097,0.05776924791139679,0.040736517560810315
26.51999999999618,13260,2.2011823223147518e-06,1.7663006536443448e-05,1.7978309376313462,1.797828815892237,0.6832709022847954,0.683270387471514,-0.012800758319268414,-0.012800478329885656,9.618037081894757e-07,2.265317472408141e-05,1.2015255242731917,1.2015262129782633,-0.13957541147215075,-0.13957481798675564,0.05776734544462547,0.05776765933438826,0.04075526749131887
26.53999999999617,13270,2.1889668927578415e-06,1.7949563004511183e-05,1.7978309251349782,1.797828815892237,0.6832709015166553,0.683270387471514,-0.01280075838114765,-0.012800478329885656,9.607339085622024e-07,2.2781522350186147e-05,1.201523746229358,1.201524434639493,-0.13953119560690058,-0.1395306037144996,0.05776575658423599,0.05776607085245676,0.04077401616109883
26.55999999999616,13280,2.1805987637453824e-06,1.8151476701449225e-05,1.7978309165619106,1.797828815892237,0.6832709010286055,0.683270387471514,-0.012800758431661537,-0.012800478329885656,9.597801455465482e-07,2.303607239996808e-05,1.201521968102152,1.20152265624897,-0.1394869797989505,-0.13948638932728918,0.05776416786251372,0.057764482465599974,0.04079276356419903
26.579999999996147,13290,2.1759173616958676e-06,1.782731711219369e-05,1.797830911749622,1.797828815892237,0.6832709008140871,0.683270387471514,-0.012800758468403887,-0.012800478329885656,9.589591284807552e-07,2.3162298399097643e-05,1.2015201898828192,1.2015208778066895,-0.13944276407023729,-0.13944217482512478,0.05776257928723899,0.05776289417381561,0.040811509697672846
26.599999999996136,13300,2.1746813335977974e-06,1.7908907090463366e-05,1.7978309104523489,1.797828815892237,0.6832709008595336,0.683270387471514,-0.012800758489808118,-0.012800478329885656,9.58282541387403e-07,2.3162298399097643e-05,1.2015184115646256,1.201519099312647,-0.13939854843557367,-0.13939796020800654,0.05776099086376075,0.05776130597710136,0.040830254558322066
26.619999999996125,13310,2.1765831810132035e-06,1.8151476701449225e-05,1.7978309123561693,1.797828815892237,0.6832709011452527,0.683270387471514,-0.012800758495220648,-0.012800478329885656,9.57757286366191e-07,2.2781522350186147e-05,1.2015166331428184,1.201517320766838,-0.13935433290298033,-0.13935374547593454,0.05775940259511416,0.057759717875454926,0.040848998145575716
26.639999999996114,13320,2.181264053763215e-06,1.786815867113289e-05,1.7978309170943139,1.797828815892237,0.6832709016464731,0.683270387471514,-0.012800758484871819,-0.012800478329885656,9.573858213298986e-07,2.2813496432377448e-05,1.2015148546145265,1.2015155421692576,-0.13931011747415242,-0.139309530628909,0.05775781448218623,0.057758129868874006,0.04086774045290238
26.659999999996103,13330,2.188328390276558e-06,1.7663006536443448e-05,1.7978309242623347,1.797828815892237,0.683270902334525,0.683270387471514,-0.012800758459775267,-0.012800478329885656,9.57166552187513e-07,2.303607239996808e-05,1.2015130759786534,1.2015137635199014,-0.13926590214505954,-0.13926531566693,0.057756226523932905,0.0577565419573563,0.040886481472689536
26.67999999999609,13340,2.1973579969840884e-06,1.7949563004511183e-05,1.797830933432691,1.797828815892237,0.6832709031780434,0.683270387471514,-0.012800758421600441,-0.012800478329885656,9.570943053110888e-07,2.290915092499722e-05,1.2015112972356943,1.201511984818765,-0.13922168690662062,-0.13922110058999781,0.0577546387176157,0.0577549541408995,0.04090522119297262
26.69999999999608,13350,2.207925335262003e-06,1.7990127040434818e-05,1.7978309441684832,1.797828815892237,0.683270904144177,0.683270387471514,-0.012800758372499528,-0.012800478329885656,9.571608033818676e-07,2.3099271619960363e-05,1.2015095183875746,1.2015102060658436,-0.13917747174544903,-0.13917688539811257,0.057753051059067986,0.05775336641950131,0.040923959599554464
26.71999999999607,13360,2.2196056897008144e-06,1.8151476701449225e-05,1.7978309560359944,1.797828815892237,0.6832709051997083,0.683270387471514,-0.012800758314943388,-0.012800478329885656,9.573552038419405e-07,2.3319120084582497e-05,1.2015077394374245,1.2015084272611327,-0.13913325664463744,-0.1391326700912744,0.05775146354296507,0.05775177879315943,0.040942696672560945
26.73999999999606,13370,2.231988081126377e-06,1.7663006536443448e-05,1.797830968615887,1.797828815892237,0.6832709063120844,0.683270387471514,-0.01280075825155953,-0.012800478329885656,9.576645978971813e-07,2.3193747562800386e-05,1.2015059603893925,1.2015066484046277,-0.13908904158453714,-0.1390884546694835,0.05774987616309661,0.05775019126187155,0.04096143239034062
26.759999999996047,13380,2.24468473105657e-06,1.786815867113289e-05,1.7978309815128644,1.797828815892237,0.6832709074503229,0.683270387471514,-0.012800758184989014,-0.012800478329885656,9.58074543763317e-07,2.3004407680670755e-05,1.2015041812484133,1.201504869496324,-0.13904482654354972,-0.13904423913273994,0.05774828891265464,0.05774860382563538,0.040980166726166015
26.779999999996036,13390,2.2573389709005007e-06,1.782731711219369e-05,1.7978309943637005,1.797828815892237,0.6832709085857595,0.683270387471514,-0.012800758117761962,-0.012800478329885656,9.585695637829539e-07,2.3225154141253322e-05,1.2015024020200038,1.201503090536217,-0.13900061149887702,-0.13900002348104407,0.05774670178449474,0.057747016484448604,0.0409988996516443
26.799999999996025,13400,2.2696315537307237e-06,1.7580275371856632e-05,1.797831006843607,1.797828815892237,0.683270909692647,0.683270387471514,-0.012800758052199272,-0.012800478329885656,9.59133637916085e-07,2.3412708902503816e-05,1.2015006227100467,1.201501311524302,-0.13895639642723015,-0.13895580771439586,0.05774511477137002,0.05774542923830893,0.04101763113620759
26.819999999996014,13410,2.2812853390371428e-06,1.7621689505503623e-05,1.7978310186709174,1.797828815892237,0.6832709107486045,0.683270387471514,-0.012800757990340726,-0.012800478329885656,9.597506430469884e-07,2.3162298399097643e-05,1.2014988433246157,1.2014995324605748,-0.13891218130548214,-0.1389115918327956,0.05774352786614787,0.057743842087214045,0.041036361148448657
26.839999999996003,13420,2.2920683944847916e-06,1.7580275371856632e-05,1.7978310296101547,1.797828815892237,0.6832709117349044,0.683270387471514,-0.01280075793389783,-0.012800478329885656,9.604047779254574e-07,2.3162298399097643e-05,1.201497063869784,1.2014977533450304,-0.13886796611125324,-0.1388673758362433,0.057741941061999716,0.057742255031161656,0.0410550896531078
26.859999999995992,13430,2.301795584200643e-06,1.7990127040434818e-05,1.7978310394735575,1.797828815892237,0.6832709126366275,0.683270387471514,-0.012800757884221251,-0.012800478329885656,9.61080925376903e-07,2.3287840231354886e-05,1.201495284351467,1.2014959741776643,-0.1388237508234094,-0.13882315972473924,0.05774035435256177,0.05774066807014946,0.04107381661635557
26.87999999999598,13440,2.310328742588524e-06,1.7908907090463366e-05,1.7978310481211752,1.797828815892237,0.6832709134426871,0.683270387471514,-0.01280075784230342,-0.012800478329885656,9.617649659778723e-07,2.3004407680670755e-05,1.2014935047752895,1.201494194958472,-0.1387795354224866,-0.13877894349828368,0.05773876773206759,0.05773908120417515,0.041092542002241925
26.89999999999597,13450,2.317575587470519e-06,1.7621689505503623e-05,1.7978310554596997,1.797828815892237,0.6832709141457334,0.683270387471514,-0.01280075780877719,-0.012800478329885656,9.62444050669091e-07,2.359877309145089e-05,1.2014917251464554,1.2014924156874491,-0.13873531989102805,-0.13873472715687657,0.05773718119544763,0.05773749443323642,0.04111126577554921
26.91999999999596,13460,2.3234875053638025e-06,1.8151476701449225e-05,1.7978310614401602,1.797828815892237,0.6832709147419753,0.683270387471514,-0.012800757783948085,-0.012800478329885656,9.63106788772923e-07,2.3350358035739973e-05,1.2014899454696728,1.2014906363645907,-0.13869110421382755,-0.1386905107005183,0.05773559473840074,0.05773590775733097,0.04112998789864404
26.939999999995948,13470,2.3280563992740153e-06,1.7949563004511183e-05,1.7978310660546912,1.797828815892237,0.6832709152309036,0.683270387471514,-0.01280075776781246,-0.012800478329885656,9.637434186251227e-07,2.3350358035739973e-05,1.2014881657490601,1.2014888569898923,-0.13864688837810257,-0.13864629412920876,0.05773400835743352,0.0577343211764565,0.04114870833606579
26.959999999995937,13480,2.3313107628520494e-06,1.7663006536443448e-05,1.7978310693325235,1.797828815892237,0.6832709156149624,0.683270387471514,-0.012800757760103499,-0.012800478329885656,9.643458877475112e-07,2.3287840231354886e-05,1.2014863859881064,1.2014870775633495,-0.13860267237357185,-0.13860207744294845,0.05773242204987804,0.0577327346906107,0.04116742705111271
26.979999999995925,13490,2.3333111862635584e-06,1.7908907090463366e-05,1.7978310713354133,1.797828815892237,0.6832709158991793,0.683270387471514,-0.012800757760330166,-0.012800478329885656,9.64907893303084e-07,2.3099271619960363e-05,1.2014846061896465,1.2014852980849573,-0.13855845619247223,-0.13855786064173758,0.05773083581388139,0.057731148299791285,0.041186144006780466
